store_id,name
store_22c039e8bc7856a8,Maybelline New York
store_21d6f28a28401efb,HWTONG
store_8ad0be4d1a94ed69,Makone
store_7b8f45fd710f0a3c,Flexitol
store_da4dbffcb31d7ff9,TIGI
store_7f25ace49682141a,HAIRGINKGO
store_20655e5a67ae4aee,Navratna
store_60ffdbd7e89cabf1,Bememo
store_d95f32751ceae5cf,Parachute
store_ee17f560a1f77440,YMHPRIDE
store_49e547a993d682d0,Plexaderm
store_c5c17f9439b0d828,Parent's Choice
store_79fafb1d8eb73e19,Segbeauty
store_9f8b9c14a058f663,Instantly Ageless
store_7f37c5a229790e3e,naissance
store_caf0cdd2f927e86f,Dr.'s Remedy
store_56cd3cf5d6a7d619,Carpe
store_d3e31046c7f523dc,Paco Rabanne
store_13ac637516353d08,Salt Of the Earth
store_6b99a3d8639f494b,Cherioll
store_4e1580c12a0f8af5,Geyoga
store_5f53dcbd69359fcd,"xo, Fetti"
store_98010b25a69ebfdd,Tooletries
store_0edac239f4c336a1,Autdor
store_36f0f4f244cca9af,FERYES
store_311a44a65324ad88,Eucerin
store_109b157f4059c88b,Physicians Formula
store_e23b7231e7b68d57,Silver Miracles
store_c2003c93a6854837,"CosmeSearch, Inc."
store_6b8a058216284fd6,Ard al Zaafaran
store_29ad0d77bf56a455,Manscaped Refining The Gentleman
store_c19ff2bdd22bd442,MYSWEETY
store_98d44e2cc2b2ca85,7Rainbows
store_807c38e17337cc21,Keiby Citom
store_ae245051c130e30f,Helen Of Troy
store_f50bec451900505b,AmmoniaSport
store_3b55b765725f874a,Kiko
store_18d2292035734e23,Fearless Tape
store_c91b0d74dcd4e655,Wahl Professional
store_6775a845fc7f8b1f,Faith in Nature
store_2081d0a4e8e2f0ea,Alecoy
store_bc32c6fe0275b333,CHI
store_55149531a633ec4a,Hemp Emu
store_0083e3d9cfe00aee,Kenz Laurenz
store_0ceda6e43b39f6be,laxizar
store_98518d63e4b9ff8d,beetles Gel Polish
store_99769ecf3f20ce80,Pritties Accessories
store_a63420add8ba19fc,Naturasil
store_9bdd27bb65a4ea68,Fiery Youth
store_033cddc38a8571cf,SKIN AQUA
store_4d5a65342d9f76a7,Lobe Wonder
store_9be60e2159364268,KDS
store_23e7e34d874c3a47,Mildiso
store_29cd6595226e3c63,MARLOWE. M BLEND
store_89b77aa2a0634233,Salerm
store_09f15847464bc0d5,LORMAY
store_a7daaad3e60c1944,Fashion Zone
store_667e2508880eb21f,Snozzle Pro
store_77fbc7e7f16fa9cc,Kootek
store_295f729d6a804290,UpdateClassic
store_b92ad435b721d9df,Mehron
store_85db14d5b1ec7168,Lume
store_4138307ea88dc338,Yardley
store_e2096309b93fbd1e,Sodilly
store_34ca8fcf748cc766,ROYBENS
store_cfd364882e7737f3,Sun Laboratories by Giesee
store_60ffb7debd4e2f2d,Hotop
store_934556b599543999,Easy Feet
store_ff356b656dd80cd6,WARARTISAN
store_e2c5a404ee904b74,Philips Respironics
store_ba51a142261abef4,Got2B
store_84121d78a2220b48,Jäneke
store_b9637f3e29ed1791,Broadway
store_b0fa1ad31ee781cf,June Bloomy
store_52efd00631ae2752,American International Industries
store_c01e2df997a75515,Lativ
store_f0b7715ea9980444,Vaultz
store_6eab9c5d6084c5b3,Nydotd
store_5b06bae14d6537b9,Hanzel
store_a31760f52271fd11,Tarte
store_666e7e2f32c53984,ZNÖCUETÖD
store_4deee06287462ecd,Biotique
store_4c787be996193588,NYX PROFESSIONAL MAKEUP
store_0c33460bb15b370f,Chicco
store_6f55a6a9e81b0798,Titan Classic
store_192eca60abc597a4,+MD
store_0deaefcbdb1bc9f7,MilyBest
store_62f5d838cf290527,EBOOT
store_d64c75746f381208,Mudder
store_59fd53866a49f77a,CUPIDIAN
store_ae4ad6073154d2ed,Venture Wipes
store_b199d95f77b6c241,Vaseline
store_473885c383f5a335,health+
store_a9253c8466371d25,THE URBAN TURBANISTA
store_f16f3a00ff3a8934,QTHAIR
store_a14c04cfb4f118d6,NYKKOLA
store_baa0000d5027f22e,WishCare
store_745a8ca3d363878d,Bump Boxes
store_c27b9bed14cc60e6,Wenosda
store_3ce7380dd7ce6475,Yuelong
store_e08117e90bc094b8,Crafare
store_43fa7213c162f825,HICOCU
store_86e44d671ce841de,Aveeno
store_d4b2bf85fe1c31ba,FU SHEN
store_01ba8d723c15546e,CHENGU
store_e566b800bb19986d,Samserot
store_54898cc479303021,Woaiwo-q
store_cb3016fe4c6a15ab,Belle Azul
store_2e40b3310df1d63e,Too Faced
store_4bb007dac810ec5e,Brightup
store_68a41d9d46d89694,Prince Matchabelli
store_1c91f6a8d87bca5f,Molecule Scent 01
store_42bf544109f3dbe5,Syntus
store_f26aefa128aa6de7,Jibitee
store_6cd36b56656edd8a,Glover's
store_570d6ee5b91b9a91,AMINZER
store_4a2202e0bf10ff69,Helion Communications
store_ccd99f6e0946ba14,LAVONE
store_c886eb1b74c63cf6,YZDING
store_55e9f60df652abee,1st Choice
store_13062cf0556f7aae,Counterfeit Blonde
store_4ce32fa70e8a49ee,AMMAX
store_0380dcd8bcc890ef,Tara Toys
store_07a2e25662f8c794,KISS
store_0d64605eaa2cc1c2,SMPL objects
store_05161e4fec77e423,A Miaow
store_5efaca390e4a6e06,Frienda
store_db965932828a5f9b,ANOTHERME
store_fe6c701459c503aa,WILLBOND
store_bdd80a356aad2fa5,Technic
store_be669823e8f1dbcb,Kat Von D
store_1ceed3d7b8cb85e9,Garnier
store_9540b938d66c8c56,Aksice
store_d4a68882614e91be,Conpru
store_0a9bc4ef1b3ece52,MADHOLLY
store_dfbda462d866b6f5,Ownest
store_7421686183f65339,ANOGOL
store_325d26b74a0da08e,Recovery Aftercare
store_78eb2206760eb73f,Bushbalm
store_b89884500a1cead9,JIMIRE
store_514793e52072cd2c,NICKA K NEW YORK
store_07815387c6496059,Every Man Jack
store_10d267e1b79c05fe,DASKY
store_5007aa8fdeb4350c,JUNMAN
store_07cb890da5311bc1,L7 MANNEQUIN
store_3b868ddf7c52ab84,VeniCare
store_c01d0ce76f851e0c,BUOCEANS
store_4f4b87c8d8690248,Amope
store_4410ab89d79a0617,Hismo
store_44844b8aa9d746a5,Kate
store_c54e0d7960778cf6,BTZ
store_a24da1635e76a44d,TRESemmé
store_d692b3fe2561b179,Kaleidoscope
store_96f2ddb92fe23b50,x-pression
store_1d0f040f836b6f04,WITTY
store_fe3502b3c3d67252,REVLON
store_c0cf45990d31ff01,N&T
store_42cccaec543410f9,tweexy
store_ee233004b4f04d73,VANDER LIFE
store_3e6fbf4d350456dc,brori
store_1d93e91331030618,Amuhou
store_9dd50d30e2a47feb,Hempz
store_0b22b645fa295c7e,Crayola
store_dbac1f7e53a485d8,NIVEA
store_b4d6221afc0b23f4,GywinovoAABBCC
store_4b6f6f8033f513e3,Varisi
store_4a3b876de856d7ae,Original Penguin
store_48fe306877a4c0e9,TEK
store_09d99c1dd82580a5,Mipruct
store_c45420cabb708140,Spoontiques
store_3a70b34623c10a81,Becolor
store_572ca10036cf048b,Tojwi
store_3e1a59a216953c57,79STYLE
store_5751290d2e61d038,Ballsy
store_633d50768cf9177c,Body Linen
store_386f24c001e5959d,Equinox International
store_b0f4665545070569,THE ORDINARY
store_20a802f483f58356,Kalolary
store_80e77117707cfb0b,SATINIOR
store_974f58cda22ff727,Hair Paint Wax LLC
store_6a4b98bc2475a71c,MRONOS
store_f20944273a745b8a,WAX & WIT
store_52366423ea23a5f9,WAHL
store_ad113811481d4b58,Almay
store_a356e8d363faf266,SIGHTLING
store_85dd344344db4c4c,GIOVANNI
store_14ca1fcd236aa43a,SARLA
store_8759066d0aa2cb63,Touch Of Silver
store_8e706ba4bfcf40c4,KNSMYXGS
store_6cff77412c929e9b,Blue-Stone
store_1a38fbe627c86833,DR.DAVEY
store_78fbecb34c51b814,KEQIUSHA
store_5b88ae9be6fb4236,TITAN
store_677b3344f88489b3,MWOOT
store_334995d4fb5f1d3a,Fresh Kidz
store_ca6f6f67611cef65,DAGEDA
store_73bb131039846e27,Clubman
store_e6860e9fde758e89,Brylcreem
store_42a7ba143aac093a,OCuSOFT
store_fa541375d6068ec7,Qfitt
store_5f04a8843e6c2de6,Dream
store_7adeaf704aaad492,JIFRONT
store_fcdd578ec19a533d,Hicarer
store_6bbbc9148868c0b7,Cling IT2
store_a796fd41ccec9799,B.O.B BARS OVER BOTTLES
store_3bcf51081b9ced8d,INSTALASHES
store_50d8b4a941c26b89,Unknown
store_e7795acc26814fc9,SuperNail
store_b3de5d8bbe587bbf,Sensationnel
store_19eb0c0cacef66f2,MyWaWa
store_6beb862cc60e8136,Prosa
store_bdf713c52379c734,White Wolf Grooming
store_051fbe77e21ef4f3,Art of the Root
store_2af52053897be448,LANDOT
store_f2d0eb9f0b8b4687,Lystaii
store_83d0dfc2400769c4,Pressy
store_814e41cd598f0b9c,Conair
store_7068df413e1f46f3,PEARS
store_0295ed7c0a8e5d4a,Pure Daily Care
store_d9da169a330fa728,HUGGIES
store_df735aced8468845,CAISHA
store_2d17abf96e09196d,John Frieda
store_32abbff3ff5cdb5c,Meliza
store_7101d09c8836e188,LIPOFIX
store_2ccced1a1bcbc09c,DND DC
store_c222db91c9e2c743,Patelai
store_b2f89bea631ec9c2,MAJESTIC PURE
store_412895471ba74717,The Roots Naturelle
store_fc70cf15612b42ad,Adecco LLC
store_29235d9cfb6efc2a,TEATRICAL
store_0609e4dd8044b5b4,AIFAIFA
store_37f985de9ad28a10,Duke Cannon Supply Co.
store_93b8de37f0cfcc4a,TIANG
store_bcd24865c19d97a5,EAVUTY
store_1b18e67719c8ed9c,Teenitor
store_4df70852fcc9d631,Teemico
store_3f3a7be383e1b91c,New Road Beauty
store_03e62d87465d8dae,BIOPOINT
store_d5795c6ea29daadf,Wyuen
store_53190bb8b15c1b55,Young Living
store_e967cb2b7918e66d,Vinilin
store_2c5b6c45ad4132ee,minihope
store_d2044f50319b6b46,EX1
store_76df2d1058b5141a,Nivea Men
store_74ce8685907a93ea,STUDIO LIMITED
store_b3716583e1970943,Janina Ultra White
store_2ce4f57b5786270d,ALICROWN HAIR
store_6b0d31c0d5632230,M
store_b30daa7a7138bf91,Messen
store_8c5bf138a4452d5f,Wapodeai
store_081e779debd3aa4b,SMELLEZE
store_394a68bd9472e4f0,M MITRA'S
store_9ba1412dc28fb057,DIAREGNO
store_f168888b910bd52f,Qimeisi
store_08e1db01061b7cce,Beauty Creations
store_89820e31e9f7f693,Dermlogic
store_f5afece1ce3c6672,NEW YORK BIOLOGY THE ULTIMATE COSMECEUTICALS
store_eb14bf05591259a3,Secret Xpress Control
store_b10751cb1e99645f,MILANO COLLECTION
store_aff8e00d0f2f43c2,Thrive Causemetics
store_3ff5418671159a36,Sotica
store_5071bd3c8544efe8,VERA MONA
store_41d9117acbd29647,HINSOCHA
store_55eef0177fb7af09,LUV HER
store_4ef1d3a916c8604f,KARIZMA
store_1b3082c97bb68bb8,CJSJ
store_d207ed8510de9cf0,Morning Star
store_5f4c0f8f9d8c14bc,Wbfwbb
store_9875857134f2b3b0,White Pebble
store_df74f0f8e891c2a6,Dear Barber
store_8d17d6c8201c24c5,Cologne
store_ce4e61051318de6e,Wulcea
store_47230fba0e366782,BAILI
store_14c06474bec5e7de,Flamingo
store_85829a6cce286246,Andre Lorent
store_f746c29da6938a5f,Abrazo Designs
store_69447ccbd008cdd4,SCOBUTY
store_922cc777cae522a8,Parfums De Coeur
store_a7382c864cd6f92c,StateRiver
store_74fcc40f49549131,Wonderskin
store_08f9c1cdf6cc8e98,Bargz
store_0ef4dfb180f3e4be,Callus Peel
store_0b42ec4479f5608d,ENFLNI
store_2345b0a89d1ac18c,The Crème Shop
store_a5dea109ac1dc043,Novapholia
store_38fa2a48ce35ddc3,CB Accessories
store_fe948f94c03a9a2b,Je T'aime
store_f8576c4d25ec19db,SISILILY
store_767de68b8500b642,Saya fe
store_8b4a11eb75137e60,FVCENT
store_8b66b9fa17b884cc,It Stays
store_2dc2f33a112c0ba9,DS LABORATORIES
store_d2033cb4e5c166f7,UKKUER
store_6441b2a6e239ea5d,WOAYUS
store_fa49d37a40eb20ce,Shouvy
store_3891689aa5cf060d,Jiasheng
store_2bed5ff17b093337,Opalescence
store_d1033d3ec993c53a,Mroobest
store_a9af2d16ab061c11,Pet Republique
store_8f3f790557f8a7da,KISS LIPGLOSS
store_b5ef617005a936c1,SuperiMan
store_86cc233670e53a81,Molain
store_0275e57e8281c039,Mise En Scene
store_979d04245352e9a3,Kolinsky
store_2231c33c47e49491,CARVD
store_28756abc599b16fa,MISSHA
store_3dcc0020394512fb,ELFINA
store_51b060962e776cd9,LUOTIVON
store_efec82d837adddea,Cobbler's Choice Co. Finest Quality
store_0bd5283fde267914,Tuenort
store_dcf709f9b60736a8,SKYWEE PROFESSIONAL PRODUCTS
store_dc2388984c8158c5,GK HAIR
store_196f3be6c26fbe9d,Jamaican Mango & Lime
store_812755220858b6c0,MEISEN
store_b1647b2cc245dc81,MeeTHan
store_2baa6b53c32c8e34,ARCTIC FOX
store_7403fbf9cc869cdb,Ashania
store_7a86dfdb2dc2ab1a,Top Performance
store_74e10024284bd4b1,Tom Ford
store_c0a55351002ea814,ANGNYA
store_cd7e6019e70fe417,ANNELBEL
store_e83947488117cf0e,Lucci’s Childrens Grooming Supply
store_01346bb39be073da,zeBrush
store_697e9459ecc41cc8,rongji jewelry
store_485b8e778540330c,FEDANS
store_3090564fd3208ed1,Gentlehomme
store_190d8e76f19b5382,Beverly Hills Polo Club
store_9a324b5e0fe098cd,Allstar Innovations
store_670cff3052a1cbd6,MitFlor
store_d52282bec948f088,Hicdaw
store_a117303201472a01,Artdone
store_c895dd909e1b0186,Fanola
store_d36bb08f800a8cca,PROTEOVE
store_c5c8066d458ef32d,Camila
store_8232418d122ee130,Warren London
store_bf9e299475f8b125,Qartz
store_77caea202b697dbd,Milliard
store_fac9a0f5430f8dac,Neworkg
store_b1cf4a8b62ebbdae,Meartchy
store_05bcd0e7ceed08a1,Dove
store_0019da44426ac13a,Olrrael
store_06822f3ce0122346,MuYwa
store_5bcd6e2d9d7ed8d7,Remilia Hair
store_9a65506e0e9d3381,MAYA BEAUTY
store_e1db1d0fd65017e8,Winky Lux
store_22e2ce78cbc9b89e,Aussie
store_a409bb412c0bb671,AURUZA
store_a13aca3dfadcb9bf,JE SUIS JOLIE
store_ec08a7bdbac85b98,Curly Girl
store_37fabff3f0af1daa,TimeTinkle
store_b49f3b54928cc3cc,BRAWNA
store_3406708933726dc2,fani
store_53d90041e5cdf950,Ruairie
store_d138f9f37b262e53,GUOYUAN
store_e20e33d0f1a1fcdd,gruciso
store_be72e56085b7691c,sedmart
store_74e1914d2411413f,vero
store_f0552f748fcbd796,Sanitex
store_b1580d97bbce182c,MEYOTO
store_8c06fd69eba457c2,ROUND A’ROUND
store_1d392fd0a25b5044,Hedume
store_d4428d0165fb9ad1,Badass Beard Care
store_4c668662eb39cb0b,Siam I am
store_d708c0a4a0f31849,VANTICA
store_bf0918edc3432fbe,Hair Accessories
store_804e5cbf776c6eed,Mane Tame Professional Men's Grooming
store_ce79db02c712ec19,OC Nails
store_f67422266d807850,Spriak
store_27c51b8d289a86b6,Refeeny
store_70eef1f5019d7f3e,SHVYOG
store_148ff4dc6edee09d,Corrine
store_12ecc60e09bc901c,UJM
store_6778aec634b04682,Nnzes
store_a169ac75c3631546,Maison Martin Margiela
store_cf37b928a372872c,H-42
store_ac53b3388a1823bc,Copia
store_24ac90f3ef7ab9d8,calphdiar
store_d793712da5448361,Bath & Body Works
store_71ea58aa789b63d3,Perfume
store_6804cad112df485c,Victoria Featherlight
store_fe74e7739e79a8ae,Pretty Diva
store_d03c45d17bdac9e9,Merdia
store_9b6c6ffc2e8e24e6,BESITO
store_e0e5ace82ea2431c,SAMBRIC
store_b7429ce0992e18e2,Happylifehere
store_c127cfe3659a25e8,NATURE NATION
store_ae8aefeada626b71,L.A. Girl
store_5948cea86b5974ff,Osto-Bond
store_c24e8874984df79f,Wiginway
store_b219bb038b4b44f4,DINGBANGGGGG
store_0f7d0d088b6ea936,Simple
store_f9fbf5e4beb3ece2,TEATTY
store_d4f2b93f161e9891,xtava
store_7c290d6a5bf8e65c,JYSW
store_e4c485d029295e14,VENTIGA
store_5c6f81de77af1781,TEEROVA
store_7f44a144ffa4e6ce,HGR
store_842575d9a3e81657,InnoGear
store_9ece013f148acc08,Buyitshipit
store_2e528c22ec5c2d0d,June Fox
store_879e9ad7bf511440,Morovan
store_a567332c3850b817,Favorict
store_f91c4d3daf26090f,GAINWELL
store_674195509d6943a7,Codreamauto
store_ee563783961ad6f3,TANGLE TEEZER
store_9ec886951e048ab0,yuanmu
store_fe9c9b187b8ffb40,Tec Italy
store_9a17a1fda1749c1d,iEFiEL
store_fbf810954bd4b2d2,PAWACA
store_130bb3f8fc799c34,Nuanchu
store_1b03f95310400419,Fromonda
store_e2345109fc5ee6fc,Konsait
store_982ba26c4d6a26a1,Vine Vera
store_a40790b29c4c0229,AVON
store_25f5c6e2eb86bac6,LURICO
store_0b296412269b9790,Boao
store_2b2ee35e83e5640d,GATSBY
store_68f7872829b05a00,DOMPEL
store_0e853f28fe51d082,Aeroblend
store_c5b0c41fd51e36f4,AIKIMUSE
store_d769401af29d683c,Auperwel
store_6e96270a7db91274,ALMOST FAMOUS
store_9e3e4a2b902e49cd,Smart Beauty
store_256c28b3e9239eb8,UuhairB
store_70638f0a3ae11134,Honoson
store_5e3180816518b8c9,Nailene
store_31d9882dc5c5e4e3,Daisy DD
store_43d5226c76fb3ddc,Depileve
store_d4362077965ab4fc,Vigorous
store_116217ece57dfbea,Healifty
store_54a8445e42535513,Tara
store_6c0f6ed573ec9f64,SAYMRE
store_72332ee9cecd4655,GIANNAY
store_8182be85b9751a6b,8sanlione
store_ecdb6dfd69ff6978,Disney
store_a6aec8558560a4db,PERFACE
store_054ac8fadaa8a73e,Catrice
store_bda11c65e3a7c4be,elebebe
store_296b32b23b078c14,StripHair
store_366ed6f55823e410,RITUALS
store_6faf8698c0f8a6a5,Blulu
store_3ad47344f018a731,SKYUV
store_792b993d333ed18b,ALINICE
store_35c800e6e4743fc6,ABOAT
store_6d90344956ee4c1a,Marine Forest
store_4eb29fb5f3c45bfb,Moisture Discs
store_4d9897db8089d072,BASIC CONCEPTS
store_8334976c30c22bd3,Kemi
store_18a75ca0dd7e4c16,Tyfthui
store_0e6c046bdfae0c9b,ZAKORA
store_dc444625eef759c4,Rennelyn
store_9c37c860965f2be9,PhysAssist
store_738ceac1a6b6ae94,Tatodays
store_037c71ac2b261c2f,EGANT
store_f8007b5700085881,LastSwab
store_9fa3405eaa3a3e04,Visagisto
store_0c99ced377d1a27b,HH&LL
store_dbbe92b467bcad0a,THE SHAVING CO.
store_d685497330662144,kastu
store_239364f50833fc34,LASSUM
store_8d392297f7fcb67b,Vafee
store_bb9cad10a3e467c2,Plant Therapy
store_c0b3655864e01e07,Braun
store_46560f6ab6fa98f0,Hair Evolution
store_9b08032bc0c149b3,Aeruki
store_e81b20e78a258277,LeeBeauty Professional
store_51a426d6565f30ed,Crate 61 Organics
store_b7bfb8ce80eed035,Creative Mirror
store_fa03049d17089e09,Caytraill
store_30667808923c2132,MLMD Lux
store_9dc79b233d1eab00,God Blomster
store_1532a37763caf9e9,ARTOLF
store_d9bca2e4d5e5d67a,HOSL
store_3afdb02a242a5b92,Tanzdom
store_3057f0bbd7a94521,Marc Anthony
store_b25cd282a8211401,No.7
store_c0445a8d42fb5696,Colgate
store_a7d14223d259ccc6,SOMIER
store_d1816960bf684126,Skinfix
store_dfff1659bd3ca9dd,Ole Henriksen
store_80b35f57455d2039,PROTÉGÉ
store_2124037ca66a33c1,Benefit
store_e4023c7acac06a89,SaaQin
store_b92fc9faede49084,Shaving Factory
store_f1c8d96574f0501c,Rimmel London
store_9c8d90b27daa9e72,MKYUHP
store_a4b86598fc837683,GXO BEAUTY
store_051a3331d3a3b847,Bourjois
store_6f93b581d4820b65,Tetyana naturals
store_db5b26af964d7d1c,EINHOOM
store_34b774f8f15f8afc,GETACOTA
store_3fc35feecb1d7a5f,Fresh Body
store_ccda5cd02eb5bc04,TAMANOHADA
store_36e3d2e2fa589b56,Shimmer Anna Shine
store_d8170426a5880754,CHARMLILY
store_b521a37f8400a3a0,Azure Cosmetics
store_6b38bb14f43f8751,Cherubb
store_c6d159c87bdbe2d8,SJOLIE SUNLESS
store_403be7685ab5876d,Dermacol
store_81cc10cfcfc1b076,Paradise Island
store_ce15802a8c5e8e9d,RAW
store_00b8b809f278fe5b,Soft 'N Style
store_369bda16a6a09365,Mandala Crafts
store_e8487cd3973a6215,ViDi
store_b73159c3836bca8c,Orgrimmar
store_6f5c44d6361cb848,inyeskon
store_15af9d94f3dafbec,Meilala
store_9738c8ec04cb14dc,Dolly Dolly
store_1d869a6cf7eef079,Esmee Beauty and Lifestyle
store_d8247461aba58c13,Kryllic
store_4fc2bc2b1f3bba70,Funtopia
store_8608d3d1cb326e80,Aqziill
store_d8771d2b0bfd2d61,Xikkpaa
store_ab8e7e76de1a36d3,KEMEI
store_d0b2d50cdad1b2f5,AngelicMisto
store_5ecfa5aee6fbe368,ALIANNA
store_7bc43936bca6d3b3,AORAEM
store_bcbcdd0361120d16,INGALA
store_662b54819670ffe7,Outre
store_5053ba0fbd462357,STALEKS
store_6703b8afd8039344,Merries
store_90a328def0b8d8e7,Prettywill
store_152fb71d17cbd337,Remington
store_d4f23999ff629054,SURKER
store_1a4655fd211c1f9a,Sassperelli
store_d70de24ca05c6250,Inebrya
store_51a1a3337465d3fe,Bundle Monster
store_6feb8458eadaf94d,JONEG
store_8748f519d21ca47e,Kay Vel
store_24ae7d356b42b20c,ELEVEN EVER
store_27560d5685e017ba,Roux
store_61126948b4c027de,KIMUSE
store_9dc46bb578f2751c,Auric Blends
store_ef22e2947074a4ad,Cetaphil
store_31a6d80444b93ff0,Signature Club A
store_2162c6ecc245c34e,Eternal
store_8c63e52d8fbf8590,natura
store_dafe1dce49360766,totes
store_b7232821a165bc94,Leinuosen
store_beffe3e45a27e3e3,Aquior
store_b31b6807d99d7a50,Fashiontats
store_d994c40664c1582f,Pinne
store_bcf0565b38bd8a39,Ardell
store_35f8a004a27013b4,Caboodles
store_96303e105d18e9af,Sanex
store_40aba07dd328c891,Real Techniques
store_0e3b28fdf588e4c5,Tatuo
store_81c7cb61cdc9aafd,HoveBeaty
store_3e25834fbf7c72fe,Crave Naturals
store_431627b968c5ada7,WESOPAN
store_9cfabdf16dc2a8f8,QinMei
store_0ed59fd6074fb346,Bella and Bear
store_2a51d0a0b5381022,Trader Joe's
store_65777a3f8ea06db5,shuang qing
store_cd2eb9b55a427da6,Maple Hill Naturals
store_28f6f80c939ac896,JoyLife
store_c167bd4557c01082,Zephyr Organics
store_e07d14bbb6bc0f58,LHIUEM
store_9731e0c7ff10f616,YUDAO
store_3a13534a6849dffc,Ebanel
store_2bfa561e4ffc76d2,VINCHIC
store_af801b6fcde4857c,Walker Tape
store_486b575ab9b42f83,Hermes
store_13950659f09ad527,Olivia Care
store_1783ed0de827895f,Buqikma
store_e48e43dbfefba3d4,MOFAJANG
store_ddeeb2ee80388c15,nvyue
store_4bfabd812865e54e,Ohana Mahaalo
store_21acda96ce3e0056,ELAIMEI
store_bb4fbd64e824a73c,UCANBE
store_8a29ab3b727cd1aa,Martiderm
store_bb85f86e9c3fb7dc,Boo-Boo Cover-Up
store_eec67dbfc82f7c3f,Carenoble
store_656d248c822c08dd,TEMPORARY TATTOO FACTORY
store_421debb792ad9981,pureluca
store_8023b7f4f34b5f00,Issey Miyake
store_93d6d0adff1783d1,Charmory
store_656f0761cb8a8952,One With Nature
store_b6222ec88669dfa9,RiRe
store_731ba8f2bd85bb99,Cutygirl
store_5a409fae660a3e27,AIRUISI
store_fd0561c009018ed0,Beauty Basics
store_ee3411d00a23181f,Beaupretty
store_719c55dd896813d6,SUBAY
store_85a5a03ad99fc76a,PHILIPS
store_c236bd82554f0e73,Avon Anew Power Serum
store_590f2b0240dea9d1,MSmask
store_8f973bf34d398ca2,Lifabeauty
store_f736b570bdf06a43,Ejoyfuture
store_1fcc17942a42cde3,Crome
store_cbf09fd772375803,Thicker Fuller Hair
store_459f22640ad1d3af,NewYou
store_a672dc8ba845dd3c,OIG Brands
store_391b867b8c6d8fef,Di Bruno Bros
store_aef81664d730e45a,Cavalrywolf
store_a2bb3ca4c7a62d88,Blue Finger
store_2aa39f9856b8d3ee,DANSEE
store_71e581e3851f8032,Beauty by Earth
store_6c5ca1d8d4b9c4f9,Nicka K
store_a3a7b63f466ad674,Eveline Cosmetics
store_bd04302d45701bca,SMAGREHO
store_2394eeac9fc3db56,Amanda
store_6f73cc1352c5a7e8,Eylure
store_017429490e683068,BQTQ
store_a6157233ae2bc58c,Lampelc
store_7889ac872ad55006,King Manes
store_7af2ca3f0eb4df96,Chifure
store_c9d598a7725089e7,DNM
store_a956f25cf63bb4f5,So'Bio Étic
store_0245bd381c9e334f,Si Doux
store_2ac4b72b68fd2059,Aura Cacia
store_fc5f0a7ff91362f5,LAVÔNNÉ
store_58170aa742093062,Arouse-Rx
store_56bd54373d5827ee,The Healing Tree
store_e849351cded0c153,Artist Unknown
store_38916d37da4c21c0,Aideshair
store_5cdcc101ba0dd2d7,Lucky Teeth
store_edec1d401d44b834,Art of Sport
store_b0e377222f4b222e,The Honest Company
store_a8b623c6a8a297cc,Liboer
store_2b156002dd67277f,Myconos
store_112d3a87d3b9586d,QLV
store_541e72e69841b301,Bella Cream
store_b9b6a07f1a08e5d8,Beautify Beauties
store_b128a0978bc1117b,She Cotton
store_c7c7fb80aa1c680f,Ethique
store_7483a1206c3e11cf,Acehome
store_46a808cfd5beafa5,Generic
store_1912e1d577e0b585,Rumble 59
store_682e494217b49cdc,OptixCare
store_4fb206b6eea21818,CORABLADE
store_577c6268cfc65553,SXC
store_be3c493ead7e1a08,Mary Kay
store_a2438b01991b05cc,Love Liner
store_b5bc690554161314,Prestige International
store_f408250dc9e39531,Mosher Salon Tools
store_c1847305404e6d70,Sweet Baby Ray's
store_7114788a4ea6fc2b,ZLiME
store_5a4e90110fb47dd5,Sualsoce Beauty
store_4ab7d522ceedcc72,Pippa Of London
store_c528b055ade5d653,Oulac
store_ebf33d6628058cd9,FRCOLOR
store_254a78340bbda0fe,THE SIGN TRIBE
store_cf5f055612516edd,KEDSUM
store_6907551d61871abe,STELLAIRE CHERN
store_e1725ff1cfbce51c,WT WHITE TOWEL SERVICES
store_a7ce5b0c7e956b8e,AW
store_fa028f74f87a1260,Designer Skin
store_46e50ca1cb3c3ab8,Usrx
store_39337f13a94b741d,SUNAROMA
store_9ec1a9d7d472166b,Panama Jack
store_a866e0354fdd5909,Maui Moisture
store_0e7a58c9383617dd,Betidom
store_d2adb3f97f8df318,JIASLY
store_d3c81b537da642d1,MelodySusie
store_c63e8f4a34422642,Saiyan Hair
store_2b6d087d8925f6c3,Oral-B
store_3cffcf169bb5fb78,VANELC
store_3952c936fd1581f3,Joemoon
store_d91d13c4da89f219,Basic Essential Bottles
store_c393ec6487f60bbc,Seribrmo
store_dc2ff685191ef95c,Jmkcoz
store_5485f9bedc5dd555,MEACOLIA
store_515290b36d83fedb,Timoo
store_24f3399bcdd9b024,show & tell
store_00bf1bd2f4b3dd84,BZQH-TANG
store_9f31f3f6a85bf594,HANDSONIC
store_32c004e7cf341cf0,BEENLE
store_fc44bf14f258b9bb,Etude House
store_bbfcde3f0d7b5aea,Forever Living Products
store_e5ad03ce3572aca3,Lake & Skye
store_bfe2dae00ead6bea,OVENTE
store_8678fb71ca9dfcd2,Smart Trim
store_f353e4155b4213de,Cuties
store_df16f800ac670969,Pawotence
store_40acf6b8be804c96,Abodhu
store_54605cf38df512df,Original Pedi-Sox
store_1540080d830e4513,Simpleaf
store_742ead46d66f0fc6,SinfulColors
store_104d0a005cd99ee6,Jolen
store_2aa463ef2be29165,Plum Beauty
store_cf2e7dab826a3502,surlees
store_44d9bb71bb8c462f,DEAR MODEL
store_56b1074b94d45587,HDY
store_086d1223272441ad,EthiWhale
store_bfef8be7e00ae3e3,Peripera
store_853feda09249572d,YAN XI Makeup
store_308245ef8dfd568e,Natura Erva Doce
store_a1b1b464705a997a,Mousand
store_ad32bfe87e1c76b0,AOBBIY
store_21992c1d2853fb9c,Krest
store_f9df1bbbce869177,Fresh Monster
store_c23c861934edefa4,Mikkay
store_0d5b82b989b89901,Wowlife
store_bf0f345635b2081e,puroBIO Certified Organic Cosmetics
store_3c4036a09566875a,Oriflame
store_312ca423d8f1542a,FOREVER LISS PROFESSIONAL
store_fcfe59a820e90c08,Cornucopia Brands
store_4687c9f051310287,VNDEFUL
store_a1219c4b3317f01d,ZALLO
store_3bc9103e9fec5eb0,MONAT
store_afa83becbcd59df9,Pedifix
store_8e51f05373e8c316,aosdanting
store_ab269b36d1a4d6c0,velona
store_d65a9639ce425bdc,YGYXMY
store_bee5ec6654085c7a,Revel Nail
store_9860fb04ee0ede22,EVA·NYC
store_40ebd4ca4ee08189,VASKER
store_c9715636b0a3aaaa,Andis
store_431c578c9922a3d4,PERFEHAIR
store_90b2ec84e363cabe,ZYNERY
store_21b6fc6080bc2a54,dpl
store_a1e0fb1b02f741c4,Pre de Provence
store_d3069e87955753a5,Dermisa
store_e4fafab946b7cea6,Sualsoce
store_6dde20c93489cf52,Hithop
store_3652566e44f5adfd,Wukeland
store_2a801efa92229334,lifetop
store_1912344af13f9d62,Forno
store_7e1187a273331931,Katio Kadio
store_fb8e9c0f9d915c7a,ERADREAM
store_8c166ad8cb37eb20,Geiserailie
store_81d19fe0203c17ca,Syllable
store_c25c6a54ac0b096a,Hay Where's That Inc.
store_05288647a3fc9c86,HANASCO
store_66020966c75879a2,Wowax
store_7cfc2d5e14e4aba4,"Kiss Products, Inc."
store_9f021a58555b15b6,Gellen
store_08698d0bd72a7c8d,AJOY
store_03a028d9d726c0fd,DGT Tattoo Supply
store_818a80b737693e87,BLQH
store_c2977c55d3e116f9,SAZEN
store_92d95c4da6fe594d,Webeli
store_f0f299e06ccc0019,WXJ13
store_4b2ddaaa9752d515,Tiffany & Co.
store_6dbdd7f5ae83f2c8,Codream
store_6c792edab77088ee,Pierre LaCroix
store_1dac6224f6749830,Blu7ive
store_448122a6921510c6,ApePal
store_52f497f83e063b10,H-Art
store_bb9e0153153ce8d6,SEFON
store_60833bc4f505eba3,Harzara Ltd.
store_d43ec2c7754f23b3,ColorGround
store_c508edf64f72c563,Mererke_Pretty
store_39b6058b7fb161e1,Lunana Beauty
store_b44cfd5e5f6f0886,NEXSEY
store_a54b9618d526d66e,ArkiFACE
store_746d867d1ac92b42,MGLIMZ
store_3fed898521349e19,Oreola
store_fd98412740617ccb,Kera Fruit
store_6dd34506bbd5e582,Sage
store_e8a9c534f0e87dfb,FLOWER BEAUTY
store_f697e0530317509c,Rimmel
store_f4fb3661ac906419,RENPURE
store_b90e52a64d9f717c,QMYBROW
store_a970b94e5ad8673d,CIDBEST
store_a2b8b78f9ba024fd,Fcicarn
store_970562ba886d2165,HIZLY
store_56652837cbd5735c,Gospelle
store_f30e5f63f60e9878,SAVILAND
store_1eb7b329b83a088a,Keledz
store_8647434391d4eca5,DTOETKD
store_107d7ad30c58bc4f,JoyMe
store_18a50571f5225a24,Cami Secret
store_94dc96e852974049,eycobeauty
store_dc409dce4bb43ed4,Hairro
store_874cae17069638d1,Cover FX
store_4c99a8b772821aab,Ostart
store_d0f3399a5d14c46c,KLYJI
store_a5d7e7b6bab2e72a,Kiehl's
store_51494e181349c1cc,vrenmol
store_4e199b4a1c40b497,Badger
store_2fd3402129116c18,Colourpop
store_16eeba8844d1e644,BEoffer
store_2ac26866d1643d83,sam reliability
store_561c347a43cd1041,L&I Apothecary
store_9e60112fb3445cb1,beeOrders
store_c1254eb01b05103e,Redness
store_2cee0a92bbdf2e1c,YaFex
store_8f77fe582ee3e039,TOODOO
store_c82a73189ecfb365,Creamy Cleanser
store_1a30bde28609a901,TOULLGO
store_c08f6443466294cd,sundiego2020
store_1bde249ce64fd8f6,Yababa
store_5787868d5a7e7d4e,USonline911
store_44b9427d56b7324d,VERY100
store_e7d64a81d534039c,ICONSIGN
store_ed44daeda870d500,Village Naturals
store_97306ddef1059748,DEMÚRE
store_1468d760c7858dbf,LIGICKY
store_3c9cea016ca9976b,Zonon
store_726480854c251dfe,Babu
store_ad435308fd99ed73,KDKD
store_c4596fa09c711a88,LA Splash
store_3dfdae4fafff94bc,MIUSSAA
store_d8e243a777389ad4,Yifantacy
store_2dc3e1bac9eed0e4,Tahe
store_fe1541eccc7861be,SaiDi
store_12ae525e8d92ee0f,DESIGNLINE
store_74259a2710f63935,aplus crown
store_8a177965bf8aa02f,Noverlife
store_72b97ddb1d786e84,EverNice
store_8bc0f0d1655248da,HONANK
store_cb6fb2102acaa520,Neutrogena
store_921842a456ade54d,Maccibelle
store_bc7a7a19e3480bcd,Pauli Edelstahldesign Chinoxia
store_9c21fe52ade8b104,Centric Beauty LLC
store_78d9dde0425d6afc,OIXI
store_e29a9bc454a93cd5,ADAMILIA
store_7bea26faa95f3aef,NXONE
store_c5b5cbe5aa34d0f1,Yeanlynn
store_3f789dd44e487c52,Vifycim
store_8b749c24e641da3b,GRAVE BEFORE SHAVE
store_f490182845868124,Angla
store_3160c419ead4e6c6,Mirolla
store_dd6cbe5b66232b31,GSJZ
store_8c1a363ff81efce6,Azibo
store_4fae7a80b5800bda,SXG
store_18c4b7d5e3dcb00d,Cleancult
store_87021f33927212ec,Personna
store_d6f02c47383c4935,Clinique
store_64bbcd7d677d4530,Valuu
store_10a581d5d90b970c,Murrays
store_fda8adc36096ba54,Mevolic
store_d1374de9aa4a02d7,Elandy
store_80ecb400321c82ad,UPSTORE
store_8be6e89335621220,BFWood
store_c0760bd3af68fcda,LZJZ
store_b59b0a0b2a2f38b0,Wolady
store_3d480d960abece5f,Waydress
store_cb940ac9cb93b226,Arishine
store_e9e2bd94d776920e,SUNCKY
store_969f3607e23fda48,Tinkeep
store_a8cdcae7e6a4c79d,Cutelove
store_ee9820a8a341ce9d,PHILEEX
store_113eafb5ebaaed91,SLKIJDHFB
store_ef9870890b0c7727,Cleopatra's Choice
store_bea11cb5d204168c,TAAJ
store_564a3a76b5603f80,Betty Dain
store_cfb216a138999aa8,KICOSY
store_483238e9f439fe42,Itomoro
store_d216b3237aa118d3,Pengxiaomei
store_6feda84dcc2663ca,Opera
store_1e37c39b4551e649,Bar5F
store_86b8b0b822a7ed0a,Hittime
store_f9f7232290a000dd,MianYang
store_be6932a8a3fd2474,HXAS
store_bf4fb06c6265c02f,Front Row
store_7394adc3ff954a29,DALY
store_90adab3f89ebbe8c,Phoenix Artisan Accoutrements
store_514c2545ed2b858a,Celia
store_e7de953f2eb7124e,H-BDAY
store_191b6e167438487f,eNilecor
store_e423ff1d4aed310a,Granshop
store_8a2f396bbf395f0d,Bisnuy
store_fc4a4bca4e5dc986,JOVITEC
store_91eb5a707604443d,LIONVISON
store_b7cee723082a99c8,DKNY
store_e71ea0d3363773b5,Sure
store_ef00a47c3db02a64,JLIKA
store_99d68897b3d24d61,Emper
store_9d1b6663278764b8,NIOD
store_3226c59f763f4153,Funcredible
store_b70ab5c108459fc6,Daiso
store_9b2e6f1835f8f53d,MiroPure
store_6f655ababb788921,CURLSMITH
store_f00312f296ae4f65,MoYo Natural Labs
store_a7cf7063961e9366,N NAYASA
store_c9d7b353a8f7f28d,EMMMSUN
store_a2681f8b1fb01929,Specialized Care Co Inc
store_476deef4668e541b,Jom Tokoy
store_fbed532326cd4698,FIREBOOMOON
store_94ca0da200ba19a4,Karl Lagerfeld Paris
store_24664a845d0c571c,HAIRSOME
store_51445acc2a95e33e,My Amazing
store_57e5095d85216860,Yeegfeycc
store_955a4db06c9ece02,HOTantenna
store_fab5f62863cdedc5,Signature
store_78b690dc8e4a5fcf,YIERBLUE
store_6e72558ee42368ab,Hada Labo
store_62d9104b9df3da10,Max Factor
store_ce7c8c9a1d936fd3,JC's
store_493b26e86c921889,InfiniteAloe
store_eb4fd3b5aeb1ee4d,iAjudy
store_fd23afd55e5b0349,MLT
store_e502bcc56c4fc2ef,BEEKERKER
store_199d40cf924863c6,Mr. Pumice
store_2cc8d1a209565aaf,BREXONIC
store_92dbacd9a5a064d2,XieNie
store_4af0352f336050fa,Veet
store_a7da07783815071e,IT Cosmetics
store_4a47149c3c0fd25b,Vivo Per Lei
store_dcf69d84b7765c92,Nair
store_1cbb80ca9e2ebecb,DAZLUTE
store_2937d511e9cd0a0e,Fugady
store_427f1115bb0b6d6d,Leelosp
store_493f3c8f1832bdd7,Procter & Gamble
store_711d1f0f5fb20fd8,QrBxa
store_1cffe617c2485667,Yean
store_6e8d619462620570,Osmo
store_5b3c0f5aa93da835,Nannday
store_2b1971d376e88e3a,Johnson's Baby
store_7b04f9527889e627,CIMIY
store_d3e839ceb6d765df,Dirty Works
store_88a9d6b2d081415a,Tahikie
store_c3795ee0bfa21dda,CHARLOTTE TILBURY
store_0c9ebc3281782482,XJW
store_66bb5dcddb39af3e,Comdoit
store_44dccc98e168e15f,FQ
store_2d81b99d85728c3a,Natrogix
store_11e253a4d3af8dfb,NYFASHION101
store_ef6edc70722b49c8,Old Spice
store_86dbfc848517c37f,AceList
store_7aef04c876f7276f,FRECI
store_30dc9399ce60a16e,PAULINRISE
store_c77b4af6b4adad0f,Ganyee
store_e9bad27c113b17a3,Valentia
store_1eafd6bd3e7db2ea,Provence Beauty
store_2a290d7277a872e9,Thrudove
store_d708250811a036c2,Shunga
store_3949aa92e093e131,LDREAMAM
store_5025c148f2d7b7ca,Hair Glider
store_18c86bfeaef333eb,bareMinerals
store_a522b9c5c4f16bfb,Bassion
store_ed071b59b0d04ad3,HORNO
store_6656018ac96d0295,Always
store_ced03fe7ca54a9d5,LuxeOrganix
store_85fa18c42e84ad4c,Kailisen
store_994d1e3d468ff557,MEIPEK
store_098c3ea93dbc9db7,Shiny Leaf
store_21a4983b383eaab8,Sportigift
store_a6995ae9dc7e4dee,Laluztop
store_1ac9c8a0da81fe01,Luxillia
store_dfe6324de9678f42,Beaty SPA
store_1925f793093581c4,Command
store_6514e98dcb962004,Wigspedia
store_f396781096779507,Albion
store_b94d8afe545faa7a,YiePhiot
store_e99078e26dc0803c,Retain Time
store_35b9ab7174544124,Exclusive Nail Couture
store_6f7b0cd65bb66cf7,Smilco
store_286e84972650a751,bipin
store_555e0d82ecb4e707,Estee Lauder
store_ef264269c0cd034c,Silk Elements
store_fc298d46085bfc2e,Hair La Vie
store_c5d7052523895ad7,Lavender Violets
store_191b97fa484a486a,Minimo Bath & Body
store_f5212024cde93b6f,Alastin
store_9532dceb30d7fc62,Arrebol
store_3cce205695233edb,US Acrylic
store_2f2eb4ffe042be6b,Debecty
store_71ac500b35e08c4a,Aukar Oil
store_644858033206b3a6,styleagal
store_bcb27753b66c3f15,OHH
store_c2536df43ba32d99,ABV
store_56b46c3840bcd524,Grammy
store_a30c9c4b1b6f6f71,Original Sprout
store_9c66753bbe09e94c,Blond & Protect
store_d2e6cc157d115833,Hemlock Home Brewing
store_cd153b4d7b786b5f,DR.JART+
store_a60135d72e596666,Dndnchun
store_c9c8bfea2e57d43c,UOONY
store_6111c8111b1504aa,LOWOSAIWOR
store_d53e52c6b8e9272b,SmoBea
store_fceae300d4e2df84,UDU
store_9ba144a6565aba24,Docooler
store_0aa0302b214d33ec,Bounce Curl
store_0e30623acde92249,NIFEISHI
store_f8ae396d0c64ef09,Ben Nye
store_bf034fa6f0243f45,Hot and Hotter
store_9042644d2ef860c3,Medipharma Cosmetics
store_53f9ebf41c316525,Winsummer
store_e054a0aa4915fa43,Bella Vita Organic
store_79de5c803e3df101,Anself
store_22a83892ebb4c630,JARAMA
store_f2801e2c1b8a6b59,YanJie
store_fb243e31fba1c143,Thermal Spa
store_7858b9d14f7454da,YYONG
store_c94d2f9c5a23c124,Diva Stuff
store_f4729c60c11324e1,Fexo
store_5a42fc4be5952158,HASK
store_c78e38f1715cd615,TONGYE
store_36e4d2ab25f52254,Lingxuinfo
store_4ff6c875cb8e4f15,MOULOSY
store_64ee1abc63da90a8,PherX
store_24cb283759f991e6,CUKENG
store_8c7881109c07f2e2,YEOTWIN
store_7502f1a277835265,GNAWRISHING
store_cacdd24498068c45,MAISON BERGER
store_9dac470d28a60d83,UMIKOO
store_1fecb32234b21ce7,Massimiliano Incas
store_a847f82e0d48fdf8,CALEEGI
store_4e970e36d018d76a,DAODER
store_effc64959d237362,Veta
store_c165bdbce16b7359,PUEEN
store_bfff37c3d58882cd,MOLOCH
store_8498dc53a391e75f,SUIBOBO
store_295b0c17fd972b06,SoooKu
store_ab5e52944720efb1,SIQUK
store_5db7476e63e9f1ad,SSY
store_861bcf2277fa496f,Cherislpy
store_00d6217d0d2d056e,Magic Collection
store_4dfa77c22f33e36f,Silike
store_1258807e14da3486,Miss Sweet
store_eefdcdfbbdd67872,OSIASWIG
store_cbb06874cf0ce17f,Fandamei
store_bb95f1a0eee9a67f,Onox
store_2b088ae4c99d94e2,GERmanikure
store_9ff5c914f38c26a3,YOUNG KING HAIR CARE
store_e259101b4a944791,Northern Crown Cosmetics
store_146a56cb9d7204e4,Moon Valley Organics
store_9a71c4a3d17bc96e,Natura Siberica
store_b6a7828d287416af,Maitys
store_a49a78f944bf1f73,Everyone
store_1bd0e984b0ffc366,BBTO
store_2482d574c30bf291,MakeSense
store_270e087db064c1b0,BEARDSMEN SPIRIT
store_1907abc4fb150834,Virceivr
store_20a7ad30949f50f1,Xtreme
store_51e7d02859896951,Mia Adora
store_26d41d54ffd5b51f,TULA
store_23fdfdb97fb7ac37,Addie
store_d44ae69c163bd0c0,FIFATA
store_75583e760c013fb7,Rirashito
store_a598a6ed5790ff6b,pHat 5.5
store_9f940a682e03bbfc,SALUX
store_f14cecc363365286,CICI & SISI
store_5ca0da8d6447ad2e,YHmall
store_d67bdaefb1c19c9a,IMTUN
store_1fe24e7fe2343f2f,Dshengoo
store_4cc4775a4c611284,Karma Cosmetics
store_f3d4c25450bffb02,GAQQI
store_932bb73f66d30ad1,Faxco
store_d3e240107f1f8dc5,Wismee
store_93cbc7154d2b65ba,Morning Clouds
store_e5471ebb60cc61dd,Dr Adorable
store_853e39fd1d6b87c9,Perpetual Permanent Makeup
store_00a8426e4034c23d,AMAZE
store_f723c86b7b6eb301,Morepack
store_78fd1c385de3ed0f,Coral Safe
store_e625ba0616bc0297,Cassiel
store_e819311fda1e03c4,OMELASH
store_07c332d38014465b,MapofBeauty
store_a38cefb963e89301,Natwag
store_e2daaca1882784a8,Farsali
store_e36891f008ba7752,Sano Naturals
store_1a00dab5909f66e4,Sprmal
store_e464acd48b67a7f4,N/P
store_427d8b360123c91e,Carede
store_b032c83f442f6da5,NaturAll
store_311407498213877c,FLYBAO
store_ca1ede05f6d3e229,Litthing
store_3da20ce4e7bbd12e,Baruisi
store_9b07b17bc299b68a,Womdee
store_94535f8ab8808ee8,Tbestmax
store_21e17f4967007047,Secret Scrunch
store_1aa3ef3af002998f,PRO LASHBEAUTY
store_24c4c03cdb078736,ZITOOP
store_7e14b66a3b51f7e5,LOLYSENTA
store_dffd8c818b0df8b7,Cezanne
store_8ef3786bc76e28ae,Micro Touch
store_71d54e1fa5ddfe25,Beomeen
store_353e115fa23877ca,Siberian Treasure
store_077e715227d61363,Rapira
store_6f2c7124cb934022,AIBRIT
store_a20c188d522bb3c6,AILIKESE
store_f924569c24be2db5,AIQIUSHA
store_a3b2ffa52d7c8855,Sunny Hair
store_dc0940a8d4505376,ZWILLING
store_83c66fb4ee98edde,Crest
store_7b61f648251ae48a,Outus
store_04e608383cb701b1,AISI HAIR
store_4d5ca56a375d0358,Duufin
store_4516f74996899a72,CobraMama
store_1ef49fdf6e41c3d0,Pure Silk
store_5ea0ae0a2f11645f,Gelish
store_5aa86e0581a05566,Versace
store_9ca28cca8c1f4ac8,Melaleuca
store_32dd03fbac6db3d9,Loritta
store_67fd9b0fbb0ba781,Ema Jane
store_583555236b7b677d,Jane Cosmetics
store_951c0ab77d6ed9ab,Addis Pride Linen
store_83492f6ee9105459,Via Natural
store_0923696af1d91640,Fixation
store_8f5fcbeadcb2a2e1,Fcysy
store_d5d718ae84a2f615,B.TAN
store_cbf5a758a0a81e0c,Electric Unicorns
store_c47e68f1d9e264fb,Flosuber
store_298121d66811c3bf,KANING
store_5a1944427dbece94,Rachelle Parker
store_3f05f944412d6bcf,Plant Guru
store_9a797da9faebb1f9,FREEMAN
store_c6a4a2465e2928f9,Krucasano
store_3ede9a7854cca925,Surrender Solutions
store_967d27fb024c9b08,GlyMed Plus
store_54877ba262124ec4,Wet Brush
store_8d062c80d0ed3779,MORPHE
store_e0ca2ae4896e8fc8,TIGARI
store_25faee82bfc849a3,Scotch & Soda
store_294ecdc998b67768,PREFERRED FRAGRANCE
store_c2d254eaa8666eb2,MOSCHINO
store_34c0684c1514a661,Charmelife
store_3cfda87baf38cc23,Mural Wall Art
store_27b2026b9062c177,anmor
store_eef3bce676b68c95,MSD HAIR
store_76287a0fbe13fef2,Annivia
store_7e811f49292562c9,Harlorki
store_79b333c96ec99512,Marina
store_c29f01d699150032,DKAF
store_94c9023b24ae79be,YIROO
store_df9fd617995bad07,Famz
store_a85d97412abfd847,AKOAK
store_53b0a1b2fadf4e04,Number
store_4089a975e9ce3103,Meiyuuo
store_a0d3d52381bfdbc3,Grade Code
store_35a852f1fa2ba443,Esznuoky
store_8b5c14f0df9694b9,xbes
store_f29d0cfd99b0aee4,St. Mege
store_04ef7e918cb346fc,Amethyst Lake
store_95ef0eb15276f794,PLIISLUP
store_016f36c8df824129,PHYSICIAN SUPPLIES
store_cc9e431346494be7,HeyAlice
store_d68d2687cf050feb,Allez
store_c0434e52ca1d7df1,Unicharm
store_f83ebbf776c1fc1a,Zhehao
store_7a37fadf2ff453ef,Revel Dip
store_f11c33ee496e229e,Sam&Helen
store_8c0b7a04a9c1dbef,YePei
store_625a9f2125db115d,PROOT
store_af69795cd61fad75,ZUOGE BEAUTY
store_0165688353ca8107,Confidence
store_dad340c48cd958a5,KXCOFTXI
store_a768df71175dcbcd,ljdeals
store_4608ede1c2a3d96a,KIVO
store_8f0f93bee1603607,Thermalabs
store_f9f229bdb7b2861a,AIKO PRO
store_61cbd35efb06e37a,DevaLook Hair Extensions
store_522b276a356bdf39,ALICE
store_046d76691e86d824,Alra
store_62148f69e89d5417,Nikola Works
store_9c4049aef6c786f5,XCHSLB
store_368ec96796ea3b84,Cunhill
store_b320092521473be3,Herbal
store_34a6c9d79f4e9992,LONAI
store_3e91bbbe2557abda,Joyvio
store_8fb28aefe4fd0a56,Scotch
store_c9d94c8649a7cf8c,Prohouse
store_4130f73b07e63316,Ové Beauty
store_7e41c6480852a4a9,Cherry
store_0c17ddceb3071d32,BZ
store_faf88c98f0eb27f5,Skederm
store_08023032482c50e3,TsMADDTs
store_aa2ebe16bf09c61d,Andlane
store_3097df6124200195,Lassie
store_ab5cddf1defce0c3,NuOrganic Cosmetics
store_9d49722d791b0113,Grospe
store_22d73afaa3caf04f,LULALA TOO
store_75ae25a9f0885ae1,Xesscare
store_61bdf6f16f018766,Beauty Queen
store_80d853ba87c24ed5,S.V.G.E.V
store_4704241e575367fb,Isshah
store_81c0da65ebc195f6,Reazeal
store_343da803c09540af,Augoog
store_33f2e616af2b5e84,DERMASILK
store_6b08c3411fedf4cf,eyeMajic
store_237b5017397b4de0,AXE
store_15a0730a27c69f62,ARTEM
store_861031bcbdc75ef2,WDNMD
store_19a0c7cf55cfb411,RUGGED & DAPPER
store_5e4261f76ce9b0c1,Care me
store_cda702d29c65c787,FOODSAVER
store_72981a5d6bad29cf,L'Oreal Paris
store_da4462aa253545af,TJK Health & Beauty
store_a28a3fff2bfc9f14,AOLANDER
store_e4a2cb28b6376492,The Nobleman
store_b64d00716bfe99e2,Whats Up Nails
store_d68d60feed542374,Joy Join
store_c0bf57276e7686ab,BESTIF
store_8755f0ebb814ea7c,Be Plain
store_82a95ba69a4e4362,Astraet
store_faff30a7b98cf40d,Iba
store_78410d2e403545f1,Way Of Will
store_cef62b4ef5c35cb0,Earth Therapeutics
store_7c7ffbb3ac82c2f2,SIMPLE RETRO
store_213409aec715cbae,CANMAKE
store_8a60890a86105104,Plantimex
store_8d2c28015712d027,Make Up For Ever
store_ee605badd11ec39b,SOYARED
store_e77d813de3a3e42d,Flandi
store_a259f6c94da55751,Aibesser
store_364a7d4d7e82b2fe,Nicole Miller
store_c712746157ad68a6,Triumph Technic Roll Ka
store_7034acb413c330af,AgeVex
store_9803d82c67cca440,Brooklyn Botany
store_88a57a96878d0407,SBYURE
store_61009351e8379ef1,Duchess
store_5a82b3f9f9e46e0f,Thera-Gesic
store_18325ca5b4216485,Brush Strokes
store_2304ebb0c36c25ab,TMISHION
store_482f65c1d2d1b02d,SIVOTE
store_96be884c1f6e0d5f,COSNATURALS
store_7aba7fcb2cd329e1,AVROX
store_57ec6e5be602c1b3,Crystallove
store_b74ee28c85b353d7,Mefactory
store_8d63cf1f0189e655,JOSS+LYN
store_6d6d03a41bf1bc96,Weekend Tattoos
store_386e7f848200c2c5,N/
store_50718ec06c56fe14,MQYQ
store_15676302c12369a4,AWLE
store_9a50287425434ba5,The Naked Bee
store_67732e0acc04e5be,CROOT
store_0b6cf83dd94b176b,Kamset
store_a286fda8006996af,MORGLES
store_a028c8828218375b,Avril
store_1445bd7b2ce6a849,Skin Magical
store_cb99813014f78a5e,KLOUD City
store_eb61e8eb5773ec88,Hslife
store_f0f702fc86ca553b,Biutee
store_3b7498a0e0df842a,Schwarzkopf
store_5fa148c020903493,Angelland
store_2020a8bd63d00f25,CHEEON
store_78de6c69b77837bd,Waterpik
store_ccab737c2abe6f9e,C'est Moi
store_b51aca9c3bdb224c,Nadinola
store_a50f625153a062ba,LUMINESS
store_03b50ba7f68e94d5,VRHOT
store_c2b9408414f47b59,Yofuly
store_4f8a0d4cdb0a8264,Modern Love Essentials
store_5a85f2e5dc97cd8a,FENTY BEAUTY BY RIHANNA
store_b40981aab75932c5,MAGIC
store_487a3f090e54af44,GLISS
store_150f8eb84ff85f38,Bigen Hoyu
store_14e55edc11390a9d,OxygenBeauty
store_eb742eeee15b2011,Ocircle
store_ca3b3115fecd3aec,IKOCO
store_ad4633d3a35e6190,Kaitse
store_b044e97d8a329b02,Husgw
store_1c155a90193731b5,Orange Tech
store_8ea2895f246961f0,?Jafuam
store_81c7c94785f78199,LAMJAD
store_a7352f1cdc1a9cba,Paris Hilton
store_38612c8c63f3ea37,Premium Nature
store_1c34f77b06d6dd89,Elaine
store_5961e44543ea547a,Puroma
store_8f0349e96b3ac226,YuCool
store_f44b1ab37665bff0,Simlu
store_c3a17361428c8ad3,Maria Galland
store_cc7dfb5afd1dd8d4,Hangnuo
store_2aa541ffbf852484,ALIVER
store_1427b83b4b854c8d,Parcelona
store_563b4b3bafd9db69,CODACE
store_e33037287b094686,Vogmask
store_afcd5a7eccc54a01,Rcool
store_80e0aa0f73c9255e,YUESUO
store_a0f776cb676a8f80,sourcing map
store_1988ef0572ed5292,RoyalCraft
store_aa5231352aee4556,Oster
store_59d2ee7a6e767163,Advanced Clinicals
store_6d3a88c993e70f45,Lactacyd
store_92df6fab485bda25,WEIDA SIGN
store_a186f970db158ce4,Amersumer
store_7c6d9e2d7ff11bfc,Wonder Arms
store_4b79cea82e6ae26d,IPI
store_94fb9d2210ff8758,Amandir
store_2171439387439933,Flyteng
store_5e350d18221c20e8,YYgY
store_c8cbb5aa44e0190c,PGYARD
store_3aea96e7a8174e34,TINKSKY
store_b3944881d90da3e0,Beauty Town
store_ef94d07e7a08f602,Beauty Bakerie
store_ad62be6b77506f94,Flady
store_b6279f3910e7a475,Luxspire
store_f4035a6aeb628816,EVUIU
store_f8b417b9aa7c932f,Youme
store_9e10a2bd8ab8aa06,e.l.f.
store_ad68fcd96e5cda05,Impress
store_a38c594c1193cfdb,The Body Shop
store_f826dd35609fae1c,Limeink
store_edc7346acebd73bf,Omigga
store_b54754363fa6d723,MUSAG
store_36bef0ee0d44f005,LIANGLIDE
store_ca790186ee65299d,imoocare
store_8ac9825dd1bbb02d,kaguster
store_c7707125ed1c1530,Maxmore
store_6ada7f9f2f288789,Mesaidu
store_a9877e56641584f4,Officially Licensed Originals
store_0f281e9e722525bb,HERITAGE STORE
store_dba7895c8c041cf5,MerLerner
store_3552ac2419262405,Kamada
store_206e5e5efbf36cc7,AWAYTR
store_d2e7d045dffe36b2,ORS Olive Oil
store_10135042c4062372,HIROCK
store_ad1432bbd45eae4c,Adhope
store_c60fc3c6c51a0892,Vcedas
store_910115b74879abc1,UEETEK
store_8ba968ab155db21e,Panier des Sens
store_f6ca2ac046f996bf,MoonKong
store_08d15fc03324ecd4,Youngnet
store_5536cde8c1c10a03,Suave
store_e0c047fa2f8bfc61,Poliphili
store_c559726c1198ca56,SINLAND
store_6211b856f0517607,Cehomi
store_1ff9214943b9e1c0,Radha Beauty
store_f7a562e4100d6d19,Speed Stick
store_706011b98f97c34a,Umeway
store_3be5e2303597c09f,TEC.BEAN
store_ee5edd2c6ed7ca61,Moon Wood
store_4ecb52384cac1cd9,nobrand
store_0cf8c17db100c505,SHANLU
store_9d52e8e83ac23c9d,As I Am
store_23b65e667911711b,Real Perfection
store_df094166cd0f420f,SIROGOGO
store_fa741a3ab223dbec,unp
store_13e90c3dc07ec287,ELAPOTI
store_0e4b76031b779e02,okdeals
store_eb85a4b3bf247b42,IUNIK
store_e14d71153605f123,Aromatherapaes
store_dd53c39cfe38531a,JEAN NAT?
store_7113ac62699b2af7,DAFT Design And Fresh Thinking
store_192cf4b077650967,NUTRILUSH
store_d32952c0cfbb587a,Essence
store_92110ac74470cabd,SYbeauty
store_c1b68bf821acf58f,Party City
store_4078830bcc0d9a88,Akra
store_f3ca688fe9cb1181,ASDOMO
store_13a0c41aae740150,PPY
store_e86ba2aa4326bc22,Garosa
store_3f13742d5830f1c9,SAVI STYLE
store_cf8e863e2a400a74,CHIVENIDO
store_72b8ca86cf208928,Generies
store_a6cc2ac85a940ded,Aokitec
store_d937c831b8e2146a,Naked Nails
store_0e49e9dc4b999823,Cbiumpro
store_4d4df9d6a700933b,NatVay
store_e3a7d4b077b954de,Live Bearded
store_ff641617af6513e5,MainBasics
store_cc1392bb71325ea7,SHILLS
store_9fdd9005b931380c,MT&L
store_e989ac6169797f86,Hilareco
store_b33dd832c93bd340,KISSBUTY
store_b845cfbfe72d22f5,Oruuum
store_d0ae272cca832fa8,Teleties
store_280786784df66075,Lelinta
store_1ada07867c491c48,PHILIMORE
store_3b6264f6d206435c,DAN Technology
store_abf981c3678a48ab,maswater
store_c4c74b071a520931,KLOLKUTTA
store_85daad39dcb5d483,KAISI
store_a2786319c4367a44,Sdara Skincare
store_06d107d039d1edc8,LOVEF
store_2035c5689885adbf,Marvy
store_2317b3ecb6f025f3,AFY
store_817c225703cf9ed4,Products4ushop
store_aadbb70264a9c2f9,Topiclear
store_c7db87473920f7a2,Kiara Sky
store_052930d484da4986,EZGO
store_5aa57f314f05203d,VIVID STELLA
store_b9ba0d0bdad82bbe,DC DERMACOL
store_3dbfb476b1842d96,LQQKS
store_ba698c868c977f47,Saltair
store_40be871639d97dfc,XIMA
store_0fcc5066066a4239,alphonse
store_4ff8fab1273e5bb1,LATIBELL
store_3fb784b1e896b2d4,Pearlessence
store_62b53829af85def4,MIZHSE
store_ba61e5678b77d2fd,By Apple
store_897444251a640c57,LADES
store_50d790c256d09858,MAIKO
store_a6b04528bf92a88a,Mokiy
store_9ae1e603ee940f48,Dr. PAWPAW ORIGINAL BALM
store_9a3c88a97565669f,BQAN
store_9973a7451f6a4dd3,Paul Sebastian
store_55eba8f8ee0606f6,ROSEGIN
store_2d598ed5bcd83bed,BeaGirl
store_d2ed7b250f79ac2f,facetheory
store_14307dcbe93c7f5e,SXC Cosmetics
store_dce9688ccac2b4b7,ARTSTORE
store_eb0b997656224dff,Desert Essence
store_9ec75862b80d0b3e,JEWHITENY
store_dd3027b0b171b836,Panasonic
store_13c7758375cfba3b,Babo Botanicals
store_c027ae822923e863,Germ Shark
store_400ebbc9fce2b336,Victoria's Secret
store_5df846345f879dd2,JOCHA
store_17b15ccb0006b949,RapidBrow
store_70cf996890c672e6,MayQueen
store_68c46a606457643e,JASON
store_933fb5e980fc6c65,KoEily
store_ce470fd99506dcca,None branded
store_29f2ff95e7e5a519,QUALEAP
store_564e6f1947637e98,Aveda
store_1f5aa0ab82555398,Aegean
store_3ce1f460ae3de94d,Tergy
store_cbe44e704a08463b,MON ETOILE DE BEAUTE
store_831d099f9e094264,VIA Cosmedics
store_9a88ff92339994fe,Beauty Glazed
store_f661b0d4eb2955ff,ENTRANCED STYLES
store_10424883c36a7fde,VTAOZI
store_e9a121523cba3f75,MAITALENT
store_55aa9e66ed5840a8,Beautlinks
store_72f885ffeb30d452,OSRSR
store_f12a6ba35433eaf5,SuperDuomishu
store_b21ace4c00094aaa,Funfunman
store_e983e586ab81df76,NORACLAN
store_af622c1be7786255,PHARCOMED Corp
store_8ad3f140dbbc1647,Jiumido
store_ea2e5c70a4e40500,ALSTEN
store_12a9b6a96847eb3d,SEMBEM
store_90e75163123d5d03,Detroit Grooming Co.
store_af8f25215187bb44,FIOBEE
store_9638d8bc909ae52c,Absolute New York
store_7d1f8f911da92c0e,Grey
store_569f4d86b64b7815,ROSVANEE
store_af91d57f1c99e48b,Liese
store_96311b69e1e654d1,3ina
store_6b5f541087cdc212,KKINYAS
store_120b9e3de3455a34,UNA HAIR
store_87dfbd93472afda8,JEMOTEK
store_6c1741b4a1d4cf85,Befano
store_c7a8878b512b314d,Oopsu
store_e20801b51acbe359,LITARO
store_0018722d1fab9ac2,The Elixir Beauty
store_20e193bae94c2614,Blissaroma
store_3b10fad702368dd4,Alpha Hydrox
store_037bcf7a4d4e793d,Goodget
store_48aba0b62ed76e9e,Daisy DND
store_12aad644604c90de,Ylahdent
store_0f1771ebca89c046,American Eagle
store_51234f99a69a3418,HDE
store_2e2877f74356ac30,Rosmax
store_05596106fce4b834,Frankie
store_ad3e7eb1e9313bdb,Swiss Arabian
store_337bc5531baaad1c,ANBALA
store_7b005b897ef999d4,YOPO
store_51f836aa96db69b4,Annie
store_bde57e3ff8449695,SHINEstyle
store_27ca54d3e7a99c64,OWAY
store_f5510be70342ffd6,Biaoyun
store_0a7cef5b85565c44,Gelongle
store_1cfd0482bd43db71,IONSGAKO
store_52343dd7ac906ba4,KinHwa
store_b76134fb15748520,VITAVELAAA
store_c050882cf8d063a0,EASYDEW
store_426e784079c78d7a,KOMMOK
store_e69867ca7d5a7b0a,Friend
store_c3a80b3bbac465d6,APRÉS
store_a5cd1eaa575ed198,Coobbar
store_36cdfc04f4206868,Grosun
store_c99e482766f79164,Kneipp
store_3451ef5ad07eaa8b,Decleor
store_dfe2c19d2b935e1a,RAW SUGAR
store_8c4886c60b82f5aa,Incoco
store_a77c053fb788ca8e,Hishexin
store_c98d1d341c93cc21,Harry Potter
store_712333a4d698f98f,Gutsdoor
store_322bc1cc0ca3abd8,Medik8
store_0be0cc25b37e9bf7,Ibride
store_bab2a28d3bcebafc,XITENBAO
store_746c93982336cf84,La La Lash BeautyElevete
store_eaae2fec6f170878,Yinhua
store_b8978b4f746debf7,LilyAngel
store_4c33e54c3b6a9860,CYBS
store_22e6b51f701e35ce,Bekith
store_d054ee9dc086aea0,KRTBKR
store_4ee82d1cc281c586,Bebe Foot
store_fc45eeeb5f3c0f53,Alyxxndra
store_fe608f4e771c5639,Volaire
store_a16f55fe12f122b7,RELBCY
store_2e3aafb626a27321,KSang
store_bfadc4037ecde184,Style Factor
store_b5d9c9ce164240ce,Better Beauty Products
store_c5f3ed834c302ea8,AISI QUEENS
store_f52b41e9faedc801,ALIACHOOS
store_1fef348589fd5075,Elite Medical Instruments EMI
store_0ecd771c19b04c43,Kingdom Decor
store_72bac154c1f2a947,JPQ
store_464a5fba75d9c3d2,GYIPFIPA
store_6f31b1fb038371d6,KISSIO
store_7761cffab57dcf2e,Hermitshell
store_67a4121083a310af,Doubnine
store_a5c9904c1d399e8d,Pomada De La Vaca Mastiti
store_c756d3d18dd000ef,Toozoky
store_eca387a74d2992c0,Amalia
store_86c3722ece1211c0,Wodison
store_ea7251ff024b9e6e,invisibobble
store_5a30c49c98feaf0b,North Coast Medical
store_cbd091f0d057e2a0,Kolqkee
store_026581da49a0be03,S SHEMODERN
store_87762fc57b6495e8,Nisha
store_6a992aeeb0500996,Sovob
store_7e01a9a1b85f9df8,Grand Parfums
store_eaa1ccd893c6364b,Secorn
store_5a345cad6d8a9fb8,SEEYO
store_1fc7eadef9e5b1e1,MAKERSLAND
store_39e9ae05367b09c7,Fat and the Moon
store_570a8cfabe49ca58,Mabel's
store_d018f430f32c2f39,Lucido Japan
store_2d02a8f51cd38317,pine
store_5880c7b79cec23fb,Smashbox
store_d5ff63402113311a,Makeup Revolution
store_4ef7ee990f79d8ee,SWEET LEILANI
store_e9a3a81ff4df9714,RASDDER
store_d61e0032f0926688,South of France Natural Body Care
store_6cb0cb19bdfe26b7,Syhood
store_7f90efecc9a1e72d,PRETTY FRANK
store_3563af7864286df2,PAI SKINCARE
store_7c08521f793f158e,BioRepublic SkinCare
store_e11115094aa82253,wellvo
store_de4ce735fd4cde85,zengxiaoyun
store_b710d478cf410338,Green Hills
store_5a94da9263b14e16,BURSUN
store_1ed989f6685dc785,AHUADA
store_7d961e2a4b3eb6c4,Legend's Creek
store_625957958ef48f74,Abitzon
store_f0549e7694012e52,SONIA ROSELLI
store_0b1c336a0795a144,Pronexa
store_fb10bcfcc862204f,XREXS
store_3d64c6ed9deb0e42,PANA
store_d8cf8c333371ec70,lofuanna
store_bb2157f220d79a5f,Ocealux
store_7ab5f0ebf16517eb,Behoneybee
store_6a84d85c6f9a97f0,Paul Brown Hawaii
store_0b0e5f7903c720c5,Lumene
store_9ad169bd5b169f01,SWAN STAR
store_d5b3ab11bf30b2d2,Black Radiance
store_6340de17b5dd9b3a,Ruckae
store_5c70b5932a80cf4f,Loanzeg
store_f3a2a7a6f1d7ce96,FOCCAR
store_1512f7caa4203fdf,Dial
store_76ec59fa045acccd,AllWell AllOver
store_6d161a6d50d81326,Newcally
store_058d64a1c506cc60,Odif
store_abda253a872d6758,ORNOOU
store_43cbf96323cde7ab,BABEYOND
store_8bf58500cbacfaad,Dream Diana
store_f6d60d46c1206aee,FREEORR
store_39d87f372cdb24e9,BCL
store_c3f3f88d901a07c3,Kelley Baker Brows
store_585b9ddcb2793894,Dabur
store_e4c90ab22592880d,Orly
store_a470a08a10c5a782,Norciv
store_2535db70816c9e62,Earth Shield
store_5ffd5ca90a3e2ff5,Magicsky
store_ecfad4194aedc826,Tri-Coastal Design
store_67f4dc513377fbbc,Ancient Nutrition
store_e9732f8f67a26cfb,CONFU
store_98677229e14e3399,Frederick Benjamin
store_4578ce6a44946a66,No/Brand
store_2da2e5e77fcfc7bc,PJ·Yban
store_9bdb6feb4d470296,MISMXC
store_b89ec9b15e21daed,Alba Botanica Naturals
store_4caec23d2a579def,Luxlock
store_3ecf29e0dcabe93c,NewHM
store_ed210224d05b2476,MagicSleek
store_67339dee0a2254bc,Kuyang
store_b1e2b869e8353e5d,JUNO & Co.
store_f76d23001e868d69,Hokic
store_36c4d02619f5a849,QiBei
store_684dfd994c6968ee,Onesta Hair Care
store_23a1a10e3335c5fe,Dollup Beauty
store_e37ef80fdcd30418,Wayfarer Supply Co.
store_098dfceddd84475f,YENAS
store_7ffeb8131374e589,LEOSA
store_8327e2aa942552ce,Beautederm
store_258e2bd57d557b53,EUUPS
store_1fbdcd012b89e4d8,Supre
store_bb605a71d729c1f1,Ivyu
store_72438c63e0a4e6f8,Catalpa U
store_598dd0d523f69b81,QIEICX
store_4d64e4d850878f85,ZFITEI
store_39a0e06d0ee0ae48,Bien-Etre
store_9d682b5b709e690d,VAPKER
store_ea999febd25f5d73,LAMIX
store_ec7466ff30fb6f9c,Yes To
store_71c39a613657a5d5,MERISIHAIR
store_8c7af66cfbafb370,Colinyi
store_c0b6989bd99d80b1,DELOVE
store_2149030b8bfe48ba,Entertainment One
store_1a70efacef9af57b,Acure
store_48bf0383a9d205b6,COSRX
store_1652f1e8050ccbac,FUMUD Jewelry
store_a33feae98ee32fb5,essence cosmetics
store_3878df3118cc8026,Hatsukoi
store_15159f0096a72366,Optic Shop
store_74eb75c8c23be8eb,Docolor
store_e2b082231c14064c,TAKOYI
store_296a188a1f81a931,Dragonyu
store_979d1a82fd26fc5c,Aaiffey
store_026c2771996a0ddb,Bodermincer
store_0b88636c11286d03,Caravelle
store_ed7ee1db94a24e06,As always
store_6187d13c4fc23a25,Loungefly
store_5a75c38a427ce5f3,ARCTIC EAGLE
store_3438a6b6a60865c6,Zooy
store_96cb08bcf44b9809,mwellewm
store_6e28dbc8bbdfe47c,BeautyGARDE
store_ad99dd333e55adb1,FROM BRAZIL
store_f122a49068d1786a,HoneyLab
store_ede05c43f5632361,Stargazer Enterprises
store_fd0c743eea4cc800,goldn beauty
store_ec89e685da37e0cf,GLAM21USA
store_dcff6bc883cba49e,MACRAY
store_59f0fd4a7fb26f33,Tierry Moon
store_d6bc0ffba03961de,LIVINGHUB
store_8075defbad62e619,PROTRAVELONE
store_c4add708d2591dbc,Forencos
store_1c3a282f3a183801,Honey Joy
store_503448ebb95c474a,HomeDoReMi
store_cf512eeb0c46f950,IMBUE
store_80a22866a446c42e,Jordana
store_800d62d84bcde98b,Biggun
store_04b839cceb2cafb1,CLEAR TURN
store_2960cc9c300855f6,BODY MIND
store_17f57a19f195048b,Splat
store_1b2f02530933a0b8,YU ZHU
store_dfb7653671ee036a,Yalmeh Peerless Beauty
store_0b84b5111e4323fc,Kleancolor
store_643dfd9d7b2ef590,Hodiax
store_96c54654b2e24cf0,Dead Sea Collection
store_d295a4cd0affd717,CHLANT
store_52b0f9232f37fdac,Bella Curls
store_03b807793c7e56f9,Nero Mori Cosmetics
store_b6babbb12418e102,Derma-nu Miracle Skin Remedies
store_34dd0879b2a7c2e1,Kirapure
store_0701687c04c5044a,SoapSaverStore.com
store_a86512d4fe20683d,Gnker
store_b2c6733836b5f97f,instant lifts
store_cf8001b558681c81,henna stencils
store_fd29a9d921caccbd,Mariska
store_5d74b12a0ebccea6,Aprilskin
store_a604bd79cc54e077,Perfect White
store_14cddb992f79f446,ForPro Professional Collection
store_86477c319a038564,DIY Eyelash Extension
store_0cf21e78b1870b50,Olay
store_aee3628b6da147c8,FORCUTEU
store_72b1e12a3a0f7f3d,VAGA
store_4410efce0171fef1,yuntop
store_9129537dd0a182d2,Mersi
store_c61a8886ee8a7c2a,Studiocc
store_69241a7245fef1ea,Misaky make up
store_1eff91fbb3cf1524,Nerium
store_b0d9169973d8d5dd,Zakicol
store_13f98a05e99f18aa,Krisler
store_eb1a74f9f8d6509e,Organic Nails
store_28f0818f43026f84,TANTIKC
store_e3929cc1035b6641,TOMICCA
store_6c5116703e89f994,Watkins
store_39c0c1e7f22c7836,Coochy
store_15f6a2e2a969fc12,Sacte
store_d65830bac75bd6c8,LIKE HER
store_dcd17ba7a0599eb8,MYDIVA
store_99389ecf0906bbcc,Final Net
store_aa8e0170e8e41a49,Ibcccndc
store_b380dfeb5fd87cb2,Hairdresser
store_642aa5f6750cc4b9,Zakia's Morocco
store_e3065024c258429f,Bellady
store_9c780dda79fabc8b,YIVIYAR
store_df8c07b6e1e1fb10,MHDGG
store_06a0d55cec3054ba,Eco Style
store_2d1f20bc0143f4ce,CCbeauty
store_78815fde5513d87f,AmLactin
store_ee56d1e3e1390f2a,Xingqijia
store_946d65c1b13e3c54,Swanson
store_3a2891aa124c550a,Marc Jacobs
store_4600b78d54c43809,IBD
store_a42d25721a5834a4,Govari
store_fa58b8ee291dd6c4,BELOOSYE
store_b6d27956fbbc7f6b,Emirde
store_73f7054413425c07,Sofeel
store_6cae0fa72aba1221,Yiwamica
store_91fd3e47f5d66103,Jiayi
store_09549b53d952008e,QFIT
store_6e9a7c297a470791,ASARIYO
store_9344be7fa6048c02,FESHFEN
store_3a8969899ba074a0,Miracle II LLC
store_ee7c7cc26f55e56c,Headbands of Hope
store_7234f8fe1e75e5dd,Rednow
store_b4ea76b0108f22da,stubble & stache
store_1189b451b54f2173,CASHMERE BOUQUET
store_a06bf14bc2af6789,VOLOOM
store_29749487124ea1ba,Alberto VO5
store_19ae3672dc5a7931,FirstDay
store_e0fa3cc6e2c49495,Right Guard
store_1e1a0748e85dbba3,Costume Adventure
store_c6f6a05f9b23e833,WAASII
store_a8a7baf70201997f,Flosmore
store_899c00ced94ed560,ciwich
store_b28ad663cef6595d,Jonteblu
store_3d79dc4ea75c795c,Coquimbo
store_ca1233a3a1c3825d,Sweaty Bands
store_777bd32c023ba920,Rubis
store_affd33dec31b0844,Angie
store_2772663ddc3cedca,LA COUPE
store_ee6d8497484dfd14,Oak City Beard Company Beard Oil
store_0cbbdd68be91607a,Hapord
store_34a0c5c8496eddd5,kensen
store_f82a1cd0cf335bee,Tyche
store_1ea89a2111f81e65,Globalstore
store_74443e0906118674,NAGETA
store_9678cd0a457b1cd7,uxcell
store_c2ba3bb668271272,meidong
store_a0a0a3e0af091e85,Grannie Smith Organix
store_0512bf5b30da8a71,We Love Eyes
store_23f52049c44e0880,Chamuel
store_06da8f83a1d39e14,ZAYOR
store_54a4baab6a3bcd18,FENTY BEAUTY
store_2ada212674dc6849,ANBISH
store_6ae5b13e5f9fddcb,JIUZHU
store_5775be40b215c2af,Madam CJ Walker
store_4adf54b9617b9013,WHITE CLOUD
store_5af9f9c0c9a45919,CLEOF
store_31f2f535d6f0c142,HB Care
store_8ea30f85faa37625,ArRord
store_1dcac1d3485ee1f2,Kryolan
store_cd81ed2758ec34c9,KINCHO
store_437fbcac28220664,MISAZ
store_5d2474cef189a812,Inn&Co
store_bd7005c2c1c2115e,ORGUJA
store_6a2a90d012ddbc3a,MeritSoar
store_a7f5d5cb6f3a71e2,Vegan Mia
store_b66f6bd16eab21bc,Intsun
store_57ad2faa97cb6d3d,Fiesta Sun
store_e5ef785a9b0c4ddb,Aéropostale
store_7254a5e74e1a66e1,Harry's
store_ca350e1f1bffbf98,EMOET
store_8a709890db844adb,ARITAUM
store_07cb6da14b83f2b0,I'M MEME
store_8b63a396e6a249ba,LK LANKIZ
store_bd07492e3ecf21b5,SEPHORA
store_5029bb8ef8f4e400,UPINS
store_cc1615a1d4153ea4,Elite Pro Beauty
store_fdea31c929ab3fa7,AHIER
store_ff9e549cd862aa12,IQUALITE
store_f5453cbb06da6b82,Sofmild
store_b63a9389c4cf7145,Sunblock Tape Co.
store_3edd8dbed1932da7,Max Makeup Cherimoya
store_bd0fe814abc2ae62,HUJIKF
store_822f3cd281277abd,Philips Norelco
store_3de251d00bcfc16b,Brighter Products
store_33e9fae39f4e6081,COSEMY
store_f07a6c5beb5e6f22,Euphorie Cosmetics
store_6ed97c2d37411b8e,URGIODIH
store_4285505b3309ccda,Serovital
store_c2d4a4ada51998be,Antetek
store_17310251e34a6571,SKALA
store_637f2492db30a3a9,LAMBOX
store_a72580b9b848dbcb,With a Purpose
store_79ef743dc452fb79,BELOEN
store_c7b60bdd148704c0,Brut
store_eef12379ecadc1c7,Clothink
store_9e569fb9103389d2,Instyle Parfums
store_769558b18f5331bf,Bath and Body Works
store_e4923e9c2aa4a044,TOTOT
store_58df2f35c39719ef,KXAMELIE
store_b76dd767e7afdeb0,Staont
store_46db60468333c011,GUMIKE
store_305e6d4681546d21,ASSOS Cycling
store_f7c9f26c77ad0f66,Ulta
store_02b315d450f01bd4,Mehofoto
store_0e2ee8a7b444f756,ALINCAS
store_6c68c581b1cc1b40,Becca Cosmetics
store_11f13e747af6597b,Mayzurain
store_d5e625b21962371d,Thinkpichaidai
store_daf3ef29366afaf6,Diane
store_027d0c8c01b28445,OHENGDA
store_44afb5155c25e170,FlyweightZ
store_894919c1a7ad1b18,Jcat Beauty
store_3c2b86b13a2f7683,VCK
store_5b57f834ef1b4866,Koccido
store_7ebf0632f66c386b,MABUA
store_e80b2d2608711cbb,LLL
store_62aa962fb984c297,Syntonics
store_3405392803e742c3,Pixi by Petra
store_7858c712fdae1b18,PHILIP KINGSLEY
store_5a831ca6c3789b5d,Wild Herb
store_7a7257e9fc655435,US-LONG-DREAM
store_add21beeb16d1fe2,Pacifica
store_4d52c56a68b3b491,FRESHME
store_43c4ed323bed37d7,ELERA
store_d7457f04efed5720,Zomme
store_824c62bb75997fae,Elizabeth Mott
store_c98ef8ccea8eeb30,Caswell-Massey
store_d14eb3d1effe5bff,SAFISA
store_0f340496a716ed8f,Mslily
store_d02aeb0c8aedd261,MotBach
store_b6f363fae94985a3,Indigo Wild
store_d65b2c63b3aacbb4,ZILING
store_d4f360c12f4f7786,VOXURY
store_2158b124ddb09de1,AllBeauty
store_a0773260a60602a6,NARS
store_28dc1ba74b23f8bd,Sigma Beauty
store_bb104e4b01807eb9,Honest O3
store_795cc4a535f2f96f,Bestim Inc
store_9c87636ec95e68fb,SPESTYLE
store_c1065373dfd70e6c,Homabachyco
store_f1f45166b629135b,fannai
store_78c7b3e8a2bf80d4,Stay On Satin
store_8cbe53c31c9feee3,Urberry
store_8ad31e2d8d70a689,CRISTALBOX
store_12301324a68ba591,Tangle Angel
store_d19be803f0508127,Metiista
store_2cd8805ffd9f1eb4,INDIO
store_b9435643e6296dc8,findTop
store_63cf61d81168ee57,Lee Stafford
store_7f579f1a94ae3a8d,gootrades-MUA
store_0b06c52db46d3377,Multi Oro
store_1a389e291dd0d333,GHEART
store_3006ff9a1fe99f3d,Blue Donuts
store_5233e374e500364a,Garrelett
store_92b40c66ef7f3138,Mariell
store_f16cc80837008036,FUNAN
store_0ba4e207c1389fba,AaronHealth
store_7f04ace2f4ce81b0,Terra Tattoos
store_867ac55ae337ad25,Minke Bio Cosmetics
store_0a51a3d3727fe14f,SUSULU
store_15ead165ece3df55,WOB
store_6807863200ed03e8,YOUNG VISION
store_dad89e77f70dd919,Folora
store_b71438da8adfd0b2,VELSCRUN
store_45a79b1124eba27f,Sonwolf
store_1a42f44f013b082c,MSBELLE
store_c978f899e3a228bd,EQARD
store_885883424ba35cf6,Honmofun
store_dc22538fff939b0a,MagSol Organics
store_49efb33b1963f71f,only warm
store_a166b5410e06c113,TGS Gems
store_282c220ce7a27630,VOOA
store_23b463a6c1fdba59,BKPPLZP
store_25f57203e8b3560f,Evagloss
store_cb050c10a3a382a5,FAVE
store_abd5cf4ffb5b7f09,PlayA
store_d099916d553b31fd,O3
store_f5abfd4e20f86902,Higu clace
store_dc391dbc6111e82c,Not Your Mother's
store_35b6848700d63b98,Yalu&Freedom
store_29d26ecf7dc14afc,BECCA
store_fd5299bd0d205cac,haoyuu
store_34ada3c1f0f7c226,ViralChemistry
store_aabb2854f89a5d84,Huaxin
store_4fea5bb76d863e0c,ROKTRESS
store_c64a83a22bcf3fe7,Teak Naturals
store_29bf75de3f63cc95,Keana Nadeshiko
store_a70a670e1724941f,no-branded
store_96294c7312649bb7,WARMLIFE
store_68c43e100a0296e0,PHOEBE
store_1271ea4214194cc9,808 Dude
store_6d1dd7b7e1feba92,REFINEU
store_5b465eabe62cc469,Kitikiti
store_139f305103081a6f,LabellaMia
store_11336dc592f6c99f,YGDZ
store_9fcc9d2019317ede,Re4U Hair
store_c36753cd850d7015,B.C BEAUTY CONCEPTS
store_c2c414e297e866af,Glamlily
store_9d1934d017bf50b7,FiveBull
store_c13221c3b2053e53,Lamaur
store_1e9df15b7a2455ec,Miaderm Radiation Relief
store_d5d3d83b405fa85b,Cilrofelr
store_87a3cfd6ec349fd4,SMYRNA
store_6fd79f4bdf5dc9ed,colorfarm
store_c4f4bbd10483810f,LULU FLOWER
store_360ac7d51c411a73,KATCOCO
store_31baab41f150bdb1,SUMLIFE
store_38fc92fa31c727ac,C&C by Clean & Clear
store_9c024beddc05e342,smart sisi
store_4d953435ff9c9ea0,eZn
store_588113018c929976,Paladone
store_66de621acf2f85b5,Avon care rich moisture
store_3541436d3cecf26f,TANOVATIONS
store_c3586567ad5cd8fd,ONNPNN
store_9e72558d7fee484c,Smeala
store_d89488956e2cba4f,Bromose
store_3e1de13575a224e6,Infitrans
store_ff785811dd3d8ed3,QDTK
store_056eafe7cf52220d,QWE
store_ffcb6b0527c0c9a2,Kunihiko
store_92616f00d6e587db,+WIS+
store_650bf03b93686b25,FAIRYDROPS
store_ee7073dd343138f6,Beauty Life
store_b4a1390b9383a0bc,G.S Gyne
store_39f0ac1890324088,Sporcis
store_86e4eae120d4ae95,JEAIRTS
store_ae9c5cf217aaaa1a,Purely Lola
store_8369dadab3c429e3,Cussing Cups
store_edf05c0ab9ce0fea,Chris Christensen
store_af1f2ffc9715697c,Yapicoco
store_dba47c9657c51c7d,Tiblue
store_df84cf19bbc06f3f,SHBC
store_98918f69c8939e76,Leti
store_5180698a0ef4812b,Kara Beauty
store_3895da7ca48cef0b,SanerLian
store_229f9d6b37c15715,PURITO
store_1054539d1c90a8ec,Nugenesis
store_085f363cc857e4a6,FLOVES
store_ce6cc894598f2105,Wleec Beauty
store_73aba7cb090dc4e4,ALISA
store_72ed3d1bd6cd211d,Corelle
store_206d155da3040f22,PADOUN
store_1abf19d28ac2299d,lipyer
store_c40345ff48a24acc,Rausch
store_6298a3ca23f8782a,SC SMART CARE
store_68e77f2300e5c779,HZONE
store_40d32f7811a4869a,Haawooky
store_f2302b53765eced5,Herm
store_886f8360f3401b36,eyxformula
store_083d1dabb26217fa,Bestgrass
store_f9f9bb8dd9ab3660,ronsaen
store_a9749fb050cf7f9b,CXD BEST
store_24dacb0d6b872f84,Africa's Best
store_a5d28c05eef8eeec,TableRe
store_25736a22a89aeab5,Angoodden
store_6702bd6f8dbd8039,LEOARS
store_0b1d13a3447c1e93,BuLaDou
store_064791d16f974d72,YHXX YLEN
store_ecef7f93123a9d84,Oil Can Hancock's
store_ad4fab18d9e904fc,Zotos
store_9a1c2a67fcd87d98,Disco
store_94088ad0e41be03e,ATB
store_a0f8ca836bf28ea9,Bohend
store_781491c492c64aac,Qlychee
store_2e91f0b6d80cb790,Beauty Brags
store_a63f505435c3a202,EXMAX
store_df0a11167ed775af,Eden Roe
store_d526542077d0cfdd,Origins
store_67603fe748626df9,French Toast
store_f3d6582ef7db0fea,Milk Makeup
store_85c5571d44aab376,WallDecalsAndArt
store_8ba2081b044bef64,Baja Baby
store_2d2bbb065c980b8e,TopWigy
store_a8dc1ef9c218d942,CmaaDu
store_16ef1d431149d2a0,Duo
store_d4b9860bfbfb2615,CENOVE
store_4f6c501c7691110e,Aesfee
store_096b20d99b209012,KENT
store_c6f866053a52d37b,PUSSAER
store_dbcdec4e56400af9,GOGOING
store_7780cd377c270309,BonnieSam
store_1e1dcac5fefdb70a,Volrath
store_9ae627e56ffb1658,Beard Guyz
store_d6cfdff8cfa15c26,SWS
store_7df667aaa0336e0b,SUN PATCH PEEL AND STICK SUNBLOCK
store_2f953129f196006a,SALON SILK
store_4587b211e48ea418,Zermat
store_f22383ad3e4e92f0,XIAOCAI
store_fda38912429385cc,Raibaubl
store_7ac2151142599989,iroiro
store_01ef980d16e24879,Sidaila
store_f7f3818c12b9ec18,Miroksh
store_02a6f1b128eb06a6,HeroFiber
store_bae2c8c5948261fa,LNERATO
store_26d5b2f3e334366d,Liquid Latex Fashions
store_c2136c9f18ccf852,Argus Le
store_36b15a1d240416d2,Icarus
store_78bbaa5ec91f88b5,Batiste
store_66e2e5c8c8705952,Palmer's
store_89c39413a2ddd8a1,Showgeous
store_8967bb0cc61f3ca0,Visage Health and Beauty
store_213515116ce1e5b0,Rooted Beauty
store_6e48921758060f39,SUREAM
store_082553f13fac9a12,Janet Collection
store_f5a00aff815bb263,Sérmest
store_b643049fb146d003,Louise Maelys
store_9c81014214949888,MeiQing
store_aaf5b5cb29d04826,Guteauto
store_55d1da79500dc236,The Good Good
store_9a70c85352851b89,Vicious Teknology Premium Nature
store_f6daeb50d1c89f14,P.travel
store_f7f37372b8df0638,Ladyrite
store_b69a601bddd8285b,SpaScriptions
store_886542b834549c83,Siluet 40 GEL TERMICO Helps Disolve Body Fat & Prevents Re-Acumulation 200ml by Gennoma Lab
store_2b9c1b32369a34b2,SEAJEA
store_97fc335c0a83e0c4,Ani·Lnc
store_9747dbb8067a164f,ZLMC
store_54531bed4ecdc202,PADOMA
store_ac6f5c7970f3d414,koucoaka
store_48b0ac76dd1b95de,It's a 10 Haircare
store_f7619dcb93de7006,AYAROMA
store_aa45516e7933e7b0,COOK WITH COLOR
store_63e9f0c799a07f12,Missgrace
store_b0f9db68c30b4bcb,Your Majesty
store_30e36b6dcfb1b4e7,PUISUIT
store_93e672f9157a2b2a,Desert Wink
store_495657d84b2e04c2,essie
store_608dd2678f7c12f8,Kaja
store_05330f0c45183e68,BigButer
store_e376d9fb68b982de,Amconsure
store_e61c00e47e6b0bee,AISI BEAUTY
store_a7d7a34bb47cd614,Cortex International
store_6ea45aa136124f3a,Scruples
store_e89ad0aa5645a6a1,RikView
store_ba4b73df1696ad78,leuxe
store_946c2fd75e82f0b2,Stardo
store_991cdadc5570a92c,ICYCHEER
store_1c3d6755d662531b,Missoni
store_1e236fcebb8c98b2,Hasoar
store_ad7f2e29a30c89c3,BEYELIAN
store_4b1bfa0e9cbe382c,Puromi
store_f179e8bd53b1aab4,Henri et Victoria
store_600a8c3493051f28,A Arran
store_b32db73095efd434,Italwax
store_933c59e0471f31a5,GOOD BEHIND THE GLAM
store_58114baf69417de6,N|C
store_2ed61dd47fb6a52b,Vander
store_cca87abf0dc5f4fb,keystand
store_ea6ab7aeb454aa6f,LASHVIEW
store_5bdb506287c99b6d,Plastic & Products Marketing PPM
store_868fbf4cc742e48f,YASUOA
store_54a47b3c40fd0178,Groom Houzz
store_d4900a7cc727fa77,GeeRic
store_8bcc2e551dc5377e,Laurel Essentials
store_a5026f0eb7b70aaf,Yetene
store_855484c7c7e7b0e5,FANXITON
store_4b89910c3b7dab94,Qangelabeauty
store_6ba46138474f8ea2,Violet Love
store_f172e484a3a68776,Mented
store_81d03fb92695ae52,ANDRIA
store_bd31a0da633a10f4,TOEDO
store_9fcbc8e099b209f2,Lefree
store_faf0fa2b2ca36f97,Mandalorian
store_85234ea95db66202,pansy
store_99d5a6a2763baaf4,X Out
store_fb2d4c7c26bbfdaf,KATE WALSH
store_0acd529d565d5bb0,Alimiriam
store_b7fd2340adc6b195,JMT Beauty
store_c814f3218399e59a,Credo
store_7802a5178f9d6a52,Nose Desserts
store_1d4daae77833ec89,SY
store_30cdf1c69f147125,Persephone
store_a01bb18627d8f8c3,Tweezerman
store_e6eed0f05261332e,cobinaan
store_42935af1dbc99dcf,soyond
store_3ee58991e421faff,Xcoser
store_ce2882d2a5a2dbad,Donees
store_aa5cfaa63cd52727,feimeng jewelry
store_2d79e7eb7a334c7f,Baebody
store_eea33b46c6ba1098,Stridex
store_e0cfaa9754f11579,Fancy Bindis by Golden India
store_5f9ed1e5276d79b3,Beauart
store_e893c5ae518174d5,Okuna Outpost
store_f8869fa6649d1165,Orihiro plan du
store_d33c14bf420dbd98,EMMOR
store_4b62aa9e2846d976,Dr.Frog
store_1bfdd9aa1ff43a09,Dansama
store_f75f6ac8144aad32,Biotone
store_f5ac27d86f78ef1a,Yawamica
store_f6867478b01155df,The Happy Cow
store_52a1b69f8f6cc982,jasclair
store_c107c2cfdd438c7d,Hannahool
store_1703a557922c901b,milylove
store_b781135baf63c0e3,Meadazzly
store_28a4f59880fea79e,QandSweet
store_6d7fbbd4869e2a61,Clear Essence
store_22df359bb3b96e01,Josie Maran
store_175ae954624e949e,JingXi
store_7ef6cc0d14e3cddc,COTIFY
store_3f10e3f98c9cba38,PURELEOR
store_e1930d376998a76c,syoss
store_b7fbb5bedbeb8ec3,Simpleyi
store_82c734466c6593fd,JDO
store_f6011d5cad0bdbd7,SPARKS
store_8d060fc529aa922d,Comfort Axis
store_42fffb86e3b8df51,FADLASH
store_dbdf18709cb6900a,Hi-QTool
store_2c8b7148245908bd,AMAJULIE
store_bea5d53c591cfc58,RcLigent
store_735333d224d63402,PASSIONCAT
store_371112a6ec3eee3f,JIELIELE
store_4feec119daf428de,Nanaco
store_6950bae3d2ff8073,INCOK
store_ae2a69b415d211a7,Natural Farms
store_15fd8d67da183b29,5AM
store_9d497405093b9acc,Castle Forbes
store_4e9e13317a64c1e8,King J
store_f67868c171722259,WHISKY
store_9d4ae1774cd1e7fb,ATOMY
store_e1a55346d8b76c66,The Wonder Seed
store_e15d3acb85fb7b67,Greenwich Bay
store_5e801045992bae15,Color You
store_191055ad56b284d4,Maydear
store_8a6433b0f0319578,eos
store_9afb319c07ad761c,T.L.C.
store_e35af26b5ffe4a08,FunnyDay
store_b15aa3e43d0f4b22,DeeThens
store_662f154878479f0a,Consult Beaute
store_a96f87fd87b4ee38,Rossy
store_54a855cb5104c15c,Earthly
store_33f2df2eef7c55f9,PREMIUM BLADEZ TM
store_edef30344cde4329,Humco
store_af656375e674dcd6,Kissinc
store_26966dd9ff2f5a88,QtGirl
store_f697736d45be162a,BlondMe
store_bf263578ed340df4,J2
store_bfdc830020fdce5a,KINMINGZHU
store_5fa2a4dbfb5616ff,PACIFIC
store_85e70a81f06fe15b,N-A
store_9627d89ac60c1059,ToyoTress
store_b9d30cdad0d1964b,KISSNOWY
store_59851e905b720855,S-noilite
store_c7a30fb6f01221ef,Beauche
store_d88346bb1116ca3a,FUNOC
store_fc4f350802f823b8,"BSI PRODUCTS, INC."
store_1ac973cb2c3aed0f,Condition 3-N-1
store_af0c1b6878d7bc58,Nuyoah
store_a5d1b05359bca694,Dtdepth
store_cfcad84f7f5271c1,Botanic Hearth
store_802b169310ba13ce,ATOZWIG
store_d1629626e7173a58,O'Douds
store_e2c601c8809d44a8,Caribbean Breeze
store_b7b03aee4053a662,Aeyistry
store_35f3c0f0cef5e9dd,White Rain
store_6f5b01580ce43822,Native
store_bca021336678a31a,Niseyo
store_2264e8d308d5997e,ASYOUWISH
store_66e6142bf891050c,Cafetec
store_b3aec7a7c40e2461,Turbie Twist
store_815b823a8b957e6e,I am Happy
store_867a2823134113cd,Alicoco
store_8c5cee81c9ee95d2,Alimog
store_0ac360268becf4e8,ANCAI
store_a68509b0ea7956a2,Jadyn
store_89ca756ec986feba,Brrnoo
store_2e83071c5e9c6760,EBETSU
store_bb30930b7173640c,Babor
store_e32d22f9b381ec47,V SHOW
store_ab9de7179f0bd852,HealthandOutdoors
store_5bfb4f8bfa9565ac,Tru Fragrance Beauty
store_abfd2a9f68b4808f,Harewom
store_bbafae2f5a467866,MELARQT
store_f83f5181c90ae048,Woosir
store_74b127f9b4418125,Nuoqi
store_97b9b0c3749035c4,Three by Three
store_0343043b4890e24a,KINGDOM CARES
store_9a37db8d7ebb70f7,Youngblood
store_7727352f094e72fb,LAYADO
store_71c654df80f8e044,Rozgé
store_af7c34023a3cdc76,Wisdom Baby
store_357dd3b04d919ca7,TMLECE TM
store_42254904d19e45df,ZODENIS
store_6604694f2b71a80e,YING HUA XING
store_64a94e802dddf6cd,LA PURE
store_04f783093674999b,Nippes
store_d8f440957e0ec606,Aonsen
store_e475afdad55c82a7,DIGA
store_3926558358cc6cc8,INPHER
store_46ed923962c59174,izhenwo
store_ee1463c4a613162f,MakerHawk
store_ef920db265e1e43a,Naples Soap Company Naturally Better Skin Care
store_959e54590623f5a1,Moshina
store_19a37da5df5153d3,Rue 21
store_581fd184b97e6c41,LAHHEY
store_04b5d19b5da67561,Ettusais
store_fb7e9f49c9ad3323,LANQI
store_b800e1a2ea8641b3,OSA
store_a9eb78377673fcdd,Zhuoqi hair
store_39d1aa8f7c98bb60,Ivation
store_98d53699e7beed92,PARAMISS
store_60f0976d26613267,Sea Team
store_b395e112320cd6fe,BROADWAY NAILS
store_e5b790dedec042b4,QiMH
store_bec0acaffd6fe5c8,Fintie
store_f42da20e9b763457,ASTRQLE
store_32e48ff6691ec544,Rentonz
store_790ac9ef6c266bc7,Tenworld
store_1ce8efda2e812a74,Walton Wood Farm
store_c6ba45f1b6cc5ef0,Burro
store_ed8c0177fc77d70a,Diabetaid
store_1b37d57243f13de4,IOPE
store_295fd76809efaf67,WEISPO
store_6365939780da871b,Dufy
store_abc7a90846df9492,Klursy
store_1cdac89ce47570bf,Bonnie-Sam
store_c3738c9e6dbb764b,Lurrose
store_040e27ce3a97372b,Funlovin
store_84643a99b5fdea7d,Sonia Kashuk
store_6a925e36a28d7919,PURE PLANT HOME
store_ede0ebc47ea1b075,Mirabelly
store_4301c29f6733a3d8,OLIA DESIGN
store_f6ce28d86a86d7cd,VOGE
store_271bb5bdc06aeb17,The Sassy Collection
store_2a412ae07b7993bf,Thanos
store_c29de24d3b682d3f,NuewayPets
store_aae13c7a40ba2284,Aniwon
store_b1056aaef8e75220,AUBSS
store_fd34860037c27e26,LCL Beauty
store_9aeac07ac0f30b16,WIGENIUS
store_1229ca734c5d9445,Basic Vigor
store_99b26f4d6911dc0e,BEWAVE
store_8325db818fe12602,RhinestoneSash
store_f70032326109ec3b,ANYINS
store_1b6d421d7102ab1e,Wimzy Creations
store_3d1fb1c921a766d4,Smilesun
store_7430f11c94783f2d,LAPCOS
store_3e21758a7af3d90a,Fiddy
store_fa2679818628f739,EchiQ
store_0a29cebff27d7335,Molly&Rose
store_5dbec3a87538d72e,Bare Republic
store_4f2b6f45dbd8c1e9,andromeda
store_5ad96c5c89a82934,Gignovus
store_d7923fbf0cc7040a,JPNK
store_48642c9c811495b6,Reyen
store_561113083afb0c07,Avenue Chiett
store_c1e7a7feb9d2439a,Le Petit Marseillais
store_fac19e17ff271b86,Kapelli Hair
store_28594b66b80a1308,Chuangdi
store_a714bd5f4ef5f15e,GOLDEN SAND
store_d99d4cac86f03770,Suncolor Hair
store_3b0b23f7372a75a0,ztarraum
store_99832fece78a348f,China Glaze
store_12bcb46dcbb04459,Leprato
store_1268076991ddd29b,Yamel
store_5d69bc1827893e91,Bqueen
store_73ca57cc8c66bbd0,GOODY BRUSH
store_d91926db056317eb,GREENTH PRO
store_867c00d7497290c0,Zyduzsc
store_d12800146fad0d65,Zenia
store_8c0f43cd2d5143bf,100% PURE
store_d102c433b5040c8b,Belle Beau
store_babd6b77deec1db1,Shellvcase
store_66c46436649b290b,Curls Dynasty
store_7cb009a2eba792eb,Swiking
store_4186ef6e90c06a76,FIOVIEL
store_4898ea05fc5700f4,Remerry
store_f74677592ca092bc,DALIX
store_801670a6f18b628e,We pay your sales tax
store_c4b6ab4698753997,FVLFIL
store_44d968cb514940a3,Design Essentials
store_351fca5d26a8bf9f,Wild Man Tame Beard
store_955184977d631403,Lalafancy
store_207a8db40a17c420,Herbal Essences
store_5a38e9e5447585f4,OIIKI
store_7d67ea483da51c6c,VIKINICY
store_6d94f95807012b1f,Monster Point
store_313626c8dd051d22,Alrence
store_3adbcbc048e3d834,butterfunny
store_00afdea5b2e87615,Red One
store_2780166c3a0f1e97,upeilxd
store_87522438381a086f,RONRONS
store_dddef767264237da,zYoung
store_925c6a8b8b9dd2ae,YOY
store_1ea0bf0d53a0e115,SIXNEA
store_9a129cf4bcb46f4e,b.m.c
store_1078cf414b2625a2,Lazy
store_7f403f0e5c15df67,UDIKEFO
store_76b3faf962632cc5,FURIDEN
store_60cf7c1ce0bf6d46,Mozza
store_8c1f6bfcc3c04876,JKELAR
store_9056f833da38e444,BANILA CO
store_f03c0a59c59454ee,AGO
store_e5d8d04e82ab5fa7,GNIMEGIL
store_c92aa732c7adc355,RedFlow
store_fc7cec1a1031a085,Dedila
store_4eaddd83a3221965,PRI
store_ce25d9c808f61068,Dusun Artisans
store_681764e93611b6f9,NO-AD
store_05b3ab98accd6fa8,Unicra
store_b20484317c0cc787,Civrie
store_27495f760215a1a2,GRAINRAIN
store_d2847ed17e5ff282,BUYITNOW
store_92f1761773e658f2,Misssix
store_18f99ef790b7f998,Especially Yours
store_9e101e1488b16b70,Hepoiss
store_db4517266f26a67a,GUM
store_090593be35473ff7,LOSMOEER
store_dbadce9426c6302c,Osensia
store_5ac1fe2302f11542,"""N/A"""
store_a9a2eb057051da6c,HUDABEAUTY
store_c7199ee7c557da5d,Vumdua
store_2e8cfb274fd6dcad,Inoar
store_f669ba4513e9467d,Oottati
store_19aba4e9dadeae77,Dark Stag
store_b7f621d0d5fec620,Vinegar
store_6349ea63c2b2ffe5,Ecoglad
store_370dcd28c035af33,Paris Corner
store_c19791775b93c220,Live Clean
store_01fc329e7ca3bce0,BVLGARI
store_74326c88712efc59,Carolina Castile Soap
store_09d945b510e13406,Wax Necessities
store_77741c52635ef23d,HOPESHINE
store_7a105153a3e080be,alec-liang
store_2e68c2ee1a07065d,Honbeanify
store_878f1f2db690bf4b,PEACOCO
store_adfb033bbe71ceb7,Bepets
store_6b38af60eb4e1327,ELEARD
store_85f857aebbaa4c60,Belmint
store_c6d86c84577741b6,Sanluba
store_c0c06aa06f60d472,Tecbeauty
store_6d1cb8de260e4726,Jadyn B
store_fed67a1c53418f22,SALOCY
store_d710ca2b61a1d0c0,Bachelorettesy
store_7b4973ecad9dc4fd,Meow Meow Tweet
store_19744625367eb574,UZU
store_8d317e793e073e2b,Body Prescriptions
store_6b05ea318b472649,Wiggins hair
store_2e68919581fc10df,Dignified Health Solutions
store_9663e5f117aab221,Zittop
store_6457416f8788c300,Phonak
store_b5ed3e6d0b247b08,DED
store_f2c73672721ddf62,Qunlinta
store_f171afb25eae81cd,BEPHOLAN
store_f0f472e396d88c19,Prreti
store_20da5a4af9f2f733,CACORRY
store_6766347472cbd03f,Camwund
store_d6b5304b46b28e9f,Top Sellers
store_19445b08de4b811a,Brittny
store_1ad8351159d3ac39,Inmorven
store_b337cfc755f276e2,SIMPLE PLEASURES
store_7669991a5ae763cb,Humphreys
store_73b0f8d62262284a,Xenia Paris
store_25eb4895379a320e,Bergotti
store_5683665902ed1245,ACEVIVI
store_43007340bc9e3f91,Hair2017
store_9cc912c6400b8a6f,Originea Beauty
store_5b6904695b531dcb,Yunkin
store_d5cbf89e5f799af5,Eefofnn
store_1d8b021b5278c202,Elite99
store_4bc8d57fd10151bf,SUNYUON
store_aa311f5d28e1ea00,Loveliome
store_6f9d50150be73214,POPINK
store_194e5ce582e3c1ad,RYHAIR
store_598093f4a57058a9,SEGO
store_04a6578976f09736,KCHIES
store_2febe05b8b996219,Taanimo
store_3cb676212b035059,Suttik
store_c98b72229436eb85,LINTEC
store_7483ae246927d0c4,GUCTOP
store_5c5e9c9a547e04d7,Gillette
store_e2d9832b3cefa975,Rica
store_d8736da3061943e8,Empsoul
store_3caf47a77e9878e6,W7
store_dcfd9d126236ebe5,Somni
store_69bfb093ae3b622f,Yolo Studio
store_5cc829067d276fae,VRZ
store_7785cf7370d9986c,Kiemeu
store_e739c697debedde6,Softsoap
store_f025a1f5d097224d,Jutom
store_96c805f0d7071fe3,TRiBUTE8
store_eb16863526c1acbf,Koala Lifestyle
store_fd48d4897502cb48,Noper
store_73b8a4c33814f47f,OWLCRAFT
store_218a4d071b8dddf9,Morkiss
store_12f045a6b8eb2600,HawaiiPharm
store_d20df3a8101de3ce,BARTOSI
store_2441688254d3b492,United States of Oh My Gosh
store_87081cb7cf33b6cd,Brazilian Belle
store_74ca461f4d602c85,Gejoy
store_567e50bf680adb34,Twinfree
store_55d8a8e00960144a,Asher
store_268eb213aa577e8e,AUPHIL
store_cb6258f40361751b,FARMASi
store_bd9094eab00d24b0,Hixixi
store_d01113f0b49091b0,Juhe
store_d7a9593a8e8a3b5a,Sally Hansen
store_1c699b9e643622fc,Hairfinity
store_96e161c787b60bf6,warmsport
store_2a5ef30212fbe2f0,Bisou Bisou Bisou
store_26df75c0d539791c,Pleell
store_a7257ef242a85630,Hermione
store_327f1a0ea2573457,Pacinos
store_8a30361f333e07ea,Hetian
store_a540023122bf09a2,OUVERHGEY
store_82142c44dd8036d6,Mentholatum
store_6cd682dacfce34a7,Dr Bronners Lip Balm
store_bc0bd23930f42e73,WINBOB
store_98abeb62be538182,PRETTIEST
store_24f193cbf461e0f4,Heel to Toe
store_72c854d100f2bbdf,Bay Comfort
store_4ce2db2d201c3083,Rebeauty
store_0b313bbccca6045c,khanka
store_8a87a96d0a882037,Beautify
store_f02144d57d7270ed,CRYSTAL Deodorant
store_8141f08a7c897233,ALI TOPTINA
store_166a92bd1f8d70e1,Wiisdatek
store_1a8f41d918117614,editTime
store_b0c1d0cda0431c5a,Dienalls
store_befb79a1c3566d96,COLOUR ME
store_750bffdcaa1ae1b3,balloonbobo
store_58418b474acfe6b0,Kiss Nail Wrap
store_2d41cc0e55b3beca,HEALLILY
store_4fd69f33b396c604,wiwoseo
store_c96b177e1b7cc95f,Zerone
store_f158071c26deb9c8,Arkology Collection
store_a3d69c403d0ee04c,KLARMED
store_4bb9e52246cbde92,BEAUTY ON LINE
store_75a0900293cb8381,Wisdompark
store_fc6428a935f9c339,DND
store_ac1a5a9d9067da8f,Take 5
store_a349f8eb186a01e8,Styla Hair
store_290892a0d46d6a8a,Luxsea
store_33247f7117c85890,Keyzone
store_0344b31d9a441ce1,ineepor
store_2ab4f317bc2dbcd1,Sensationail
store_c360e48117e17246,JEQUIL&CORENVEO
store_43b5e0087589d527,Twenty-seven
store_28f836cd8ab73bf5,ROSELYNBOUTIQUE
store_73057b30ecccd7e2,rohto seiyaku
store_b5a15682f88a13e4,Yaomiao
store_6d1e50f7e3e7a282,ASHILISIA
store_5669459f6185fa89,MANION
store_a4b923172b4e6809,Burt's Bees
store_2ae8ac92581185c5,ELIGHTY
store_3e5a2f29468f856d,Bouclel
store_1a2ff67a07161267,Melolé
store_1563b47aaad9c3d2,BioMiracle
store_b36f7237ed401950,skonhed
store_a43e4ef0f603cbac,Jconly
store_8e1d07616da9fee9,hair rules
store_82b7d0840a223958,Soap & Glory
store_9bd1b0eea87dfa8e,Magnic
store_7e47c38f970f3514,SOCU
store_95b4fb875b100a67,Cancun Collection
store_95d25595c18cd50d,AKAZA
store_7db30f5869e07108,Ausleben
store_2d920edde38d9fae,Bunny Lamb
store_a6e73be511285c31,WillingTee
store_9a900f538965a426,BB
store_225bfde683c2270c,Gilchrist & Soames
store_2d9537ed5b990237,CC TOWN
store_f99b817b6f3125d1,Sanborns
store_c8765e99e9a6c0d1,N A
store_a26b42a9251ffe65,Catery
store_a96fd43d06467a63,Green Heart
store_c0a40ac7910176e3,Smooth Viking Beard CareKraiovim
store_e8181cf78100ea5d,Farmona
store_c60270696fd83a6f,new star tattoo
store_3ee80706e3d5562a,Uneedem
store_596ff8b9d66b5544,HIGH'S
store_c693542a04646b78,Red Blue Charley
store_1e5c5a4e24d3f187,Bubbacare
store_3f489858235c9270,VOFANK
store_41b580d86d8d8e11,Kamileo
store_7940428491fecfa7,INSTASTYLE
store_79cb9a1f3a6f821d,Beauticom
store_9e00118ab5887f24,Cuckoo
store_04de33807be70e5f,dongjing
store_9f5c788e57324c46,FQNing
store_2931b0a229fdf0b3,ISHINE
store_ad42a29105dc670b,Tomatine
store_683439f989e92a14,AQSURE
store_fc0a8d9a5a68ba91,BTYMS
store_ff051ed651fdb8ae,Larmhoi
store_844927c87dafeeef,phoenixy
store_10737cbf8a84119d,PARWIN
store_5d5ed5c9eba01c1e,Health and Wisdom
store_48da55b32da184f5,Studex
store_da75ad94f2528f54,Stamped Glorious
store_cfcbf7c926d49e16,Freeze It
store_d975aae812e077f6,ERTDDE
store_31e61cb03058b241,Ossilee
store_1a85acd01fe5cdd3,Helium
store_7ba9132fd9528ca2,Allber
store_c8e2ca34727864da,Edoneery
store_451f8330d9086f08,Face Shield
store_95e3e7b6161cf5b6,Xboun
store_1a25cdaac4c7fd31,L’Oréal Paris
store_cf8dc7c08725b14a,HLIN
store_24e2adc80f6d3472,Ailisi
store_c7e3560d89b28a25,BohoJoc
store_d8835b01459c2e6c,SUNSENT
store_348a39b135bbcc6c,KoHuiJoo
store_190034c91dae072d,Vintage 1946
store_85dc68f5e502d149,Booty Perfect
store_89366f7b8d35e2ac,Michael Jordan
store_6806ef6adb56a5c2,Eakroo
store_2b38acdf35a6d547,Kraiovim
store_f6be83a3177e407d,NOBILITY
store_5e6487ea91368830,Tan Asz U
store_e4bbb88a45e8d9ff,HH FASHION
store_e27ff3924353a2b8,EVE'S
store_49ab356defacf363,Danvisit
store_dd5fb1133fe2f04f,SHEGLAM
store_a764e92e0d3e6d93,Lock and Love
store_a9ce43c2a1ac2e15,Leslie Li
store_a01889876880ba62,EnerPlex
store_215a956168f77421,Fa
store_e44285be36dc28ff,Pseudocatalase
store_0354bb40ff336e08,Labello
store_6280790476c31752,Hercules Sägemann
store_b02dc1fc8f6d9499,Carolina Herrera
store_af5c0f934e25ca42,MAKI YIKA
store_dbee4e2d8759e732,LUTER
store_7e19b8811f3f2244,Camide
store_ad6cc5a6a3f3570e,Pure Sun Defense
store_f465e0b033bbb99c,Color Club
store_b96685a2dadd0463,StyleZ
store_1249734e0552b62b,MANSHU
store_f0eab641c2006dfd,GoldenBeauty
store_bdcf520a7d6716a3,Maxine
store_34a6bac798e10a30,INNOLV
store_67a9e13754a0b7cf,Barry M
store_92079580c1aef609,WELIFYA
store_2067773fc1533dc2,JNUYISW
store_49793e038f03cc43,lianlian
store_1133402227eaa232,Kidskin
store_24ebcf836770d384,C CHARMZONE
store_1ba76648825cd54d,WEBEAUTY
store_1b4bccbc195cd75d,EVERUI
store_82dfb2f5301e8abd,Nubian Heritage
store_667b16f18b539968,BALADE EN PROVENCE
store_afa55bfba3e5e735,Umillars
store_fbc8fae6b1390136,Great
store_d8687f94cb22db7c,Bali Boo
store_56c50277b47b5ed4,Glamorous Collection
store_27e700df18dca768,The Rugged Bros
store_51b808f84924aec8,Ciate London
store_ecd26d86412edfab,Joewisen
store_92272052a64e858d,Giorgio Valenti
store_1968e36b5b9ba129,TOBATOBA
store_1e9a7fb597e7e710,Agatha Ruíz De La Prada
store_19a1571d8303d75f,Yves Saint Laurent
store_bb0b6647e93b6fb3,Cg
store_805e919d8b0c9d59,JIY
store_b3163e07998563ee,After Artificials Rehab
store_26f1fcbe2822894f,Semme
store_13c174a543c94915,Halo Lady Beauty
store_34f7f706ca5675cb,DevLon NorthWest
store_40c34993edbbc65a,V+Trys
store_89e05689ad34b459,Miusco
store_34f71808fabcb07d,Product Club
store_37ddd3cedfbb8cf5,Zhicity
store_531ad0feba4811c6,Milk & Co.
store_6cee3a242fb1ac55,Ciaté London
store_acb920adc67732e0,POZILAN
store_4b8d6c33db7c0f41,msjoli
store_08a89861c35b14db,QAOVDS
store_f0c4ca4c0e96da32,Malizia
store_dcfcb0a378527bc3,H2Ocean
store_47a8dafaf7f69fe6,Mixtecc
store_6f6ec75b2e75e845,MINISO
store_11b8712b5430f47d,RSB CENTRAL
store_094a6b2837d8d837,Trimnpy
store_c32b50241ab98325,MeFace
store_b43878f13c304494,Sorlakar
store_7955b936c48c9e75,DEGREE
store_0b23e228b55bfefe,India Crafts
store_bc259565977e7fcf,Kapmore
store_39d8de92e86f6941,U Beauty
store_74663ea1d3c1b132,AN-SPORTING
store_7ec73c953528f907,Kadi Natural
store_a5f58322b0749014,mengyun
store_98361aee5631321a,EYELASH EVOLUTION
store_65f7f19b1160faa6,DOOPER
store_9bd151bcf850db29,Tinsky
store_4951294c1644d426,UNIMEIX
store_84c95d6c32d048b0,Royal Remy
store_8398e5171574c962,Lantique
store_1f8f0dbbbd5d55ae,Cecycocy
store_e7b464f4d8971d25,ROSEBUD SALVE
store_2b4b81067b3e0a1f,Alatimi
store_713473da0ef38ba3,Beakmil
store_0c4082ed4a2ab771,wtvane
store_c2c3ad44cb15da05,QOCO
store_961949da3e21b4e1,BeautyGirl
store_c4299972daae90f5,Natural HomeLogic
store_82641a91181bbf18,LAURA MERCIER
store_542bd8b235491bc3,BFBOYS
store_6542c6759cc6b4e5,TRB Chemedica AG
store_bbafc543457b7468,Imperial Leather
store_b846f201fa32ecc6,Lanmino
store_8b3256c890e46ea0,Purbert
store_c2c2c6f581e9eb01,TYMO
store_ba18c3c9c8886b3d,TOP WEAR WIG
store_16d5a6dd9815a410,Rolabling
store_d662a0dbddcde340,GUEYE
store_2dcb4045586d2dcb,Sparkle & Co.
store_8fc2488382a3ca97,Perfume Studio Oils
store_594f56f54a555a1a,JOYOYO
store_db5b0eecf993a2d9,BOMEX
store_ce79f8e7b2eb89ea,Ladykin
store_1463d7e8b83d3620,Terramar
store_271bc97fbd5dc8a7,Active Wow
store_ea54aa4162d8d8e5,L'Oréal Paris
store_1d49be227a7de218,MarchQueen
store_24fd2de5396db13d,one 'n only
store_6ef750b735fcece0,Savvy Shield
store_5d67a5f770857596,biotène
store_58e195cf43e14748,Golden Sundrops
store_cbc22d955c0b80e7,DAN NING
store_8b6a853a7f5c980a,N C
store_c59e879f61be5e4f,AntiAging
store_c4753072ed50ec7c,Felps Professional
store_564ddeefafb73d12,beitony
store_fcdd6931ce2cc040,ThreadHeads
store_8e6c03605878e463,Ellis Brooklyn
store_0f3cd9251652e97d,YOU+
store_f5c37da12297572e,nobran
store_7cad80ce4779f974,kapoua
store_ccaab9ea3e44bbcb,Saints & Sinners
store_e3a7fce121d19f4b,Maja
store_e34e2104aeae5f74,SKINESQUE
store_3c9558372356ead5,Sheba Nails
store_5c19700d0ce49907,Wuffove
store_407c332503e6e415,OCHEAL
store_7ab6bdfa89f04d53,Freedom Grooming
store_65eddcaf8ddaba7e,MISLUX
store_0ad4fff25776a12c,Hanhua Hair
store_f4877e9387f6418a,BBGifts
store_8c3e385c94cdd31a,MKU-Beauty
store_c66fc686ab5ac4d6,"Mcgraw, Robin"
store_5077bc6b9c85c918,ZACCER
store_42896d5bc9d6f559,Ultra brite
store_cd0f74aa040fbc64,Guerlain
store_3517ce9d4236265e,Fashion Fair
store_ce37ebf95bfa95dc,MAKE UP ART COSMETICS
store_d773935e161f41d8,Loxxy
store_f0ebdc308191d7ea,BTArtbox
store_5f7a0d8bcea15cf6,zenotti
store_2e4cf1818eba4431,Organized Travel
store_242848f83b22ed5f,Martin's
store_8064f8013513a4a3,Edge Booster
store_88545e8dbb505401,Anself+
store_5b50dd94c4b014ed,Edge Fixer
store_6b8e30294b4a0474,UQXY
store_98599987e6fcce8e,Coopay
store_342a38655c61bc10,Discoverosity
store_428d8ee9481bb908,BrushPoint
store_3485aa3bd9d8a4b3,Tepezcohuite Cream
store_06b164a6b62c1247,BuTure
store_fa59e45932ebe7ab,L'Bel
store_f47dbf14cc97247a,FACDEM
store_13aa39180375eafb,Y-Ignis
store_0e29d3923801aa04,JCMASTER
store_29b91d3fd63728fc,Zegaine
store_a27cd50b38822bdc,OTraki
store_ccd3c1b10cfee1b4,Topwon
store_62da8f68b7db7cd7,Icy Hot
store_45a67bd0cbdc05a5,FOTAP
store_f7f09b52fab661b6,Nipoo
store_b04158379f97a092,IVCoco
store_832f72bf55d308cf,T-Rex
store_af238ebdc1714b6b,stylPro
store_ff99d8fa0712c332,MILL CREEK
store_1185cd48271c75ee,TRENDBOX
store_71d08a95c74010eb,SpellboundRX
store_5a1a6242303d0edb,Perrin Naturals
store_a76812386d3fcd93,Jiayit
store_a0f2c69a18eaea9d,Edge
store_6cd807c9c4580fb0,Al Haramain Perfumes
store_8a2f9d553a9c9931,boqq
store_ed07f2ab6f740de3,TWY
store_cd89db604bc6ab13,JEESA
store_6794d21b82ccbc26,Skylar
store_45c665cfc40cdeeb,ZDU
store_5af00b1c4fcd6960,Dashing Diva
store_f98e39f4e70eb2db,kiss love
store_3623e15fa2078ce3,Ca-Rezz
store_ece21b9d55695fa7,Eclat Skincare
store_39047f6e80019071,FRELYN
store_aade61eb3c2186e8,JSTRIVE
store_78169bf78feea2b2,Bestidy
store_89feddc102cd91a9,Orofluido
store_b3c13818fa0a1f9c,Y-KINZ
store_28800d1039118cf6,Untangler
store_092e06b0739414af,Colovis
store_5d8ef36262ce38f2,Fashow
store_27c75ae2efdecb92,HBY
store_a654996ac496a7fb,WEWBABY
store_ec693558c838e7d6,YEENIM
store_ca01ac6bcdc8a0e0,SUVA Beauty
store_55943cd30cc80001,FasterS
store_75c7121461c9bcb1,Karl Lagerfeld
store_d7e4fd57e69f348a,Sunormi
store_085d8d0036086d0f,Sporting Style
store_6a240db5444f3290,OGX
store_9f1ff58b3c415772,LULI
store_8f8cebce338ef872,ZEYER
store_1291fb8a1fd0a6ce,Flink Stop
store_de5307d1d1ba3f9b,zanlufly
store_e0f75e930bbb78c6,Wonder Girl
store_c1cc8c5825d901ba,SeBeauty
store_5d6afc8174b96a6e,BOYONE
store_cf624c68d2ec4c5d,LYFLY
store_2d7b49cc57d5e07a,Kingrol
store_5bb33fc15610ec1a,KingLiDa
store_fb40253571763c5c,Olivos
store_bfaf98484229734a,Fyola®
store_7181e07eac9cb081,Sea of Spa
store_f965a4a1b587c4e3,Stephan
store_08c3427444df1f67,Dolloly
store_5944fc6375575c35,Woods of Windsor
store_5cf97fc86ee39deb,Shaboo Prints
store_4b34dee04ee7d2cf,Dendron Ltd
store_242359c0794887f6,Lucky Super Soft
store_1c9f1cb11b930235,Aileam
store_e0fee2cbcb9963d7,mijiaowatch
store_f34820a1651299cb,Misby
store_d12d8113a3387936,Thymes
store_78b4b902ce86be8c,Sailor Moon
store_b9db21ce35df90a9,FANALA
store_6cdf6d64c320a813,IMMENSE CARE
store_47d11516251d269f,The House Phoenix
store_e38bd0a28b214491,Rexona
store_6286ae9145d421e0,Tattoodrucker
store_b7dc6b837aac367b,Isbasa
store_4a260e92f9660f47,Albolene
store_d370bb9d434f4bd7,HERBIVORE
store_3832d8b57ab76a6b,ToyoTree
store_c6c8286ae5ed496f,Holy
store_9eaad0cd05ebd1ac,SEGMINISMART
store_001b50d722af70f6,EFATOPRO
store_9989c8f2477258fd,Yeshan
store_3caabc3df9fadbd4,Koncept Pro
store_68b4572b64e53ff8,Solinotes Paris
store_409e733ee0a74fa9,KEMEISI
store_cb1426a8dd01f8bb,Choice One
store_59d180db33dbb566,Nutress Hair
store_02249aa7c1794ffc,ELBT
store_a37e2e8bae5fa8cb,BEFACL
store_ca5053728c9693ea,Elisabeh
store_34202aaac3bdd59b,Spurrs Big Fix
store_ff7b456225b2e3f4,SODIAL
store_9f9f19285eee2429,LANFLOWER
store_fe693a868e01ef59,KDRose
store_90dad821cbd62552,Divalove Beauty
store_55e1ee2de0a3bb3c,N/D
store_b2e42b5646f368eb,Wentur
store_c2ebdbddc104a17f,oputemon
store_c5b457635b1736ca,SNW
store_66c0c9aeb82d0fe7,Bella Terra Oils
store_485da9df6b7b87f9,Zest
store_bd723da8acc710af,Inscape Data
store_d3193b395fcb550f,HAWWWY
store_f7c719f523341452,Salon Advantage
store_2735764c51d32033,CUTERUI GIFTED
store_f5e8cb8b7c067b71,Yimart
store_2f7bb07cae2a86ab,EYL
store_c393fa84836a408c,Brightown
store_a2c237ce9985d5fc,GAOSENLONK
store_ec9bf5982fb83699,TUBRAN
store_1f9cad7fd7428641,Herb & Luxe
store_9f586b9c9daee69c,Saffy
store_dc78a2b052c304ba,Lingito
store_96758e5f07a1f1c2,Focuses
store_ce775632fac2cca1,Arrurru
store_764d4f2e3e35f723,ZeroStage
store_6d9093cbe31feebb,Minetom
store_1874ae44c20fe143,Arte Clavo
store_eccf52e13670ac69,KHADI
store_9e4c182751f19344,wowfun
store_7c9d59fd5e8dbd64,Winsky
store_2015eebb9a46fa36,BiBiSi
store_728f0d3fe108bf70,ALENTOO
store_d44586ba4e244f9a,M.A.C
store_16b3cd681116ee2d,WLWQ
store_03c2c13f34af31e9,Airassi
store_4a33e39bd2af2e7a,doboi
store_f46c2d8a8dd7ae2c,BERON
store_b50b8d64bdda7654,ROLANGINA
store_a0f0c3ae2d1e9fcf,WENSHEN
store_6cd67b29c1e04c10,JIANCENGYU
store_b0be555d07b7649b,Ynredee
store_00d03527c406a159,The Dry Eye Drink
store_ef9cd8ee1af60f28,New Sunshine
store_514c83db49f98413,saihen
store_4879099d57f42742,BIC
store_3d27c06df54efbbb,Versum
store_111290e47f59a9e1,Kaneles
store_ee81eddade86374d,Fecai
store_99705e6c047e1759,G2PLUS
store_a6b8c82118bdc496,ANGIEHAIE
store_ea2f7bcdff370a2a,Habbi
store_b860391f75ffc63c,Australian Gold
store_38725f84a104c3f9,OYOROL
store_3a352b496a5ea3b5,PomeMall
store_f4c975cbf19a2f6b,EO
store_5a2c7b663caa1519,vimeka
store_71e32b6f064e8906,NEITSI
store_81b579b686921213,rosenice
store_022abe04a5f74a26,PatiencET
store_9d6ee2bb5dc9ef1f,VANVENE
store_80e0d5d2f91e4395,ZOOX
store_87d3535c358fa661,HYTONG
store_78928044d5f97109,TOUCHBeauty
store_257978dae85805cb,SUSSURRO
store_4f9f52e8f2b11e67,KRANICELL
store_bb7353ad3d703aa4,XIPOO
store_984852e7eb61853e,Exttlliy
store_c24c386867a6363b,cute fairy
store_b6f63a0a097b2795,TONSEE
store_77992feb218b637d,Shimarz
store_1d556cbb186d6be2,NEWBANG
store_1edbae809f0687fe,Cake Beauty
store_39b30b381987f9ca,Hygieia +
store_96e4d5795026b8f5,Kalyss
store_fe0efcbb01a587da,QIELIZI
store_a37f5b45f3c6ee98,Socub
store_129a8b5684b4fc59,XVbond
store_419e583555271710,Beard Command
store_5da2e32dfc1881ca,BestMio
store_e891b3f59d5ab0e5,frgasgds
store_1060fbd3ea5759b6,White Secret
store_2b085dc54b729619,Follsy
store_b4e758d2c1ca9746,DYMOLL
store_7fe05cf206726d95,YBeauty Queen
store_aa660d634db0807c,Born Pretty
store_36027be70c580358,Anterogen
store_913b163722c9bf70,Pretess
store_f0ab2602daada9f2,AHC
store_04c7f69cb914cf5f,BY ALEGORY
store_f6d660b3bf818a72,Dermitage
store_ef827f98a1942afc,LAPOTHICELL
store_f5df2fd1612cca9b,Meile
store_aa48e021a66038b3,beafay
store_6b205604e93f7df3,FANICEA
store_10a652aa58f73103,Marianna
store_3846f5ebf9f55c27,anitotuwan
store_fc45b99e241ecb81,TRURENDI
store_bd474d25c862d0bb,Merle Roberts
store_9e4e53e65b8b145f,Polytree
store_0b2e636cdcb4996c,BYhair
store_b1973a15f3909ef8,HRE
store_dc9b11f0877c66b6,Dee Banna
store_ea0aa22730c63c16,MIKIMIQI
store_505738d5a9f2570b,The Rag CompanyATOPAL
store_89d433c097d16768,GUNSLINGERS
store_2f6c802bc649f3f3,CLIONE
store_eaee3a2f0e72d764,very mei
store_d3e2c5d3ff7cd81d,MauSong
store_c22e233d9bc7dead,Maison Francis Kurkdjian
store_b7c8173af0959644,ROCKY MOUNTAIN SOAP CO
store_7a674a665eb385ce,Mirror Flower
store_af24c2a6dc1b5ae5,MAYA MARI
store_81ca19d747371760,Products On The Go
store_3f3348621a2fe391,RXY
store_6061b3297ba26b1d,MISAKI
store_8dfb5f1308044943,Deep Steep
store_c157cd5c3d23f4dd,YESIACE
store_6268f4ff1619ff45,Genovega
store_ff4115da3130cd42,Quimica Alemana
store_995d5cee3e2448b1,Supportiback
store_04b99445b7d118d7,lorelo
store_da9c0cfb863d6ab1,Sinboun
store_3f110ea2fe087c2c,Houseables
store_dfee87b739e7ca9a,HMD
store_5ac7f3a982d3679b,Winifred
store_2b5b0394d7fc4bbb,Bio Complex
store_cdd7906424f7a69a,Legere
store_f71427cd26716b63,Vrisa
store_660b207415c7fef7,Houselog
store_5cf4094360465cc9,WIXAR NATURALS
store_7fd46a795cc90936,Antonio Banderas
store_8b1ac361afd4e99c,GOOACTION
store_409ca657441a02bd,Bagvhandbagro
store_258b8e80b0a0f40d,Allumiere
store_81141f89b85ff4fe,OLOOYA
store_ea78cefe60d9663b,Salon Supply Co
store_5da9c86f5b14c4da,Plovex
store_ba7028e234e82d5e,choshion
store_07cdbe3ec42e5d86,Aurelife
store_02b765223a64f04b,SeneGence
store_b1467ac94d7df1e4,Festival World
store_63c6514d65991740,NUOLUX
store_c5233118bea97a87,A La Maison de Provence
store_e0d3b0dd5b94b0c6,Dragon Honor
store_5ca1c2b2a9af1d92,ericotry
store_507fa781bd20d882,AhkeaDirectly
store_fda4463f2fb35dc6,JiaDuo
store_e13d0f9e2b89ee0e,Sumeitang
store_b7e3e2c94294ae7b,Phosphe
store_cac9f80b5b378a9e,Chilogy
store_5d4c0de5d82857c9,McGRATH
store_26e68af59abe780a,KaiLeQi
store_a8c3a482a5901dd5,MowigLux
store_369c3f01f5744c5d,LQCQ
store_6a1e3a7701941898,LOEWE
store_a34995d5b7f1dc49,PVOY
store_047d1a69cf8ef8ed,orgry
store_57bed93aec59a335,CHANTICHE
store_a666a6c2c9eb540d,Better Bath Better Body
store_c1442e799cc09ab2,ALIPOP
store_0208d7a7375f30fc,Herbs And Crops
store_b23d8fadc3f0bfc1,Christmas Feeling
store_87d22d9b4f2ba36e,AromaLove London
store_b4ecfc8fa820e0aa,FERGRELM
store_e5db9faeca27fe5b,ROYADVE
store_742061b126ca3b36,MOSTORY
store_51ff63f146e9f618,Neween
store_4121c29b06fabf2c,Gleebee
store_ab10902041adfef7,CMNRO
store_cfb5d824e34398a5,WOOPOWER
store_1beb474e21bf332b,XFU
store_a91dcbb4df49d8bf,MK
store_bc16a4c0a7444a59,Simdoc
store_71727cb80d5cc0f9,Makartt
store_c38e986d28420352,RCMA
store_5b4427bcf23c4a53,Teqifu
store_8328e30d2f007a17,HiPretty
store_e21ae60775f8bb6d,lonko5DING
store_822f5a02aa0c4bbd,Suttie
store_e1b46baa2bcb9cf4,MAGNETOE
store_aaab4e7caa372d05,SuperThinker
store_c66d45b386423baa,NUOBESTY
store_a4b9d27f12f94b3a,BarberPub
store_36fc559672b114b4,MASTERTOP
store_cab8bef258041263,Bielenda
store_434b85f27a375237,Mairs
store_77128df2ceb52e7b,Pony Effect
store_e63bf22a6ddb31c8,Beyond Beauty
store_4652012a0bd2963b,Beluck
store_6cab24e8b3e5467a,L'ANGE HAIR
store_2eb6c504e800206a,SINGOVE
store_f1db17809844ddbc,voguetrend hair
store_d30fed0e663a2f21,Elite Goods
store_7c980171eaff0d92,Natura Homem
store_cea5bdbfd9ca8760,QUEWEL
store_aed38d7e32149488,Nickyood
store_72a7413d0c841423,Gadgetsevil
store_24b6b9fe6ce061b3,Mavphnee
store_39452e2cb58fd3cb,Frenshion
store_344ecee7056f3d06,SUBESING
store_dd5112fc13fd18c5,Artnaturals
store_f4b044e3426d4e65,DCMEKA
store_bde9cf1c2079bc00,Shappy
store_1ba0eedc43c51edd,Cosmetics & Beauty Products
store_79ac6d4638a101f0,SheaMoisture
store_85f15bc57d6c4e8a,Feather
store_71f4b933c8e97ac3,JOBAND
store_7d218df1f0cf3265,Lady Color
store_7dfb7b85cb2ab245,Christian Dior
store_1265d61da8c795ef,Cosswe
store_e5f683c62c7e9da6,Mighty Planet
store_2deb7c5f1e8ee1a3,Onkessy
store_4996e34c7a571032,LADUORA
store_1536c0634ddaa685,Fabuday
store_d2ddbd1b87334d8b,PURE CODE
store_81ad4946bc78c5bb,S CHENGJIN
store_cf68198f4a10e6af,Pangda
store_b35246f9561e32fd,Dry Idea
store_5256feea05fd0a4c,JP- Shopping
store_1fd013569af4dadd,QICHENG
store_1a42f36dcb748fd6,Angelaicos
store_e43d9fa8f735f567,Freetress
store_35ab696f9ca4b24c,CHXIHome
store_986dcb5c31106ff4,Marshique
store_20cfc66322a79bf3,Ever Ego
store_84ff388677e5b163,Ceephouge
store_646ac300b116b4cd,Perfectly Posh
store_be184a86e9e61b90,Milani
store_f437b160066a173b,MAMA JO'S
store_afb203eee7ab4991,M I
store_7ad85cccee1020b0,GEARGO
store_04d891bebf6e27df,Flyouthe
store_c1320ba021aa83e0,DreiWasser
store_6d19ed2d98923840,YAKAGO
store_257f9c816a8a8f00,NUFR
store_38d6b8d284a26ba7,Royal Sensations Characters
store_ad7da146e90db585,Wacan
store_afdf08dfbad1e6ff,CAVETEE
store_d72dc68e14e196dd,ASHIEE
store_a76eeafbdc77be84,umi
store_0433b4dfb03d3f74,Inspired Capital L
store_be8551107fa7eb6d,SEIKEA
store_b50ac1ab96c3bf56,Nail-Aid
store_f2ac9b203f68b178,Auto Scents
store_1ec1e366509d9a83,Designer
store_7500a2723344cc55,DIOZO
store_161222125db13716,VOGSIG
store_ca8bbf71e71a1459,SHIFAKOU
store_13178afcd4810da5,EcoTools
store_7e4ba31a5a1a2c21,XBwig
store_62691d0c57a3819f,Ivory
store_00caba45c5b24193,FILFEEL
store_51adad82944a4e17,MSLAN
store_7ba074b5f180e41e,AllureGeek
store_24de2af5832c99de,PLADIO
store_f7550877e7fb39ac,Farrinne
store_0f075abbd74944c6,Moisturel
store_aafed9e22995a9fd,Waveme
store_702de41edc451218,Jigott
store_93566031597b37e4,PARWIN PRO BEAUTY
store_8ed689419493e7dc,PURE FIJI
store_864b6b5c54de11ac,Summit Hill Laboratories
store_f6e4209bcc7e2b10,Tezam
store_55db8f87836f4971,Salon CA
store_ea0744df9a84fb5c,sundays
store_22879c2657d7680d,Razor Blades Club
store_5a290aaef2bcb77f,Afflano
store_11093a5c921d3b3e,Lvyinyin
store_93615733555a34b8,Shapery Nails
store_48f116a32ab5cbde,Suzanne Jackson
store_e14c50a1322a5b84,Flora Beautyque
store_71212215ba635f88,BeauWink
store_7d05aac85c500f84,TangDirect
store_87f7ff857170961a,BUTTER ELIXIR
store_77cb879405763d20,Bomking
store_0c122d00a1b566e8,designbymother db
store_2180c68eb66efa63,Yanbal
store_67aa0baba993e351,MANYINA
store_e420b8088be64934,Pamper Your Puss
store_97e430a1759d1706,IRYASA
store_8f301842c12027e7,Toshi
store_11c66461c5fbc98f,JDDIGI
store_50002215971db727,Kredioo
store_6d8783536eba8e57,ShiKai
store_6d616a794992afdb,FIRMLOC
store_f48a14a3c349997d,Acuaiss
store_3a76db1c5bca97ee,CABLEN
store_922bc17793e9d3f6,Canlierr
store_482eb9fcbff61e68,RER
store_7ddf77d9f4e238fa,Tory Burch
store_f09e3ea59055d0f1,Grandma's Soap
store_1f8d69d206644f5e,SMSUX
store_64a04c44c54d34ba,Elixir Premium Lab
store_6ab80a9ac59b4da2,Ebrand
store_7ef1c405e5ceb42f,Kiromiro
store_46a75b650d55f823,Mont Bleu
store_2458dd35df41f0bd,Megababe
store_2e9d07f7fdce8937,Pinone
store_2de5c493791b472c,General Household Merchandise
store_da1d86097c6b8ce1,PAPA RECIPE RIGHT FOR SKIN
store_b5f509acd6744f6f,Baby Dove
store_5d35f20ea0bff8d8,CHDHALTD
store_5218c8a321a5e5e8,KOSIMI
store_47e5d87a6c92dbaf,UPPERCUT DELUXE
store_b13e499883fdd104,Zazzy Bandz
store_cbdbe737340cde12,Black Opal
store_6e96433d2f2443b0,Farmaesthetics
store_57a1b6092b97905d,Taylor Swift
store_e595f3cb52e8f716,Karpo
store_add3b5f637dbae26,L.A. COLORS
store_0ba5b1b299371f28,MORICA
store_63d0eacb757c1273,"Dear Clark,"
store_595cce65b7ef79b2,HANNE
store_5ac1009a82da5eec,Joan Rivers
store_c7f251470b4f1460,Addzoe
store_d4efff3c653036c5,Toptim
store_41e212c0ccf3be97,Bright Earth Organic
store_8cc1f12eb1c3818c,SATINIQUE
store_d5855eeb91df6fae,Miniling
store_a90332ea8f301d15,VoizVony
store_ab4c8369367a472e,WSYUB
store_8a85fee358186970,Organic Excellence
store_2e8d0568dd83d202,20 MINUTE WHITE SMILE
store_6f9130848a10b999,VAV
store_cc829c7dd771b9e5,serwell
store_00cb901a9aae9d4f,Maven Thread
store_b97e83a3cfdf327b,NEST ABOVE
store_0dd62cd904fe2df7,wonder X
store_b5366a2d2ac98dae,Nil
store_827e9c8a35c3bc42,GotIty
store_4c2318d1f182207d,BEEOS
store_5333f2639d398b7b,Beauhair
store_efdc254e902a1dc3,Eve Hansen
store_ed316f43ed30e68b,Naturelle Majestic Oil
store_7fb1b2d9b70e2d57,BESTEK
store_3ee41429dad9666f,SK-II
store_0e7ae82af2f452f3,Perlier
store_fd39e50c5e75c6ed,CHRSHN
store_852116a93af1ab2d,Palladio
store_bbefaf6bbf290365,Trimmer
store_51c674c2efd00be4,IGAME
store_b75f6b708c5056bb,GOMING
store_087c7621a0d45b75,Lmnonnok
store_41a3b79e114f7e58,CAITLYN
store_94af0677b942d397,CHLONG
store_b1879a4889f12fed,Juvolicious
store_8d571cac9c8eb78d,Lab Series
store_b5df2fb65af39320,greatremy
store_83da293016b8933d,Vitabath
store_baf85db48cecfc2e,ATROPOS
store_dd63e58341d34c5e,LCLHB
store_597b3b9d1982c481,Keratin Express
store_5582f861353aafbb,Ariana Grande
store_2fd1c2a6b2f14e16,CC HOME
store_6e23d2b0d1efc6d7,Eufora
store_543e564ac4ec58c7,LAXCARE
store_38830abd771e6661,Mitchum
store_3361cbfbacabc9ac,Traxxas
store_3cc60ace062fb54e,BaiCai
store_9d9c93d8eb55db60,KaDelina
store_a3ebfcbaea5ff4a9,Econell Inc
store_602e83dd472d6ce9,GOTONE
store_d2f5bf657184aca5,Bicrops
store_446ea01787ec8777,ATOPAL
store_628912ee5037df8c,ATTITUDE
store_c33acdae56d366b8,SSEN CLIPS
store_b1b1d714f4e5c1d5,VARWANEO
store_ea178061aab3dbe9,Weljoy
store_ba6c7628cc16123a,Aiyuan
store_4a13acbb9a7a6b72,NAYOO
store_d622c720b0242849,Pier 1
store_a23e4e4f820ad184,Jil Sander
store_5699e2bf2be6cd27,GIRLSHOW
store_c5861b95d0cb00ae,NBGRLVS
store_a8017776e76046b8,MIESCHER
store_44b8f884dd4f57ff,YIanton
store_1c09fbc7cf4778aa,Dapper Dan
store_ecff5f36f18e9eef,Serious Skincare
store_3594513fe7857bfb,Coxeer
store_182ef9060ee87040,Woaills
store_1ae577357556932d,DIUEWOW
store_dec35b5866734b9d,Aopusi
store_d252991c8b932d00,N/ A
store_b05e184fc456389c,YNN Y-Not-Natural
store_333f4ea44dbac1bc,feibin
store_6b6a0969e94dd230,Crissel
store_d6b7aaf5e3dc7dc2,DR PERFECT
store_56c3e9bf26c90251,Quantum
store_3b2197590fd8e2ec,ELABEST
store_ad71aeb897c3bd96,SHISANCHE
store_1d6b6cb1f4adb66a,Organic Root (ORS)
store_ee0dcffd874258cf,Greoay
store_4f46d843e864a1be,Keador
store_217b02e37ba9643f,La-Brasiliana
store_92e9986d00311cba,Kopari
store_42d813625b8f776a,ASIBT
store_82093c4dee69a0e9,Salmue
store_8eca84b70eb53153,NOBLE
store_2bf3417912f00abb,LingDo
store_18a80038ed67b3b8,CeraVe
store_a31c1738cafba384,Flowery
store_2ad435fd54ec3a51,BAOFUBA
store_43b9aa6b731ac590,WHIFF
store_054dd50b5a7104ec,Amtidy
store_e31a08e4f8c76d93,SOVONCARE
store_e491a282afcb46ee,Beynest
store_a4c376ac981a8da4,Hansol
store_038cc8c242011257,ANTOPM
store_85675c1fcaad30c9,Keopel
store_a4bc116c39d8aeaf,Blue Q
store_73c74e50450bbbf3,DAIRESS
store_ace604d4b698ca22,Ingrex
store_aa2057c3c838cffa,MYUANGO
store_20f9349786aed70c,Bevisun
store_b4b33514d7dd8432,Allstar Marketing Group
store_6f3b2f146f24ce13,BGGME
store_9110eff165a2e0b0,Fashband
store_3b5c9f7948425276,Parker Safety Razor
store_48578787d729ff65,A·TRUE
store_13c98cd964629538,CIBBCCI
store_0c0cd9414158e2cf,PianZaiHuang
store_481446f9f639ecc6,SoleStic
store_2dc13481a04e0f2f,Ariul
store_d2f6e6c9bfe9fe2d,NAIL ANGEL
store_6f74fd98e43cd32c,Ora's Amazing Herbal
store_a08932d602e570bd,Blinky
store_0f37ecbb843cb4d6,MASTEY PARIS
store_13818a5684a7ed4d,VIOLET
store_d2e06db95a389a8c,VIRGINIA CANDLE SUPPLY
store_89dddf16ddb4b3ac,YouClean
store_eb0ab3f6557a4d03,Lotta
store_95a4c4f68de5941d,Scdom
store_8148857f1ad77cc7,Marycrafts
store_103f3c56822d5db5,Aokiya
store_7419d14a1bfe7de0,XINGYUSP
store_64fc4c10286d4a7d,MQNY
store_8fab0d92ddcdd8d5,COBEE
store_1a70627d3a7c589d,Ardex
store_7c5ff0289062284b,Zezzxu
store_e8249452de3834fe,HealthMarket
store_9490743ab3192789,Loirta
store_3d75ddbb42d98e28,Zen Beard
store_92d73d15f3bd501f,Isaic
store_286491cfd76148f4,Barara King
store_2d710babdec83fc8,AOBOO
store_9ef6b3012dd64a19,Vitiligo Treatment
store_139777b86b70b992,MMUSS
store_d84d6e5891ce3318,alfea
store_f09798d4728cdfbb,3W Clinic
store_9e19248bce982e64,BOBBI BOSS
store_133d025f9368faa5,Lotus Cosmetics USA
store_a5cbaa6462d215e7,Bonne Bell
store_b9d04b2942e7421f,Joyous
store_195b7b9ab83d7374,Half Caked
store_b50622cd45a05195,Beschan
store_edcab099c92b5c8f,FASHION LADY
store_e22c249256db65cc,Island Soap & Candle Works
store_49fc230db0c458f6,Courdom
store_76908ab700c54ec9,Maikoa
store_d18de8b5c38e2bb8,PINXAV
store_2f5a6e758981437a,YEAHPY
store_aa75520f89ca1de1,MANGOIT
store_ef185139384b38e5,JUNIPER RIDGE
store_ddec1265cf07ac62,YWQ
store_15be8a6b1f4efcf5,C-beauty
store_d348aa625c24c230,Razorba
store_3547c44def80c8ad,Figure Joy
store_0f96737d49f768b5,CYNOSURE
store_67baf5d93293b0cd,Xio's
store_6acce2d5f90fc44c,JMiToo
store_7be2b24ea3e6cad8,Music Flower
store_dc47f9ca6ec9ed57,elizabeth W
store_2a1df8bf810f1859,OWIIZI
store_d0941e68da8f3815,Other
store_457ac0be0e6cd949,Kenzo
store_877d731f30f2dfb2,Respironics
store_9671771b93db8346,MRTREUP
store_a626652214383c43,KEXMY
store_4ec1274fbb5a68a4,JASSINS
store_e1787677c2137592,Ktchn Apothecary
store_3b3d66c961e1a879,FIG+YARROW APOTHECARY
store_f67ebf87cc2c959f,Nellie's Natural Soap
store_10e195c8bd5a8618,LMNOOP
store_9966d147739873f0,BLISHEN
store_4a2139bf7d03c882,DawnMist
store_3c04ed132a83256b,LOMANTOWN
store_ee79e24aa56040bf,DealPortal
store_59ddcce75143f9e7,unibouti
store_b4d91999ead0ad94,ArtSet
store_5266a29276ebedf7,Hair Off
store_94c2153c953df7d3,SHINER GOLD
store_1bbc9e256fdd9759,MOCREO
store_49108c5081e9b523,maxgoods
store_6de55dcdfdd075e4,Brush Mate
store_2d191269df1bda14,Ebingoo
store_547c73fb66de2110,Aromasong
store_282d4c717424f7a5,AIMIKE
store_6fcd30a0158f4723,Ameriderm
store_ef0ee8c19faa217f,Pet Guru
store_625db7193e22409f,Cozy Headbands
store_88a4d2f9aff61c63,Penxina
store_816810fb5e6e120d,YUANZHI
store_b53ac7deedc086d6,BeeFly
store_9db7fea495537adb,KAV PLUS
store_10e2fe2ba3f6f6e2,Hshenda
store_8e5889d5f2abe817,SUPER SALVE
store_f95a6b9a7811e17f,ScienceSerum
store_197259e4426e4c77,Baoyuan
store_482a1db730be2221,MD Complete by Dr. Brian Zelickson
store_bba3ac8ebe582505,ELKALINE
store_17cbf148e07a9463,Karlash
store_b27395661d2dde22,Jaciya
store_25842ec25e019fb1,Tong Yong
store_15aa19c07bd791ec,KEVIN MURPHY
store_e48f19d7d89d8c77,Necmuaih
store_5c68c5f90a784cd2,SOICARE
store_202def695cc85032,SOMOYA
store_da32f02e8144c185,SODIAL(R)
store_3dded1e4b9225cb7,LA'BANG BODY
store_7af25d1b3a778296,SSZLU
store_7513e4aa2a4cd342,HOUNE
store_6ac31fc3ad2aa410,Tropical Fruits
store_f860cbb63b2b5c50,BIOBELLE
store_e251e4c298e9a370,King Ma
store_d13c8903feb164f4,Ruina
store_32460a882589843c,salonchic
store_56ca5b8fdb28a4ee,BSFORV
store_975c86baaa3d3e28,Manly Sunscreen
store_27897a9ab16a33f5,Nerium aka NEW NEORA
store_3dd0023fbe01b433,THISWORKS
store_3659a64ea63c384b,Great Lengths
store_da23614e02469a0d,AB
store_60eb7e5f19f749bf,Darkness
store_39bb29f4ff6e9197,Noble Innovations
store_f824fa3e751a095a,Ohnanana
store_57b2242c00a91002,SKYDO
store_4e0b96eac56e32f4,Alter Ego
store_d80f2f86716e77c6,ALinmo
store_bb90e50a6a16d7fb,PORTOWN
store_007df7b2d39bf9de,IG INGLAM
store_7ffd11df0dcb135f,Cibutyful
store_56afb83cefbdcae9,Ayayo Nirvana Foot Bath
store_3c5d3e2b856cb4b4,EcoBrow
store_7360f834eba101ac,Pulleez
store_bafdc1d823d1298a,MIWILUKI
store_a490270744267e0f,jinshiband
store_61a7508ed1b04e9a,Basic
store_8083332a8c56c211,BaoLiLai
store_88328f0a11bf5d5c,THERTARKE
store_7816e57b4e1fdb0b,COCOCKA
store_39dc8318a6ba151f,American Eagle USA
store_80779835da361e26,COLORROSE
store_5b47297c89d98ea1,YDDM
store_9b1e87107e6877d8,YESPER
store_1ef601f0b6a70a1a,Adevit
store_1758ce83bb9d01ee,Fennell
store_b9fdee0ae0aab2eb,Higher Education
store_32a6ca934c724063,KYDA
store_58bdc29429dad4fa,Ambi
store_55b97345a20c257a,Adoture
store_6f1d88f6a21149ef,TimberTech
store_61efc29323853e36,Wild Ferns
store_75cbe2175620db20,TOCESS
store_82b7d73cbc1b1711,yueton
store_c6193cf0f5e06a99,Yuzhou Grace
store_940e600dc21ac02e,Winstonia
store_32546213d3d3a560,Necool
store_f7d5d6d1ba4d06be,Fheaven
store_07e56bcf26d490eb,Poen
store_4eb5128b765e4cbb,HAIFE
store_90d316eed0988d54,LYDZTION
store_1ed264bd624d49c9,ECBASKET
store_3d8a310be1781276,MSLAM
store_48e3b5a47763d730,JAFRA
store_4a674171398a8347,Fade Out
store_cd65180c3225a5c0,SiYi
store_7dce4972d7dfc4d9,BicycleStore
store_8332f28be0e82393,Nother
store_8a0080e4763b6e45,Cela
store_0aaf96cb51ea50e1,DEONAT
store_308f2bfcd5c6c8ed,Wander Beauty
store_b87b6489df751723,Joli Noir Cosmetics
store_e4d775a8b4d4c143,OJPLAND
store_c1899a2f611203ba,Geoyern
store_ef18ea81f31829e9,Haoyang
store_72d7bdea98abaeb5,Drunk Elephant
store_01cc601d6903bbbf,MIRRA'S MIRROR
store_035ae23f3e02ab8f,wellgler
store_48355ff52f31750f,Organic Root Stimulator
store_e7e17406f947e2d6,Krasnaya Moskva
store_b8fdc781f1e37695,ElidaSkinCare
store_9304c57d155cb68a,all nutrient
store_843a3a78a445f974,VIROCHEMISTRY
store_eb1d97f2d311163a,Coppertone
store_bcda2848de873a9b,NiceWave
store_33f83fef18a77ee9,BACC Beauty and Care
store_65ce56efd737cd49,Milbon
store_e1e13aecb645b83e,BYNYTO
store_ec6f56e6c9a76652,succeedtop
store_7d3c1c1a2580d93a,DO&CA's
store_f519be2526b435b2,Magic Skin
store_e926d4d1510971d2,Urban CoCo
store_7a57d889ea7f2662,Sterling
store_552b3bceb610fe78,Qarwayoc
store_8b0897435748820e,FINGER LOVE
store_7927890c0d21302d,KingGardan
store_c31c10f293e4e6eb,AMZTMY
store_8b5e71bb89189d60,Effie Lancelot
store_23d1c156e8e6578b,AliRobam
store_fcd05fa385a6e4e0,Creme of Nature
store_81bf0145c8f2cc44,GAP
store_4b19698b0be0d747,Asalle
store_87d39f794cd0b1a8,Lanoline
store_1a1f45b8719ea7d8,APEX LEGENDS
store_7270f5fdb20abebc,QIYING
store_8864d87983bede4e,Essano
store_627cce220024c668,JJ YOUNG
store_d5f128a78091571c,Fhsow
store_0bfbc688a086fa60,SEPHORA COLLECTION
store_9604526187d2508e,seelaak
store_c6252b4121d43ed6,AVO
store_a7f8c5743f3e9567,LEBO
store_c4ad40f09785f317,Chinoxia
store_88e30e0f36fafe37,GonHui
store_46b3699557a84240,SUPVOX
store_b5be99689cd3c9e6,Glossier
store_576cfd178ce41688,WISHDIAM
store_12e63f7ad869efe7,Kaiame Naturals
store_b9cf60c82fc9f48a,Yebeauty
store_bcc9fe1db916b8c6,Moosy Life
store_db27a072c81ac340,Amino Mason
store_4e317a689a81a347,HELYORATTY PROFESSIONAL
store_2aebb0ba09e798f0,Stellar Skin
store_098f871344333306,MyKrazyTees
store_6534e1d94d784d6f,SEISSO
store_41a1115a277874f4,Dr. Brite
store_4734eacd5c2a7bf5,HERMÉS
store_e92b37989440e677,N/B
store_20bad22259b579ac,WlosyMond
store_2940433fb93ed887,ZHEGO
store_1f3c2edc5804b084,Love Sun Body
store_2f6a66030409a52c,Bobbi Brown
store_4646c926e61d33e9,Housmile
store_bc1097f6cf8fae18,ARKTEK
store_a374ba20fe900e60,VINCREY
store_9185a8dda46e1360,Berta
store_43b2e2efb5a40d6a,Freyja
store_05b14c075d2fa3cb,HOYOFO
store_9215066475e2a1aa,Precision Medical
store_7451097e55150519,BAILINGFEI
store_0ea466beb8e3c8ba,Beauty Angelbella
store_797ed83d8b4456b2,Inglot
store_dd9585027b2e979a,Gordon Laboratories
store_5cbc252ad5089191,Cosywell
store_91c7ee9573e06cdc,Dr.Nona International
store_8f6f819b52171f9d,SISITARIA
store_84582742a213b724,Gelo
store_d313ab6c43d055c4,STRONGLO
store_a00b27378a09822d,dirk
store_940cccca655fac2e,LOVRIO
store_6687b3ed8ab97bb5,Findabetter
store_f63b096a3073587a,Maxi
store_fdfdb2cd979b7b8f,Vasu
store_4d67cf5bb8d0958b,Aushelly
store_ecf364594df57337,YOOMIA
store_d0bb1f32f127741d,Holy Lama
store_f9d50ddaf22bfdc1,Velvet by Graham & Spencer
store_56f926b1d02be2e2,Slicemall
store_0eaec38757b4cc89,Vella Vella
store_f47e02b4ba8078cc,Sensodyne
store_bdb480de655aa6ec,CC
store_95140e1d00e14c53,DORCO
store_c98f5af7e38ed53f,Leite de Rosas
store_70e908f108fb72c1,CestMall
store_4523374a1181c453,QIKI
store_398983678ec50ace,Sonim
store_e9cffb52098f4489,Marilyn Miglin
store_dc38121503ee5803,CHUU
store_ce56afb885fc2a47,EDEN BodyWorks
store_b8cb3e057772c5c7,OSEA
store_352e44224c2ecd50,Masque
store_0389b827a3b96261,jiebor
store_9b81ea4816f54a6e,WYKOO
store_75ddebe9e9b0b07c,luxtrip
store_c86cb832738f85b5,Pink Victoria Secret
store_4fdc73e74e345eb6,Beautprincess
store_208bb5870ce810c1,EBOPEA
store_8a95ca8120eb026f,ARRR
store_761fe0c92927cdba,HANDAIYAN
store_9f91620773d32735,Getter
store_d00fb6c2a34305f7,Sunlite Sports
store_862e65e782f08b92,NAQIER
store_d16f11c156e4c56b,Glamore
store_24c18c829e83fb6e,FursNewYork
store_03e6837c3a8d49ac,Massimo Dutti
store_75b08d7b9ff0b12d,Wigood
store_6a08d7a4b4e3853a,TheRang
store_0c2f4b8fa47ed5ab,Dongyu
store_f9c79f32e728c7b7,CaserBay
store_5d98de531faf7ea1,BY JOJO SIWA
store_8763d43e619f11e7,Femme Couture
store_4698a6bb238b6a67,ISHAKO
store_ee4aad42aeb6feb3,Zeronic
store_efd36eeec68cc913,Pomeat
store_93fb156451a715e5,Edary
store_bd13f0d549c98b93,Zodaca
store_899d38acd5f63864,Yiguo Adapter Kit
store_534187069c3956b1,organix
store_5e9f7fe94151df6f,sojourn
store_7a63822786c28bbc,BESPORTBLE
store_0580b385cf764928,Beauty Spa
store_5292c3e2e6684a25,Snsowed
store_65116cec482bab1e,HAIRCUBE
store_016a6221ccd90d96,VEAFX
store_a44814b524101c90,Grteark
store_5c23592cd6acf957,Firewipes
store_a9f72bc845ea517d,BAISIDAI
store_b88d5da5d8c5ea78,rcmei
store_2c10af9133cce491,Cosprof
store_85dc72e0653c1f13,Beautywin
store_9c8ac29674d3c3b8,Ithadnam
store_ba6c5fac0cc1e5ca,WICKY
store_25874cb1bd48455b,Epielle
store_a781e71f8972ea12,D&L
store_2f3326be0f3873f4,VANGAY
store_1ab1a5027680d865,CALAILIS
store_c8df1282b749a167,niceeshop
store_440da69674fb8c95,JetkyShop
store_6db33c7ca382a2ff,Wondergloss
store_258b346a8acbbae0,RechicGu
store_9fe19686995d32b8,Coovo
store_cead9bfcee3bc8ab,Mtmei hair
store_80c42de09629fd3a,Sanleevo
store_19d6a733321a3ca2,S-ZONE
store_a86b3dacd32fe022,Toptree
store_82b2b795769e099b,MEi@+D O+@N G
store_c0bfc7fff2fc28a3,Schwarzkopf&henkel
store_3b288f98e9b21526,Clinical Works
store_0a53137a2c25d081,LABOTA
store_6b6a837a6129b71e,Elecicopo
store_b6b4e6b5b742a304,Kristin Ess
store_32ae2c0de508a67a,SONGMICS
store_0c0341e6be8fabca,XKUN
store_30645af31ec9038b,TriplekindAABB
store_151b5b0dfbd9d6cf,Badgequo
store_e6a3a530f98f6cd4,NorthMe
store_16a6a13ba6324ca4,Glinda
store_bb2a2eebaa8ba9d5,INTENSE ELITE
store_d50524f35568cf94,Gilbert Henry
store_484e837279524a51,Karuna
store_04394cc5c62b3e74,Sethexy
store_04c0f15b1ed56d95,HEQUSigns
store_b816d680b4152b0d,GOODY
store_18883d4ed97ef2a8,NIITAWH
store_8a3c97b9cf19f660,Hanz de Fuko
store_8395726d2687fce9,WOOSL
store_f211f1813d203838,LA LA LEAF
store_b32260f376753f5b,Mitrygreen
store_3ddd2f7b3bcc9278,AUEAR
store_66bf8308de2b120e,prowithlin
store_75b780ffe7d7f576,OCALISS
store_548b90096d12edac,Belle Show
store_0962b08a2acf3df2,kizenka JDDIGI US
store_94d6ac2ab8776e01,Sinsation Cosmetics
store_141c6b81377e5845,Bangxunk
store_dc5ce236def73838,LINGXIN
store_3bc50fe9ad77252f,tiggell
store_6b903d97c34826a4,GALLIA
store_ff2d257f184ca03e,AntArt
store_9fb8d14e3b71cf06,UPlama
store_cf5ead2ba94637cb,SGASY
store_78110085bb7d213c,OKEPS
store_42a0ab9fc3525743,Novicey
store_11859b08f77302e8,sncoto
store_f8af905bcb353f9c,DECYOOL
store_7ab81380e123f6c4,Everfavor
store_6c7fad4734ff4494,FROG SAC
store_a857aed74c0a9cfd,YYHR
store_7b0e1aaa699079f9,Yosoo
store_ffc637267f6badb4,Ovonni
store_994184ff773d9f85,KEREJE
store_e4ceeb8af2ec5bd1,LOANPE
store_c4eded7e91cb23ce,Kingwora
store_170f2cf482c9bbbb,EASYFUN
store_b076be4b0c9c4573,Alchemy
store_d8a5646ed6f29381,Twist by LL Skin Care
store_0a9cde539b177832,Schick Hydro 5 Sensitive
store_3af9dc0b1c5ac350,OGANA CELL
store_5f5e18c9b43d5e5e,C&L
store_d8927693a786ddb5,Supple
store_9e6c8adb2e405172,Evenwils
store_30c8cef300515fdb,Rejawece
store_c5698fad9f762096,FRAMICS
store_11e11b8d8bdbd413,Tru Fragrance & Beauty
store_7d1223bd6017b467,Plantlife
store_cf8f4e2be8feeafe,Lahien
store_078fc88bf598a55c,Oxeyegirl
store_c319b4303e1b5813,Just For Me
store_b4ab95a726da4e16,A-Ha
store_55714c5841e898bb,HANYUDIE
store_6cdd14a14739138f,Ultimate 29
store_41af03ebb8159dad,ZO SKIN HEALTH
store_69b9d0ab40b52b48,S&T INC.
store_c2a132cb41b76e50,MaxiMist
store_8bb5a0ca4dd11af7,GIESWY
store_40d30a0bae662ae5,Costco
store_124b56a6a705f6e9,Rêveuse
store_1473e27cd5a2d99f,CLODEGS
store_bd51ac0cbeb52c77,Trobing
store_41f081ea0b49d711,JAYJUN JJ
store_1c5c42e35a0338f2,LifeTools-LT
store_a507601c7ea37df2,Karma Gifts
store_abd49cf6b464e2bd,JACA
store_7fed105bc99c883f,HealthyNees
store_b0346c52fe77c9aa,HUIYOUHUI
store_31867ffa26211aac,Hygi
store_6cfc1ad0fff9d266,FEIVO
store_e9b7ffe65624e4b7,BEFUNNY
store_a774d1229e813988,Kotbs
store_6d3a14e431c9546e,Aukmla
store_8ba5c1126d110aa9,RIICFDD
store_a22bcf75f7b502fd,Smile Industry
store_e6dee76dab2c68ba,BAISAI
store_e947c77439ecb417,CYOUNG
store_67b6f1cba8f83603,Amazing Temporary Tooth
store_55df685134c62a18,Kohinoor
store_c4681caa62cb7474,Grown Alchemist
store_dd539f3b220da6f4,Riverwood
store_c50aa6dbf47c19c6,ELLEN TRACY
store_694c93fa88105f60,FASHION PLUS
store_06094ae677a91c4a,TITRACING
store_8ef456e29e95f03e,Canitor
store_6fea6c6c00d35925,weruimeibester
store_9702b3775a822966,Domie
store_6c7660aa5ef8daaa,Whaline
store_15843cedb62e773e,KISSPAT
store_9a1e4eaab3565c4e,DEJLIG
store_bce08ad942bc6c6e,THE REAL MAN
store_393729559df0f603,ABCBAOBAO
store_c1ed6324f367572b,Global Beauty Care
store_23434256f4126d8f,LOKCEE
store_0081b2e0883f204e,Primal Elements
store_6105171674b9b74f,TCM
store_272b0f9f72fc0352,Solati
store_714e29d729a9cf8d,huanrui
store_c72902565448f5fb,Gardener's Supply Company
store_593858bf07e0f726,Better Homes & Gardens
store_905b64ce1d1d56dd,SEXY MIX
store_da8b3eb3333d947a,Aooher
store_7fdb1508280bd8aa,The Scottish Fine Soaps Company
store_c71093b7b8642e54,Drakkar
store_bb3460d482ab5c87,JxmnTex
store_760b97e8486b3bdf,Jergens
store_d9d17b0c2745bbcb,Boahankuke
store_3a3a0a273af8bb24,Beautymei
store_d78f6090918e9ede,VCKOVCKO
store_0768fa2caa866acc,SSTX
store_1ba5aa03c5e1426e,Ximalay
store_ae4a439d17cecab6,Good Dye Young
store_e7411abe2816fd57,ZURI
store_db5d5964a0779632,Rechoo
store_8469a44406e259cf,Nature Republic
store_fd7d4f024deb7d49,Bravo Star
store_61f6141976f4882d,SPA LUXETIQUE WORLD
store_e5d56deec17313b0,amscan
store_5e0f5b6bbd078768,RASHDOM
store_05c7982ac4aa431b,NaSeny
store_462213582884befb,DeVita
store_1e288703a2728113,XIAO BAO
store_2ccfa4f467e94740,LIANTRAL
store_f81d21e236095a4b,paintlig
store_f99e9bf31f2531f2,Beauty-Mall
store_181fbb28bee4ecde,TYLCC
store_223cc15413c8820c,Filsssdy23
store_379210e7faa38852,RUITASA
store_0a69df900a7ecb7b,ELE KING
store_b3140e7d9a0a4b4b,FEIPRO
store_4b4e85b947c2aed7,Givenchy
store_ff640880e9328beb,Coucoland
store_f7be1ceb97dcd837,Lusters Pink
store_04ffc99f7b23f951,zenpy
store_577759710900f3f0,LOVINSHOW
store_2ed9019e18343264,"Armonds Manufacturing, Inc."
store_4a958f240d52435c,Touch Me
store_011a6725eb4875df,Bold And Brash
store_65928f2c8dbe4e37,Ulta Beauty
store_336b4b98573cad0d,Wende
store_0f907c5a1627048e,Black Solutions
store_1b8f764155ef877c,ENASUI
store_eb5265303aaeba7e,dbhpro
store_b4712671a44552ea,Rictex
store_8a97a74d05a9c9de,VITAMINS hair cosmetics
store_7c37e96039f819b7,Yeegfey
store_9dbc1b9452891e65,Softie
store_7b248a7d9b4091ba,Joanne Arden Organics
store_6c33762d4e9be5e9,Mediheal
store_b1ee4910d16e969e,Smit@
store_ff02812922b0bdef,Envysun
store_4c7f3f36363fe6ac,Bobolyn
store_b0026df68214d913,Brocato
store_08fa10ade3bd50a6,Fromsky
store_8e28958403397237,Ainterol
store_d99a5562adc6a615,WATINC
store_520fbb3c1873361f,St. Ives
store_1be1a65519cf757b,wet n wild
store_7ee196072eab3770,DOLL 10 NO.
store_3808937284840995,Ldntly
store_afa1141df5791fc4,Mode Cosmetics
store_0e8e0b97e9bfe0fe,FYY
store_747c7f2c004853c1,Mabox
store_e44469f2f96e49b6,Golden Gift Box
store_07af85d8b6304b19,French Perm
store_cdd83dd6ddd33664,Sunjasmine
store_62788acbf1b6e127,Eco Styler
store_91c56f7f57862293,BornySTAR
store_6bee6f571e67a943,Yeouth
store_4c31cdcca5450398,Calily
store_7dbcaba8f605bcd5,ZONGOOL
store_e007861f167293ef,Dr Verzub Skincare Products
store_63334a1e7e9be1b9,CRUX Supply Co.
store_4899994e4cc5f237,Heywhose
store_24b6c027e63c0d4a,AOPRIE
store_84f151fccc0ae2de,Devoted Creations
store_e3bd408509a07d30,Emani
store_c45017559dad8864,Amazing Herbs
store_08c39931270f4eb1,SUMMEE
store_8f91e60927c1d453,Jeris
store_4d2698f53c92a2e9,Jada Jade
store_6a2e93bd36eb4c49,BODY FANTASIES SIGNATURE
store_2d3c73d21e3b0852,CHYNA
store_09f65cb044dbbe56,Haoguagua
store_0792e5d73fd33c54,"Sister Dreams, Inc."
store_7119c563d26e29d0,W.LAB
store_2ef52e60c49a02d5,WICK & STRÖM
store_ab4476c2dd8924c9,INVJOY
store_62c0452cb7521a6d,geniusus
store_56f26657cec46ddb,Johan.b
store_867dd6e550c4e0f8,Biba
store_426c85bbc6310c95,Velkomin
store_b956ef1a7b196e3a,DUOENSHA
store_532375fc61cf6fa1,Akkya
store_50899b2f115bc42c,ULOVE HAIR
store_76ca640f28e28432,CUTICATE
store_110a7330c49ae0c5,Sunboom
store_febff2cefae9b242,NEWERPOINT
store_d73f3b636d29acee,Unbranded
store_46c6baf5b5fd1c20,Batific
store_dae0010a82f243c8,Wodesid
store_be371ff64cec3654,Denorex
store_c706098cee484c40,SoapMe with Nature
store_8b22b56918e7616e,Greenwich Bay Trading Company Soaps
store_f614819be614f6e1,CleveAid
store_1cb6f990c7244b94,Nice Dreams
store_b8557684cbc6e840,HLOMVE
store_c825a46b47747d12,BESAME COSMETICS
store_acbc301f45bc859c,MDL
store_c092289daeea632b,JinZeFa
store_10980ae7d79cbd94,Somersets
store_50d3a2d36ca3bc2d,Pat McGrath
store_033deaaed657fdbd,Cilusar
store_f8f626351f459ca2,Samy
store_b2d6b51ee3d21140,Inspired CL
store_11ce522cd6d72c70,anruina
store_295f07b447804550,kesinda
store_98265514d0cec7cc,DAWFOLD
store_82d7ff20633007c6,Living Nature
store_febe38f3106cd4dd,WindMax
store_53a17606f35b9ffa,ELLI K
store_1da98c4a4617cb09,Metme
store_4c1e4cd8e39ba118,Daisyu
store_83bf36bfde1e0a0d,Obvie
store_198bd1f5551d6320,Aubusson
store_3e62213bf665c4bb,GEMTANG
store_7653691ad65cd25c,Modern Barbarian
store_0db3aee131892622,BATH ACCESSORIES
store_4d8e679ecf0cebd3,TEOYALL
store_b74ad10c7735b13d,STfantasy
store_8fe4a336d8956b22,LilySilk
store_ddea2da44579c6a6,Double Beauty
store_fb469a8e04e02ccc,DD D&D Wanderlust
store_1fa6ed3816f61d8e,QNQZ
store_99ce7128a9816c9e,DesignedDazzle
store_45b7ed1f69498340,XRACEPHOL
store_40cae548f8695282,Carejoy
store_921559a053ef04b9,WAVE&BREEZE
store_32ffb5a01bbf64fe,WUIOS
store_91028b8ce825afbb,VinBee
store_8a70a5438d85e386,ANLAN
store_15f56eb09e2480c7,Jolbndcv
store_d0b73ce727bbeb2c,J & H VARIETY PERFUME
store_3d1949f1207ca867,Muranba Dress
store_d06ed28c3b241c66,Aisaide
store_24622d27c777ded0,OZEN
store_9e55fd0e3cd211ec,Curls
store_0e10923f01e4d8b9,Touch of Glam
store_4ec9ae98ad09f24e,Salam Collections
store_c4d596d0b892664b,UPCIRCLE
store_f43dbd947fd6b3e8,JDiction
store_4d250fa43cf9ee71,Myro
store_c69be4ad9fab3996,Generic Brands
store_de2678e7ca32136d,DEGREE MENS DEO
store_8c136b571c66fef9,NYX
store_653f37ca7ed965c4,Tree of Life Beauty
store_ad00249d9de4e4a4,FAERYLE
store_6c2c45536d58b712,Banjara's
store_101a4b7b6f547749,MCISNUH
store_53004c2ea82faaa3,JOLY
store_ecb5a472865ae99d,Eurizen
store_7901dcdbffbe89f0,qavcg
store_19359d08fa49a9a1,8TPYang
store_80cb0c906de5a8f8,Shouhengda
store_c5646cc4564de6e3,MagJo
store_afd50fdcdd48203f,Awans
store_e876956067150a4c,Vets Pride USA
store_30711f45faad8a08,Skin Fitness
store_12b8b7450b2bf440,Xiaomi
store_eaf14a01af23a275,LION
store_dc532439e65be8d6,NEOHIPO
store_898e9cd1b7553ce0,Goat Milk Stuff
store_434dfde265a9af6d,Grace Cole
store_930bb5a5f2d7dc41,OrthoBands
store_329e369d8f37fbc5,Himoc
store_fb2c902d42edf80f,N+A
store_b86fb56f36f4f840,BOSIXTY
store_0baaaf470e9c43d6,Halatool
store_4f052c58526f6652,Dr Dennis Gross
store_b4a87316f7d7c4c9,AINAIL
store_a6425c9efd9d4c80,Towdesy
store_1ef3070d2df44ee6,Kuqqi
store_5270bb47ec09afd8,Wasatch Naturals
store_dc37c59d353bddd3,Brollitest
store_edd593b090302d3b,WindTouch
store_c03c0b77cfed306d,Hinaso
store_5e9f96e6173d86e2,JUNG SAEM MOOL
store_f1c648a0bd916d3f,Oxy
store_c605f956f27bb5bb,YOTINO
store_2ab567eb39619a5f,EXROSSI
store_2c0b6d82a395b61a,NOBLE ROOTS
store_924f79454ebdc077,YISEA
store_150c8451b1739a8f,Celestial Silk
store_4963f4bdd72377dd,Fruits and Passion
store_9970928601f9ba9a,Wecoe
store_507d32eaed2d3b92,BioClarity
store_52e3c2ab163122fc,AViBNiUM
store_6eed51eb71105a43,Mermaid Hair Store
store_37768bbb3d198028,AIMILI hilin
store_ae2cf9378d70d1c8,Cleopatra Beauty Care
store_4237d2fd2be4c034,Healthing
store_8c6ef234b24b88e1,ReFaXi
store_23b13e136ea45b5f,Fercaish
store_ff06f108d04b5699,Pecksniff's
store_206215462156a103,Driew
store_df4e221b68c41d4d,LEDeng
store_b3ecd99ca19d8e8a,Campbell Mcauley
store_5ef2783b40b0b29a,Hexuan
store_4af549e65311fd69,Pro-line Racing
store_9cd54f7828bd891a,EMEDA
store_26cae1d9b999d72b,KARI
store_f2e14b77e279457e,La Chat
store_f13602872394e774,Alicequeenhair
store_bcb392dc40608f28,RoseFlower
store_03f9cf3ab4b5d29e,IS_FROM
store_17fe4c83f2046254,Doubtless Bay
store_e01cc29a7e9fc5e7,Fancy Combs
store_f8707528c1366c78,Saim
store_707b8d6dcba792b9,Oligo Professionnel
store_322702d4d85e6886,YUNKAI
store_d7d4ce8b2d089754,Kingdom
store_ed5ec013af187769,GRAEEN
store_026ad877e94f2edf,JOSLOVE
store_7092ca5fe95b556d,Aigemei
store_d2d672c52fe4d8e7,AMYMO
store_850ad8661cdfb6b3,ALLAURA
store_d866498c9b4d6b07,FIND BEAUTY
store_85a45301bd4091cf,MojiDecor
store_219d9773178b8cbf,sincewo
store_d9ceb224e54ecf0d,NuExpressions
store_7d871a79c86c9644,Spewom
store_a208f8b2587d25d3,FUMUD
store_726847999650b5c3,Leyla Milani Hair
store_6c8f5cfeeb15015d,Arubas Apothecary
store_08ed943de7b65d96,Levine Health Products
store_92618305c9fb7f41,MyRalice
store_54a4c507c13359f7,Aquasentials
store_2304f9167764aaf3,LifeDawn
store_207773ee72f84262,Carmindy & Co.
store_ec323013264ecc02,JUMESO
store_07f9bb0766335c79,Osmotics Cosmeceuticals
store_93ed3df9940d3779,YG_Oline
store_f2abe1eb93f81307,Conscious Ink
store_dd06edfd21474736,NNNN
store_d9e99dd81f34b51b,R.A. BÖCK DIAGNOSTICS
store_32316ae4973981fc,BONNIE CHOICE
store_7eabc78622dc934f,Kakaco
store_eae957976b11e0b3,TDL
store_d302574956fb2f7c,NewTrend
store_5dd06991e493d87a,Dofash
store_b1e0e310f3778304,Best Gift Shop
store_c67f9f417fea8652,GYCD
store_763dbdbe2ad2b576,KESYOO
store_78abed539e94df13,FanLin
store_e4d2b0b80356bc4e,Tom's of Maine
store_a47adec4d12f8b4c,Marvelent
store_e243b60eaaf0bdfc,Salon In Recamier
store_b8288a3a5c99ca76,Asooll
store_b98b190271f396d5,Color Craze
store_ad03d72e0b632b15,SENSAIRUITE
store_409586060dfe6b4a,Coretex
store_3a178bd57b36acf5,FUTTMI
store_e0deb532df65f714,Bottega Veneta
store_60133c81431359c7,FINYOU
store_795a8c687b11938c,NFUSPR
store_d92a8475f713c733,Bangood
store_a5a75448d91e9488,HoBeauty
store_e1585694693badd3,Unihubys
store_e19bc44629e009c8,KKWX
store_9a2f6651fda22d95,Rosyou
store_376267c73a1603b9,WKS
store_1b01d75c14fc47af,USecret
store_5de7151c832034fa,Pimoys
store_70fbc3d345932834,Black & White
store_4f491634266592dd,ARTIBETTER
store_2fbff08da2df9185,ORSUNCER
store_776088c4c889dbe6,PumPedi
store_d30609f554226062,ViviDreamore
store_95d8736f788e6a9e,Bahama Tan
store_410de66ad077b929,household sprayer
store_40bc268f88e6d1bb,786
store_1e0ddbed22c855da,Charak
store_4aff6b9f09bb5914,MEULOT
store_05eebfad3340871e,Al Haramain
store_4fa32f33034acdba,ZWELLBE
store_08567999885118fa,SILPECWEE
store_34c581d14189847a,SGX NYC
store_eada1a5d8543bb9e,SOME BY MI
store_b8c9f8b0e204d069,Root of Happiness
store_004e8fe794d5db53,ELFRhino
store_b492f55f6658e2c5,QoQlz
store_07d052eb65c29f32,QINGYA
store_4cb80f8bc832c491,DARLING HER
store_6379e20f849d7943,Barefoot Venus
store_9ac00d1182b921c0,Dragoart
store_b6d9db0e9b1d7aa5,Rio De Keratin
store_464c04977821729d,SEXROV
store_e5579a0b86b2d922,Voluspa
store_9eb22d7beb527a5f,Tattify
store_8b73b02b4a66b046,Pour Moi
store_4dc023e0f2cf45aa,Studio 21 Graphix
store_004eeac9759fc830,GLAMERMAID
store_e38e74287cf86c61,NAMI Beauty
store_5fdaa25da4db381f,DatingDay
store_c5426213ce12d196,DACHIC
store_c99a16fd9f61c14f,pyntop
store_506cee8f5ec8b3e5,STARSIDE
store_7a5c9f28381673c0,Couture
store_41569bcc73d086b3,FANMIN
store_bca990ab6b3433fd,Maycreate
store_1d4ebb499d394651,Milkydress
store_2698ff1ca7ce1b0a,MagiDeal
store_e98350fc5a1cde50,HARRIS
store_81454396f1a16cd2,BYRD Hairdo Products
store_3ea2757ef8d8a88a,AKIRO
store_fb917a8578b537d9,BeYihair
store_f4e5160d9b803c93,HAIRtamin
store_fa49373d808fea02,SWEETV
store_65164f3ed3dae5a0,fishhook
store_49c37c865cdc956d,FineVine
store_e58c42ad76026de7,Marrh
store_4046bd39a5cdae68,Karida
store_1cd547ae9d721e20,Lifestance
store_44e91fd74dd7f564,Nella
store_0352a4b28b4ec70d,Sexybaby
store_9987f140ba59760c,ATLanyards
store_6bda9333870dfd20,JIETAI
store_2f64cc6cb0515003,Sublime Beauty
store_5f057f20f3239a6a,MYO
store_36146bffd2f6b271,SAMBRAID
store_8ed809e45e8cfcbd,LUNES
store_a44cff5e7ad9bf84,Kemzzone
store_7503ec12c6a7ca2b,KarlunKoy
store_502e5ad6b94cc6b7,JerryBaby
store_b55a9fb219fddbfb,Cindylou
store_68be328a30c24804,W.W.W
store_95942bcc5294974a,AFSTEE
store_9eb649a2a216a0eb,An-self
store_8e74819d832437c9,NICEFACE
store_a3b17845b93d48dd,PENEBELLA
store_03da020ad8488678,IRCHLYN
store_5e5c3370ad8476dc,LeChat
store_9c4c6bc6804a1a48,BioSource Naturals
store_e70c19475f237cd7,First Aid Beauty
store_c1030ce4c4d1d1e6,JZYQYH
store_f1978cc016183466,Biotherm
store_88a085d2bd65d96e,Green Beard Grmng
store_347ead6348e93650,MAC
store_71b6ab88a8f4dc7f,TBRZTR
store_787e4e521a461d85,MSGEM
store_02a29eae3525ec46,TI STYLE
store_ef3f432aa3c29b15,Lexqui
store_58f227bfce873a7c,VERONNI
store_1ef1da2804041681,mi nature
store_adb343be916e8917,COCOSILK
store_1cbd628b62a76f69,Vena Beauty
store_6cbfbc47d7db5fff,Thailand
store_fd57473d40f048eb,Purvigor
store_3914917ba1dddf1c,Gopala Organic
store_e9ae70cdb7314631,Zekes Beard Wipes
store_423b50ad4e476fb9,XUYAO
store_cbc9778649d85bad,Aiskki
store_42801898731c5984,saniti
store_85b65d90c788ec02,HICC GROOM!
store_75f1060cd79e2ce7,Fruit of the Earth
store_5c360ddbd0aa2acf,Onene
store_64ff7ea9a66a66a7,Bloomeffects
store_320e23a1e190d6d7,CHELLY
store_22b4b91aded6a417,VIPbeauty
store_7e0d4a1bda8760a4,NutriBiotic
store_3b0ee849f1377d3b,Hetto
store_3248c7e13efc073a,GoGreen Sprouter
store_c3c7029c2a42e045,CLEAN SKIN CLUB
store_8ad4bebc15e40a96,OhMyTat
store_f982df3985c2500a,yellow girl
store_e1d97566cad400a7,Dental Flosser
store_b3b3a8c0edafdf59,WNAGPOPO
store_f573504dc9c7e9e9,MOR
store_9cedd06b12137edf,GGYao
store_575c43e90916033d,Kevyn Aucoin
store_c6295d91af2493c7,Baylis & Harding
store_28adbfbc54159786,Tebery
store_f05e1b38abeba0f4,D&E SELLERS LLC
store_06264e5c21fb8da1,BLARA ORGANIC HOUSE
store_9f50449a9f199805,Meifen
store_6bbc55df296acd2a,Teensery
store_4a94c82ceff6020a,Nicute
store_0601c6cc97f1c6a1,ChYoung
store_b2d08e2546924051,New Balance
store_b28e609be9745d66,Beauty Treats
store_ee097b102c1c9b2a,VGTE
store_affc395481855ba2,Unilever
store_64c92173a4bbfa73,B&Qaugen
store_527109c234d9bd27,NEW TREE
store_d3dd895d44dd3529,Tongcloud
store_ce033e45c3ca4b3f,Zac's Alter Ego®
store_aa3d1a7d23f054eb,Celie
store_b78809cd2762d87c,MALUNGMA
store_da1ee9ca9a632fb2,Kenchii
store_26a105606ce0f18a,Vekola
store_7665c7d956699a26,CHuangQi
store_193e92e6826f891b,ZenXoilZ
store_58f2bc3505c3da88,Mrladgo
store_3c877228a6f4884b,Profycure Products
store_286e52cef6df8ae2,MEGFENPA
store_a774eaf3da56507e,Aispour
store_417a2b05c6f00d38,Nano Botanix
store_4cd3f7ce869b03b6,Sibba
store_868dad45e6cabcd1,Goldfinch
store_339cf148e5b2e37c,Bogazici
store_a0fd83afc0245c05,Tioolioo
store_ae16d7c4c63797d2,GETNOIVAS
store_b23db81213c65e70,Elaxor™
store_80d82a4e96b2dd76,Lemoncy
store_28083f431f0bb688,CraftMe
store_eda62a7d3eae3ac6,Harosy
store_2a8f2f88b170a1e3,TEESTOU
store_aca30fd951024556,Aamzic
store_9499d99484050e5b,J.WASSA
store_27f36dce86937c9b,Flex Beauty
store_f63d70e5c73c732f,YILITE
store_b8dd0c5c6004d780,K'ryssma
store_07e21e45e35a8b5a,Honbeanify DCV
store_8bf1b80a4fc6f0bd,Mychanson
store_6a867075ab8ff739,Aresvns
store_3ef359e1983492ec,COSYMAY
store_d50407f7f4ee42bc,mow
store_20d2eac3dc2dbdf3,Kangsanli
store_3dfc1fa92773fbe1,Hanyia
store_3c41a8209235b498,Vitamasques
store_180a7fafcbf9d835,John Novais
store_44b6f47ead86736c,NBteach
store_e0117482a08e5fc8,Braza
store_d48cb5c8f0734f12,ScivoKaval
store_d963afbcdaace150,Wee Ones
store_f1a970800841063d,KINGLAKE
store_0b53bfa7a13f5093,Donruss
store_812ecd580038ff9f,Perma Blend
store_daef90e26add82c1,AÚ NATURAL SKINFOOD
store_c81ccf6ce94a3c4e,ABH AMAZINGBEAUTY HAIR
store_095526ae6abc57eb,Nad's
store_e333a30486c7783d,Zum
store_95e6deb49155cc28,IUPin
store_a780a1f92ff38f50,PLAYMONT
store_c80c949170494b57,MISSGGBOND
store_22a21d81e870157f,ARTISTRY
store_b6924784ba5fa4a1,GOEGE
store_c31491928cfdd518,nonbranded
store_dfe2db74975e0aa9,General
store_37d4ec9ca2d9c9df,Balea
store_adbb4d8ec530f9fc,AddFavor
store_a186cc43331c0ff0,fefelike
store_247731c75f3b2775,Marcus
store_9c357f9d6dc9d7b1,Bmirth
store_e57a7888e5fdc1ee,Barmensen Labs
store_7cf0c3c927ed7e18,Monci
store_cec11f954e07b597,CHANEL
store_9bc14c4f44404135,Dudu Osum
store_e2dcdb1fc7f6b8dc,Lit-Pack
store_54ac44aa8d042534,BOHOBABE
store_dd2259f8f68021f8,WAVALP
store_0ed6505464e97bf5,JIANCENGYB
store_24309ef5a4403a9e,YOCYTU
store_67c23125a82e3fa7,LE CHAMEAU
store_5aa09ccceea79666,ELVASEN
store_2c54892c40a17516,CITY
store_aa8e845d5f1f6014,JasmineSeven
store_246b1eafb7d5c126,Hayden Ljsu
store_d2c4f813297d7581,Skandinavisk
store_7ad121d9fd0b9d06,Isa Knox
store_08176093ab396815,Glow on 5th
store_09df457870b3a434,L.O.C.K. Color
store_8ca2ccb8eed5cab6,Makeupstory
store_5817d496c8a7dcaf,Firefly Turbo
store_36f0efb77d5be14f,Junhe
store_887e09b75cbd6452,RONGASD
store_4171e7a8332ece79,Mesariel
store_63d5986078ac6823,PACMAXI
store_9822de6f849f5893,OPOLEMIN
store_072d842b0c934fb8,USUKUSI
store_47f76c7106538bd4,U/D
store_78fb3be3dbaf7c10,UrChoice
store_c06b3e38eac2ea40,Kukiwhy
store_23ccc89299cca118,Argind
store_eaf376d28161109a,Nadula
store_a849b2856b374679,Mirenesse
store_37e2ecf6d0a80570,Coastal Fragrance
store_6b0d9f26090a8d23,HATELI
store_5947c5626c3eb99d,Betaven
store_00835bb7e0c5ef21,Mytium
store_6ec30a07da66d8bb,Loquay
store_caf32b96dfe697ac,Pierre Cardin
store_2224e4a6e2e8e4e3,NEST Fragrances
store_dc8a8b6798ecc3c4,ESSENZA
store_d596f5c451814138,Little Moon Essentials
store_4b9d1ce3a61a809e,Wantwig
store_609b6548fb884c91,Chnaivy
store_e6d48eaa05adc92f,YorkTattoo
store_2f85b996d5458588,LRKNNO
store_296a25b6d3961419,EBANKU
store_ae715e52c8d89325,Jolanly
store_5e9b60f69165f32f,TAG
store_14bf9a0bb644f331,FVELOVE
store_66d10f09db8b755b,Papilion
store_8016ded5916caba1,OMYSTYLE
store_53dade7d5583aaa8,GIMO
store_6990ca5f09f9bca2,Ayana
store_aaba3f3cda3945a7,lifecolor
store_e68a2f68c91f0d72,Risunpet
store_38dcc60e66bbccbd,5-day
store_9e6c1ebe2945f956,YXLM
store_4dd431700217b965,ZEONHEI
store_e82f91c878eaeb29,FARI Series
store_51c164803a33293a,Butt Naked Baby
store_d01a3ad19d26969b,Mookiraer
store_fcb995a7d6ec54b9,YS Psrk
store_d66b7231009ddf48,Velvachol
store_ca0545438c9b81af,Lily & Lacey
store_153e5322eb1f9ddf,Pureganic
store_12b8ce37f04d47ce,CUPBEN
store_29519d785c6fed95,RFDBZ HAIR
store_4fa1015e99964f7e,Shofu
store_94c6b99279a15079,Garden Greens
store_42c42eae0b4314dc,Pangea Organics
store_f761b57d336d79ac,Jecca Blac
store_564f8f28a6e36019,sandoo
store_9d9f45060a0b4fe8,YITI
store_9644823b7ee47d3b,HEIMISH
store_c0d262ab25345fa0,Arm + Hammer
store_44bebe323cbc823b,Honu
store_0d73694e519057b7,Generico
store_0697efec2a3d3575,La Femme
store_1e8c02eb2bd7ae79,Duoyeree
store_947fbd381e5ec656,SUBANG
store_6c62e634ceab964d,PanDaDa
store_ba45909b7cdcc63f,MULAFEE
store_1ba778dc2ad8709e,NUK
store_9d955ca41c3723db,Round Barn Apothecary
store_7e6f61520e433b3d,Langer Hair
store_704b4fdab07399fc,African Pride
store_3a055a1768e388a9,Afrodiva
store_3e64a045a15e612f,Pattern By Tracee Ellis Ross
store_6b7a541040e2241b,oceansEdge11
store_54b7881f5ff342dd,Comicfs
store_ea5af7a04c5f7aca,Argan Deluxe
store_1f18c4f74c803f42,HAITRAL
store_946bf97adab720ed,ZONKO
store_308212b7152aaff9,The Tamed Beard
store_55bcb83bf5620ecc,homeasy
store_d81f710e8bfa2f85,KODORIA
store_28d6f5ab78b4ca86,VEAMOR
store_595b364810b9df3f,Xshows
store_4ce3783ea4b14249,Cultural Exchange
store_b57a5eb9dedc7617,Helia-D
store_462e5c76d78f6f0c,lootaan
store_a2c5e2085b0a27d1,OGIRL
store_abd63c617f7cee10,VI DERM
store_9a3bb223056a8609,Biodroga
store_5c655094a2d55ac3,Everything Natural
store_1882f024c95e9421,Minkuke
store_4fbe6f47bd73c354,The Healing Garden
store_eb1402c3cbfb6480,Wet-Nap
store_008392c3aabfdbea,GiftsGaloreNow
store_bf96185d77b1bc9d,Skin Beauty Essentials
store_8321857e7c00b1ee,JIAHANG
store_6e7e5c1fc7df0624,CICK
store_936073ed8b299ed5,Greneric
store_32d818267cd9794e,CoulorButtons
store_0383ea018bc338da,FAELBATY
store_433f0712c49d0c39,Savavi
store_75730c37e0c7af21,FragrantShare
store_c6a48af45022f95e,OMAIC
store_f741a2b1356fd0fb,PETER COPPOLA
store_856c5388bec324b8,ACM
store_016a5906e37cd0fd,Apipi
store_d4312608208d3f11,WENFENG
store_3d9028763e45ecfb,Onisilk
store_abd7cdbca71fbb3d,Woeoe
store_89b71652967a46bb,Culler Beauty
store_0d5b73dbf1e32c4a,Komorebi
store_32b1bdf519deb1ef,Greenwich Bay Trading Company
store_74c35e15b487a2d9,Simply Divine Botanicals
store_251d0aa7f74484bf,BLACK EGG
store_2d713e85eb83b8f9,SuPoo
store_f8e356f71526798c,CysterWigs
store_c83b2c2879cfa49a,Meiliy
store_8e972c04d24e0e96,FLYMEI
store_1ff48269a5291c04,Loyo
store_d2afb69fdc0be110,Funyn
store_e1ae8b83cea204de,Nonebranded
store_055977e91bb95c61,Kexle
store_98b7014393a4c572,Svolna
store_cf6e1875ba5da4df,AWEFC
store_47d35b9b31863244,Blitzby
store_bbdd1dc1e5efcb5c,Aolailiya
store_34878d25b500bf42,No. 7
store_7f0957e36e01f4d7,YOURWIGS
store_0ba11a20cf7144d1,VDY
store_2b5a5caeb2bb62bf,Piping Rock
store_878599e795f1c169,CHOOSE-IT
store_83b102f0c484d782,Resilient Beauty
store_01bf45e02f4192d7,Zhanmai
store_ed580901c58f51a9,LOOKSEVEN
store_ef61a43b2a460bdb,Ciat
store_40ba8d9d471e634d,It'S SKIN
store_34c8af6491179092,Adox
store_9b2ce90e8bdb5877,NW VONAR HAIR
store_d9976547975b3179,KORSMALL
store_c2cf6a412aad4bbd,“N/A”
store_6b2830b186cd2ca4,BBG
store_1220fed1dc8fa0c3,Salusy
store_d7f38c3e6f01341d,WISLIBE
store_3fd2b67174149b4f,Sué Exquisite
store_b3f41faa085f2d51,JINSA ESSENTIALS
store_6b2e2173e7edda1c,Chapstick
store_500215bef9101146,TensCare
store_247dd2e0f06287e6,jieri
store_d285fb065cfc39c1,marQus
store_bb518a8bb7f43f14,Hawkko
store_7fdfaea3e62ceaae,Bonamour
store_b7fed4d1d4d6d739,Home Health
store_373ef07bc91d59a7,ASVP Shop
store_4df8c8e6ae9bc9af,ANNISOUL
store_958f57f57d72a30f,IF
store_9781e3afc6cdb26e,BLL.cf
store_9d7dafd23c3943e0,RETON
store_4ef5b645ccddbd21,MAYJAM
store_f79fcdf685322922,Aunt Fannie's
store_ea3a4bf4e1818da9,LA Looks
store_0eaa513a0b3c2c6d,Fairyland
store_6d24fd7c6f5ae75e,OMAROA
store_4ee825f3d7b45f48,Groganics
store_4e27b104ea3015d0,LXIANGN
store_98e7fb436771e90d,Donghou
store_060b5bcc73727d06,Mirrolla
store_88a4b8bd90f7fdc1,Baby Foot
store_45f26c57cf1da1db,PONDS FACE
store_3b4f25eb2baf9264,Reliamed
store_7982aaf3471e0136,Iusmnur
store_5fe27dfe5bbc7212,KUKALE
store_7ba8815e711591da,Micirc
store_8d7bf2041120a75c,Naina
store_447496b90f466783,HITOPTY
store_ef44188d218ef25a,Jeanssar
store_fac25e5c0981a92a,MaddieGirl
store_b8c45bf3eeae035e,zyqing
store_828842335f44dd40,Spraywhip
store_4438eeebbaa17d69,Lakkio
store_08775ba7f571c08c,The Hawaiian Classic Perfumes Collection
store_760b6810fec55f10,Cantu
store_927a032257c1fc42,CircleKit
store_6fb8de775cc22227,Afro hair
store_c68d012dac262206,TOPWEL
store_e999b4e49b569711,DJJKKL
store_3346895951548f66,Kristens
store_8b129b0f79ddab8c,LIPOSOMAX
store_b6204a75b33ab444,bebe
store_a8f85647d2b85726,DÉBUT
store_db6da1df5beef1ae,inkint
store_8d9d39d971306dd4,SailorMoon
store_a05bd890c4868ea1,LUCA
store_cd0ccc9debe8f14b,Blue Saint
store_e7c3571d3e95b0ef,Nail Tek
store_79b062a4078e18f8,PLANTURECO
store_2706dc27e94d4ba7,Ice Dive
store_a5610092ea07daeb,UNAOIWN
store_3c9b094bc4d50b88,Miugle
store_b268286ce73d8036,EVERJOY
store_274b9fe6ff093702,Widirong
store_cac89b4b11592fa4,Senignol
store_822657a2323eea6b,Fitrace
store_826b425eac781bc3,OxygenCeuticals
store_971f5fcee7780a39,OrigiNails
store_01b095f56c0e5ce3,JOBST
store_398ec4c48f025d42,AGOAL
store_3cd05adc9e29911e,HANLADY
store_b8aca9aa3f05b743,Beatife
store_6c84e5c624c38baa,KARADIUM
store_18182f24191adc14,Anatolia Daphne
store_da8a8bb442982f4e,FATUXZ
store_6b4cf27cfa85e839,AHAOMG
store_6a3daeb4e6076744,GETMORE7
store_2b58295575e16c41,Circle Elephant
store_6f54610d1407922e,JAKAWIN
store_1f3ab1aa20142a06,LingGuan
store_802750a4baf5f38e,VT COSMETICS
store_11a6162888a27f31,Norelco
store_2a8359d24fe1cacb,Zappbo®
store_4e7d3a9e064272a7,OLEWELL
store_e8b5a1002f77f385,Elie Saab
store_c4ed396b3f9561ad,Caprice
store_c3f0c54b2664d086,Geologie
store_49391c82fe683440,EFIVS ARTS
store_0c3b3604031de8bd,NGUP
store_0b01301aa63c6cdd,Outyua
store_722a5ef181fc34a0,BESU
store_be1df9932095aa24,SUHOCO
store_98520977c9ef02b6,TAROMAING
store_19c224b4ab5d66f2,Honslis
store_808ecf04d9073be3,Creative Growth
store_049736e2374cf45d,JU+
store_8382d1f96aac9e03,CMS Technologies
store_997adc836efa6ea6,Mynena
store_7f6c2856d3b55427,Alba Botanica
store_4a09cd2c70e09efc,Lattafa
store_290879db01030cd9,THE BETTER SKIN CO.
store_0a47b896cbf3edb1,Kaptin
store_e99ae1eba85609f6,MILULUGO
store_ad3154a6db6f6ddb,BODYMART
store_b1677e8645f10747,GRATINO
store_c0343eaa7ad7f9f8,nonosize
store_843ac6335e8efcf0,Biubee
store_ccdf33430552384d,Elizabeth Parker Naturals
store_3dcea1c71a794c88,LOTSOF
store_3690c8cbd8c1f0e3,EASTBUDDY
store_a8530af946f8d30e,DZT1968
store_bfb939588bc1a878,KC Republic
store_d9781c745672252d,Macy´s
store_e34fb5d8886e3e5c,BCBGMAXAZRIA
store_9e04d3d0ed834261,Hairitory
store_bc3c1768ace08fc0,Happyupcity
store_e2c14caee437b33e,FTQZKEY
store_ee593dd480b7a07c,Skin Nation
store_21aab516d69b32bf,Mia
store_846c6176448ed635,Graydon Skincare
store_c3d0bed30f4aaee0,Scunci
store_8e7dd31f3be5033c,NEOPLUS
store_63f3f0f43be4b26c,Ehope
store_ab08c8169c297325,OOTORI
store_896662bc1d7158e8,Sonett
store_47cc68142f57cf4a,Hhong
store_eb884dc6029fa5ac,Feulover
store_2aa3326a6674f6bd,Bettli
store_f61128dd802faa6f,CREAMOON
store_1539155dde9bb0c0,TIANA PASSION TWIST
store_1859cda54f132860,SHIONLE
store_832463026a9d61c9,Polaar
store_41de761f534ddaa0,SHARING
store_6ca974b5a390afbc,Kasimedo
store_58e0ce562885521f,LEGACY NAILS
store_45a19d408150eda9,SEBAMED
store_a5be0f0a93a483ae,tuokiy
store_7c74c8693b6ffcae,Sarangsae
store_12c19cb0881a1fb3,YiJiaBa
store_07cd51120e060861,Bodipure
store_77bd49f87eca326d,Vonadale
store_0dbcbf3f476cf951,JIAMEISI
store_248740bf9ee351c3,Togedor
store_3b079ed354d438ee,6th Sense Styling Technology
store_2e0b8f475bc1e80e,Soft & Dri
store_96a2072a8a031ae7,THERAWORX PROTECT
store_6d510c42156096bc,BestLand
store_f5e7fdb454de0575,Jannar
store_1799296195846afe,Antony
store_c8c7499ff73b21b5,Nature’s Gate Professional
store_ef96f5779c98ce3d,Nghia
store_63c0d75696da3085,DOM'S DEODORANT
store_5d88d3000635da38,FatCat Wall Graphics
store_0cb03269dc7c2b2f,Doheroine
store_72885e1df7896405,Narta
store_b9d3b8e9c33a0190,Pitotubes
store_f110c01183bde4d9,BORELTH
store_7f1bfbc78d8c094c,Nova Goddess
store_29df9f4ebd0e1102,HSKIE
store_0a604eab5e36852c,BaoKuan
store_17d058c791d8dd80,TOOBIT
store_9aa3ce90db1c09a9,Immu-nat
store_1f3cda54ebba9cf5,W3LL PEOPLE
store_1e3acad24c13bea8,YOUNIQUE
store_a0caba95065dc420,Pantene
store_361f35dbf37c0a83,Avanlin
store_82ec3a400ce806f2,Arymar
store_3e8c3e4dcbff1701,Hibeauty
store_f0baaf131e815bec,COLORGRAM
store_70fed7b7b4a3b0b1,Fran Wilson
store_83432460bf663f84,Nicky's Gift
store_d5cea110d447a8fc,U/A
store_af7edd35745f6663,DRESBE
store_a546cf7c144d2934,Cedilis
store_0285e01645a08707,Fountain of Truth
store_5e607f1450288a7c,Hukeify
store_07dfdc72bfdc457f,Loghot
store_3b5d1de3dcb360ef,Afreezm
store_8933d96a4cbb541e,LFRNZS
store_3e7ca7c973fa97e1,Tgirls
store_ff824661cc3a7ffa,INSTANT THICK
store_733b78db8ae01291,ALI MODA
store_b94d4872fe2e9b5f,Fencca
store_3f77cb56dff8bfda,Raw Earth Organic
store_a8376ced1ebe8319,SportMore
store_9c656d1da72390d5,Nu Skin
store_fe6a682643f23fb5,Vermida
store_bcb0348876806d5f,Balmain
store_6d72a153c347adeb,MsSunlight
store_1b14b161bdf386c0,XINKYD
store_b4d0771bee8facc5,CST-Berger
store_06458dcb90a4ca12,RUDE
store_a0ff56a6b8838f99,Olymei
store_f88262ca6466b34f,MACH3
store_58064af268241262,wolfmoon botanicals
store_cc14df28bb1afa3a,MyGANN
store_d1a516d275b6e5cc,La Compagnie de Provence
store_70146299c8db5916,GLOBAL GOLDEN
store_a71334aad9b17e70,Plaisir Royal
store_ed6f4bf98d17dce0,Anzorhal
store_4ab84a917f3551c0,Hongee
store_6ec5ed59f128bb21,Midwest Sea Salt CompanyMGDYSS
store_e3640c3ff3222b19,YLady
store_db6535df7fe9df8b,JUNSSTORE
store_a80f7d04528a48eb,SIAMHOO
store_a1fc409e72a37907,Wusjyeda
store_c6dd87abd42d43af,Jiulory
store_386c25f7a843bc30,NBNMTY
store_1e3fd2455e5e5eb8,Isadora
store_6e391f044e00055f,skyn ICELAND
store_779e31d1482ac000,PROTUSTER
store_c33be61903acf83d,Sisadodo
store_f3c62de455962fbd,Express
store_0e6674f7482f8999,Macute
store_b74f914be75dca5b,Worldwide Sourcing
store_71864cfa1b3dcaea,Garden Botanika
store_2d64b0bc180c40ca,Dahey
store_c5c66bba3a819773,Flying Beauty
store_288fb2ad1ee6db7c,Fairgreat
store_2b9325524a9fa2ce,coscostume
store_967f685221606354,Bardeau Essentials
store_b07c120d591ab0d0,Glob Mops
store_e705b8c77d9f8bb8,Icona Lashes
store_de8ef8b7b0b52852,sanhe
store_15159428221e5e0c,Dharma
store_c8c11683b7632acb,Gold N Hot
store_7f8636eaac7fc9c6,R HORSE
store_7daec688f98d3646,LA Colors
store_c4b94a63470264ac,QNT
store_f4bb717210c80a00,Belleshow
store_b83ae9402159c9c5,Forlin
store_b1b6b331f41d1bcc,Origin-Joy
store_04f3b93661e66121,AONOLOVO
store_5d80928e9f71c8c0,Vech
store_c645debd9f4e7d50,VQS
store_504cc78613863189,PUR Beauty Bazaar
store_cce7519383f1f568,Geloo
store_a0f3c4f8d4c1bfd7,CUZYOU
store_957ee66bf0ba0dee,Cosmetics BAM
store_e7838036bad1cac4,LEYOO
store_ddd114c40c839f54,MANNIFEN
store_91039a3f9351c40a,Skysor
store_3554e476c70ea70f,"Markwins Beauty Products, Inc."
store_5d021c38d9ff65fa,Cover Your Gray
store_ae46edbec27b4d43,QDBOWIN QUEEN HAIR
store_6e9c2d3d6a34bb40,HyggeFabrik
store_61ad1e5ae3adf6c2,Bonoa
store_1e37498a424f1da5,MZCMSL
store_9a64254584d10074,Glowingstar
store_5c6c445e579f02fd,FAMILY CARE ACCU
store_12231a691945bde5,HUAYE
store_abc8f5981a11f0f6,Geosar
store_3bf27008b7c9201d,superkrit
store_ee2aacaf62da8f75,Coquette Chronicles
store_02d3818a5fcc9ef4,QTH
store_018725cf6de803e3,GNC
store_3871f4f335889550,Little FootPrint
store_768156cbc8774956,SHERY
store_6cae1390cbf25dda,GL-Turelifes
store_5a6411366ad59d0e,Wehous
store_3d6e7bbae14814e0,ESEICO
store_a25936bcd3e500b6,ICENEE
store_bf2bcbc89eaf8892,Luismia
store_17e252f3307867fb,LONEEDY
store_25b3123495429833,Fascigirl
store_b65fecc1d2e6a290,Ruth Paul Skin
store_ef6246346658f862,Dope on a Rope Soap
store_bab060acbfec7837,Ckeyin
store_4a42d89aadfa0ace,Mirta De Perales
store_5b288a4864da6177,I·B·N G
store_542c5e265de55713,PERISMODA
store_b437425c9ee2e1cc,Oritha
store_dd98a5e9c673c5d3,REBLX
store_f37e1e8ae7e14edb,Highwings
store_255a4b0195d31a47,VASSAGO
store_5811f5e73d6cbc2c,Happy Place
store_f76bd5e157c09f1c,G.C
store_39a276591265fbfb,GYHAIR
store_84a9b590a2792e19,BotaVita
store_25909f98f128ae8d,lavera
store_7fa9ac40a4c3ded9,Aegenacess
store_a984a099a53cfae7,FNK
store_8278c7ae50373db6,ZUFECY
store_73bdcda237e602dd,SPOVE
store_59fda2561ee946ce,Fashion Beanies
store_a978307e309a0a2b,VILLA DES PLATANES
store_3633ff8b4eec439d,patanjali
store_1604ac6879413070,Bendy and the Ink Machine
store_80bee453e54c72cd,Lihui
store_15df965fba0b75a6,AivmolIk
store_ca593a7e45f32adb,Merle Norman Purely Mineral Makeup ML44
store_f09ed90db36ae1b8,yinat
store_e2630501965cc2e1,Lanbelle
store_1b51a05b4332d1ee,KRX
store_4079f35515c7ceff,BeardGang Members
store_fa9900e28dc9adb5,AVANI Dead Sea Cosmetics
store_639481e53a3f41f3,Nvnvdij
store_48c8e6eb86a91d1a,Red Rock Organics
store_151cf6ae5f24a002,Wingirl
store_06790dd40e44f0c6,D § C
store_8183615185a02a6c,LOLITA LEMPICKA LE PARFUM
store_8c660712ec2f2b63,Celepaty
store_c1ed709d8486259a,Toni&Guy
store_fb0eee3cc9197de4,KFY Sports
store_184a54ec5c6877fa,Mamonde
store_e1c818f216e3acb2,Jurghols
store_278eb56488bf191a,Huachi
store_98ab0e2a8cf4a7c9,Prive
store_431b02913c9ce3e4,Fukuoku
store_929ff138d738a197,Perstar
store_3697fe06f668318f,Hzacye
store_29bc406c8d180b32,ABBA OIL LTD.
store_0a40fdbb6cce7f1f,Caffeinated Lip Balm
store_f7dc3bbf0dfa428e,Divine Tresses
store_b071d6a321acad78,Bettina
store_71d36d1f266bd74f,Yougai
store_a2b5aa0b40adceb1,TruBeauty
store_ed545e1904ce62a7,Karneey
store_6cb12f01ff99a899,THE GIRL FROM MARS
store_4a34aa62db2789ab,Hemp Leaf Stickers
store_a1709e262d5edca7,Two Goats Apothecary
store_5204c6071e756dc3,None/Brand
store_4e35af63946fa922,Sky hair
store_e6218abb85086424,ROSECE
store_c1fbe5318af74a9c,HuntGold
store_1d6968aa3e107e22,Tvmoviegifts
store_c7213dec414d6fb2,LittleB
store_ebcfb27e3bd9e863,FUGJAOJO
store_d33457b3db7f2028,Ofra
store_42dc68da01bf3709,Paradise Emerald
store_24dc4e8f73925325,ONDO
store_df843735db0abbbe,GEX
store_b8560a97c023ed7c,Lula Lilly (Beauty For Smart Women)
store_aeef1b612c266fdb,1790
store_25653a4fc02ff3f1,THIRDBST
store_c42d8a895c25456d,JUVEN BELLA
store_70ec68b7cb255916,Adventure Time
store_c8fd0c8c0a74ac13,Pixi Beauty
store_f22a270f25fdd043,NEXWAVE
store_52b8e06800444b51,Ruby Kisses
store_d3de0766881734c0,Sedal
store_7fd261a5e9937681,Riccioofy
store_7835f490a199eec4,Bass Brushes
store_2b394103683c4e56,Body Fantasies
store_29da754a1355acc9,DZTZ
store_94b0b284720dbfcf,City Costume Wigs
store_418d300d976c012b,Sunset Healthcare
store_a0af1489bead67f8,Mr Old Fashioned
store_a6db9a4968d05e2a,KIRIN PAN LIGHT YOUR BEAUTY
store_ebf449a0ba42a8f0,Lacura
store_6acbd80375c5dd1e,WEFOO
store_93653d61b3e80092,Minso
store_961a410f7608d1d1,vkbuou
store_8ac5a5f7481389c2,Cosmolive
store_36c1c2682990d94c,EOOTO
store_3ca939863ccb2e02,clip in hairpieces
store_f490aaacb135159a,ZIMASILK
store_a8bfc3099fab0b5e,Cegsin
store_2a3d1205df6aedcb,JCXWH
store_fb25193a8857f683,Creation Lamis
store_a0c7b713051c13c4,YRMJK
store_5b621e0c309aeb5b,Masper
store_e293b4f2f71bf6b9,Hamilton Healthcare
store_e5e9fa1ba31ecd1a,Secret
store_c20614c9936da1d8,BSJELL
store_2f671afe213c9ef3,Rofa Beauty
store_3a35ceed678e64dc,C-ZOFEK
store_addec924c920ce00,Mokale
store_0baa1b9ad7ac5903,Cheryl Pearl Black Cream
store_3af89e20f6b8fc95,RY
store_8f1217c47b60ef4d,ninRYA
store_1f7f216cf036430d,HLZG
store_f9e2acfdb32c0fc4,Dolce & Gabbana
store_7c1de6a85ffafdba,DONESA
store_222e28aa40259caa,Penfeinx
store_0758cbcbdd461f48,Glowig
store_92f30caee75f2d12,ZaroMaster
store_325573b9e55bace6,Becoyou
store_80f33eeef1467997,JQM
store_16cd870e13b5eccd,III Sisters of Nature
store_c6adfa570bdca920,beard do
store_0bfc5ee43e589f08,DOMUUH
store_7ab4b0a80acc6ac1,Trim
store_6a8e2d3d76785843,STR8
store_853be5842a6d58a4,Native Unearthed
store_2f8b75bc72494817,BEAUTY AND BEYOND
store_ab56d491ede35cfb,KaysCase
store_84a59fefda902ace,Bisous de Provence
store_0704cb58e56b2896,Dose of Colors
store_e7fb41a6a0544d8a,Neutral
store_761e40302a6cd6c5,Joico
store_0237852bda59b40b,SHANGPREE SPA CARE SYSTEM
store_473530143a7bb353,Refined hair
store_477a457e8836d158,RELBEAUTY
store_d853b4ef72af9b7f,King Gift
store_d6ebd1572a750e7f,Kristofer Buckle
store_6224e8144d0f5fa2,MIOBLET
store_a3f0bcde5153b5a6,Toni & Guy
store_650f3a24180612f3,Dermacia
store_47c77e4b1f41b803,TecUnite
store_411d2f858a6a6852,Evasens
store_f318770b4bb6cb38,Jean Marc Paris
store_ae5e173455f45731,Geisofu
store_b42a373a57e5f884,ANRUI
store_7e871779d063ff7a,Quality Touch
store_a46141e1faae5956,BCE Trends
store_d300b7d947deb41a,BESFOR
store_0990a88421b9caa4,YOUSAMS
store_510d8b132fc6df69,POTIYA
store_29d59a378eadf712,Michel Design Works
store_7791fecf2f0f530a,Pravana
store_938bdaf77ccd8a37,Tata Harper
store_5fd59528177877f5,Vasaana
store_d6bab65da9468eee,FATCO
store_63c50d389c99118e,MUSENCO
store_57c23ca2cbdf334c,DELENA
store_963f51e48035806a,Vagrom
store_b972853b8ab47949,Eqoba
store_0af9ce6f02de1a6d,Village Naturals Bath Shoppe
store_540e181495e58ae3,Enjoy
store_e18770f6914b3187,Insolia
store_ce0ed0813a652aad,Graftobian
store_ebf9e183fb3b81aa,Glam & Glits
store_2c0c499910744446,Elements of Beauty
store_69b22f729aa8b823,veda Tinda
store_096f30fb991762f7,The Green Beaver Company
store_b5dd464905cfa6c1,Pinkiou
store_d222ff9b3023c6a6,Eforest
store_e56f75cd2cde118c,D.seahorse
store_62193fc89f63831f,Pharmacopia
store_69bca284fc8dc54d,G.HAIR
store_6996c45af4c33424,EIAZALIN
store_e99dfdf3c48096e9,Campsis
store_2e37bf53a48d9e99,Eco Botanics
store_ec1fd6e0ee3795b5,Jocolor QA
store_1eefb1aac09d72bc,a DAILY SELF-CARE COSMETICS avajar
store_807837a32c748087,BPLeathercraft
store_796f547017242bf2,Vlasy
store_da9205182c712544,U-Shinein
store_4a494881941d6c96,OptiCase
store_2a4cb560d64d0ce8,Daugee
store_14f211737068a89c,Ibliss
store_c58e56c7f2f52cc0,FBSPORT
store_83570a64c8ef0fbf,Keration
store_c9e11e72b7bab460,Jolitee
store_b81d7e378bc6d48f,LP LivingPro
store_67c2edd5b5c99de1,Aesth-En
store_149fe1a491f7b877,Pei Mei
store_8ec489c474f22d06,Anagram
store_c4ce04babe753d06,YALFEN
store_54c0d5dc60459244,Eshock
store_b0af72c3c7fc8e1f,RABLATEC
store_92297d5fa97105f0,Taaji
store_b6e18728ea436f19,Licoville
store_751216d4c8664d10,Fara
store_e053f8011e43085a,Tripsky
store_8e5f239b7c36e8e5,LIARTY
store_57167296133bde78,Munyday
store_e96ca26574f7b17a,Vioetry
store_af819ce741316ccc,Aethland
store_f3d13b41fc331dad,Mdismart
store_7379952ae8eb264c,Lipstick
store_2ae7dee039606b07,EASACE
store_dac38da5f8a883c5,Ameng Hair
store_e3760ccf8b12e92f,Qiilu
store_aeb82148a56edbd9,Cherish
store_02dc74e93dacc9d4,Special Effects
store_64ce6baca87a8d84,Tropic Labs
store_b1c1bdc585abe0af,lRICE-home
store_e1d5cabb175be0f5,CUBBYCAM
store_73014ae21be9ce1a,LJMOTOP
store_37c8a4e78b1497b4,BeautyGrace
store_976633bd6e0ae573,Sara Bonnyman Pottery
store_2e38ce300949d118,Monitu
store_c0ed945ea272cf42,EKLOEN
store_f90c329ee4dc9f22,Kaiersi
store_97cf346615c77170,Melesh
store_5f11040e3b44f5f1,Clairol Professional
store_ad2b5dfbe5aff988,LANBENA
store_3abf506fbd208f21,FingerAngel
store_ec31e96bed8684ee,Tree Hut
store_1b2369b4f5d85fef,kossys
store_d5149e6632511755,Vastitude
store_0d4aa955f94837c0,Madina
store_6c8a31e65b3fa1d3,Vmiapxo
store_2b43c1e724ba82ec,City Color Cosmetics
store_8f5a58a3ab02079d,HUANGHUIHAO
store_f785588f2b6dd9e3,Tate's The Natural Miracle
store_200dcb7139b837b0,atimier
store_d75ac5893bcdd10c,Life Essentials Skin CareATOPAL
store_2737e729664656a5,AICHUAN
store_a2332862c2bf222f,LE SECRET
store_f4aca312d4ef5857,BHL
store_c3f408981bb990e6,LFDecor
store_047569d88894f2c3,BELLE EN ARGENT
store_cabcfde5cb284741,Chrider
store_dc12c5d86f8b3eef,BE Hair
store_55f442026631a1cf,All Natural
store_a363d8dc3c62f1fd,One-n-Only
store_d7027a7d58b82dc3,ENVISHA
store_adf00c20c083dac9,ZORNEPA
store_00a481eb08af6b97,Treet
store_49274fbe1b5cdb85,Yalu&Freedom rfvgd
store_90f53e6b1ef6292d,MISS AMMY
store_adab7b2bef745745,VICOODA
store_4607d36bc3a047b3,Septo
store_e1b6cfa63f374d00,HUIWANYAN
store_9e13ae90d5741214,Coastal Scents
store_7d72878c2a31d450,Lip
store_430aec798e4b5ca3,GreenLife
store_5f341c0cc803f052,TUKNON
store_20a6ba78c2023431,EUSCI
store_10933737202b713f,Ubetta
store_bbfde7273799f57f,Huuflyty
store_4cf0d7dc0c43fa4d,Sexy Sparkles
store_25753e6af2767068,Estink
store_8e8080ab3c3950e5,AIEX
store_3792e4d33d996b63,Bella
store_edbb4a05d28cbd47,ANER
store_e430d9c7efc1efc7,Ankha
store_16c26a46c179ecfb,Mirenesse Cosmetics
store_34e8f3b0fbf33bba,KooKaStyle
store_3c2627a7bb32a290,ELenest
store_a1a9dc7eb04b6adf,Ve Sunny
store_4d1cd47534bca39f,Eroscillator
store_aa64307e6b7959e8,TINY LANA
store_d9aba39b52b93120,MISUD
store_227870401fd0f9de,sweoxo
store_6aaa7c4ba9cc0df8,Youngther
store_444f2b749fb70f33,Aiterina
store_0566ae3f260e1a78,ROSSI
store_019dc1d2d086360f,ASSURED
store_2bb9dd95490eed02,Woody's
store_e205888b17f2f470,Leticia
store_c07054cc1e353477,Pjordo
store_a677d3d99fc1a0ed,NovoGlow
store_80fa705a8ce32fba,Liora Skin
store_fb2b788373776f8a,Wodelanle
store_03b1d7ed63aebd57,Liyate
store_76a04055e43a4c8f,SUYYA
store_93475b459bb5204f,SANRIO
store_b3d5042ed57617f5,Enterlife
store_57ef7719ccee0635,Art Show Hair
store_82a75aca1cb6058b,QIMYAR
store_2fa222ebaacd0b5c,SMYH
store_a327c2a26fcf03ee,Asufegucd
store_024376ee5b392e9c,KISSNICOR
store_39db1bfa29cf5e63,LOTUSBTDT
store_8a3e45c38275d055,Ligne St. Barth
store_f6fbab6afc920318,Pudaier
store_d432e34db73c81e4,Speedy Barcodes
store_edf7780a4375f795,FunWorld
store_7212a9e01329ea93,Michelle
store_24c55d65bfd30037,VS Pink Collection
store_977d147dc02d0f1e,Jeffree Star
store_5f68b5ac2679ade8,Aunt Jackie's Girls
store_9a46c07a958448a4,Juliette Has A Gun
store_1c1647e64763b633,wendunide
store_c847a6c2835889c7,MultiBey
store_dfcf03054e8da51d,Gliss Kur
store_ad5fb354aafc561b,ACONCEPT
store_3ea055fb61463a0e,Atina Queen
store_e43d6fa9081243a0,Hair Flowers
store_6ec942d1f1fa2b0f,Michael Kors
store_f2aa1187d7a02415,VITALE
store_c652dc9299ed2930,ELIAUK
store_b0610230abfb4c1b,MeeShirer
store_9fd6ab04959d6154,Ellia
store_57c9e8200179bdac,Nails Inc
store_018c8ed6c2abd0bb,Nail Polish & Soak Off Gel Essie Nail Polish A498
store_08f111532feee4f6,Home Suave
store_5acf88c2d733823e,COLORMATES
store_674860224bcd69ab,harayaa
store_9f8f78768c2995d3,BEAUTY SECRETS WORLD
store_76050be6cc14001f,CrystalTears
store_5224cafdee52062c,MIWEN
store_4025f17b5ae7cc8a,Agiva Gel
store_6e09f794ed4ba5ee,LUMIERE
store_ad663c4447d5901b,RELAS HAIR
store_40a820a59a82afa0,WOKOTO
store_2ea6256801d232f3,NIFEIPIDUO
store_0cbee8165ee9ba10,FOVIUPET
store_cb39cebbe5718476,tasty life
store_1489e512376aae79,WINSHIDEN
store_1992f4b76dfdaa3a,Aeropostale
store_5c9c7ac5de8d38f7,Frances Denney
store_8dff16b81c238085,MEDO
store_6b975008273ac5f9,Madenia
store_c595a3a623c42741,IVIM
store_8309e6fca55c3d8c,VigorWell
store_cf44cf1b272ef690,MELOZ
store_4694ca6dd67bf2da,Eyes4you
store_8fcddf701cc3024b,LYRAE
store_005fa10c1bfd7340,Amazing Shine
store_b6eadc940ee501fb,Alaleibaby
store_5227c92bb84b7c7b,Jetec
store_13d89d383cde0856,Afaston
store_30f52d652401a574,Medi Manager
store_ee2d83d8a1a6e1eb,U Show hair
store_efa0ee3d1ff258f1,Chuangding
store_79c1fab3add8f064,AEO
store_9d2208aa4f62ed18,Colomer
store_f913a7126f15e09f,Yummy Bee
store_e0d1383d04ec4575,DERMAL
store_0e6330681e4751a8,Exolgo Tendresse
store_9bff351607928b18,CUPCICI
store_65708e46d5d1e678,Daoroka Women Dress
store_e3597803073c2620,KKLU
store_b16a441ed8e67e8c,Miyamarch
store_52d144cc70ddffed,BOLD MEN
store_e901576e1f193d0b,TanOrganic
store_568366415b1f313f,Fikes
store_e75869d826efa96d,BH DERMCENTER
store_95e77d0e126dcb06,Chennie
store_9dddf0002054531e,NOTICEME
store_35c0fd8b8d70bcb6,Dionis
store_21b4b82c5e211b48,Carina Style
store_3d0269f30dce160a,Bare BeYouTY
store_8791ee3d124b62f8,J.R. Watkins
store_d020f82f1fc7bfe5,WEIYATS
store_e948f89631b3f958,Bee Wowed
store_91bad3e72fef6a2b,The BEARDMAN
store_bf8ec65fcfca521b,Beauty Star
store_2748c29dd066c76b,Mptaccessories
store_afe003f11764b023,Pure
store_f1322991751507cd,Constantia Beauty
store_1cc813308e6a9cc7,BeauFun
store_792226efecd7d091,Feugole
store_8453b6ad933a7003,Metress
store_6028951143b989e1,unitedtattoosupply
store_5ebb35e096ea3931,BEAUDIVA
store_f11d8d47164d1b8f,Vhabob
store_7bd37f96ade349c2,Reckitt Benckiser
store_355e13897e61b791,AL'IVER
store_5bf6753a1b30da5b,ED HARDY
store_7ba4ad5e1c2aab18,RSTYLE
store_60c259fdabb5bb14,Hampstead
store_08ae8e99ef2d980d,Ulike
store_bb0ab317b36ba8f1,YAKUSHA
store_acbac7bdba4923c6,Neck & Breast
store_a1bf543afa0654f5,Thailand spa product by NareeGreen
store_b0e19d691e008f70,Savvi
store_10c8cba468709441,Laloirelle
store_71457c3571af544d,LING Tian
store_894e14ae2fd4eacf,TATOUS
store_3b5741d1d32bf189,AMarkUp
store_95cce307b5c74633,MIRRORMORE
store_b2659f55da480311,AccessCube
store_5267c25347f94f1c,DONG H hair
store_1f9643f5d45bdf7a,Jia yang
store_2a815576c30b39d4,Jennifer Lopez
store_71d0ac7bbf7fba05,SOFEIYAN
store_5697b90dbaaa7797,Flotig
store_7ce659a787c2a00b,Xixihaha
store_180dac0b95af00d9,BT21
store_edf78e94b455223b,Unwrapped Life
store_0fee662985c3de08,Smilenice
store_5ce0202155110b01,KBShimmer
store_b4e1fa207c2a52cf,Yuriait
store_e75557afee7f9e86,SENG TERM
store_70cc953c55d32bf8,Edenis
store_c5f93d365f4575ae,Luweki
store_2c0726ad1281c651,HBZGTLAD
store_4de0895871c6cec6,Primal Soapworks
store_d8d21818c984abe1,Juara
store_33c6af687afadc15,EBIN NEW YORK
store_f25edbef0b2311e3,WINOMO
store_ffe962c44898a5be,SAKALAKA
store_f3dfe0424515276d,Hair Gia
store_3747969933ed3459,Three tree
store_7b5455dc72c82af3,ELEKTRA MAGNESIUM
store_36916acc5f8bdbe4,yuehong
store_089cf650253b8389,HECLOUD
store_cdf149a9a09dc70a,Altima
store_9919776fe1c8fae2,Shamanuti
store_cc389b8d8f7bab37,PopManko
store_6a6bb4b862c76fe5,BELLA MODA
store_9fdd54f292ea72c4,AMASKY
store_825ba443e16b8260,Awpeye
store_30648f23a654682c,Duacorn
store_44a40efa35f8f6f8,tigeberst
store_f16882866a823036,xinlutong
store_823032e4379b81f3,Landove
store_56d109d2e7202311,Onewly
store_5cdfb9552a48882e,BYOOTIQUE
store_bb9d5c166abb85d9,CosInStyle
store_ffcd5c0ddb11df0c,Satin Strands
store_30f9c91f2b090616,DOCTORS PREFERRED
store_95d33fea218e82c4,PHIAKLE
store_952d40025fe665da,ShowCoco
store_47668d39509b45df,Beat
store_2dd7fb1aed48836e,Haryali London
store_c97a7de82eca7a95,HealthSmart
store_e85fecaa08ce883b,Laco/1925
store_aaee92ca616502a9,Daniel Sandler
store_1b5415e0acb2ed12,Oqewva
store_44ec6638f928fd6d,Biosme
store_639e7b0483305127,VOLT Grooming
store_2566c10fa4eeb37d,genmaighou
store_528226ff8064e652,DAIXI
store_14dc4aa4c0f2e945,KSHCZB
store_8f538960140e0ac0,Nuvatek
store_d92511ee63cd9ee0,Vanity Planet
store_af54cf6250177fb2,WEGOTTABB
store_b80f961b5b614253,Shapiro MD Hair Growth Experts
store_5eb8875251f6f052,Fairy Tale Hair Care Inc N-Joy for you
store_61d3c1f6a3759de5,FEITONG
store_b3fc0b4cff104944,Chicago Comb
store_42e91cb23107b6f9,VICKYLEE
store_180d6c5158aaa20f,Knocked Up Nails
store_536ade0e81af0df6,Pure Valley
store_9735684e2f2420f3,Vatika
store_f60e0e8991a8055f,Simpleme
store_99feff6fcd318883,Mixchoice
store_7cc080556d15e586,Meiyou
store_7778eb537afdcd47,Avatar&Pop
store_5ac6b3d69a8145b8,RLTSW
store_faa0d54835cea1f0,AROIC
store_ab1f532e78e478d5,xingqing
store_bc67d7b705a25640,Youkwer
store_e54064c6e8f0f892,NATURAL DERMA PROJECT
store_442fa197d198eb1a,Lansigreen
store_d530fd758465b366,SHOW SEASON ANIMAL PRODUCTS 1
store_3bf15a9d07983176,TANG SONG
store_b06edd25a47194d0,Dark & Lovely
store_4dcd5fee4a470591,DOORES
store_a8524963ac51dc32,Economize
store_83ed8975d2e0ac74,Chargances
store_e37bbab3daf84c01,FENECHE
store_8aeb7014952155d8,Oak City Beard Company
store_3865873f586dd043,Vanchief
store_1cfd2c7676e6a6a7,Esmee
store_827fdf02f8701339,Navoky
store_393248b0bf4f9aac,DAZAIGE
store_3c92d854e7d3a708,Yenisi Beauty
store_d968fd86d2e9256e,MeiQin Hair
store_de0b709afc5341d4,Murray's
store_925dc00155df415d,Health Logics
store_fc4c850af5372781,Monnel
store_de71cbd211ad9ba5,NewPicks
store_e2b87a735feb379b,REYNA
store_3443dc4de7c22019,ZHYF
store_48071457e11b09b0,ROZIA
store_ce52c5f7995303b2,REBELS REFINERY
store_3d2d053cdd761a6d,HIFANMM
store_58cd73b13435525b,Pure Vie
store_e112b344a56a7b49,Geserein
store_559bf450873e5060,The YEON
store_1152bc27f8f4ad62,Clean Cover Hair Mat
store_f591927a33f87467,Wet N Wild-
store_461e70497705bbb0,Mavis Laven
store_0e76292794888d4f,Image
store_3983ce0942a97967,TREECHADA
store_46adf393fa7a4fde,Grinlash
store_d9f7aa6243c6a38b,O BOTICARIO
store_d96f78705265ed59,Ysdidwigs
store_51622a4b323a26fa,Qi Ying
store_3c8837c43b11502a,JANSONG
store_36899ef724e07206,Dr. Miracle's
store_d1ffb746c9d88921,Oracoat
store_2327a250d9ef73dc,ACKLLR
store_d24f2661b18f4020,Larora
store_50141f5509d1d2e9,Varivalve
store_d53dad80c3d7fcac,ALLRUN
store_a93de97cd5833994,Nail Systems International
store_09f69b8ef7f77bfc,isheeny
store_b802cfe4b1f50599,A APIYOO
store_0fc67a86d8c93476,Alinyasha
store_58faa15fbf9ed2d7,DAMONING
store_175fbcb8a019444e,n:p beautiful
store_3bd595d3f6ce9994,Jubujub
store_62b1d9680c540e72,Zoestar
store_d2ad94f339da654e,My Little Baby
store_2daa565213fa29c6,UnBoxMe
store_d7e479d25ed86c50,Pitertul
store_0f67e09af3d39e08,ROSDINA
store_8814fbe9888a487d,Cfalaicos
store_f0998217077d92e9,MIZON
store_6edba294f7d77c57,Thursday Plantation
store_fe17c16a2f5fcc9d,Nakpunar
store_38af54e481cb2681,Sanbi
store_d6174a8c38881a2c,HOMELEX
store_f2df562de752752f,CEELGON
store_8d93a6c1b1b0511d,Kimqi
store_23f9f47ef8ccc917,Premium Blades
store_2520427d1aca54bb,MelPet
store_d73f503ca9c4826b,Shianhair
store_6daab44e6c8be1f3,GULTMEE
store_1cb69938b6c6eaea,IVY & BAUBLE
store_10ae3b04dc6675f4,Lindo
store_7d023009db23cecb,EXPER
store_be25c587653570b8,Auranso
store_172451c56b36f0ee,TTSAM
store_92643be4c557de0b,WGPFWIG
store_28ede3fd8ffd4d1e,UNIQUE2U
store_9e169642fdd7c02e,Benehair
store_28fd04bcbd4cfbe4,It's a Nail
store_c2fd03159a31caf9,Callia
store_7495e368b3173697,DaveandAthena
store_d4ed1714157959b8,Eollan
store_ca6267658a0c1a5c,YIMANEILI
store_f2b09da9d27dc2e8,Taza
store_ceaef0970646031f,Cheerhunting
store_eeb7d6f614c9aca0,Clinix
store_e0077158b5cce7f0,Cheri
store_f818a8fe1dec13ed,Protein 17
store_c5dd0401db5acc45,ZHTY
store_29bb5d28862d3d2a,imPRESS Manicure
store_cf1a0c7ebc0cfbb5,Mederma
store_a4c19c292f1b06ec,Uncle Funky's Daughter
store_2083765c6d527943,JADPES
store_00f24eede26bc48f,Aromaliferow
store_52f632ea09e3aa6c,Mane Caper
store_3e058bad89bea015,Vktech
store_f69a757ac2b4f7d0,Daxile
store_e70b99089cc891ec,LinenWizard
store_b1e02b10f93eb25c,CTUIONE
store_9122661816e7c48a,Dai Cloud
store_ced67278421ea9ef,Eiqer
store_a37aeef6a07a238c,Risque
store_a6b6db48b2aae7a5,Precision Skin RX
store_13e280dc513ddb60,Mayplus
store_21cb5acfbd9dcb4e,diduikalor
store_2f0544afeadcd071,Jxueych
store_32c8b0094a5eeb0b,Pharmapacks
store_1c197c29a8ac301c,Aoyuele
store_1b1b999b2acd78ef,Beautiful Bead
store_5e5eca71eb2bc5b0,BSBTBZ
store_140533def8ef87f1,Eastern Cloud
store_aa816703cb6167b4,APOTHEKE
store_c13fbd1ea7f6c4c8,Caan's News
store_3ade4d75a07decfe,SKIN & LAB SKIN SCIENCE SOLUTION
store_bbff53b99be634a0,GMaxit
store_0fd1acb7cbd5502b,Q&S Lab
store_ae448585bd1858c7,Libeauty
store_26c08db510542539,WIGNEE
store_d8166c2f182189c1,Magick Botanicals
store_f937ce9a3768c83e,SANAAA
store_a118b5d8616b3189,GANAMODA
store_3272016731eb9b3f,BKTD
store_c30e0c381240f0bf,Yokilly
store_113e317a44aca2af,ANNATATO BEAUTY
store_fe4e59db40c54d7d,Astarexin
store_f08cf45bf977170d,True Religion
store_03e131b6ce4bb7f7,No7
store_62bbcde9e10dfb1b,Gukasxi
store_cac1cdf724f0b751,AMZGIRL
store_a470f723050e7d45,COCOCARE
store_0de43b3b428edf3d,321OU
store_531e1faaa63f7ab0,MKPCW
store_fa90532258ec94c7,COSYCODE
store_2014e3e71aa8d553,MSCHARM
store_a04262fc73710e30,TOFD
store_8a12b99c1c0cd7c2,KTKUDY
store_c19771621e705d1f,Duofan
store_254c146740287cf4,AMELI
store_b5ff61ead176f32a,Farmacy
store_4d779f4e24c09b1a,Jastore
store_a1a46469c0f7423c,Volmey
store_f6d5f2e8f80220f6,Simply Organic Oils
store_6db8d5f2493d552c,MonkeyJack
store_9362ebda4797f77f,UEJUNBO
store_60412ed63bdc36ed,PedEgg
store_9f1d4deb47e8bdd1,Aurelie Live Well
store_0ac41b6ca97e9b77,Sassito
store_760ad005ec358f39,Chignon
store_fcf507be2ded9db6,SOFYE
store_10a9318c185d8508,BXT
store_a4f992bffa9470a1,Beauty & The Beast
store_bb6edd252117f76c,Boots
store_d1a9e36aa260f541,Pengma
store_de1655416d2efc8a,Island Essence
store_86681322cea3d0c8,FILLBOSS
store_4bcf7ee7b1215a03,Jon Renau
store_2dbf8c801113b3ea,Charme Princesse
store_6e7a07884c7c74a8,Somaluxe
store_4e4909548ae6bc43,HARUHARU
store_69e3e207b933cbcf,LANKIZ
store_a67acd6e68f872b8,BM
store_44f9cabe31ff1867,Biogenic Foods
store_cde462e54bc9dc6c,PureSense
store_3c0a2227aa409a4f,Yinxiang Jie
store_df75f93c5ad46945,Ziaja
store_33d1cdf8a7490e7e,CLIO
store_a707e7a76c542128,icolorfuled
store_c3e5fa4b8032ac7f,Glamer
store_a90e9b02609917f2,TUPWEL
store_2c011a30fbb92fe3,Purelis
store_4b2186f83c356067,IMIKEYA
store_fbdd566eefbd9b66,Wilton
store_f91d63e95c73eb1f,ISKYBOB
store_b5921e1e2079bbf5,Ugrace Hair
store_637d1f5c6e6d1be2,haha
store_2f35ad895d26705f,Fifth & Skin
store_12d590e5a0065f15,Anna Belen
store_47aadd01eb27483a,SPOTLIGHT CIRCLE
store_2bd5565814d1d0cd,Emlstyle
store_38e0e40bc65adbbc,Cloud 9
store_7289de5d51ef27ad,Crown Quality Products
store_4ee10fb857b16413,Thierry Mugler
store_c2db451a76d980af,Aorola
store_55b9127baa44828f,Happy PMS Natural Progesterone
store_dd438cd07441bf41,Foster Grant
store_28af7c5eb9bd76b1,DoTebpa
store_fc5f3030801e4936,SkrZiz
store_1e21ae2d6104e748,Fstrend
store_8d943b74a0aa3594,COPLIB
store_cad7739bd3828ceb,Abbie
store_9ad31959fb284ffb,Bonayuanda
store_9be3b420f0d570db,COSYOO
store_a1bc8c357cf5ca3c,BEXIUKAKA
store_4525c7ca84a6481e,DE LOXYGENE
store_34885ef037f2989f,Imierfa
store_e480ea7fcf58a252,Dr Teal's
store_7d62f43a7cc074fa,MIBLUE
store_e9ef0c970404d78d,H HEVSD
store_881913e46d1e30e6,Shankara
store_a820ba1a118e9c36,Lomansa
store_0808b81bf29cde3a,N.Y.C.
store_eebde49e4a9f70e6,BEHPAY
store_29f4dbc447dff225,V05
store_e3d12b4cdfa139b0,Mila Organics
store_8008b8193e0a3013,Natura Tododia
store_f8a8d094af1ee330,Surray
store_63f02205f30fddf8,Concord Global Trading
store_8f2e7cd784967d6a,Culture
store_d86d6d8c517133b7,Greister
store_2f873e313b8d1808,Everiy Harelys
store_85355bcea197596b,YuNail
store_478f5cbde98e93b3,LADYING
store_6c7d705c0708285c,NY FASHIONCITY
store_8080ff5feaeab857,premier
store_b9dda40320fcd81b,HiPP Baby
store_cf7dacb22ce0dbd5,Australian Botanical Soap
store_bbb286479461a1d5,Ion
store_d66fcc742cc64048,Zara
store_f4f17f55befdf36d,CL FUN
store_0c0753b4d7d69c48,As Seen On TV
store_64bc2878690453bd,Luminess Air
store_f9634107565d85ed,BISIBITA2
store_1b1da210ed8f82b1,Briskaari
store_ee7febca9951efaf,Top Pro Tech
store_ef2f0537f9a128ba,Smiley Berry
store_5a319866ae40c130,Monikahair
store_fdd69185cb45208e,SUSANPOSNICK COLORESSENTIAL
store_18e83f529d8ca6d1,Curealia
store_a83fc7f4802f63d4,SNP
store_e03be2b524a26859,WensLTD
store_5b9d8dc55e5fddd1,KAMEILUN
store_cba9be86bf55c1c5,My Fair Baby
store_78f242f3a42f9daa,JEALNBONL
store_c484f07c36332fde,Youthway
store_dd672fcfc12c023f,COLOGGO
store_cfe5a9feb593afdd,DDHAIR
store_92043a99a5f981e8,ALAZCO
store_72fa010b2583a803,Aurora Collections
store_3b40f38967952a3f,PRO
store_35ee5f5560fc150b,AYWFEY
store_aa5b6884ce5baf0d,AIYIZELZ
store_2d306d552e19d78b,FUNTELL
store_d48aacd44725d8cc,LSY
store_a761e3510568162a,Veleasha
store_36162c8b9f7c09f2,Shiyaco
store_80da4382573f9949,YALIAO
store_58e6b3a414a1e090,E
store_d3a4d89e4cdeefdf,True Botanix
store_a546381ee32fbc11,Free & Clear
store_f99cb4592f89270d,Norwex USA
store_755e014ec2bff1d0,Lime Crime
store_74cf6ee69061b0f9,Okelon
store_31ed7a9e3c67aac0,Scotch-Brite
store_5cf0dc0d2f7e9ebd,Scheherezade
store_f2941a4c110e8a60,Yeamon
store_f336c85b685ed09e,Hatteker
store_044024e0ab1707bf,Evolution of Smooth
store_7a94a7a4349d2738,rave
store_7ed401e226b02d24,UNICE
store_ce6b65c4df9b8a30,Burmax
store_820c4cf2c6a9fc7b,Voglily
store_b65a38894ca580c0,Ever Fairy
store_816746311aba8975,VRbeatter
store_0a0ce409df523b46,N-brand
store_17b8ce4bbeaa4dd6,Miss Jessie
store_211f8f561c32a44d,YS Park L-Clips
store_0b4c385004fb94a5,crazestar
store_4fc16ccb23f21d84,Inahsi Naturals
store_e461a88652035dc0,CoverYourHair
store_c0190896b52eb0ca,LaNova Beauty
store_e87f69083dc7c1ac,Jaw White
store_56a873a24864c760,Zupishi
store_3c3dedf9ef35cceb,Wholistic Botanicals
store_74446b9b5e808f88,Luster's
store_f4c7af49487c7f41,Crowndy
store_fa64c49b065aa149,Sugar Skull Face Tattoos
store_1a80006a12fe4b52,KKW Fragrance
store_313f31408ee666d7,Baymic
store_4e1a5476eefdb475,FOCALLURE
store_af8c39f8fe41ae37,L’Onuâ
store_77747e93e26d7a0e,Kbeth
store_c16014741ed1e01c,XCQINGHE
store_df14fe6b0f5e0b1c,X-NOMIY
store_942d2859c717c699,YOUniverse
store_877d5093e20c465b,MOFEINI
store_6423d5aba8a4796f,LUX ACCESSORIES
store_6eaf67e219642c29,GROBRO7
store_12acf875c2882431,HaoSheng
store_c04b6ca61805da92,Smileao
store_74eb3ec9454926db,Gitechft
store_b5bfca1846e7336b,ORSA
store_1025341a19d15486,YI Team Store
store_4e42e4a7eaafe029,EFINNY
store_66c9ba175dde6f9d,SACE LADY
store_b6d7d26e11ebbabc,lucky flower
store_045e9e3f9b86aef1,Libracompany
store_f26ca4528d671c94,SHINEHAIR
store_4e716279fb46885e,SAISZE
store_9551a92b76f3a732,QWDLID
store_a19da4e76f67f1d6,jiefeng
store_754159999dd84d5f,Beyond
store_685d1e2a042862fb,ROUND LAB
store_5519fb9edd8b2cc8,mligril
store_34fc8978d88a0841,ZhongRuiYongQiang
store_9ddde1b69e80dc73,KURUI
store_9d75342c103a050c,Honey
store_a7a18a04d5014a01,ilovesome
store_4dd6849aa3ee3c3b,Soft-Sheen Carson
store_061a9169f1d7ec97,Tastto
store_8ede512f3c1efa6e,NotJustWigs
store_749e577c8850d6b3,Hawaiian Silky
store_aca549d6b3c02f9e,O Naturals
store_03fe42c5be1554b9,GOODSKY
store_37ee0b87a33fd6a4,Rismale Hair
store_e8f16a85d4ce2ca4,BESTOOL
store_ef087f6d14481588,Sunflower-qd
store_7f12ad317c257bf9,Prim and Pure
store_2033a16e162a7a65,Grace Length
store_844b8f87e6d43492,RufnTop
store_9d2c33fac937aa7f,Vedory
store_423f95f9bb37e213,PHANXY
store_ec34568c6fab12a6,Captain's Choice
store_8ecb193060835055,Cosweet
store_2e2974db3a95d542,Lainrrew
store_a28386713aff4ec6,RemaxGearALSTEN
store_04cf3aebfb313ca6,ONTAKI
store_a96cf44cab88da33,GetWow
store_c7171b0bd2b2b3f9,GeraissAccessories
store_404237d7e965ce79,Emjoi
store_c1d30bb604cb452e,TCOTBE
store_e9c2e524f86af074,DS. DISTINCTIVE STYLE
store_f1d4a0f7d1d085a8,Palm Beach Beauty
store_ad302f9f4d599ff6,Ornate Hair
store_8ea7d4d0402484ec,a. c. care
store_caa10d708ce522c9,Feeker
store_ec36fa84cd0d7b08,Gabrielle
store_35f83dd7f19214ca,TUYOART
store_96e8b37e680c8a99,True Pheromones
store_99a070980650bc61,MODERN QUEEN
store_3fa36ad1f65532c4,LA RIVE SWEET WOMAN
store_7de74a4cf7396da6,Deepmind
store_1192dfdb037cca45,Adette
store_f9cc04c419f49e55,BeeSpring
store_73318eca87fed70b,Kukrwlam
store_06bc2a911c03ca0d,Maxcare
store_820809540dfbab80,Bodycology
store_41f09e03e39af09f,HEYISSU
store_58e4a814b1b978d6,Perfume Studio
store_835400d2ebd22bd9,Full Hair
store_e4b9b0e0412b50c2,the ecoist
store_da1039a8737ff4ce,Rexona Women
store_5e0b2d383d11b3f8,MANE CLUB
store_d00ef164202a74e3,MOST
store_da87ee69196de6fd,Grneric
store_3ad7549e38618b3f,Greeleaf Gifts
store_89a344e4e667e3e3,YANY
store_c8fb1a598449bcee,Aramas
store_6f5a9e9b39c8a6f9,PEMENOL
store_b05756928fe25cc4,ZGCYSMHT
store_bc85beca7589e29e,Kuumba Made
store_bfb7232f9dc5ef0f,CYH
store_ddf398655180610a,incohair
store_c91a42d0d62bfa34,Happy Sales
store_4a1060b93962aee6,HOLIKA HOLIKA
store_552f78240e20d9b9,Farfalla Transforming Your Skin
store_0845fddf289a521b,ClipForist
store_56a4f78ee2705e90,Seventh Generation Inc
store_26e78be1eeec1289,Queen Love Hair
store_774da3e8573e4072,WeizhaonanCos
store_eacf647c636356e4,YS Organic
store_9b382bb1fe19e416,Cocider
store_885289655a778aa2,HOOPE
store_81446c58796fa78b,Bcamelys-home
store_3807776e9680e3df,FAIWAWU
store_40ce229cdb907f0d,Secret of the Islands
store_0a205e998828cb08,iDiva
store_a933296d1b730b24,3R
store_efca6f3a0ff1848e,Imedeen
store_d085a9079a9b1355,XCSUNNY
store_9820241b3bada486,RITOPER
store_abe09d5496551f10,Rosooi
store_bafbb644b9bd1190,MAYOUTH
store_f3c9c9b841124888,Lessamor
store_8b657ce332b7d124,Baval
store_379ca2c480fb3e09,OMANIAC
store_461d33b990106c6d,THANN
store_05caf4b08114f59d,R.E.M Spring
store_dbcbf94b69e37e35,Boudreaux's Butt Paste
store_8b077a2453fd4788,OSNIE
store_ae8d74ac7a51b8bc,Clean Kids Naturally
store_0d64b738a211773e,EKUEE
store_acdb5dfc15747cc3,J-ANKKA
store_54f725daec9b94c2,Beverly Hills Method
store_5c6c8ee602c3ca1a,"SUNSTAR AMERICAS, INC"
store_f292461030afd882,Purple Prairie
store_43049d3970fb1e08,FIVE BEE
store_47156d05ed99f67f,Denzac
store_ee80066cb5378558,GTVIA
store_6b07ae4cf8363f04,Taliah Waajid
store_597728e9579dab4d,BREYLEE
store_08f775ac99cdb479,BetterUS
store_f08a2d365bed8375,FASHION IDOL
store_dd3946e8f4c0d726,Secret Invisible Spray Antiperspirant and Deodorant
store_dd5a29fda093784f,Hippie Skin
store_f22c572e98a41848,Ealiza
store_99cf323511b624e5,MACUR
store_fe13ac54155e9e88,BONLY
store_40d8c25a02c396ad,JONKY
store_e5bdf8d145a7ef98,Allove
store_108dc08283f90827,GOOJES
store_5e3627b58e4cd0d4,MEIBITE
store_58905ee8989ec0d3,FeiMOCAT
store_2e261dc5454a7553,True + Luscious
store_2eba07814e908735,YXCHERISHAIR
store_3fd4ff6ba0354662,Newstart
store_a024c50aa56aa89a,FUZHAN
store_2db8c44b826bef20,AIRIT LOVELY
store_544cf5d93513a606,LLDR
store_e0f57183faea06f8,Sadapack
store_4c418f55f5e564f1,SELORY
store_84ea0a6ff7face9c,Striking Viking
store_cb44205a6dd23f09,NZ Fusion Botanicals
store_7481daacb12bcbc2,Yves Rocher
store_5fb6807949717f71,COOXER
store_48fe33675e61f2e3,Sandora Fragrances
store_e06681b88db352d8,Vïctoria's Sécret
store_70fa51c6e47b32a4,EASYSPA
store_42994bbc8379c413,Daily Botanics
store_4ced6bd1632d0947,Formula of Beauty
store_ebf97d940017fa1c,LARDUX
store_5da62540a3be7493,Cóntradíctíon
store_4178edd7276c1781,KooSpirit
store_9045541af833dc65,Wadoy
store_9b404a38d56b9a51,BengLiu
store_6a6c1218711301cd,ROMOSS
store_54c53b9e6dca291d,Natural Vine
store_607ba175b56e6ba2,OYIXU
store_ebd147479b402601,ETAMUY
store_bdec7e80b1d8d1c8,Om She
store_5a5da04b30130db7,TOPHOWER
store_fb855f083deb6306,The Crayon Case
store_d7dd74c1c03c879e,ZCPTZ
store_06967d8e4a36243a,FX
store_b98113ed07d88540,Obey Your Body
store_cdaa8f516b8e61fc,Pure Biology
store_956d649962680ed0,Obagi Medical
store_7de69c952ab77216,Classic Erotica
store_b5835044f36dad31,Sansar India
store_bbed424b3ad39f61,RevaleSkin
store_25c55b7923a8ce53,Parrots Treasure
store_05eab369e1f5b916,KLZYNRO
store_b401d32b31493674,La Prairie
store_acd4724e894c2bc9,JIEFUXIN
store_55a8f27440624429,Thanna
store_714e5dae15243281,Eva St. Claire
store_5e82ddb82fb9c0ef,WILKINSON
store_244ee9354d95eb4c,JOSUA
store_772404ea7cc5fb90,DO Naturals
store_0f6cf66519223003,Meta-C
store_5ecfffa4afd98c24,Ermenegildo Zegna
store_3e18c36a74564281,POEPORE
store_ca8d6a45ff98eda5,MoiMax
store_8fdb2a4fb3cb0ba9,unho
store_f844bbdd55f90e2b,Jiang Xin
store_8b540306b3e7e0bb,LEMOOC
store_ae0d9e748f118d70,CORVYUC
store_87fd40c85d529b8c,UINKE
store_3771b1e9e6280d1c,COSICS
store_1e41c981637834ca,adidas
store_a921ab5c1b60bc01,UNNY CLUB
store_3dc9008e02b2e538,Alphatool
store_99763171b1fcbd59,Home-Cloud
store_f9fdfff753011ead,ActFaith
store_3a7995cf6a3d7333,HOBOE AVOD
store_942ce9916abfca91,Gx Beauty
store_efa0b37df88e75f9,star soucre wigs
store_a3a4ddc4fbd32e89,DUDUWIG
store_8908fd8018cda142,kissbeauty
store_067b01c8c3a00c91,Navya Export
store_a548b2b9c68e6a48,Alena Culian
store_55244a4d773f3592,LAAVOO
store_929c0d133feb5d0b,OLESILK
store_2b8a6e692a74a080,Clairol
store_7047902e78941b3a,UARUOGP
store_8444172d8ccad8c0,Angelical Whispers
store_6fbc96d1d42cd2b8,Farmermaker
store_3b764e899e621b7e,Dreamore
store_33a14062f404ce88,qweee
store_a0f1490a20d0211c,S
store_268862922966565d,Exquisite Selebrity
store_05b1f356646c24bf,BOSS
store_d111ea34f78463a5,mollensiuer
store_61048fca3e45fb50,U:RE SKIN
store_8e8652ed85eb5255,Simply Dana
store_ca87d5ceb2e723fb,evebel
store_1003b7d6fd93cc44,Festivous Wishel
store_2b72facbd6d4645b,Ondder
store_e0481a6b6819e49f,Wosweet
store_20e82c28a6cae0e0,SimpleField
store_9050f8a40dc21936,Smooth N Shine
store_e1b26aeddbd1c944,H2ORAL IRRIGATOR FLOSS
store_f3f391111e451a58,Maymoubin
store_605d63d07b393dcb,INH
store_da3b21de020742b6,COLODO
store_bf1701f34b3d08a5,YMSGIRL
store_30de2dbdd9e4f41b,ILOJE
store_96eb6a46de6d02eb,COVERGIRL
store_e4d287a47028b242,LONEA
store_40900a4028173af6,ZZRRYY
store_a6852c8981b13747,Tereshar
store_f8a0648fe9f5848d,Belle
store_68a658b44bbaefab,JK
store_5743a98274aec297,Sea Plan
store_b6006eb2adc543e6,"MJM Sourcing, LLC"
store_2725934cc6602051,DFX Hair
store_5802653d4b2d6e58,VinewS
store_a912678600fd96b2,HairBow Center LLC
store_c43a162e85098723,Nikkie
store_1406489004514a41,Toderoy
store_7239e551e54ba6e8,Salon Grafix
store_2357b5f6f933898e,Spenco
store_b2b340ddb0f0508f,Cathercing
store_c372ce4838232ca6,Blond Brilliance
store_7746b9a7e259f2de,REBUNE
store_69cbeba0c80ad22c,SHINYSHOW
store_5969665c2c8fd565,Black Label Grooming
store_dad78e73a7d2d019,IRIS & ORCHID
store_6a20eba48e366bc2,LaCasa
store_cdd97e00d3d88ff6,Crown
store_c7c9028145b1b535,Luxury by Sofia
store_687f6cfb9ec34359,CUTEQ
store_f1860398d5b341ab,BICAMERAL
store_e5db5ed05d783c37,RUSTAMM
store_ea2a89018a0f0bfb,APRIL SKIN
store_092648d875cdde1a,Deslick
store_fcce72fa919cd072,Dragonhawk
store_866f7a0d8a70da01,ProBliva
store_cc5c4b6a45efa318,JIPIE
store_58ce47f1e9c66a1e,RELMON
store_a79a249f292e624f,AISONG
store_385f40b9dc9857c6,Got Glamour
store_6887592adc505589,Glam Glits
store_b354b13297240e20,Packsmart
store_3c936d98c12f0805,Furling Pompoms
store_0d01c80f2a31977e,Sonifresh
store_79ee8e04af60d876,Abib
store_add04e93ac801916,Versa Spa
store_6d9b7495831c7028,Wicca
store_6b1680eede50d5b6,Genrics
store_532287cb6222f889,Kimberly-Clark
store_81f8aebca0882795,L'ANZA
store_d9b3fe76272fc424,Flying Childhood
store_e0699c54b51819ec,JOYFUL QUEEN
store_c03649a9f1b79b85,Aibilye
store_f7f6c82f53282070,wet 'n wild
store_cfcee45ebddd81cc,Mabufun
store_43317956357698df,Kavella
store_8c18ec1f89a15e36,Aomllute
store_b78343a2a4444ca1,Aprince
store_3159053e8e448c92,Made Beautiful
store_8f1acedd05a0e4cb,Theraplex
store_23b6c37058a0b6c2,Beautier
store_7242c38a058c5aab,DRESSPLUS
store_5ed6860681285984,MYHOZEE
store_fab60b3dd2bb3f58,AICHUN BEAUTY
store_058e6b94f75a5e31,HJKL
store_a101cba683911cc5,Bellqueen
store_6a5bc4b17ba1ba42,T-Garden
store_c3498a2832bf1e64,IXIGER
store_ec32be6ca42b1043,rnaqpiao
store_662c5d8fe848309f,RUNATURE
store_a1dbe6cf8f430256,DONGINBI-LLang
store_715337b3f4b63bb8,BEAUTYBIGBANG
store_4fd73f149fc35c0b,Throne Foam
store_8348bf44a87c9989,Antye
store_826a491a3efb96f9,Vivien
store_f2576ae0e1ed2488,ULG
store_3a8a1de467dc01ac,Schwarzkopf Henkel
store_f6f837de8bbe0621,ROSALIND
store_fa157c9e4a389369,ANCIRS
store_459a9c8e9e2be808,Leocrema
store_d525eba67686c519,Clutch Nails
store_dd3b7bd7790ba29a,Fine Tooth
store_b57ff3f4345a7e40,Blistex
store_8be21f2deeb495d6,Findingdream
store_33505e9eceb7fb60,Alvera
store_3084e59da0ee245c,Avalon Organics
store_47ceaf4c03e8f837,GOAT NATURAL
store_880f2c84ad690e08,Thinkbaby
store_b6b6b532c08f6c38,Christian Lenart
store_e6cb0c91d81190e6,CONISY
store_8c3c194b433ce507,Serena Hair
store_0fcc87dac651297d,BEkjdiof
store_eb7029795761d8cd,Sylhair
store_dd0ad2312b076423,Queen Helene
store_eb33196153c7e411,Dinoce
store_2a1b875b84fa7245,Fine
store_5d43bd0fe66bdfd9,XY Day One
store_eeaeaaa327273016,V/A
store_79025e4f14ed954d,COCIDE
store_c94b704ce85f886b,Valen BATISI
store_bd5ac0edb819bd57,FZANEST
store_fa323c61a956fe44,Katoot
store_77e0269bbf7dc4ca,Love and sincerity
store_8593f1e1af126ba1,Olbye
store_09b4c53ee0346223,Xotic Eyes
store_ba54c239bcc9871b,JINGFA
store_c98fc4de340bd2c7,Earfodo
store_88aa84cfc1945d28,DERMOVIA
store_6e23ecfe17b17ba1,Agnes
store_50625ff967aeb47d,YZHSTONE
store_4abbcee829ec05b0,Elizabeth Taylor
store_443231124599ba0c,NatureCity
store_335b3c3288ef0988,VERITA
store_6cee69e197edbc94,JUSU Body
store_6dd424bb810c75e9,Genérico
store_96106a72257d6aa0,G&T Wig
store_e0ac406a875371f7,body jewelry
store_d78fa7c35e683b7a,Weico
store_170ce2b26f916867,DASH FOR HIM
store_71e62307d5799c86,luzen
store_1c8f09270fc33a39,ask
store_973ec5857bf0bf59,BFE
store_ea6807d1c201a124,Fengde Hair
store_aa5c82e773c8bac8,PATTNIUM
store_dc14aa375d0ed4c6,YISHI
store_c409e28daca4f0e0,XiaoYuan
store_b614c68764eb3811,Eightown
store_27dde639e6345fe7,Immaculate Waters
store_c41e1d02c8f90b7d,DI QIU REN
store_57d7acfc3316db96,Vydexafil
store_0761330c0681dcf7,Elf
store_45bbff82bc528d2e,Mi tesoro
store_36f160a30ba53ca6,AMERICAN CREW
store_244e151a9a5c9f1f,VARIO
store_890778c879591bff,Atelier Cologne
store_ecbd8af733a17803,Ayumi
store_84c1ebaf3853750c,Kistreao
store_0461d5ebb998e56b,FUMIHIT
store_51999c13a732b1ea,Vertra
store_552f0e59084924bc,Pink Gellac
store_6a7145f829c1ff1f,Field & Stream
store_d8f515c5507bd711,Tangled
store_88bd55ff535c7ad2,BELEXTENS
store_e4d2bd7afab1d297,Becoler
store_5e45d3b76b6af4ac,Endoto
store_af1b6f2609cf9521,Sunflower Cosmetics
store_6f616283e8f5dd6d,Dermarché Labs
store_42825b817aa303ed,POPFEEL
store_f1f1068d7b4ed109,LINKALL
store_6096391600adcf3c,TOOGOO(R)
store_fc0a33e615820346,QUEYING
store_0b16607cadbebb76,ToyMarket
store_1c309dd08299eb55,OCTSUN
store_006657b149197a19,DreamLily
store_2079b88b8185790c,beba BOTANICA
store_53c9f78a3d8b63d8,DAPU
store_08d8a106ba3a3476,WuliC
store_14f0b9e2efd20eea,ANREONER
store_20de6ef71112a38a,Scalpmaster
store_e94280c2328bd459,Just Nutritive is JustNaturalSkinCare
store_c63c8ec7f6e23088,COACH
store_c321294265ec85dc,DR.ORACLE
store_42284367b679e0c4,Ruoxi
store_20b241e1578fc10b,Hovico
store_fcd03d2ee3ef9ffe,Reaktack
store_54883220f319ac74,Uttse
store_79661f679e1574b2,Cotton Orchid
store_f95294da59a94b9f,Claire's
store_1e33301252334894,P&G-ΟΙay
store_681e10e6c1d7b404,Sulily
store_4b9055a9e51d0725,Global Hair
store_7ca3bcb92860f8ef,Fake Bake
store_524bb46bb4436d34,Fun Express
store_e469a84b2bd5af20,Orianna
store_3cbd6ba69ac2270f,west kiss
store_fd536d67732cdb4a,HQdeal
store_bd680370af5474b5,B013
store_fd427525ca2e23b9,Clou Beaute
store_a9804551061216b4,Health Enterprises
store_6a20d919ef6203f8,Bite
store_d74fcd742e193552,Juvale
store_0048cd10b4a24bee,Lily Of The Desert
store_52e68cf9de812325,Marykay
store_bf2013659a20b1d5,LiberBeauty
store_dc7636aed30693ee,STEPHANY
store_86f0ad79b5498da9,Morebrave
store_eaad8ec2df5fe60c,Pafeit
store_60768206f89968dd,KOLELI
store_a6fb9ad4d1a0d702,jayrazer
store_e23beccc0b35b0be,esowemsn
store_aeff6cb1713eea2d,Pelokaa
store_3533e4c88e29878a,Elite Dental Products
store_99e9f003698bcf29,wonderful lifetime
store_01877854ca7a9d03,Kirei Sui
store_861a86beb916dbf7,Moresoo
store_6f324ebad91f7256,KANGM
store_be688bc1c650a221,ZDHY
store_f1e6a68fb1f6a18f,Aidan Gill For Men
store_737066d88c71ca01,Circle Of Friends
store_be296c1e5554210c,D S LAB
store_dd394b95958a5d6c,type:A
store_f4f43151d877afe4,Smile Secrets
store_3beb46aaf0b84145,Belen
store_c7950f946ce2beb6,Bamsod
store_5fc48902cf0b2d02,Lysol
store_5a6bf69f604dd98d,XiRan
store_3f38a2085f5441f9,R RACILY HAIR
store_6298a74ea665b619,JYZ
store_ecd24c01bcb5f2a1,Formula 25
store_4bc66c3e87238a6e,N/N
store_e0f905de915cb37d,Cee Cee's Closet NYC
store_2a698d6c0b7e7f68,Nordic Shave Company
store_c1658bde8b31e8b8,Liang Dian
store_65a74d3eb54aa9f2,Angie Queen
store_06b198622c7002b7,Aisillac
store_872bfe53f748cb1d,Löwengrip Care & Color
store_6cbb9f1cb640392a,ULAA
store_a84e9a8748d3e751,Day by Day
store_a12644038402d57e,Eunice hair
store_679f453166975c17,Hello Bello
store_b743aedc513fae04,HemWekoo
store_87219cc92e586f30,ZANAKJ
store_108b21b79cb1335f,Ryalan
store_273f6a080ac652d1,Yansu
store_4dc2eb4fa8f50b16,Mannice
store_6599b351e64a7d3d,Perfect Formula
store_1463e903d3d3966f,QUINLUX WIGS
store_edc7f7e69c5bf76e,VON SHARTE
store_d5f7b904e93f3d2a,Natura Sintonia
store_295af649c293cb12,Ecoriginals
store_dba892997598a756,BF
store_2afd6dc0f21ebd36,illunt
store_5769b2a77412d56a,Celsaoz
store_41c7820766e71eb7,F&W
store_9e8c6ce200197fd0,Erarrow
store_301a8ecf9070e079,SHANDIREN
store_a7037134fdbb2be7,KRALER
store_567b1ab2fd67b1d4,Yousha
store_57a1d1e560285e22,KKOT
store_1f11c8bca6b58a87,Pestlo
store_3e3b9c3d291cf0fa,Topbuti
store_f61d238cc66d905f,Seearay
store_0649b90764b18996,KAFEIER
store_6ed30f159e3d93a1,MAYSU
store_6e83b6fb9025f82d,Broadsheet
store_918ddf905c74795e,HOSYTIS
store_31a2308136ee8a16,RONGZENG
store_3523060daad0f82f,JFFX
store_0fc7c4c253d05b0c,HappySmile
store_3bd40685c9468c40,QQcute
store_630fa605f6b083db,Lady Miranda
store_70b8923f9ead7788,HOOJIH
store_f55f7eda13c34444,Hairtrition
store_454d5255ec6a6cdf,QianBaiHui
store_1cddb93fe5526d87,Perfect Seeking
store_3da1425e810f689d,MAYSA
store_0e574314258883f4,L. Erickson
store_8b2801a30f93b56e,Blesky
store_5d6ab3d35fe17ac7,Lenaqueen
store_7898a82de474e06e,ppmarket
store_5c82177bad8ae309,Dagfiy
store_a2c67ab6be6dff32,DmHirmg
store_d55a338523ef13b3,Weave Master
store_cedcbafe8c3ceda0,Wave Nouveau
store_af05c01b6ac5c9a1,Le Tan
store_78d70ef3697675b0,Dresse
store_5ec89fe4f145f12d,Essential Bliss
store_635277e2df0d27c5,Avena
store_77918cf147e13df4,JICASTO
store_1aa1d092469cb872,Gressa Skin
store_54e6e83630303cac,Eteyuse (Ettusais)
store_c5f5e4d75252d978,Best
store_a93e721e60ef5185,Inifty
store_485c65cc608b51bd,Orangoblue
store_1ff9573cd9d00fe2,AHONEY
store_7b396049977bb8b8,Pierre'S Apothecary
store_4bc003595ef84f4c,YELNA
store_08c6a9fd591aee8e,Blisame Group LLC
store_a6e16047b81917c0,Gucci
store_6288c28f56a9209b,Reeple
store_c8819f0d1bbdf763,Tabiger
store_5e6d5c3a504729a7,Arm & Hammer
store_90f9afcc64d63d4b,SOSOOPL
store_3cb8cedb561d1b7f,Rootflage
store_7b59557313e32cb5,sinotron
store_00655b16af1cd76d,Navabelle
store_92d1e46c987e2e98,Elife
store_d831644693d666c8,Hydroxatone
store_4a172a5b3d2eba59,Bvendano
store_9f61808b4dfeb769,AP24
store_2940acbb32930d68,KONON
store_9c74803036b88b5e,HL001
store_04d8a00add12f286,TATTOO JUNKEE
store_978976759f6191d3,NEWSEE
store_8e2969ea58acf2b6,UniM
store_1e69d69df66c214f,ATRAENTE
store_b433f52c7cd96616,PEPPERLONELY
store_21a5831f4f5d1f93,Wigoddess
store_f3e2e9bb209c90c6,Feelgrace
store_3675cbbc437ebcf7,White Dolphin
store_9281bff56a73ef33,Revolution Home Deor
store_c89a4c6ad642e464,MY-LADY
store_3611ac014cd34944,Environ
store_77bff82bae310974,BARSDAR
store_1483c25c359f9487,Soft 7
store_635e93e68aec6c27,Doozy
store_a21f301354e83276,POVETIRE
store_43fa201022ff89bf,FAYBOX
store_32c4a832e3e4633d,Gyuzh
store_2571aae9329be79d,Hynt Beauty
store_bb27e4c600049b05,YOLIFE
store_1aca68f983da1c63,Kiss Nails
store_76f84abe2b2b909d,BATOUDE
store_576c3f39a271d84e,Fabulici
store_868e859aa4b8c03a,Colloidal Research
store_df4aac95066b766b,RICHSKY
store_ba2eaf0e2d1da407,Colortrak
store_21a6fa107125cdbe,Heathcote & Ivory
store_1387071dc41ed4a3,QTICA
store_49c5c88681a111cd,Magentoo
store_6e4e8a699cb24e77,Tjing Tjau
store_597d72b832daa77d,Aokely
store_5cf687102cbb7e27,SKYVAN
store_f2d9f469b882196c,Onshine
store_e18b724b77c4e04f,Natuworld
store_8760b980f24167d1,SpongeBob SquarePants
store_12c6062890ef52fd,Hotiary
store_698cc00d3c5c5bb7,GORAIS
store_d1dc38e71193ff3e,Ayana Wellness
store_61e02f2555660b1f,Mini Powder Puff
store_607f8f3f766022a9,tingyuan
store_9260d94dd0c75d4a,Coloplast
store_2e45985770fea673,Rhonda Allison
store_83c7e718f5e12caa,Tcplyn
store_a35785a7dd690e89,BENBOAR
store_698f6fef0138d95a,LIZ CLAIBORNE
store_18c02a2c9460424e,LILYCUTE
store_83b996ac02b20aed,NewLife
store_c7e476e1fd613833,HONEYDEW
store_2ec79626c5b6be44,BAMWOOD
store_0286558a9fedf268,Funny Girl Designs
store_f1af78069484b13b,Spider Man
store_f3d668550ae2243b,Conditioner
store_48297dad46e40c06,Koksk
store_967e5de89f916b93,SHANGXING
store_5737fd587eba4492,Fan Di Fendi
store_be0adb294b295df8,Newport Cosmeceuticals
store_7a30c7e484dca514,Kate Spade New York
store_526c9c19481e4a0b,da Vinci Cosmetics
store_82201a0b698a6131,ReannaTAN
store_1aabc161cde33324,VELY VELY
store_6d0c51bcb62de051,Cooyeah
store_e9ae0baa632b627e,Nail Pro
store_3c8495a809afe8ed,Dularf
store_024f1cb8e40ed68b,Jordana Cosmetics
store_f41cf2326f26bb20,NISEYO NU
store_9ca18590c7f3a131,yookee home
store_116075a68b80b1d7,RuBiWo
store_da421843dc656e23,Lifeybeauty
store_5145747890406d77,Amber Massage & Body
store_22ffda80679597e6,Twis-Les
store_f47c87e417d6594e,Canyon Rose
store_978c9f3f747bbf4e,HC
store_272a3273090b6064,tchrules
store_238e461ab3e707ce,Costume Agent
store_64d8a24813203688,ZURO
store_185698730058435d,Pure Mauve
store_6597659100cc2cc8,Polly Online
store_ef2cd213ee0dbbaa,Vedext
store_54d66c2d7605500e,QUACOWW
store_9532ce9a1dc355c6,Masil
store_4f28554def41cf24,ECOFUN
store_e62e1dfe153febd4,The Perri Collection
store_69ed61d183b90379,YUSONG
store_53daa45dc153f1f9,VIOLIFE
store_05b44a53343dc82f,NERISSA
store_bc66381a14233672,MAEPEOR
store_b39cb231f70d2381,HAISWET
store_9bb8d19321a505cc,Sayna
store_fad53555d67b117b,Hair One
store_126b49c2f32a8ae0,Nvunofry
store_f8aaa67116ace680,Duevin
store_f95dcd6545b8befa,LOKFAR
store_c32863b0f62830fc,Granmp
store_d93bdc4d1ab6a4fc,SPARIN
store_bd94cce5ee4ba9c1,DMS Hair
store_4ea6fdc961208b93,AERIN
store_43c8cdab72eb6045,Lottie London
store_98dcb23af3546397,RazoRock
store_6b06535057e3c179,kilofly
store_320ba8cb0dead8b1,Head & Shoulders
store_5178f29654c8ed1f,CNFCO
store_9ef5877decf12077,L'UGX
store_2832f61285eda018,Tiction
store_9b22992345323ab8,RN BEAUTY
store_68c968ee83c839b5,HAI Beauty Concepts
store_4e83a3f0db29a858,Lvyuanda
store_627715c8619355cf,MOXINALAKO
store_11df2961be41aa6d,drtulz
store_58aca53e80740c12,So Gorgeous
store_f960a8e7099917b9,VenSen-Game
store_00d78bf41eba7ecc,Sonnet
store_4488382b33c54fde,Precision Beauty
store_a3cc20848ebc1722,KATAIMUZI
store_bd2aa29fd5f2806a,Barber Shop Aid
store_bec733fe65a7fc20,Hapdoo
store_4b17286a2bb954e9,GOTTA
store_b9ec872a60d9ee70,Beam Nier
store_00aed4f75d536cb2,TUOTUO
store_f509ec79f63de0c1,Daylogic
store_ee4540c409275204,Razor MD
store_f6855327bf117eba,Head Wrap Royalty
store_2477270236131b2c,GORJUSS
store_3024389b08fddb73,Beard Gains
store_0eff245694d0c710,Eyelashes manufacturer
store_4ed0b4bd164d55cb,Ernesto
store_46c874a8560eddcf,SJOO
store_82bf96e21a1d40b2,O'bella
store_880c226e00e9c01e,Laurinda Hair
store_4e29e9dae2f02034,Neutrlab
store_304d8fc77e6bd675,GUOHUI
store_3547baf0f1212fe8,SLLIE
store_164ef1161b769d3f,FantaLook
store_e8e7536b299dcd4e,Holulo
store_309ea506af0259fe,N/1
store_92e45ef52bb17ac1,TOPHR
store_cab50c4957164ae0,LAMINET
store_e6ef8382b7b0fe06,Jade Lady
store_16218e99e1d05d8a,O&M Original Mineral
store_4914a75a7572920a,Sina
store_67f451fa69876c3c,MÃ¤urer & Wirtz
store_2b40558f9b5f5ef9,BLACKMOON HAIR
store_0215e968b0fc194e,Deppex
store_0f3d747c71f2cbfe,braiding hair
store_52f677fe7ccbc173,BUFASHION
store_b4e82d6b62c7aac8,OHSO
store_67fe14dd2bfe5427,INIKA
store_261f84145e5e3191,Style Icon
store_23c9064fd9443535,aliluner
store_0c1a0cda5a1d438d,Sea-Maid
store_5a941270ea2f9be2,Greensen
store_80514458614a986c,Jovono
store_8bdbee8c7801af13,Dermactin
store_83185650226243ee,Kewl Fashion
store_9dd20d9a7ca7e284,FILLIMILLI
store_63ac7fadf7034a3b,Cloverleaf Farm
store_7ddd38615bf2cc92,Cored Health
store_383aa7e8f58238aa,Ton Savon
store_0636f715e713b1d1,WAVEBUILDER
store_de482c9fc9eba551,Cathery
store_fc643dacd493965b,TGDiQiu
store_da87904420d34787,COLOR CLEANER
store_0ecba52b55cceee2,boderier
store_77d2ba9f171841a7,Therapispa
store_d2a9b0229f5cc167,REVAIR
store_b3a4f328cdf07054,Lift It
store_1d0c1e4a1c2f4dc0,LUCKY BABY
store_eb572d1752c30415,Essential Mart
store_dc5db2e485a50c0e,Taycent
store_216c7ebe08ed6ef7,HAYEJIN
store_7ecfd8f97b4729c6,Freedom
store_22005f67ee0cc9f2,Two Sisters Spa
store_f9573a596de90b99,SUPERNOVA
store_72077749f794f21a,无
store_bd2f2023dfc3a9ff,Hipsy
store_028fd98a048520a0,Korean Beauty
store_024c9038de206506,cyclamen9
store_4de59f3bb24d70fd,Sensitive Planet
store_67356886a3fc97d4,Kao
store_1c32f0f65024f3c3,Biange
store_707241b01f628336,URANG
store_0cbadd826fa40137,Yebo
store_695b93299573bc20,ADOIFAIR
store_f992a8e7fd759745,GUISE ETIQUETTE
store_665de1f2775ca0b6,EST
store_f71c44ef7d84d2eb,URNice
store_f2893903a78a60a3,Alima Pure
store_bcbd1535186843ec,HENGKE
store_ed49716f52df6a16,go1go
store_b579e13e6f494be1,Barber's Choice
store_1661095b2ce6e19f,This Season's Colors
store_fcd12e1646b6cd63,Cadex
store_6c9084e6c8384530,Montree
store_c05fc6a5ee6bae92,Natural Inspirations
store_5dc437262e093f0e,Tatooine
store_bc14a2b66ad5dcac,MXNSLWA
store_61b5e21b8de8c2df,Khroma Beauty
store_0f496b42cd522a38,Reshenie
store_6346818297420771,firstfly
store_d4a6a25e45b38c34,Ai.Moichien
store_01581c07a6c3f3ae,Cimenn
store_f9708a4e01a5004a,Super Nail
store_ba70c713ad5495ae,victoria secret by spursgirl
store_26fac9701ff6f9c2,AiMiNa
store_0cace2b4be6bd47a,Haobase
store_a7e2242c0e8d1b85,Life of Beauty
store_ecfbdc86c126db39,Pro Tan
store_10926e4efe73f757,EWIN
store_24fd15e87cf862fa,AmberJewelry
store_9bc58f42580cab29,Alberto Culver
store_fd0c6d088a7eb2cd,GoodBoy
store_835b3bca5088af47,Kuza
store_be3abd59939b13ba,BOTANICAL THERAPY
store_0b6a5b97e9b213df,PINUO
store_e7138de5bafe302b,LaFlore
store_b7e8161c537ab935,Royal Lady
store_6a037b3cd31a2536,RINBOOOL
store_ddc804f706a6154b,Therabath
store_2d163116ce188189,Full Shine
store_880c7f3226284e3b,Reve Beauty
store_d7bb3bdf5a170460,ETERNAL LOVELINESS
store_6021e44b0893df49,Omega
store_49c1f3c368f9cf0f,Kozci
store_a5639c331a8fe229,V'NICE
store_12823094c0fdc1dc,Flovex
store_e7e5fc69b8d56a92,Bastle
store_a8cad4ef3e2cd597,Make Up Revolution
store_2c85124c92d59698,Mythus
store_3a18342a61f24353,jieyan
store_d407befbf4039e43,Haloty
store_53743bb25c444178,GOLDERR
store_900caa62fab4858a,Prime Point
store_01fe12b319e1e88b,Wavertree & London
store_30e1d7336a0a2fa9,RAREIUS
store_79149a1dc5c2b00b,Gerber
store_0caa2bf59901b623,Jamais Vu
store_9fee7d9bacb11c44,OAOLEER
store_50bd606c4d6fd4c3,Mixx
store_687656f6a192ef9c,mummy
store_d8b66b9baff2c4f4,AeraVida
store_990fa1d495badc05,XIAOYING
store_439c77b267cfa730,JNxcel Salon Products
store_be3cd0675aa4accb,NEE JOLIE
store_e2b4b1fd9205b54a,Eminence Organic Skin Care
store_c7c01c3fd5beceb5,Espoir
store_744ab3fd26a06a6d,CGlash
store_5521137223091b37,Beistle
store_8fdb7e2fa84f4faf,Okay
store_ec98ba440d7e5506,Pibbs
store_a22bca2de3eee11f,Alimarzo
store_9f02939c6bcc50a2,FINDYOU
store_59214ce839197631,XQ
store_9f69484bf3276153,Mountain Country Soap
store_d3e8b4a602e44611,Profoot
store_a6aa6c594f3f9048,YUKI
store_6d542fb955937264,DaLin Temporary Tattoo
store_89658e9c86b1aed8,EMK Beverly Hills
store_40ab6d482ac7f6be,Yinmei Baibian
store_2856d960135f8009,Emergencia
store_c98d23e391b1b290,Ageless Derma
store_088879ce1eb99fe7,Love Sweety
store_f600dbf81abc6af9,ROOTLISA
store_dc4071f4d33778d3,Pola
store_25e636b3eba68804,Taoya
store_89e760bf6aab2f4e,HUA MIAN LI
store_bcea88c241c8c7af,QMay
store_5fa74a3d3e782f59,Ameloy
store_ca9f9dcef19fd713,MISEFAIR
store_009ef1d86b718a1c,Ellocy
store_d5c3dff44a282a99,ZENMED
store_26990cf9aa06ffff,JoJo Siwa
store_29fbfc6f64e8b69d,bogo Brands MadayFormula
store_b3cd16bf4d27f6df,L7
store_dce90bef6aa1f62a,ALEXA
store_7f884acb0b93752b,Flagship Pomade Co
store_cefd1aaae0b93395,Tutuko
store_ee1585665ff9d5e4,Queen Bee Organic Skin Care
store_fb6610d0de95bb47,CCOSMIC
store_5e1f3ee2b36ae749,Tugia
store_3a36dc53b8cf8dfd,FRATTI
store_31b14f7f321caee3,BES
store_0e9dcf4fbbfc2a5c,Pierced Tools
store_097c6fff52a0321b,Nature Skin Shop
store_36bfe5c1d2b5efa4,LOVE AILA
store_d319f370e692e2a8,Lilly Lashes
store_64fe51f09cb8db53,GEMILY
store_298907b17a1285b1,Parnevu
store_80b0c5df6ec583f9,ORNAPEADIA
store_81af6f314d722185,whamz33
store_170872876decf947,iLH
store_0eea62b438331ad8,Taktik
store_4c75f3e1eecf26bc,Alicoco Pofworld
store_26f0c5b98e0b93b5,Brilliance New York
store_9eef678f9a43ea87,Ankef
store_af27788d917ac256,GC Global Direct
store_0d6655cc0a0f4af8,A+O
store_5e4858ee70fb85c3,Eye Embrace
store_8192c9664541242f,FORMULA 10.0.6
store_c145a96dba0761a0,Art Break
store_4de2fa195d83b9d2,MOONSHOW
store_7c6cb3e88bf59a85,Ora Henna
store_a6011bfde2128c62,VANKER
store_d45114728a7be33c,Colorful Bird
store_3f4aa602a70202a2,Spider Man Coin Bank
store_948cc7cba6349a20,Berucci
store_7c962edd507aa28c,Qingsun
store_f425587c2148be5f,Autostereo
store_efac2d6c229a784c,Qujianwei
store_3abe83944994c029,ARELLA
store_a42ffa8bcc0d0668,COSYDAYS
store_9c632dd7a2559e9d,100% Argan Oil
store_43abc7b77fa26a67,UKYLIN
store_7acf15fe3b362932,maestee
store_3eadc7072c471621,Wahzzi
store_e7ce5701052f077d,Cozeasy
store_00d5949ecf516685,Cock Grease
store_0253703953235e4b,Adasea
store_190416864fe1a966,Milk Makeup - Dab + Blend Applicator
store_c4aa6bf8d052585f,Urban Queen Fashion
store_b39152942db8cb1b,Kadima Organic Beauty Products
store_ccf123a885a683a5,YoungSee
store_495bf5259278e8f1,Kimblebeauty
store_dffded9b8c719848,111SKIN HARLEY ST. LONDON
store_c3b4898904994c95,Duby
store_365841afc8c1de75,Mobray
store_5e444900752f522f,Viabty
store_e8326f5d04ce1e03,Brishow
store_8b18942796c86934,EVITA PERONI
store_ecae3fe692f7dd20,Hanstre
store_d4ed80c7c90ce146,Herbal Choice Mari
store_1a4efe6d6750163b,Amyove
store_d8e9c2453970a0a3,DAIMER
store_f28bc50157488b7c,Howard Products
store_518653a7b7e0023a,Wet n Wavy
store_18f5c0160dc783e9,Spiralization Direct
store_90a386696467005d,REMY FORTÉ
store_791d8ea54d477c80,DARIYA
store_54fde4dff04ca67d,TRU Fragrance
store_40fc59f0c5510ef0,VERVES
store_626cd710e1822568,Prism Makeup
store_709bc99b70e7334d,SAMKY
store_5dc936b79d3dcd26,Fashionwu
store_f62903e86c7e453e,Dr. Jill's
store_38717fdb156d8068,Beard Octane
store_fc01606b25288a69,Hynade
store_d601100ce9899ce1,HX
store_aa6f7f6120e6166b,ETEDES
store_f4299f4ceca50619,Bigen
store_d17414aa60c0d873,ArtnIndia
store_29e717f2ebf89e71,DEB SBS Company
store_85e4a31988cf62b5,Pomology Beauty
store_5b033b4cc61c108d,Cozysilk
store_ee23fb4f3dbfcc32,Nabi Cosmetics
store_c034a67ff4fcf7d0,asika
store_fca557e5d32c9a18,AIKAUR
store_51dbecbc09412be5,Samyang
store_bdb7ceaabb71d240,SANGAITIANFU
store_078df1deed84cda8,iMethod
store_96a38b9d141e4d87,NOPUNZEL
store_74f165163fe72d5d,Urban Moonshine
store_d56d186e18ef0ab0,Walker and Hawkes
store_e6cf572a301ba753,Ainimiu
store_397c143c4cdee0ae,IETONE
store_08cab9f194698504,slopehill
store_2dfa99ed01fc475a,Yataihead
store_ff18668057b68671,PAON
store_d29db9570ad6d524,Color Oops
store_f57b47d45c9585b5,Siless
store_5393365fa585dfcf,Pure Ziva
store_1d8c35398891bccc,EXCHIC
store_d87adad80b2800de,PRODCAB
store_c23ab4566e22a9a6,CGBARBER
store_f6ecf647c748033d,BOLIN
store_94b339407d25f177,XoJeef
store_28362a1b11f4e8e6,FORMULA 18
store_0b9f4b953423e9fb,Clover Leaf
store_662a41c6bba20f68,Ali Pearl
store_05adf3e963f65e61,TEBWPIY
store_a926b136b5a4c1dd,ALAZA
store_08622eb79e2bdb06,Lohot
store_5174e3282ac099af,USAKHV
store_2295179bcba7fdda,OCCdesign
store_e8b28afdaa5092fd,SweetMe
store_b694f85f3dd96786,IAMBEAUTY
store_4539ff4d6af2c095,BRISK
store_c2886132010de68f,Softee
store_530c496c2f7bb8d7,DAFNI
store_bfdd01c6aa879318,Hipcheer
store_210f250edb468c78,REMMI
store_414c4d4d8a0d12ce,Probeauty
store_fd7531cc337a947e,Surborder Shop
store_9e27f33d92fe4d2e,Cliove Organics
store_82131e8c4823dac9,The WomenLand
store_15bb5a90e7e1ac59,OvvioInternationalTOPNaturePlus
store_66c4dcc4bb4944cb,WEKEY
store_b453eee8230bd9be,GOO GOO
store_795c46bd2c8ea346,Cosmetics by Almay
store_b54368a47e8452f0,Primextra
store_7e94dba8d1cd9b44,MEVYS
store_580c9d5ceb582b10,M-BOX
store_0946548639d5c158,Sweet Sunnah
store_ac8bc4346e666d36,TotLogic
store_3234808cb693e473,KAYZON
store_202c6131ee8b1472,MAXIM
store_a259c56bcc9958af,Mosichi
store_95804af692121d46,UOUYOO
store_e429bdf4c89c388f,brifay
store_8aca1f82014aee09,Nigao Japan
store_cb7cb23150cd4ce5,Auntee B Naturals
store_e5ded6277ec8a4f1,MiKoSoRu
store_5dd37521e6e21279,Cossaro
store_c5d55b60b5973308,Artuxer
store_17cf091127acba88,USChoice
store_c1a9adf73f3711ed,ProtoAlchemy
store_795455dea6165f3d,BUTEFO
store_d85b7624a50f10ed,Blomas
store_44803e1c7000eb08,Uncle Harry's
store_afa999d179090f6a,Obeyalash
store_593e3262135de7f9,Creamily
store_f11232fc98413df0,HOURGLASS
store_313f07c33abee985,ralpph lrn
store_f0bfb77414310f10,Le Labo
store_1d8d9845e06fc724,Tuansheng
store_0581110c7252d2da,LMSG
store_ea13563d02464a9c,Joeschan
store_dfb2633e34955489,PINGC
store_5c60b56b1f443c9f,Pixi
store_52f2c88a88bc7ace,Coisini
store_405f109be584783a,HINCE
store_b6c331c638f10cd1,Neelash
store_dfbf3a28e7ed274b,BLUETOP
store_d788a6a9b683ed3a,Acqua Di Parma
store_5ddeccbf95b0047b,Chase Secret
store_226f391867998ee6,UNA
store_879a41d77d1d94a7,Feel Foxy
store_1bd55c11e94b9aff,so' natural powder 4 room
store_12fa4e782a84cb78,Gnews
store_fcfb30048726a6a5,Ouwanz
store_c7d69e5c899006a7,Diptyque
store_b72cae4d315be95e,Major Dijit
store_1a6dee2729fd8c56,Avass
store_a901a0c7ff05222d,Vika's Organics
store_c7d7a4c1cb3aa36c,Voronajj
store_816869afbe2aa431,WAAO
store_36b2f43c3c1f3440,STARYAR
store_3cff865e875be067,Parfums Gres
store_113910f990045ee2,Yun Mei Hair
store_1c9d2d94a983f12c,LUVIKO
store_6e2664058bb45c22,The Good Stuff Botanicals
store_61245c8ad0f6e134,goldseaside
store_8648a5bf9fe2521a,SeraphicWig
store_6b0aa23444ad0267,Teliaoils
store_81114bda3275cae1,KF Ornament
store_d453f47f2c3d0190,La Tasse
store_6b72f7d559736b74,Yfe
store_599ffcdfc2ce5de8,RECOOL
store_edca6adadc1660ae,9WIN
store_1909f753726bffe7,DaLin
store_871979cd42dc26e1,TGG
store_8c32fd2815a53d3e,Tibet/Nepal
store_a115ee6721ac1f81,Carolina Soap Works
store_5585a4f07eee057f,GEZICHTA
store_8d3fdf00bb07116c,Tweak'd
store_ff9dedefe9ee78b3,JD
store_5b247d66dbe69de5,BronaGrand Nicexx
store_7fdba9f270bfdc5d,Hida Beauty Brand
store_08fc2a974c14cb9a,COTU
store_af8517112b95a2a8,H2PRO
store_a3701e103e5b4527,Dmqsfig
store_c7cd42697c89b8f0,Beautique
store_12a9a4af95addf47,Rayyl
store_540f062a7d98efbb,thebestton
store_5aabedeeee6d69c5,Bright Creations
store_427d460ac278d8ae,COMELYJEWEL
store_db769b52d601995f,NeeQi
store_112aa61c9f0ac4ec,LOF
store_608f618bade778d8,DOTKV
store_3ea5a64673d87398,Rocutus
store_dc6f48bbb7351b22,T&Z Supplying
store_d902ae992a022942,"HOTEL EMPORIUM, INC."
store_72028772a955ba13,Sadot
store_8ee79f0ddba0c03f,Woochie
store_a90afa2eee3e70ba,Simple Truth
store_9467077cc75f6a62,Boticario
store_158f73af98c8f8d1,Plandchild
store_d6aff2e0ac24f17b,Brappo
store_edb245d46c3b4b23,JessLab
store_699f000a86994fd1,BSJR
store_b02fe8108efac1bb,YSaudiar
store_37893fe834f79da0,Sc0nni
store_a36dbafe4843b8c9,Dorisy
store_4c019c8ff7680121,BeautiControl
store_3439d3e64bea481b,Direct 2u Wholesale LLC
store_c4e7ac099dfd65af,Cuba
store_c44dfc29b095f07f,OYEH
store_1dd91a196eaa0335,Sannysis
store_38013f2e6a286bc4,Fahrenheit
store_105923013eb28898,Emmet
store_636f5dbc72c1a3d1,ALYSSA
store_b2f6c56ece9caf19,BOXING
store_60252e3c7f7d39fd,HairSil Accelerator
store_a1a236a477f29af3,Bmadge
store_a8c380adf5027500,Seed + Posy
store_c2a8ce6878604e50,Appolus
store_c38d2e4ae676a62a,Long Aid
store_d2238dd101f70099,MTSCE
store_7e2483580ec16d79,REXSOL
store_93224df6d726f1a2,YOKE FELLOW
store_d9a1c362e00dc03d,Sandywood
store_3794bfd2755317a3,lintian
store_ee17dd83760cb938,Pei Mei Beauty Box
store_85185462b9bd0b48,Walkoson
store_e226af26decb6868,Dr. Collins
store_9c8a7ccb72127ab2,Camo Chique & Spa Boutique
store_99f4ddc8ba02b043,Swabbies
store_0e5ce51202881350,Tunbot
store_2d125548f44979f5,Molinard
store_07ee3467b31ddcb7,Eden’s Organic Garden
store_c303b2a1f9f849fc,Vidgoo
store_d1644ea1f7b0bf84,Kercisbeauty
store_b0e0c3f5393d1ac1,Dalisi wigs
store_99c13d35c68be325,Sugaring Factory LLC
store_264ba42752a2a73f,Namecute
store_393a9fb00ae5246f,Yazon
store_3b0b92997e2de76c,Abeauty
store_f72732d9ad1b5014,WayWe
store_b83feb465744b34b,Aphro Hair
store_f52647ba95fcd1dd,IFUDOIT
store_8fdc74a05772171d,Nalani
store_42dd2d435015eef6,ANSWER NINETEEN+
store_ac26885397107439,Dr. Bronner (Dr.Bronner's)
store_922fe0ebae6bc3bc,BriteSmile
store_54a6337a72ee8d30,Singer's Toy
store_cb720e694dfa1004,Sangeo
store_d6116cfb00904707,Nillkin
store_04853ba96f995720,NOBLE GIRL
store_c3dfdb36f30ae234,YANHAO
store_2a9fc3df6239d79f,ABUDDER
store_e9fe0aecf566b72e,Gabriella
store_8e6448340d5eae88,Happy Wax
store_c2546535d55d0bb1,Lustrasilk
store_486574a4f476442d,Alucy
store_c44d25e0aa4e432f,UHair
store_68aa36a31d35f907,Bonnie Z. Leonardo
store_ee67649923affc18,Probelle
store_eb3bfd36699e47da,Igia
store_fe86fb49bc6d48f2,datanala
store_c37424cc626cc035,Wonder
store_7dc831e9915411c1,TOOFLEE
store_9bf27a01da88204d,Auntie & Me
store_3f75b0786558264f,lameila
store_abaaab1694a47b03,KULIZA - LIFE SCIENCE
store_c745b40d0d07309a,Lusucat
store_75054fcf081351f3,J2 Hair Tool
store_a3ed2bda08f0266e,CareMax New York
store_6b2dd0865a217d04,Krasa
store_8afa4984daa6b489,Seya
store_6695037834da0afb,Gentlemen's Hardware
store_38639eea5c15bc5c,Kappus
store_ee7150ae8e6facf6,Nail Polish & Soak Off Gel Essie Nail Polish A298
store_799861ecfc8612ef,LVMAOZI
store_9d4b8e88ae62730a,Lovely Beards
store_af9239952a66aceb,Aabellay
store_ee042ec79f866bea,REPCILLIN
store_659ec9ec038acd39,masque BAR
store_110fc3f152022cd7,Brino
store_e5b5b3c91403619c,West Coast Shaving
store_4fa447d9641a00f2,KONUNUS
store_037a9cc423b3cbb2,Betty Beauty
store_dc52ccddbe82af48,Hager Pharma
store_b92c2c80ea4957cd,Alan Hair
store_4c13ecdf7f3ee62d,Moira
store_4753857dfad346de,BrtslBty
store_26c429bab53adace,huaju
store_16ecd296208ed87d,JAYSTAR
store_220d11f8872bb506,Gold Shape
store_d31272014ba71845,asulike
store_196e1e030e886599,goldwheat
store_bcfe33f728ed3eec,NewCraft
store_0585da317a83bfd2,Radiant Beauty Care
store_48de0fe63adfc8d3,ZJchao
store_456c100945b0acdb,Vansiho
store_6af11d1fc4f420ac,Peach & Lily
store_6e67290d543c3c50,Roskio
store_f73f3d3ae5755d92,Jeju:en
store_4d693c45e20793d4,Cagora
store_5bdfea671693e0f7,Whityle
store_4e29c1af880a04b5,DFA
store_ffc0fdb01f29fa62,Mountain Falls
store_f895e6982c1ce189,GFNet
store_dce5f2929e2bea12,JOVNO
store_0509f265094af98a,Bbrand
store_65d33ea010df3faa,Urieo
store_71eccb3c35eb0dad,Vinieesha
store_fbfd0960f0bd045f,SoulBay
store_a0c962635189e457,Dinair
store_5024ebf9db92cf73,LINGJING
store_c0a391a726bd4503,tamarinda
store_5c7a3d7d46229159,SIOGOR
store_260d1802e3a554f0,Plum Nellie's Treasures
store_fb8cb679d43e409a,SPORNETTE
store_fcdaceb1de2287f0,By Gina
store_76938042ea80a3c4,Vivilly
store_b43f47124ef99d39,Dead Sea Minerals
store_ec54c3fdc446b08d,fearlessboom
store_5145ca3f4b28c4e8,Verbiena
store_2e8fc50489898468,ToPrepair
store_d506bd5213c46bd4,Credentials
store_72fab3be6cb2ed14,ARTRA
store_5512d9ae3e97f714,Eyelashes Dance
store_c068002bde448270,Kisslily
store_847b75706fdaa331,Yilloog
store_6b6afdb2a603dded,Dermagevity
store_130eab97bff29788,KKrown
store_5a200483b1f46d0a,General Brand
store_269d63ff909b9f91,Acca Kappa
store_5c334bb08e15ce01,Starbucks
store_b3cc3e14ea0cc112,Anddyam
store_4ea279c941474784,FAERLIIRY
store_e92cde5492d6f665,ZANA
store_71dc0c6cf450c9b4,Fyonas
store_9a5bb6f9b1d4f6b8,Genenic
store_dbe202caf5806c03,Strands of Faith
store_2160aefe7b0d63ee,Schick
store_56f7fba423214b64,RTop
store_ab6c7576ad598a34,Potentcera
store_d655c06c5d853d52,ILES FORMULA
store_3af40c296e346d22,Navhao
store_8c3a7f47451b5da5,Roffler
store_5ece3aa48a20f450,EuroKosMed
store_dc480662b8999551,ANGGREK
store_8d63ecb1ca5fb4ff,Lubriderm
store_6845d32ca5ee6b94,POWPOP
store_03828552683f8826,TeaiEei
store_965e4384a024a3f1,Hanamiya Na
store_6ed18f354e568d03,QJ
store_cdfebb606c0048b9,Charm U
store_f6dc1435750735ab,Mchoi
store_5a9c373886f48a3c,Balboa
store_579900cd8a95f51e,Queen Story
store_1c16bae54157aba0,Forevermore
store_ab9ccfe9ae41d941,Mayron's Goods
store_28c37014369ee3ef,Babo Botanticals
store_5de6e685a7fd6df4,Yumeihui
store_feb9657aa1b2530f,Moujan
store_e350a5a4d2be709e,Wedding Hair Accessories-Sindary Jewelry
store_a5f5c780c613b7a0,Aliyaduo
store_6ae35f8ee9066a7b,AVON JEMSLY
store_3fcef95eeb95dd85,HILINGBORA
store_49051c3ecc08c430,Shay & Blue London
store_2f131d0f7f18199e,Dual Dou
store_615e2891eaf71614,TAFLY
store_0cf37bbcc14664b8,GA Girl Naturals
store_65ed293f95be2cd5,Maxtour
store_6b50d252aa970a1f,Havtyyise
store_002b1a7c359565e9,The Medical Mommas
store_9300061eaf6a61a8,Nectar Bath Treats
store_76b6bda8bcd81e24,MosinnGy
store_ae07ec57d5159120,BANANA REPUBLIC
store_f77f272ebe26b158,EERYA
store_73fbc0a8de67b009,FEAYEA
store_33579ee38734a04c,BRAVERY
store_2c1e5322e8c98115,Skinfood
store_b0ba9132f3c121f2,VHT
store_d5c5da2db894693c,ZOCONE
store_3e3d89b2cd8a9a94,Zermat International
store_8812ad898535ab16,XQHAIR
store_12caee05041c7cc8,Commodity
store_427b84af477ba5b2,Sinley
store_6b9924e16c3427ab,NUGG
store_43ccbed490b5b6fd,"Opti Mall Life, LLC"
store_56efc05cfff8b3b0,Easycosy
store_4a729b1ca27e1434,BELLAMONSTER
store_7047a95be7c4ef28,NLCAC
store_0455cdd7df883cb9,Aora
store_98acd0a7a8841f0d,Kiss of Fresh Air
store_3ae54a2721b4e3e6,Auch
store_f67039aeaa9b9d99,BVGA
store_6f965b96fc5bbcf0,Jericho
store_b2714c21a5e86b70,BreastFull Intensiv
store_502fdc23c92d147e,BICNGA
store_09ca645b7454112f,Bantu
store_f6aa5059d5126630,Aguder
store_77c26f328796a59e,Kandice
store_2ee3222f552dafbb,Rastafri
store_c0065605f12bdb2d,SpaLife
store_fe6aab7fead1d144,annila
store_49f768a17b29244a,Tarte Cosmetics
store_8f2dffa3aa2cc375,La Fresh
store_f0ab624438349745,Jeffree Star Cosmetics
store_f81e7eacc863ba16,FeiDing
store_5996ed2f137322ba,Tea Tree Therapy
store_dd4bc36609cd4cee,YOYOSTORE
store_c87a55b192ca2ace,Yugui
store_e3658bbbb0930e9c,JIENIFU
store_d0221efc9687a02a,Planet Spa
store_397de27b9d695321,XIAOHONG
store_b2440ed6029a4bb3,ALLFEIYA
store_41c14bca98f3d619,ChefLand
store_fe7bf65f4ba11413,Cosmedicine
store_948c871617addf9a,PRITECH
store_3db15d4a53e93ed9,Lovely Annie
store_8004a28c377026f3,Eminence
store_9d3eb3ab6e18a39b,DRESSMAKER
store_6ddc7b5597e26441,Perfume Discovery MadayFormula
store_871cf921a4a31ae7,Motique Accessories
store_89b274de641edfe2,MIADONNA
store_33b4b9d78d7f2e99,YUNAI
store_8dd719298f4fa7dd,Babel Alchemy
store_3cccb412eaa16c8e,NSSHEL
store_61781264fcda39fb,NVVIVA
store_ca8ad385dc34b214,TIENO
store_76f5ad8a618260e7,Fragonard
store_cb9d01f459383086,"RAPSI, FRANCOFONTE BARONESSA CALI, SICILY, ITALY"
store_2d95db3f8dc21434,LEORX
store_e519767ade88e6a6,Aysekone
store_e7d8cb008e3a8c78,O My!
store_ef650464de2722b1,KBG
store_d41278ec72b4496d,Savon le Naturel
store_5a2ec9387b5c65f6,Hunter Jack
store_3f18d5821fac8cb2,YOUTH LAB.
store_610150ad0ff61a8d,JOAH
store_5e5a3424d13d0bde,NuVur
store_67a4c84cb8378800,Fresh
store_2eb1f74718222b9c,Teresa
store_fbbf04e27bf73abf,MISS ROSE M
store_53336dfc0c56c45e,Yarlung
store_e26f180c5ffe9bb4,SHANHU
store_c658c15562e082a2,Xiangsen
store_7631da2c9a4d50e0,Just Brys
store_af731a011b3e21a5,Summitfashions
store_638e59ab9be3046d,Aimik
store_644be3cfe686e8ec,Mecool
store_7cf8d4e8c17faff3,Glamcor
store_ca5c7c26f83261ee,AILZPXX
store_30746ea75b9b1738,The Original CJ's BuTTer
store_130d95185730fa96,yayoge
store_f2514348aafea6a0,JoofEric
store_63e788a99e3c1837,Beard Care Club
store_b8b39bee5457c30d,EWIN24
store_563f7a8fb5367dce,SentGa
store_64d1f63446261784,Earth Luxe
store_409e8dcdb4e5f0f3,CUTEBEY
store_1e222f93f0afd072,Rainmae
store_288e2665f969f431,NNAA
store_9ea0456759aea28b,Allwon
store_b88d1c3324217b32,ZRQ
store_960f942a098e0397,GULAURI
store_62287f8aa12ca046,XConstellation
store_169ff0c169cd2096,MUDDEXLLC
store_4b44fbb3a02073f5,Joli Noir
store_393b935f6638ed18,BHUCUTU
store_a6a200f1a4eed9d3,Shiny Silver Company
store_9b328b3e56366be1,Optimum Omega-3
store_af5e5957f19b631a,BEAUTY SECRETS
store_c0f9b7f2635e90ca,AOLLY
store_391502abfa795713,Men's Routine
store_28a870dda90c08f1,SALVATORE
store_d74b9b65ce4756fe,REINA REBELDE
store_a29c174216205199,VIZIONSTAR
store_75cbd80d4a4bfe7c,Yes to Tomatoes
store_014cdb71333d9e9c,JISTL
store_e4012e55f8b99d15,Bow Flip Flops
store_7564a5210b5f144c,Dirty Little Secret
store_a4dc14df9da4ae93,KV-1
store_d0241f62d13720c2,iLUU
store_f202884227c0b5aa,Toomett
store_131d30f4683543e7,BOGSEA
store_347fe4f082d41454,YUANMEI
store_ef199bc147e47dbd,Vermont Organics
store_131d76cecb25aa04,OMCHIC
store_ad40a44006a9b528,Imeily
store_83babfaa15d36758,Brothers Love
store_932be24ea83f9d07,Aesthetica
store_2cabe9a2549a45ea,Byredo
store_c94110a4245b2a80,Lemona
store_84b45cac21dfa1f0,Dr. Temt
store_bd368af9d37eaaa4,HERA
store_cf4f734f16ba6613,Kioomi Jouierty
store_ba58c9cc972451fd,CCPT
store_3ae04cdbaa3a7a38,Emlin Cosmetics
store_e39eafdd020eb8d1,schaf
store_24db8d2e007c4db5,Torllireth
store_2003303aa6dddc4c,Bianca Rosa
store_0fe0cb314d42e2c7,AvoDovA
store_795581e281ab3cb1,AMOTAOS
store_a26f88494fc6f4a0,Lanyi
store_6538701b03e68f50,Papaya
store_c5aba0a3cf11f398,ColorBerry
store_9f82eccfa69a959c,Nanshy
store_2551edbda8549be9,The Art of Cure
store_e703c5cc854887be,INSTANT FAB
store_fa062b12e9db5673,DilaBee
store_334415b61331c337,procener
store_5946afce42717dd2,Grim Grease
store_ed3664a2a870ba91,Aids to Daily Living
store_fa91777eb094446d,Vitalis
store_5c4df3312bb6a891,langlin
store_2381945c8eba0d6d,AmeriGlide
store_cc78c89287cbae10,BONAJOUR
store_c3ed64ffccc5aa70,Sun Natural Products
store_231ac6db15187fef,Assic
store_9efce8a41d5ad547,Zims
store_9c37fdea8b65fcb8,Heatoe
store_db764be2788349fd,Fingerqueen
store_43f0d8d11c02e8ad,Mineral Hygienics
store_1bcc1c5a7df73183,SYBL
store_1e2ef44e175f4b33,Rishon Enterprises Inc.
store_b435df0d00aa7a65,Miny Beauty Cosmetics
store_ac2674a01261601f,Mantra Herbal Solutions
store_bce7ba77d351a796,Rusoji
store_63ab4b5f79c57422,ANC
store_9551a0fceb313cdf,Grip-Tite
store_a286e6433fda32e1,Hollywood Beauty
store_f625fad49d7b6303,Vicky Tiel
store_942ff9457828ce62,ALISFEEL
store_40b833ec3b5fecbc,Sugio
store_d70422ad7913dbfd,Wet Ones
store_32ea60c4394a3a0a,AnnaLisa Cotton
store_88bc9bba054bb388,iQ Natural
store_42da0e91a721afe7,"Beard Cape, LuckyFine The Beard Foundry Bib Apron Facial Hair Trimmings Catcher Cape Sink Home Salon"
store_8aba0cba56d078c2,XiFe
store_9e8a1653a4126380,VIYAVIYA
store_7fd05f483d92664b,Diamond Products Co
store_3db02b931eec9ceb,Aiitle
store_55b3069f4c63a008,Sunber
store_894027257cf93fcc,Ace Beaute
store_6344396b2cddb426,MY HONEY CHILD
store_1a5974167e1b10d7,Wild Dog Beard Co.
store_2b5968f3676e52fe,White Barn
store_d96d7a5360564adf,Hoyrhra
store_ffbb52747e3aa106,Easyouth
store_7fb06a34ca0a4b7a,Suhome
store_e9c50963b5d35a50,HANASCAR
store_e266f496c9f7c5fa,LokiLux
store_46cbfe58a435c0ba,Pina Colada
store_aca24ea068ddfaec,YAOBFUL
store_b94895e43f5237a3,S2ND
store_7fff55078fc09c0b,SSMLELE
store_86fdfbdfa3c71ce6,Rashell
store_c0d6db6b6f0631d9,LOBKIN
store_60cc8507ea8f3033,AYKU
store_c9d9cc01617eca80,Watermark Beauty
store_176d5e3e167c6c4c,Spagmoss
store_7a959912784baec4,Yaazi
store_b427b0a78dd12564,Haidi hair
store_c973c99fac32081d,Jerome Russell
store_8aaef9192039ee94,Pro Sanitize
store_87073a383cfb2938,KINKYS
store_359d727c593f22cf,The Hair Shop
store_9f89f95bec0557a5,Udobuy
store_fbde018b5a0af849,Ps Star
store_a8b3bf893a704572,Loba Mane
store_81c60cb33a2aacd0,Friya Hair
store_b4ac2887372e56e0,Danielle Laroche
store_eb7df63276251fbc,F Fityle
store_60aa10d449e68bc8,Onwuon
store_3bc946e929f3ce7f,TruKid
store_9b08de512ef536da,Rilastil
store_6a64de86b4cab64b,Zhovee
store_af90f597b33bf4b7,Isufer
store_98b623d3a28e8b27,MyHealth
store_38802f23bdd6f0d2,hensucess
store_3bc1d1c79908543d,CLARICE
store_02bf3924d0e3eba0,Urchart
store_2e5e2914f5caeef5,Body by Jake
store_26d9b7d4c5e1f85b,BIG ELEPHANT
store_0412408c5c6923d6,HAIR FLASH COLOR
store_d31bb2b50dcd7447,Rustic Maka
store_5bce377dd9b366c2,soarup90000
store_8a6f838682dd9217,RIY
store_d5ed7864fef79541,Bella Pro
store_4948894947454f9b,MORICHY
store_4a59d21e6fa5f14a,Liv Free
store_fee01298376ac81a,veravicky
store_436ec769a77cd303,MOLIAN
store_80e9ca5e72d26cd7,Clean + Easy
store_d0028a5ed258e510,Drosuud
store_5a4a8b3fdd90d715,Home & Kitchen
store_60d4e537eb2cc591,FTEENPLY
store_4340a552b284b452,Nobranded
store_ace5223a8f43f51b,Idealgo
store_08fede549738a2f2,WITHSHYAN
store_029568b90e7a7178,NOONCHIHOME
store_43d4277499f257d4,BlinkinGel
store_82b462d6339fa792,Terra Botanics
store_99294fce917fa399,Antonio Puig
store_bf66bd810f9e0e94,The Stylist
store_968bccdc4396570e,LOVVIY
store_94b49d3e83d675f1,HHB Eclipse
store_6d2365aa590b3410,Health & Beauty Dead Sea Minerals
store_cfcca4ea2db2c1ad,Simply Savvy Co
store_90f52af636ca6047,Vervan
store_b07eb2961e495a99,Spa Pharma
store_92c2e2322c01d399,Moda Mode
store_7dd179a66b76530f,CACASO
store_daf9e688f90acb86,PROXI
store_089087f4a113be4a,Maycaur
store_3b4a4c4ce35d7631,Lucky Nails
store_af5fce7faa3ae06b,UBORSE
store_4c14d1d7e3ea6696,Called To Surf
store_d55f6e7ead9709bf,CBLUO
store_baff2bde767ec6af,TOORGGOO
store_b5281b80e5213ac4,Salon Selectives
store_524f26048cc9307e,BaeBlu
store_1391d9f42fff3c7d,SWEAT FOR ACTIVE BEAUTY
store_9c6e02dc97e8ef46,Number-One
store_58d6f4e11dacb1d3,XCXZKJ
store_6b21afef3c62ffef,Minaluoze
store_381b280bed072b95,Susan's Soaps & More
store_3709f49105f14e56,DOO GRO
store_e647a02d5b676734,Annika Maya Cosmetics
store_5ecae81be6524672,HILYN
store_24409e7be2be8a81,CZhiyang
store_a823529ffc41f48d,Townley
store_955f8c43709aa8fa,Scuddles
store_7785db84585b09fc,Chloe
store_598457429257412a,Clean Pits
store_a584d9526980c6fa,H&R
store_20ab2c3610f40a4a,Authentic Models
store_0957b1afcd0998d5,Pure Glow
store_db5cbe37b3fe06f8,IZONI'MME
store_6d3abb8c2beabd43,Elizavecca
store_92b806b0f4bc04e0,XYHair
store_fa6ed2b9b6ba758c,FingerPaints
store_de83bc7bd61259a9,Hoyejyou
store_6e2f679bd14458d0,Youthfee
store_bd8fcc379dc56c11,DR RASHEL
store_bb188f074ed7bb9b,ten chopsticks
store_ad3740effbbca761,DAKOKA
store_9d94cf517b0e7661,WFWJ
store_910d0a3a4782c0a8,Barroko Hair
store_01986d6f2c98ccdb,OLITY
store_ab8c6399a7acb111,body & sole
store_77cf0937e0983de3,TUPARKA
store_9298d661abf318cb,Daily Itemss
store_c110fe6304bd39af,PRODUZOR
store_5ddc2b08b8a900fd,Mezcla Laziante
store_9ed83cf58e1b2dc3,HEPEENG
store_5ffe533b830f08a0,True
store_ffd7acb9af3f6b3f,It's A Black Thang
store_e856b8333c9f20f9,ROYAL IMPRESSION
store_cac60bafbc282b7d,Saberl
store_8473b812b3a399a8,WUMONI
store_345f1e09cc8806bf,BallHull
store_1a0b6e53b8ad022c,Truefitt & Hill
store_c8ed81532fdc32b2,impact your life. your world.
store_9b31687ebc43afc1,EXT EXTREME HAIR THERAPY
store_a3a8eb0a6d416c73,Colorpop
store_5ebd88c53f74ea3c,Lodo
store_d73c161e0bf679ff,Tauracle
store_88df3f9d90c5af3d,Lambda Beauty
store_91643fbd389c8b54,HAIR VILLA
store_f6b01001c7d4f284,Nass Cosmetics Limited
store_9cb5928a18c44cd5,Hikari
store_53cf55fd5ddd25a0,Dominello Vitali
store_941be5faf0234e3c,HeadBlade
store_45dcdf7edc338aaf,Deluxia
store_da2d22248337ef2b,Beauty Headquarters
store_b3c014a73488e2c3,Millsi
store_3be8fb993164d7a8,ban.do
store_3dce6ea93bdcee63,Anatomicals
store_e5ba51c2cc0b7a30,GROOVY'S
store_82fcc3e70f295072,DEPIL BELLA
store_e2ac5ddb635387a1,Glamour Glints
store_0dee66317136abf9,MY LITTLE BEAUTY
store_74afad13724df3dc,AZORA
store_d1e7e3d61dda476f,BINGBRUSH
store_da4dbfbc4fdc5623,Absolute
store_9c8c7e6174799223,Ocean Potion
store_0f6bc95baef5917a,Mistofu
store_b724fe9e193cd047,Aurora Cosmetics
store_195c16fca0261b40,GIKEITIN
store_4f4decbf9481f001,Nylrem
store_4410806eb6556149,Kiseki
store_4043d4278d2f22a0,LENNYONE
store_44c405eb32df117c,Nature's Gate
store_e28395e91c4e758b,Ibnotuiy
store_bed5e0f7bfc2f4c1,Ugeat
store_1e8e2b01e4dbee76,Red Silk Essentials
store_97d37cab236a27e4,F.P.L
store_c8521be5d51f0630,WFPCZHZT
store_1e7152e1ea4a1a16,Alyster
store_09e024b4ce5f7339,Besteffie
store_ffaf80a323326e2c,Morgan Taylor
store_12215447179a7184,Bergottii
store_6b24b5a793f71628,Youngman
store_f739b730a7b1b200,Gersoniel
store_fba8b4a5cfc3422f,FASHION LINE
store_31be9f98c543174b,nOir
store_a0fedc8f1405753d,PocketGel
store_c003037a7ff3583b,Jornarshar
store_a689abe6f4b1f265,Aelflane
store_785c859b00c0b78a,PIT WIPES
store_31a19b55fc2c916a,Carrotor
store_3aaddbd541015d37,SENGKOB
store_d870d21d16018723,Lflin
store_8a45967c8502b564,EGORAM Huluwa
store_13fbd79c3d390e5d,K
store_8b06d376f404a8fa,SAVVY CURLS
store_7eac64a8aba1f1ae,Smaty
store_b1cb9bd07f728979,Keratin Complex
store_be940574905999c0,Key West Health & Beauty
store_41bb2ac81343f5ae,BWXXXR
store_ce2935eb7d38dc9d,BLUPLE
store_13bce0916bb9706c,Caress
store_8fa9767f9f627423,Premier by Dead Sea Premier
store_86e6dabf6814e157,Annora
store_f04bd30ffa3fd2fb,Ruiyu
store_024d100f992b63f3,Epilacire
store_88001e4d4d80937c,Fnova
store_080929594a5f573b,Comfort Club
store_3e251997c0f696e0,KikiBeauty
store_b119921bcf9428e9,XIELIME
store_5d55fa4ebec968ce,Zapzyt
store_d6aeb05b60fe6f46,Saiveina
store_383ff7296c4f9761,Broadfashion
store_a736674f153b4b86,Lioele
store_1f1d653fe18d6463,Tumalab
store_e6efe07980a56314,DermOrganic
store_eb431cbaac1e883f,LDYESTIM
store_9295b11b81b0a29a,GEMERRY
store_fc4a81f3e0e2d36e,Grace My Face Minerals
store_fefb088cd36b68f2,Innocence
store_0704538aa9c7c58b,KKMO
store_66c91895b1366854,Plu Scrub
store_7d9f7bbc9f2d5943,Dr. Alvin
store_62ba5f7934fdc07f,CoverON
store_3fcb45327f8c85e3,Alpine Silk
store_a8db1349b44b2e3a,BYS
store_254969eb913079c2,SnowHair
store_08fcb904756d87a1,OUTON
store_390351d2fabb9535,Rain Bingo
store_696be13e0cb7e3bf,QIUTIMIY
store_968d05f2a1794c8f,Moco de Gorila
store_506f0b22118ec9fd,Skymore
store_e075f5d39c71c206,Fine Touch
store_e5ac440786036c25,Top Girl
store_79ac98303c5e7f28,RuuKarm
store_8c964e37ada70ecb,Angelina Verbuni
store_62d2095f98dd1929,Yakuin
store_5b0894ba78c00468,Vruping
store_247041a89d3a0732,Complete Medical
store_2a9385e0b8fb1ea5,alinshi
store_08705eca35ce55eb,Xuanli
store_8974c2c31c9b84cb,Oudain
store_8acc2c224dc5c801,siny
store_e89a6ef0f9238c9e,ZIZEO
store_b394b2c15d09268e,KYLIE
store_0b747975554d4dcc,Ylovein
store_b4ba27b467b3cc47,Luxury Times
store_3e7ba66290a4181f,SoBronze
store_abf05082ab5b961c,Terra Pure
store_168a0a7dde299b2f,Syhonic
store_f8edf5e31b185831,Heidi & Oak Natural Labs
store_c6036af5aa442d63,B'laster
store_3c5cef45c71b95b1,HAIAISO
store_97a68713363e83d8,Big Goals
store_e0cbc48ab91f7f12,LuLu haireate
store_d5c5c4f100fe10ed,HEBE
store_bb3bb70ebd194c65,Echaprey
store_25d41aca9e8b9efd,EAU DE CARTIER ESSENCE DE PARADIS
store_7d951f3dd9aaf513,GUDYMSKY
store_a54ee9ec1a38871f,Hyland's
store_5ffedf42b8319e60,CLOVE + HALLOW
store_0c8ce41ce412b6ec,Stylist Sprayer
store_821bfcd7ea39ffe2,Smith & Nephew
store_6c77e0291e6e1f43,Hope & Henry
store_92e3b5715f75805a,Leaflai
store_589a320e02055c0c,C. O. Bigelow
store_0e7af52a2a25ac21,Ikee Design
store_5888d8a0dc7137fe,AVANI Supreme
store_1ca51bef48baaf93,XONOR
store_f2ab4056c00e0608,OUDLUX
store_663085b40d815555,Awakening
store_4b255bf5bf8c2014,FALLS RIVER SOAP COMPANY
store_f612e1d17d65ff0a,Derora
store_cb27e011e4297ef3,SWEETVALLY
store_3571c5067abe7591,New168
store_13104a9a287746cc,ZSTO
store_42a8f0398e379867,SZTARA
store_8dc8c202927506c3,CAKURE
store_00fc10511100b411,bebemad
store_d164c03be2ff2148,Noble Isle
store_6fae18d743b9a4e7,Baby Young
store_48c021e046d0df96,Susenstone®610
store_2ed1ed8c5d1579b0,Elephant Xu
store_d82a3b7d456d7f8f,Frutique
store_81b9a3182beacb65,CreBeau
store_558ffc32e9a2a3fa,Bevan
store_44827c2a36695052,NYC
store_8ad9004b0a98e9d0,NYKAA
store_b77ad0c6c61a4184,AnatoliaDaphne
store_1c882ecb4c9e6cf1,Symphony
store_a38018c15e95538e,KEEP COOL
store_c4d16e07ad45c6db,Texture ID
store_6776c450dec90a10,AOEVI
store_47933f3ac29316d4,Noble Formula
store_d53334290286364d,Spdoo
store_10e498240dcb1b70,Swell Skin
store_8dd9c13dab6df01f,Kaibeilu hair
store_7beb831e23a84fd1,Oregon Wild Hair Moustache Wax
store_7aae73e8592408e7,Vip Beauty Shop
store_85dd1403bc56c89e,Elbahya
store_60f2cf8fbc11e008,SLMISSGLAM
store_7fea1daba6b9faac,AMACO
store_770c27475a73aaca,MONIKA
store_e285d06e84dbfdae,NSI
store_655d56c922a44303,Alionly
store_037913193b99def6,NK Makeup
store_6918ad3366a18b99,Anastasia Bevrly Hills
store_90176107b1a47d08,Secarond
store_de9ebb526c160681,ZUCKER
store_ca3fd761f9e7210f,Samtiny
store_88ebba9dd1375d77,Azafran
store_8ddc0da4f3176255,OSORD MadayFormula
store_9d7062d15aee0249,LM LA MUSE
store_600aaf732939f1ca,Hi-Pro-Pac
store_9262cfed15374d61,AERA
store_0c36c53e7079593b,NEWMORNING
store_28a3e34c24ab899f,THE WIG
store_52eeca0a3a8d6681,VÉRACOVA BALANCE BY NATURE
store_1506f4e96a40cd58,ARISON LASHES
store_c15d552c377d5066,Accessories 22
store_2a1c7550f97153c5,Sort of Coal
store_0314f356b7b3af93,H2O Plus
store_5702ac92a9d85baa,Life Diaries
store_f977440f154245fa,Creightons
store_020f1e434c1ecb5b,KindLove
store_c0c0813ac2958161,MITOMO
store_94e3c088a53b470c,Mallso Store
store_f5beda603b25025e,Surgeon's Skin Secret
store_1dd7a1149728f6c7,Jonre
store_e8bbaedfff0b80af,Living Libations
store_dd920e211a6bbef3,AwesomeWare
store_0d7dc87c29fcccd4,Royste
store_cafc1b53dd018224,Jaja Hair
store_fc4d945befdd1c0d,SXBBSMC
store_cfd084e0207d48b5,GOSICUKA
store_33d127011adc4c58,LILY ENGLAND
store_c745e97d0005a546,Elizabeth and James
store_c37c3f683c98997e,KSolars
store_c28fc34465f49889,Nutracine
store_8281e03f2c35a2d1,JaneMO Mass-ging Tool
store_b29c9919cc8f0c98,Hibucuo
store_a2eac55762f8461a,SUOLA
store_d347c9daada96d9e,EM COSMETICS
store_532ec7e185eae48f,LEADER JOY
store_28696d1344aebeb1,Canserin
store_767bb4c975b7a991,Kaisheng
store_23c3567391f29bc4,Ali Bling
store_234ddb2859079a3b,logozoe
store_243b2c0e21639d6a,Trust Fund Beauty
store_d1892e07736cfeee,CHUYUN
store_c9600527f45e29da,AGREE
store_ed1a5c11d5c24b8e,Paper Magic
store_743f3f61d5d711e4,EVOLVA FUTURE TECHNOLOGY
store_4f8ef089b64b5690,Cricket
store_49f021b8ac62e8f6,TRULY PURE OIL
store_aaadbfd56ba2d276,Aromaland
store_55646d59b706507f,House of Armáf
store_8ba011148337eefc,Aison
store_54dff4cd25b9f7cd,OMWAH
store_02653232e6c04649,Consort
store_ed0119d919da6e70,Heliocare
store_d5a17ab1c4a35602,LUSCO
store_43ff93afa78ed485,TULOBI
store_6609604454eca2a3,starze
store_5a6fb80429e992f6,royaomis
store_b34f0bcd037f9e54,ARRIVEOK
store_910ad386e6f1ed68,Little Journey
store_2496c68dcdd9fa10,Barrister and Mann
store_13800272d7a85c03,Precision
store_62ba5294e445f5b1,YX
store_a4115dee80aec711,Prite
store_45074f4de7ffe147,Cawesor
store_130aadb33a29984b,aSulis
store_ade4ec992bfec36b,Carol's Daughter
store_ffef386890c5bf91,ENDO ICE
store_788d1e5d142a1dbd,BBIA
store_9ee6bbc0df8d90d1,iivia beauty
store_ed1e3a52503c97c0,Baja Breeze
store_3f69856486f5041f,Beata Hair
store_77bb139300082ad2,Flairosol
store_68ddb352908a3b34,Kdmidun
store_b68a66c9175843b2,Belson
store_1ff128e1fe8ad28e,Funky girl
store_546ef9978169ab55,Degree Men
store_982182c015020f54,Truly Lou
store_38e1c8dc07213e51,HJKDSFD
store_3e4f5989940b56d6,INDULGENT MOMENTS JASMINE PETALS & CEDARWOOD
store_f4c9a8eb904e47cb,PROIMB
store_c91e58e986dc890e,KLAIYI
store_fd761b6e2ada5dbe,Eraser
store_43a83ab170eee490,Natural Logix
store_c0966497a0b18efa,Bigsophy
store_687595e1824919e9,HAQUIL
store_8a5eda53ce27759a,Primera Technology
store_aa36b96a6e63e32e,Cmonie
store_4cfb06c34a8dd13f,SINGLE BEST
store_f026dc53ca37efb4,IKHISHI
store_c1d35fbe493f15bd,Hair By DK
store_2087f9f603a90336,3 Sisters of Nature
store_b38e6e8feef62a8f,Urrtreusor
store_d1de7a03e026dab0,reskin
store_2048414090ff0ee6,RODAN + FIELDS
store_52739b996b9a7dd4,Daxi
store_05dcb464121b62c8,Caijuxing
store_2b3f35c9371760fd,Augenweide
store_e49f4c8bbf6d87cb,GLAMPAQ
store_06f0eaf82c94a074,shirleyjj
store_932193f285edd859,Anfigo
store_a35c58c91de44710,Inverness
store_5219bd292f9ab9fc,Lotil
store_cff02758a4754884,Shoshana Cosmetics
store_4d0be31db8795426,LORYP
store_75ea6bb7bfc1186f,Stern
store_0c9f1ec0d48b7daa,Annabella
store_9910a0903d2cfb57,JulyQueen
store_33e6c917c695d29f,Siris
store_8a65a4957768e37c,Muyyan
store_97e066fc037f6201,WacanDan
store_9cc01f498580311b,JSMAASER
store_e36c3b214a9cd092,THESALONGUY
store_0e1bff25bc22f235,SunniMix
store_33a2b15321bb5d75,Biosoma
store_88bcbc6b94513fd7,Valiilo
store_d4a2caa08bf40f9f,Kegley & Co.
store_008b3ca6eaeb28da,SiNetGuy
store_6fbfab836b49213a,Tidecow
store_9b859e8802c15d51,Emergen-C
store_3b71e2a18b2fee4d,RESACA
store_d61a7fcf4bdfa62d,Thairapy 365
store_23e704a31876e12c,Aliglossy
store_c13d684a050b2665,VLCC
store_2e991ee6fdff2bae,Qian Yang
store_152f230ef64ef47b,vitrebond
store_abf1aa4a5e1ac3fe,Mano
store_4e03a774654dc40c,Zia
store_a410159fc7c9f2e9,Lacer
store_de072869c5031f4a,Bema
store_2cbbc6a98d6c8151,Fongly
store_5003406df43a6c73,Bwana Butter
store_ceda380a335f76e7,SUPERKKY
store_17b89f484eb22faa,XTRASIGHT
store_1b65969cbf6efb8b,LUCASHA
store_c2b7e69b90ed506e,Loreal
store_909bc600962d7732,Skinn Cosmetics
store_1bb90ade01a7c2ec,IDM INDIA
store_6e386a67fcaad42b,WIWIWIG
store_567df58f10d49b5a,MAVGV
store_9ac06d8d7b79996a,Rainkissed Leaves
store_01211fffb69621e1,Proud2beskin
store_af2b33a5fe932a4e,RM43
store_13165e25623c52c6,BEBESUP
store_4f16c5a8dfa713b8,TOMENGBEI
store_ee3ddc344bc3b866,Lizzie Kay
store_e1f715eb39f87c18,TITANIA
store_42b55647f2b98f8a,Arome
store_e90f283873857e96,Hal-Hen
store_e091ec93d5460559,Sooyee
store_789c9a50050946c6,MEILEDA
store_d2b11b1b07b093e3,WHAVEL
store_230a15197a4effce,ZIYU
store_fb2034b4c539f6d6,RIN
store_57cba41ca44bd8d1,Limited Brands
store_6d97b634ade33be7,Bileaf
store_402f7d4a61a7b84a,Good ocean
store_0cb26e2242f1e2f5,Lord
store_d763fbf7e641f036,Kingsley
store_4ff1798f30dd1f5b,Soap and Paper Factory
store_a6d98f04b608b750,CARTHUSIA
store_048d282ce96e3f56,StinkLight covus
store_33ac0d87df81bbb0,Sa Playa
store_c61f7bf9872fdb6f,Rosa Star
store_32a2e1950feb3fca,Yheakne
store_8f0b9ae4da64d254,RMS Beauty
store_6a68bbd6fa318f67,MARUKKAN
store_96d808a6ebd8c6c2,climbOn
store_015247bca78be480,Wonder Bomb
store_6f2ddf5b2fbd3207,Proclaim
store_32a5a96ccd46f3c1,SKINBUILDERS
store_a3288e231bd44781,MUDSHI
store_4e56001859047af5,morcare
store_d4250d2f5677bfd8,Fnbgl
store_6aafb81336dc6908,sinyanail
store_737ec11fd756b62e,Pharma-C-Wipes
store_237044865cf624ef,Inner Realm
store_d7f7d8bdfbb6397f,THESAEM
store_7c423fc788433931,LOSLANDIFEN
store_68eb6744248467a4,Vidal Sassoon
store_c28a82d84455926c,T.V Brand
store_28c1b42c6b5fb205,Captain Blankenship
store_e27e1917c0c12e68,Newhouse Specialty
store_aded63d9e65fa6ef,Model Model
store_7bd63cd03ace7bbc,Preup
store_f2a0a0aa6300b30f,Herbalife Nutrition
store_3afb1ea1dedc38f4,Caribbean Sol
store_935de7fefeb3e6cb,Buytra
store_b9153d7f0b15e29d,My rose garden
store_78c07d931fe41c61,lury
store_2abe8f66d2c7abe8,Acogedor
store_3a564dc36c845e6f,ManeChic
store_0be3e3bcea4df7fb,PLUSPOE
store_b777cbd7a86fdb28,Norme
store_44daad502d938df5,Alaffia
store_667d710fc847245c,Kamo
store_dfee2fb462bbb285,Knock Off Pharmacy
store_4cfd7e9c7b3debeb,Hikbill
store_a4963278c62052c8,Xcellent Global
store_79830313f68a33ff,GIORGIO ARMANI
store_b2c20521d7b80ccb,MIKOBOX
store_7eccbda26b5d0153,Cosrea
store_5cddd6857c0df2db,Aftermarket Auto Parts Wondery
store_c5df2ade0cf9c1c9,Stubble Buster
store_a022547135576828,ACO-UINT
store_ba2a4b47f8dcd266,SMART BRAID
store_6d68f744b3b89c24,Artlady
store_5af3b1614418557a,Nano Bio Energy Card
store_344bcf775a3a820a,Bysiter
store_9c3814ec7166b328,NULUV
store_f11a7a7d7e17b9d6,Tejbhnce
store_45e7e24971ce35ed,samyki
store_1c379620b92ac672,SEEALVIN
store_e2626e9d86e125ba,YOUYA
store_264dfc9576082285,The Doux
store_355fabaf355716f0,BMXC
store_c2bf3f6b232ad3e0,Textention
store_d05354c97de71bb7,Health & Beauty Natural Oils
store_07c03acf7a01a63d,Dynarex
store_f5495edad21fddd6,WinSpem
store_41d3620258f2f768,Dazzne
store_18f62a0762b86797,Mary Tyler Naturals
store_7e7bb32352d0d43b,Asquith & Somerset
store_6fc6c1768c5ee837,MANDI HOME
store_43e4123a0f3c428e,Hetianmei
store_cdbeaa3875b95d8d,Curious Apothecary
store_60895c58c6fd8f64,Bergoti
store_c9a0ad83e921148b,daji hair
store_639b32a2c9406011,Baiman
store_d7ee2455540388b0,Comely
store_116611f167cfecd9,Joyci
store_5071d2d05d997231,DouborQ
store_061665e86c947561,Nature by EJN
store_a5811f57de9bfafe,Baywell
store_e14479231107d4cf,Britta Products
store_8bbf14002ac8caa7,Yameite
store_867095397e02259c,k. hall designs Egyptian Jasmine Bar Soap
store_b8eaf2ca51138ae8,FERGRELM gk
store_86cf5545a58e224f,heeca
store_05c77e49f6a349a5,DR
store_18f68bc681a23bc3,Kunyin
store_34f311cc6e88caa8,SWETIYOU
store_77847588a621ad04,MaxMara
store_5e71bf41cfd0c1da,COPPER + CRANE
store_4965f78a2426bd02,rareESSENCE
store_362c6eb19770595d,GKtineke
store_b70b0999bccbcad2,COLORGRAM TOK
store_40681755e810e880,Cala
store_e532bb09546235b8,Miss Flower
store_b3fda5c60081089a,HI GIRL
store_88b3debb0c7df9ea,Jiarosi
store_66c88cc9d4efffbf,Hogoo
store_fcc674bcdccdec9e,FOKATY
store_3fd40dbef84cfa7e,STSUNEU
store_46d3925493904882,ZEROID
store_6c5d11bcb8047a1b,MTLEE
store_ba9c9178af5a12df,Keep Lady
store_08808065106e0f48,Crystal
store_20f76b6ddd365a22,Kritkin
store_3051ada0890374e0,Flirty By Toya
store_c76ee8464f0ad1c1,JStineke
store_5a6de0be2a37f4f2,Harbor Products Inc
store_22213fc1bb74e18a,VINNYSEN
store_aad586b1b6db8dd8,Chap Lip
store_98e43498c85b0acb,SOLIDU
store_3178ab8c10ebd324,SKINnu
store_64760d0fd730d0f0,Amcon
store_4d0f1cf1b0c9315e,SMARTHAIR
store_6633dcc32f6715ae,Luduna
store_03d2bb5832f576c9,Saking
store_03ef51ddca0c14cb,Artistic Colour
store_4aedc0cc131a91f0,Sleek Make Up
store_93df960b09c0345f,Eayaya
store_c0fdce340443bd93,CONBEE
store_7a71f0f19b4b4ff2,Aboonlys
store_2e6c122e07071fd7,ChromaLights
store_c57d2a55b547382a,GRIZZLY ADAM
store_3a18d23cc61a334a,G-Cord
store_9d655371e2801913,Bulldog Skincare
store_4032d6264010eec6,NABEEL
store_844abf04d4d2d7cf,Pharmaceutical Innovations
store_5859f8cd0a3cc541,BEN & ANNA
store_6a7ddde0a3d373d7,Aqua Net
store_1c1d1773bb394874,Mona Lisa Collection
store_4c070164eefab5d7,Paradise hair
store_a1e0ec73583cdc30,Gude88
store_c953e50c0135377e,REOU
store_18bd9d2170f95c36,ｏｌｎａｍｏ
store_551a5b917e418398,Jorsnovs
store_d69de56d6baca938,Models-on-the-Go
store_69add873ed2e01e2,Salon Care
store_8d9ba0d40d8b95ff,NexMe
store_db8a1ffc54bd5fcf,LAPOSA
store_7984d7c856208b54,Ivnil
store_d0d079a9a4da98e1,YCPINGC
store_19a553b2bc221a0c,EGLIPS
store_e028aa3e6e65480f,CeXin
store_f81e8a280a628505,TEKEMP
store_7975f810ebfc2ae8,ONLYFU
store_2c64a95aa1aaa53f,MOMOUP
store_820d075eff32ad68,THB
store_593ed4c674cbe3e2,HERBICOS
store_311f1fbb0cb2269c,Thinkshow
store_7a0bed9d1e7b7e61,TRANQUILITY
store_899b3245809d57f6,Have & Be USA Inc.
store_c291355679cf9ac0,Kawayy
store_955dbd31308c6a36,R REEWES FASHION HAIR
store_7777b3a56865db89,Ryxskin
store_313e452d859bc3da,Uaike
store_9ba1252179498e4a,Liddy
store_ed800abbaaf33cbf,Que by MilkyWay
store_8898cb5d155469b9,HSI PROFESSIONAL
store_668df4a8ff020be8,Royal-first
store_90ce794983d70aaf,FalaFala
store_95e1687dc87375b3,Guang-T
store_01c0a952a0d044e4,Doctor D. Schwab
store_180b21e55dccd360,Hemani
store_061428e11260e0bd,SZM
store_205b7e886ce1337a,kanechom
store_4e0511f22cb011c6,Didder
store_8a2c344a295011f1,MODERN PIRATE
store_e33a14c70b7ff6ee,Smooth Groom
store_76f644f1c1a2a117,Eden
store_94337931b3140db4,2cloud9
store_6b57fa69c8067fbf,Guangxun Company
store_b08200dab13673cc,Taylor of Old Bond Street
store_fa2b5ef64e987bc5,AMAKO
store_76c9f0d690e4c4d1,ZWIFEJIANQ
store_5d16b1e54f8ff9c7,KWOLYKIM
store_9822be1ead439455,Bratz
store_4ef41ea7fe1a4e35,Hale Cosmeceuticals
store_393fa976d3a134da,XAMAWA
store_6600f74c5ffc058d,Beard Bro
store_94861d5dd13aa887,MEMEDA
store_6eb31b3941daa67f,HPO
store_81a24499e4ca6a45,VicVicMFL
store_1f5ef56f60a37228,SN-RIGGOR
store_ee22b5343d42aa3d,"Udder Balm, 1 lb (16 oz.) Jar"
store_0c1dc5680d33acb2,BROOKLYNN
store_11c81360e3e25b4a,ZIOZERTT
store_1f47e1b99e4f1374,BCP
store_5cb775224d9b039c,K-MusculoAABBCC
store_d2bed18a2298efdf,Curious Designs
store_151c31b24d45fd8d,Altaba
store_5fdf7a2577815241,YOGFIT
store_a79969316409e789,Start Beauty
store_f74112a45a617693,Onamicit
store_4ebbdc0a6d0ef0b4,WEN by Chaz Dean
store_8396c82705240e57,Eyesgood
store_211eb1363ce55ae8,FABA
store_f50bbc314692f189,Scrunchie King
store_1c86c5eb7395e995,TDance
store_e1d9e60dd12026c5,WLLHYF
store_70da38f0f5425044,UPRETTY
store_ae5b8a278872b12d,RE ROUGH ENOUGH
store_05825582c1f068f9,Honey House Naturals
store_4b0c88a335861e98,Curad
store_dc4d1c82fd5c512a,Rommisie
store_141a99b09ddb6052,Black Rose Hair
store_7d3edb55745d2d89,Song of India Perfume Oil
store_de5bdee7316451cc,PLAVOGUE
store_b3a4ed125299df04,Alvarez Gomez
store_18cc0b9d893b6de0,MANDOYV
store_cbc4319a5b2bcde8,DAX
store_6cb8f6f2ed6366a0,Hem Gems
store_60489c295881f0cd,Honbeanify GHXC
store_b949117320117ccf,ESSORT
store_173ba7893e09f998,Zury
store_770d3c9e732d2178,iwotou
store_48cd2dbd3986eac9,Ccfurwo
store_2da9daab7fa67962,Beardology
store_a25e490b03f7ab7e,WEYZIM
store_8348b945ab33c7b3,UPTOP Hair ®
store_439ba88643db8f33,Eyret
store_525511f6426964a9,Global Beauty Care Premium
store_204553f6b00fde3d,FabDeo
store_bcf288b271111b77,HnBlist
store_538d0fe70da0b6ed,Smartinnov
store_e0dc1a5b96c8746a,Heliabrine
store_ba4d52bfc32116ba,Dead Sea Mineral
store_57c4fa8276b9979b,IMAN
store_789f6311adc6c447,YOUTH HAIR
store_a938e7e9554926bd,Tayongpo
store_4bcfe69f1abd9cdd,WharFlag
store_436774acfa22c764,Britten & Bailey's
store_ba9d4958a9776b6c,LOHO MAGICA
store_c6040f3b5912c42c,V-Opitos
store_ab5c5290e2342833,BeeGreen
store_1c430b47fcf6bad3,gexworldwide
store_470c46d3897d2be9,Qunlife
store_16473d1155c75a8f,SYMEINA
store_81ac06546112a696,Vacso
store_9155a67a4da965f1,Unaone
store_26598fb04b75f898,I Coloniali
store_201686a1ff67bf19,SANXIULY
store_2727c10717001372,Californiamicroneedle
store_2efa0a68d2dd2c8c,Camille Rose
store_897d437cad168b0a,Avando
store_17bfd3dd1623aa50,Maison Routin
store_b590caf1a3d0c6f7,ZHOMA
store_d05f2f6ec82e49d5,Clearasil
store_197bee71d4f87ec6,Melting Pot
store_2af349d71405ad58,Benafee
store_8f3753128d34fd33,ulovemore qh
store_6cf4f4e8bd3f76a4,Kare-N-Herbs
store_e2299eb3c73d751d,IPKN
store_c22247c1e118c30d,Snow Buddy
store_bcf08bf920899504,Samal
store_4f987a7901c022c1,SEXAY
store_976e8755b5d15542,BODIY
store_5afbfcbd94cde4be,TOPNaturePlus
store_5113349585ffc3b8,HED
store_7176156f861048c1,AXyuan
store_e0a4e9621aa0e260,Dr. Brown's
store_3f006ed8c5cb6b0f,HACORO
store_f848f1a6ed048844,MayShow
store_35b7a432248e204e,Lexli
store_b148d4bc63706458,Protexgloves
store_a174924555d78816,youmidi
store_b486a93379209104,Darlingbaby
store_7b5e05441d10463f,qsbai
store_8d7ae863d9c10823,TEEMING
store_bf16fcffad89e08f,Acure Organics
store_16a745883bacb862,Happy People Here!
store_d8dee065cdf1535c,CUBACO
store_25eb2139fc92687f,Vansza Beauty
store_cf7383e257de9780,omega3herbs
store_9d06d702b9408555,Erick
store_ce5e5b3c9df96859,YuLing
store_e2b49a094f0db29b,MY LIKE
store_55cd5261bb89a216,BODHI TREE
store_01eae422474fcc39,Barr Co
store_1c83787c66acc457,Altresso
store_7a96c6aef2795199,FIG+YARROW
store_78c0b0da063ecb40,WERY
store_8598a189005b177b,Frankie Rose Cosmetics
store_f2b70e28aba94405,Fuller Brush
store_4dfeb545bda65036,Fur Babee
store_197402b4c31fe608,The Spirit of Water
store_6500c1c37b4704b1,R & R Enterprises
store_0d08c189444bd73d,Ochine
store_22dfa563afab0f76,Adorox
store_4db1282db4ea9f81,GSTECK
store_850894df419caa81,Sunhour
store_9550f91aff6e5bbf,HOOLUCK
store_8088c2e61141e878,Hertel Wax
store_01b325de0d824c38,SpaRoom
store_cc24b50b8a80ead5,JOSIE MARAN Luxury with a conscience
store_7f6c220947d46371,BIHAIZG
store_e5733ad4424bd03d,Rock Your Hair
store_c8181621440d29e3,Alo After Tanm
store_0ae95db7d18fce3c,Yunkang
store_2dfad47b99536b36,Bex Hair
store_837c4371f3382a83,Men's Select
store_b4da807ae91eef79,Back to Basics
store_fdb8c568b1979630,GIRLS OUT LOUD
store_96c220dd69daea9f,Quality DLux
store_094fe2ff857f0bab,GUNIANG
store_2fcd6073920c28b3,gootrades
store_3e20aa538c8bf39f,YUHFERA
store_5aca0d7de015e41a,Jenniferita
store_bc7be180de62ffdb,L. Erickson USA
store_17c8990c59a53d04,JOJO & LIN
store_25b98e14614b4773,Watozo
store_f4d12800ef9e6e0b,Whiskey River Soap Co.
store_27e3e6f1354155dd,Travalo
store_9226fa3fe1f436f4,UU March
store_61e04f6ce7d28eb6,Outlaw Soaps
store_a53415e49127247a,SWINGINGHAIR
store_1e008a25d09ab1dc,Curel
store_948804395e17c893,BliBling
store_54cdf8e167721ab8,Lucky Tiger
store_f77975a97e7cb3fe,BERYUAN
store_d4a2f00904c9da6a,WEWEW
store_df6c2c4d0f1f2aff,Revele
store_54a593121f95d070,ELYAN
store_e4bdbdfe225a90c8,Mia Secret
store_f31d5f0f4123fdfd,zeasky
store_1c3996bc9139c26e,Hope Bobbie
store_e4cf8264766c41d5,YOUYOUTE
store_203cded6bd59ec74,Betty Dain Colortrak
store_199fc5f296662371,Wotefusi
store_0ccce5255c861b48,AJ Wholesale
store_ac9a1574f8855235,LAVBH
store_9dc07e2708ec8e5e,ANNNOAH
store_625090fb483fd21d,RAGZAN
store_2b37e492d8fe6cf4,FASHION VILA
store_c0b8a16eda207eed,Purggy
store_d29ac8eb51f5bd05,Belegend Hair
store_329ffef4a7ea1b64,YAEONS
store_77b893439c42f656,Luminence
store_765f6272380f10c2,Docuwee
store_77269a8ad003f8b5,GENX
store_0d7ba8e302773545,KITBE
store_15dc22baa8868d27,Camay
store_1be6e01b7664d230,RASASI
store_71d90737a844128e,Skin Laboratory
store_cd285eb908948628,VINCIGEEK
store_5768112fc522a541,Ricocoinc
store_34b2a624a33d6a70,Godrej
store_13287afc22c50f44,SalonIn Recamier
store_fadf19274e13e627,WISEPRO
store_fe20150475eb405d,Fesyenram
store_c7c2b535f50ed9f9,eSalon
store_adc660706ce7c83c,L LUSETA
store_ba61590b93c939cb,MHJY
store_b2d89ff6bde4727f,Medou
store_671e47aed09ba323,Mydio
store_89cca78ad37084ad,myTaT
store_02888dac0b160b9e,LYPOON
store_50b4ab8cb093e6e5,Hawaiian Tropic
store_da1a5342bdd35e39,Shineworth
store_134a8b162f0c63e6,BANDAO
store_eed4db8be1f15338,Faith Hill
store_0ac8816d29dc1fa2,Acmer
store_c279c30c3dc8f568,Sarah K
store_e297b66548a99f9a,Eralove
store_2c64752f57ec8e09,YESURPRISE
store_7e6ba931bb2bcd76,TOECWEGR
store_f490c2f5e87d80b4,Foxy Silver
store_b444c7d7b819543c,Jamberry
store_b9c0bfb634ad9e00,Serge Lutens
store_ff963ddbf6014e2c,Amabella Allure
store_fcbec87cda917db2,OMI Skin Nutrition
store_29b5c641a165c351,RPP
store_c67f1ee17880030c,PS
store_a0d23b2edc15a79e,CoCo-Shop
store_9dd5b2c9b88d782b,Chermo
store_5a302bdb3f5cbc9b,Nutra Nail
store_88c00c9581506d43,Skureay
store_d259c70c2a546a36,Hushu
store_f1c718a85043ea9e,minkissy
store_082d4569064df2a3,Oxygen Skincare
store_78159e7b836830d0,CHOP MALL
store_89d88c79ec1cfee0,OTO BELLA
store_f51ea9639abe0b82,Brickell Men's Products
store_2b7b4402658795fe,BlushSense
store_4b22f7c274b802aa,La Mer
store_9037d7bd39027415,Rosa Noir
store_1b609b98496dc589,Nieboa
store_534444f69f9c2fa7,BELLESKY
store_6b57925d98365a82,Modhui
store_3c41f70bc56b5877,Puruskin
store_57b0264b26fab07b,Viktor & Rolf
store_b9d9db4d0fb0ed6d,Afropick
store_d3adf1392821b88d,LOKNGXU
store_d95b79cfc988b3b1,Just
store_875423d7f3196b80,Bushman
store_123bde7c8a0750dd,Parthan
store_0e46269f7239d076,Jitmanee
store_a0f9839f2497e4b5,Makeup Obsession
store_736b5a28a83869d1,SAPPHIREWIGS
store_892ca604e973fc78,Oksale
store_7c43e0e9bae7cc54,Essy Beauty
store_f9a146d9040255eb,Formula 409
store_a128a7a75a832d09,La La Lash
store_960ed68e4da67b21,OrangeABC
store_f990fde2e7b073e3,Aivivo
store_4f8264c83a489d44,S & Co
store_fcd17b7112f71532,Millennium
store_b54400e194eced09,ESTART
store_6996ca06a5b8c9ed,AROMA TOOLS
store_3cf3dfefb8ae3d3e,Seattle Seed Co.
store_8b93aececd7ee72f,HOPOSO
store_95070108beeab622,cocolove
store_26ce5ff68cb74aaf,Lever 2000
store_0a49a6f0423303a4,Wishprom
store_a629c2641d5b6080,PEEOED
store_c1750521024e7d7b,OLIBOLLA
store_d9e615bb640c1e9e,IBEET
store_69e16360167c05f9,Greenscape
store_53295341a77cd274,Wrolem
store_e1c9bd4c50ce7a83,Orchard De Flore
store_9036bec44acffd2f,SZFLWA
store_df9eec25527ace57,BL BL
store_d360695887566e52,ShowFa
store_c8969601b8ba191b,LAGEE
store_cfb14a49e79c503f,KEMY
store_49a1e7ecafe82fb9,Ronnen Cargo
store_3aeaae4cff245e5d,GIORGIO BEVERLY HILLS
store_0c015f0691354761,AlinNa
store_fb2e4fedfd88e113,More of Me to Love
store_3ccdd22586228a03,Vitamine
store_5ac5798a0a5a3fa7,DrinkGoodTOPNaturePlus
store_0b36c3460aa8ba43,Arietis
store_14e9059e1eb8ed46,FERGRELM gj
store_abd995490bfc7958,AusKit
store_53ad7c3bb9617e4f,TOSOWOONG
store_d10fae2ddecc290c,Zink Color Inc.
store_23f92d235fbf18e2,PARFUMS DE NICOLAI
store_1721b221bf9ba1af,MCMC Fragrances
store_07dfcc11281e9f67,goodear
store_19ad2a052e722f4f,EVE HAIR
store_0bb27e330c7fbde0,Penetran Plus
store_ffa8ae6e8e90a58d,Coodss
store_da9e4dd058e0af9d,Dare to Wear
store_96ee650ca9bec555,S Clean
store_6831eb7645beef7c,Xinzi
store_c727632c303d6665,SNS
store_3cd7ef8006bc36d4,asita
store_ee44dffe34904a67,White Teeth Global
store_41b31f938af59959,Tïffâny & Çô
store_e197fcca12f470ca,BIOSTRATH
store_d63ab75d36075412,EYEMEI
store_2492baf83d19e684,CCS
store_552f4a6fa3121644,Pierre Beauty Callus Remover
store_a8201aa25b7eb03a,QTMY
store_ad7f224fed9c2437,Noriko
store_be350991bbed393c,Daptsy
store_e1187e9d0eba4533,Shxiuminy
store_9693a48258316cf2,moremo
store_3922d5843a9bc4fa,Tussy
store_6e9eebc940243123,kun na hair
store_ffcc7a84df363f11,DeBizz
store_4adb457875c42b5b,Broadway Colors
store_4bc91fbfa4996923,FOURPLUSONE
store_0e0b6b32bbb54591,France Luxe
store_b996c37e74a8c6d0,The Roosevelts Beard Company
store_625f20127d392d52,Nin9Yuan
store_818cfdb52162aef5,Perfect Fit USA
store_d3e4612cba55d72f,KimSohyungFull
store_33a2285c442ad6b0,uKARA
store_e6b9263d56838de3,Day In Day Out
store_dbb3aa7391a388ca,Top Hair
store_86383940960d04d4,Ronmilx
store_158bd7a8af93ae89,YXKJMN
store_bb42d7149823a408,Cosmetea
store_2d3c6e4d04a4f601,MTREO
store_ae04239780dccbdd,1889 Perfume
store_9d5c858b265b39db,XHYR
store_7b52212063ab9e6c,Imtiti
store_6b5f61f809d40c85,Sensationnel braiding
store_6533159da3e85bf0,"UPD, GBG beauty Paw Patrol ZD bundle"
store_f61beb6877af5b8e,SanLois
store_680a354f3226767a,sewzzuan
store_cb6824d933c3df84,LEVREA
store_769b19f52dff8195,VANANSA
store_812d40a116c914dd,NO/A
store_6f9144b202e09794,The Decent Man's Grooming Tools
store_91cc2e927b3bfb1d,PATTERN
store_1abf8a715ed0726c,Coskidz
store_9b11140652f22837,MTH
store_f92e4986145af1c8,THANYA
store_7b4b2ca8df54f2e9,BlinkingNails
store_5d231e0f55845d64,forubar
store_658f3a36904ef67e,TarrKenn
store_8612a968c091452c,Fing'rs
store_7a3c247d919db6b7,SmoovGroom
store_f67fd384a0dcb50d,CVOHAIR LA
store_7a78679de1f389f8,Inverse Hair
store_c325e6229e6c0b7e,Pediluxe
store_20f9cd31ce88a45d,nice hair
store_c4d700479c503556,Lovenea
store_8c8fa910e86e06b1,yiliusu
store_4606be9548fd18d4,Col. Ichabod Conk
store_9e3908f3c4d75b18,BeiSD & Beauty.Wig
store_ca4753ea19a21a3d,Maison Margiela
store_36518c210e682dd6,MINI LOP
store_b232e634284d806d,Monja
store_113b2242ecefad35,Funky Fresh
store_0093b9f8df873bdf,Dingfeng
store_e0441a5af0fdf9ac,Eizniz
store_a9c112bdcc633782,Souizic
store_e0e37257600f346e,RenRong
store_02e46e7c81277279,Christian Louboutin
store_d5581c39043528b1,Skincare Cosmeics
store_c484855dc593d439,SONIUBIA
store_28bd29c0fba245a2,NEW SPA Collagen Masks
store_7cca5f6efe4fbe1a,AMIRTY
store_772f81e5a9c5bfae,Arganatural
store_a760d5c0283d159a,ARBORA
store_a11b3fc0b8d614a5,Focipeysa
store_d314679a087b53d2,BLY
store_7b1b28271e8deb2e,FIIHOIZ
store_2c0e5b7f60d7a0f8,ZWGYS
store_928dc9dd60d9468f,None Branded KuuGuu
store_f8f6db1b45b1280d,LASHES GALLERY
store_c56c1592e852b450,ForMySelf
store_f49d2f163316527d,TOBNBO
store_3a3ca47bd9a7fa91,NODG
store_fa08cd2276f604f3,KUWEI
store_ab7f91b15c62a23b,eg gifts
store_9f9a5557417c883a,Amerikan Body Art
store_8cba4423f6739df8,Salon Labs Chemistry
store_b94f0622d078a51a,Vagisil
store_b3f4cd5813a980b8,Naturopathica
store_057c17a722d618c4,Gtechniq
store_501d13230802db23,Lyrzzey
store_71cc52379e73f5db,Pinoze
store_9a910f6a3a237d0d,DONFMIN
store_f03d9080885812d9,Abbily Hair
store_490ea3e78b0721b3,Crafted
store_737e9da201e90c84,Sun's Eye Pure Oils
store_dac4254f1da4a54d,KAMA SUTRA
store_b9eb21d0de8fb9ec,Man Made
store_356162fc8f16843e,SUNATOR
store_495b4e019a492f0d,Vasanti Cosmetics
store_f3eb623b4121cf7e,CHIMERA
store_f299dd0b62e6eedb,Ultru
store_4ab3dca7dc76e0b8,YOSOMK
store_7c9cbb6ac1d0f2c9,Beanion
store_40d0c33149017ed3,Flameer
store_8717c24d0711347c,SAYAS
store_b746d79201944bf5,Mixed
store_33f042fc8bcb6a92,Gitana Passion
store_7372c88427292b62,MOCHASURE
store_b3f6e47dfb820cec,SUNPRO
store_731e9af6263a4304,AuokMar
store_6dae5d4f808a6fb5,calary
store_b61041b4326cb970,Mandarina Duck
store_8c093755a134487e,CH.yishi
store_5af9989bea6fbaa7,kuxiu
store_99144a2e957e5d15,NSLS
store_1d6ca731264944ca,LA BELLA
store_350386a7bfc3a40b,B01GVAGYJI
store_2a9d28e47fdb8aa8,Temporary Tattoos
store_d35517970a4d3e20,Phytorelax
store_be0614f147e6fdbb,Eye Mask
store_af6ccc1e3fcc0551,Heng Fan
store_fcb24bb1598d4779,Cenoire
store_84f4a71cfebce910,Noustyle
store_24e0f8b94e0449ef,Be in a Good Mood
store_ce1a840a71133735,Huha
store_d54d6343472c0150,Sonew
store_8c598ea9ade588c7,LETING
store_d2a9209a26ecdc75,Anrituo
store_de4cb284bb5b596b,Jonathan Kent Soap Works
store_75a88d9ce47896b4,haoricu
store_7209e12ecf01afc4,MedUSA
store_d690282bc9d9b477,Magno
store_6ae904593abaa0a6,JES ORTHODONTICS
store_0dbadb142cb7bd17,24HOCL
store_bc23afb548c9f25b,JBCD
store_edc3a65a1b9679cf,Dr. Grandel
store_c498483ed44c5849,Essence of Beauty
store_a75fcfa936fd0280,Saponificio Artigianale Fiorentino
store_9d2871c02c459430,Cyy.lcm
store_d7df777ea7281837,Genericaa
store_f60457cb9141238d,amzhair
store_d5f2b95a80619ae0,Lmsbeauty hair
store_d7c3613d74fc8ac1,Tater Tats
store_26bb1f17eb5013ec,Belle of Hope
store_9750244fe905b16e,MIERE
store_76fb7da2f7de6380,Total Manicure
store_0505f3b79f359657,SenseValue
store_01295b72cec5b889,Body Fitness
store_ecca8034d3fd5be9,XoYoZo
store_665b3ff299b15abc,Bee Bella
store_85908a8206686d3b,Feet First
store_ee595ba5f6876946,MAGI&MEET
store_959f71cacf830c4d,Barode
store_46485af7da7f1745,OZJONGK
store_fe92a2f52be33f4a,Topkech
store_1a2c97cf9f3cd25b,Domon
store_62c01f6a1537ff53,Fuwddy
store_a3eafa8164a7f52c,CHARMACY
store_cd7ca98eb2f91b9e,LUXOR
store_c0f19cc093f50475,Vanvler
store_99971e39dd090f26,La Cross
store_676d7c244a19e63e,2Buyshop
store_76907f33d4ed6cf6,Diosa Hair
store_dd8fdb1515e208e4,BEAUTY CAT
store_7c41f858891b7998,NOVEX
store_1c76a3ae98f88068,IVriel
store_0c9415a1afaeadbd,Pomifera
store_9afc8067aa1411ca,Isoplus
store_7062574a07b43895,leemae
store_83541e5ae84aab8a,CITY COLOR
store_4b1e71326d9cc9bf,CHUDA
store_6cba0a71ab515681,Emanuel Ungaro
store_81bc23f8ce9911af,Mac and Mable
store_943962211a527cd1,Booty Parlor
store_175cb188fe15b14f,MASGLO
store_16ca39bc221eddcd,leizhan
store_dc4efa64d3e73e7c,MUCOTA
store_ca8c01a8233fdfec,SENGTERM
store_605d197935fdb192,Fdsweetzj
store_b76c4a923150485e,YIQIGO
store_ed318523bd8e8211,zepin
store_4c791d692a99191b,YJJY
store_65375241eb5d15ee,NALL
store_22188b322e07d1f4,Walgreens
store_ef99225fee98e382,Kreesi
store_cc9cb65826a5de03,Peraja
store_8a94aae0dd9470a4,Nostalgic Grooming MadayFormula
store_6b0c1eba6854948b,COOLOOK
store_82367f027e4fec90,Britney Spears
store_0847585d3ba08075,Leanani
store_2d6b88efd6b777fb,Beauty Wig World
store_b4aadfb55827d096,Sylvia Lashes
store_32d4f06452ed591b,XCMOSA
store_c99491e3b489ecb2,Bella B
store_787bb5e7652eab12,Weber
store_8e1a67ffae38c2e8,Walmeck
store_fa3d5d24a16121cf,CaliGlam
store_5bb88b8af009ee26,TAYA I AM.
store_9784d1096de38ee1,THE BBOSONG LAB
store_5e050784f9bc0414,Skin Care
store_98877f25d2dbf68d,Belaved
store_3fb7dc9aae6bafda,JIEWAWA
store_5cd04f2f86e545f7,TEMAN
store_57c70227cb3cc628,B*tchin Botanicals
store_da494ca3a63ac86d,SPOR
store_fbbbffdd9dfd5f3b,SNEER
store_4352a6950b6d3def,Preferred Fragrances
store_14c55225ae38df24,Aieefun
store_348e767041c11cc2,Thesis
store_c961420926d82314,Uceoo
store_aa3159afc1d353ec,ADC
store_8c547fa50d34a9dc,Homyl
store_182b0fb01fdd9261,Sakula
store_be31ec69669dcaa3,Annick Goutal
store_34846875626e25f0,St Herb
store_a9d153cf0576cec8,L'Amour
store_dabf577fc075d8e0,Carrot Union
store_0285e81a76c8431b,Coolrunner
store_3c8ec4623bc6bced,Mattel
store_f53b5375d42e2967,Strawbeauty
store_fe089dcbaa964889,H2O+
store_86f7e437faa5a7fc,A
store_549dcd3af526cdc2,SKIN by Dermalab
store_a7f9b2d854290354,Stain-Away
store_308194a2479c857b,AQUIS
store_e753fc606594bbec,Nail Polish & Soak Off Gel Essie Nail Polish A444
store_cad8d37ceebfebfd,Sphagnum Botanicals
store_ed21d104cec87548,ELCOHO
store_3c644034c84c3937,Esteban Paris
store_e6d74b4e2965e501,Ganves
store_cd936e63d2805e03,Just 1
store_9603070cfae3d681,I DEW CARE
store_562b77e8d63d6f02,GuruNanda
store_0e8b709a667bb9fa,GUAGLL
store_eca1972a7557393f,FAYERXL
store_2580d49ff4060824,Ban
store_dfa2fd1e5379b292,TOMENGBEI l
store_0b99702e9e59113d,TinyUnicorn
store_5ed885bb733064b7,HerStyler
store_9eec352ec864ae60,YISSION
store_b63c15a0c13c1139,Marble Medical
store_322b6da3e6c3a71c,SAFETON
store_75fa82dd35f5addb,Terra
store_18cd25c980a62125,Hanaive
store_0fe677e2e8e6c728,PBP
store_c01012506d657c79,Zeva Natural Nails
store_c9df7c8605d8a566,NEW YORK FAIR & LOVELY
store_96760dcd002d3575,Allure Maek
store_5765b7ce309b05e8,FIREOR
store_800eb0aab9973df0,Wellnesse
store_125bc916087fdf58,VAVALASH
store_88ba56c6fb219734,Useful Universe
store_5b3d2cc089e6e78c,Chasgo
store_6dfd7289040ef342,Cavin Schon
store_dee4fd84fcd5a537,Zsperkla
store_16cceb8208bf03c7,KANGKANG
store_6527988171a411c5,Theorie
store_88833af71e0eacd8,Babe
store_3c645594f6c45ffe,judyouth
store_dce69742b506bd24,SAJANDAS
store_7c8f44158d31ba76,BASHA
store_dc8baac7c54a5817,Glowry Inc.
store_85cdd2942c8940d9,Travelon
store_9463724400e7e89c,LAUWOO
store_a0a399a3139ab864,MAKEP:REM
store_9967a3f3a701b490,JHDOSD
store_b3ee86cf8805f06e,RIPPLE
store_6113aa4e7b1ddb96,xccoco
store_ab6845d852ac7512,KOL
store_3d5242d28629ba1b,solodate
store_c122951fc61c23d7,FSDA
store_fc4612cc2b0c1c08,Queen Plus Hair
store_1211168be9a096e0,SkyBerry
store_9e8b7d1521c2db14,M.A.C.
store_06a821ca9818108c,spacepower
store_14d42e726ffd5552,LMDXCARE
store_37c73573b87b1269,BK BECKONING
store_9f384ff3d1ce5b11,Doren
store_7165d1e7bdbfa694,Yedamyunbit
store_d78f8d212aacfc07,IearaTTA
store_fdb87dfd199045af,Andrea
store_4cb7e5eb4ae184d0,White Sands
store_a291cbc466dd2d4e,HalloweenPartyOnline
store_e185c3401d1b0f4d,Lune+Aster
store_0e3ce9658a6f3d2b,iwonawig
store_8b99c3c5d207e77b,Layhou
store_2355468015830dcd,MorganProducts
store_bfed301a9fa01f5e,olacare
store_6e6dfaee8eacc141,Nowitzki41
store_4467bdcc73352ae5,Grandxii
store_6d9b554667b82d8f,BANOBAGI
store_62e215c3784bf08f,ManKami
store_832c640b2c6a020a,Sallcks
store_0bb49ae6d31571dd,CHARMARK
store_19abec7d73cd0a14,ULTNICE
store_35c56dee78abed9b,Boonana
store_45408dfd7f8262b1,NAIHOD
store_f2ef7414584a8bc1,Pousch
store_884d1688214c8e18,Usdrew
store_c028dda8758ed0c3,Nardo's Natural
store_0c11d463c749db58,AC
store_89f53c408c8bd119,Hello Kitty
store_003895b849f6d625,LOLE'S
store_0eb9193f88011a25,BANGS on TARGET
store_70b5f539627392c7,ProttyLife
store_7b90ce14e3f3b884,SJPRO
store_29243f8f4e02b12f,LONGBLE
store_4632e6f011457583,Dr. Woods
store_6a1784a31651058e,B-fashion
store_1ad57f89a4f80b1c,KeepYonger
store_75831c84451e380b,BEQUEEN
store_02635eee7553fcd3,Harvest Sun
store_0c2e2a00f5707864,Triple Vitamin
store_9bb9a2d7c8f59add,Dermophil Indien
store_78d0b9de508ed72e,Pomonas
store_b8de13de394e6bab,Great Deal Furniture
store_ec9572944173485c,LipSense
store_3b426bb6703606a5,BLAAROOM
store_769572ee2b997f84,molshine
store_fbcbd9554249111d,AliLeader
store_ec9d9f8eea03baca,MadayFormula
store_7572c632e5fcdc75,conrora
store_6defadf4547b009a,BR BLUERISE
store_74678a4acb5a530a,ARMAF
store_9891fc86b423c77f,NewJourney
store_0fabedd3151c4148,Deborah Michel
store_482d5ce518738fdb,Neicha
store_98c23895883c763b,Neabavol
store_d714d8456935fa20,Victoria
store_9c25e38e51533a84,X&Y ANGEL
store_37511e64789fda1d,Ownest.
store_12337fc3096059c4,Glamierre
store_0fda79cbe1be96de,HINMAY
store_e0f0800830c8a316,Co-t
store_38fbe743ea1f6201,Gabriel + Simone
store_85fd9164da3a0cc6,A-ZONE
store_191be3715bae070c,MG
store_29ec9ef58befc89a,INTERPLAK
store_c532302117c3aad4,Italian Duo-Tone
store_0cc1a8bd315b1aa8,Quanzhougushun
store_21dcf9c7954b0c19,American Barber Supply
store_49334689fc658e8c,Klar Seifen GmbH
store_8910bdc257b8fe05,Venelle
store_ae1bf81b6bf50006,trounistro
store_1ae0b110a6e84cf7,FARMSTAY
store_e0392be2749ba21c,Peptac
store_52cc97afed413acd,CCOLLEGE hair
store_9c21c5787d3651b1,Dailinna
store_77450fbee715a7ba,Grandslam
store_0aaa96cba4883054,HNYYZL
store_9f324dd0408eadef,Rusofie
store_2acc75d63adc0fcc,"Kupa, Inc"
store_128d52f883bbec78,Alacos
store_e2272af8a1deb854,Lionesse
store_f83f2c65eaddd092,DeELF
store_550cbeca4c633602,Cadai
store_3b53037a58ea7197,Hamidi
store_c23895d77276ebda,Lip Lites
store_f94b68280bf2954b,HUA
store_dfa0da1116d7c24b,Dior
store_b62ff11dc96713ac,Tengs
store_2d30d158ced09dee,DomKim
store_c6a65239b7567efd,DR. BESSETTE NATURALS
store_12936afa1ea6f76d,Lauren Store
store_0546306c6a777df4,Cle
store_d14ca0e035abf4a8,Miss Pink USA
store_14ac9443583324e0,Twisted Sista
store_530048d648b49174,MyAromaPal
store_ae1b8ed3284acc00,Nuluxglovite
store_ec3e4a97717501cf,Jourmoe
store_c05edf535002a696,Lizourey
store_528d7399c1b9b6d1,TENGFENG
store_a05f36aa1d4462f5,Salma Hayek
store_f2db28791196aa17,Shea Terra Organics
store_a16703c9628d2c85,Angel Face Botanicals
store_adb1d63b6023e8c2,HI FINE CARE
store_4ba155367d39501d,righton
store_b4dd123543e022e4,NOKMOPO
store_e479918c3289bd0b,"GRANNIE SMITH ORGANIX ESTABLISHED 2015 GLASGOW, OREGON"
store_486945e2daa9ef64,MANIC PANIC
store_e1d2c05afb194d9c,BOSCIA
store_0803b25515389f5f,FURgenie
store_1a18bd7fd9bb3324,BRAZILIAN SUN
store_007eb1c45a884023,AZDENT
store_b656c4b33193651e,Baizongyang
store_9ecaadee510fe510,parfumanio
store_8a86c32cd11cec00,Leoy88 Beauty & Makeup
store_19afb01a393c946c,Glisdia
store_f075d347ef29636b,YALIXUAN
store_37cbec04675aa4fe,GIMQ
store_313860125dd8c1fd,Belle Beauty
store_d1277a1f5bf9236d,Fairise
store_81b58bfcbfcf509e,DuWop
store_d81e6778555f4ebb,Lemoda
store_2d602e5d1ff606c8,QSHAVE
store_9a99965726abf179,JINRI
store_4e40d0cdcc9010a4,Omaky
store_a98c775789bd1e3c,Gorgeous Home Linen
store_20f1f571970826d9,golo
store_8405fcfee02c2f3a,Beauty UK
store_df021f227e540d8c,Aptoco
store_06106ee477dc2e44,Couleur Labo
store_fe93546d9d6c66aa,LNP
store_a0336a2e3c02f9bf,N / B
store_7ff90422ce794529,Avon Glimmersticks Liqui-glide NAVY
store_20b82f341c7bf983,Kalliston
store_865c92c9edb5fa37,MAKETOPYZN
store_d287ffee1649b7f6,Kidocheese
store_a7967b871c8cfc03,DEVPSISR
store_e62c27af7c9cbf5a,Monavenir
store_fcdcb5622cd70b08,Lumex
store_0fd8a8e9695abb92,Presidential Collection
store_2e7595c638d56695,Misoun
store_a0f82ebe578f22c2,Baronessa Cali
store_dbeb27df8f756c8a,ARTDECO
store_b5a410c7ee611862,Repechage
store_ad29f9686c82e74a,Mediceuticals
store_c876c98147757ca5,VAGASHOP
store_b6bf27899bfc8beb,DearKlairs
store_aaab3315ca618ec7,Beauties Factory
store_168cbb2ea52b9e34,CLEAR
store_dcff83ff9001b0e2,Gbtree
store_b880eb02baa5d7eb,Yeslestm
store_2d05f2f6984cc191,Nail Polish & Soak Off Gel Essie Nail Polish A457
store_e3ee7124ed761f7f,Vivo Per Lei & Jarosa
store_61987063fc389eb2,Dermaflage
store_92f8ea6a70ab1c0c,Anjou
store_a090af6d89683678,Barafat
store_16271526300d4bc0,Brown Butter Beauty
store_1b611bf0c13727ca,Lets Jam
store_86762b154ba54264,Expression Gifts
store_b532b1a2d0086d34,Storm Clan
store_c418f5fba2225ad4,Free Ship Deal
store_dc1d09e0e089ddf9,Jaowying Beauty
store_35382a9a3ecbdf70,KingCorey
store_01d4fc913699fca8,M&T HEALTH
store_0154f462de2a37cd,Gemina. B
store_3cfa5f95ec29936f,QUAHOME
store_d870695533fb39ff,Pro Makeup
store_093370c1cf74c848,AnciTac
store_48ef74bde9918214,Beaolata
store_c798181b75ad330c,No.1 piggy
store_c9e96f3350d425a8,Marycrafts horn hair shawl pins
store_64d11eebb119a836,Le Chatelard 1802
store_6ea2ebd05274ae74,Dorabeauty
store_df1795382a745e30,XINLIN
store_11eaf2c76757ec98,Sweet Essentials
store_10cc070c5ca67579,weback
store_da5d008890e6631e,Bascar
store_b471886a88e83864,sunsilk
store_f63e8cc6a53671b0,Janson Beckett
store_a248fe7b1629aa89,Hollister
store_d3cc56e45db9a5f0,Bonny Doon Farm
store_335ca3920aca3020,SFL
store_89d2952202cf614f,Abellee
store_9c398d2c6919269c,Sassina
store_2485f48b74778828,ERBARIO TOSCANO
store_e8e30fd21ceb4c07,ZOLEAROPY
store_d9ea984c2a2baf5b,Topeakmart
store_de05d29c355e211d,Pombaby
store_82143e8767cde163,Innovative Designs
store_a1230a42c70ff955,ITSPUTAO
store_38824432648d12f2,Cloudz
store_31bde9bf8f37eb45,Fantasy beauty
store_2b8d26f89ac73499,Hersoo
store_c2a30b2cc625e99b,MILAMIYA
store_34eb670ad0acf092,SEEKLOVE
store_4a064c1df5a25158,Huda
store_39e32e35c7a77f7b,Pshine
store_64986952ed2ca2b3,Suearpost
store_f5136d85ecca862e,Wendy Mall
store_5266be0f340680a4,Rehomy
store_3017225150c95563,Total Results & Beauty-buyz
store_4c4d9c30a2b1e151,Medicalia
store_efa422ec92db7944,VALITIC
store_970217cc49a9439d,Queenser
store_21cda917dd1535fe,Lumberjack Soap Company
store_2bd538fa7397960c,lipiny
store_fe7d76dbf0986a9a,Coslive
store_87aefd4b4666c781,Qkiss
store_6f83e3c423657652,Liobaba
store_e6cce22e783cf535,Miracle Skin ARBrend
store_0bab7b7b10e66c58,Funky Junque
store_49dcb6eb7e715b64,Mediderm
store_920ef62471caf80c,Lizioo
store_eff74144008399a6,Doiwile
store_ff50e4a24c509a6c,Elensilia
store_cb9aed7e97a82282,SNS Nails
store_c45ce3efbacd8148,tzoxal
store_e2a8bbda57fb8726,Lincoln
store_d1fd73e6dd7a04c2,OCEANE HAIR
store_c6c28c045379d691,Santfe
store_4129b3206f1199e8,LordHighting
store_f97146244af68c08,Smooth Care
store_66dc4a6aa5acc079,Tecmisse
store_312459169029a0af,PEIPEIER
store_0b980375d900ebd9,Oubaka
store_63cfcfdbf8ccb021,Oniyea
store_7dbfe62922104786,Dfsuiwk
store_67b895a9d24153c2,Montreal Ostomy
store_17ad735e7a3f6b3d,Goddvenus
store_46f4313d1b9c69e2,Snowstaring
store_a3b43124cfa60ba4,Ailsan
store_be7eb92590f4bc16,huarisi
store_ff80e31a21e9ff11,NAGARAKU
store_eee54575335b5be3,The Grecian Soap
store_59a6e9f2278a3bfa,JINMING
store_4956a1dc425cad94,szthestore
store_fd0202792829e926,FLORONA
store_03dab64bae7e4ccb,WILLIKE
store_7304cd9a2cadb820,Pecksniffs
store_709c3b7c3157dfc4,Daisy Closet
store_3813d2609b00e978,Half and Half
store_d05cbf8f2ffebe0c,Panos
store_73fc1b2bc159000d,Natural Handcrafted Soap Company
store_eac0ada43591d777,SugarBaby
store_b66a6236a670005f,Canus
store_d82f600fefac80f1,Violet & Virtue
store_271ef49c7800b01d,Muzi
store_819b80b0f2885636,WIIPU
store_a5cd7d4274ad4f1c,Aolay
store_500fddbcbc752b79,SmartyPits
store_3e41557368c54610,Formula X
store_a2f5bce92cb53a77,Sage Cauldron
store_2526b09be0f9b0a4,lasenersm
store_04fa7cc44d5dd931,FREETRESS BRAIDS
store_debf0c4f294e9f4d,Cancan
store_2e701dbd6c3b2adb,Health Science Labs
store_ae46589289e4d442,Sugaring NYC
store_8375c820d9d6e75b,Nakd Beauty
store_a65d1e7e8c1e980d,Reorzon
store_446e9838deaeb979,ANYU
store_d5a80f21a9eccd9d,PANDA SUPERSTORE
store_004aa09800177180,Eawwii
store_1388b778db94b5da,METRO
store_ec2eeceafbc2fdd6,Afnan Perfumes
store_016f09b6ba917bb2,MEIRIYFA
store_a7d4dfb2d0349071,TROIPEEL
store_58839ddfad533e41,BUBM
store_9034c647c63fe11d,Niche For Men
store_31e4a20ce9d9d0d6,ProAdvantage
store_1e640893f45f16e1,HLILY
store_e621802993438776,Panse Hair
store_f5e19d2426776085,Barulab
store_75b7bd89c7576a4e,RBC
store_42648df90648277e,S-ssoy
store_36c3eaa0e1e290f4,***
store_20212be87c0eb953,Zeitun
store_572c7f1301bbebc8,krofaue
store_3602e41c0c4113e6,Freshlook
store_4d7b421c08529865,Allenbelle
store_1869cce6aa36ea7f,QiBest
store_0e769c85adfedec9,MILATTE
store_821cb6d3a78ec55f,Victor & Rolf
store_00cca86c262b32ca,Fanme
store_6d942f20cce8475d,FACEPRO
store_9b971102d342d53a,White Barn Candle
store_ba866d6490f2af13,Stadler Form
store_e68c686e0fb3588c,Triippy
store_ed424a7c5f2230fa,isoi
store_fb361db40bfde1f0,Mukti Organics
store_479ffa4fe361a3aa,AMA(TM)
store_55495d8414facb88,MEDLINE
store_7273d1a337eb2d77,Vaupan
store_4df689e3ab26620d,ALFA VITAMINS
store_4a51736f847a255b,Valobra
store_7dce1d1438e1d3ed,LoveBB
store_f020de02dac41ff1,Usexy
store_7fdeb2b769990797,Simpatico
store_0f495bdebdb21010,DANCING BEAUTY
store_8b3df5a2484fdaf9,Bopfimer
store_07e77251432eaa14,Esthology
store_eb3591cac1239f32,Nexus
store_35a90ccdd4afaa93,Kamill
store_62d552f9e209a5ed,Medi-First
store_84fbe6abbd55e8bf,Pandacn
store_d595b9b14c2a4cc6,Jeffrey James Botanicals
store_5a59cc7b5efbe0db,YBOD
store_661d97477c07c017,GHRMB
store_0afab1fab4f48ac6,bestpriceam
store_2f0a42ad3475fdf3,Lilly Pulitzer
store_e4a045cafe082673,Costory
store_618793af74f525e9,Anew Ultimate
store_a0e269fa733fb737,Organic Complexion
store_f1d0cadd062b73d0,YOCAGO
store_657e27d5da444b90,Aleath
store_b482147da4133d05,MATIS PARIS
store_f65315683ac15c68,Free Reign Farm
store_ce4151ff856b629d,PARK
store_d4958be9102bb8c5,DAVIDOFF
store_ac7c3755bc58d78c,YOUTHINK
store_5c52c000588cb4fc,Laswumen
store_7b032da51ba2dd7c,Cool-It Caddy
store_c8bbd5c37d166226,Vobor
store_51ba9b164e67c277,NicoSeeWonder
store_c33d5bb90e4c2c6e,weiqi
store_da0530b6cc3406ac,Perfect Arch Brow Pencil
store_84273684212711ba,KOAI
store_5d4dd8e7c006806b,REBECCA STYLE
store_9bfc8ee486878377,Safeguard
store_388e4a7a1a4bdc97,EVER FAITH
store_e0195770807aa8c8,Jamal
store_9e5a993af4f8148e,Genuine African Formula
store_4b101a3be82e195c,MSCOOL
store_ee0957f591a7df41,Cha1Party
store_3277d1158b8e7b67,GiGi
store_726076e2d6ed1ba5,LKAN
store_359cfdeeeabaf0b4,Hisora
store_ab9dadf88d129320,XINAOBAOLUO
store_166bff9cca95925c,Miranda's Bridal
store_266fcdff3346b16d,AECW
store_fc3c425dcd318305,Towntrek
store_d2a52cdfd62025ca,DR.JACOBS NATURALS
store_d2ff54c38275c8e6,ROLLMOSS
store_91ba381720422175,Avry Beauty
store_20f70d5d95b6b4e4,OPPEAL.HOSMALL
store_b858a87c07b04c45,FR
store_ada0a9b76b42755d,Nuvotrak
store_9478c135e2aee530,L'Artisan Parfumeur
store_92605aeb0bdef9ce,Splendor Santa Barbara
store_79be10fc46fa697a,Acriflex
store_20856f07ab081862,Ammei Headpiece
store_dd3a2c47d6ed400d,Maúve
store_5ce914d71765aeb7,Bantam
store_fdfa0703b6d5006c,Glacial Pure
store_c071976eb92cb872,Fuji Spray
store_6cc0e2a54c147e72,Angel3292
store_af0f0c3cba7663bb,Homiec
store_b3af6ea500fcc9c5,N W
store_e7a9175ba5565d24,Bliss Beauty
store_3c7688710766c64e,Elongtress
store_44b3be69d3d0b783,Puddinghair
store_4735d7bc23e97c36,NutriBeam
store_95c90c669677ccb6,DMS
store_0aa342e161ded919,Dry Look
store_6695e37d0b8db1d1,Shimuwig
store_eae99166b9569b23,Anastasia
store_ef366aedf4c6dd1a,Sankuwen
store_62ecc1a4eef68449,Illuminating Glam Suppliers
store_78004abfe8ac473d,Anknia
store_be78568e970e6cf4,RUCHULOVE
store_1d8e87dfdfb1dc62,Mine Botanicals
store_ee756d660b92494a,Fshine
store_679c5483904f32d2,ShineMore Cosmetic
store_20aadcdbfc8dc7b8,OKA Direct
store_8c45a76c1b8bd7f1,Wudaozi
store_87ba93ab5708d8d8,ORGAID
store_306aa9d7700df97e,jumpjisper
store_428c242d0adf13a1,NFACE
store_7d40c91bc87595ac,Lumineux ARBrend
store_60decd6142f62b08,Indigo Bath & Body
store_0418e43efd3915bd,MYAXOY
store_965a7435731c3b1f,Reysaina
store_6de082579148fa23,FDX
store_9d56f91f071008aa,Aubrey Organics
store_7a1fa7602d55fd0b,encii
store_912fb66062f3e8a3,BlackTravelBox
store_3a04a112fac6dfbc,Co-t ARBrend
store_baac4ea186f11209,Natures Paradise
store_752275d54e29e1aa,CCHICTASTE
store_7faae07646ed8a82,AOGVNA
store_c6e5ac1455ab453d,Effadaine
store_b7b58c44356aa41e,Dr Dry
store_89567bf8a8d0f704,Hanyul
store_aeeebca34909db80,CINEEN
store_7d130bbaa0f764a7,CARTIER
store_eb4981db07b67c69,Nikou
store_8352362a0fe7abd3,Dr. Jon's Shaving Soap Co.
store_6c99dbcd50724fbd,Webland
store_e258d4c33c5725b0,Nelly De Vuyst
store_4dbdd02c6277fbcc,JASMIN NOIR
store_324f681d7f92f49f,Pielor
store_f82c6718972cc84d,Elice
store_3213a5a58c61779f,KOLIGHT
store_64ba7fa3bfce2bfb,Arabian Oud
store_2e670c6131a36624,Caprina by Canus
store_035679b4b6bad7f2,Arenshxc
store_65d38e714ec73ff3,VIVI NAIL
store_789deb6bbf35eae9,Rene of Paris
store_a8c0410c8c946877,Radiant Roller
store_8d835969c38ed761,OEAGO
store_2915e67158d1bf53,Yellow Box
store_706814ab5ea6a78d,WUDAS
store_83db277ebea82550,Bukuwa
store_8a4f303721d3d25c,Alishow
store_ea2f136955f75c92,I-MILY
store_37f9bc49e7ce8438,JARGOD
store_fcfd7614ef8c501a,DerBlue ARBrend
store_d3aaa0bc63783720,SOPEWOD
store_cc50c935e3362b1a,Russell Organics
store_3f53f17ff4ec5e29,JIANHE
store_4506328ae9021281,Born Free
store_1306d61ff0362d5e,Jane Stone
store_a381562afa0e16c5,Static
store_0a6ca81d300dbabb,Glance
store_3fa6f2f4c8e60f2f,Cacharel
store_1e2d803991a00032,Bticx
store_610864a66d2cfaa0,Vitamin World
store_1f5406effad42e44,MIUANCE
store_65ed2a2df6843e0c,Beaute Rroir
store_25842330835d0cc5,Kani Botanicals
store_9ed4eefbdfd0c3f9,Dr. Denese
store_28ecc2c9dd89b4c7,HOUSE 99
store_26d03aabb080db60,AUTTO
store_d4fca48101b38e7e,InGoo
store_3a5a968a7845e7f6,5th Lily
store_431bbcef31501fd3,ELOT
store_8f30d5521f9e3f37,PerfectDarts
store_15160e0eb438d055,Kini Bands
store_b0fb6f5f59b8bd75,Carina
store_65e005e14c81a5c3,EmaxDesign
store_3517c93500df7fc1,Allstate Floral
store_e24816aa846ebe1b,Beaute Galleria
store_0de81aacac23ca7d,OakMethod
store_747b60041a2ee789,JoYoung
store_a5bc00ab63943b9b,kensonic
store_f56a5f83f9de771d,Colonial Medical Assisted Devices
store_9cecd7d4865afa77,beegod
store_bf1edb9a0628bd52,BONNIE
store_cb373330225cc008,YanChang
store_1b46d91f97336e0e,LSxia
store_50cebda178f85c99,Walker Tape Co
store_3293446d697ecf2a,LENH
store_e5d63ba929c5e415,Plantanicals
store_cf6e6dc5478656a1,MMIZOO
store_4d57a6f7e07ae871,HUAXIAO
store_ee906c7dfc65f9f1,Harnn
store_233c1bb0a1829efe,OBLHER B
store_48e079ec746c0aa1,Charites
store_2131237fc1770347,Moly
store_7b5527cbd9c5b0f4,CLCYICEN
store_7d02946d061dfd2c,FACILLA
store_ce66b043ed6a61ce,OMO
store_b2224bfcea4a83eb,LZGYE
store_0243a3d20fafd037,onederful
store_64e724c13d140b3a,QHQ-SHININGLIFI
store_c942c0e97f30ba34,Ollacy
store_5368d87e87a83c8f,CUTELIILI
store_a8c40b25173645f5,WANYUE
store_7060541bca2f1e4c,Aphrodite Cosmetics
store_27b10df210592b76,Purederm
store_c24a0d6ff746cd06,VERMONT SOAP
store_7993e62c78e5d2aa,Selenium Professional Cosmetics
store_65261e1f3c986472,Taomoder
store_067417eb30b79aaa,Narciso Rodriguez
store_64a231259d28d4f9,Hipoll
store_4faf2e53241b6277,stylesilove
store_64963dbd1979751c,Co-link
store_8e6c0c810a1a64e3,Nothers
store_ad35caaea5153ee2,Bathpack
store_3a534f268c326369,Aldqtz
store_0731fcd592779672,HOTLOVE
store_5477449dcaa90f4f,KidPub Press
store_52e514083d6a6f7a,TEEKME
store_69a970abe93eee8f,HISSEN MILE
store_4b1e35d60db0183d,JH Foveam
store_a300dd0518d20581,ARTLINER
store_384ee5a482626322,JOYA MIA
store_01468478a1e0a08c,West Cowboy
store_3807f33f2bd5c533,Jebester
store_6b1850ed612bbe29,DRQ
store_bcff90d885e5d95d,DorAn
store_90513039b54b4499,B's Hair and Beauty Products
store_a334e5f81c1a36d7,Geroki
store_7947deebe16cb40b,Castillo Acre
store_e19d32dd2b44c582,Spongeables
store_d798d4400af47fde,Blue Skies Plus
store_ed75a75992b03165,IREKO
store_c839ffdb3f34bd2b,Usmooth
store_124ed3f736a91403,MustaeV
store_46ac71dd3a1547d9,White Barn BBW
store_0ca5e4f82d722dd1,inktells
store_3c11b381a86bbfd9,Frombet
store_ca48fb11561fa486,SLC
store_009a5d07258c9f86,MOIBASE
store_224795f8e49ed0f8,N/W
store_ec561b2b286602d1,YOUFA
store_1fc855e422a03ad1,Votivo
store_95de54469cc142cd,Nuance Salma Hayek
store_f566fcfa9bf1156d,elthmpr
store_cfd0b997d966de14,Avankwig
store_d09108b85a8a43e3,Walacot
store_fb237b9f30bd4bb4,Venus Naturals
store_5f2746e955a0d7b5,Hormocenta
store_75160c2c8bd58600,Carefree Organics
store_718b7d590bf1b2db,ERYSTY
store_6723103c0e20132b,MEIBR
store_33171530e058a392,K-Concept
store_5bf65d08f96a9a87,Odir
store_21923fbcda819fc1,Gogolan
store_87a53c80365b76de,Ludkyby
store_57c58610fc7ba756,naturally home
store_6beddc076cd38df0,GzorOuzr
store_01f826cd19e88ca0,Elailite
store_c87e38f762ee857f,Dr.Arrivo ZeusⅡ (red)
store_0a14fdf49ae0c6a2,Fekuar
store_a13ee22e12354b1f,RoseSummer
store_3c4d1c0d84b46587,Midwest Sea Salt Company
store_75532ea2d9c30b8e,L.C.M. Cosmetics
store_37b77f8e76cf9411,Evaxo
store_adab1cf10692c179,Markwins International Collections
store_4fb9e4c125170c27,Khroma
store_cfafa5f9ecdf660e,CLIO PROFESSIONAL
store_2a35c181255ce2ef,Sassi
store_c50230e513133b13,LIGHT RAIN
store_de73307db7232db3,WunnSvm
store_8237937a1021455c,mega mix palette
store_ef9610d905c20bf6,Spartan Brands
store_9979826eda24e707,Jane Tran
store_5bf3b2cf15787fdb,Mrs. Brog
store_edd6468e5aead7e4,YOUYIXA
store_9221f4e91b03bd8f,Divine Kids
store_c4b20b445a3d4ba7,Jevon
store_134bb17c1b3ae7f9,FULLSEXY
store_2c1349b4fd148531,Alididi
store_3a323f615fa9e966,KIXIGO
store_9c54e207bb02ddea,Igrina
store_e66125aa66797f02,ShariRose
store_0ba11f0dd29d704b,Vera Wang
store_7f55be512cb59808,AyurSante'
store_a548171889253da0,TZ COSMETIX
store_1f595cb9b814a97a,Le Sérail Savon de Marseille
store_3d7d2cd63b1d4ebc,AESIFR
store_e7e04c41909e347e,Qmaple
store_1861da3eba09b660,French Nerds
store_fd54256d8b3b6ad8,Jean Desprez
store_b9778453e95883ec,I AM
store_84b005a7a9309c78,Two Old Goats Llc
store_569885e6a4572959,Dreamhair
store_1ce712fece521f95,Fiewmay
store_b953e97a79c84b05,SUQQU
store_5be94acb5e31aefb,Capri Blue
store_afb51451ac3078f2,Aloha Eyewear
store_10d82bc8594a9f91,PINJEAS
store_a6f1e184faf6367d,Stay-Matte
store_87c11ba2ae5d674e,WENEW
store_d70e5f6672862162,Aslion
store_500be654323f69cc,Blue Magic
store_592841210225b8f6,Beweig
store_a41c2c0d7c775a98,Skin2Spirit
store_cd8af7655519f79b,GORTIN
store_ba6c108390d1ca8e,2Shopper
store_284c7b7460e25201,ASIAM
store_258ffaea87ee1d17,Danlince
store_aa6ee422a3360926,Deja Vu
store_4188a23be658dd45,Romantic Angels
store_a0d73f624ffe9961,Vivid
store_cee2f50162f00345,BEAUTYfRIZZ
store_dd77c2be87440bf5,Silcot
store_558e8744bf4641e2,Goodmark
store_396dc0504d2f514b,YUI
store_a316f54a484efecf,O'Right
store_eb78c5894808673d,Flash Tattoos
store_1b9f6e66c30c5b28,Ubrand
store_07fc0f07bb35850f,Dynomighty Mighty Wallet
store_e1c9a34478e68cae,Yahmgc
store_ee7c068098e335d7,ALRIYAN'S
store_c8be5760be14ba6e,Town Talk
store_b69f5d5f85e089eb,Team-Management
store_8587be28b8ac8acb,BeautyN
store_e1bdb68375cd08ee,Debra Lynn
store_819c3c8f79911a8c,Vitility
store_c727ed4b61bbd328,ycigfuns
store_033c38dd0aa089d8,Drecode
store_f3b81ed27cb7598a,Dosso Beauty
store_cdb04a1fc231e51d,UWWN
store_17ca5c489458e51f,kpopshop
store_4ee2edc1e7e70a01,Nail Polish & Soak Off Gel Essie Nail Polish A421
store_3d37fc3a97203f06,ULRICA
store_4401e4fa1cc18d00,Jstores
store_407b7acdb1811aba,Nail Polish & Soak Off Gel Essie Nail Polish A302
store_e290959f4465d2ae,DOVE MEN + CARE
store_c3c958146e2640a3,Raven Moonlight
store_70d3bbcc35eae300,Dula A
store_53819eb7887673d0,Angel Cosmetic
store_2bef1b6e6ca05a2e,bebe prince
store_7d76fc248bd130db,KOKOKAHN
store_d1890508d3c73d8c,Nails Alive
store_953f6df4614efcee,Lohasys
store_522da0a9250aac1c,Ecomforlyfe
store_2e22c76f8da1f900,MOJO Beauty
store_7ef8fea89e47ad81,HNNS
store_bfbaf8b2d1cdf92b,Method
store_f4294078f6bf4d5d,XTGOO
store_28a603093e0e4233,Zoella
store_9861dcc387b182fc,Alygado
store_4547fb32a166e7da,Marilyn Monroe
store_aa5167bbcbd1191a,Lily Lolo
store_4048f2c5f9414e8b,dingxiu
store_50ab6086296e88d1,SAKURAYI
store_e58001ed26e6c49e,GURUN
store_798cd336c24e6dea,Hair Ware
store_c1fb95d9a5d5e298,Hollywood
store_8d960e7003952b24,Mayde Beauty
store_3e5ec2789955f323,Innocent Supplements
store_7719433c1b5240ed,Icing
store_6c7b188a4af9bcc9,Moon's Harvest
store_99b531212830e4f8,HOCONO
store_2dc9b32c4c5047ab,miss u hair
store_c260181f4c407bfe,Tolco
store_42b94e8656d365a4,Meao
store_438f4f9fdb85b4bc,SOTHYS
store_29a1f89983594de6,Musafa
store_335d34c9ca55d91a,Sanyar luxury hair care
store_b9f7793b24d4c564,Asixx
store_0c26fa8ff614098d,Creative Beauty
store_0cbf72970fd8184a,AneLumiere
store_c9370107fa0e30c7,GARASANI
store_d521668c6f78544b,Lovely 335
store_156369efd4f62e4a,iFLY
store_30543842f17f01a3,Michambé
store_f288802e11496f42,TOFAR
store_3e0be893344190a0,Xiuguai
store_94385dd5648da437,LYH
store_53d3f4187df5a267,DOITOP
store_ad9aecdf6bcbc3f2,Azul Skin Health
store_3d019399e0ee0121,Agree Pro
store_4c5ed6c15e6029a6,ALEPAZ
store_1b4b507aa2cd1f17,Denman
store_1f8ca757a5c72c4b,HoRmi
store_ae85e205eda4a7d1,Plaid Stallion
store_9edd420ad7df8aa2,Bulldog Natural Skincare
store_4083510f76f7bc81,Limited Edition
store_3e27e9539b085dc7,skybottle
store_828c7a28ab08550a,Champneys
store_60b8cd8ced1537c7,Lonnie Life
store_5b8d4744de6eb1a8,Gillette Venus
store_be146563eafd68b4,SOONSIKI
store_f51615c8f260e8af,Ximimark
store_7a402d4b2eb211fa,COTY
store_a55fdbfddb37c94c,Alpine Provisions
store_5fcc63f3e04fc8fb,Sammons Preston
store_eb42575f69d393ce,ABCsell764
store_634d8060fa3916e4,LoveOurHome
store_e6e826496fcb1734,Laval
store_5dcddf97aa93b956,Airis
store_bf127de52f4305d1,Shea Solution's
store_7720386f00e00a78,Kitoo
store_e567648416f9ac30,St. Botanica
store_65c8e7ed882d350c,Happy Pills
store_8298aa13d556c9ff,YOEIOCLR
store_848147f3b93c4b52,Bren New York
store_0205a06c5089fd59,KIMUWHI
store_0edea469ba57d96b,TheraTools
store_8410dbf2e5d1c804,Kama Sutra Nalone
store_7e312373687af6c7,SOL Sunguard
store_f7e4ba374f1581ad,Addicted to Soap
store_9d27c5aabde6b42d,Artmiss
store_3a3269e162b3631a,COPOL
store_3dd2d796ffddd42d,EXBE
store_a2b3a236cf8db75d,Rochester Shoe Tree Company
store_0da60aa49341b64f,QMSILR
store_b52075f4bd482406,BeardBullet
store_f3a9a8cad23559e5,Fuwok
store_2a113e26375fa4b0,TD HAIR
store_215515eaf937bbcf,CHOSIN
store_41c97f917949a888,iSuperfine
store_daa09469886f12c6,AIUONXILIOP covus
store_c7b83f3d5d432af8,Ava Haircare
store_0791009f3ec4d96b,Trusway
store_eb01d8f828a6c9a2,AMOS
store_d4c7fddb68c84bfa,OJJ
store_34a72b4da0a39772,JOEDIR LUX
store_9535ddd7d086316e,Abhati
store_6cb17a800162b823,Mimimelon
store_67c97137a6cc0648,CNweiken
store_ec81a3720724abe0,Dr.Althea
store_ef682965739f1036,beauty youth
store_d14bd65a9f5b97bb,SHEA MOISTURE
store_531db370fa386936,History Soap
store_8cddb757dbf20030,Adventure Medical Kits
store_02507a448bbcaf60,Frulatte
store_13f8d4e38b67bb76,GARELF
store_74ff7d0c1db89957,FAAAL
store_9e756f92a91943de,Freedi
store_129b8e707ccfaed0,ICONIC LONDON
store_4a4b13fb65765b44,FC
store_7806fe0b83616f79,glaryyears
store_30e3c0abaa46da2e,7 O'clock
store_d6b2bc82c6a108e3,Luma By Laura
store_2a93ccf83e5c2873,fake ear plugs
store_7b97c8a2f46af977,"Fabrication Ent, Inc. (a)"
store_b075240f8eb232b3,Petal Fresh
store_3edd00c7c6b6f376,Dodo
store_dbef5fa6df3d4c49,Iteryn
store_8a7090bd829c4f52,mlogiroa
store_4bcbc8020c32112f,PoleStar Hair
store_afec7d57a8fc4121,Daisy Fuentes
store_8c28942522f0bce9,KGBFASS
store_be9ffb9a3865ea88,Morfose
store_a5993dbc41396d7f,Hummingbird Farms
store_53c8bc81b80eaa67,Free Ship Deal ARBrend
store_55cfddd11b1b0920,Eafriends
store_5bf0a56791d45e4e,Nicetobuy
store_8ec2dc6dfc62ad83,YJKML
store_816aa0788734610a,By Fa Cosmetics
store_133dc35c897a0ec9,Rampal Latour
store_b8e21bd33a098280,3.02
store_8e627945a37ba1b7,FreeTress Equal
store_5a94b775ea12595c,ODACITE
store_b1b419e085a90f9b,Mynaonao
store_67115f7f07c53808,Eco Lips
store_0a6f77a85eb581d2,Next Generation
store_d1cf608d3219af5a,Millennium Nails
store_6060c62b2a24d78b,HNM
store_4b9c68ad43e386b8,Fabulicious Headbands
store_7b7074fca36fc89f,Rose
store_53857694f6dbd49f,Hcimooy
store_456b14a4f9cf71fd,Bumble and Bumble
store_7a05dfdf4e45d540,FASHION QUEEN
store_a95248ea18a74797,Value Plus
store_53933da5bde37e37,Detaor
store_6623582a18448256,Love Child
store_a77503f8ce054743,BIOTICS
store_49c0d9cfecfaa557,CUTIE TOO
store_6ca7faee6ca9a094,CJB
store_cae2f440fda5dcb2,Black Arch
store_59f35fc5a835e3c5,LOUIIX
store_673c96f99585a99a,MINICO
store_721153875cc9b985,Ayr Skin Care
store_cf335f8e2dbfffa0,TOFAFA
store_9422b87e9b5c4af3,Oppaxf
store_a13e28f263974854,L.E. JOHNSON PRODUCTS
store_a2e51b1f2c38b68c,Scentology
store_8188237d4e0a7c6f,tamburins
store_13da72537d532d30,Celkin
store_6d18784a8da38b44,Naturally Naked Organic Skincare
store_70e21878d268fa8f,Rina
store_f853f029838dab65,Bo Feng
store_28e339e807ef8fb2,HANA Organic Skincare ARBrend
store_07b336a0d5601b89,Q&Q Fashion
store_0265c7bcf3a5d5ae,Caria Natural Soap
store_ef559e0934d562fa,COLIBROX
store_edc4f93ed5242807,Aliza Naturals
store_0616f5c83d83942e,Jade East
store_c4c92f2a6965ef7e,Grandpa's
store_71f8e7976e4cbc45,None
store_cdf429e2423cb2bd,Silipos
store_656bedf90f3d18ec,The Complete Man
store_eaa75490fa578520,Aikowener
store_81f047b693b6ff06,DJDL
store_eaf42f156859232d,DeShop
store_5f0ec99657a4b857,Sexy_Forever
store_c56af1a194057d68,EAYON HAIR
store_3228dd0d03a29c2a,Authentic Naturals
store_d3fa64734f45390f,Kariwell
store_17dd261829c70eda,GLBCC
store_c1262aa63d0e7f0b,huangqiukeji
store_21d8827900764247,WDTURNS
store_f7409d4ddf5cca4b,DAYEE
store_179863534b0f5775,Marycrafts horn hair forks
store_bcc4bd968a6c6ac8,Bbeegod
store_25d03fb887e58336,K. Hall Designs
store_bd95a1f20010f8cd,Lady Primrose
store_6dabd49d8edca2b4,Majirel
store_a309ef2cbb39c2dc,Lzttyee
store_13861ed11dd86543,BQYPOWER
store_d19c1b5b9fde96e9,Arrid
store_464554abf0ac4a3b,Necosthua
store_84de886a1c634802,UPHUNAL
store_6687e0163510d0bf,Gel II
store_f2b81f5fcdb6dd8a,Cleanlogic
store_50aa1e87c80e13eb,IBAOTTY
store_36795c4b79c47d66,Buycrafty
store_93aaec10aee425ae,APT ACCESSORY
store_deabd181787c5a76,beyonday
store_f504cc7421ff1197,SANYO
store_1e133a68070e3180,Quewel lash
store_0a649bc6ff43cc57,PARTYZOO
store_198236e246305d1a,Caldrea
store_7a2d29cd6368b395,CenterZ
store_bdaaae7834324a8d,piaou
store_641bc7576c7da907,U-M
store_126d319ac2230e53,KRISNICE
store_fe94efc5ff27cf33,SKIN79
store_1ac0884935950990,Glacier Smoothie Soaps
store_950e8e0591e2cdd9,Yiweier
store_a95a365041ab3bae,SKPYFD
store_daf88cf63d0460d6,AODE
store_44b3bce647e01027,EY
store_65a78e8391950063,FLIP PLAP
store_3df4cfd0982ac861,GOTECH
store_50da8f40bc6d7e46,Feret Parfumeur
store_166e0477ea7f5c3f,Mlite
store_6616c63d557e7237,GoGoDiva
store_4432a3c4c7e4eeb7,Dallas Collection Skincare
store_97a8b791448ee105,Manshui
store_fbf63c6adba57ff2,OWN
store_a464349cdceb262c,Micrkrowen
store_119b7987758f5212,aingycy
store_44502729cfe38a03,CrazySound
store_50760c7276c9133c,CZFY
store_01320a157dcbfef3,LONGXTX
store_a2dbaaa72aa4db14,Beyoundbeautiful
store_9ef960535ed6f512,Love beautiful
store_3c269db0863fc934,LYTOPTOP
store_2de0c909bce945aa,YYM
store_79234f57cbfbd7bf,JH-Link
store_b5832a3ff3a1d486,ZMCARE
store_a5d40991eacb0f9a,crislashes
store_51b7b52be158309e,riteu
store_a2b590e476f49565,Hanyan
store_64aae6658afed9d4,Lady.A
store_b5ac2788d6a402fd,Ban The Sun
store_d2498253a31cabff,Jheri Redding
store_6e3e843ff2e05ca5,Skin Musk
store_331bac16e0d42fb8,Jane Angels
store_581eebaa6ec15009,NYCE LEGS
store_e7a5427aaaddc5da,Natasha Denona
store_6bbcd916f9509323,L'Effleur By Coty
store_4d48f19e917ed1a9,Pop Sonic
store_589c7bc45190035b,ChristmaxStore
store_6688ae27622a945f,LBLA BEAUTY
store_cf2af7f27f570e95,STYLING
store_87e45dbfe52073a5,Preston Inc
store_2cbb80607fad5775,XPERSIS
store_a426416bc9515619,Putars
store_23c226917c8aba8f,BAYCHEER N-Joy for you
store_eedd371c3394f48d,Firbon
store_7f6bc18861c8712b,Perwoll
store_76424bf9fbe3461f,GSQ
store_ac655cba8b378fb6,Play-Doh
store_b7a9e20b7760bacf,Beautykaisen
store_dccec462fd0b5028,DELMANGO
store_6030949b9f279513,East Majik
store_b8bc7a922aadeabf,keland
store_5b6c35db0bcae1af,BE MY BEARD
store_f2d81d10352290c4,Oytoy
store_24dafc656f1d0a57,be PRO
store_26b93b3cf7d39236,SportsWell
store_9054cc2304e6ca6a,Snail
store_805860a3c3bca14b,YILINORNA
store_15c55fa6577d6086,Perfect Body Harmony
store_f739a49e91edd8f7,ldab
store_639553943d91a407,H HKHUIBANG
store_d2b37409a8fc6c13,Petford est. 1987
store_dccd884b6692f1ac,UTOPB
store_f56198a0da345dc3,Thorlight
store_4921ee966d0499d7,Fashion Forms
store_cf778a0931f54f11,Rolland
store_37aaae0ed7072c4f,Mia Beauty
store_49a95d00d4d4239e,SELRSUF
store_b62b44f3e7b5abdb,kosmea
store_7c868e5ecc530d22,(BeBeauty)
store_7d6473296b9f4d53,Savannah Bee Company
store_95f1118416989a27,BAHABY
store_576e0b463d35c59b,UR Ladie
store_bf531c097875068d,JOVANAS FASHION
store_fb5e85ed834cf1f4,STAUB
store_8e4a5d133bc1f614,JIKAI
store_8f507312ef29ac88,IMSTYLE
store_9c8440780bba36e3,Grasslands Road
store_2d29247e0512cbab,BioSilk
store_1cb970812cb29b59,Dana
store_45bec9e62042bcff,Tattva's Herbs
store_534d31d30c0dfb9b,I Maintain Your Style Hair Bonnet
store_370504c68ff8bb04,umUXHxk
store_020fe6bddfe8e256,Kkioor
store_2f50e5ff9b23c388,MyPartyShirt
store_fd98d5a6188926f3,Kate Blanc Cosmetics
store_fe7f9d83a18efd2e,XTREND
store_c73204f78dc3c47c,NUATE
store_b2ea9d2d8c191a16,Yavida
store_5440e24321f39220,FantasyDay
store_f85e5f5fd54e47f0,DaCee Designs Accessories
store_31232864bf63a8d0,Clayton Shagal
store_ddbdab0320ac0528,my perfumes
store_6947e9d09c80fce9,Oehok
store_1e7c6d32036babc5,Lothantique
store_d0446b36c5e2fe90,Adv-one
store_fa812ab329ac512e,Fantasia
store_f5d4815ad5133945,Skinceuticals
store_12f7ae7407cfba09,Werkryt
store_d0b05057fae5c128,LyoRuSi
store_52cf4d0e0137d0b9,FIRSTLIKE
store_dc2c10f910383912,IZGWHN
store_b45b9976bec637a5,Oradrem
store_a3210a48a6d43448,HANAJIRUSHI
store_8bf52d493ea1c1cb,Darice
store_dbc6eaa50d4c15fb,HOTHOM LENRAM
store_56c63f1e2ab56733,Rubie's
store_eb399034c6e11eab,Sun Block
store_34cedafee56872f3,Cre8tion
store_e672e3493ecd80d4,SUAKE
store_051819094b954504,YeeMan
store_a1bcab553e013c23,DGBR
store_85202e439bcd8e22,New York Yankees
store_238ad3dac49541c8,Banana Boat
store_0b926c9b9c0afd18,Subhlaxmi Grocers
store_6724f953dc4dee03,40 Carrots
store_5cb9a1f785f00f68,Collistar
store_c75599007f70e1bd,linsheng
store_e3177024302136fd,Aphogee
store_e101835e5f4493d3,Lucky Brand
store_80960726faeb4a01,GTIKTCOM
store_27cab0f23afa7a2e,Polish
store_200a91eb0e5cc472,yti
store_4086add35d928fcb,My Lello
store_a301ea88f3c195e5,suerkeep
store_fa5e8e8e682da0c3,Bastide
store_5402765ee9bafbd7,Xinblue baby
store_e2dcd4811c55d1bf,MD Korea
store_2114aca64af89cec,XOXO
store_8ef81caa802edc00,texinpress
store_1a8668b1b0855f03,Challenger
store_5562c0d191b129dd,HUAYI
store_ee02398be6e571a3,La Sultane de Saba
store_f8776eddf22a9a16,Manna Kadar
store_81aabc60f7cc339c,Greg Boom
store_aeee0ae2eb0bfa9f,RapStart
store_61518be1107d3cee,Palmolive
store_f9893a1eebb65a88,Taylors
store_22180515b2893ce6,Corelink
store_b9ac9bb441889f7f,Salon Science
store_1606ec0e549ea18d,KQueenest
store_5b9f5a8576e4abae,BIO SEAWEED
store_d27cd4fb2c385588,Quality Brand
store_6cf03bebe96ca631,Self-published
store_644fd92c4c7a018d,Phase 4 Films
store_65ce610277170c59,BigTrse
store_b1d90a4699e00932,PBT
store_78378b0bb58c3105,Baisida
store_410013f679f8a5f0,VANESSA
store_6c87eb43ae3727fe,Maxfull
store_f324f0c4ef9ba8d6,Shea Moisture ARBrend
store_1e15e6aed7f67bc2,Rhode Island Novelty
store_5c08ec13c30daeb0,Yonova
store_257ac47d4f80caa5,Avani
store_e2912dccae40fabe,Geo F. Trumper
store_c6043790dee45310,yvvo
store_2dcd92ca3dabe4c0,Talentstar
store_a9f8acd06dfbb472,Mineraline
store_a25afc50d1d8bb6d,BBL
store_4d885ab6088034c8,Phitz
store_e080d12034a5ffb6,wome
store_22f09a0bcac97d77,Live2Pedal covus
store_5e8228686f8ec52b,Seascape Island Apothecary
store_67dffc2038157ba5,superstar shop
store_7768fd6d5ccb68c9,PRMIT Beauty
store_a169955ab3e35bc6,LUXLUXE
store_57e9225dc35342e1,PfC Cosmetics
store_cdc7fb309828229f,buybarber.com
store_3e7312443af6caff,1stopsalon
store_55395dcf0312016a,Arra Top Face
store_4fed743b83bd9c96,B-Fashionable
store_ebb9ddf6473da4b8,manqianxun
store_cfd5c0d4c2827fb2,Doll 10 Beauty
store_fbe5f92b87595fa0,QiangShuke
store_bddb6cf567ef97ce,Soapwalla
store_9c53b50a04563166,Oils From India 5ml
store_89ea245ee492e47a,Esha
store_ee6586995cd4dc39,Triple Seven Grooming
store_7bbc4329539af80e,haever hair
store_16b21e4fa33261d3,muaowig
store_94a926604c5dffd2,MAORULU
store_830ecb0551a2e117,Isis
store_aac949999913e03e,AiOiKi
store_0b12eded954f6603,GOLDERR EaseBreath
store_56fdfbfe3bf7c193,Mugler
store_6742cadbb1a61102,Harley Quinn
store_770d3043391bb90b,Libelle
store_f4145289c9a523e5,Dona
store_3b8f40f6d0c23fa0,Nicexx
store_320a0191dc8064aa,ZevPiul
store_b7c2d3f4a2d2c384,Lovogue
store_705aed7cc09ae632,RéVive
store_e0deb95a35d7b2d8,Curlisto Systems
store_8a0d23bbbe4ca988,Kayla-ism
store_3b1729d97c8d7958,Maiwa
store_7d60208d9c86c531,NiegMeag
store_8969abf43f2c0bf5,Vionic
store_0f270b9e798e19e1,FINEX
store_cfe55549ce9397d7,APPEARUS
store_825600bffc2203f6,Sojitek
store_690e3fcf9584bc02,BROSWJUN
store_45e14d556e94d214,PLACENTA LIFE
store_3825a83b35aa6ce0,BLINGINBOX
store_4bdacfd2c6b91d48,AOSUN HAIR
store_2594925f69482af1,Vérité Skincare
store_b84c994d6cdbe084,Vigorol
store_50a3a66d6ff5b3ee,TattooEzone tattoo grip
store_dcbab7f45e37a1d3,FXWerkryt
store_833a0191313a8edd,3m Co.
store_4cf8a11715e2c6d9,WECAN
store_97759d2c4216b93a,Aqua Velva
store_885ac313099d21c7,Aenllosi
store_ad81e8d36b0429c8,Yinuozhogntian
store_d4000d6f2a12c7ef,Wolmund
store_b23e28d3d7ded45a,JcziJcx
store_a00bf70c4eb5ae47,HPYNPES
store_eda8fbd93f98f632,Dr Cool
store_13ea2537b86b1619,fashion icon hair
store_172d60d24a661d07,zhi yun
store_28dbc79c2c64842d,Lubricants
store_1b90eea832a47a14,Polder
store_37edb4a38c30958b,Revitol
store_a83ce45f189402e5,Garnier Fructis
store_1ecb046311f3b5ee,AILIF
store_412c68f4843bd10b,Zombie Workers
store_26660df5479c25e6,M|LASH
store_2b07cc74aa82a795,BioBio
store_63d4dc78a6146632,Jes Organics
store_623e3f8ab6f456a8,Lovinland
store_9a7f5aad2b3d7d17,Dr. Sante
store_b36a228b94497e68,Ambal
store_fa1c29ed3b9f26e5,GENRICE
store_ff4762153e35ccc3,studio35 beauty
store_74acf90980d7b1e1,ZP ZaoProteks
store_8ac153da3f4c824a,Simply Done
store_a22fcee13d9a95b6,Binrrio
store_8f73cd694a979df5,Just4fun
store_ab8ded3bbac58b16,MDM Bags
store_872dc93a5c725681,Getue
store_785f0cd9495ecaef,Chromatique Professional
store_ea9aed79fba0ee7b,Luxexy
store_01aabd2809772b64,The Unique Edge
store_fe3ed2df031c0949,Flashback
store_031c19c150fc68d8,NIUTA
store_4c25daf72606acd7,EKO
store_70fa3f087e47e703,JD Jeffrey Dame
store_4fb2b1ad67bb6561,AAPIKA
store_9daad41cb2aad5a2,Lumirance
store_809be9d1500e60db,HENITAR
store_f6a7003abedd9ed5,ANYMarketplace
store_2cd3b5530bb5dc38,Dazzle Dry
store_d2330683b9bfc1ff,Leiothrix
store_4bd4be6646ac2d47,BRIGHT LELE
store_da1d99a3a485f2cc,Mazam
store_7e474677ad078a92,Q Perfumes
store_9922af15a9cf1394,RBC Life Sciences
store_88cc4484560c02ec,ZCL
store_8110ec6918bf9af2,JEPELUS
store_ed10a9f972b8d7bf,DJF
store_2d9cd254124f23a7,Lumini
store_68cdc4442f2ca762,Joewell
store_18f878b0c313b918,J Cat
store_fdffb0588a31fb0e,Tierra Mia Organics
store_96635a36429c0e23,Divya pharmacy
store_87fb7f6d1a58590f,Aswewamt
store_6691ba3a87197a1e,Canaxi
store_4fc03409e80d5b1e,HairDo
store_8e419fcf1c64b39a,Profusion Cosmetics
store_f7a031bd5bc9738f,Restoria Express
store_fd441efadc24f104,Orino
store_6661c8068b9b5c62,Chom
store_de1d8914a30c38d5,The Original Lumberjack
store_6d43de4e47d15322,Luxangeles
store_0f6c5d0211425307,Barbar
store_c2f878e8e04964d3,THOMSONTAN
store_06fe8422d4a78e44,Easin
store_1354249f0addcd55,instecho
store_0c14711130b842e5,Windsor Direct
store_fa5e59665ff6337e,BinaryABC
store_5f5ea3800d9a62bc,ALMA
store_e12177d6583cde97,WILLNORN
store_b5330b5b06710f47,Linetion
store_6675e77008ff7b18,TruSonik
store_0e44cdc114075f26,Gu Angqi
store_745d14a6451adc01,Wildfire
store_630077eb6326a618,Frederic Malle
store_b8e0e82d87481266,PASNOWFU
store_8c48b1041ac081f5,INNATE COLLECTION CHARIS
store_5a21789993827085,RUI MEI SI
store_19cf3f24c7df6981,Taste Beauty
store_c48fd5ce0a6fb651,NateBur
store_905068c40fe092f9,Oilaria
store_20dd40a47bb3dd45,Camille Beckman
store_103f6ff2045ea3d7,Sanctuarie Designs
store_6220780e309d63b1,Luxo Banho
store_379784e41c3d7dca,Christina
store_1c79fcf11290c244,Pcineio
store_edba1a3c02d7baab,Caribbean Soaps
store_786bb433d6089e1e,CleverDelights
store_7935213627524c40,INGology
store_c8e275e6d1882f2b,Wet
store_43a672c4ce52fbbb,Defy & INSPIRE
store_88bfe07aef7ea368,Newcos
store_5a80d97900a16322,GuGio
store_534e343f234640aa,Viking-Ink B&W
store_b47499ed07d6bce8,Yunhua
store_fc7366860ff60b2e,Bling World
store_f4e33ea6dc3f6c95,TOOCHUNAG
store_e83cf54ff8f1f01e,Alitaver
store_ce91885b9efa0175,Dechoicelife
store_a92bfaceac61b3ee,HANAKIN
store_ce1a4c7bf214789d,Ramina
store_b76aa2fe324e45d1,animalworld
store_17a8d32c28115ef4,Chris.W
store_4cac5dce1709120b,NIUDINNG
store_fc2741454cd7de64,Foamee
store_9d8cbc3761f2809e,Everrikle
store_82bdb6faab9f68ee,Bwoogre
store_ed2f7c8b9056636c,Yuktha Eternals
store_374425cd9190c0ff,ubest
store_15dd8ff1c4c7752f,Alto Bella
store_ddfd4e63328dff97,LPOODDNU
store_6f7be9bef7a3ca46,longway
store_d016c2ed449f0258,TrimDish
store_16802092e44a70dd,Dream Soul
store_3d23990d56db8960,Jacky and Lauren
store_e9d71f5ee7c92d6d,B
store_6f85f77b68c4f9b1,Vlliyava
store_1ef8b07b80787e44,Susan Posnick Cosmetics
store_b3fbfac0f08303fc,Summit
store_c68bcd8c19bfcd8a,D.S. & Durga
store_28e85397be94c552,NICENEEDED
store_ec9ef07b39d197f6,Boston Nail Art
store_2dbb5e7d3b76f9c7,TheraTears
store_30a5ab6f778266ed,Miche
store_e5f6ecbcb8286148,Toycamp
store_621e549de2546534,LASH LABS
store_08128d8579614dd0,Pinxu
store_689f9c5d3b1e06c2,Synergy Tan
store_ec8b96d50ab37372,COKOHAPPY
store_0be1d724463e0dd5,VOGUEKNOCK
store_6dc58736ca55c1a6,Hercules sagemann
store_68f99e4999e5d6e0,Polish Me Silly
store_2ec1663fcffbd7a0,L’eternal
store_d742f8128863d99f,Seeano
store_91534316df31dd30,Love Your Color
store_213e86a3d68891cb,Dr. Wades Organics
store_0482dc4a275d34e9,M*A*D Minerals
store_57067423b8245b38,Natural Life
store_bed72b8a393a7d12,Rw01
store_58b955e3947af5cf,Etino
store_9f6b7493987fa2b4,Lux Super Rich Shine
store_64409903e2f26e8b,Illume
store_29f01edd4f022839,Nxconsu
store_e3b55aa032837e7c,DIFUNEE
store_142eb3a7ee151c03,DEVONNE By Demi
store_e5915c2c1b5cebe5,PLUM SMOOTH
store_dc28a349127c21c6,CRESS
store_df0a02dff2a505a7,Spark Hair
store_aaf4c61ddcc5e8a2,Hello
store_02d67c8b7bde0996,HOUSEEN
store_b3888546b84bf53f,APIANA
store_8853194e2c9b769c,NOTIME
store_05beab6ef3e4d093,Margo
store_9ef13bfecd274480,Lafe's
store_b3567d9b32116115,Plus White
store_2b4920020fef3d58,SunFlower666
store_209e696d904d20cd,ZERAL
store_e2d508b365f14ee5,LQQL
store_c9b3437932eed090,GSI
store_ca3d1da12cb9d929,ZHILINNNN
store_261e4be27e3c7140,ASAP
store_8e50d79f2ba0d665,Elixir
store_93c5d83f60abe5f8,Yeking
store_a4ca49351a56173a,sleek
store_01081beba7014a79,FACE HAUS
store_846b7451fbd53f97,ScentSationals
store_529856508534d6bd,erioctry
store_70feb3ec6fbc0f1d,Lip Smacker
store_813d0f12bcb55abf,It Works
store_707f3aa9a9f6bb38,Hebat
store_36cf09d76e7173b8,Cabot
store_d7fdcd1810e2e574,Royal Zury
store_873450b489524e03,Lip Smacker-
store_780eee9c0846dff1,VitaFormulas
store_5fbec81a593f2c1b,Capri Designs
store_f133b1380acb5ada,AloeDent
store_8abc3bd2caf1895b,Dr. Lewinn's
store_6480f449f60c7dac,VSHOW
store_c0210721a47a96ff,Cocoly
store_eaffb8e78cd8372d,Bump Off
store_7d13d8103181deb4,AGPTEK
store_34233b095c66d29c,FAMEISHU
store_211f8973da470955,Q Power
store_d6403edabad39785,One Lash
store_8e8a38a8cd120e2f,MAMaiuh
store_5b4bc9c5c0dfe0ff,Flex-I-File
store_8a8cf6de3174689f,Olivaloe
store_74aef7969ea88e08,TOPILINE
store_064a3dcc1ee8950f,Tassorm
store_4a33901bb2a74353,svmproducts
store_6fd4a22c9a7c49dc,Aster
store_073c14bfbdc75e39,Keshet Accessories
store_ab5677e26822d1b6,CORRADO'S
store_5de50c994e9b874b,Star fly
store_b3429272bf99fb6e,So Cal
store_f5250b50f8831d3d,SOAPOILS PERFECT COMBINATION
store_f9fab389c9bd5898,Pizazz Studios
store_05e20a78eef72752,CHENGYIDA
store_e12ccfdfb12af0e8,N'iceshop
store_61640323bed677a2,Instyle Fragrances
store_d005338da21eff42,Formula X For Sephora
store_a7dc59e2bb20efcf,Shebeauty
store_4f43b4c7e5fe79b5,Apollo23
store_4d943504f37d0e70,ToolUSA
store_3e308c380d1e2164,DuraFresh
store_00aea873e6c1b301,Medicool
store_b5ad7e42e9a959d1,Elitzia
store_09966546eaeb3b81,Aiernuo
store_5bb19f39c273482b,AiQueen
store_a1dc848d09946f9e,Beafay Hair
store_894ce439ce6eec6c,ESS Aromatherapy
store_57d429056286fbc6,JELLY PET
store_b0417747a7917d62,Nouba
store_131c2b11c27b5894,LOBUJOU
store_345fbe210685786c,Abracing
store_fd90d3b09c3b889b,JISHENG
store_29ab96509ca1eabf,Summer Crystal
store_7ff42fcdcf5bac51,Giragaer
store_e9c47c8793372969,Himani
store_e6ec8966fd3b6fcc,SHASH
store_c474f027443b32a1,Nishore
store_411e2b300f75eb47,Momento Por Favor
store_90b677a3236c5ab7,Fujiko
store_cf62322e5cd241dd,Rachel Perry
store_f78ca75071f59ae4,ProCabello
store_d61b73635b8ba290,Bag Balm
store_f78b2603148b3d3d,BodyJ4You
store_ca85dda0e3551a13,DDP
store_8741a502f50923aa,Elabore
store_894e9d3fdfe819c0,Skinny & Co. DORINI
store_a146c2447f567524,Lurella Cosmetics
store_4a1afdd40ea32a8f,Freiuoke
store_091e123d343521bb,Pretfarver
store_df73b3c3a25ab656,Lucktao
store_de7ce1b7040a54d1,GUERISSON
store_d75572279dce815b,GEOU WIG
store_4eaf99cb5ee5d493,Shea Terra
store_94b83c394bc26f04,luvlook
store_e79301302f207b16,USANA
store_84ed13328fec78ab,VENKUIM
store_95f1c831fb6933ab,Sanio
store_dbb07a699b670fae,ANNIVIA-X
store_d7ca6c75249b16b5,Dankotuwa
store_670e2a06f5cf90c5,Moksha
store_425926b26ad3d6cd,X-TRESS
store_df56db6433ee6835,KBMasks
store_f279859d85ec16a1,Ahyee
store_c617d980ad81c573,esthemax
store_9d4423159096715e,l'espoir
store_b2e5da294a7daa02,Nail Polish & Soak Off Gel Essie Nail Polish A319
store_2f019d9b3a159a26,TOPYHL
store_de3b0a3f27a25017,FirsTime
store_60bad233d6b2b3d4,AROMATICA
store_a64da436bc32bb3d,Le Galion
store_db77076bafd8b6ec,Mllkcao
store_5508be413f5de8cc,Sintario
store_abde8e06621f9e81,Fabulous Frannie
store_e7d0c116802aa8ca,Natura Estonica BIO
store_39f6ab34390accca,ECOCOCO
store_b2cdb38a6b30f542,YAWALL
store_77ede9d6a1e072f6,Niuma
store_1d9cecc8970deecc,Newatch
store_e330d419495f8896,NAF Imports
store_0991a89c7e63535e,magic acgn
store_49fc6fb872f88785,Kracie
store_a58020cde970f26f,STOPWOOFER
store_98aa64a69d734f32,ROREC
store_e2beb1eeb3987d16,NANASO
store_b41f3c5a31bc6fb5,Betsey Johnson
store_4116b8825d66cc89,SUNATORIA
store_21a1872161e63b04,MintBear
store_10e6e7bbef92cad9,Ellgy
store_84e5c6431b7e7412,SWACC
store_c1c760da16716163,Chantecaille
store_7b116494aa690f1e,Salvatore Ferragamo
store_cd4027bbb71a4f68,IETANG
store_ba7e346edde74aa3,First Class Beauty Co
store_409aee66c6ee57c9,y2Lubes
store_9c1dc482f8b9d73b,Body-Soul-n-Spirit key chain
store_c8260d38098765d1,FomaTrade
store_7ac1960a8d637b0f,ALDIS
store_5bdc9ee3cd719ed4,Ranger Station
store_90a1cbeca05e9fc0,Kungfu Apothecary
store_60ada37985699663,Ion Free Amonia
store_072488f6de69f293,TWISTYLER
store_231fc9d8f242311c,Dippity Do
store_7e49ec4923a441cc,nattaponshopnattaponshop
store_1e9899867c993940,Dopetattoo
store_887d4c6db8035008,Dr. Straight
store_2bb17572b69de77c,Elegant Queen
store_7d5f271e5b186c18,Wociud
store_aacc001d1acbf5d8,PIDOUDOU
store_c03859978e097b4f,Great Chance
store_6e831d7467760e93,Glowing Cactus
store_59fe2f7ea87b411f,Posey
store_24338f536366a2d7,BabyBlu
store_1b58975ade865e65,THE STANDARDS 365
store_260ecdca942c24d6,LÃ¡ncome
store_b81b1a5c114a8c50,The Firm
store_9ad9acdf225115a5,Pruvit
store_87da30ff4356db30,French Amie
store_e4d3614f95cf234f,Ayisha
store_0532db2192fabce6,Incense
store_4baa8f2d3250f0a0,Alinory
store_b4ec72ce26617f75,FINLEOO
store_3c18f74afc00f818,Man's Face Stuff
store_1c6afccc8e438cd5,Ellena®
store_54e0e3b0afdb7b09,Artifact Skin Co.
store_303fe4e6095b796b,INOFACE
store_b610c4eb6baa880c,Bunheads
store_82f8ecdbafae7315,SOPHIE&LORI
store_2fdea0d3b80fad80,MARCELLE
store_686bed3c69b39bc0,VASANA
store_302ad8629704b235,SparklyCrystal
store_e9d295be3fa8136a,SEXYYSECRET
store_b34718cec2377c36,Jordache
store_97f693078336a24b,HollyBeth Organics
store_beb2c4247bf3c733,ELZU.US
store_d0a3a0f72016cfa4,JGMI
store_5ac25637fe0f9b3d,G.M. Collin
store_c8b1c8353e6efdd3,QIAORUIXIN
store_4b249c2d884513b2,HOMOR
store_f80e3c15acce6320,Eudemonia
store_a92bb681bd06ba94,AKFD GOODS
store_8c1dd34d8a967b6d,Home Health Products
store_bf2e67a19fcda72e,Forever Young
store_e77668c1fcec4cb5,New Feet
store_11d591a825c5c33c,Retinol by Robanda
store_d37f5e06cd46b8fd,COSME
store_517e230ac1e45ade,Nero
store_ac97420b16ebe716,Good Home Trends
store_ed41527dc0e0bf53,AFOUNDA
store_7f018203dfc9f220,Amanaote
store_25dc282b5a3dcba6,Answer
store_29c10e25ef8fa73b,Kose
store_201fde39e4af6ff0,M&U MAKE YOU UP
store_5bc1824930ffbbaf,Ferrari
store_a9c9b2a97c9d0d91,Anmol Nikhar
store_2f0968dac62f99c3,Y. S. PARK
store_6a001e31543a67a4,Smoke & Mirrors
store_e6172a54e532531d,Circa Beauty
store_584b043be6633b3a,VICTUO
store_8736c45c7dd2a6a7,Earth Science
store_fb9ee076ef6345e2,GEMVIE
store_e9bd875319d6f69e,Casa Natura
store_eb6d6e6df8cce62d,Guanyuwigs
store_443a6395deb98fa3,Lycogel
store_9d444db7a892ec4a,Nova Scotia Fisherman
store_94ebb9006a8ac83b,NMKL38
store_4ef6f9a19769e55f,Meiverah
store_3c448aac4faf2d89,Crown Brush
store_80fbfb0ca733da7f,Dr.Ci:Labo
store_89357c2f70c5bb24,Visine
store_ee128b906c503d39,VESOCOZGSZ
store_3ecbd6fcdc98919b,RuiFei
store_c4c4e0bca14ccb68,BMC
store_2cde7055a48151c8,youlief
store_e048e768b504b05a,Neon MINI
store_ae70c64eccd8f313,RIBIKA
store_e5146d192878b254,Beauty Brags ARBrend
store_5eec9f6d8be05093,Swiss Army
store_aae7cb2768340090,SpaCific Essentials by Pendergrass Inc.
store_0a70d1c3c765d488,Acorelle Perfumes
store_426f80fde3fff76e,Ustunning
store_38860fca8a01cbf0,Lypsyl
store_6ac52d99ef539674,Gootty
store_4ad877ff30ec542f,UNPA
store_68bbca17bd2a3ddf,Donna Collection
store_8977bcd9a6368808,UEU
store_f4d700953aac9e21,ConvaTec
store_42ffa01baea5bf1c,LA MINERALS
store_9c811a9a7a0940ac,HB4U
store_bf1ba8dd3d51e27d,Baby Wisp
store_e84acf6a8346efae,Hippie Butter
store_260c92e15d6205f9,Efaster(tm)
store_50dacba05a1f787c,AbleVision
store_20be639d8462179d,Out of Africa
store_49f250d86dd2d35f,WENSUNNIE
store_0f360abc1440dcbb,Bali Soap
store_4ce4dc4fad56d89b,MYVIDAPURE
store_86429e0c0976b179,Zoë Ayla
store_aa4509436eee2065,Lacey
store_34dc5892047c941b,HAIR DAZZLE
store_19daf4af614812fe,AHOHLOC
store_236b5d9de6883e79,Conservco
store_24ac481c45bfae80,Trully
store_f575d975d7020667,ANAKTB
store_1c997e2cce3a17e5,CRANBERRY
store_f603bf2acd360123,Jane Seymour
store_1aa49fb5994173dd,Ajmal Perfumes
store_0dc220b4c46b416b,VANALIA
store_81ce3a8136cb1ab1,Healing Waters
store_7c85929b356f0508,HAKJXOS
store_8f1b43d350a1651a,Crazy Color
store_2b23b9d079adeec5,Tartan + Twine
store_773ba242ef17f857,UiiWout wecd
store_8bf44509008afc75,YFS
store_f266b2c8fb2df6da,Fujiuia
store_c37752259a977370,Tagamet
store_9cf46a3461383c7d,Romanta Therapy
store_95c36c377f32fb35,TPMXEMR
store_6fc468873b9617a4,SINIDE
store_4048e8f13e7922e4,SNOBGIRLS
store_ade0196d1be2346e,VIPPLUS
store_4a0174e9e105619d,LianSan
store_0f93a22ebf3b3819,Noyah
store_ad550f00b3c4fae7,Shady Day
store_e127fab6f9c49cb0,BL LASHES
store_ca79926c79770461,Yotown
store_94aa7e47ee458106,Forum Novelties
store_0739ba3ce529780a,Ezpieces
store_e4d87c35aac2ada7,MaudSmed06
store_9bcd484cef03200c,Hemiao
store_468fb498f1c46655,Kadiman
store_a77b5bd9592cec8c,NuCera
store_a31510175a268113,OCC
store_a36a463ba607090b,Lotus Herbals
store_b9801c36c734044c,WOGO BEAUTY
store_df83139315401234,Olivia Cosmetics
store_d3a1f1a34fe2a155,Sudzz
store_db586c464fd8b2da,Bubble Shack Hawaii
store_910587163d5eb796,SIN-MIN
store_ff7b5c6b3031ab0f,Clinique My Happy
store_d23a40b83c3b5627,Yuauy
store_f5aad1992eda8819,AnRonan
store_c49a09c2c62d43bc,Paijoe
store_4db4c0c258da4907,Yumlas
store_6e1c239aaae5ff53,REMY FORTE
store_8ba64088dfd556c2,RIPE GIRL
store_adf5bd5e08404df6,Beauty Protector
store_f3026ad5d53f8452,Laline
store_b6a15f20e791dc6b,TBTFW
store_6a2583bf7ee264d2,TLTSHOPS
store_baad1fbedcb4a5f7,AJMAL EVOKE
store_b539d20782ca3e4a,linmaya
store_b965d39818f4f113,OK Goods
store_03cfc7f8dfe09449,Mainstay
store_fd4eea3db95793b2,Sumbody
store_98a0e1aea72c36f6,SexyLook
store_9e802d4b26edcb47,Grafco
store_bec1c7c5556cb344,HEMPRICH
store_32426f667f9fe22d,XICA
store_424b2f2c2e9d39b6,Wheel House Designs
store_35498ccda50404e5,Palmers
store_2b6da2bcfc0c0144,itcolor
store_fb1d9b9f0429db00,Dermedic
store_17e2652a44498f0b,Jill Kirsh Color
store_a63a64af39ee9498,FAITH BEAUTY
store_c8a50f632c3c4baf,angel
store_01e3a37856fc1617,Beautiful Home
store_9aa68947626d95b8,RESURRECTIONbeauty
store_a596d2a344acb52f,BDELLIUM TOOLS
store_dbf1ba8e2ccfdfdb,Auctiv
store_f02505f77465c0ff,koreatrends
store_3c90ebdfeabdb6ec,Lookatool
store_01d9cee466c40267,BrightU
store_bedbe09496339f07,Sunter
store_3334e034efc61a9d,Vicious Teknology
store_d9588028e70d6763,Sanyork Fair Trade
store_5ca961564aa29566,Enyee
store_48f28b398daf33b8,yuefamei
store_ffa80c63b650c939,STABFOAM
store_baa9299b388c9588,Honey Bean
store_dec03015e8ad74b6,aldo Vandini
store_68ae709cf412fa4a,JETTINGBUY
store_6f7bcf2031343d34,Flyusa
store_16fed5bdd53936f8,MIMAN
store_4eb25e4ca18f0d76,LAINSS
store_c955b3cc458cdc68,GIMME
store_0de07183ad3908e4,Naples Soap Co.
store_04533f0be19cdb26,BFORM
store_a276902a6951c71d,colorvay
store_5db373506be134ed,Gimiton
store_7c477864d2611d1b,Nature's Dog by Canus
store_69580d1f38b1cb6a,William Marvy
store_9fb5fddc17c29b58,Smavida
store_133aa7bee4c196ff,Anrosa
store_3c24a1058049f763,xiweiya
store_61a11d25f4e06da8,ebc
store_e28998298ff8ba9e,KNITTING QUEEN
store_1c1cfc38e3562a21,Thistle Farms
store_0e32cb50ac47c49f,Lancaster
store_f7ea326ac4906458,Brentwood Mills
store_927cd82d735101e3,Exotic Eyes
store_bc28bfa49a73fd23,DELUGE
store_7b7b837616d27b34,Hickoryville
store_ba254c4def9443df,Redoly
store_b8cce3899d9b5cbe,MD'S PICK
store_6f8cc70ccf0407de,Ali Funmi
store_75b8505178da0183,Foxy Silver & Maxwigs
store_3a9d1880ea7f3555,Remède
store_5e90a167d25d7466,XSYHair
store_4c81862f0f2d4e0c,Tabac
store_757c4c40c0781922,Solvere
store_ff6c1be230092492,Filuckyve
store_a6f27766b7bf9856,SloveM
store_be3d26b496238dd6,ILONA
store_f8f1dc1fef582777,French Kiss Cosmetics
store_736f9bad172b62f6,LadrXadr
store_efdce0a8fb6c7e8f,J. LeBlanc
store_0e017515d2f075c8,STENES
store_c67c89793988525a,Nature's Finds
store_2687d7a93a0b2d67,DUESANG
store_b3a37c82e350bed8,Skully's Ctz Beard Oil
store_9710b8f2c69a25b9,Songqee
store_de0f8c2cb8762963,Paya
store_4c71323b6e01a9f5,OHAOYU
store_33caa6332800c7a2,Telebrands
store_49141bb27c179518,B·LEVE
store_01073784f9680b80,AW BRIDAL
store_58c99b71e19e238d,Honeybee Gardens
store_73a1188d023bd2af,YUTOU
store_1ba4f046c6fbc90b,Ingrid Millet
store_198cc5639a119c8d,Muokass
store_2dc64c22ade59875,Pond's
store_df9f007a646d58be,Imports Home
store_5ca36c44de313387,My Life Scents
store_db59e77ee9e1d91a,BRÖÖ
store_abc98b621f2c1835,Synergy
store_ce89015b7934b90b,Dosis Fragrances
store_024b49820cb3cb37,Grisi
store_664c2411fcdb4726,Banraishop
store_fc1fbd5e88a3a073,JEBBLAS
store_7097a4cafd905e32,Ruiwen hair
store_f14f14b2888b0ec8,2win
store_07b6c891a7ccaded,ATCWE
store_9b5ca6aaf29e69c6,Homtool
store_7375474d6f5a313d,Clé de Peau Beauté
store_c90a069166d7e348,JOEDIR HAIR
store_72a805da32b497a3,Qraa
store_03a14bb16d08b319,Freestyle
store_8598055edb24f0b7,PURULEMCN
store_b3a73e965d7093c4,HYOUJIN
store_5659332e490d8ae2,JICBTR
store_5cf7b6d062fd901c,Denifery
store_db9fa2d337c920dd,Dr. Wade's Organics
store_93e1957119b7a69b,Omi
store_8589ae79a0e57a48,BNG
store_f5df818dc4b27a50,Chelsea Jones
store_279dd6e7da63f0aa,Arbonne International
store_aede4f077dbd1ab1,Logistt
store_be015ba64c0e3250,Kosmart
store_a39e16f6b58fd822,Estee Edit
store_76983bcd3e5bc17f,Jopuzia
store_8ffe7871dc4db0fa,Dayna Decker
store_28c6878a05f1f5f8,Lambow
store_543b17dfc6333ea1,Soaplicity
store_d3ece63f104982c6,BLG
store_86ac6ea86990a631,Vera Bradley
store_e63647f423a4a9a3,BGYLS
store_1a7f53215249c926,Mad Max
store_b1882d553734513f,Glam i
store_4c5c51add9c2b8d1,Pixi Skintreats
store_1f7cb6d5f59cc6c4,Healthy Hair Plus
store_32b6a23e0c322cca,Darller
store_ce7ef9691cdd52b2,Alexandra de Markoff
store_f8a224e84882c1a0,Sharonelle
store_515a66c03110649e,K.SWIGS
store_8d3a3df92192aced,Thermax
store_8b87450a3767d9de,MisterWand
store_1a3a195beca62b08,SS/Sophia
store_5e833c64c067443a,SERENUS
store_304479123cc58bd6,Panin
store_a936a89e59cf93ea,Affinage Infiniti
store_7cd442260ecf5cd4,Schild
store_9f852ce63909b921,AinDen
store_8feda15ecb4d6196,anmas rucci
store_990997ab11541c8a,Vidillo
store_92cc7ec00ad95ac4,ORJENA
store_cd4df24164c1088f,S SNUOY
store_77361fca965b3e53,GUESS
store_0b79ec0a770fa7e9,HeioWuio
store_7ab761882be85a10,ovticza
store_69137ebb15436a24,Feyuan
store_ff7562ba11569b97,Enjoy Hair Care Products
store_351429ca27f6e4bf,Charlotte
store_e3cf3096e3445423,Aqualief
store_27d26fa5f10eff03,lfhyyazhj
store_b3747e9e6868c041,Duckish Natural Skin Care
store_837d7715e3c79798,DeliaWinterfel
store_4cbca294d9be7433,JEWELEZ
store_89e169f26a8db118,Susanny
store_c5eefa032dd012f3,Efulgenz
store_9ead492c8da73b04,Illamasqua
store_2be8513f6430d9d0,dreamynini
store_1ac8d637c541b00f,Sttiafay
store_280e5d55afc8bb6d,Acupress
store_5b899fee07cab505,Polysorbate 80
store_20c5f6aa4a9c1521,Plugged In
store_d41942208e77ab08,ZITIANY
store_6944bb327cbeb771,Sinful Colors Nail Polish
store_1679ab1b4dc35787,MILLION DOLLAR TAN
store_e9935daf7bedab4b,DOMESTIQUE
store_1401674cc8e16739,Judikins
store_05edb197bf907019,lacsian
store_1f94caddcd7495cd,Rock & Ruddle
store_2febecfe13238dd2,Miriam Quevedo
store_eed5f3b9bf6b2970,Korea
store_6cb65a9309a61311,Cattiva
store_76ddb5ec09fe85df,PRETTY IN A MINUTE
store_eec9a7f48bd798e8,FACE atelier
store_fef5cdff4098deda,Incense King Scented OilLongXTX
store_d7c651ac44f54cf8,CMFISH
store_8f8e40bc0b065559,Apone Fatu
store_be74902a2094715e,Boho Essentials
store_0b987d5b4d5455ed,FUT
store_6768c575a1032d80,CKVVROOM
store_e2aa6d71ed8d0516,SinBounBoun
store_4ab2565918c183a6,AUDTOPE
store_c92a8344b221fa34,Blink Lash- BL
store_32479ab28c11fca7,Best4UrLife
store_f07e941bc26f9d80,CanvasLot
store_2dcf534e51693eb9,MyDirectAdvantage
store_3d5e7f51f4d21741,Annemarie Borlind
store_5ed64c90f26c784f,Gojo
store_cf86b25668723599,Felce Azzurra
store_bd2c300f9ff02be1,Glaray
store_f7c3b700de6f0a73,Aroma Naturals
store_8264ee3e3067627d,Finger Angel
store_25e73aa7da75671b,Gemstorm
store_165e7498e6e8f71b,Hair Bracelet
store_364d297ac1c99f17,Roja
store_1a9b4d29e3872188,USTAR
store_e0a35f5fffaaccb1,Elgon
store_6e332ad283b985d2,HANIN
store_c092f39e924e767d,Barnaby Black
store_715f6181a7a5815d,DOMAGRON
store_de31afbce96f819f,SABBA
store_7e91e9b280c217b4,anew
store_3494a6814e8cf4bd,"Creation's Garden Natural Products, Inc"
store_63a73dbb4368f7bb,Tori Belle
store_2c78a92f821c3222,Waxing by Roxy
store_6282fe31908c8c4d,Tuklye
store_e1ea1f245abfda8a,Luxor Pro
store_aa897363f6db64c5,British Sterling
store_95bbe2ace23ae380,KADS
store_b760ae744b51ec24,Charmzone
store_4e29b44f06a8561e,Sigil Scent
store_74cda2f5c85f8871,K.C. Sales
store_929bee9144f9df92,Kaigeli
store_edfb9b7060cc8013,AYNISS V WIGS
store_e9ae970b656b908e,Capsloc
store_d7ddfdfa5f2ec502,NEW VIEW
store_a45b8ad59e191496,"Cutting Edge International, LLC"
store_6d01e5f31bb157c7,Glitterstar
store_ec6e612a33efdd5a,Fragrance G.u.c.c.i
store_46f1bbfc12033c6f,AKOOTE
store_3c6f04f839852ed1,spr
store_0272b1b51139803f,ZAOYI
store_96a4ebeeb4c087dd,STONEFANS
store_ff5d4852da2178da,SEXUAL FEMME
store_5c6b836a37e2dde0,Jean Pierre
store_d7a96256e8e12f93,JustMyDress
store_f884761b749ebcdf,Opalescence Smilebrush
store_7b647332b704c748,K9 GRANOLA
store_92bf8d0c6468908a,Mystique
store_2db6665815c4236a,ECODERMA
store_0429ee62d737a535,Beauty Forever
store_4083261d9a6163bb,Mile High Online
store_5d4cea6f5e1d748e,Cameo
store_0d1aefb2d363b089,PanPacSight
store_73e9fae27e878c90,Lavanila
store_79cc5a9e53aeb54d,Fangsen
store_f165e41ca0bc94b8,Bath House
store_28d0c49df4f780a1,ReazealWild for Life
store_5ba078a6a3c62fc8,David Douglas Skin Care
store_fed3d54d94aa07f9,Werkry
store_e2d0235ef214d033,fengshuisale
store_e4d2e5cf80885e31,Lure Minerals
store_ff5b6084537433be,MOBETTER FRAGRANCE OILS
store_3bae8fb430821edb,TVventas
store_619391a0fc82a489,SMUG
store_6e5efa6e20e11d52,Head Organics
store_ddfe48cbbd76f1bd,Decorative
store_4cabf574f84424cc,Engravery
store_1723f4eef8ec5cd7,vivioi
store_296d98d335ecda39,FASOTY
store_cfe7e493b1f5bfc3,O.TWO.O
store_f27b08e5b0bf525e,Hair By MissTresses
store_4e3c29115ed9adb2,Noreva
store_ad8eb361dff60ee0,GokuStore
store_6933a1d6fb7872cc,Alara
store_696e6c40f2652b3d,YIZHUO
store_c0cdbba99ddd2a98,Gracfulcub
store_cbc4d9bcd7edee8c,Beauty4U
store_3f5542b99d5552dd,EUEAVAN
store_96b8d2c1183a8879,FitSand
store_fd60434ec42aaba5,Jolie Vegan
store_a99bb5f9e67326d3,Hiar
store_a72d06f8147a3607,Woly
store_366bd60fd92da1c3,EMERLILY
store_a1cc1a5aab1da6ba,ROSISIND
store_a03ee74725689c57,P.R
store_014acd86715cd167,Anne Taintor
store_33fd050c67c64b9e,ADDERENITY
store_05234905511d4df4,VintFlea
store_144f33b17d7230ff,Mariah Carey
store_01bd12eebe1f6fbe,Molludab
store_ea29c6ef01388039,Sam Friend
store_c0fd94e9e2dc0c9b,Sensi Sandals
store_9f9589dd07f47c75,Greenford
store_f632dfd1352af285,VANTOBEST
store_54b654f6bfca17b9,Shelloloh
store_0c47c231b1c86842,Foot Dr. TM
store_e4c079072eab7c62,Wishesport
store_489b1dfc73f9f11a,Alparino
store_d28959c5a0b55e02,Bettermood
store_fbc7adb42e6c842e,Mud Pie
store_e78df43d755469e5,ATELIER BLOEM
store_c683bf0d1bb5d070,Sh-yolada
store_46b6f2cccf99ea11,Tierra Madre
store_ef22ebffe98a936d,Garden of Life
store_e54c6cec52cd228a,CINQ MONDES
store_38bb0444c1ac32d0,SAYTAY
store_378b391b0d66ae13,GSWOI
store_7a2755434e275366,Vivo Per Lei & Jarosa Mr. MOTH
store_fb35396813b2d723,WYHP
store_a3404013c7544b09,PASSPORT
store_3c3041c5762e9908,Salon Series
store_febcd042b459436b,Ownmehair
store_f96262c8298600fe,Pediclear Food Spa Disinfectant
store_06dc913b8954c19c,AARAINBOW
store_ebad597db490677b,Xiaofeng
store_ba0a5e067fe01f68,RAIN QUEEN
store_3d5999df12582c93,Glam Seamless
store_62ccc0459787d753,BESTOPE
store_ed8cb4059d81525e,Astar
store_1c0231f6698adee7,Jaqua
store_77b0100a53e89848,Pomufa
store_d87bff7ee5b58008,itemmall
store_73eeaca24166403d,L'ORIENTAL
store_0951df3e5038efcc,LLarnn
store_622706aa461b68eb,Monroe's
store_5634121610517295,STARDEL
store_7871d90d61292452,Greenwich Bay Trading Co
store_6557035ac1adea3c,Daggett & Ramsdell
store_8ab642e300d0aa9c,MAXCLINIC
store_456184ced4126ce5,E-Cron
store_ace893fb2c9553a3,Johnson
store_e6365a3f537948b4,Bijoux
store_0c656bd71bdebcf8,WUSHU
store_eb89c96cf6db0bbf,SCOUT Cosmetics
store_9107d264f4ef2446,EARTH CHEMISTRY SINCE 4.6 BILLION YEARS
store_4e8213445cf50d56,CLKJYF
store_7a2485958aa9e030,Lemail wig
store_26a02e27936419dc,Beauty Gloves
store_0025a5f5188c662e,Awen+
store_9514f167b2480e6d,PartySupplies
store_19685fab59322135,YIMEI
store_d4641d22ffa2d979,Simsly
store_cb609c362acbf052,Senzokan
store_72f7d02530ba0995,CestoMen
store_c70b5ea96e4eb7ed,Duromed
store_d3369072be6ca4d3,HML
store_d7d9195ce0329c34,Peakright
store_548a906b2f6d9120,BCHR
store_3faff6182ca31b00,Liberty Now!
store_81a9d61bfb86170a,Black 'n Gold
store_784b4b419b06d9da,Kurt S. Adler
store_08eec3bfc93641a8,Xuchang Harmony Hair
store_24bc0d75c99114d6,xhorizon
store_5a24bfc1fa086154,Nelabula
store_f32fb75adad3761f,SteepFit
store_f5af849f4d8e5f18,FFLEMON
store_5c6b78003d2384cf,URCGTSA
store_6daa07b178964beb,Halston Z-14
store_9cb99a1eb3dc2aa5,Label.m
store_2811b3f35fa8a773,PEAK 10 SKIN
store_5c000859402d9a97,Prep U ;
store_2baff241736ed98c,Woobamboo
store_ac3a820d5b4efd04,Jomocare
store_188c9e545319e3b8,Sleecom
store_43c9a708aec6f878,Kaytee Products Inc.
store_4d3e88224ca78b43,Premium Duby
store_c8c966b1d88b4d64,shake beauty
store_deb9ebc908b15e5d,c. Booth
store_db3c11f777a6669a,HMLNSHOP
store_a731abd46501d44c,covus
store_b0d698668538e20b,GGENERIC
store_18504ec45df31875,Wet 'n' Wild
store_da3ebe0c242b1dfe,Jarchii
store_e2283f0e443edc71,BriLove
store_464b6002d8d3f566,Eforstore
store_40c3cadfb2fb95cf,JONEL
store_122e7b684b7d31bc,Huiles & Sens
store_24cb3526269964e4,Body-Soul-n-Spirit Wash Cups
store_1a4c3cd5a0d4ac63,i play. by green sprouts
store_ea652e1e1b6738c6,Franco American Novelty Company
store_e4c2c526053dd16c,UrbanSpecs Readers
store_b42ae87835cc9284,Clevos
store_c9e3ad7104874164,Suteng
store_9d07f5e69a40506a,bioInfusion
store_ca8f773a0e0a6eb9,ALXNAN
store_567eaed0b2a81931,Noble Otter
store_0e78c034a5f4ef1b,tom hair
store_f283d138538358aa,BeYOU Beauty
store_5b62519056b82ee7,gLoaSublim
store_60df0b0f337810bf,MAYCAT
store_43d0a159a25ec953,Meiji
store_3a90ec166204c235,LKJYBG
store_57b4fcc0b1305404,Arimino
store_2af08a80d883be97,Greenscape Organic
store_7af46676f8bb48e1,LALANG
store_1405df66cbe219b0,BASE
store_84c6606ff03a9215,Mibeauty
store_10874d08e5e7bc08,XIAOYAOJING
store_188a96cf010cad78,King Horse
store_050d859cf653c3bf,Justice
store_8162871eeb07d6c9,Ajacry
store_6ca6e52531099b77,Ucland
store_25698752152d3fc0,Flow.month
store_e20e657e2723ee75,Qlenkay
store_10f1bcb4f6f8f1cc,RXBC2011
store_ecee3b2b8a5c3ecb,Topvan
store_5d094725272c7b4e,Sara ABT
store_68cfdb1a062980e2,ELISHEVA
store_d960d4afb1c78e06,Apagard
store_beaf54bb454028b9,SHOP GIRL
store_817e67a315f6b412,Homegifts
store_ee9e6f7ff9f44a6b,Apofly
store_14dd37b6d88de124,Ankle Nicexx
store_da604b6236befbd0,Montana Emu Ranch
store_fe47dc261b510dc5,Alconox
store_7e57ad8ece83f39a,Ibiza Hair
store_30db84742d6923ed,YZJSM
store_851efe02e1167926,GEORGIA LOUISE
store_2427ca2fcfad998d,BushKlawz
store_c92415c84ce26f62,DAVID BECKHAM HOMME
store_297c76bc42c9428f,skinlover
store_5760ab373c5c89d3,Envy
store_ae8ebd6b89b2763e,ion de
store_f2a0ea526e7a3fab,K-Elewon
store_7392abe8dffb3755,teko
store_35cf992dd053870d,Gagaqueen hair
store_8fb46388c5677f4a,COWINTIC
store_167a0d867f2fc673,Sheswai Lacquer
store_7cc2e07dff315648,MISS SPA
store_aad0fe9aac908883,Mangiacotti
store_d6abe290addc0301,I-Lites
store_d09f4293a4c2e728,Care+
store_328e396381313c16,Roberts
store_4726821459424268,BIOAQUA
store_8d5cf1bb61167411,GUA SHA KRA
store_14b6e01b5078482e,Making Waves
store_1f1d9d1220be8ab4,Autobestown
store_ab43d20d36892ada,Posner
store_03cf919a9446d5d4,G-Ahora
store_5ef61896e6a557df,meilifang
store_f81d5a9344869f20,Organic Indulgence
store_47180221583970fa,YOUNGHANN
store_058ce4d08fb52050,Ranana
store_a734df93de047e81,BEAUTIQLO
store_a6fbecfa5283dbb6,Cherhi
store_16d993583262ee5e,"UPD, GBG beauty, Jojo Siwa, PG, Firefly"
store_047ef1fbc0bd4953,DAWEIF Home
store_bd76c6c33e381d51,Edwin Jagger
store_596b3ccb453bfe2c,KERARGANIC
store_465e13582b0ccaf2,huansheng
store_9d6b35adffa72bce,Batha and Body Works
store_cf00227dd6225bd7,DERMA-E
store_aa60f9fe144acaa5,DIGIWAVES U.S.A.
store_8e353e4a38a9b687,Healthy Sense
store_9cfa9c7b5deaf00f,Tanamera
store_e0049c11b4483263,Beau Gel
store_bc9800b9d52a24cc,Andre
store_e3e3c03943393af8,WYZworks
store_d6a077e78431cf32,Scandinavian Formulas
store_fc7866852061730b,MsthooWig
store_be205f1ccde53379,Nutiva
store_30723457e5e91a2b,Lorenzo Villoresi
store_8cabc686a1fbaeab,Nina Ricci
store_75f3709c8e796d13,RB Distributing LLC
store_c729f6a31ecf5ef1,Silky Scents
store_00cb8b501e53fc61,Cydraend
store_f7d246071bb3fcf4,SALUTUYA
store_7580e82bddcc4f91,LEGCÔME
store_99c88b3e1e455d20,ACWELL
store_91a7c7bd565f7f4e,Arran
store_6565c7ee0f420680,QUEEN VIRGIN REMY
store_38fbd39ba849334a,Chardonnay Wine TherapyNewRang
store_716e9b9aa122a06d,Rose bud
store_d72682f5b6fe9c40,MZ BEAUTY
store_37209927fa0339ac,Venique
store_a86ea0d73bfdd62e,FIXBODY
store_1b0b700c8c2be668,Suprwin
store_26e11b7262d55095,Joan's a Keeper
store_f5e50cb06daa1878,BYETOCE
store_604a55e1cbd54939,BeShe
store_24251c5a8bd3be2e,Donmily
store_0d00c1a475f1f6c1,Kodiake
store_bde26c08592de307,Denero Home
store_df1abe32b70fc38e,Kislemon
store_f77f913b9d0cdf87,SUPER STYLE
store_555693c21b14723e,Real Sic
store_17340011665edd4c,Cellubelle
store_bdfa470bfcc36fde,Cubitas
store_9a1eebd7112cdf73,Basifoto
store_f28c872a6e803aca,Face Secrets
store_7ca9f1e732c90382,YouSkin Naturals
store_b1a6d656f1a14ef3,LITTLEMOLE
store_dbb118d0d590b27c,Morrie Molly
store_8ccd57508661acf2,Mallofusa
store_d52c361205cce493,DAXHU
store_15e377e22691ea6f,Regincos
store_dcf957dfd4c3ede0,Creative Hair Brushes
store_8ef9944e2dc53916,unner
store_74326c17d67a31c3,Aprilhair
store_94e384e39e94b85b,retro co.
store_2ac0687d213d79cb,National Periodical Publications
store_a6e072b2529b7c72,Dermaclair
store_12d90d7846184740,JOYAL BEAUTY
store_871a8ed1bf60052b,Nyidpsz
store_60cc8978caf00290,Konobeyi
store_48abfd85b8a85d1e,Procter & Gamble Health Care
store_54075302bc4236d7,Consonant Skincare
store_9bf2e52cd6d3252a,SalonSmart
store_fe597f60c47740b8,sisley paris
store_559a8482ef61a331,YUYTE
store_54c2e052a4c6011e,emosa
store_bc2096a958cdffaf,Eden Classics
store_71d22fa52d5893b2,KZEMATLI
store_85da9905f9a5c06e,Shakira
store_44759ca3224bf25f,XCXINGJIA
store_d20303275aee981b,Green Esthetics
store_544f661f5565c453,I.N.C. International Concepts
store_7a058481b8d9d04c,Cynthia Rowland Beauty Systems
store_9d9882d53381b63e,Kiss Me In The Garden
store_9821d8bbe19462d6,ALONIE
store_620aed8db7aae0d8,Udi's Gluten-Free Foods
store_8b2b1f47e5e00a03,OCOUYVD
store_7170e33a0ca09fc1,Sundance
store_95aba9703b022fe5,Elaine Gregg
store_c371918a99388742,M&D Industries
store_610d222013bb551b,ORGANIQUE
store_ebb377dca2fa132a,esfolio
store_965407112af14473,ROUTESUN
store_7c47b854c88034a4,YesJYas
store_ebd221811a2b6b72,E-busienss
store_6ac3d665298675d0,Girls und Panzer
store_e87d207f916bda98,Luminira
store_b840bf086174d611,Black and White
store_216ebc0410a8190f,Yongyong
store_1f66a6a72f577ef0,Tinffy
store_9f681880033dd9b8,Streamline Discs
store_f2285a55996e0430,YAYA ORGANICS
store_cd63b0c002068ffc,PRESTIGE COSMETICS
store_9f0c017f4d36f908,Gxcdizx
store_d0f6611ba1c25feb,LETB
store_6238206df0b86ce3,NOVO OVO
store_39b43881c3bb850c,ETA Cosmetics
store_aa2315598f59ceb2,Winx Fairy Couture
store_853f905e49ff02df,AVANCÉ
store_a0017a267e7357b5,Disney Frozen
store_7777a1ed2aa94653,Leisure Curl
store_c344a4872fc5a46f,Gbrand
store_8045f0f3001d7482,Zuvy
store_faccefbfd9ff2f60,Satin Edge
store_e4b3d1fe5fc69fa4,vitellines
store_b4297c247b6888ea,Miche Bloomin
store_18c8709a7c58eefc,SweetWay
store_b96f93a5a331e142,BAYJOY
store_a0b083ad75c98b3b,TSK
store_62b7fc1e882e6814,garb2ART
store_f12658b0b4235b2d,Spoiled
store_d5d25da2b761e3ba,Sinfulshine
store_de8cefb39fb77f88,Miss Luxe
store_816b31b9e10c7ce3,KIRK'S NATURAL
store_0df498c232623d3e,Jatai
store_7621a1fbaa0752ec,Its a Wig
store_e1983919a69ce4a4,Roxane
store_701ff461d659c49e,SHENBOLEN
store_31cfd6576a3dd821,BeautyBreeze
store_42b750d9c71e0145,DiexrLamx
store_9edd2cf07d752fab,FabFitFun
store_38bd665ba93e8cc5,COTTVOTT
store_4f7acc4a478d8957,Refresh by Re:NK
store_6c8aca065b0904cf,NDED
store_39c07d4c2fdd0701,Sunee Hair
store_fa21a5c0b5099105,RISSING
store_857d402b8c003168,Tocca
store_a9406e70b4ec33ec,PrimeHousehold
store_c640b3206bd4c191,BBinfinite
store_369937d6d1b20069,Magic Moments
store_d44bdaf0ed77ad86,Nike
store_010d6656d1d10330,PottySpot
store_d3d8476fea3cd017,A'PIEU
store_3d6ed8915645ea75,Fivebop
store_52e73100b14266ea,Vrose Flosi
store_5554d5f4a0cf4c29,Muses Poem
store_5826fa9385d8576e,Zury Sis
store_774d6c1f0236bc50,Leaves on the Way
store_13dc9a061a711f11,GenMo
store_2a04dc2baa977fee,Belvah
store_1df3c2b0b801c745,Pop Beauty
store_344d90c502f7e2ad,AshopZ
store_2811bb8383c08e40,Xmomx
store_1f4571ddff11bcad,Special-Shop
store_08ad9df92888ce68,Abetta
store_c8c96007ad087709,itcsmtc
store_20c5d8b0d3449afa,Spyder
store_da7874969d14f4d3,ZTATO
store_c0dc05483d41e7c1,Matisse
store_d084e8bc540bc8b8,KellyGiftCorner
store_1ccbadceaecff270,Pixie Cosmetics
store_50797091d673c190,CBROSEY
store_9a2e10dbc53b9b14,YABINA
store_fbb0fbaf24192547,MUD - Makeup Designory
store_e29585ea6e98bd1f,HappyHapi
store_28574d86a88d4fc4,Chasty
store_92e4fe3d79c6562d,Megpo
store_afb41ebad012d3bc,L'Epi de Provence
store_c433859f4ec4bad3,rom&nd
store_b2bcde04224c5045,Developlus
store_496ab759a9f2179e,One Minute Manicure
store_967f62ee422d20c5,Crystal Banyan
store_7501bb0551bfba74,Je Taime A La Folie
store_9eee067366e469de,Waldd
store_b64c2a0408c0cc4d,BLUE ELF
store_1ca7a1a1155d957c,GreenLeafTech
store_0c58da9d57a01ee0,Kiwi
store_12ad995ce3932e9d,Honey Belle
store_a1aa411d527fc02b,HPG
store_0712a02be68ac720,Picama
store_7cc716fd16b4c024,Hermosa
store_c8deed0f8eeab58d,SUPEREAST
store_1b33eba9cc34d15d,AmazingBeauty
store_30895c711805294d,Herbalife
store_52721e513a3be4f5,opphome
store_2dd96f8924171746,NEJLSD
store_c170b923e736d9f9,Lassie'el
store_7fa1a1c5f70a1505,South Of France
store_683f0d2c099973d3,Morgan Miller
store_b82387c5924a22ef,DEDC
store_d021e1b4ee0a14e1,6Feeki
store_e0cd9f9e0720a06a,M Bridal
store_1fedd49ca2f1c8a1,Cindy Xiang
store_7fc336561d28ec1c,HER NAME
store_41dc4bd33c4c79d0,Joe's USA
store_7ff25c43c271b7e6,Kilian
store_adbf2abeb105e294,PayLessForRetail
store_de471946103842ff,Calabria
store_f1d890ec434401d9,Supredo
store_8c43b21c63f8b5e8,Natural Essentials
store_89468ef6aaf4924b,Emlin
store_8c975669a35c801d,Alirina
store_ed8682350b01c7c1,Random House
store_2cc87ce8146bda2d,PAFUWEI
store_c4bbb1436fd9ac26,Böker
store_732d5909e9424c23,ELEGANT
store_11bbc37bf11c0fe7,Revicare beauty
store_072d8630432777a5,Liquid Keratin
store_6517179f5573c8e6,Meja
store_0c96e508d57403e1,TECKE
store_6f4c5ac56d23205e,Making Believe
store_8e0544040db158f1,YOOTON
store_db01d5caa04dc3d2,4EAELove
store_b0acc22229cd7823,Baoblaze
store_8fbb5cc4b3ad7d18,DOMINICAN MAGIC
store_c1a3dec25e62adf4,Gatineau
store_f7749c0c9e92ffba,Rondaful
store_1658a6bb4653bb6f,Billion Deals
store_23296d54192afc9a,Brights
store_effbf9e5fc93cb49,Mealee
store_b97153db3025a88b,BFORHAP
store_96bdbac061c3b1e9,Evolution Salt
store_f3174db81b5dbc88,Jetoy
store_df9172d1f00d1560,GEL LAB
store_0e995eabc6cfd15e,bizofft
store_75dce5e2daf9d6b3,Sounds True
store_dfbe916acbb46356,Ruelala
store_085a1db0d32e9bba,Gangel
store_bb2a52116ef16c81,Ogallala Bay Rum
store_85fb0415a312207e,Miracle Revival Mud Treatment Mask
store_1ef53471f44fcaa9,B-D
store_4f29b40921cb8000,Balsam
store_8df9bf559171ccc1,GEM Beauty Supply
store_04829914d12104ac,MR SHAVE
store_3eebb1bde354b3e5,Anahai
store_ade8bfe6a398402a,MoonshineStillPro
store_03d64c0178e6a764,America's Suppliers
store_4eedab0f586d2aa2,Anushka
store_3adc09b3cd3d7c47,IDS
store_e0541ab27590b504,ANKKO
store_9b9dba2391a44f85,Kymaro
store_3066c1ce0421310e,Carlos Correa
store_9493eb09345e3719,MEGALOOK
store_20592c7fa698ba0d,Meiyite
store_6b8209d39a48fa19,Albane Noble
store_45cf0eebf9dd9fe1,Charcoalogy
store_784c1f9eae49f16c,Arvesa
store_19073fe11c0e38ef,Rosemarie Collections
store_077d7b65e093b36a,LEJIMEI
store_9cdfa57929ac27b0,Weleda
store_ba2ea4bd207a94a5,Nova Fragrances
store_c2abcc8463ba567a,MIPAHI
store_2ffe9aeaccadfd64,Cici Collection
store_ee63de610e542592,EZE
store_180d556043951f6c,Ksndurn
store_61ccc148e1d8e7d6,Apothecary
store_cb65e45825ef7ba9,Ruixin
store_56dab141d279ccaf,Cyber Scents
store_6624f8475de51943,BQ HAIR
store_3eed42eff874037d,USA Signatures
store_d6cf7edd54dfd4fe,La Riche
store_63a8171bd931c5dd,Touch in Sol
store_cdedbaf433217656,Lee
store_8eb2e1376a7a8464,Lea Black Beauty Sudden Youth Lift Complete Facial Treatment
store_fe3709ff5dc7615e,BEYONTH
store_19ef43e2705cce0e,xfqwbd
store_04675e24f406ab15,3M
store_06e5e6eca36b22e5,Armstrong
store_224a1835a3d9b28f,The MarbleMed Incorporated
store_17a99c915d1cce81,Katedy
store_dfa72f8b68bccc87,MAMUNU
store_8723f855cf7f998d,Big Happy Hair
store_66815ba357c84d32,DeprozeaBeauty
store_443ddb8fecd847a6,GIAOYAO
store_ffc9b3236112a210,350buy
store_2c26aa43878620de,GLY
store_90d4186ea8fe60f3,Juicy Couture
store_ff1851556b23af85,Mystic Moments
store_b15e2bfc9876b2ed,Fruitful Vine LLC Clean Fresh Ideal Products
store_9d4f4ddcde491027,Charter Inc
store_df2ace47a37ec4f7,C. S. Osborne & Co.
store_a4d3e30a234b9b16,Bwbfvpw
store_6b5ea28c5fb732dd,MegaJoy
store_6d489c6ff8db5503,ROSYROSA
store_8e277f98528ac87f,Henna-Si
store_40ab205030862591,lmzy2020
store_16758e7ca5533fbb,Skin Illustrator
store_5f2c730fbcdb532f,CVS
store_3cc3836b62834850,Bloody Mary
store_ed15b19993766352,Natura Mr. MOTH
store_7d1392e197e40999,The Rave
store_e49708d7359d2aeb,Beautypros
store_89cf85901039ded8,Beauty Skin Lab
store_c89843b5331c26e9,Z fashion
store_d54342ec6e37b9b2,Sew Grown
store_60a222e1f22039df,Bonketory
store_44479e517533d449,Resveralife
store_d644218531b30ad0,IMAYLI
store_02b932a78f21ecd6,Trousse Perfecta
store_dcf24fd59f7345c2,LABEAUTÉ
store_6268f0acfd210c4a,Yokawe
store_794277b67c6da818,Auony
store_fdb390fe1e0c383c,Vivace
store_5268d98d2e290401,MOLECOLE
store_81b5c223ba36a28b,rdhornbill
store_5b244f2e72dd9de3,ASVNRES
store_1eb1f0dd144a987b,NUBOND
store_6ea24c1152e51b01,Dr. O'Duinn's
store_11f2acb55e4791fd,SJ Clinicals
store_4392cfca337209fd,KATWIGO
store_9a22411bbc8d57cc,N BLE STAR
store_039e13a6e7694c64,Snoblass
store_4cb6abc757278f30,BACKTOBASICS
store_75410948d02d4744,Laube
store_1694854cc973cb6d,Charme
store_8db840be620ff8f8,Antonym Cosmetics
store_70bc1cedcd7459fd,Beyend
store_58a7a5322b5d38ba,Usher
