attribute_id,name,value,attribute_type
attribute_791306d99c6c2df4,brand,howard products,brand
attribute_cf5ac59fc5a3e8fe,brand,levine health products,brand
attribute_f03aa5d3452da917,color,black,color
attribute_e451436c000343e4,brand,yes to,brand
attribute_9e51203668df76d3,skin_type,acne prone,skin_type
attribute_c301b5888660fbbb,texture,powder,texture
attribute_e173c0208586d895,size,10 fl oz,size
attribute_7e09de9ee53b7d37,size,5 fl. oz,size
attribute_6d38ebc2e74c4cbf,brand,cherioll,brand
attribute_fc6db98750f95668,skin_type,all,skin_type
attribute_794801b1361498e4,benefit,long lasting,benefit
attribute_7912feddd59b109f,brand,precision,brand
attribute_3b630902f26f923d,size,93mm,size
attribute_3c49bc8dbb3e6bde,brand,lurrose,brand
attribute_526cb14653c00ed8,material,acrylonitrile butadiene styrene (abs),material
attribute_2f1a556d86dc40bf,color,as shown,color
attribute_436a5a52435e900e,size,large,size
attribute_bd4cfe5b5b94e967,size,100pcs,size
attribute_c9f5bc47b000ea44,brand,edoneery,brand
attribute_4473db570896b2ec,material,silk,material
attribute_94d7ddc6afd2a95c,size,1 count (pack of 1),size
attribute_15fc1d77d75205a5,brand,maitys,brand
attribute_1b00c776edc10fad,color,clear,color
attribute_601f0b71ab06a2de,brand,geyoga,brand
attribute_eb4e8ecb40c2c87b,brand,getmore7,brand
attribute_b282014d7c84d09f,size,1.5oz,size
attribute_edcf84a7e268bb42,brand,balmain,brand
attribute_04bafd83548381d1,texture,spray,texture
attribute_d7b531d83ba03f81,size,90ml,size
attribute_dade4590d7137f15,color,gold,color
attribute_96d9328f52d10ba5,product_type,eau de toilette,product_type
attribute_9c1ef1d8e595f68e,scent,gold musk,scent
attribute_c15c9d8547cf1f88,size,3 oz,size
attribute_111636ee87b377f4,form,spray,texture
attribute_ab77118a8e8c9181,brand,avon,brand
attribute_b96630ed250523ee,color,brown,color
attribute_e7931a1d3bfe18c8,product_type,mascara,product_type
attribute_358b7c417c4d0cfe,brand,brrnoo,brand
attribute_64e1b604d8fbc982,material,metal,material
attribute_a3e15900fc78187c,hair_type,all,other
attribute_2ac91817c6dc2ed6,size,1.00 count,size
attribute_174b54de7122ff6f,product_type,beard comb,product_type
attribute_91f6f67f0d907219,material,stainless steel,material
attribute_4d4dbae193cde8b7,brand,buytra,brand
attribute_5f4d23ea2953441b,brand,chloe,brand
attribute_68471a2791d5edf2,product_type,fragrance,product_type
attribute_dd4fc84dc1ebc789,scent,nomade,scent
attribute_caf7cb75386c5541,brand,dingxiu,brand
attribute_a8d80fb2270ca2ab,size,100g,size
attribute_23826e2eb6d2e1c8,brand,biomiracle,brand
attribute_c4f35b4bf51955d3,scent,apple,scent
attribute_da84be739250c281,texture,sheet,texture
attribute_61aaf750d3bbc379,benefit,hydrating,benefit
attribute_40d1720424886e63,brand,ppy,brand
attribute_106eb31d0ad8769a,scent,aloe,scent
attribute_1ab4b8ffdfec4f8f,color,white,color
attribute_a82901f032607ff8,brand,nadula,brand
attribute_0efeb815415e9186,material,human hair,material
attribute_6285d96f3d997d87,hair_type,"curly, coily",other
attribute_ec1264b4311e7b7e,size,18inch,size
attribute_821cb6816ee3a815,brand,wixar naturals,brand
attribute_7b6b1771f993381d,skin_type,"oily,sensitive,all skin types",skin_type
attribute_7769c6877844280a,scent,lavender,scent
attribute_9ec11ecb096b876f,texture,bar,texture
attribute_b72bd63956647c5e,size,2 pack,size
attribute_812aeb380781c547,brand,virochemistry,brand
attribute_70948989c95ee1b1,texture,liquid,texture
attribute_1855f0b8cc7d9dcf,size,1 fl. oz,size
attribute_07395bdb7106a060,brand,ve sunny,brand
attribute_3c6b220fd942dff3,hair_type,straight,other
attribute_5b1aa15c3db9fb4d,size,7pcs,size
attribute_b1ff9acc49efb41c,brand,toodoo,brand
attribute_61ae9fde35bd1c6a,brand,muaowig,brand
attribute_5a1bb5553d3d4fbf,size,14 inch,size
attribute_a64490da866eb222,color,red,color
attribute_727722260bf8629b,brand,astraet,brand
attribute_b8a0a3f33c239949,material,rubber,material
attribute_2f222083c2390ce0,color,pink,color
attribute_bef2b14bcb7793ba,size,10 pcs,size
attribute_ca5d2590a05cde70,brand,elbt,brand
attribute_47ac658bd11eb7df,material,emery,material
attribute_f907d3441c6a198a,size,12.00 count,size
attribute_8f250fa9db0de2d1,size,12 pcs,size
attribute_e53357e05e60758f,brand,yun mei hair,brand
attribute_cd744dd77d211b38,material,synthetic,material
attribute_f5014e73afcc8131,hair_type,wavy,other
attribute_86ae89fc7aa016be,size,22 inch,size
attribute_38e3086b5aca3164,brand,garnier,brand
attribute_55774c5f29f3f538,size,6 oz,size
attribute_517aa8e1819bf655,brand,bewave,brand
attribute_b5e40193f5860fe3,hair_type,curly,other
attribute_470a556776f50b39,brand,borelth,brand
attribute_902031c04e676933,size,8 ounce,size
attribute_052ce7985c13ac7d,brand,enjoy hair care products,brand
attribute_a2904fe41b8dd4a8,size,8.8 oz,size
attribute_428895548273a05f,brand,windmax,brand
attribute_22ec6f2a1cbb85bb,brand,suavecito,brand
attribute_8719400aec8afcb6,texture,wax,texture
attribute_5f8f3c63aaf70687,benefit,"this water soluble pomade offers a medium hold and medium shine without any harsh chemicals, stiffness, or flaking.this water soluble pomade offers a medium hold and medium shine without any harsh chemicals, stiffness, or flaking. see more",benefit
attribute_8204c65e7d25e84e,brand,co-t arbrend,brand
attribute_89ea3446024bc3e6,size,3.3oz,size
attribute_09669b02b50a53d0,brand,john frieda,brand
attribute_a520aac71d9029b5,scent,coconut,scent
attribute_d30c28845025b090,hair_type,"coarse, wavy, curly, dry, damaged",other
attribute_fb55d1a8586f165b,size,8.45oz,size
attribute_b559e0b425310383,brand,sharonelle,brand
attribute_fbd8936c219bb836,skin_type,sensitive,skin_type
attribute_dd9b31d78e9809bb,size,4.00 count,size
attribute_9f6ab3d754f50b65,size,14 oz,size
attribute_d385eace3210dafb,brand,voronajj,brand
attribute_9998b8ec16b62de1,size,1.0 count,size
attribute_262df0ad1c73df40,size,0.09 oz,size
attribute_424868539ca32a82,brand,dufy,brand
attribute_a4c89b175b4a937a,color,"colorful,rose",color
attribute_4605c17108d26df7,brand,dionis,brand
attribute_85cfb540c741ed1c,size,4.00 tube,size
attribute_4625b95d17bc0d6a,texture,"foam, gel",texture
attribute_77e7cc27560f239f,size,8.5 fl oz,size
attribute_b6fea74f81249b78,size,250ml,size
attribute_d0c83201683f12e5,brand,100% pure,brand
attribute_a0636dc79f8c74e6,scent,"orange,mint",scent
attribute_2b77f13bdb4e3e9e,hair_type,dry,other
attribute_07d9c59deba37257,size,13.5 fl oz,size
attribute_675c6e56808fd55f,brand,feiding,brand
attribute_16124023b138faf3,brand,agoal,brand
attribute_47a7889ca46a55ae,brand,shiny leaf,brand
attribute_ea80465d7c62b636,scent,almond oil and fractionated coconut,scent
attribute_1dffaa257c5c9706,texture,oil,texture
attribute_c1290ddf3a99a528,size,32.00 fl oz,size
attribute_de72d18517cdc29d,size,16 fl. oz,size
attribute_d701f6f2f5f2f333,brand,cherry,brand
attribute_2e6ac263509bc4c5,material,glass,material
attribute_cc853181e1d73030,size,16 oz,size
attribute_14e4d38737e92288,brand,cloud 9,brand
attribute_c76bc905aee581ea,texture,capsule,texture
attribute_e28d4ccc189295e5,size,2.7 fl oz,size
attribute_503f3dea5aba53ac,size,80ml,size
attribute_609e1b68106c9182,brand,raven moonlight,brand
attribute_857b022ce8efd21b,skin_type,"all, sensitive",skin_type
attribute_b81357a2689f75fe,scent,white kaolin,scent
attribute_3fc21992a4f08219,texture,clay,texture
attribute_128132a01aa4015e,size,1.0 ounce,size
attribute_0f92b65079720be2,brand,lamjad,brand
attribute_f8568cc69f9cf359,brand,rpp,brand
attribute_ffc48dcc3d2619ea,size,2.65 oz,size
attribute_b873c13e866ba19e,brand,serge lutens,brand
attribute_7324d0a3fc511f5c,size,03 oz,size
attribute_dee05eb195f8134f,brand,neutral,brand
attribute_3b7ac1f5723302dd,brand,house of armáf,brand
attribute_8fbb8e90dbaaaf09,size,3.4 oz,size
attribute_3693333570d510dc,brand,vedory,brand
attribute_ecd13d995fe7b527,size,5pcs,size
attribute_cb239c4a2f91633f,brand,gojo,brand
attribute_5fa99532ae1d5654,brand,derblue arbrend,brand
attribute_4e9409e110db9b7e,brand,lily of the desert,brand
attribute_ed839b819b8f8482,texture,softgel,texture
attribute_c2ee456cf9bc2f6c,size,32 oz,size
attribute_3e1f1681925b9e91,brand,norelco,brand
attribute_7c8f8ab7abfdb902,color,metallic grey,color
attribute_d1159741c771da2b,brand,cosrea,brand
attribute_fbae1ef82d3ba923,brand,easyouth,brand
attribute_003fa00e3406d5a6,size,20pcs,size
attribute_378b795c1cfb43bb,brand,benehair,brand
attribute_bd988b477728c9cc,size,14inch,size
attribute_b18ba4c239e2f620,brand,glance,brand
attribute_3d5c88588d5742ba,brand,aj wholesale,brand
attribute_23057a09ff44b40a,brand,bce trends,brand
attribute_38740edce505787c,color,blue,color
attribute_b4b0f32ebc93bfd8,brand,tuklye,brand
attribute_6b8d30ae2d0aaebc,material,"acrylic, acrylonitrile butadiene styrene (abs)",material
attribute_9441402397455d8b,size,24pcs,size
attribute_ce6ff15e5fe0efd5,product_type,press-on nails,product_type
attribute_b35bc3a5a95c4178,material,acrylic,material
attribute_064988faaf480bdc,brand,pureluca,brand
attribute_a40817a7f6ffbe50,texture,scrunchie,texture
attribute_ec059e792e40c5de,size,4pcs,size
attribute_983b68797125dd92,product_type,scrunchie,product_type
attribute_6f92b88b01c4f521,color,floral print,other
attribute_faf979ae36c48940,brand,lechat,brand
attribute_42f2ef53eef1b341,texture,gel,texture
attribute_75175b7ee4158629,size,0.25oz,size
attribute_305a57e6906a069a,product_type,nail gel,product_type
attribute_88fab22610aca721,item_form,gel,texture
attribute_e19004220e56b33f,brand,wislibe,brand
attribute_0a045db4ea92a37b,brand,thierry mugler,brand
attribute_cae5d609508b8082,texture,lotion,texture
attribute_cd4fa092e1bdb111,size,6.9 ounce,size
attribute_7536143722dc9cab,size,7 oz,size
attribute_c7e28b0030dad551,brand,amope,brand
attribute_7c4c7aafe8c8f563,scent,macadamia,scent
attribute_d6f11db010f4fb38,benefit,smoothening,benefit
attribute_9f0d37f22dcfbeb1,brand,yygy,brand
attribute_51612ed7068aee26,size,26 inch,size
attribute_5e0eabb9aa8b7098,brand,jxueych,brand
attribute_8a40d7d5095ee24d,material,fabric,material
attribute_13477ff297e7b3c0,color,"multicolor,white",color
attribute_cbdc7d1bb9fcc5fe,brand,reskin,brand
attribute_89e161eb3cd01ee4,size,10.14fl.oz,size
attribute_85ba7aa072fd1a67,brand,havtyyise,brand
attribute_3e9fe60242a50314,size,31 inches,size
attribute_caa07b7cad9367c0,brand,lifetop,brand
attribute_cc249886fe96fc7a,benefit,"softening,pores,exfoliating",benefit
attribute_6f177f542ba847e3,material,bamboo,material
attribute_3fed0fae4f0e5c97,brand,wxj13,brand
attribute_525d5eeb0c4a5d73,texture,clip,texture
attribute_7ad6c3de42bc251c,brand,uxcell,brand
attribute_960c62985c1f0d48,size,5.0 count,size
attribute_68c0b5a87be34436,brand,aisi beauty,brand
attribute_5d246dfff47e340c,hair_type,"wavy, curly",other
attribute_9c9d9eadb3298777,size,24 inch,size
attribute_220df82c8f43e4dd,brand,yepei,brand
attribute_4ca1f2551c24976f,size,150g,size
attribute_17e8fdc5197bb998,brand,daxile,brand
attribute_f518ba21b404ac85,brand,umi,brand
attribute_fa45064c5442d9ec,brand,naked nails,brand
attribute_2620fa22e76cff1d,brand,kemeisi,brand
attribute_926bb61ed0c3f1c5,brand,mowiglux,brand
attribute_fa047c4875a87361,hair_type,"curly, afro kinky curly",other
attribute_53970d2893b22d59,brand,face atelier,brand
attribute_38e405a05acf3a49,brand,clear essence,brand
attribute_7d31d2360b37b4e6,scent,"lavender,rosemary",scent
attribute_af71680c3079f29f,texture,cream,texture
attribute_0dc3f98a533eef51,size,8.0 ounce,size
attribute_ee0d0f918d1be7e5,brand,emirde,brand
attribute_f08901d1e326f62f,brand,funny girl designs,brand
attribute_54eb6091119ccfd4,material,"silk flower, cotton",material
attribute_22e882d1289e5938,brand,dienalls,brand
attribute_a9e53a75b46f773a,brand,remington,brand
attribute_83da3fa146ced529,brand,suave,brand
attribute_66775ae2ae3e78b4,scent,fresh,scent
attribute_df83a540969e6cbf,size,12oz,size
attribute_43e655d9a10664c6,brand,nlcac,brand
attribute_056ad6b880d33cf9,texture,wrap,texture
attribute_53634f6f2aad04ec,material,"polyester, cloth, plastic, cotton",material
attribute_22a474fd7486987b,brand,miss u hair,brand
attribute_bdd5a57bdca476d3,size,50cm,size
attribute_5c7e38781ffcc3cd,color,purple,color
attribute_28d4c784d4297439,brand,african pride,brand
attribute_95a9fd651f0cd577,size,2.25 oz,size
attribute_46a55037d00ad97d,color,silver,color
attribute_1c11df092c7fcef6,scent,citrus,scent
attribute_1dee09196e1d57f4,brand,philips,brand
attribute_9db79c4611d12e22,brand,qthair,brand
attribute_4d100a054f1efaf0,size,300g,size
attribute_70789f71935f1fbf,brand,anbala,brand
attribute_bfbdb0e2c8ea5eb4,material,"spandex,rubber",material
attribute_d96eb9af9700f520,size,16.00 count,size
attribute_46f81f3ac5545e1f,size,one size,size
attribute_ba368ab3d995dbfd,size,16 pack,size
attribute_4ed0cc3e49517332,brand,avena,brand
attribute_3eb7fda6fcb855d6,product type,bath & shower gel,product_type
attribute_a891b897e0de1a83,brand,specialized care co inc,brand
attribute_92ce69886504402a,product type,toothbrush,product_type
attribute_fdd202fe86451f14,brand,revlon,brand
attribute_d1aa821e012e85cb,texture,liner,texture
attribute_8bcf7915883f76c7,product type,lip liner,product_type
attribute_5bba88e98f458bd2,color,mink,color
attribute_02ed94db9b5d9d14,skin type,all,skin_type
attribute_e28f6900f2fb3299,benefit,longwear,benefit
attribute_1f5a050690b5f68e,brand,mererke_pretty,brand
attribute_2a5fae0136994878,item_form,liquid,texture
attribute_65b747218578c079,product_type,lip gloss,product_type
attribute_f66f084b52258187,brand,osrsr,brand
attribute_4f44fd11012d3b46,product_type,facial massage tool,product_type
attribute_baf9ff0260dff832,benefit,reduce puffiness,benefit
attribute_b17620673a4feca0,benefit,shrink pores,benefit
attribute_f1938414e04389fa,target_area,face,target_area
attribute_f6d39f19a035585c,target_area,eyes,target_area
attribute_1505c5a39a9eae32,target_area,neck,target_area
attribute_b53a727d5fdd233d,brand,jinshiband,brand
attribute_2ac86085c16fcbeb,material,resin,material
attribute_3fa28e4960368bc1,size,small,size
attribute_7479fde1126b6127,product_type,headband,product_type
attribute_4d4df30ea419824d,brand,xingqing,brand
attribute_3c2e2f6bd806e15f,size,1pcs,size
attribute_5ddb52ded76ffb08,brand,jpnk,brand
attribute_703a408417ea8951,material,plastic,material
attribute_0f45f2632c4e6fb6,hair_type,"wavy,straight",other
attribute_71a38da13f2f676e,hair_type,"wavy, straight",other
attribute_929f2e2115e1be19,product_type,comb,product_type
attribute_a9e0c010e30484ff,brand,jolitee,brand
attribute_6329855376bd6cb5,scent,"lavender, jasmine, rose, chocolate, chamomile, verbena, lemon",scent
attribute_9183c5a68e682841,size,6.35oz,size
attribute_152c973c88764e88,product_type,soap,product_type
attribute_f2d77ed8089fa72d,brand,argan deluxe,brand
attribute_dc076d9f44ce1b79,hair_type,"all, color treated",other
attribute_11e610d24b0771b9,size,1.00 fl oz,size
attribute_06f01cfea946723b,product_type,hair care bundle,product_type
attribute_b36226857e6d1674,ingredient,argan oil,ingredient
attribute_c779ad0e67029f46,brand,wefoo,brand
attribute_b73ee94922a32934,brand,anself,brand
attribute_97ce818f9d78d1d4,material,ceramic,material
attribute_e6e420351e44cf93,product_type,hair curling iron,product_type
attribute_10b11b5d834684e6,benefit,anti-scalded,benefit
attribute_d73ac100dea962e0,brand,calphdiar,brand
attribute_8ba8db87ff92bb46,texture,pair,texture
attribute_6e76972f4469de0a,material,faux mink,material
attribute_16360a0df943cef9,size,25mm,size
attribute_9dbf6b5b147757a9,product_type,false eyelashes,product_type
attribute_fcee54d66d4e8642,benefit,volume,benefit
attribute_0962671d73a17fb7,brand,seajea,brand
attribute_811b9dd414b67c88,brand,feimeng jewelry,brand
attribute_3054779216bf9986,material,silver,material
attribute_b2ab3ca783a685c7,brand,b·leve,brand
attribute_f86654b7149035ea,color,green,color
attribute_ba52e395a256ac2d,brand,shimmer anna shine,brand
attribute_dee51987bcf07b07,brand,paradise emerald,brand
attribute_f6ca3be7322db571,brand,zuri,brand
attribute_bb69160faedc8bbe,benefit,"smoothening,moisturizing",benefit
attribute_76bae4359e0c5304,brand,colorrose,brand
attribute_c20d1434aea1bde2,brand,bvga,brand
attribute_35314a0e21b54063,color,pastel,color
attribute_6ed2012a955320c6,size,7 pack,size
attribute_7ea7ff445e579dda,brand,artist unknown,brand
attribute_ea1c599aa9221b14,hair type,curly,other
attribute_290b9849696f2334,texture,water wave,texture
attribute_c12173c39738b671,product type,crochet braid hair,product_type
attribute_2be0ca42155e504c,brand,bodermincer,brand
attribute_962320cee0315e4d,texture,pencil,texture
attribute_a07c22439c6b092f,benefit,"softening,long lasting",benefit
attribute_ec98695470e2530e,item form,pencil,texture
attribute_4d2fbf302c4c399e,benefit,softening,benefit
attribute_3ee5f26e48402dc2,color,light brown,color
attribute_d23a37976725758a,benefit,waterproof,benefit
attribute_89339957c4204c01,brand,j. leblanc,brand
attribute_8f8dc29f8a9d68e6,size,8 fl.oz,size
attribute_6c1232a90a69bec3,item form,oil,texture
attribute_bdc241d83d6e480f,ingredient,pistachio,ingredient
attribute_8b1c18dc9007cf5f,size,50g,size
attribute_663b2b0f01c26900,brand,siquk,brand
attribute_6e79f6d1bdf2cb50,brand,beauty by earth,brand
attribute_8b329a6097aa07ac,skin_type,"acne prone,sensitive,all skin types",skin_type
attribute_039d4a083bd09224,brand,bath & body works,brand
attribute_c2cdb598f9b6d417,brand,reliamed,brand
attribute_66885ed25dfbc59d,brand,willbond,brand
attribute_208219f6702872bf,color,gray,color
attribute_c5db5995ab0995d9,brand,isaic,brand
attribute_ed5c67af1cffc384,size,16 inch,size
attribute_5ca0eaa845872e42,brand,skully's ctz beard oil,brand
attribute_91c2ba8a4ef8824f,texture,"liquid,balm",texture
attribute_766830fce160dce1,size,2 fl. oz,size
attribute_f196feb4272b76ce,brand,vanessa,brand
attribute_dbb4b768e54a993b,hair_type,color,other
attribute_b0aeeb2db5c0cfc1,brand,instant fab,brand
attribute_34f14c15dd76cda1,material,human,material
attribute_3361884a985c702e,brand,city costume wigs,brand
attribute_377fd0e13200e3f9,brand,essie,brand
attribute_6f793aa50d1543b7,size,13.5ml,size
attribute_68249358eb428e5e,product_type,nail polish,product_type
attribute_57f3b79dfba06688,color,mixtaupe,color
attribute_79bcc179efa5da34,brand,hanyudie,brand
attribute_3267dcd9b69f1483,product_type,hair extensions,product_type
attribute_c4767613f19c590b,usage,clip on,usage
attribute_da59102ae775dc99,brand,very100,brand
attribute_bd5de0669191bed6,product_type,storage box,product_type
attribute_c4436bd9eaae4d75,size,pack of 50,size
attribute_26b151bd18bd973e,brand,messen,brand
attribute_cf2367f7bd8087f8,size,3.00 count,size
attribute_4d032a9626e7b13a,product_type,hair bobby pins,product_type
attribute_39227648ecd5e931,size,3 count,size
attribute_5a87129a6de1d021,target_area,hair,target_area
attribute_07adab90604ad211,usage,wedding,usage
attribute_2164f20b089da8df,brand,glamorous collection,brand
attribute_88295ab0dace3612,size,1 mm,size
attribute_8fa89957f9947839,product_type,nose stud,product_type
attribute_ba7c6ffe0a0377b1,color,rose gold,color
attribute_7a929a8a31688a99,target_area,nose,target_area
attribute_c79e9ccdfeb153c7,usage,stick on,usage
attribute_75e7b3851ac62940,benefit,reusable,benefit
attribute_34d674bb38de37bb,brand,cala,brand
attribute_982b6882e4d8c677,product_type,cosmetic wedge,product_type
attribute_4760eb52804ee5a4,size,6 count,size
attribute_566cd3ce6ccbb52f,usage,travel,usage
attribute_49c87cd672870143,brand,i'm meme,brand
attribute_b7d9fd2113f3e902,item form,liquid,texture
attribute_2476ed5526de471b,color,005 mystery beet,color
attribute_74a4ad4908523a7e,product type,tint,product_type
attribute_98d973fc8ebfa635,brand,x-pression,brand
attribute_369b252f43837333,size,52 inches,size
attribute_8700ab174718f90c,color,99j,color
attribute_09012e865a052d72,product type,hair braids,product_type
attribute_b4beed66526f5708,brand,native,brand
attribute_1eb9b10a94a83c21,size,23 ounce,size
attribute_87b3872db4b89401,size,11.5 oz,size
attribute_fd99a16a1f731108,item form,powder,texture
attribute_62bd139f4c741ce4,unit count,23 ounce,size
attribute_a861bbf0795bea46,product type,body wash,product_type
attribute_005fde3432ede2db,brand,bng,brand
attribute_fdedd27bbe732b96,brand,mytat,brand
attribute_ffed54d00714f2c0,brand,kat von d,brand
attribute_c61c4556df9a679e,brand,skyvan,brand
attribute_33fd5b94b2446699,size,24.00 count,size
attribute_f0ebf97997089587,size,24 pcs,size
attribute_4e8897a53ef49e0d,brand,travalo,brand
attribute_311701f7d64460d1,brand,orly,brand
attribute_e3ff5ce737b0c614,color,peach,color
attribute_dacddcd8a0416860,brand,osensia,brand
attribute_ae50cb888766fd71,hair_type,"oily, dry, curly, normal",other
attribute_25978e3e934f91e2,size,8 ounces,size
attribute_486aebfb036332e6,brand,wendunide,brand
attribute_43b421e5dc899c43,color,a,color
attribute_d9512691300b669e,brand,mad max,brand
attribute_5591c2792e48eedd,brand,neitsi,brand
attribute_14808cfcc76bf253,size,1g,size
attribute_e79513cd78171b58,brand,l'oreal paris,brand
attribute_320c95d539518c2e,size,2.00 count,size
attribute_0ac8e814e614e05f,brand,corrine,brand
attribute_05d4b4b90d711341,brand,spider man,brand
attribute_3d7a4318984bab57,brand,spider-man,brand
attribute_cf0a22176b81104a,product_type,shave set,product_type
attribute_f22e3dfe7a936677,usage,bath time,usage
attribute_003f952f13fc6221,brand,ycigfuns,brand
attribute_f70118a981b2eea9,hair_type,deep wave,other
attribute_75646f2c7d9d898b,product_type,headband wig,product_type
attribute_c633b0a339252bcb,color,natural black,color
attribute_7b094c2617d1c11d,size,14 inches,size
attribute_9f97212fd95d7077,brand,ibd,brand
attribute_3253ebb81ef67e2e,color,multi-color,color
attribute_2059355749438aa8,size,2oz,size
attribute_5d9d997b306d6574,product_type,builder gel,product_type
attribute_8b7e6fcb488e6162,size,2 oz,size
attribute_16c8b355594f582b,size,35ml,size
attribute_a64a2d1e2446de18,brand,banraishop,brand
attribute_f1040b5e991051e7,brand,nuobesty,brand
attribute_0a552befcc9a10a1,material,cotton,material
attribute_44a1264b8715e459,product_type,hair accessory,product_type
attribute_c1c0858c6ad58c9a,target_area,head,target_area
attribute_af9452447f4dc69e,usage,party,usage
attribute_4cabf8df81cdf465,brand,gelish,brand
attribute_bc4ed419453e4c91,size,15 ml,size
attribute_3b78e9371c665bc7,form,gel,other
attribute_32be049edeae429a,color,garnet crème,color
attribute_9d9f1b45ec53d0a2,brand,deepmind,brand
attribute_ead9ec30b28086cc,product_type,eyeliner,product_type
attribute_06c8e5a861ee78fd,finish,matte,other
attribute_c5c304a6292d0374,duration,long lasting,benefit
attribute_eb8aa23539bba2d6,size,8ml,size
attribute_e62fbf53a019a44e,brand,parfums de coeur,brand
attribute_b06ddfd075682715,scent,vanilla,scent
attribute_189d90ef866b9c96,size,3 pack,size
attribute_6206d64bca214bf5,brand,salerm,brand
attribute_fe8163ba181ec7f7,benefit,"hydrating,shine,softness,moisturizing,repairing,rejuvenating",benefit
attribute_8c7109a4892f4f82,hair_type,damaged,other
attribute_28f2d79a6884da36,size,250 ml,size
attribute_37936d7306972609,brand,toptim,brand
attribute_d897e8f9b0651009,texture,ribbon,texture
attribute_25a4ae8de9e6cb8a,material,"cloth, plastic",material
attribute_13f6a0c1d6d1b3fa,brand,rin,brand
attribute_c993a796d72ad812,brand,colorgram tok,brand
attribute_cb54b23e19c22a4e,size,4g,size
attribute_ae4c5fd0c910bef4,brand,blulu,brand
attribute_5b626bf504ffa8b0,brand,ever faith,brand
attribute_36264c106eb61396,material,"pearl, metal",material
attribute_d2723788a1d9251f,size,40.00 count,size
attribute_9fc540e5f357cc9b,size,40 pcs,size
attribute_b8a0bb9a0f811190,brand,vivid stella,brand
attribute_f70cf2bfe1aee198,size,24 count (pack of 1),size
attribute_11dac839ac502989,brand,a arran,brand
attribute_83b3524e21032434,scent,"citrus, sandalwood, fresh, musk, rose, lemon",scent
attribute_d6494bdce1676622,size,200g,size
attribute_5375bf8b0c32e6f4,brand,my life scents,brand
attribute_44ea97e9f51e3da8,texture,"oil, spray",texture
attribute_7d891282373a70a6,size,1 count,size
attribute_ffce5f1bf8c4b5eb,size,180ml,size
attribute_a91fc6f1d042f108,product_type,lotion,product_type
attribute_687405fb6d6a74c1,size,180 ml,size
attribute_802faaf6ef31e347,texture,non-greasy cream,texture
attribute_9665fc9632d04d9c,usage,body moisturizer,usage
attribute_aaeea4df516cb8f9,target_area,body,target_area
attribute_bcb3db71a249f396,brand,moyo natural labs,brand
attribute_611fe1fe495ea409,size,8 oz,size
attribute_2b18795606d31e1c,material,bpa free pet plastic,material
attribute_f12b2549edc75f4f,product_type,spray bottle,product_type
attribute_96ff896af2474031,usage,for essential oils and liquids,usage
attribute_ef142d1729ca0e41,brand,koai,brand
attribute_88e1565a75b5f23a,size,10 inch,size
attribute_3f12bdca71a81170,color,1b/99j two tone,color
attribute_5bbc3de2bf29b171,material,unprocessed brazilian virgin human hair,material
attribute_e51071afa87a0a56,size,"10,12,14 inches",size
attribute_c4ecc8a45e40a224,brand,staleks,brand
attribute_4e009f5d760aeeb3,brand,marine forest,brand
attribute_6cd51fcb4aade6a1,size,2 pcs,size
attribute_863f332ccc4e5415,brand,thebestton,brand
attribute_397cbf61878a8585,scent,"mint, rosemary",scent
attribute_848b155a685efd97,size,4 pack,size
attribute_da69935009a63b70,brand,sam&helen,brand
attribute_2d309baeecfc7ddc,material,mink fur,material
attribute_aabfacda9fef049f,brand,fashion zone,brand
attribute_6f0d4c603b1c85fd,brand,moresoo,brand
attribute_b31afbde7f6c30db,size,12 inch,size
attribute_72f40f803eb5363f,color,blonde,color
attribute_d375d7bb67c8d9c5,brand,christmas feeling,brand
attribute_88b48f70cc4facd5,brand,seisso,brand
attribute_7ac7a33ff46f1b41,brand,niegmeag,brand
attribute_f441d31c40d7a937,brand,elice,brand
attribute_fcbd4d872f1d86c6,material,"metal, crystal",material
attribute_b8358122f6b07f6f,color,"blue,green,white,pink,silver,purple",color
attribute_6a257642da35703d,brand,kidskin,brand
attribute_90288547f6c40262,scent,tea tree,scent
attribute_d466a100bb4ce0fc,texture,"bar, foam",texture
attribute_f3fd33307455c7a0,brand,mollensiuer,brand
attribute_530828b3049769bc,material,foam,material
attribute_a541fc05abd5a052,size,12pcs,size
attribute_50dbe08612efe4ba,brand,becca,brand
attribute_8b33d88a2bc54cce,color,"bronze, peach",color
attribute_94f1c02ccfe3364c,brand,vaga,brand
attribute_37f893df5ea0540a,brand,polish me silly,brand
attribute_34533587cc1bab95,size,0.5 fl. oz,size
attribute_ade2617e20836e14,brand,stamped glorious,brand
attribute_144088894d57278b,hair_type,"curly,kinky",other
attribute_be57b8ad4ccc967e,brand,pladio,brand
attribute_c2364ab92487a038,size,8 inch,size
attribute_5d1839ecce8130c7,brand,cokohappy,brand
attribute_cd6afc80a1683bf2,brand,bielenda,brand
attribute_2df7a61d6a6c1b35,size,1 fl oz,size
attribute_62a3254f205355c1,brand,caserbay,brand
attribute_49b30e4679274169,brand,j & h variety perfume,brand
attribute_01492e60c62a18e7,size,2.3 fl oz,size
attribute_0d766ef3876dd308,brand,stardel,brand
attribute_522770f1c65cc5a4,size,3pack,size
attribute_8d189f025648e42a,brand,toycamp,brand
attribute_c885d12ed2e26f92,brand,farmermaker,brand
attribute_6c57fe59edb4b29a,size,10ml,size
attribute_402fbc5460267f4d,brand,qrbxa,brand
attribute_a0f92e4defc47e1c,texture,stick,texture
attribute_3c78a96ee5d233e5,benefit,"stain,makeup remover,brightening,gentle,long-lasting,makeup",benefit
attribute_241a0b89b4acac63,size,20 pcs,size
attribute_2e45686e390f9277,brand,genuine african formula,brand
attribute_c0ba13428d7f1621,size,8.00 fl oz,size
attribute_b7f2fbfcf270c92a,brand,degree,brand
attribute_7dcabe8b976d0468,product_type,antiperspirant deodorant,product_type
attribute_668ec7293536c844,scent,clean neutral citrus,scent
attribute_dc89b226e436ec23,benefit,48-hour protection,benefit
attribute_222b99ad5e0c9477,usage,men,usage
attribute_665f854442c22949,brand,asquith & somerset,brand
attribute_2d0de2dba34009e6,product_type,salt scrub,product_type
attribute_2e59c87f4811f8a0,ingredient,coconut extract,ingredient
attribute_3eb04d1af3a1e8c9,brand,youclean,brand
attribute_dc671fb92996a58d,scent,tea party,scent
attribute_fc903d76c6521c0c,product_type,hand soap sheets,product_type
attribute_400ff1251bc79406,benefit,antibacterial,benefit
attribute_189773af89092471,material,plant-based ingredients,material
attribute_12386dcb7036c613,brand,dr.althea,brand
attribute_8fc0fc81776a0e7f,size,1.75 fl oz,size
attribute_6b49a7cea6ab5b0b,brand,hempz,brand
attribute_09d1323b702dd3e5,scent,mango,scent
attribute_0cc99efeb3507807,size,6.00 fl oz,size
attribute_0359ca386e43c481,brand,tweexy,brand
attribute_0a830a0b71ef95ce,color,bonbon pink - spa green,color
attribute_59a140c1e151f0ba,brand,canmake,brand
attribute_2cc7d97b0f43a803,brand,boston nail art,brand
attribute_69f55f3675cf0aba,brand,rosalind,brand
attribute_9869a09bb090a3e0,size,4.0 ounce,size
attribute_4709337aee0ea0fd,brand,eizniz,brand
attribute_14d1b8cad5f34f67,material,wool,material
attribute_02818d64fc41f7fa,size,1.7637 ounce,size
attribute_d457f80056de2e67,size,320g,size
attribute_900f39da4791bc1e,brand,unilever,brand
attribute_7329e16749ccebc6,scent,almond,scent
attribute_b908008de1708136,size,12 oz,size
attribute_053141523094091f,brand,jffx,brand
attribute_4fba6f3cfc8206d0,size,80g,size
attribute_4e0beef63f1ba232,brand,vaupan,brand
attribute_d3f93fb37fe22120,brand,fashiontats,brand
attribute_5b795c08ea06eb3f,color,"red, clear",color
attribute_131f7a9ba5137514,size,28 piece set,size
attribute_0c6ec1bcaf559b7b,brand,bath accessories,brand
attribute_0aad32830a89bc1c,material,nylon,material
attribute_a4ebc76a1fabaee3,color,bicycles,color
attribute_98b62b753c45651c,size,1-pack,size
attribute_bbb6fb8ecad762be,brand,madholly,brand
attribute_8166dd5498eb480d,material,kc gold,material
attribute_4dbd28dfa71202ca,color,"gold,white",color
attribute_542e93f2ccb109b5,brand,chop mall,brand
attribute_1069a20e86fae9e1,brand,mise en scene,brand
attribute_84ac5032da6d80a8,texture,foam,texture
attribute_4f2261b639dab4c6,hair_type,normal,other
attribute_903af2025e25a7c3,brand,lashview,brand
attribute_eb2c589f77a4e2ad,texture,individual,texture
attribute_7f4f251ddccda267,size,0.07mm,size
attribute_ce231ca028103daa,brand,plexaderm,brand
attribute_e458ed9489bc8650,brand,vivo per lei & jarosa mr. moth,brand
attribute_b0e7639675c3e763,size,1.7 fl.oz,size
attribute_cc9947b93d12d567,brand,tongcloud,brand
attribute_f34bbb98415aa05f,brand,fongly,brand
attribute_585c692bdbfef718,brand,goldfinch,brand
attribute_25463c047f4416ec,size,10 inches,size
attribute_8e910a68ab7bbb9b,brand,newport cosmeceuticals,brand
attribute_eadb26207a132ac7,skin_type,"oily, combination, dry, normal",skin_type
attribute_ed1433ed3c42ce21,brand,tecbeauty,brand
attribute_bea2908857f15af9,brand,cherubb,brand
attribute_eaf80224953940f3,color,nude,color
attribute_5426ae370f0305c2,size,one size fits all,size
attribute_5997510a7e03ce8e,quantity,100,other
attribute_afe2644fd97b63ff,target_group,baby girls,target_area
attribute_aab0e6464d9ac0bd,closure_type,snap,other
attribute_d58913379b9a9427,brand,sofeiyan,brand
attribute_03ed2581a6f2d59d,product_type,hair extension,product_type
attribute_857b7e75c7242c90,color,off black,color
attribute_9e04c9fc363cde8b,attachment,clip in,usage
attribute_f809ae7b235f0804,brand,faaal,brand
attribute_564293b96031155b,product_type,ponytail extension,product_type
attribute_4eea98ff36c0c0e3,color,jet black,color
attribute_5e6b97f3efba1794,weight,80g,other
attribute_c15b49b9ce2e04ab,brand,laavoo,brand
attribute_43726ead1f1ab0d8,brand,vivilly,brand
attribute_1f377756d4da4ed9,brand,dodo,brand
attribute_7ac65a24bc64e3d7,material,polybutylene terephthalate fiber,material
attribute_17c64989f60d2d73,size,07mm,size
attribute_bd927388d4779892,brand,wet n wild,brand
attribute_188477a97f592690,brand,iteryn,brand
attribute_f2842a1505e6176c,hair_type,"wavy, dry, curly, thick",other
attribute_b855367f0fae3303,hair type,"wavy, dry, curly, thick",other
attribute_04bf0ea28b030c7b,unit count,2,other
attribute_db9d4112dbe694d0,color,"black, pink",color
attribute_c2c7a62e61e04543,product type,detangling brush set,product_type
attribute_0b520570b9fb9461,brand,wild man tame beard,brand
attribute_3531b62ea3cfae30,scent,unscented,scent
attribute_03ec94aec1ae46f9,texture,"oil, wax",texture
attribute_ac46e4a4dd3ef7b4,hair_type,coarse,other
attribute_aa7ddf34ef02a42d,item form,"oil, wax",other
attribute_65a2344999079f5c,hair type,coarse,other
attribute_5b18a77dfb0570fe,product type,beard grooming kit,product_type
attribute_9e6a663d16b7b30d,hair type,straight,other
attribute_4340a885b60419a7,product type,clip in hair extensions,product_type
attribute_dc3310174ad2d81d,brand,daisy fuentes,brand
attribute_ad678151a2c91e55,texture,mask,texture
attribute_0727b5b8b557c771,item form,mask,product_type
attribute_dd997e623e6ff0b3,product benefits,hydrating,benefit
attribute_346c09e2a842bca9,brand,charlotte tilbury,brand
attribute_0978c2ed559ebc5a,texture,drops,texture
attribute_1236e575a38c6f3a,item form,drops,product_type
attribute_fe7eb03171cbd908,brand,ornate hair,brand
attribute_b94f5b76fc2deb05,hair_type,kinky,other
attribute_bc88e0c708d5a28c,hair type,kinky,texture
attribute_cb925c034b502d26,size,32oz,size
attribute_894053ed8fb9d4d9,brand,lantique,brand
attribute_185db78069528b67,brand,free ship deal arbrend,brand
attribute_8705fd4fce49c38b,brand,bestool,brand
attribute_0eefc311241fec93,hair_type,"dry, curly, fine",other
attribute_06c55d5f043625e3,brand,jordana,brand
attribute_a72532745296f324,brand,m.a.c,brand
attribute_dad475d9f4aaf5d5,texture,"liquid,powder",texture
attribute_d039ffde56d90c72,brand,elixir,brand
attribute_c1558adbbf34d6d6,size,75 ml,size
attribute_435bc39626e55af4,product_type,foot balm,product_type
attribute_65b31f554aeafc2f,target_area,foot,target_area
attribute_124c2a66eafd68ee,ingredient,leech extract,ingredient
attribute_3835e2fe857c9dd0,brand,dfx hair,brand
attribute_e8e7fea2a5737144,color,natural,color
attribute_60c2b7749ed64fa5,size,30 inches,size
attribute_76a1cbe5b6604631,length,8-30 inches,size
attribute_076f252ded210f2c,brand,coisini,brand
attribute_2e69819f90e65698,hair type,straight,texture
attribute_4c146eb163e57be0,color,natural color,color
attribute_d8a9cc41286533ea,product type,lace front wig,product_type
attribute_ad9e3d6f7879663a,product type,bob wig,product_type
attribute_a086edaf465b1b4d,part type,middle part,other
attribute_ed1a91f96d50fef8,pre plucked,yes,other
attribute_bff23e9b75506397,brand,rufntop,brand
attribute_28b3245e3c14a966,brand,aivmolik,brand
attribute_3387a3ad90750799,brand,chuangqi,brand
attribute_900c2d388352fa76,brand,cosrx,brand
attribute_58148a218b8b52c4,size,75ml,size
attribute_c4536a17cd0e895a,brand,generic,brand
attribute_98c783edc4ae8ebc,brand,sinyanail,brand
attribute_7d285dc2aa4b2dee,size,52 pcs,size
attribute_0770e29f006b2d97,brand,k'ryssma,brand
attribute_89ad30dca8d83d67,size,24 inches,size
attribute_dd9c8ba4ead8d7cb,color,ombre grey with purple roots,color
attribute_971eda0e52b77c61,brand,alba botanica,brand
attribute_0eefab86cb6b8280,product type,leave-in conditioning mist,product_type
attribute_84069a1262d3c901,size,2 count,size
attribute_4c6355c908ed261d,brand,maybelline,brand
attribute_5a68db79b682d835,color,blonde (100),color
attribute_eafca84924ca1afb,product type,brow shaping chalk,product_type
attribute_decbf6944c4ba1ed,brand,my-lady,brand
attribute_cabcafb5cff1d48f,size,20 inch,size
attribute_d4765bfe065afe67,length,20 inch,size
attribute_a9cda3a028f2c99c,weight,90g,size
attribute_603f48abd5d3896b,color,1b natural black,color
attribute_27d380881f0af077,texture,"lotion,oil",texture
attribute_b19ebac6b8c24c2d,brand,neutrogena,brand
attribute_5192daa8fa76cbd6,skin type,sensitive,skin_type
attribute_dd0f9c169e36569e,form,"lotion, oil",texture
attribute_6d57d100f8b6950f,formula,light sesame,ingredient
attribute_d713346a486d82b4,product type,body oil moisturizer,product_type
attribute_94c667c9f3e07829,brand,teensery,brand
attribute_4e91551968e1f908,size,5 ml,size
attribute_9b2e84a4cb54bdae,capacity,5 ml,size
attribute_5b30e4aa8fcd32b1,color,amber,color
attribute_0301f8e8049cc46a,product type,bottle container,product_type
attribute_4d91775991bd55c0,quantity,12,size
attribute_4a11d48a2307804f,brand,xcoser,brand
attribute_e3fd5743ce32bccf,hair type,curly,texture
attribute_ca9b16f18c344edd,product type,wig,product_type
attribute_df47d737857f4185,size,6.0 count,size
attribute_d8b5d5d49d0e383b,brand,yeshan,brand
attribute_99e4aa0e9d06199f,unit count,6,other
attribute_b155702c618b21a4,product type,hair clip,product_type
attribute_1ec5e48f57c210fc,brand,sally hansen,brand
attribute_f72e8867a7ef8c83,color,golden,color
attribute_675d596a67152d27,product type,nail polish,product_type
attribute_dfeeaf4a601792cc,brand,bxt,brand
attribute_2c383c5daa7427f3,brand,liang dian,brand
attribute_75bc6c3e86c99fc5,texture,deep wave,texture
attribute_7d1224adb5de7317,product type,hair bundles with closure,product_type
attribute_6679bdba938588c4,brand,tula,brand
attribute_93fccd5397ec4a44,scent,watermelon,scent
attribute_20ecf3163f110e23,size,3.4 ounce,size
attribute_545a7b86a69d38a9,benefit,moisturizing,benefit
attribute_b77ec041798d9e36,ingredient,watermelon fruit extract,ingredient
attribute_71f5a55eb347599f,ingredient,blueberry extract,ingredient
attribute_9b25c5cd5f95ef64,product type,face cream,product_type
attribute_bc3e0239358c7221,brand,mac,brand
attribute_2ccce691d80f3ddd,product type,foundation stick,product_type
attribute_4016a980608262b7,color,nw13,color
attribute_63347bee8661c3b3,texture,matte,texture
attribute_77013b84d61bf316,brand,belle,brand
attribute_5eecfb346a5bf362,brand,zyoung,brand
attribute_64d345060e7e7528,size,4 pcs,size
attribute_b58d324e74b27500,brand,mont bleu,brand
attribute_1355bb972ebb545d,color,"blue,purple",color
attribute_5c29e311910d84a9,brand,yellow girl,brand
attribute_86ee684009417e94,brand,nobility,brand
attribute_102ec02350d03c9f,brand,k.c. sales,brand
attribute_103a7812bb79b289,brand,it's a nail,brand
attribute_b6e934fafbe566ce,brand,honoson,brand
attribute_01158f69d511115d,size,32 inch,size
attribute_2c2b64b8eeb25a30,brand,josie maran,brand
attribute_8c640d1f0f8de166,size,1.7 ounce,size
attribute_9718571fc11efdcc,size,1.7oz,size
attribute_2a9a78485fcd90d3,scent,red rooibos,scent
attribute_3b7e47f2ad3ff8d6,size,1.7 oz,size
attribute_9abc4d5f24c9e6cb,brand,vasaana,brand
attribute_c9f8b5ea4edd4f95,size,1.75 ounce,size
attribute_0d8c2bef29513678,ingredient,beeswax,ingredient
attribute_959805bd9218b3fb,ingredient,coconut oil,ingredient
attribute_d1e806f821aff0f2,ingredient,shea butter,ingredient
attribute_83da2016c858334a,product_type,body butter,product_type
attribute_2b61ffcc0db28941,texture,butter,texture
attribute_b9c999274abda730,size,1.75 oz,size
attribute_21d8cd034c22be6e,brand,kkinyas,brand
attribute_6d659730928adea2,product_type,eyebrow stamp kit,product_type
attribute_26cdea8339600330,color,gray-brown,color
attribute_8c2e5f5c119d80d2,target_area,eyebrow,target_area
attribute_4644be9c21b57ea6,brand,fanxiton,brand
attribute_c0fe963d67a86bb5,brand,yu zhu,brand
attribute_3ab4ba6a847ebb7c,brand,lades,brand
attribute_e0010c7b89f6793a,size,6 pcs,size
attribute_fff9b83d099d621d,brand,teenitor,brand
attribute_5efbc623871b9747,brand,ynredee,brand
attribute_7368013c92d6c29c,brand,higu clace,brand
attribute_bacf4cec6e8d16a4,size,0.10mm,size
attribute_db4601dfd94686a3,brand,zia,brand
attribute_86c70f5d736aedd1,skin_type,dry,skin_type
attribute_2afa099a84028744,size,6.0 ounce,size
attribute_04fe34e45040875c,brand,showcoco,brand
attribute_ff5385d47a5ef470,brand,qlv,brand
attribute_93e314a21145b252,size,300 ml,size
attribute_d2ab067439a7bf5f,brand,annie,brand
attribute_861db4fada938088,benefit,nourishing,benefit
attribute_9efea6a81963cecc,color,1b/30 black to medium auburn brown,color
attribute_1caf28943b603e65,size,14 16 18 + 12,size
attribute_4afaceae47a756b2,product_type,hair bundles with closure,product_type
attribute_b612b24fe4a72823,brand,sarangsae,brand
attribute_c71bcc8a9053acce,size,8.113 ounce,size
attribute_75275398eae09b08,size,230g,size
attribute_7ee58038a81d67f1,product_type,semi permanent hair dye,product_type
attribute_14cdbb59cefaf39b,color,mustard yellow,color
attribute_67fb25d65b158bba,size,230g/8.1 oz,size
attribute_9d6d17eebb7965e6,ingredient,plant protein,ingredient
attribute_3978a58abf15c5cc,benefit,uv protection,benefit
attribute_d02dd75c79bb2a49,brand,colourpop,brand
attribute_baad6a595aa58d5f,product_type,super shock cheek highlighter,product_type
attribute_5c21f3536ffe364d,color,whipped,color
attribute_a39bca7cb02459a1,brand,xenia paris,brand
attribute_ff200d9d7a9e0f8f,hair_type,"oily, dry, normal",other
attribute_03050c39e4a3376d,brand,tribute8,brand
attribute_7e1653f248c24a22,scent,tobacco vanille,scent
attribute_5297f9cc67f7eabd,texture,leaf,texture
attribute_2dc9bc39686525f6,size,100ml,size
attribute_52192af437075b73,brand,yes to tomatoes,brand
attribute_54c04e49e835be85,scent,tomatoes,scent
attribute_84597d1eedf7b164,size,6.65 ounce,size
attribute_7b9b0ca2370831d7,size,3.38 oz,size
attribute_c84a33ab70daaa9d,product_type,cleanser,product_type
attribute_299db12ce4261024,ingredient,aloe leaf extract,ingredient
attribute_466030f67ca5cda6,ingredient,tomato extract,ingredient
attribute_6762af3e68a84ac2,ingredient,watermelon seed oil,ingredient
attribute_85503afaaba7c20c,size,6.65 oz,size
attribute_5deb58a3370b6880,benefit,clarifying,benefit
attribute_0718020b6640e230,brand,bliss beauty,brand
attribute_1e819ef1a570ddfc,size,11.0 ounce,size
attribute_8d53d814f267baff,benefit,anti-cellulite,benefit
attribute_31ff393af5ac563f,size,11.0 oz,size
attribute_caa32f77ffd582d9,product_type,eyeshadow,product_type
attribute_ebc9cb1fc8dadcda,color,bronze gala,color
attribute_a128c32b3780e1df,texture,baked,texture
attribute_4d6575a7b5e5e913,brand,kdrose,brand
attribute_a9f0165cd63e34d9,size,5 pcs,size
attribute_cdd01b6301f7cdf1,brand,puddinghair,brand
attribute_0e4aeb4b287459d6,product_type,human hair bundles,product_type
attribute_c629942191295c1e,brand,eyelash evolution,brand
attribute_00ba8920884f84b7,material,"glass,silk",material
attribute_07708c495869adac,size,12mm,size
attribute_5eba8f3f21d7acc3,product_type,eyelash extension kit,product_type
attribute_39a28125998d17e4,item_form,individual,other
attribute_ae10e85f522b8c42,brand,pacmaxi,brand
attribute_94d0b9a091a79adf,color,colorful,color
attribute_56fbeb0ca18fa371,product_type,hair scarf scrunchies organizer,product_type
attribute_46e936fd94a1e9f8,item_form,scrunchie,other
attribute_5ca994bf1584661b,brand,wonder arms,brand
attribute_51807abe1305abfc,brand,aysekone,brand
attribute_88f6919213ed9927,brand,yebeauty,brand
attribute_4ff9518f7639b913,size,2 pair (pack of 1),size
attribute_4d468391f55aa484,brand,susulu,brand
attribute_80d030258aa2c83e,material,chiffon,material
attribute_e9f0dd7a4ac128cb,inner_diameter,1.4 inches,size
attribute_7e877b6953989dd6,outer_diameter,4.3 inches,size
attribute_dee943de113537b3,quantity,24,other
attribute_9ec644ec58f5d435,pattern,"striped, polka dot, check plaid, big polka dot",other
attribute_4c489af2e474a421,brand,chanel,brand
attribute_5975b47939e04628,fragrance_type,flowery,scent
attribute_0be2f29606666b61,notes,"jasmine, citrus",scent
attribute_c1d742784110ff1e,usage,daytime wear,usage
attribute_481b43532d7d19f9,brand,biotique,brand
attribute_c60b64ada9002f85,size,190ml,size
attribute_f3d6d70f9397f4b3,spf,50,other
attribute_741bd82977e918c0,water_resistance,very water resistant,other
attribute_9cf9bb54c13d6655,product_type,sunscreen,product_type
attribute_bda93b9b2270f3ca,ingredient,sandalwood,ingredient
attribute_3e9c8a5f95311441,brand,dongjing,brand
attribute_04d326e7508a5a07,skin_type,sequedad,skin_type
attribute_7580d847dbccfa7b,brand,chromalights,brand
attribute_d9442b107ba21734,size,1.5 oz,size
attribute_13db5654820836fc,brand,elandy,brand
attribute_c489e1bb8d3c0381,brand,tiang,brand
attribute_7a0ec658a672ef0e,material,sponge,material
attribute_9b7b795a336ff82f,product type,makeup sponge,product_type
attribute_21333161e67f3849,brand,osea,brand
attribute_5a627d664ca936b5,item form,cream,texture
attribute_a5632be756a50837,product type,cleanser,product_type
attribute_08aa074fd9743d82,brand,sol sunguard,brand
attribute_47002cdf198a4b2d,size,32 fl oz,size
attribute_5debd6d4b5ecf883,spf,36,benefit
attribute_942365a3fee13246,product type,sunscreen,product_type
attribute_1670ba4aa412fdf3,brand,magic collection,brand
attribute_2c4e347c7dae637f,material,boar,material
attribute_7ec7a4963a66986a,brand,generies,brand
attribute_cb92351ccb0879cd,texture,filer,texture
attribute_2e98c58e2f49d4c7,size,15pcs,size
attribute_df7ec0021bc4ab76,brand,homabachyco,brand
attribute_c4222ddd1f64c9da,texture,wand,texture
attribute_2c1da8db6375f4da,size,100 pack,size
attribute_73be3ea84f97d1ee,brand,hithop,brand
attribute_1a77f4dda9844c42,brand,hittime,brand
attribute_a991997ec241e6c7,size,10pcs,size
attribute_0d939fd15c9baad2,quantity,10,other
attribute_0bb343a162621f77,bar length,15mm,size
attribute_a6428aa6ae03002c,bar width,0.8mm,size
attribute_48daed31ccf0b12b,ball size,3mm,size
attribute_c8df4ab876c47098,target area,nose,target_area
attribute_90813535def16c75,product type,nose bone stud,product_type
attribute_c4af465d44d23056,brand,bobbi brown,brand
attribute_888e48c2cd1bd991,size,31 oz,size
attribute_a428b6d5989a2428,size,0.31 oz (9 g),size
attribute_001df467278e7541,brand,colgate,brand
attribute_d101efc9c3504505,quantity,12,other
attribute_38875b906440b5d9,head size,medium,size
attribute_890590688b3dbb67,benefit,whitening,benefit
attribute_9539bbaae9efe28c,feature,polishing bristles and stain erasing cups,other
attribute_9e1e6fd63c0646c6,strokes per minute,20000,other
attribute_9018aa9eb42be8d0,includes battery,true,other
attribute_06a98333c7bf6ce7,brand,hanascar,brand
attribute_a515cc5f7721c0cc,brand,outyua,brand
attribute_b8b9c77fa03adecf,brand,liansan,brand
attribute_e45335f2c458b7dd,brand,yawamica,brand
attribute_ca7244f64566a05c,material,"cotton, mink fur",material
attribute_21e10b9372879ac3,brand,romoss,brand
attribute_348205c8ca3036be,benefit,"smudge proof,long lasting",benefit
attribute_98a8479a1087ae3a,brand,henitar,brand
attribute_8c1b81faca750ded,size,count of 8,size
attribute_209b3ddccd59e7ad,usage,dog,usage
attribute_09d3d3d3f021e9a3,brand,tru fragrance & beauty,brand
attribute_1667ee3a5854bb9b,scent,"raspberry,rose",scent
attribute_b45f33009b07761a,brand,nivea,brand
attribute_5ca5104b9d48ace7,size,6.00 count,size
attribute_ef6880b97c97f906,size,0.17 ounce,size
attribute_e8dba0ce3786e61b,brand,chennie,brand
attribute_0ebb13a614ecc714,material,microfiber,material
attribute_41165fc243630691,size,2pcs,size
attribute_8bda42f5d38ee8a9,brand,joyoung,brand
attribute_afd60bd71535522f,size,9inch,size
attribute_8567db1ac3439f44,brand,ollacy,brand
attribute_c067f9fcc86a88c0,scent,olive,scent
attribute_ee55535229b98133,brand,buture,brand
attribute_815cfd09d9144b42,brand,hepeeng,brand
attribute_77d0fb154decdfc2,brand,auch,brand
attribute_10f2eb14b7b0ea35,brand,fumud,brand
attribute_2a15e9794f4f2500,material,pearl,material
attribute_145737c268a3d390,brand,derma-nu miracle skin remedies,brand
attribute_7ee618f948370c06,benefit,cleansing,benefit
attribute_2805b5af52cdf281,brand,fani,brand
attribute_26fea90f6c9d11df,size,6 inch,size
attribute_1eebc31f6f4a8afd,brand,ohana mahaalo,brand
attribute_167838150ac66c13,product_type,shampoo,product_type
attribute_53e155f2a54656ea,item_form,liquid,other
attribute_ab1dce8273df8a33,scent,halia nohea,scent
attribute_2ae8e19cbdf097ff,texture,silky,texture
attribute_c2a8ee34dc80b855,brand,marlowe. m blend,brand
attribute_f1afac2b7353d701,product_type,body soufflé,product_type
attribute_09209239196e4d48,item_form,cream,texture
attribute_7edcc1580fc4c042,texture,"soft, creamy, light whipped",texture
attribute_916441ff8b2ef837,scent,"clean, natural",scent
attribute_a1c6928128bc0118,brand,nyx professional makeup,brand
attribute_412537a7a2ae2b56,product_type,eyeshadow stick,product_type
attribute_5525f6933cadeb56,item_form,stick,other
attribute_b6e67a9d0dc117bf,color,graphic con,color
attribute_11f822f4185227a6,brand,oxygenceuticals,brand
attribute_1f82f1b0604c9533,benefit,anti-aging,benefit
attribute_2040c12734dd96d1,brand,gillette,brand
attribute_dcfb411181d3b973,size,16 count,size
attribute_03d93f48a848d5b7,size,8 pack,size
attribute_ba4a9a5532242dd1,brand,sensationnel,brand
attribute_2ffaf69bbdc474ff,brand,chrider,brand
attribute_74b0e8cede2b0e1f,brand,grand parfums,brand
attribute_51d138cd303aec56,color,black lids,color
attribute_c6778fdfc3975644,size,6 pack,size
attribute_e2731a06a742edea,brand,hicarer,brand
attribute_20720ef4da97d832,material,polyethylene terephthalate,material
attribute_40122945a6d54816,brand,alitaver,brand
attribute_f095391529ae7480,texture,flakes,texture
attribute_fbaa1caf113f446f,product_type,nail color,product_type
attribute_17674a02b3254e89,color,slap the bass,color
attribute_04a9511d12bc3bba,texture,glitter,texture
attribute_e4dd33eaa3411b0c,ingredient,toluene free,ingredient
attribute_9c9753be75099f82,ingredient,phthalate free,ingredient
attribute_6cd2b4be8a476db4,brand,easin,brand
attribute_c7aa20b5a1d22d9c,size,3.2 ounce,size
attribute_2ed56e08e70ea520,brand,yotown,brand
attribute_598b2e2623b8275b,size,50pcs,size
attribute_96b972863b17f552,product_type,nail art swatch stick,product_type
attribute_340694c6a42b4270,brand,beyond beauty,brand
attribute_6c316f07f1a9479c,product type,braiding hair extensions,product_type
attribute_87b6a992d5d29dc1,brand,boao,brand
attribute_28a1ffe833296237,product type,eyebrow brush,product_type
attribute_6c40e277416d7845,brand,kleancolor,brand
attribute_c612cc6d12047863,brand,moimax,brand
attribute_2cc9fd8f9a128b98,size,5.5 inch,size
attribute_63ea182c5b043345,brand,moon valley organics,brand
attribute_e54465a180a7cdd2,size,1.9 ounce,size
attribute_f5c859741a0a915e,size,1.9 oz,size
attribute_d226258d4f0234e3,item form,bar,texture
attribute_3f00e3cbff0775c4,product type,lotion bar,product_type
attribute_70dab982e0ca29ce,brand,rapira,brand
attribute_35d1fea9bce82916,size,100.00 count,size
attribute_9f4f652c144a16e4,size,100 count,size
attribute_cff1c137b0cb0fd2,product type,razor blades,product_type
attribute_2fa170176b26343c,brand,patelai,brand
attribute_b00da1e66c5d9a3f,skin type,"all, sensitive",skin_type
attribute_ce9b13de73909189,product type,powder puff,product_type
attribute_4250c652d0783e90,brand,the roosevelts beard company,brand
attribute_dcc6067e374e78ba,brand,camille beckman,brand
attribute_aa768a9815745d03,texture,balm,texture
attribute_5c2375d1c37f4301,size,25 oz,size
attribute_ddd9279c46e0d4a6,product_type,lip balm,product_type
attribute_a33ac6b515bad475,scent,spearmint,scent
attribute_f759d7e8a35a608f,ingredient,cocoa butter,ingredient
attribute_0669ac98a2a2f4f5,size,0.25 oz,size
attribute_349e4ac063adbb07,product_type,serum,product_type
attribute_e6c44d359cd4c62c,ingredient,vitamin c,ingredient
attribute_b52d1ccf65d9a160,ingredient,hyaluronic acid,ingredient
attribute_622260047186d45c,ingredient,vitamin e,ingredient
attribute_08217527339654da,benefit,anti-wrinkle,benefit
attribute_1d4502a48078ab37,benefit,skin repair,benefit
attribute_d3b2b5f72635944a,brand,black 'n gold,brand
attribute_662e1c2168ce6ec1,product_type,braiding hair,product_type
attribute_e475c2aad7b4d3ac,texture,straight,texture
attribute_61347fd064c35955,brand,n nayasa,brand
attribute_d524753d56d9d70d,product_type,wig,product_type
attribute_6971c6873347a03a,density,150%,other
attribute_79810b46dd2e951a,brand,jaciya,brand
attribute_1ebbfdb405f1b38d,material,velvet,material
attribute_1b73241e688605d6,product_type,hair scrunchie,product_type
attribute_4e2bfdfe1530e038,brand,mudshi,brand
attribute_3cc6a4fc15915c34,brand,sleecom,brand
attribute_6e08f48d3fe5fe31,brand,meeshirer,brand
attribute_23d0b4e555921ec9,skin_type,"mature,all skin types",skin_type
attribute_ea2cb849cd83aa31,size,1.7 fl oz,size
attribute_a2709ee96df10c3f,skin type,"mature, all skin types",skin_type
attribute_fe2be9d6e3507760,benefit,firming,benefit
attribute_08737e2787fc7f2d,target area,bust,target_area
attribute_1250caac5e440440,usage,massage,usage
attribute_f380b0c2ea7c1045,product type,bust cream,product_type
attribute_3041ddd023a5706f,brand,dr.jacobs naturals,brand
attribute_8438ad776e83798d,size,5 oz,size
attribute_053ba76660e50ba6,brand,dr. jacobs naturals,brand
attribute_3ea3244eed8f894a,product type,castile soap,product_type
attribute_1679a6b5f1aa52c2,hypoallergenic,yes,other
attribute_cbf751b274696550,benefit,exfoliating,benefit
attribute_18a26003adbc81fb,vegan,yes,other
attribute_dc9dbe49114c734f,brand,vgte,brand
attribute_bf5f5e61ea7cc020,size,0.40 fl.oz,size
attribute_8ac18c40d9575c05,brand,eyemajic,brand
attribute_1525e89a34eeee1f,texture,instant,texture
attribute_4666277acc660129,benefit,instant,benefit
attribute_afc295283d423c58,color,romanesque,color
attribute_ca798ca14f8a02ab,size,5 pair pack,size
attribute_c91004f093c7d903,item_form,instant,other
attribute_7e69a6b9af9ce0aa,brand,lunana beauty,brand
attribute_7564b9893d3d6393,product_type,eyebrow tattoo pen,product_type
attribute_e14180f0a257a1fe,color,chestnut,color
attribute_0b8604a0bcbbecb4,item_form,pencil,other
attribute_2050081e8964870c,benefit,natural looking,benefit
attribute_036c4b031a49b5bc,usage,stays on all day,usage
attribute_49771d4c362284ed,tip_type,micro-fork tip,other
attribute_ef564dfb7bf8597c,brand,organized travel,brand
attribute_0965acc7f999ea79,material,polyurethane,material
attribute_eaec99aad2511881,brand,annemarie borlind,brand
attribute_219a759606adbdc0,size,0.15 oz,size
attribute_5cff773b0551d588,brand,denzac,brand
attribute_9e2ba312b0e31ad4,brand,“n/a”,brand
attribute_c1c17a9b0eaf6b93,size,8 inches,size
attribute_0b952fb30314dbf3,brand,n.y.c.,brand
attribute_a5865a3a7d03ceb5,size,8.00 count,size
attribute_b7e7c464abc8e849,product type,liquid eyeliner,product_type
attribute_2f150fe2233c9634,target area,eyes,target_area
attribute_aed8c9e0b987c8c4,brand,aigemei,brand
attribute_5bcd81da32b49a60,product type,crochet hair extensions,product_type
attribute_7128e0bd65638b7d,brand,polly online,brand
attribute_53f120662e9b2c91,size,600pcs,size
attribute_1912f89968ee74b6,product type,false nails,product_type
attribute_a407c02aa463ad7e,brand,spiralization direct,brand
attribute_2f4c7a7f07205a0f,brand,superiman,brand
attribute_26538b1d8cc1952c,material,satin,material
attribute_b110b73c79952951,size,extra long,size
attribute_8697dfc9df17e1b1,product_type,bonnet,product_type
attribute_aee5d4273ba3ef18,brand,every man jack,brand
attribute_4f46b044a403ceef,product_type,body wash,product_type
attribute_434cd2d159de5354,benefit,soothing,benefit
attribute_e9144fc76c4e4b09,ingredient,coconut,ingredient
attribute_7f1aaf1ff03bbf57,ingredient,glycerin,ingredient
attribute_9aec20f16f7d089c,brand,oulac,brand
attribute_181a46fe9d84fc4e,benefit,"long lasting,shine",benefit
attribute_8546f49862f19ba8,size,3.6 grams,size
attribute_02a8974aff18d189,product_type,lipstick,product_type
attribute_cafc6d7512159586,benefit,shine,benefit
attribute_ccbf048112c4ba64,color,cranberries,color
attribute_9094a8751b0a2bb4,size,3.6 g,size
attribute_d08ae20ea0c7bd0a,vegan friendly,yes,other
attribute_91cd6edc6e014e96,length,"14,16,18,12 inches",size
attribute_49ea300f4965817a,product type,hair extensions with frontal,product_type
attribute_84f9a95d8ccee787,brand,ben & anna,brand
attribute_1c30d94626ba1780,scent,vanilla orchid,scent
attribute_773724fbc861669c,size,2.12 ounce,size
attribute_84e9edb1fbec5e8d,size,2.12 oz,size
attribute_3f8eb3485761c673,product type,deodorant,product_type
attribute_08c099fe08fb75fd,brand,avankwig,brand
attribute_12f86a5bb230041e,hair type,body wave,texture
attribute_bfa781dcda7d1dee,color,#1b 99j ombre,color
attribute_938e32c2242f1eb4,length,"18,20,22 inches",size
attribute_3f111663cdf248d6,weight,300g,size
attribute_71644b14bdc5b0fc,product type,hair bundles,product_type
attribute_ff4311263480e6e4,brand,finger love,brand
attribute_246220cf35ff1628,brand,etude house,brand
attribute_56b007cdaffe611e,color,neutral peach (21ad),color
attribute_d72e2bee7684a2a2,brand,ikoco,brand
attribute_39fedf152d7f4a56,material,"plastic, metal, acrylic",material
attribute_a4cd2f0ca4f01b2c,color,"green,grey",color
attribute_e6e736d5f14a0c52,hair_type,fine,other
attribute_1218f8e92c70d9a1,brand,icarus,brand
attribute_03dfef8683de9865,length,long,size
attribute_7d3b612254ded3fd,brand,mtlee,brand
attribute_351a37d1b95daa05,brand,alaleibaby,brand
attribute_f21bd2e10414a5f8,length,10 inch,size
attribute_5c02c9acd5a07b84,color,medium brown,color
attribute_ae2bdf983dff3a8c,brand,beyelian,brand
attribute_03c9d4900c7ce129,brand,beaupretty,brand
attribute_dbe39b44a56b87ef,brand,nest fragrances,brand
attribute_e2670d532da1f8fc,size,0.25 fl oz,size
attribute_7bf65ab8df971473,brand,domestique,brand
attribute_f518f01f4932c374,hair type,all,other
attribute_30f2e42a98286e03,brand,yimart,brand
attribute_4b6946c0a34088c4,usage,"manicure, pedicure",usage
attribute_956d141b987e0629,brand,deliawinterfel,brand
attribute_b2022f2bcd351b4e,product type,eyeshadow palette,product_type
attribute_fcb472caefa970ce,brand,hipoll,brand
attribute_cf34fa664f966796,brand,addie,brand
attribute_61ed6b93ffc3b4f8,brand,morichy,brand
attribute_ff6f2eab42edb956,texture,loose body wave,texture
attribute_4ff02c227b13192f,density,130%,other
attribute_7a7a66dd1bc787d7,brand,new balance,brand
attribute_04964c07b608085f,material,polyester,material
attribute_e09b8f8fa97bacdd,usage,outdoor activities,usage
attribute_6b6c7ce5fbaf52a1,brand,nannday,brand
attribute_862d5b555b1dab47,product_type,eyelash serum,product_type
attribute_394deac2b99bd398,volume,10ml,size
attribute_b69e06987eb0fc02,benefit,eyelash growth,benefit
attribute_2a2492ac807ae450,target_area,eyelashes,target_area
attribute_035f8072c7cb058c,brand,mill creek,brand
attribute_7a39e6ac03b56178,hair_type,"color treated,thin",other
attribute_afae058df89aadba,hair_type,"color treated, thin",other
attribute_20a36d6174ca9f1b,item_form,oil,texture
attribute_3b9ce31bf6bfa3ff,ingredient,biotin,ingredient
attribute_a2cbcb13f09a69a8,brand,tara toys,brand
attribute_87b888da99d6968c,color,glitter sky blue,color
attribute_bba34ec8cda6bb9f,size,10x12 mm,size
attribute_1e0131bb060ae2a5,quantity,240 pieces,other
attribute_216cf1907873f6b4,shape,barrel shaped,other
attribute_be46ba3b04a9d541,usage,"hair braids, craft projects, jewelry making",usage
attribute_392966805acf0dff,brand,l.a. girl,brand
attribute_1e14ea4a972daf3d,texture,"gel,pencil",texture
attribute_744ebbea38790e1a,product_type,eyeliner pencil,product_type
attribute_0032192e26279917,item_form,"gel, pencil",texture
attribute_d11a27d0bb2ee4ac,number_of_colors,19,other
attribute_9cfe2cf13b249c95,brand,xesscare,brand
attribute_ce37e083d69fc3a0,size,96.0 fl oz,size
attribute_86dd2f2c28143f99,size,16oz,size
attribute_6a801383c8a975d6,brand,bodycology,brand
attribute_2f8693ef85e11c2d,brand,doubnine,brand
attribute_b2c404b5ba0365bc,material,alloy silver plated,material
attribute_d6e96886f7056413,product_type,earrings,product_type
attribute_bb2244050427eb4e,brand,illamasqua,brand
attribute_bda40ad96ae6f0c6,benefit,"stain,eye health",benefit
attribute_b95b3c84567a040b,benefit,stain,benefit
attribute_da975954763eff2e,brand,docooler,brand
attribute_8f3e021a6653c52d,product_type,hair cutting cape,product_type
attribute_45b52f3bc2e82300,brand,affinage infiniti,brand
attribute_8d4cad8379739120,brand,ssen clips,brand
attribute_48383b14c6c2e76d,color,rainbow,color
attribute_0a413dae3fadc1b8,brand,kyda,brand
attribute_bf50af7c20156b99,brand,mented,brand
attribute_52ae2500f559bc30,brand,rebecca style,brand
attribute_c5ccc560646aa744,material,"human, synthetic",material
attribute_c56aee814ca70c14,size,18 inch,size
attribute_766d34bf2939e862,brand,it works,brand
attribute_8815a43c1457a5f1,brand,angie,brand
attribute_5be4242384334f79,material,"human hair, synthetic",material
attribute_e9edacf0d436242c,size,20 inches,size
attribute_910242e0804a816a,brand,glaray,brand
attribute_83e8ef16c39f451b,size,3pcs,size
attribute_0b563197a6fa67bf,brand,fashow,brand
attribute_0e749058bd7dd092,hair type,wavy,other
attribute_35888527f7758828,brand,k,brand
attribute_5765cb58807868a7,material,steel,material
attribute_0002aded3933bf8d,size,14 x 15 inch tray,size
attribute_8aeacd2cb9551821,usage,salon chemical service tray,usage
attribute_a95c3213fa45b6d6,brand,too faced,brand
attribute_1b3a62b9e461af20,benefit,volume and curl,benefit
attribute_be168d585e4eedda,brand,nickyood,brand
attribute_599e906551478da6,texture,mousse,texture
attribute_69ab072b2c89683f,size,3.7g,size
attribute_50c8b3a246ac1363,product_type,lip mousse,product_type
attribute_3a58633f404dc8d8,color,#1 first meeting,color
attribute_2b789345dbdb87d8,texture,soft velvet mousse,texture
attribute_4d8dc3be0f0e324f,item_form,mousse,other
attribute_86aae0c164ce2fa9,brand,ozen,brand
attribute_7f4cae5562c0a0e9,material,caroset,material
attribute_ae443b0d003aca27,benefit,soft,benefit
attribute_ab41b3c8c7b14fbe,color,panda,color
attribute_3de2d6f5ef280e51,texture,body wave,texture
attribute_508bb26cb6714f7a,brand,louise maelys,brand
attribute_c75711089edb24a4,brand,sego,brand
attribute_24e988b8170a42ee,brand,hetto,brand
attribute_26527f642bc6cc86,size,2 ounce,size
attribute_a5adb956bb60758e,brand,zermat international,brand
attribute_adcb48406516fefc,size,3.38oz,size
attribute_62da4433956c47a3,brand,mustaev,brand
attribute_9d6cb4f9a57cbef4,texture,lightweight cream,texture
attribute_6974fafa361b3bd0,ingredient,pink pearl particles,ingredient
attribute_89338d4c29f4eaa0,benefit,radiance,benefit
attribute_5db4b801eb9c7f6a,brand,spagmoss,brand
attribute_a41edb148b29f85b,size,150 gram,size
attribute_22ca42bb1b15c92d,size,70g,size
attribute_8f5f4e9944a007c4,hair type,straight,material
attribute_4a0105a5bee92f65,product type,clip-in hair extensions,product_type
attribute_c68907824ae3617d,brand,saymre,brand
attribute_1fa36b5fd4d26c1f,brand,telebrands,brand
attribute_115c543c9b7960c0,color,ash brown to platinum blonde,color
attribute_d78b890dedf6ed2c,size,18 inches,size
attribute_72e8128fcb65532a,weight,80 grams,other
attribute_d7ccb96e393401eb,product type,hair extensions,product_type
attribute_5fddf7ef2faf7458,brand,zenotti,brand
attribute_4950ea8394abe2e6,size,20mm,size
attribute_07e6739d78a2a2de,brand,covergirl,brand
attribute_8a663eff8abd5919,size,0.37 oz,size
attribute_9d9b798ec2c3cfb2,product_type,powder foundation,product_type
attribute_a0d1bfa3f5ae8c7f,color,light (115/120),color
attribute_b6be6f4b110cb033,brand,tangdirect,brand
attribute_cdd7d959c20fd685,size,100 ml,size
attribute_2e01dec50432f5a1,brand,boscia,brand
attribute_8b0dd26856868ce5,brand,aroma naturals,brand
attribute_ebcb6bad84dc95c5,size,1 oz,size
attribute_e1ca7c5710e2d449,size,30 g,size
attribute_5045647868ac6e9d,ingredient,omega 3,ingredient
attribute_0a972513ae8d78ce,ingredient,omega 6,ingredient
attribute_9746f455f09e44bf,ingredient,omega 7,ingredient
attribute_13117ab1677ba0af,ingredient,omega 9,ingredient
attribute_0cc80168a603e926,brand,pure mauve,brand
attribute_ae563c54ba6b5465,product_type,facial cleanser,product_type
attribute_928b8b633b517505,brand,jeffree star cosmetics,brand
attribute_1a0ff4248eb47fe2,color,cherry wet,color
attribute_5b2046abdf0e3ace,product_type,liquid lipstick,product_type
attribute_909269340fa21782,color,cherry red,color
attribute_04ffd5ca79e8bb62,benefit,long-lasting,benefit
attribute_ee783b3bce8e7317,benefit,matte finish,benefit
attribute_fdfeb97302fc0dab,brand,probliva,brand
attribute_655a533df2d50bbb,brand,newyou,brand
attribute_6227f6d19a817883,material,"polyester, elastic",material
attribute_c1df3172e15831ff,brand,my rose garden,brand
attribute_39e92df19952a589,brand,frances denney,brand
attribute_38ef691e94585432,brand,jiumido,brand
attribute_81eb9c4ce4fa8cdd,brand,quewel,brand
attribute_930d16cc78c98ad6,brand,barnaby black,brand
attribute_e26fa2e24d23eb37,brand,kamileo,brand
attribute_5fd3c9f274d50bde,size,1pack,size
attribute_c2dd768325f053b9,color,1b,color
attribute_c7bae4aac83e9e8d,size,6 packs,size
attribute_cf20066ad48757b2,brand,bareminerals,brand
attribute_c367f2478b4e1ff7,size,6g,size
attribute_9ce3f28566a1224e,product_type,concealer,product_type
attribute_cb53781c1325e5d0,color,summer bisque,color
attribute_5dfd05b7d7449000,size,0.21 oz,size
attribute_c4df1d2970ea8f22,brand,tosowoong,brand
attribute_1360862a93688a79,size,3.72 fl oz,size
attribute_90c66507b022bd7e,size,110ml,size
attribute_14c742dc6a6ca78b,product_type,all-in-one cream,product_type
attribute_8f3b04bf3f7035b9,brand,buoceans,brand
attribute_365f47e46454a8a6,size,2.8219 ounce,size
attribute_ea2ff94c7cab2d75,size,8 fl oz,size
attribute_890d98dec4f73ff6,brand,smith & nephew,brand
attribute_866b3e9b09b7cead,size,18.0 ounce,size
attribute_a9b8e8bbb917fbb6,brand,dafni,brand
attribute_f24c2088893e5046,brand,pbt,brand
attribute_fb8b5f27c0302503,product_type,eyelashes,product_type
attribute_052505421f6e7db3,brand,organic nails,brand
attribute_7719082874f3ceb0,size,0.5oz,size
attribute_b8bc0383d4e1d560,product_type,nail glue,product_type
attribute_52a1ec6aa125d7a2,size,0.5 oz,size
attribute_0d0e1d9fda2b8336,brand,cosinstyle,brand
attribute_2968668bdc1d3f24,material,"rubber,nylon",material
attribute_92ac3bc4d8309b1f,hair_type,short,other
attribute_4f451c53215e14f2,color,orange,color
attribute_8fbcdf48bfe10a87,brand,fxwerkryt,brand
attribute_bb5088e8d712d113,size,4oz,size
attribute_2a3abc3a2b002710,brand,benefit,brand
attribute_c9c537f7a3f9dbea,texture,"cream,gel",texture
attribute_dfa09125a7ce80e7,color,4.5 - neutral deep brown,color
attribute_2f9ae458ae5d8628,size,3.0 g,size
attribute_150fdc7415032e92,brand,hipcheer,brand
attribute_42db5b7525705d3f,texture,elastic,texture
attribute_1dfdff1c66b60b95,brand,thesaem,brand
attribute_db37c4100ec92e08,brand,feibin,brand
attribute_c4d95a029083fd72,brand,festivous wishel,brand
attribute_0b1763ed0e9d1bf9,brand,jane stone,brand
attribute_9b21917b24f4bed5,material,leather,material
attribute_dbc34d1d743850c8,color,gold-a,color
attribute_d725fa64a60a10d5,brand,ertdde,brand
attribute_6f3472dfdd4d9e33,size,1.6 oz,size
attribute_2972d7209b7c3f38,size,3 pcs,size
attribute_1ea3d426ef3bed98,brand,caleegi,brand
attribute_80feed9994a03cda,material,"ceramic,titanium",material
attribute_e41728dc854e15e8,size,9.25 fl. oz,size
attribute_e458f39aab2f89cb,item form,spray,texture
attribute_4e92a0b9b7d3289f,benefit,moisture,benefit
attribute_7ef68ce74bc72d2a,product type,leave-in mist,product_type
attribute_71b8c8746e4d0e79,brand,aphogee,brand
attribute_7530ae1d89423279,size,5.00 count,size
attribute_59627d9f4d3d0d5b,size,8oz,size
attribute_8049cc7704b8b46d,product type,leave-in conditioner,product_type
attribute_c02977cab2274a78,brand,urberry,brand
attribute_edee06a3a963e696,brand,dare to wear,brand
attribute_a564cdc73d826a64,color,classic colors,color
attribute_f45343416e069dd9,brand,mtmei hair,brand
attribute_9815260ee5ea42d1,brand,wayfarer supply co.,brand
attribute_0647e5d9d5900d1c,brand,babeyond,brand
attribute_8916b9a3a22eddd4,brand,saberl,brand
attribute_d4ba492b0336fd7e,size,5 pack,size
attribute_bd136b1f22275e37,brand,ayku,brand
attribute_3784dab50b54b02f,size,6oz,size
attribute_a17879e0fada5450,brand,missha,brand
attribute_9b3f8d8dac449a11,brand,ronrons,brand
attribute_5012fe1ba49270e5,size,4.5ml,size
attribute_2e7d9dd20532dfcb,brand,einhoom,brand
attribute_9f1b4daba4afd0f7,brand,oblher b,brand
attribute_d2d9eeb5c5ad0dd6,brand,star soucre wigs,brand
attribute_f3e02f822cf1843e,hair_type,"wave,straight",other
attribute_64770429bc663c97,brand,zhi yun,brand
attribute_eecc972a5c1c4fad,brand,exttlliy,brand
attribute_30d685da7eb5b40a,brand,prep u ;,brand
attribute_fdf380a79dd7330b,scent,"citrus, mint",scent
attribute_ab50a0bdd9e6c09d,brand,prep u,brand
attribute_251b9010f4b47957,scent,citrus mint,scent
attribute_498f0f04380dc9e5,ingredient,paraben free,ingredient
attribute_7f407c55770ac724,ingredient,all natural,ingredient
attribute_c44abf3a1a182a36,brand,mesaidu,brand
attribute_4913534bac05aaa1,product_type,eyebrow pencil,product_type
attribute_797a98f2a056c931,color,ash grey,color
attribute_d54cf5e62adc1c65,material,pencil,material
attribute_b4d41f16b1203a89,brand,pure vie,brand
attribute_35ed26112af48670,product_type,concealer palette,product_type
attribute_d84d8a6f94b80a4e,color,5 colors,color
attribute_4c02e959ed444e31,brand,corablade,brand
attribute_b9390e39a8a10849,material,"carbon fiber, metal",material
attribute_502dd4d331fc97b7,brand,samal,brand
attribute_45f126cd65281a1f,brand,lemoda,brand
attribute_1ae52661010ca4f1,size,28 inch,size
attribute_b09eed1080b075a2,color,"white, purple",color
attribute_8e8d55e368741206,brand,morovan,brand
attribute_fc08e64601c309a6,brand,fshine,brand
attribute_f92d4c1ec19fcd16,size,16inch,size
attribute_1613326a95feb44e,brand,static,brand
attribute_2443cfc4d30351c7,benefit,long wearing,benefit
attribute_f11b29c23e503f70,item form,pencil,other
attribute_dddf4fc0ebb6c3f9,product benefits,long wearing,benefit
attribute_a328cac49a257e33,brand,bar5f,brand
attribute_023955d19b6e81ea,brand,jianhe,brand
attribute_948cc07ce7b6aefd,size,160.00 count,size
attribute_f26a220ca6a8f9db,ingredient,ethyl alcohol,ingredient
attribute_58b82d09ed53c43c,product_type,hand sanitizing wipes,product_type
attribute_de79cf5066669b2a,texture,"wavy, curly",texture
attribute_e4e2feb04f1d820b,color,sandy blonde,color
attribute_531800fb87ab1c93,product_type,hair scrunchies,product_type
attribute_614f0ec3cdaef1d7,size,medium,size
attribute_e5e417ecec7b0a9c,product_type,headbands,product_type
attribute_4c9f03e26ed6203b,brand,lumineux arbrend,brand
attribute_b9d4ad3267173dd3,brand,freshme,brand
attribute_0e1a4e5f76388a64,texture,pads,texture
attribute_a8b2589a47d44f6a,brand,qiutimiy,brand
attribute_45401d5a831e02e8,size,12 pack,size
attribute_4a710abd6a98c999,brand,zonon,brand
attribute_92ef11266bbbe2c9,brand,aleath,brand
attribute_118bc0cebfc29b4e,brand,lclhb,brand
attribute_29c570e809a239bb,size,7.3 gram,size
attribute_9a38918080a05e05,size,7.3g,size
attribute_86a317777834721c,product_type,highlighter,product_type
attribute_431ff136b88279b9,color,bronze,color
attribute_6c682f42e8a69234,form,stick,other
attribute_34ed481c563bb732,target_area,multi-purpose,target_area
attribute_5c3511ec2c0eea65,benefit,shimmer,benefit
attribute_e7dfe591bd9b5ede,benefit,illuminating,benefit
attribute_4c3eda534cfcef83,brand,monitu,brand
attribute_ca36d86058cc7472,product_type,passion twist hair extensions,product_type
attribute_7ceb02eb4222f852,length,18 inch,size
attribute_b457d9a0de7514b3,color,1b/30,color
attribute_f57469c2e703903d,brand,bella and bear,brand
attribute_bdd9df81020ccae2,scent,blueberry cobbler,scent
attribute_357ee5728e8a496d,product_type,shower jelly,product_type
attribute_05a2e34e79dc9d2a,brand,broadway colors,brand
attribute_9a297b4179e01fde,size,0.2 fl oz,size
attribute_1dda9a76ec950077,brand,christian breton,brand
attribute_b13858339d163f68,size,4 ml,size
attribute_b1e3eed29984557e,brand,oksale,brand
attribute_cee7bc31a598a72d,brand,kayzon,brand
attribute_ab8d5a5f6d34e639,material,"cotton,plastic",material
attribute_989202498a54af71,brand,snw,brand
attribute_1ba9f0246c2e828e,brand,lime crime,brand
attribute_c02117a9988b36da,texture,wet,texture
attribute_2e72d76bab91199c,size,0.1 fl oz,size
attribute_b0073a4676922f35,brand,ruukarm,brand
attribute_e245ac0649f8ea22,size,17 pcs,size
attribute_e814df2ac3e883bc,skin_type,acne-prone,skin_type
attribute_743ac42c23090844,scent,honey,scent
attribute_9dd33a00be2b0bf0,brand,david douglas skin care,brand
attribute_8b62c99bc0311d1b,skin_type,mature,skin_type
attribute_740f5f5402776dc5,size,32 pcs,size
attribute_ea64b4e37639d4d5,brand,hair by misstresses,brand
attribute_f226f1bcd2543199,brand,it's a black thang,brand
attribute_82a45d3b89b32059,benefit,"frizz control, high gloss, conditioning, hydrating, moisturizing",benefit
attribute_1c00e22688efd030,size,4 oz,size
attribute_0b73e532510e24c6,item form,wax,product_type
attribute_67a6eabd929f9e38,product benefits,"frizz control, high gloss, conditioning, hydrating, moisturizing",benefit
attribute_87e69b7943aaa245,brand,vaultz,brand
attribute_8083397ab72a54f5,product type,makeup artist case,product_type
attribute_2391a149d32064ff,color,black white stripe,color
attribute_e5efcfc1b268cc0a,features,"built-in 14 brush holder in lid, lock, adjustable dividers, handle, hard-sided construction",other
attribute_38ba03062096518c,size,10.00 count,size
attribute_ad04ee9c40543364,product type,headband,product_type
attribute_8b42d8d40ba47249,item form,ribbon,other
attribute_7f166061c9c97495,unit count,10,size
attribute_efce850f60288e69,brand,gucci,brand
attribute_4fd60813340a88e4,brand,kossys,brand
attribute_8a840743be33f6d1,brand,gracfulcub,brand
attribute_8e02756116129832,benefit,"softening,massage,massaging,detox,pores,exfoliating,relief from,blood circulation",benefit
attribute_36e304eb5623f7a9,scent,"mint, coconut",scent
attribute_a93e351d8236423c,size,2.60 ounce,size
attribute_8837effe8e3ba566,brand,glamlily,brand
attribute_7f9d8a28f65836df,brand,pretty frank,brand
attribute_87d439f77ead5660,scent,"lime, coconut",scent
attribute_484223707c2b88ac,size,2.7 ounce,size
attribute_981bb83a3d2645e4,brand,axe,brand
attribute_a5545a637ee66bf5,brand,kiss lipgloss,brand
attribute_9a0cd354f004a335,brand,golden gift box,brand
attribute_1d04b26c0cd9d3c1,texture,wipes,texture
attribute_96816127523e1aa0,brand,fa,brand
attribute_f56d13e178dff7de,scent,pink passion,scent
attribute_54725ff5cde9a020,size,6.75 fl oz,size
attribute_03bec4e5c89d9f26,size,6.75 ounce,size
attribute_71592498dcb7ce61,item form,spray,product_type
attribute_bb4dbd451380cd86,brand,lkan,brand
attribute_3228ceff65978895,target area,eyebrows,target_area
attribute_e872a279378b5261,product type,eyebrow stamp kit,product_type
attribute_1b6f55cb2b14e6c7,brand,nerium,brand
attribute_d6173082d82ec8f7,size,2 fl oz,size
attribute_4976895217b2645e,size,30 ml,size
attribute_6b4ffad0d74c412a,product type,day cream & night cream combo,product_type
attribute_73a48f0938ee8566,size,4 inches,size
attribute_d15e85510b0cdbed,hair_type,"all, dry",other
attribute_10a5f3741cc71fd4,unit count,24,other
attribute_4d762752b01a459d,benefit,no crease,benefit
attribute_6db870dcbcc7eb3f,color,yellow,color
attribute_c3bb5828b4ca59bd,brand,diabetaid,brand
attribute_9c9e66d08f8dc40c,size,4 ounce,size
attribute_ea10649c0ea49a87,product type,lotion,product_type
attribute_499682e1f4d78c2c,benefit,pain relief,benefit
attribute_aaa7e2261c1ae095,benefit,tingling relief,benefit
attribute_269146175776afeb,brand,kate,brand
attribute_ba53bc2e43d73cfb,product type,eyeshadow,product_type
attribute_2cf28be01478e7a4,brand,color club,brand
attribute_fb838b526d5468bd,brand,nugg,brand
attribute_211676754e0c90ba,scent,hydrating,scent
attribute_e2c6e3303fab4072,size,2.0 fl oz,size
attribute_0164ff413eaa671b,size,0.33 fl.oz,size
attribute_e5296242cd9db3f6,brand,chelly,brand
attribute_1107ce43ebbc8fd2,scent,floral bouquet & moetberry,scent
attribute_76d49a1a04fb5fcf,size,16 fl oz,size
attribute_02379394a627ca46,brand,saints & sinners,brand
attribute_b86a40614c32ff01,benefit,"smoothening,shine,moisturizing,nourishing,repairing,replenishing",benefit
attribute_471c264c14e50cf0,hair_type,"all, coarse, curly, dry, chemically treated, damaged",other
attribute_c2ce763854c4f551,size,25.4 oz,size
attribute_2acbe2435e4b8af2,brand,desert wink,brand
attribute_390f5d83f4152dfe,material,"silicone, rose",material
attribute_294e7b63e8a27ccd,product_type,facial roller and gua sha set,product_type
attribute_67cea175404ec3f9,material,rose quartz,material
attribute_5312ae6fb6fa533a,material,silicone,material
attribute_cc1657b0a72c1a2a,benefit,reduces puffiness,benefit
attribute_a2767fa21203d2f2,benefit,lymphatic drainage,benefit
attribute_1ce96c65ed398104,brand,versace,brand
attribute_571e4ae47b2c9521,scent,floral,scent
attribute_b89bdbcfd5bc7194,scent,fruity,scent
attribute_28df3139ac646d1d,scent,musky,scent
attribute_34c0fe45bb3471d7,size,90 ml,size
attribute_47c3ab1068aafc7e,brand,yocytu,brand
attribute_72c03897089fab29,product_type,hair bundles,product_type
attribute_a99809c796ba2b76,material,virgin human hair,material
attribute_24cf88a97345a072,size,24-28 inches,size
attribute_933d64608e78a0f7,brand,l.a. colors,brand
attribute_06371d0eb3a42d40,brand,ogx,brand
attribute_a3550e3ab291761d,hair_type,color treated,other
attribute_fde1ae5f2a9537ad,brand,lulu flower,brand
attribute_36f74301bbc386c1,benefit,relieve stress,benefit
attribute_aec42178d5dc2398,hair_type,"all, wavy, curly, thick, thin, straight",other
attribute_d25025c0363f25ed,size,8pack,size
attribute_9bdf756cb91995e6,brand,e.l.f.,brand
attribute_d8bd992c1073c0f8,size,1 pack,size
attribute_a4c265a971f77c95,brand,organic complexion,brand
attribute_aec81315211a4066,size,3.5274 ounce,size
attribute_678147b40d7d5d90,brand,heidi & oak natural labs,brand
attribute_bd2ecbb08d6a2cc9,size,1 fl.oz,size
attribute_b8c8496b8e182c5f,brand,royadve,brand
attribute_29c7c7d4b1dad951,brand,tioolioo,brand
attribute_2b3cd707e106e41b,brand,cilusar,brand
attribute_82ba0c1e8849a1c4,benefit,"smoothening,detangle,breakage",benefit
attribute_73bfec65e0ffb3f9,brand,loanzeg,brand
attribute_908f1cec52fba23a,color,12pcs sage green,color
attribute_ac4605154454ca88,hair_type,sage,other
attribute_e88de59d5a687585,brand,freeman,brand
attribute_3eaffc63d838908d,benefit,detoxifying,benefit
attribute_c0c134b73c670c3d,hair_type,"curly,wavy",other
attribute_cda88eece1915acd,brand,5am,brand
attribute_ccd0b7ade1e1dd30,size,1oz,size
attribute_60b941ea2d593008,brand,sadapack,brand
attribute_cc11cd1389d2fe99,size,500ml,size
attribute_80c60fa91846f217,item form,gel,texture
attribute_31e2e247760fe30f,scent,earth,scent
attribute_7cdff79b73fef2e7,product type,shaving gel,product_type
attribute_4b4e39b65eddea9a,brand,ali moda,brand
attribute_fa25d6072876a8ad,hair type,wavy,texture
attribute_513ceb3603fac7a5,product type,body cream and fragrance mist set,product_type
attribute_584330506097c7be,scent,moonstone,scent
attribute_73f834545682d016,brand,clover leaf,brand
attribute_12693e6230ff6ca8,color,dark brown,color
attribute_4273d03f49b40865,brand,cosswe,brand
attribute_ed3f78978686a94f,material,paper,material
attribute_4552b75c31945e62,color,"assorted,gold",color
attribute_e10fce8e2048eeb2,brand,runature,brand
attribute_217049fabd1011c7,color,19p60 gray blonde mix platinum blonde,color
attribute_13f4654a277dee98,weight,100g,other
attribute_3d72a0d84cbe30ec,length,14 inch,size
attribute_9524434a406f8521,product type,double weft human hair weave weft extensions,product_type
attribute_b3c791f0a972de41,brand,dan ning,brand
attribute_ccaaef6f2d473c68,color,ombre,color
attribute_a176e953339c1401,color,1b/350/613,color
attribute_7a6460a4370de485,texture,yaki,texture
attribute_b803530e83bec82a,length,"24""",size
attribute_8b77d98c07d821d5,quantity,8 bundles,other
attribute_543e7000732f3755,product type,pre-stretched braiding hair,product_type
attribute_1c33aee10d8d4df0,color,s3-009,color
attribute_da5b201400b07083,brand,yisimei,brand
attribute_fd21fac19ae84bc3,material,high temperature synthetic fiber,material
attribute_1de5dcaabe6a3058,length,24 inches,size
attribute_8c57c491247f9428,weight,600g,other
attribute_4d161542a32a6a3e,quantity,6 packs,other
attribute_179093f6033a2557,product type,senegalese twist hair,product_type
attribute_e64a549250f50b1c,benefit,heat resistant,benefit
attribute_f3522acfd54520d4,benefit,no fade,benefit
attribute_e6aeaa8067127a85,benefit,no shedding,benefit
attribute_9abe5ce134563374,benefit,no smell,benefit
attribute_704ce575c7dfd18a,brand,jane cosmetics,brand
attribute_2bb6d4304613c9f1,brand,greenford,brand
attribute_b2ad921b5539f105,brand,pcineio,brand
attribute_a94ecb7168d63e9c,brand,perfehair,brand
attribute_ac6824c4fc823720,color,grey,color
attribute_393e14680239caf5,size,l,size
attribute_5db54fa1b1ff8770,water_repellent,yes,benefit
attribute_dc7d60e8e4f7af45,anti_static,yes,benefit
attribute_2c54d6b9b2f5dd46,snap_closures,6 easy snap closures,other
attribute_6c33429f844bc651,pockets,two large front pockets,other
attribute_3c909b733b325d78,usage,"dog groomer, hair stylist, nail technician, esthetician, massage therapist",usage
attribute_e04bb14fc4e1ed8e,brand,yves rocher,brand
attribute_90699ed9ee6c48c5,scent,"coconut, aloe vera",scent
attribute_02f040c2cc10b920,size,200 ml,size
attribute_10afa125418f089a,product_type,hair and body wash,product_type
attribute_82fa447aec5f55d9,form,gel,texture
attribute_1cdb5da85ad58f6c,volume,200 ml,size
attribute_47cae1c6e4e0a8de,ingredient,monoi de tahiti,ingredient
attribute_71b59161935e6c08,size,0.5 fl oz,size
attribute_bd18c53b3446691f,brand,sinful colors,brand
attribute_b61df538f85794b5,color,grey metallic,color
attribute_08292f4cddc577a9,finish,metallic,texture
attribute_7aa45997652230ec,volume,0.5 fl oz,size
attribute_acabf044b4f394df,brand,prodcab,brand
attribute_0a744fe96d4a21b6,brand,adderenity,brand
attribute_a58dd9e6d6f04171,size,20g,size
attribute_806eb05218224149,brand,dr.g,brand
attribute_104e9c386d8d0bd9,spf,spf50+ pa++++,benefit
attribute_22002bf131549e9d,product_type,sun stick,product_type
attribute_4b0074c75ba621a0,sun_protection,physical sun block,benefit
attribute_a76380f8e02c2238,brand,papa recipe right for skin,brand
attribute_13cfc2014e66117c,product_type,cleansing oil pad,product_type
attribute_f260ece369b25359,benefit,makeup remover,benefit
attribute_bd8552c455f524c4,usage,girls,usage
attribute_569a924914ae7963,target_audience,girls,target_area
attribute_47963524f620e4db,product_type,hair accessory organizer,product_type
attribute_390b24fb028f1f2f,brand,beeorders,brand
attribute_063baa4c0fe9ef13,skin_type,"sensitive, dry",skin_type
attribute_eff4eb612556fdc9,scent,"lavender, jasmine, rose, lemon",scent
attribute_bff89f5400318ff6,brand,violet,brand
attribute_b3d4bcbf14fe2de0,brand,sunny hair,brand
attribute_427a0c53a251ff28,brand,innisfree,brand
attribute_55125a5e8620b1e8,benefit,"an integral part of korean skin ritual, sheet masks are a portable, concentrated way to address your skin's needs.an integral part of korean skin ritual, sheet masks are a portable, concentrated way to address your skin's needs. see more",benefit
attribute_171b3f0117e0145a,item form,sheet,product_type
attribute_ecabfd79ef64f19f,product benefits,"an integral part of korean skin ritual, sheet masks are a portable, concentrated way to address your skin's needs.",benefit
attribute_dd1752bb75618c34,brand,perlier,brand
attribute_4799a29ce492dda9,size,3.3 fl oz,size
attribute_b0ce7eb7ce11b554,item form,balm,product_type
attribute_9cc1c72e151f6190,unit count,3.3 fl oz,size
attribute_b004239f2d466049,size,9 piece set,size
attribute_7678fdbd0742760b,item form,wrap,product_type
attribute_d299e743f1d66a42,brand,lk lankiz,brand
attribute_642e41e16baa5a1c,brand,w7,brand
attribute_08015321f9b3889f,brand,kiara sky,brand
attribute_2026afbd3c082b17,brand,pangda,brand
attribute_c38bf15e1ac4ff49,product_type,eye shadow,product_type
attribute_e888e7ddf362dfa6,color,rio de rose gold,color
attribute_a7e7d02fc7755405,texture,watercolor,texture
attribute_46217b9fdd6fb1de,brand,exolgo tendresse,brand
attribute_b8cf9b08448374d6,color,soft brown,color
attribute_587592376294428c,product type,eyeliner,product_type
attribute_41595fb52dc9c04d,texture,soft silky,texture
attribute_916647cf8f912d5d,waterproof,yes,benefit
attribute_fd80ad57063cb927,long lasting,up to 10 hours,benefit
attribute_171f7fd17363b583,form,pencil,material
attribute_fa08aa05d70f451a,self-sharpening,yes,usage
attribute_eb4c6d92f952148a,sponge applicator,yes,usage
attribute_b0b2b851979bc651,brand,tahe,brand
attribute_cccb13d4747a85bd,hair_type,frizzy,other
attribute_37484cf2b41d1051,size,125ml,size
attribute_227ec285f95394b8,brand,mariah carey,brand
attribute_d916ac39c2665be4,brand,prestige international,brand
attribute_c425d52341291973,product_type,skin care set,product_type
attribute_045d7f9b36cf5264,size,10g,size
attribute_b53a3f2c3950e5e9,benefit,rejuvenating,benefit
attribute_2fb5d1bc2fb30db7,brand,exchic,brand
attribute_ff36c1a46ae09499,unit_count,1 count,size
attribute_a6014f88f4f4e4d2,brand,cupben,brand
attribute_84e8fda973f8255a,brand,povetire,brand
attribute_ab32674328a7cb2e,material,"pearl,plastic",material
attribute_ddca7f907842eee4,brand,aokely,brand
attribute_4c997979d6482ff1,brand,hemani,brand
attribute_c3402a60404881b5,brand,dolly dolly,brand
attribute_911b8e696285b566,brand,tiffany & co.,brand
attribute_bac203cfa97feb53,brand,maitalent,brand
attribute_a213f476567ff086,brand,byhair,brand
attribute_3f081a6dbbeb8f7d,texture,curly,texture
attribute_d223b2d752094dcd,brand,beron,brand
attribute_44876298116290f1,color,ombre green,color
attribute_29bd85136e7da144,brand,gu angqi,brand
attribute_d20db86dfbf550eb,brand,kicosy,brand
attribute_272fd7a157132c46,brand,nbnmty,brand
attribute_f12cdb442e4ecaa0,brand,wudaozi,brand
attribute_d9ee28956eaeae99,texture,spiral,texture
attribute_73d958da7b351e80,brand,outre,brand
attribute_fbd894fcb82f0174,color,s4/30,color
attribute_fdce25822dbe55ec,hair_type,pineapple style,other
attribute_c7453be416c83347,brand,fragrance g.u.c.c.i,brand
attribute_cf0d85beac0b7a11,brand,mosinngy,brand
attribute_46cdd82f2900501c,scent,bergamot,scent
attribute_65283b9e1a65ea12,size,10.5822 ounce,size
attribute_2dfb5c31ecb6f86c,size,10.58 oz,size
attribute_9c0e472a3165a130,brand,fari series,brand
attribute_90492515c2013284,brand,buycrafty,brand
attribute_bade02aa05c3c92e,brand,nyc,brand
attribute_d398e45e417c6cc4,brand,sybeauty,brand
attribute_28ab3b4f8373e88d,size,10oz,size
attribute_998b3e57aa9fa210,product_type,body scrub,product_type
attribute_5f10edfb8de932df,ingredient,sea salt,ingredient
attribute_784aae3832a34632,texture,scrub,texture
attribute_ad248afb6da85c22,usage,bath and shower,usage
attribute_afb7da58d7ae5511,dietary preference,vegan,other
attribute_7583b8827570a162,brand,mary kay,brand
attribute_dbb49bbeba56b97c,size,1.7 fl. oz,size
attribute_61f052a462acb3e1,product_type,facial peel,product_type
attribute_50d70aea790909bd,benefit,revealing radiance,benefit
attribute_f97585ac5e49fc80,brand,riicfdd,brand
attribute_c9c743287be1240f,shape,coffin,other
attribute_9e6bca3a348ac6a5,shape,ballerina,other
attribute_1322bbe037f455d3,length,short,other
attribute_ef61f888e23dca4b,size,24 count,size
attribute_8deab6eab7af9463,brand,ashilisia,brand
attribute_efe7c6600b24c206,brand,ruairie,brand
attribute_d62fecf469c580b6,brand,angel3292,brand
attribute_c4bd9aa9401df473,size,3.3 oz,size
attribute_ea1c129b0c714052,brand,mwellewm,brand
attribute_bea80b08c8c4d9eb,size,15 pcs,size
attribute_cf48d67b8fc1ac1a,brand,beafay,brand
attribute_322667fb62c77370,brand,kao,brand
attribute_8b03409d5524060b,size,3.0 ounce,size
attribute_da1e11fe5e8ccde7,size,11.49 floz,size
attribute_3f5ba7d065c6ca14,brand,blue saint,brand
attribute_cbe216203751061d,material,"nylon, wool",material
attribute_1eca7ac401b422e5,brand,jd jeffrey dame,brand
attribute_65df48e29550868b,size,2 ml,size
attribute_803f5ad3a4191799,brand,bhl,brand
attribute_eab51ebf6c30fa84,color,sapphire blue,color
attribute_0d1aa8fa1dd89eac,style,bob,other
attribute_abeb98666ae222bc,lace_type,t part lace front,other
attribute_2c3391e8ceb62ec2,hairline,pre plucked,other
attribute_7990ada4e03e0822,brand,ayniss v wigs,brand
attribute_ca28a02137679048,size,30inch,size
attribute_3987d54516f8b20e,size,30 inch,size
attribute_2ef792dac4799173,lace_type,t part 4x1 transparent closure,other
attribute_540cb0caba6bb581,density,150,other
attribute_6c68e7a8dba028dc,hairline,pre plucked with baby hair,other
attribute_362b673e54668133,color,true teal,color
attribute_5323dcf87eddf5fb,unit_count,2.00 count,other
attribute_13e76cf5af88d2fe,brand,divya pharmacy,brand
attribute_d50f2ce4c22cc227,size,10 grams,size
attribute_73d424a6e718e739,brand,full shine,brand
attribute_98f3243c71df20b9,brand,anatoliadaphne,brand
attribute_d4d9c1f632dad92f,scent,"lavender, almond, rose",scent
attribute_ed445d7efe1b1f1f,brand,mirrormore,brand
attribute_e89b2131e553e798,color,platinum blonde-n,color
attribute_40fa5a9087e8e3ea,size,10inch,size
attribute_c4321056d4a5e9bc,brand,broadway nails,brand
attribute_d9461023fb712a36,material,gel,material
attribute_aee267921a27d277,product_type,press-on gel pedicure nails,product_type
attribute_1c89a2327f65cd61,target_area,toe nails,target_area
attribute_b0e2eef69eea2e02,brand,jieliele,brand
attribute_34229f8c13d40e73,size,50ml,size
attribute_b99b906f8b2a6617,size,50ml/1.7oz,size
attribute_e4142236aefe567d,product_type,travel bottles,product_type
attribute_bb39caa9034e74dc,brand,jzyqyh,brand
attribute_4c2105c9fb8920a3,color,honey blonde ombre,color
attribute_1863dcbbbe7f72d2,length,"14""",size
attribute_5ae8aa790d199387,product_type,lace front wig,product_type
attribute_bdde1543b5ad1aea,brand,n/b,brand
attribute_e786ac5b06122635,color,hot pink,color
attribute_469592ae869e8309,size,20 x 3.4 cm,size
attribute_70531ccef6e1e00f,power source,2 aaa batteries,other
attribute_8b3ad47147f88d3d,speed settings,30,usage
attribute_6cedb5f3e41b369d,brand,lovogue,brand
attribute_71bb4a9df39c996f,pattern,printed flower,other
attribute_3f2688daa234c36c,count,6,other
attribute_fa41a2ef9a6fdabf,style,vintage twisted feather,other
attribute_e29d9822b164a2a3,brand,sundiego2020,brand
attribute_e231a10e93fc7caa,product_type,hair clip,product_type
attribute_18423e24a22a28f6,count,4,other
attribute_3d491c5513dd96cf,hair type,all,target_area
attribute_466ce10287c48a67,brand,british sterling,brand
attribute_49cf89d1ebab943a,size,4 count,size
attribute_b606b89014e87a59,product type,shaving cologne gift set,product_type
attribute_8125d02be0fd5aab,brand,pina colada,brand
attribute_67ac8b79e0daa6f0,product type,compression arch sleeves,product_type
attribute_08922fc3b9aa5d46,material,"nylon, silicon gel",material
attribute_30ec03d7553302c5,target area,"foot, arch",target_area
attribute_f641662f5820216e,brand,augoog,brand
attribute_3f9520efb3c6d967,product type,eye makeup kit,product_type
attribute_03dd33fa147d376d,size,40 count,size
attribute_65495a67d110f79c,target area,eye,target_area
attribute_3821887afde00ee6,brand,leosa,brand
attribute_f462b99a66440e25,product type,hair extension,product_type
attribute_05059029cca67119,brand,sigil scent,brand
attribute_c74ff95d3394a8f1,product type,eau de parfum,product_type
attribute_e801b9a2b65d4485,brand,syhood,brand
attribute_4faf39aa52317d70,product type,sleeping cap,product_type
attribute_4cdb00931aa9fd3a,pattern,floral print,other
attribute_ed79e387df3559a0,usage,night sleep,usage
attribute_1fcdc158c27709cd,brand,nylrem,brand
attribute_dda8a80dd5ed125f,brand,feayea,brand
attribute_3820a675cb0dd993,brand,freetress equal,brand
attribute_e4b73cdca3a0f2dd,brand,tarte,brand
attribute_709c5247f091d93b,size,0.23 oz,size
attribute_dc968b09bd21b222,brand,k9 granola,brand
attribute_6bf3c6481ed259e7,size,1.000 count,size
attribute_0fc6fa98733d5f9f,size,12 ounce,size
attribute_b25799bfcd250e43,product_type,dog treat,product_type
attribute_372d1e9adafc63e2,flavor,banana,scent
attribute_8ace6061d79c55d7,ingredient,banana,ingredient
attribute_388838831909cbc4,ingredient,sugar,ingredient
attribute_1c320ec22c36fc0d,benefit,potassium boost,benefit
attribute_77394fb458930d19,brand,sure,brand
attribute_635c85d57e55b546,scent,powder fresh,scent
attribute_74fe3195e780315e,product_type,deodorant,product_type
attribute_a6c56942c4383087,texture,solid,texture
attribute_2677b5f6c5ffd3a0,product_type,cosmetic organizer,product_type
attribute_a88cac9ffb7b2fde,size,4.5 x 9.5 in,size
attribute_6d8fada64065d684,capacity,64 slots,other
attribute_c198abe77d50e369,brand,funoc,brand
attribute_354424319fe5315e,brand,nail angel,brand
attribute_9695c21e973ee63a,size,7.00 count,size
attribute_228b5e76bf774864,product_type,nail sticker,product_type
attribute_910af2db869c20d2,count,7,size
attribute_d14c8f2db7110c5f,brand,lilyangel,brand
attribute_049bc25aa5c6ec32,color,1 color holographic powder,color
attribute_58b3eeff5ad525b9,product_type,nail powder,product_type
attribute_e5e070868810bfc4,form,powder,texture
attribute_a683da9f363a910c,color,holographic,color
attribute_2dd883bc32345e1f,count,12,size
attribute_3196a2b6c029f901,brand,dzt1968,brand
attribute_0bb0c6795a023be3,material,polyvinyl chloride,material
attribute_bfb8d8ca6540219b,product_type,toothbrush holder,product_type
attribute_04593d5d5d7bdac2,material,pvc,material
attribute_eba7add99dc5e00b,size,17.5*6.6*5.5cm,size
attribute_b45ea62960e1859b,size,9.0 fl oz,size
attribute_830d49ccfad11fbf,brand,usonline911,brand
attribute_e2badfd0675cfd50,brand,smpl objects,brand
attribute_7a104ebaea95a946,brand,dkaf,brand
attribute_bc1a96bd906d1065,brand,benafee,brand
attribute_3b8d3fb29903d928,material,rhinestone,material
attribute_dfbcd2dc574360f4,size,4 piece set,size
attribute_9cf06b896b566625,brand,naqier,brand
attribute_a81fc8d21e271135,brand,peacoco,brand
attribute_739df5db2ea53ab3,brand,guangxun company,brand
attribute_6d93ef7be1468712,hair_type,"curly, kinky",other
attribute_a3683d93fd13f6d1,brand,clear turn,brand
attribute_14ea3cc8e6d2ac6f,brand,djdl,brand
attribute_c0b9fabc95f5d9a7,brand,redflow,brand
attribute_19c15ea60f2938fe,brand,dream soul,brand
attribute_27f586ba6d2cadcd,brand,greenwich bay trading company soaps,brand
attribute_f9b963c924968cfc,scent,"eucalyptus, honey, pear, peppermint, chocolate, ginger, lily, cranberry",scent
attribute_2d5da1788e86921f,size,15 pack,size
attribute_f0d9c9f3cf663902,scent,eucalyptus,scent
attribute_4ba6df0addd01e6a,scent,pear,scent
attribute_eefb1300ff14b687,scent,peppermint,scent
attribute_e2359f9fb629ff37,scent,chocolate,scent
attribute_e79916a2fb0a543f,scent,ginger,scent
attribute_7e8edc532dd99c96,scent,lily,scent
attribute_916ea77d61f599ec,scent,cranberry,scent
attribute_9db66f23183c5aa4,ingredient,essential oils,ingredient
attribute_4320118740b08316,ingredient,natural extracts,ingredient
attribute_0c8aaa8442a7efb9,brand,massimiliano incas,brand
attribute_cf719bb93a2c368a,brand,karma cosmetics,brand
attribute_976fbbc6cf27d46a,product_type,foot peel mask,product_type
attribute_1447ebe521618f23,target_area,feet,target_area
attribute_49a5cf1dca270cbe,benefit,soften,benefit
attribute_59d09a0d1d6bf344,benefit,remove dead skin,benefit
attribute_d2eea97dfa2fabc5,brand,maybelline new york,brand
attribute_d3ce87488ba270aa,color,rebel red,color
attribute_30431c3fbdb92afa,brand,hello,brand
attribute_f240513086d1abf4,brand,best,brand
attribute_e72fd29d7270dcb6,brand,simple,brand
attribute_a3cf6c5af8a8eb3f,skin_type,"sensitive,all skin types",skin_type
attribute_401c536d234b7bd5,scent,cucumber,scent
attribute_d4f65a233fd16315,size,500 ml,size
attribute_8a85bb4f5d9fd813,skin_type,all skin types,skin_type
attribute_2a02a1135fa9df2a,benefit,refreshing,benefit
attribute_c9b2915246f278b3,product_type,shower gel,product_type
attribute_5d842538c53c0c71,brand,dreamore,brand
attribute_0f8ed5901d11ed81,scent,himalayan salt,scent
attribute_a9b7faa9bba8dd07,skin type,dry,skin_type
attribute_57ee6920413808f8,scent,himalayan salt lychee,scent
attribute_56b76a1f60405b32,product benefit,exfoliating,benefit
attribute_22490089a062c0ad,product benefit,moisturizing,benefit
attribute_0578b44b0b954df0,product benefit,deep cleansing,benefit
attribute_c33dfaa088960e77,texture,exfoliating salt scrub,texture
attribute_79b03a8a81b0a924,ingredient,himalayan salt,ingredient
attribute_5d45b874163872d7,ingredient,lychee oil,ingredient
attribute_0d3aef31c1d0da6c,product type,body scrub,product_type
attribute_eaf83ce98f91eb36,brand,apt accessory,brand
attribute_4cfe547b969d3a2b,material,alloy steel,material
attribute_fc33216d6cb414f5,material,"plastic, metal",material
attribute_7d0bd4e0917bbb86,size,22 x 2.8 cm,size
attribute_c5c370cb9de2c2de,size,8 cm,size
attribute_d7fbd629b416aead,quantity,16 pieces,other
attribute_1f50bfea7a71a39f,usage,hair styling,usage
attribute_ee49c39c115eb487,product_type,comb and clip set,product_type
attribute_1e13110d0af5840c,brand,misaky make up,brand
attribute_78b4f17efc6e519b,material,canvas,material
attribute_4144f7d0daa3e375,size,13 x 9 x 9.5 cm,size
attribute_a6441765e3a24189,product_type,clutch bag,product_type
attribute_8551abefbc3f65ac,product_type,wallet,product_type
attribute_54beeca4ea032217,brand,shinehair,brand
attribute_fe1f1d7e609ecf9f,length,22 inches,size
attribute_ce3d03606358f2bc,brand,color cleaner,brand
attribute_19fcbf018e5b6648,brand,la splash,brand
attribute_7b2bb9a7484f7fc8,color,poison apple,color
attribute_1aeca7e88a3e6213,brand,bchr,brand
attribute_7c54059f4e2aa2a3,brand,dms,brand
attribute_4670cf73e3fbeb00,brand,qnt,brand
attribute_6d4caca9bf37464a,color,"red, white",color
attribute_74e0a07431c9a287,item form,file,product_type
attribute_f721d3a6cc26f26c,unit count,1,size
attribute_79357421c5f73db5,usage,foot callus removal,usage
attribute_3766883870923491,target area,feet,target_area
attribute_460d486ed41b044a,power source,cordless rechargeable,other
attribute_d8e351c279ba40d4,brand,weispo,brand
attribute_aa23ccf253f4f699,size,6 piece set,size
attribute_0887895f28310db2,size,6pcs,size
attribute_ffdbae73c27ad086,product type,temporary hair tattoo stickers,product_type
attribute_9bb4f75691d7124a,brand,valobra,brand
attribute_5ddb088e93e3dd19,brand,glinda,brand
attribute_f49c0cf7e6ae1aad,brand,tom ford,brand
attribute_715821d75c3bafe7,brand,daisy dnd,brand
attribute_1dad3f5a7d04a43c,brand,cexin,brand
attribute_c0d7efe70d2b67e4,color,indian hair,color
attribute_57a6d1e8f46648da,brand,bo feng,brand
attribute_95d00dea8b7d2371,brand,sun's eye pure oils,brand
attribute_549b5caecbb10bfe,brand,funfunman,brand
attribute_bbd4bfe09c381663,brand,salon science,brand
attribute_8b39b4feec9efab6,brand,lilly pulitzer,brand
attribute_38e1e88f5ae17321,color,coco coral crab,color
attribute_4525b17f65fab589,material,"polyester, spandex",material
attribute_8801cfe08eab4af8,usage,hair out of way,usage
attribute_5b81710e6204ae58,material,"foam,sponge",material
attribute_0ba07bcece2b52d8,size,28 pcs,size
attribute_643b5a92f5ae0ee6,material,"foam, sponge, elastic",material
attribute_590be1edfc3c61c3,product_type,hair bun maker set,product_type
attribute_e1427413d972500a,brand,lumiere,brand
attribute_933e4d9e371b8336,product_type,braiding hair extensions,product_type
attribute_0c5a08cb194c97de,brand,parker safety razor,brand
attribute_ef74f99d5ad21094,brand,eco style,brand
attribute_62e9d23b3beb789c,brand,fiddy,brand
attribute_d8157df5a0d372a3,item form,wand,other
attribute_81a31fc3b14febc6,brand,kraler,brand
attribute_ee7489fb9ab2d3c5,hair type,color,other
attribute_7593a2dd5e3d205f,size,8g,size
attribute_3f28cc3b9c0f6d0c,brand,m*a*d minerals,brand
attribute_3e971c1d6aa4f1c1,texture,loose,texture
attribute_14b57565e90cd36e,size,10 gram,size
attribute_4cf3ce2ec5d0233d,product_form,loose powder,product_type
attribute_d8f08d103624e10c,finish,shimmer,other
attribute_fd001d58eb405d04,color,#613 color,color
attribute_dcf20528dae9c1bf,color,613 blonde,color
attribute_c39902ee63664529,product_type,hair bundle,product_type
attribute_b6cb531e7680c18e,brand,cyoung,brand
attribute_2dbebb4bafe40f40,size,1000 pcs,size
attribute_44157cd7ffe473bd,product_type,hair ties,product_type
attribute_380c23141b960503,brand,yvvo,brand
attribute_f4e5078f4a56d3c8,brand,boqq,brand
attribute_265c493bd93e84de,scent,橙子,scent
attribute_02f9edbfe5a11a3b,hair_type,"dry,chemically treated",other
attribute_9a4f70c93462e987,brand,elite medical instruments emi,brand
attribute_e3636bb3d3c80cca,brand,naturally naked organic skincare,brand
attribute_782d6640d21197ac,brand,tafly,brand
attribute_f5727c4889c0e9b4,brand,leyla milani hair,brand
attribute_c88793ee298979e0,hair_type,"all, dry, curly, thick",other
attribute_b2fb816718bf753a,brand,majestic pure,brand
attribute_c8976aca7a43cb2a,hair_type,"all, chemically treated, damaged",other
attribute_ce6c7a69795e0956,brand,medline,brand
attribute_be0d91fdac05677a,brand,amirty,brand
attribute_c8ab8e4f6563fb7b,hair_type,"body wave,wave",other
attribute_57cc373f33f0b491,size,10.5 fl oz,size
attribute_8a0815958a2ddb4e,size,10.5 oz,size
attribute_79be7da5cabba939,brand,arganatural,brand
attribute_e580bdb61dd61a03,brand,hebe,brand
attribute_b86cff5a62e49a76,brand,oxeyegirl,brand
attribute_0ce3a68148af00c2,brand,houseables,brand
attribute_22564d972b5610d9,size,1 pcs,size
attribute_6d31fc506a927709,brand,eboot,brand
attribute_13804c80e570136f,product_type,wig cap,product_type
attribute_4343ef60956711d7,color,natural beige,color
attribute_7a83038b63e5e72b,brand,qinmei,brand
attribute_f41ba61585023a4c,color,straight bundles,color
attribute_08f16ceded6ac99e,product_type,hair weave bundle,product_type
attribute_446d75ce2881cd12,weight,95-100g,other
attribute_b369097d3f42e34d,origin,brazilian,other
attribute_715178c8762a87e5,brand,detroit grooming co.,brand
attribute_6957a11189d91911,product_type,beard wax,product_type
attribute_a4df6a21498dd36d,scent,"vanilla, tobacco, cedarwood",scent
attribute_79a0454420547ee6,benefit,strong hold,benefit
attribute_b39e9d913c1fd21d,brand,wet 'n' wild,brand
attribute_b2e7fc2faae29688,color,mazel tov madness,color
attribute_e11e933c7fd14235,brand,b.tan,brand
attribute_1b6b4ae9aadbe8a9,benefit,"a violet base dark, dark 1 hour pro spray mist that knocks our orange tones. perfect for first-time tannersa violet base dark, dark 1 hour pro spray mist that knocks our orange tones. perfect for first-time tanners see more",benefit
attribute_01663df7b08a9a19,size,33.8 fl oz,size
attribute_033c242b65146756,product_type,spray tan solution,product_type
attribute_75a29c227f751fa9,benefits,violet base dark 1 hour pro spray mist that knocks out orange tones,benefit
attribute_ff0dc6b4bc7a17a9,product_type,hair headband,product_type
attribute_7e69e2bc2a579155,item_form,ribbon,material
attribute_5f040e2b32edb2af,brand,hlin,brand
attribute_123d345a5793f7f5,brand,zakia's morocco,brand
attribute_a871460333c2b818,brand,the ordinary,brand
attribute_772371b36efb5b13,benefit,fine line treatment,benefit
attribute_4e001418f2a161c2,size,30ml,size
attribute_901fcda3ddff3dca,brand,la fresh,brand
attribute_c42f2423034a3bc1,brand,wondergloss,brand
attribute_70cc26fc6a40bdd9,brand,seya,brand
attribute_880a82f8410b7374,brand,bly,brand
attribute_0ef3da04afcac80d,brand,jomocare,brand
attribute_2ce46c0740cdb1ac,material,lithium,material
attribute_327c101eec9c2dd5,product type,water flosser,product_type
attribute_fb4a93fff31ae14e,brand,nonebranded,brand
attribute_a41786ecea0de5b6,product type,cotton pads,product_type
attribute_48041a53b8936b31,brand,gukasxi,brand
attribute_e55385fb0e7a84f8,size,1000pcs,size
attribute_4c16140d18630db0,size,22inch,size
attribute_efb565b97f5786ea,brand,ktkudy,brand
attribute_f373323cfc6c53fc,material,wood,material
attribute_c96b4688912c0054,brand,great,brand
attribute_8e7502fffea6265b,brand,gswoi,brand
attribute_86600e0a0b249351,brand,falafala,brand
attribute_df7083a353bd32d4,brand,ldab,brand
attribute_f5b8cfd60c8b204b,brand,newbang,brand
attribute_e022e55295123199,brand,sheamoisture,brand
attribute_7fa5efe23fc37546,texture,aerosol,texture
attribute_1a7b48be96b65b17,benefit,"detox,exfoliating,detoxifying",benefit
attribute_e02aba0a53c025a4,brand,bagvhandbagro,brand
attribute_d77af811705d7c54,brand,aliyaduo,brand
attribute_14d2936ab33ca135,color,light pink,color
attribute_4e9bb2aee0f62b0e,product type,mannequin head,product_type
attribute_ea7c8b0b7bc4e2a6,usage,practice eyelash extensions,usage
attribute_4d1d2f52f2b89a49,product type,tape in hair extensions,product_type
attribute_a13994ce6ce95189,brand,aifaifa,brand
attribute_230aab7aca9a13a9,size,25.00 count,size
attribute_3e4fdffd104184a3,size,25pcs,size
attribute_625a61fd6504a791,unit count,25.00 count,other
attribute_ab46f9685cd04344,product type,nail gel polish kit,product_type
attribute_d5f7394136bddd17,brand,ultru,brand
attribute_34993f6c7d70bd28,scent,calming,scent
attribute_c13be789144d37e2,size,1.1 fl oz,size
attribute_3c2fdcb90a14ed64,size,33ml,size
attribute_df51bf9aba64c8bd,texture,jelly,texture
attribute_c51a648ac8ecfdad,product_type,face mask,product_type
attribute_f8dd967c245d1ab5,benefit,calming,benefit
attribute_bc5f5fa3bcfd04f5,brand,kingwora,brand
attribute_39d31cb1d079a1d0,material,elastic,material
attribute_3c7cf35c3550cea8,brand,ali toptina,brand
attribute_20745f1c6e52f266,size,3oz,size
attribute_6ec52bcc0211f9db,brand,sussurro,brand
attribute_5fd8f1bcf90d564a,brand,zanlufly,brand
attribute_46561cfcfdd01a4e,brand,ryxskin,brand
attribute_18cfdf12dbb545a6,brand,urnice,brand
attribute_718a10fc50c39599,brand,laflore,brand
attribute_13b087aa40b76170,brand,royal lady,brand
attribute_0ba99c7ec9f1a1d7,brand,teak naturals,brand
attribute_91277037454907ea,scent,raspberry,scent
attribute_033f7be81e8c576f,brand,wumoni,brand
attribute_1100a8b2babe5deb,brand,mosher salon tools,brand
attribute_546616374c64e7da,size,6.0 inch,size
attribute_8e58ba0ac7fe89dc,brand,cinq mondes,brand
attribute_0345a2218ba0722d,size,0.8 oz,size
attribute_85710829ce9c7d7b,brand,gotech,brand
attribute_144748b5065f733e,size,140ml,size
attribute_3cfa67a13bbb693a,brand,lusucat,brand
attribute_0b6420226c2c2ba0,brand,sedal,brand
attribute_322188e8ffa27a0c,size,340ml,size
attribute_8b10bf23267f2298,brand,k-concept,brand
attribute_d0133f468d2a370c,brand,geloo,brand
attribute_ef0c27cc28ae66d3,size,31.4 inch,size
attribute_64c197f18c0de4e9,brand,healthing,brand
attribute_ab60a349d8d5c95c,brand,fheaven,brand
attribute_383321a984004e52,brand,ever ego,brand
attribute_aeae891d8294e43c,size,33.8oz,size
attribute_68c20287d505757b,brand,ry,brand
attribute_846da76036c15e92,brand,surker,brand
attribute_2dfc10f8eda208d1,brand,sinbounboun,brand
attribute_b2de9ccb69576cf9,brand,awle,brand
attribute_90fe9d4fc27decb7,brand,the crayon case,brand
attribute_31120c3cac1b1296,texture,crayon,texture
attribute_504cf1e05b134684,product_type,eyeshadow palette,product_type
attribute_806e1b01a5bbd234,number_of_colors,18,size
attribute_5ade6a9a0674b169,texture,shimmer and matte,texture
attribute_0160d4f4cba573b7,brand,o3,brand
attribute_a40d50aa7d6920db,scent,meladerm,scent
attribute_42ea3cbfd851a0c3,product_type,de-tan mask,product_type
attribute_f6308dd4fb2a639f,brand,snozzle pro,brand
attribute_cbe8071801d4f069,size,1.5 inch,size
attribute_231426d88602f367,product_type,hair dryer nozzle adapter,product_type
attribute_3a23c968242f8bab,size,1.5 to 2.25 inch,size
attribute_a81d25139763e935,brand,tate's the natural miracle,brand
attribute_304881771d5b9bc9,product_type,nail polish remover,product_type
attribute_4485fa3abe0bd0ef,scent,odorless,scent
attribute_7d6718e2e3333f47,brand,clinique,brand
attribute_e01c241883ff6340,size,3.4 fl oz,size
attribute_c138c918792453d8,scent,happy weekend,scent
attribute_24624abcd58b0568,brand,bohend,brand
attribute_049d2217c1419055,texture,stretchy,texture
attribute_82d535fcdf5979b0,brand,hyoujin,brand
attribute_6029651b08f9e514,brand,inkint,brand
attribute_9fb2ab502bc0dec2,size,1.2 inch,size
attribute_f3b7a77be252651c,brand,elapoti,brand
attribute_98ad1f30a9219485,brand,stila,brand
attribute_c37992471f74e67d,benefit,"curated to work with your skin tone, but each palette is wearable on all skin tones.",benefit
attribute_56dec5ce56f9e0c2,color,fair/light,color
attribute_5cf7ea4cd833f84f,product_type,eye & cheek palette,product_type
attribute_f3ea007432213ed9,benefit,works with your skin tone,benefit
attribute_cff92beec5d24642,target_area,eye and cheek,target_area
attribute_11164f55dde5294a,brand,morphe,brand
attribute_09be5f7e396620ac,texture,"cream, powder",texture
attribute_c4f1dd5cca3a2570,product_type,artistry palette,product_type
attribute_40ee063c2d1b3ae2,brand,omega,brand
attribute_1315f3043efe6e9d,product_type,shaving brush,product_type
attribute_2f54750da8680eb6,bristle_type,soft bristles,other
attribute_b6379005ebdba733,handle_material,resin,material
attribute_676007658d6613fa,origin,italy,other
attribute_e10ab881b8962457,brand,funworld,brand
attribute_d77a8c75bd30b693,brand,uaruogp,brand
attribute_b49c5cc914326a51,color,assorted color,color
attribute_b125105d69a0d170,product_type,makeup sponge holder,product_type
attribute_3274bbdf290366c5,brand,hlzg,brand
attribute_79c1f41055cdf025,product_type,cosplay wig,product_type
attribute_e1d7dd73d2b45fe8,color,brown gradient black,color
attribute_a570e2ea224191fd,length,short,size
attribute_aae5ee35ab1806e7,brand,kaileqi,brand
attribute_4596a992b82968d8,product_type,bobby pins,product_type
attribute_340333693e667a0e,quantity,6 pieces,size
attribute_edce454c01d1d14d,style,vintage flower decoration,other
attribute_a578007e232f39f9,brand,kgbfass,brand
attribute_be032e069ab59ec8,brand,mth,brand
attribute_0b88c05672ccfe1a,size,1ml,size
attribute_323d83dc2e159b5f,brand,emjoi,brand
attribute_f405f145b152ba33,texture,roller,texture
attribute_0eca54c1102570da,size,16.0 ounce,size
attribute_f51d3e3ae02d81ff,brand,effadaine,brand
attribute_edcc76df1be332aa,brand,"upd, gbg beauty paw patrol zd bundle",brand
attribute_58506fa9042372bc,brand,ovviointernationaltopnatureplus,brand
attribute_5667bcd9d8c1dc5e,brand,trendbox,brand
attribute_52986b0a1bfc8d26,brand,funky fresh,brand
attribute_f46642cc41b299ee,usage,"costume party, halloween",usage
attribute_b494ec3b13e8d7d3,benefit,fun fashion,benefit
attribute_aa67a4f1a9f83e76,product_type,lip dew,product_type
attribute_1901cd00b3f3d956,brand,lqqks,brand
attribute_9681208d2f0f51d2,size,6 count (pack of 1),size
attribute_ed19c4551fcb2e81,product_type,hair rollers,product_type
attribute_3445af3ba4e15dec,item_form,clip,other
attribute_65ee663b5d298012,brand,caijuxing,brand
attribute_35ef643b91eff223,brand,alishow,brand
attribute_23cd878eb9bc6c56,brand,libelle,brand
attribute_3f04f97303b3eaba,brand,magick botanicals,brand
attribute_52a08eeb20380e0f,brand,iambeauty,brand
attribute_971de4774537628e,brand,vionic,brand
attribute_ac633a0ad41273e3,size,4pack,size
attribute_c95a2f64678595f5,brand,fake bake,brand
attribute_3f338ab9c55c0409,size,170 ml,size
attribute_216d0ce2b2070f53,brand,skin musk,brand
attribute_609732e3ffb21fa1,size,0.50 oz,size
attribute_a0ba5dd237728455,brand,newcally,brand
attribute_d47e71f42e46bc20,size,18mm,size
attribute_fbc728acf2bc1d08,brand,vérité skincare,brand
attribute_da2e6a33e12c45dc,skin_type,combination,skin_type
attribute_8c4ac5e0a3df2174,scent,"citrus, grapefruit",scent
attribute_bb4c2f2a82224247,size,4 fl. oz,size
attribute_3d27b9b2d479cc77,brand,syntus,brand
attribute_0996aecf8756fb85,size,1.014oz,size
attribute_94471ece3d11a999,brand,foviupet,brand
attribute_6c279d3e9e5dc34a,brand,hx,brand
attribute_e970768ea851ecec,material,"horn, wood, plastic, metal",material
attribute_6f997c115926cc6f,brand,anterogen,brand
attribute_353b5bac5f57c3cb,texture,"sheet, gel",texture
attribute_8869859f1baa4727,benefit,"hydrating, exfoliating, fine lines treatment, nourishing, anti aging, firming",benefit
attribute_97cd16c9acda1ac5,texture,wipe,texture
attribute_de87f8bb6fd91df6,scent,lemon,scent
attribute_adbc920aa78aa9f4,alcohol-free,yes,benefit
attribute_e1c9b9e1621663bf,size,4 inches x 7 inches,size
attribute_6d3a918704235137,count,100 count,other
attribute_d43178ef28bd5576,product_type,moist towelette,product_type
attribute_46ffa90cf9119873,brand,orianna,brand
attribute_50d8b3f1201662a2,size,22 inches,size
attribute_c2d1c7bf69259b4d,hair_type,wavy,texture
attribute_a6e0aef5621aea24,color,ombre brown,color
attribute_d3bbd94d13c759a6,brand,civrie,brand
attribute_08ba2ea3e1a5a975,color,ombre blonde with dark roots,color
attribute_b1e2c8e5a6bdfd3e,length,12 inches,size
attribute_04c3c0c08c0f40c8,style,bob with bangs,other
attribute_9a91148f06a81d63,brand,synergy,brand
attribute_4c837d290d764aa9,color,medium beige,color
attribute_73efdb239943ea63,brand,pure blends,brand
attribute_71d79f25c0cc8cb5,benefit,"eliminates color fade and color washout, while luxuriously hydrating, repairing and revitalizing haireliminates color fade and color washout, while luxuriously hydrating, repairing and revitalizing hair see more",benefit
attribute_07c6d04ce722e5c1,size,8.5 oz,size
attribute_d8244b33d4371533,brand,la compagnie de provence,brand
attribute_f352132e095c6f96,scent,jasmine,scent
attribute_fafdbdac2ad2abf1,size,2.5 fl oz,size
attribute_72d4c234c274cd7b,product_type,hand balm,product_type
attribute_9ee9451fc3f49f2a,length,16-18 inches,size
attribute_d96247dbc02228d2,weight,95g,other
attribute_63b2bead5c2f3efd,number_of_pieces,8,other
attribute_1ad4098b1a2c30dd,number_of_clips,18,other
attribute_c43a5bbbbcb28c60,product_type,clip in remy human hair extensions,product_type
attribute_5f736c0801d876c4,brand,wudas,brand
attribute_82c09a0b99b9d771,product_type,passion twist hair,product_type
attribute_e580b83a554bb31d,texture,wavy,texture
attribute_a49556676347980b,size,12 inches,size
attribute_3b9c5d8e56be31e6,usage,crochet braiding,usage
attribute_542443029393bf0c,quantity,7 packs,other
attribute_e6facfd88d5ed110,brand,woaills,brand
attribute_43e96d407545d4f9,brand,annila,brand
attribute_e753108868a5cdc3,brand,grip-tite,brand
attribute_2858963adf41a056,texture,"lotion, cream",texture
attribute_f28d29dec6b5fdcd,brand,dr adorable,brand
attribute_0018dbdf2a7f8f8f,brand,anruina,brand
attribute_11f0699794cf21be,brand,awefc,brand
attribute_9c0018545120cb64,size,36pcs,size
attribute_ff9d946f4b65d4ae,brand,rica,brand
attribute_6424e83f33115a47,benefit,"hydrating,nourishing,moisturizing",benefit
attribute_df4e9e2f0e9a3200,size,14 ounces,size
attribute_8450af3680ca44bc,brand,mandoyv,brand
attribute_b75e0fee3863f55b,size,2.45 fl oz,size
attribute_ca21e0dc17b9a401,size,12 ml,size
attribute_056f3975688bccfb,brand,tepezcohuite cream,brand
attribute_6b531f0b5f27a15a,brand,maxine,brand
attribute_9434731bd77c297f,brand,alvarez gomez,brand
attribute_99c2995de4443185,size,80 ml,size
attribute_4cbed73c4d144674,brand,imbue,brand
attribute_4068a23968a362b0,scent,"tea tree, neem, aloe vera",scent
attribute_b9d65ce641548f4a,brand,jocha,brand
attribute_3b03e0174bd77bed,size,100 pcs,size
attribute_1124cc1ec1872e81,brand,auokmar,brand
attribute_c914e39b78fa1fc3,brand,obagi medical,brand
attribute_fe92fa41817456bb,size,3 fl oz,size
attribute_3f6dc1e45c53bb06,brand,phosphe,brand
attribute_47541086ba25a3f3,skin_type,normal,skin_type
attribute_89e4461a548efe9e,brand,miny beauty cosmetics,brand
attribute_7f9d56c8efda65e2,brand,true + luscious,brand
attribute_604a498ed314efa5,usage,women,usage
attribute_0415bc75acc90639,size,0.12 oz,size
attribute_d2dfe8f954a88f0a,brand,freetress,brand
attribute_ecc27484933738cc,hair_type,synthetic,other
attribute_6892889769236c46,brand,liyate,brand
attribute_b89bcfca1cc5407e,material,"synthetic, human",material
attribute_d606a864b5566d64,size,8inch,size
attribute_07461b3bb398d070,brand,physician supplies,brand
attribute_ba2a3f1a8a43eb1d,brand,n\c,brand
attribute_a4e14208b5d50b3f,texture,loofah,texture
attribute_928c9eeb28642a42,color,beige,color
attribute_f20861ac5e391d7a,brand,boahankuke,brand
attribute_f8f00f508ae84077,material,"faux mink, cotton, mink fur",material
attribute_99a7fa8fe52ff883,size,22mm,size
attribute_239dfc775ae6018e,scent,pomegranate,scent
attribute_3796952f96a5ef21,brand,parrots treasure,brand
attribute_6cf7a29d5773e975,texture,"strips,wax",texture
attribute_a662688d661c223d,size,2.0 ounce,size
attribute_264ffea2b3cb2efe,size,72 pcs,size
attribute_323dda1a7ee2f85c,brand,blue finger,brand
attribute_657ed0af22e230c9,benefit,"hydrating, conditioning, moisturizing, nourishing, smoothening",benefit
attribute_4a4ba5a66216b6e1,hair_type,"frizzy, color treated, dry, chemically treated, damaged",other
attribute_18d6403cedc0d5e0,size,120ml,size
attribute_736d1570459949f2,brand,placenta life,brand
attribute_934127f80db64b00,product_type,permanent hair color,product_type
attribute_ed8ce4a0aafd1877,ingredient,quinoa,ingredient
attribute_c056c46cab4da2d4,ingredient,sacha inchi,ingredient
attribute_0dd5aedf42435b08,ingredient,passion fruit extract,ingredient
attribute_de186ef749923a9a,benefit,ammonia free,benefit
attribute_d51c719fe04a3de0,benefit,100% gray coverage,benefit
attribute_8d4081cb8b3b5e91,scent,fresh and fruit fragrances,scent
attribute_2eb503c15d8a4bfa,color,exotic chocolate,color
attribute_9884445c43b6481f,brand,the rag companyatopal,brand
attribute_7695d53731cfa853,size,11.00 count,size
attribute_56156c0efcb57f0d,benefit,makeup removal,benefit
attribute_09bb537010f4ea7c,texture,waffle-weave,texture
attribute_11eed3a56fec319c,texture,ultra soft,texture
attribute_6f242d1df782876d,size,4x4 inches,size
attribute_b9e23094e9d02f2f,size,8x8 inches,size
attribute_307d0c47dd301a8e,brand,the rag company,brand
attribute_25dad98821351387,product_type,makeup removal kit,product_type
attribute_b7490524be4bd88f,count,11,other
attribute_39251447b5998f31,color,ivory illusion,color
attribute_18f92d966fa84840,form,cream,texture
attribute_a795ab2b5f8a68a2,usage,apply with fingertips,usage
attribute_8beeb5defe42459d,brand,bourjois,brand
attribute_93eb73237ffb1fdc,brand,lady.a,brand
attribute_9f6b5535d115936e,brand,we love eyes,brand
attribute_70269740bfb57c82,product_type,eyelid cleansing brush,product_type
attribute_967025852867f625,target_area,eyelid margin,target_area
attribute_38e24df1d503efe1,usage,daily home care for lash extensions and eyelid hygiene,usage
attribute_a68047a1917e0c9a,material,bristles,material
attribute_5f1155de4af0df6a,benefit,gentle and thorough cleansing,benefit
attribute_13f5c9135c779309,brand,natura,brand
attribute_6b4611aeb61aabaa,product_type,eau de cologne,product_type
attribute_74bfbf2b86297b9e,scent,spicy woody,scent
attribute_e2c0cd71065cac81,ingredient,black pepper,ingredient
attribute_89f8f5058e6308f7,ingredient,sicilian lemon,ingredient
attribute_974aaad787b69946,ingredient,bergamot,ingredient
attribute_09564af35a1a69a9,ingredient,ginger,ingredient
attribute_8865962528e55995,ingredient,cedar,ingredient
attribute_677bca603246dd0d,ingredient,musk,ingredient
attribute_45e29a5b3f06327c,brand,pixi skintreats,brand
attribute_81b8334dd007a5af,product_type,cleansing cloths,product_type
attribute_ed5791a4ba2b80a7,brand,alincas,brand
attribute_bf7d8124166dde9f,brand,kuqqi,brand
attribute_c5d3b3a2f9d3ac13,brand,youngsee,brand
attribute_504a1d68f588dad4,brand,aeruki,brand
attribute_48b2a0a516735060,texture,"filer, shaver",texture
attribute_c1cac66ed6efc192,brand,cimiy,brand
attribute_89989942b3c5654b,hair_type,"dry, thin",other
attribute_fb70af3fe7d48154,brand,nails inc,brand
attribute_8c81173ffe38b15b,size,47 oz,size
attribute_7d92427f19836f54,color,orange rust,color
attribute_3b94234837dced64,brand,perstar,brand
attribute_87f8719f7bc5d683,size,6.7 fl. oz,size
attribute_cec81855b53dfbc1,product_type,cleansing oil,product_type
attribute_0d3d3c81fe1854d0,size,6.7 fl. oz.,size
attribute_578d24ce52e62bbe,brand,nubian heritage,brand
attribute_a7e01ce10fa4c1c2,size,26.00 fl oz,size
attribute_b975dd619567fa9a,size,13 oz,size
attribute_70ed80a95c455b25,product_type,body lotion,product_type
attribute_93032450e8bec68d,size,26 fl oz,size
attribute_06032c6e421e9c00,ingredient,cocoa seed butter,ingredient
attribute_834c011a580822f8,ingredient,olive oil,ingredient
attribute_a22e1364a68ff266,ingredient,aloe vera juice,ingredient
attribute_f238074e4d27cc14,ingredient,papaya fruit extract,ingredient
attribute_b5a4fc0e87e9ed17,ingredient,songi mushroom extract,ingredient
attribute_31c21fcedd7e04c9,ingredient,roselle flower,ingredient
attribute_63587c2ad0fea78b,brand,onene,brand
attribute_66b8d45c9c66c689,color,gold and silver,color
attribute_db8a7636dcfa521e,brand,aisi queens,brand
attribute_660680e94f309650,color,platinum blonde,color
attribute_96522b4a3f3bd1bd,brand,atopal,brand
attribute_72831f3c3093d818,scent,lemongrass,scent
attribute_5ee4b16f0bf09df7,ingredient,lemongrass,ingredient
attribute_900bb3a5f91a1947,ingredient,vitamin b5,ingredient
attribute_788fdd064ee879c5,benefit,reduces dark spots,benefit
attribute_0992c3daebaa5f61,benefit,defends against acne,benefit
attribute_8e78f3625f9af267,product type,facial cleanser,product_type
attribute_68cba76f1aa1ca47,brand,prism makeup,brand
attribute_ac46c4130dc02456,color,shimmer,color
attribute_05e63d4eb7cd93d6,color,metallic,color
attribute_84712ffffa505551,usage,waterproof,usage
attribute_f38d58e6475f50bf,brand,salon ca,brand
attribute_bfaa5e8095295b9a,brand,vicky tiel,brand
attribute_18cb40af85ef4a77,brand,yves saint laurent,brand
attribute_cd25f91cf6889f5c,brand,jericho,brand
attribute_edcfb233e4874f52,brand,jheri redding,brand
attribute_9c3973b622859f32,hair_type,chemically treated,other
attribute_b2ae872460fd66c2,size,6.5 oz,size
attribute_b926eb39b1ba7e2e,brand,nicky's gift,brand
attribute_1f12e0abf58b2ff6,brand,serwell,brand
attribute_70cfed0b8b5640d6,brand,kaneles,brand
attribute_11abac1973f3d0c9,color,burgundy,color
attribute_01cbf6f3f0a4d3b3,brand,yanjie,brand
attribute_f18fbe2a8953c921,size,20inch,size
attribute_66f5ac05be91a1c1,product_type,headband holder,product_type
attribute_93586110f0d07ed3,brand,mg,brand
attribute_288049b21e5f1f81,size,16.00 fl oz,size
attribute_aec571fbba8da824,product_type,magnesium oil,product_type
attribute_372f7e9b88e0e112,ingredient,dead sea minerals,ingredient
attribute_2ac9dc9cc64980de,ingredient,20 essential oils,ingredient
attribute_69842a667beee8dc,size,45cm,size
attribute_0995f76f76d15b1b,size,50grams,size
attribute_4478ba3ed7e1c4b6,brand,solvere,brand
attribute_95231cdd4212a393,skin_type,acne skin,skin_type
attribute_442b9e1555fd12ea,brand,earfodo,brand
attribute_e8566947a2263015,brand,pro,brand
attribute_c48dc5e552537b92,brand,she cotton,brand
attribute_35036c11f064311c,size,300 count,size
attribute_de757853bdc57666,brand,hunter jack,brand
attribute_3b9f8e3c965fd8ba,brand,teresa,brand
attribute_ddde7d2be388a1ec,brand,healthsmart,brand
attribute_0dae6753d718b1a2,brand,siyi,brand
attribute_d6b2aa6350c33c22,color,mint green,color
attribute_e03463ee8d3de963,color,ombre black root,color
attribute_38b330f2c164b760,size,1.69 fl oz,size
attribute_da66fd8e1f385a06,product_type,cream,product_type
attribute_b0cab4044ac6b2c0,benefit,oil control,benefit
attribute_24f7327a598f1daa,size,8.0 fl oz,size
attribute_9edc2263ba065b1d,size,8 fl. oz,size
attribute_5c78692e5e405038,product_type,micellar cleansing water,product_type
attribute_139ccd04423ff03c,benefit,cleanser and makeup remover,benefit
attribute_04d7210920aa1886,brand,fiobee,brand
attribute_552d7c892f8aabf0,brand,wigenius,brand
