product_id,attribute_id,confidence,evidence,model
B01CUPMQZE,attribute_791306d99c6c2df4,0.95,store: Howard Products,rules
B000B658RI,attribute_cf5ac59fc5a3e8fe,0.95,store: Levine Health Products,rules
B000B658RI,attribute_f03aa5d3452da917,0.65,title: black,rules
B076WQZGPM,attribute_e451436c000343e4,0.95,store: Yes To,deepseek-v4-flash
B076WQZGPM,attribute_9e51203668df76d3,0.9,Skin Type: Acne Prone,deepseek-v4-flash
B076WQZGPM,attribute_c301b5888660fbbb,0.9,Item Form: Powder,deepseek-v4-flash
B076WQZGPM,attribute_e173c0208586d895,0.9,Unit Count: 10 Fl Oz,deepseek-v4-flash
B076WQZGPM,attribute_7e09de9ee53b7d37,0.75,title: 5 fl. oz,deepseek-v4-flash
B088FKY3VD,attribute_6d38ebc2e74c4cbf,0.95,store: Cherioll,deepseek-v4-flash
B088FKY3VD,attribute_fc6db98750f95668,0.9,Skin Type: All,deepseek-v4-flash
B088FKY3VD,attribute_c301b5888660fbbb,0.9,Item Form: Powder,deepseek-v4-flash
B088FKY3VD,attribute_794801b1361498e4,0.9,Product Benefits: Long Lasting,deepseek-v4-flash
B07NGFDN6G,attribute_7912feddd59b109f,0.95,store: Precision,deepseek-v4-flash
B07NGFDN6G,attribute_3b630902f26f923d,0.75,title: 93mm,deepseek-v4-flash
B07G9GWFSM,attribute_3c49bc8dbb3e6bde,0.95,store: Lurrose,deepseek-v4-flash
B07G9GWFSM,attribute_526cb14653c00ed8,0.9,Material: Acrylonitrile Butadiene Styrene (ABS),deepseek-v4-flash
B07G9GWFSM,attribute_2f1a556d86dc40bf,0.9,Color: As Shown,deepseek-v4-flash
B07G9GWFSM,attribute_436a5a52435e900e,0.9,Size: Large,deepseek-v4-flash
B07G9GWFSM,attribute_bd4cfe5b5b94e967,0.75,title: 100Pcs,deepseek-v4-flash
B08XZ97HFY,attribute_c9f5bc47b000ea44,0.95,store: Edoneery,deepseek-v4-flash
B08XZ97HFY,attribute_4473db570896b2ec,0.9,Material: Silk,deepseek-v4-flash
B08XZ97HFY,attribute_94d7ddc6afd2a95c,0.9,Size: 1 Count (Pack of 1),deepseek-v4-flash
B08DNQTTQK,attribute_15fc1d77d75205a5,0.95,store: Maitys,rules
B08DNQTTQK,attribute_1b00c776edc10fad,0.65,title: clear,rules
B08P7LXKP7,attribute_601f0b71ab06a2de,0.95,store: Geyoga,rules
B07FVZVQKV,attribute_eb4e8ecb40c2c87b,0.95,store: GETMORE7,rules
B07FVZVQKV,attribute_b282014d7c84d09f,0.75,title: 1.5oz,rules
B01ERJEGS6,attribute_edcf84a7e268bb42,0.95,store: Balmain,deepseek-v4-flash
B01ERJEGS6,attribute_04bafd83548381d1,0.9,Item Form: Spray,deepseek-v4-flash
B01ERJEGS6,attribute_d7b531d83ba03f81,0.75,title: 90ml,deepseek-v4-flash
B01ERJEGS6,attribute_dade4590d7137f15,0.65,title: gold,deepseek-v4-flash
B01ERJEGS6,attribute_96d9328f52d10ba5,1.0,Edt spray,deepseek-v4-flash
B01ERJEGS6,attribute_9c1ef1d8e595f68e,0.9,Gold extatic Musk,deepseek-v4-flash
B01ERJEGS6,attribute_c15c9d8547cf1f88,1.0,3 oz,deepseek-v4-flash
B01ERJEGS6,attribute_111636ee87b377f4,1.0,Spray,deepseek-v4-flash
B01555WAOS,attribute_ab77118a8e8c9181,0.95,store: AVON,deepseek-v4-flash
B01555WAOS,attribute_f03aa5d3452da917,0.9,Color: black,deepseek-v4-flash
B01555WAOS,attribute_b96630ed250523ee,0.65,title: brown,deepseek-v4-flash
B01555WAOS,attribute_e7931a1d3bfe18c8,1.0,Big & False Lash Mascara,deepseek-v4-flash
B07GGYR3LJ,attribute_358b7c417c4d0cfe,0.95,store: Brrnoo,deepseek-v4-flash
B07GGYR3LJ,attribute_64e1b604d8fbc982,0.9,Material: Metal,deepseek-v4-flash
B07GGYR3LJ,attribute_a3e15900fc78187c,0.9,Hair Type: All,deepseek-v4-flash
B07GGYR3LJ,attribute_2ac91817c6dc2ed6,0.9,Unit Count: 1.00 Count,deepseek-v4-flash
B07GGYR3LJ,attribute_174b54de7122ff6f,1.0,Beard Comb,deepseek-v4-flash
B07GGYR3LJ,attribute_91f6f67f0d907219,0.8,Material: Metal,deepseek-v4-flash
B00FCQHYEW,attribute_4d4dbae193cde8b7,0.95,store: Buytra,deepseek-v4-flash
B07ZJW55Z5,attribute_5f4d23ea2953441b,0.95,store: Chloe,deepseek-v4-flash
B07ZJW55Z5,attribute_68471a2791d5edf2,0.7,Nomade By Chloe,deepseek-v4-flash
B07ZJW55Z5,attribute_dd4fc84dc1ebc789,0.9,Nomade,deepseek-v4-flash
B074SHN8YC,attribute_caf7cb75386c5541,0.95,store: dingxiu,rules
B074SHN8YC,attribute_a8d80fb2270ca2ab,0.75,title: 100g,rules
B08X7JHQG5,attribute_23826e2eb6d2e1c8,0.95,store: BioMiracle,deepseek-v4-flash
B08X7JHQG5,attribute_fc6db98750f95668,0.9,Skin Type: All,deepseek-v4-flash
B08X7JHQG5,attribute_c4f35b4bf51955d3,0.9,Scent: Apple,deepseek-v4-flash
B08X7JHQG5,attribute_da84be739250c281,0.9,Item Form: Sheet,deepseek-v4-flash
B08X7JHQG5,attribute_61aaf750d3bbc379,0.9,Product Benefits: Hydrating,deepseek-v4-flash
B08X7JHQG5,attribute_1b00c776edc10fad,0.65,title: clear,deepseek-v4-flash
B07WFSQXL5,attribute_40d1720424886e63,0.95,store: PPY,deepseek-v4-flash
B07WFSQXL5,attribute_106eb31d0ad8769a,0.9,Scent: Aloe,deepseek-v4-flash
B07WFSQXL5,attribute_1ab4b8ffdfec4f8f,0.65,title: white,deepseek-v4-flash
B07MH4Z7J7,attribute_a82901f032607ff8,0.95,store: Nadula,deepseek-v4-flash
B07MH4Z7J7,attribute_0efeb815415e9186,0.9,Material: Human Hair,deepseek-v4-flash
B07MH4Z7J7,attribute_6285d96f3d997d87,0.9,"Hair Type: Curly, Coily",deepseek-v4-flash
B07MH4Z7J7,attribute_ec1264b4311e7b7e,0.75,title: 18inch,deepseek-v4-flash
B07MH4Z7J7,attribute_f03aa5d3452da917,0.65,title: black,deepseek-v4-flash
B08BV6F6BC,attribute_821cb6816ee3a815,0.95,store: WIXAR NATURALS,deepseek-v4-flash
B08BV6F6BC,attribute_7b6b1771f993381d,0.9,"Skin Type: Oily,Sensitive,All Skin Types",deepseek-v4-flash
B08BV6F6BC,attribute_7769c6877844280a,0.9,Scent: Lavender,deepseek-v4-flash
B08BV6F6BC,attribute_9ec11ecb096b876f,0.9,Item Form: Bar,deepseek-v4-flash
B08BV6F6BC,attribute_b72bd63956647c5e,0.75,title: 2 PACK,deepseek-v4-flash
B07X1TK3VS,attribute_812aeb380781c547,0.95,store: VIROCHEMISTRY,deepseek-v4-flash
B07X1TK3VS,attribute_70948989c95ee1b1,0.9,Item Form: Liquid,deepseek-v4-flash
B07X1TK3VS,attribute_1855f0b8cc7d9dcf,0.75,title: 1 Fl. Oz,deepseek-v4-flash
B07MDP86Q4,attribute_07395bdb7106a060,0.95,store: Ve Sunny,deepseek-v4-flash
B07MDP86Q4,attribute_0efeb815415e9186,0.9,Material: Human Hair,deepseek-v4-flash
B07MDP86Q4,attribute_3c6b220fd942dff3,0.9,Hair Type: Straight,deepseek-v4-flash
B07MDP86Q4,attribute_5b1aa15c3db9fb4d,0.75,title: 7Pcs,deepseek-v4-flash
B07MDP86Q4,attribute_b96630ed250523ee,0.65,title: brown,deepseek-v4-flash
B07CV988JX,attribute_b1ff9acc49efb41c,0.95,store: TOODOO,deepseek-v4-flash
B0B77LDV4B,attribute_61ae9fde35bd1c6a,0.95,store: muaowig,deepseek-v4-flash
B0B77LDV4B,attribute_0efeb815415e9186,0.9,Material: Human Hair,deepseek-v4-flash
B0B77LDV4B,attribute_3c6b220fd942dff3,0.9,Hair Type: Straight,deepseek-v4-flash
B0B77LDV4B,attribute_5a1bb5553d3d4fbf,0.75,title: 14 inch,deepseek-v4-flash
B0B77LDV4B,attribute_a64490da866eb222,0.65,title: red,deepseek-v4-flash
B088ZB4DTH,attribute_727722260bf8629b,0.95,store: Astraet,deepseek-v4-flash
B088ZB4DTH,attribute_b8a0a3f33c239949,0.9,Material: Rubber,deepseek-v4-flash
B088ZB4DTH,attribute_2f222083c2390ce0,0.9,Color: Pink,deepseek-v4-flash
B088ZB4DTH,attribute_bef2b14bcb7793ba,0.75,title: 10 PCS,deepseek-v4-flash
B086Y93JJC,attribute_ca5d2590a05cde70,0.95,store: ELBT,deepseek-v4-flash
B086Y93JJC,attribute_47ac658bd11eb7df,0.9,Material: Emery,deepseek-v4-flash
B086Y93JJC,attribute_f907d3441c6a198a,0.9,Unit Count: 12.00 Count,deepseek-v4-flash
B086Y93JJC,attribute_8f250fa9db0de2d1,0.75,title: 12 Pcs,deepseek-v4-flash
B07Z818MLY,attribute_e53357e05e60758f,0.95,store: Yun Mei Hair,deepseek-v4-flash
B07Z818MLY,attribute_cd744dd77d211b38,0.9,Material: Synthetic,deepseek-v4-flash
B07Z818MLY,attribute_f5014e73afcc8131,0.9,Hair Type: Wavy,deepseek-v4-flash
B07Z818MLY,attribute_86ae89fc7aa016be,0.75,title: 22 Inch,deepseek-v4-flash
B004ZWH3XG,attribute_38e3086b5aca3164,0.95,store: Garnier,deepseek-v4-flash
B004ZWH3XG,attribute_55774c5f29f3f538,0.75,title: 6 oz,deepseek-v4-flash
B071DY8Z4B,attribute_517aa8e1819bf655,0.95,store: BEWAVE,deepseek-v4-flash
B071DY8Z4B,attribute_b5e40193f5860fe3,0.9,Hair Type: Curly,deepseek-v4-flash
B071DY8Z4B,attribute_2ac91817c6dc2ed6,0.9,Unit Count: 1.00 Count,deepseek-v4-flash
B0BTLTVR1X,attribute_470a556776f50b39,0.95,store: BORELTH,deepseek-v4-flash
B0BTLTVR1X,attribute_902031c04e676933,0.75,title: 8 Ounce,deepseek-v4-flash
B07DRZLZQQ,attribute_052ce7985c13ac7d,0.95,store: Enjoy Hair Care Products,deepseek-v4-flash
B07DRZLZQQ,attribute_a2904fe41b8dd4a8,0.75,title: 8.8 oz,deepseek-v4-flash
B01D8DTE4I,attribute_428895548273a05f,0.95,store: WindMax,rules
B01D8DTE4I,attribute_b96630ed250523ee,0.65,title: brown,rules
B01LZXWCXM,attribute_22ec6f2a1cbb85bb,0.9,Brand: Suavecito,deepseek-v4-flash
B01LZXWCXM,attribute_8719400aec8afcb6,0.9,Item Form: Wax,deepseek-v4-flash
B01LZXWCXM,attribute_5f8f3c63aaf70687,0.9,Product Benefits: This water soluble pomade offers a medium hold and medium shine without,deepseek-v4-flash
B01LZXWCXM,attribute_a3e15900fc78187c,0.9,Hair Type: All,deepseek-v4-flash
B0017WUID4,attribute_8204c65e7d25e84e,0.95,store: Co-t ARBrend,deepseek-v4-flash
B0017WUID4,attribute_89ea3446024bc3e6,0.75,title: 3.3oz,deepseek-v4-flash
B086HRN773,attribute_09669b02b50a53d0,0.95,store: John Frieda,deepseek-v4-flash
B086HRN773,attribute_a520aac71d9029b5,0.9,Scent: Coconut,deepseek-v4-flash
B086HRN773,attribute_70948989c95ee1b1,0.9,Item Form: Liquid,deepseek-v4-flash
B086HRN773,attribute_d30c28845025b090,0.9,"Hair Type: Coarse, Wavy, Curly, Dry, Damaged",deepseek-v4-flash
B086HRN773,attribute_fb55d1a8586f165b,0.75,title: 8.45oz,deepseek-v4-flash
B071G4NNH7,attribute_b559e0b425310383,0.95,store: Sharonelle,deepseek-v4-flash
B071G4NNH7,attribute_fbd8936c219bb836,0.9,Skin Type: Sensitive,deepseek-v4-flash
B071G4NNH7,attribute_8719400aec8afcb6,0.9,Item Form: Wax,deepseek-v4-flash
B071G4NNH7,attribute_dd9b31d78e9809bb,0.9,Unit Count: 4.00 Count,deepseek-v4-flash
B071G4NNH7,attribute_9f6ab3d754f50b65,0.75,title: 14 oz,deepseek-v4-flash
B008U5QJYS,attribute_d385eace3210dafb,0.95,store: Voronajj,deepseek-v4-flash
B008U5QJYS,attribute_fc6db98750f95668,0.9,Skin Type: All,deepseek-v4-flash
B008U5QJYS,attribute_9998b8ec16b62de1,0.9,Unit Count: 1.0 Count,deepseek-v4-flash
B008U5QJYS,attribute_262df0ad1c73df40,0.75,title: 0.09 oz,deepseek-v4-flash
B087QGZXLP,attribute_424868539ca32a82,0.95,store: Dufy,deepseek-v4-flash
B087QGZXLP,attribute_a4c89b175b4a937a,0.9,"Color: Colorful,rose",deepseek-v4-flash
B01MCXNGP8,attribute_4605c17108d26df7,0.95,store: Dionis,deepseek-v4-flash
B01MCXNGP8,attribute_85cfb540c741ed1c,0.9,Unit Count: 4.00 tube,deepseek-v4-flash
B017JPCGSM,attribute_4625b95d17bc0d6a,0.9,"Item Form: Foam, Gel",deepseek-v4-flash
B017JPCGSM,attribute_77e7cc27560f239f,0.9,Unit Count: 8.5 Fl Oz,deepseek-v4-flash
B017JPCGSM,attribute_b6fea74f81249b78,0.75,title: 250ml,deepseek-v4-flash
B07B6F7NJ5,attribute_d0c83201683f12e5,0.95,store: 100% PURE,deepseek-v4-flash
B07B6F7NJ5,attribute_a0636dc79f8c74e6,0.9,"Scent: Orange,Mint",deepseek-v4-flash
B07B6F7NJ5,attribute_70948989c95ee1b1,0.9,Item Form: Liquid,deepseek-v4-flash
B07B6F7NJ5,attribute_2b77f13bdb4e3e9e,0.9,Hair Type: Dry,deepseek-v4-flash
B07B6F7NJ5,attribute_07d9c59deba37257,0.75,title: 13.5 Fl Oz,deepseek-v4-flash
B08CGWHCNN,attribute_675c6e56808fd55f,0.95,store: FeiDing,deepseek-v4-flash
B08CGWHCNN,attribute_04bafd83548381d1,0.9,Item Form: Spray,deepseek-v4-flash
B08CGWHCNN,attribute_2ac91817c6dc2ed6,0.9,Unit Count: 1.00 Count,deepseek-v4-flash
B08CGWHCNN,attribute_dade4590d7137f15,0.65,title: gold,deepseek-v4-flash
B091SRVJLG,attribute_16124023b138faf3,0.95,store: AGOAL,rules
B08LYT4Q2X,attribute_47a7889ca46a55ae,0.95,store: Shiny Leaf,deepseek-v4-flash
B08LYT4Q2X,attribute_ea80465d7c62b636,0.9,Scent: Almond Oil and Fractionated Coconut,deepseek-v4-flash
B08LYT4Q2X,attribute_1dffaa257c5c9706,0.9,Item Form: Oil,deepseek-v4-flash
B08LYT4Q2X,attribute_c1290ddf3a99a528,0.9,Unit Count: 32.00 Fl Oz,deepseek-v4-flash
B08LYT4Q2X,attribute_de72d18517cdc29d,0.75,title: 16 fl. Oz,deepseek-v4-flash
B089CSF11Y,attribute_d701f6f2f5f2f333,0.95,store: Cherry,deepseek-v4-flash
B089CSF11Y,attribute_2e6ac263509bc4c5,0.9,Material: Glass,deepseek-v4-flash
B089CSF11Y,attribute_cc853181e1d73030,0.75,title: 16 oz,deepseek-v4-flash
B089CSF11Y,attribute_b96630ed250523ee,0.65,title: brown,deepseek-v4-flash
B073RBSXY9,attribute_14e4d38737e92288,0.95,store: Cloud 9,deepseek-v4-flash
B073RBSXY9,attribute_fc6db98750f95668,0.9,Skin Type: All,deepseek-v4-flash
B073RBSXY9,attribute_c76bc905aee581ea,0.9,Item Form: Capsule,deepseek-v4-flash
B073RBSXY9,attribute_e28d4ccc189295e5,0.9,Unit Count: 2.7 Fl Oz,deepseek-v4-flash
B073RBSXY9,attribute_503f3dea5aba53ac,0.75,title: 80ml,deepseek-v4-flash
B005DT7YP2,attribute_609e1b68106c9182,0.95,store: Raven Moonlight,deepseek-v4-flash
B005DT7YP2,attribute_857b022ce8efd21b,0.9,"Skin Type: All, Sensitive",deepseek-v4-flash
B005DT7YP2,attribute_b81357a2689f75fe,0.9,Scent: White Kaolin,deepseek-v4-flash
B005DT7YP2,attribute_3fc21992a4f08219,0.9,Item Form: Clay,deepseek-v4-flash
B005DT7YP2,attribute_128132a01aa4015e,0.9,Unit Count: 1.0 Ounce,deepseek-v4-flash
B005DT7YP2,attribute_1ab4b8ffdfec4f8f,0.65,title: white,deepseek-v4-flash
B08R8JSNL8,attribute_0f92b65079720be2,0.95,store: LAMJAD,deepseek-v4-flash
B08R8JSNL8,attribute_fc6db98750f95668,0.9,Skin Type: All,deepseek-v4-flash
B08R8JSNL8,attribute_70948989c95ee1b1,0.9,Item Form: liquid,deepseek-v4-flash
B08R8JSNL8,attribute_cd744dd77d211b38,0.9,Material: synthetic,deepseek-v4-flash
B08R8JSNL8,attribute_dade4590d7137f15,0.65,title: gold,deepseek-v4-flash
B08F56PF98,attribute_f8568cc69f9cf359,0.95,store: RPP,rules
B08F56PF98,attribute_2f222083c2390ce0,0.65,title: pink,rules
B0181ML7X2,attribute_ab77118a8e8c9181,0.95,store: AVON,rules
B0181ML7X2,attribute_ffc48dcc3d2619ea,0.75,title: 2.65 oz,rules
B07QNGTSYY,attribute_b873c13e866ba19e,0.95,store: Serge Lutens,deepseek-v4-flash
B07QNGTSYY,attribute_7324d0a3fc511f5c,0.75,title: 03 oz,deepseek-v4-flash
B087BL2XJ5,attribute_dee05eb195f8134f,0.95,store: Neutral,deepseek-v4-flash
B087BL2XJ5,attribute_8719400aec8afcb6,0.9,Item Form: Wax,deepseek-v4-flash
B087BL2XJ5,attribute_2ac91817c6dc2ed6,0.9,Unit Count: 1.00 Count,deepseek-v4-flash
B087BL2XJ5,attribute_a64490da866eb222,0.65,title: red,deepseek-v4-flash
B07R7YWQKW,attribute_3b7ac1f5723302dd,0.95,store: House of Armáf,deepseek-v4-flash
B07R7YWQKW,attribute_04bafd83548381d1,0.9,Item Form: Spray,deepseek-v4-flash
B07R7YWQKW,attribute_8fbb8e90dbaaaf09,0.75,title: 3.4 oz,deepseek-v4-flash
B08FZB43ZK,attribute_3693333570d510dc,0.95,store: Vedory,deepseek-v4-flash
B08FZB43ZK,attribute_ecd13d995fe7b527,0.75,title: 5Pcs,deepseek-v4-flash
B00BX9KND6,attribute_cb239c4a2f91633f,0.95,store: Gojo,deepseek-v4-flash
B01JRZXSSE,attribute_5fa99532ae1d5654,0.95,store: DerBlue ARBrend,rules
B005TP0PHO,attribute_4e9409e110db9b7e,0.95,store: Lily Of The Desert,deepseek-v4-flash
B005TP0PHO,attribute_ed839b819b8f8482,0.9,Item Form: Softgel,deepseek-v4-flash
B005TP0PHO,attribute_c2ee456cf9bc2f6c,0.75,title: 32 oz,deepseek-v4-flash
B000BBPSFA,attribute_3e1f1681925b9e91,0.95,store: Norelco,deepseek-v4-flash
B000BBPSFA,attribute_7c8f8ab7abfdb902,0.9,Color: Metallic Grey,deepseek-v4-flash
B07G9X7NLW,attribute_d1159741c771da2b,0.95,store: Cosrea,deepseek-v4-flash
B07G9X7NLW,attribute_0efeb815415e9186,0.9,Material: Human Hair,deepseek-v4-flash
B07G9X7NLW,attribute_f5014e73afcc8131,0.9,Hair Type: Wavy,deepseek-v4-flash
B07G9X7NLW,attribute_2f222083c2390ce0,0.65,title: pink,deepseek-v4-flash
B07FXLQ65C,attribute_fbae1ef82d3ba923,0.95,store: Easyouth,deepseek-v4-flash
B07FXLQ65C,attribute_0efeb815415e9186,0.9,Material: Human Hair,deepseek-v4-flash
B07FXLQ65C,attribute_3c6b220fd942dff3,0.9,Hair Type: Straight,deepseek-v4-flash
B07FXLQ65C,attribute_003fa00e3406d5a6,0.75,title: 20pcs,deepseek-v4-flash
B07FXLQ65C,attribute_f03aa5d3452da917,0.65,title: black,deepseek-v4-flash
B07ZK5T97C,attribute_378b795c1cfb43bb,0.95,store: Benehair,deepseek-v4-flash
B07ZK5T97C,attribute_3c6b220fd942dff3,0.9,Hair Type: Straight,deepseek-v4-flash
B07ZK5T97C,attribute_bd988b477728c9cc,0.75,title: 14inch,deepseek-v4-flash
B00V5JV3C4,attribute_b18ba4c239e2f620,0.95,store: Glance,rules
B00V5JV3C4,attribute_f03aa5d3452da917,0.65,title: black,rules
B000VCCM58,attribute_3d5c88588d5742ba,0.95,store: AJ Wholesale,deepseek-v4-flash
B08N59PWV6,attribute_23057a09ff44b40a,0.95,store: BCE Trends,deepseek-v4-flash
B08N59PWV6,attribute_38740edce505787c,0.65,title: blue,deepseek-v4-flash
B0B8D137G7,attribute_b4b0f32ebc93bfd8,0.95,store: Tuklye,deepseek-v4-flash
B0B8D137G7,attribute_6b8d30ae2d0aaebc,0.9,"Material: Acrylic, Acrylonitrile Butadiene Styrene (ABS)",deepseek-v4-flash
B0B8D137G7,attribute_1ab4b8ffdfec4f8f,0.9,Color: White,deepseek-v4-flash
B0B8D137G7,attribute_436a5a52435e900e,0.9,Size: Large,deepseek-v4-flash
B0B8D137G7,attribute_9441402397455d8b,0.75,title: 24Pcs,deepseek-v4-flash
B0B8D137G7,attribute_ce6ff15e5fe0efd5,1.0,Press on Nails Long with Rhinestone Designs,deepseek-v4-flash
B0B8D137G7,attribute_b35bc3a5a95c4178,1.0,"Material Acrylic, Acrylonitrile Butadiene Styrene (ABS)",deepseek-v4-flash
B07QKYM8LR,attribute_064988faaf480bdc,0.95,store: pureluca,deepseek-v4-flash
B07QKYM8LR,attribute_a40817a7f6ffbe50,0.9,Item Form: Scrunchie,deepseek-v4-flash
B07QKYM8LR,attribute_4473db570896b2ec,0.9,Material: Silk,deepseek-v4-flash
B07QKYM8LR,attribute_a3e15900fc78187c,0.9,Hair Type: All,deepseek-v4-flash
B07QKYM8LR,attribute_ec059e792e40c5de,0.75,title: 4Pcs,deepseek-v4-flash
B07QKYM8LR,attribute_983b68797125dd92,1.0,4Pcs Floral Print Scarf Scrunchie,deepseek-v4-flash
B07QKYM8LR,attribute_6f92b88b01c4f521,0.8,Floral Print Scarf Scrunchie,deepseek-v4-flash
B07KFPH3S7,attribute_faf979ae36c48940,0.95,store: LeChat,deepseek-v4-flash
B07KFPH3S7,attribute_42f2ef53eef1b341,0.9,Item Form: Gel,deepseek-v4-flash
B07KFPH3S7,attribute_2ac91817c6dc2ed6,0.9,Unit Count: 1.00 Count,deepseek-v4-flash
B07KFPH3S7,attribute_75175b7ee4158629,0.75,title: 0.25oz,deepseek-v4-flash
B07KFPH3S7,attribute_305a57e6906a069a,1.0,High Gloss Top Gel Sealer + Ultra-Thin Base Gel,deepseek-v4-flash
B07KFPH3S7,attribute_88fab22610aca721,1.0,Item Form Gel,deepseek-v4-flash
B09B9NFFSM,attribute_e19004220e56b33f,0.95,store: WISLIBE,rules
B00OYP165K,attribute_0a045db4ea92a37b,0.95,store: Thierry Mugler,deepseek-v4-flash
B00OYP165K,attribute_cae5d609508b8082,0.9,Item Form: Lotion,deepseek-v4-flash
B00OYP165K,attribute_61aaf750d3bbc379,0.9,Product Benefits: Hydrating,deepseek-v4-flash
B00OYP165K,attribute_cd4fa092e1bdb111,0.9,Unit Count: 6.9 Ounce,deepseek-v4-flash
B00OYP165K,attribute_7536143722dc9cab,0.75,title: 7 oz,deepseek-v4-flash
B07KFGWC8S,attribute_c7e28b0030dad551,0.95,store: Amope,deepseek-v4-flash
B07KFGWC8S,attribute_fc6db98750f95668,0.9,Skin Type: All,deepseek-v4-flash
B07KFGWC8S,attribute_7c4c7aafe8c8f563,0.9,Scent: Macadamia,deepseek-v4-flash
B07KFGWC8S,attribute_da84be739250c281,0.9,Item Form: Sheet,deepseek-v4-flash
B07KFGWC8S,attribute_d6f11db010f4fb38,0.9,Product Benefits: Smoothening,deepseek-v4-flash
B08LYZY994,attribute_9f0d37f22dcfbeb1,0.95,store: YYgY,deepseek-v4-flash
B08LYZY994,attribute_0efeb815415e9186,0.9,Material: Human Hair,deepseek-v4-flash
B08LYZY994,attribute_f5014e73afcc8131,0.9,Hair Type: Wavy,deepseek-v4-flash
B08LYZY994,attribute_51612ed7068aee26,0.75,title: 26 inch,deepseek-v4-flash
B08LYZY994,attribute_f03aa5d3452da917,0.65,title: black,deepseek-v4-flash
B094NW9PRS,attribute_5e0eabb9aa8b7098,0.95,store: Jxueych,deepseek-v4-flash
B094NW9PRS,attribute_a40817a7f6ffbe50,0.9,Item Form: Scrunchie,deepseek-v4-flash
B094NW9PRS,attribute_8a40d7d5095ee24d,0.9,Material: fabric,deepseek-v4-flash
B094NW9PRS,attribute_13477ff297e7b3c0,0.9,"Color: Multicolor,White",deepseek-v4-flash
B094NW9PRS,attribute_b5e40193f5860fe3,0.9,Hair Type: Curly,deepseek-v4-flash
B094NW9PRS,attribute_1ab4b8ffdfec4f8f,0.65,title: white,deepseek-v4-flash
B01BGSYRD0,attribute_cbdc7d1bb9fcc5fe,0.95,store: reskin,deepseek-v4-flash
B01BGSYRD0,attribute_89e161eb3cd01ee4,0.75,title: 10.14fl.oz,deepseek-v4-flash
B094QK5NSZ,attribute_85ba7aa072fd1a67,0.95,store: Havtyyise,rules
B094QK5NSZ,attribute_3e9fe60242a50314,0.75,title: 31 inches,rules
B07CSKGJ2H,attribute_caa07b7cad9367c0,0.95,store: lifetop,deepseek-v4-flash
B07CSKGJ2H,attribute_cc249886fe96fc7a,0.9,"Product Benefits: Softening,Pores,Exfoliating",deepseek-v4-flash
B07CSKGJ2H,attribute_6f177f542ba847e3,0.9,Material: Bamboo,deepseek-v4-flash
B09NN699FT,attribute_3fed0fae4f0e5c97,0.95,store: WXJ13,deepseek-v4-flash
B09NN699FT,attribute_525d5eeb0c4a5d73,0.9,Item Form: Clip,deepseek-v4-flash
B09NN699FT,attribute_4473db570896b2ec,0.9,Material: Silk,deepseek-v4-flash
B09NN699FT,attribute_b5e40193f5860fe3,0.9,Hair Type: Curly,deepseek-v4-flash
B09NN699FT,attribute_2ac91817c6dc2ed6,0.9,Unit Count: 1.00 Count,deepseek-v4-flash
B00QBZ7D9E,attribute_7ad6c3de42bc251c,0.95,store: uxcell,deepseek-v4-flash
B00QBZ7D9E,attribute_64e1b604d8fbc982,0.9,Material: Metal,deepseek-v4-flash
B00QBZ7D9E,attribute_f03aa5d3452da917,0.9,Color: Black,deepseek-v4-flash
B00QBZ7D9E,attribute_960c62985c1f0d48,0.9,Unit Count: 5.0 Count,deepseek-v4-flash
B00QBZ7D9E,attribute_ecd13d995fe7b527,0.75,title: 5Pcs,deepseek-v4-flash
B089SQTVDW,attribute_68c0b5a87be34436,0.95,store: AISI BEAUTY,deepseek-v4-flash
B089SQTVDW,attribute_0efeb815415e9186,0.9,Material: Human Hair,deepseek-v4-flash
B089SQTVDW,attribute_5d246dfff47e340c,0.9,"Hair Type: Wavy, Curly",deepseek-v4-flash
B089SQTVDW,attribute_9c9d9eadb3298777,0.75,title: 24 Inch,deepseek-v4-flash
B07YJGYBXX,attribute_220df82c8f43e4dd,0.95,store: YePei,deepseek-v4-flash
B07YJGYBXX,attribute_b5e40193f5860fe3,0.9,Hair Type: Curly,deepseek-v4-flash
B07YJGYBXX,attribute_4ca1f2551c24976f,0.75,title: 150g,deepseek-v4-flash
B07YJGYBXX,attribute_f03aa5d3452da917,0.65,title: black,deepseek-v4-flash
B07B9WW5YB,attribute_17e8fdc5197bb998,0.95,store: Daxile,rules
B0159D9ZJ4,attribute_f518ba21b404ac85,0.95,store: umi,rules
B01CLV0KI2,attribute_fa45064c5442d9ec,0.95,store: Naked Nails,rules
B08G7WN5BM,attribute_2620fa22e76cff1d,0.95,store: KEMEISI,rules
B08L8THDHW,attribute_926bb61ed0c3f1c5,0.95,store: MowigLux,deepseek-v4-flash
B08L8THDHW,attribute_cd744dd77d211b38,0.9,Material: Synthetic,deepseek-v4-flash
B08L8THDHW,attribute_fa047c4875a87361,0.9,"Hair Type: Curly, Afro Kinky Curly",deepseek-v4-flash
B08L8THDHW,attribute_f03aa5d3452da917,0.65,title: black,deepseek-v4-flash
B0086UL0WS,attribute_53970d2893b22d59,0.95,store: FACE atelier,deepseek-v4-flash
B0086UL0WS,attribute_fc6db98750f95668,0.9,Skin Type: All,deepseek-v4-flash
B0086UL0WS,attribute_70948989c95ee1b1,0.9,Item Form: Liquid,deepseek-v4-flash
B0058WE96Q,attribute_38e405a05acf3a49,0.95,store: Clear Essence,deepseek-v4-flash
B0058WE96Q,attribute_7d31d2360b37b4e6,0.9,"Scent: Lavender,Rosemary",deepseek-v4-flash
B0058WE96Q,attribute_af71680c3079f29f,0.9,Item Form: Cream,deepseek-v4-flash
B0058WE96Q,attribute_0dc3f98a533eef51,0.9,Unit Count: 8.0 Ounce,deepseek-v4-flash
B0058WE96Q,attribute_902031c04e676933,0.75,title: 8 Ounce,deepseek-v4-flash
B0058WE96Q,attribute_1b00c776edc10fad,0.65,title: clear,deepseek-v4-flash
B08GCB8ZH5,attribute_ee0d0f918d1be7e5,0.95,store: Emirde,deepseek-v4-flash
B08GCB8ZH5,attribute_70948989c95ee1b1,0.9,Item Form: liquid,deepseek-v4-flash
B08GCB8ZH5,attribute_794801b1361498e4,0.9,Product Benefits: Long Lasting,deepseek-v4-flash
B08GCB8ZH5,attribute_f03aa5d3452da917,0.65,title: black,deepseek-v4-flash
B002CJI2BG,attribute_f08901d1e326f62f,0.95,store: Funny Girl Designs,deepseek-v4-flash
B002CJI2BG,attribute_54eb6091119ccfd4,0.9,"Material: Silk flower, Cotton",deepseek-v4-flash
B002CJI2BG,attribute_2ac91817c6dc2ed6,0.9,Unit Count: 1.00 Count,deepseek-v4-flash
B002CJI2BG,attribute_b96630ed250523ee,0.65,title: brown,deepseek-v4-flash
B08V5DYF6R,attribute_22e882d1289e5938,0.95,store: Dienalls,rules
B002UG5EZS,attribute_a9e53a75b46f773a,0.95,store: Remington,deepseek-v4-flash
B01663ASGU,attribute_83da3fa146ced529,0.95,store: Suave,deepseek-v4-flash
B01663ASGU,attribute_fbd8936c219bb836,0.9,Skin Type: Sensitive,deepseek-v4-flash
B01663ASGU,attribute_66775ae2ae3e78b4,0.9,Scent: Fresh,deepseek-v4-flash
B01663ASGU,attribute_42f2ef53eef1b341,0.9,Item Form: Gel,deepseek-v4-flash
B01663ASGU,attribute_df83a540969e6cbf,0.75,title: 12oz,deepseek-v4-flash
B08ND9SL4Q,attribute_43e655d9a10664c6,0.95,store: NLCAC,deepseek-v4-flash
B08ND9SL4Q,attribute_056ad6b880d33cf9,0.9,Item Form: Wrap,deepseek-v4-flash
B08ND9SL4Q,attribute_53634f6f2aad04ec,0.9,"Material: Polyester, Cloth, Plastic, Cotton",deepseek-v4-flash
B08ND9SL4Q,attribute_2ac91817c6dc2ed6,0.9,Unit Count: 1.00 Count,deepseek-v4-flash
B08ND9SL4Q,attribute_f03aa5d3452da917,0.65,title: black,deepseek-v4-flash
B010J7VQ88,attribute_22a474fd7486987b,0.95,store: miss u hair,deepseek-v4-flash
B010J7VQ88,attribute_cd744dd77d211b38,0.9,Material: Synthetic,deepseek-v4-flash
B010J7VQ88,attribute_b5e40193f5860fe3,0.9,Hair Type: Curly,deepseek-v4-flash
B010J7VQ88,attribute_bdd5a57bdca476d3,0.75,title: 50cm,deepseek-v4-flash
B010J7VQ88,attribute_5c7e38781ffcc3cd,0.65,title: purple,deepseek-v4-flash
B07N9715WM,attribute_28d4c784d4297439,0.95,store: African Pride,deepseek-v4-flash
B07N9715WM,attribute_42f2ef53eef1b341,0.9,Item Form: Gel,deepseek-v4-flash
B07N9715WM,attribute_2ac91817c6dc2ed6,0.9,Unit Count: 1.00 Count,deepseek-v4-flash
B07N9715WM,attribute_95a9fd651f0cd577,0.75,title: 2.25 oz,deepseek-v4-flash
B07N9715WM,attribute_f03aa5d3452da917,0.65,title: black,deepseek-v4-flash
B00NI8L5R8,attribute_46a55037d00ad97d,0.65,title: silver,rules
B017I3QBJK,attribute_1c11df092c7fcef6,0.9,Scent: Citrus,rules
B0001HYJW2,attribute_1dee09196e1d57f4,0.95,store: PHILIPS,deepseek-v4-flash
B07JGQMXZ8,attribute_9db79c4611d12e22,0.95,store: QTHAIR,deepseek-v4-flash
B07JGQMXZ8,attribute_0efeb815415e9186,0.9,Material: Human Hair,deepseek-v4-flash
B07JGQMXZ8,attribute_f03aa5d3452da917,0.9,Color: black,deepseek-v4-flash
B07JGQMXZ8,attribute_f5014e73afcc8131,0.9,Hair Type: Wavy,deepseek-v4-flash
B07JGQMXZ8,attribute_4d100a054f1efaf0,0.75,title: 300g,deepseek-v4-flash
B07VXTP6G5,attribute_70789f71935f1fbf,0.95,store: ANBALA,deepseek-v4-flash
B07VXTP6G5,attribute_056ad6b880d33cf9,0.9,Item Form: Wrap,deepseek-v4-flash
B07VXTP6G5,attribute_bfbdb0e2c8ea5eb4,0.9,"Material: spandex,rubber",deepseek-v4-flash
B07VXTP6G5,attribute_d96eb9af9700f520,0.9,Unit Count: 16.00 Count,deepseek-v4-flash
B07VXTP6G5,attribute_46f81f3ac5545e1f,0.9,Size: One Size,deepseek-v4-flash
B07VXTP6G5,attribute_ba368ab3d995dbfd,0.75,title: 16 Pack,deepseek-v4-flash
B076QMVRS9,attribute_4ed0cc3e49517332,0.95,store: Avena,deepseek-v4-flash
B076QMVRS9,attribute_42f2ef53eef1b341,0.9,Item Form: Gel,deepseek-v4-flash
B076QMVRS9,attribute_f907d3441c6a198a,0.9,Unit Count: 12.00 Count,deepseek-v4-flash
B076QMVRS9,attribute_3eb7fda6fcb855d6,0.9,Bath & Shower Gel,deepseek-v4-flash
B01KGIFJSS,attribute_a891b897e0de1a83,0.95,store: Specialized Care Co Inc,deepseek-v4-flash
B01KGIFJSS,attribute_38740edce505787c,0.9,Color: Blue,deepseek-v4-flash
B01KGIFJSS,attribute_92ce69886504402a,0.9,Toothbrush,deepseek-v4-flash
B084D433NB,attribute_fdd202fe86451f14,0.95,store: REVLON,deepseek-v4-flash
B084D433NB,attribute_fc6db98750f95668,0.9,Skin Type: All,deepseek-v4-flash
B084D433NB,attribute_d1aa821e012e85cb,0.9,Item Form: Liner,deepseek-v4-flash
B084D433NB,attribute_8bcf7915883f76c7,0.9,Lip Liner,deepseek-v4-flash
B084D433NB,attribute_5bba88e98f458bd2,0.9,Mink,deepseek-v4-flash
B084D433NB,attribute_02ed94db9b5d9d14,1.0,Skin Type: All,deepseek-v4-flash
B084D433NB,attribute_e28f6900f2fb3299,0.8,Longwear,deepseek-v4-flash
B07KQGN4J1,attribute_1f5a050690b5f68e,0.95,store: Mererke_Pretty,deepseek-v4-flash
B07KQGN4J1,attribute_fc6db98750f95668,0.9,Skin Type: All,deepseek-v4-flash
B07KQGN4J1,attribute_70948989c95ee1b1,0.9,Item Form: Liquid,deepseek-v4-flash
B07KQGN4J1,attribute_2a5fae0136994878,1.0,Item Form: Liquid,deepseek-v4-flash
B07KQGN4J1,attribute_65b747218578c079,0.8,Lip Gloss Metal Lipstick,deepseek-v4-flash
B0924GT395,attribute_f66f084b52258187,0.95,store: OSRSR,deepseek-v4-flash
B0924GT395,attribute_91f6f67f0d907219,0.9,Material: Stainless Steel,deepseek-v4-flash
B0924GT395,attribute_4f44fd11012d3b46,0.9,Beauty Ice Facial Massage Tools,deepseek-v4-flash
B0924GT395,attribute_baf9ff0260dff832,0.9,reduce puffiness,deepseek-v4-flash
B0924GT395,attribute_b17620673a4feca0,0.9,shrink pores,deepseek-v4-flash
B0924GT395,attribute_f1938414e04389fa,0.9,face,deepseek-v4-flash
B0924GT395,attribute_f6d39f19a035585c,0.9,eyes,deepseek-v4-flash
B0924GT395,attribute_1505c5a39a9eae32,0.9,neck,deepseek-v4-flash
B08FQQJB7T,attribute_b53a727d5fdd233d,0.95,store: jinshiband,deepseek-v4-flash
B08FQQJB7T,attribute_2ac86085c16fcbeb,0.9,Material: Resin,deepseek-v4-flash
B08FQQJB7T,attribute_2ac91817c6dc2ed6,0.9,Unit Count: 1.00 Count,deepseek-v4-flash
B08FQQJB7T,attribute_3fa28e4960368bc1,0.9,Size: Small,deepseek-v4-flash
B08FQQJB7T,attribute_ec059e792e40c5de,0.75,title: 4PCS,deepseek-v4-flash
B08FQQJB7T,attribute_7479fde1126b6127,0.9,Double Layer Twist Plait Headband,deepseek-v4-flash
B07SS4G6B2,attribute_4d4df30ea419824d,0.95,store: xingqing,rules
B07SS4G6B2,attribute_3c2e2f6bd806e15f,0.75,title: 1pcs,rules
B081ZN3TD5,attribute_5ddb52ded76ffb08,0.95,store: JPNK,deepseek-v4-flash
B081ZN3TD5,attribute_703a408417ea8951,0.9,Material: Plastic,deepseek-v4-flash
B081ZN3TD5,attribute_0f45f2632c4e6fb6,0.9,"Hair Type: Wavy,Straight",deepseek-v4-flash
B081ZN3TD5,attribute_2ac91817c6dc2ed6,0.9,Unit Count: 1.00 Count,deepseek-v4-flash
B081ZN3TD5,attribute_ec059e792e40c5de,0.75,title: 4PCS,deepseek-v4-flash
B081ZN3TD5,attribute_71a38da13f2f676e,1.0,"Hair Type: Wavy,Straight",deepseek-v4-flash
B081ZN3TD5,attribute_929f2e2115e1be19,0.9,title: Anti-Static Detangling Fine & Wide Tooth Shower Comb Set,deepseek-v4-flash
B07Q4YCBWD,attribute_a9e0c010e30484ff,0.95,store: Jolitee,deepseek-v4-flash
B07Q4YCBWD,attribute_fc6db98750f95668,0.9,Skin Type: All,deepseek-v4-flash
B07Q4YCBWD,attribute_6329855376bd6cb5,0.9,"Scent: Lavender, Jasmine, Rose, Chocolate, Chamomile, Verbena, Lemon",deepseek-v4-flash
B07Q4YCBWD,attribute_9ec11ecb096b876f,0.9,Item Form: Bar,deepseek-v4-flash
B07Q4YCBWD,attribute_9183c5a68e682841,0.75,title: 6.35oz,deepseek-v4-flash
B07Q4YCBWD,attribute_152c973c88764e88,0.9,title: French Milled Luxury Soap Set,deepseek-v4-flash
B01N0OO5OJ,attribute_f2d77ed8089fa72d,0.95,store: Argan Deluxe,deepseek-v4-flash
B01N0OO5OJ,attribute_70948989c95ee1b1,0.9,Item Form: Liquid,deepseek-v4-flash
B01N0OO5OJ,attribute_dc076d9f44ce1b79,0.9,"Hair Type: All, Color Treated",deepseek-v4-flash
B01N0OO5OJ,attribute_11e610d24b0771b9,0.9,Unit Count: 1.00 Fl Oz,deepseek-v4-flash
B01N0OO5OJ,attribute_06f01cfea946723b,0.9,"title: Luxury Hair Care Bundle includes Shampoo, Conditioner, Shine Spray, Hydrating Mask, Hair Body Serum",deepseek-v4-flash
B01N0OO5OJ,attribute_b36226857e6d1674,0.8,title: 100% Pure Organic Moroccan Argan Oil,deepseek-v4-flash
B077TSWZDN,attribute_c779ad0e67029f46,0.95,store: WEFOO,rules
B016YAMKWA,attribute_b73ee94922a32934,0.95,store: Anself,deepseek-v4-flash
B016YAMKWA,attribute_97ce818f9d78d1d4,0.9,Material: Ceramic,deepseek-v4-flash
B016YAMKWA,attribute_a3e15900fc78187c,0.9,Hair Type: All,deepseek-v4-flash
B016YAMKWA,attribute_5c7e38781ffcc3cd,0.65,title: purple,deepseek-v4-flash
B016YAMKWA,attribute_e6e420351e44cf93,0.9,title: Hair Curling Iron,deepseek-v4-flash
B016YAMKWA,attribute_10b11b5d834684e6,0.9,title: Anti-scalded,deepseek-v4-flash
B08HWD7JHJ,attribute_d73ac100dea962e0,0.95,store: calphdiar,deepseek-v4-flash
B08HWD7JHJ,attribute_8ba8db87ff92bb46,0.9,Item Form: Pair,deepseek-v4-flash
B08HWD7JHJ,attribute_6e76972f4469de0a,0.9,Material: Faux Mink,deepseek-v4-flash
B08HWD7JHJ,attribute_f03aa5d3452da917,0.9,Color: Black,deepseek-v4-flash
B08HWD7JHJ,attribute_16360a0df943cef9,0.75,title: 25MM,deepseek-v4-flash
B08HWD7JHJ,attribute_9dbf6b5b147757a9,0.9,title: False Eyelashes,deepseek-v4-flash
B08HWD7JHJ,attribute_fcee54d66d4e8642,0.9,title: Fluffy Volume,deepseek-v4-flash
B07CNYD5D7,attribute_0962671d73a17fb7,0.95,store: SEAJEA,deepseek-v4-flash
B08PQC8LQ2,attribute_811b9dd414b67c88,0.95,store: feimeng jewelry,deepseek-v4-flash
B08PQC8LQ2,attribute_3054779216bf9986,0.9,Material: Silver,deepseek-v4-flash
B08PQC8LQ2,attribute_ecd13d995fe7b527,0.75,title: 5pcs,deepseek-v4-flash
B08PQC8LQ2,attribute_46a55037d00ad97d,0.65,title: silver,deepseek-v4-flash
B00GAXFYY8,attribute_b2ab3ca783a685c7,0.95,store: B·LEVE,deepseek-v4-flash
B00GAXFYY8,attribute_f86654b7149035ea,0.65,title: green,deepseek-v4-flash
B07YBLFFW5,attribute_ba52e395a256ac2d,0.95,store: Shimmer Anna Shine,deepseek-v4-flash
B07YBLFFW5,attribute_f86654b7149035ea,0.65,title: green,deepseek-v4-flash
B08X46Z2PC,attribute_dee51987bcf07b07,0.95,store: Paradise Emerald,rules
B08X46Z2PC,attribute_a64490da866eb222,0.65,title: red,rules
B00AJVLYGO,attribute_f6ca3be7322db571,0.95,store: ZURI,deepseek-v4-flash
B00AJVLYGO,attribute_c301b5888660fbbb,0.9,Item Form: Powder,deepseek-v4-flash
B00AJVLYGO,attribute_bb69160faedc8bbe,0.9,"Product Benefits: Smoothening,Moisturizing",deepseek-v4-flash
B08JTH7FVD,attribute_76bae4359e0c5304,0.95,store: COLORROSE,deepseek-v4-flash
B08JTH7FVD,attribute_c301b5888660fbbb,0.9,Item Form: Powder,deepseek-v4-flash
B08JTH7FVD,attribute_2ac91817c6dc2ed6,0.9,Unit Count: 1.00 Count,deepseek-v4-flash
B08GYJ3GMB,attribute_c20d1434aea1bde2,0.95,store: BVGA,deepseek-v4-flash
B08GYJ3GMB,attribute_b35bc3a5a95c4178,0.9,Material: Acrylic,deepseek-v4-flash
B08GYJ3GMB,attribute_35314a0e21b54063,0.9,Color: Pastel,deepseek-v4-flash
B08GYJ3GMB,attribute_a3e15900fc78187c,0.9,Hair Type: All,deepseek-v4-flash
B07C7SXR7R,attribute_6ed2012a955320c6,0.75,title: 7 Pack,rules
B07C7SXR7R,attribute_2f222083c2390ce0,0.65,title: pink,rules
B086BX71TD,attribute_7ea7ff445e579dda,0.95,store: Artist Unknown,deepseek-v4-flash
B086BX71TD,attribute_cd744dd77d211b38,0.9,Material: Synthetic,deepseek-v4-flash
B086BX71TD,attribute_b5e40193f5860fe3,0.9,Hair Type: Curly,deepseek-v4-flash
B086BX71TD,attribute_9c9d9eadb3298777,0.75,title: 24 Inch,deepseek-v4-flash
B086BX71TD,attribute_ea1c599aa9221b14,1.0,Hair Type: Curly,deepseek-v4-flash
B086BX71TD,attribute_290b9849696f2334,0.8,Water Wave Passion Twist Hair Crochet Hair,deepseek-v4-flash
B086BX71TD,attribute_c12173c39738b671,0.9,Crochet Braid Hair,deepseek-v4-flash
B01IT7527Q,attribute_2be0ca42155e504c,0.95,store: Bodermincer,deepseek-v4-flash
B01IT7527Q,attribute_fc6db98750f95668,0.9,Skin Type: All,deepseek-v4-flash
B01IT7527Q,attribute_962320cee0315e4d,0.9,Item Form: Pencil,deepseek-v4-flash
B01IT7527Q,attribute_a07c22439c6b092f,0.9,"Product Benefits: Softening,Long Lasting",deepseek-v4-flash
B01IT7527Q,attribute_b96630ed250523ee,0.65,title: brown,deepseek-v4-flash
B01IT7527Q,attribute_02ed94db9b5d9d14,1.0,Skin Type: All,deepseek-v4-flash
B01IT7527Q,attribute_ec98695470e2530e,1.0,Item Form: Pencil,deepseek-v4-flash
B01IT7527Q,attribute_4d2fbf302c4c399e,1.0,Product Benefits: Softening,deepseek-v4-flash
B01IT7527Q,attribute_794801b1361498e4,1.0,Product Benefits: Long Lasting,deepseek-v4-flash
B01IT7527Q,attribute_3ee5f26e48402dc2,0.9,Light Brown in title,deepseek-v4-flash
B01IT7527Q,attribute_d23a37976725758a,0.8,Waterproof in title,deepseek-v4-flash
B00759LVR0,attribute_89339957c4204c01,0.95,store: J. LeBlanc,deepseek-v4-flash
B00759LVR0,attribute_1dffaa257c5c9706,0.9,Item Form: oil,deepseek-v4-flash
B00759LVR0,attribute_8f8dc29f8a9d68e6,0.75,title: 8 fl.oz,deepseek-v4-flash
B00759LVR0,attribute_6c1232a90a69bec3,1.0,Item Form: oil,deepseek-v4-flash
B00759LVR0,attribute_bdc241d83d6e480f,0.9,Pistachio Oil in title,deepseek-v4-flash
B07BM2X7PG,attribute_f03aa5d3452da917,0.9,Color: Black,deepseek-v4-flash
B07BM2X7PG,attribute_b5e40193f5860fe3,0.9,Hair Type: Curly,deepseek-v4-flash
B07BM2X7PG,attribute_8b1c18dc9007cf5f,0.75,title: 50g,deepseek-v4-flash
B07TWM2CXD,attribute_663b2b0f01c26900,0.95,store: SIQUK,deepseek-v4-flash
B07TWM2CXD,attribute_056ad6b880d33cf9,0.9,Item Form: Wrap,deepseek-v4-flash
B07TWM2CXD,attribute_64e1b604d8fbc982,0.9,Material: Metal,deepseek-v4-flash
B07TWM2CXD,attribute_f907d3441c6a198a,0.9,Unit Count: 12.00 Count,deepseek-v4-flash
B07TWM2CXD,attribute_46f81f3ac5545e1f,0.9,Size: One Size,deepseek-v4-flash
B07TWM2CXD,attribute_8f250fa9db0de2d1,0.75,title: 12 Pcs,deepseek-v4-flash
B07PV3R2Y4,attribute_6e79f6d1bdf2cb50,0.95,store: Beauty by Earth,deepseek-v4-flash
B07PV3R2Y4,attribute_8b329a6097aa07ac,0.9,"Skin Type: Acne Prone,Sensitive,All Skin Types",deepseek-v4-flash
B07PV3R2Y4,attribute_7769c6877844280a,0.9,Scent: Lavender,deepseek-v4-flash
B07PV3R2Y4,attribute_9ec11ecb096b876f,0.9,Item Form: Bar,deepseek-v4-flash
B07DCDJMSB,attribute_039d4a083bd09224,0.95,store: Bath & Body Works,rules
B00QPOZPSM,attribute_c2cdb598f9b6d417,0.95,store: Reliamed,rules
B07WC326QR,attribute_66885ed25dfbc59d,0.95,store: WILLBOND,deepseek-v4-flash
B07WC326QR,attribute_cd744dd77d211b38,0.9,Material: Synthetic,deepseek-v4-flash
B07WC326QR,attribute_208219f6702872bf,0.9,Color: Gray,deepseek-v4-flash
B07WC326QR,attribute_b5e40193f5860fe3,0.9,Hair Type: Curly,deepseek-v4-flash
B08RSJDSSB,attribute_c5db5995ab0995d9,0.95,store: Isaic,deepseek-v4-flash
B08RSJDSSB,attribute_cd744dd77d211b38,0.9,Material: Synthetic,deepseek-v4-flash
B08RSJDSSB,attribute_3c6b220fd942dff3,0.9,Hair Type: Straight,deepseek-v4-flash
B08RSJDSSB,attribute_ed5c67af1cffc384,0.75,title: 16 Inch,deepseek-v4-flash
B06ZZMXS8W,attribute_5ca0eaa845872e42,0.95,store: Skully's Ctz Beard Oil,deepseek-v4-flash
B06ZZMXS8W,attribute_91c2ba8a4ef8824f,0.9,"Item Form: Liquid,Balm",deepseek-v4-flash
B06ZZMXS8W,attribute_2b77f13bdb4e3e9e,0.9,Hair Type: Dry,deepseek-v4-flash
B06ZZMXS8W,attribute_766830fce160dce1,0.75,title: 2 fl. oz,deepseek-v4-flash
B01959J7OQ,attribute_f196feb4272b76ce,0.95,store: VANESSA,deepseek-v4-flash
B01959J7OQ,attribute_0efeb815415e9186,0.9,Material: Human Hair,deepseek-v4-flash
B01959J7OQ,attribute_dbb4b768e54a993b,0.9,Hair Type: Color,deepseek-v4-flash
B01959J7OQ,attribute_f03aa5d3452da917,0.65,title: black,deepseek-v4-flash
B018QY0FK6,attribute_b0aeeb2db5c0cfc1,0.95,store: INSTANT FAB,deepseek-v4-flash
B018QY0FK6,attribute_34f14c15dd76cda1,0.9,Material: Human,deepseek-v4-flash
B018QY0FK6,attribute_3c6b220fd942dff3,0.9,Hair Type: Straight,deepseek-v4-flash
B07JDDWWBL,attribute_3361884a985c702e,0.95,store: City Costume Wigs,deepseek-v4-flash
B07JDDWWBL,attribute_cd744dd77d211b38,0.9,Material: Synthetic,deepseek-v4-flash
B07JDDWWBL,attribute_b96630ed250523ee,0.9,Color: brown,deepseek-v4-flash
B07JDDWWBL,attribute_f5014e73afcc8131,0.9,Hair Type: Wavy,deepseek-v4-flash
B0754HBCRK,attribute_377fd0e13200e3f9,0.95,store: essie,deepseek-v4-flash
B0754HBCRK,attribute_70948989c95ee1b1,0.9,Item Form: Liquid,deepseek-v4-flash
B0754HBCRK,attribute_6f793aa50d1543b7,0.75,title: 13.5ml,deepseek-v4-flash
B0754HBCRK,attribute_68249358eb428e5e,1.0,Essie Nail Polish,deepseek-v4-flash
B0754HBCRK,attribute_57f3b79dfba06688,1.0,mixtaupe,deepseek-v4-flash
B0754HBCRK,attribute_2a5fae0136994878,1.0,Item Form: Liquid,deepseek-v4-flash
B092MBF587,attribute_79bcc179efa5da34,0.95,store: HANYUDIE,deepseek-v4-flash
B092MBF587,attribute_0efeb815415e9186,0.9,Material: Human Hair,deepseek-v4-flash
B092MBF587,attribute_3c6b220fd942dff3,0.9,Hair Type: Straight,deepseek-v4-flash
B092MBF587,attribute_b96630ed250523ee,0.65,title: brown,deepseek-v4-flash
B092MBF587,attribute_3ee5f26e48402dc2,1.0,Light Brown,deepseek-v4-flash
B092MBF587,attribute_3267dcd9b69f1483,0.9,Clip in Bangs Hairpiece,deepseek-v4-flash
B092MBF587,attribute_c4767613f19c590b,1.0,Clip on Bangs,deepseek-v4-flash
B07QTHXN1D,attribute_da59102ae775dc99,0.95,store: VERY100,deepseek-v4-flash
B07QTHXN1D,attribute_703a408417ea8951,0.9,Material: Plastic,deepseek-v4-flash
B07QTHXN1D,attribute_bd5de0669191bed6,1.0,False Eyelash Storage Box,deepseek-v4-flash
B07QTHXN1D,attribute_c4436bd9eaae4d75,1.0,Pack of 50,deepseek-v4-flash
B07SXJ5BM9,attribute_26b151bd18bd973e,0.95,store: Messen,deepseek-v4-flash
B07SXJ5BM9,attribute_64e1b604d8fbc982,0.9,Material: Metal,deepseek-v4-flash
B07SXJ5BM9,attribute_a3e15900fc78187c,0.9,Hair Type: All,deepseek-v4-flash
B07SXJ5BM9,attribute_cf2367f7bd8087f8,0.9,Unit Count: 3.00 Count,deepseek-v4-flash
B07SXJ5BM9,attribute_dade4590d7137f15,0.65,title: gold,deepseek-v4-flash
B07SXJ5BM9,attribute_4d032a9626e7b13a,0.9,Bride Hair Accessories Messen Leaf Hair Bobby Pins,deepseek-v4-flash
B07SXJ5BM9,attribute_39227648ecd5e931,0.95,Unit Count: 3.00 Count,deepseek-v4-flash
B07SXJ5BM9,attribute_5a87129a6de1d021,0.8,Hair Type: All,deepseek-v4-flash
B07SXJ5BM9,attribute_07adab90604ad211,0.85,for Wedding Bridesmaid,deepseek-v4-flash
B01DABT1AU,attribute_2164f20b089da8df,0.95,store: Glamorous Collection,deepseek-v4-flash
B01DABT1AU,attribute_88295ab0dace3612,0.75,title: 1 mm,deepseek-v4-flash
B01DABT1AU,attribute_dade4590d7137f15,0.65,title: gold,deepseek-v4-flash
B01DABT1AU,attribute_8fa89957f9947839,0.9,Fake Nose Stud,deepseek-v4-flash
B01DABT1AU,attribute_ba7c6ffe0a0377b1,0.9,Rose Gold Dots,deepseek-v4-flash
B01DABT1AU,attribute_b35bc3a5a95c4178,0.9,crystal clear Gold acrylic,deepseek-v4-flash
B01DABT1AU,attribute_7a929a8a31688a99,0.9,Nose Studs,deepseek-v4-flash
B01DABT1AU,attribute_c79e9ccdfeb153c7,0.9,Stick On,deepseek-v4-flash
B01DABT1AU,attribute_794801b1361498e4,0.8,Long Lasting,deepseek-v4-flash
B01DABT1AU,attribute_75e7b3851ac62940,0.8,Reusable,deepseek-v4-flash
B003D1UTRC,attribute_34d674bb38de37bb,0.95,store: Cala,deepseek-v4-flash
B003D1UTRC,attribute_982b6882e4d8c677,0.9,Cala Cosmetic wedge,deepseek-v4-flash
B003D1UTRC,attribute_4760eb52804ee5a4,0.95,travel pack 6 count,deepseek-v4-flash
B003D1UTRC,attribute_566cd3ce6ccbb52f,0.85,travel pack,deepseek-v4-flash
B07W13NWVR,attribute_49c87cd672870143,0.95,store: I'M MEME,deepseek-v4-flash
B07W13NWVR,attribute_fc6db98750f95668,0.9,Skin Type: All,deepseek-v4-flash
B07W13NWVR,attribute_70948989c95ee1b1,0.9,Item Form: Liquid,deepseek-v4-flash
B07W13NWVR,attribute_02ed94db9b5d9d14,1.0,"Skin Type"":""All",deepseek-v4-flash
B07W13NWVR,attribute_b7d9fd2113f3e902,1.0,"Item Form"":""Liquid",deepseek-v4-flash
B07W13NWVR,attribute_2476ed5526de471b,0.9,005 Mystery Beet,deepseek-v4-flash
B07W13NWVR,attribute_74a4ad4908523a7e,0.9,Volume Tint Collection,deepseek-v4-flash
B07RWNW9GV,attribute_98d973fc8ebfa635,0.95,store: x-pression,deepseek-v4-flash
B07RWNW9GV,attribute_cd744dd77d211b38,0.9,Material: Synthetic,deepseek-v4-flash
B07RWNW9GV,attribute_369b252f43837333,0.9,"52""",deepseek-v4-flash
B07RWNW9GV,attribute_8700ab174718f90c,0.9,99J,deepseek-v4-flash
B07RWNW9GV,attribute_09012e865a052d72,0.9,Hair Braids,deepseek-v4-flash
B07V5KKRNB,attribute_b4beed66526f5708,0.95,store: Native,deepseek-v4-flash
B07V5KKRNB,attribute_a520aac71d9029b5,0.9,Scent: Coconut,deepseek-v4-flash
B07V5KKRNB,attribute_c301b5888660fbbb,0.9,Item Form: Powder,deepseek-v4-flash
B07V5KKRNB,attribute_1eb9b10a94a83c21,0.9,Unit Count: 23 Ounce,deepseek-v4-flash
B07V5KKRNB,attribute_87b3872db4b89401,0.75,title: 11.5 oz,deepseek-v4-flash
B07V5KKRNB,attribute_fd99a16a1f731108,1.0,"Item Form"":""Powder",deepseek-v4-flash
B07V5KKRNB,attribute_62bd139f4c741ce4,1.0,"Unit Count"":""23 Ounce",deepseek-v4-flash
B07V5KKRNB,attribute_a861bbf0795bea46,0.9,Body Wash,deepseek-v4-flash
B01C3Z6T68,attribute_3c6b220fd942dff3,0.9,Hair Type: Straight,rules
B01C3Z6T68,attribute_5c7e38781ffcc3cd,0.65,title: purple,rules
B00QQLBWNQ,attribute_005fde3432ede2db,0.95,store: BNG,rules
B01BQXYWQM,attribute_fdedd27bbe732b96,0.95,store: myTaT,rules
B01BQXYWQM,attribute_38740edce505787c,0.65,title: blue,rules
B07CTX62W7,attribute_ffed54d00714f2c0,0.95,store: Kat Von D,deepseek-v4-flash
B07CTX62W7,attribute_fc6db98750f95668,0.9,Skin Type: All,deepseek-v4-flash
B07CTX62W7,attribute_c301b5888660fbbb,0.9,Item Form: Powder,deepseek-v4-flash
B07CTX62W7,attribute_794801b1361498e4,0.9,Product Benefits: Long Lasting,deepseek-v4-flash
B07K41QCQX,attribute_c61c4556df9a679e,0.95,store: Skyvan,deepseek-v4-flash
B07K41QCQX,attribute_42f2ef53eef1b341,0.9,Item Form: Gel,deepseek-v4-flash
B07K41QCQX,attribute_33fd5b94b2446699,0.9,Unit Count: 24.00 Count,deepseek-v4-flash
B07K41QCQX,attribute_f0ebf97997089587,0.75,title: 24 PCS,deepseek-v4-flash
B00A9LPMEY,attribute_4e8897a53ef49e0d,0.95,store: Travalo,deepseek-v4-flash
B00A9LPMEY,attribute_a64490da866eb222,0.65,title: red,deepseek-v4-flash
B08HR5PDN6,attribute_311701f7d64460d1,0.95,store: Orly,deepseek-v4-flash
B08HR5PDN6,attribute_70948989c95ee1b1,0.9,Item Form: Liquid,deepseek-v4-flash
B08HR5PDN6,attribute_e3ff5ce737b0c614,0.9,Color: Peach,deepseek-v4-flash
B08HR5PDN6,attribute_2ac91817c6dc2ed6,0.9,Unit Count: 1.00 Count,deepseek-v4-flash
B01LFUCWKO,attribute_dacddcd8a0416860,0.95,store: Osensia,deepseek-v4-flash
B01LFUCWKO,attribute_af71680c3079f29f,0.9,Item Form: Cream,deepseek-v4-flash
B01LFUCWKO,attribute_ae50cb888766fd71,0.9,"Hair Type: Oily, Dry, Curly, Normal",deepseek-v4-flash
B01LFUCWKO,attribute_25978e3e934f91e2,0.75,title: 8 Ounces,deepseek-v4-flash
B08HGQT46C,attribute_486aebfb036332e6,0.95,store: wendunide,deepseek-v4-flash
B08HGQT46C,attribute_703a408417ea8951,0.9,Material: Plastic,deepseek-v4-flash
B08HGQT46C,attribute_43b421e5dc899c43,0.9,Color: A,deepseek-v4-flash
B08HGQT46C,attribute_b5e40193f5860fe3,0.9,Hair Type: Curly,deepseek-v4-flash
B08HGQT46C,attribute_d96eb9af9700f520,0.9,Unit Count: 16.00 Count,deepseek-v4-flash
B00UXT3GIG,attribute_d9512691300b669e,0.95,store: Mad Max,rules
B01ICLDQA4,attribute_5591c2792e48eedd,0.95,store: NEITSI,deepseek-v4-flash
B01ICLDQA4,attribute_0efeb815415e9186,0.9,Material: Human Hair,deepseek-v4-flash
B01ICLDQA4,attribute_b96630ed250523ee,0.9,Color: brown,deepseek-v4-flash
B01ICLDQA4,attribute_f5014e73afcc8131,0.9,Hair Type: Wavy,deepseek-v4-flash
B01ICLDQA4,attribute_14808cfcc76bf253,0.75,title: 1g,deepseek-v4-flash
B0113BF8NI,attribute_e79513cd78171b58,0.95,store: L'Oreal Paris,deepseek-v4-flash
B0113BF8NI,attribute_70948989c95ee1b1,0.9,Item Form: Liquid,deepseek-v4-flash
B0113BF8NI,attribute_320c95d539518c2e,0.9,Unit Count: 2.00 Count,deepseek-v4-flash
B00CF2P7AY,attribute_0ac8e814e614e05f,0.95,store: Corrine,deepseek-v4-flash
B00CF2P7AY,attribute_1ab4b8ffdfec4f8f,0.9,Color: White,deepseek-v4-flash
B00CF2P7AY,attribute_94d7ddc6afd2a95c,0.9,Size: 1 Count (Pack of 1),deepseek-v4-flash
B0771NT64F,attribute_05d4b4b90d711341,0.95,store: Spider Man,deepseek-v4-flash
B0771NT64F,attribute_3d7a4318984bab57,0.9,Spider-Man Homecoming Bath Time Shave Set for Kids,deepseek-v4-flash
B0771NT64F,attribute_cf0a22176b81104a,0.8,Bath Time Shave Set,deepseek-v4-flash
B0771NT64F,attribute_f1938414e04389fa,0.7,Shave Set,deepseek-v4-flash
B0771NT64F,attribute_f22e3dfe7a936677,0.9,Bath Time,deepseek-v4-flash
B09GXMKV5H,attribute_003f952f13fc6221,0.95,store: ycigfuns,deepseek-v4-flash
B09GXMKV5H,attribute_0efeb815415e9186,0.9,Material: Human Hair,deepseek-v4-flash
B09GXMKV5H,attribute_f5014e73afcc8131,0.9,Hair Type: Wavy,deepseek-v4-flash
B09GXMKV5H,attribute_f03aa5d3452da917,0.65,title: black,deepseek-v4-flash
B09GXMKV5H,attribute_f70118a981b2eea9,0.8,Deep Wave,deepseek-v4-flash
B09GXMKV5H,attribute_75646f2c7d9d898b,0.9,Headband Wigs,deepseek-v4-flash
B09GXMKV5H,attribute_c633b0a339252bcb,0.85,Natural Black,deepseek-v4-flash
B09GXMKV5H,attribute_7b094c2617d1c11d,0.9,"14""",deepseek-v4-flash
B00VKEV0L8,attribute_9f97212fd95d7077,0.95,store: IBD,deepseek-v4-flash
B00VKEV0L8,attribute_42f2ef53eef1b341,0.9,Item Form: Gel,deepseek-v4-flash
B00VKEV0L8,attribute_b35bc3a5a95c4178,0.9,Material: Acrylic,deepseek-v4-flash
B00VKEV0L8,attribute_3253ebb81ef67e2e,0.9,Color: Multi-color,deepseek-v4-flash
B00VKEV0L8,attribute_2059355749438aa8,0.75,title: 2oz,deepseek-v4-flash
B00VKEV0L8,attribute_1b00c776edc10fad,0.65,title: clear,deepseek-v4-flash
B00VKEV0L8,attribute_5d9d997b306d6574,0.9,IBD Builder Gel,deepseek-v4-flash
B00VKEV0L8,attribute_8b7e6fcb488e6162,0.85,2oz 56g,deepseek-v4-flash
B01HTO87X6,attribute_16c8b355594f582b,0.75,title: 35Ml,rules
B00C17UPE6,attribute_a64a2d1e2446de18,0.95,store: Banraishop,rules
B00C17UPE6,attribute_2f222083c2390ce0,0.65,title: pink,rules
B07Y9JG82G,attribute_f1040b5e991051e7,0.95,store: NUOBESTY,deepseek-v4-flash
B07Y9JG82G,attribute_0a552befcc9a10a1,0.9,Material: Cotton,deepseek-v4-flash
B07Y9JG82G,attribute_a64490da866eb222,0.9,Color: Red,deepseek-v4-flash
B07Y9JG82G,attribute_44a1264b8715e459,1.0,Headband,deepseek-v4-flash
B07Y9JG82G,attribute_c1c0858c6ad58c9a,0.9,headwear,deepseek-v4-flash
B07Y9JG82G,attribute_af9452447f4dc69e,0.9,"perfect for Halloween, Christmas party",deepseek-v4-flash
B097VJFK2L,attribute_4cabf8df81cdf465,0.9,Brand: Gelish,deepseek-v4-flash
B097VJFK2L,attribute_42f2ef53eef1b341,0.9,Item Form: Gel,deepseek-v4-flash
B097VJFK2L,attribute_2ac91817c6dc2ed6,0.9,Unit Count: 1.00 Count,deepseek-v4-flash
B097VJFK2L,attribute_bc4ed419453e4c91,0.75,title: 15 mL,deepseek-v4-flash
B097VJFK2L,attribute_68249358eb428e5e,1.0,Soak-Off Gel Polish,deepseek-v4-flash
B097VJFK2L,attribute_3b78e9371c665bc7,1.0,Item Form: Gel,deepseek-v4-flash
B097VJFK2L,attribute_32be049edeae429a,1.0,Garnet Crème,deepseek-v4-flash
B09NSG8VRM,attribute_9d9f1b45ec53d0a2,0.95,store: Deepmind,deepseek-v4-flash
B09NSG8VRM,attribute_d6f11db010f4fb38,0.9,Product Benefits: Smoothening,deepseek-v4-flash
B09NSG8VRM,attribute_2ac91817c6dc2ed6,0.9,Unit Count: 1.00 Count,deepseek-v4-flash
B09NSG8VRM,attribute_ead9ec30b28086cc,1.0,Eyeliner Stamps,deepseek-v4-flash
B09NSG8VRM,attribute_d23a37976725758a,1.0,Waterproof,deepseek-v4-flash
B09NSG8VRM,attribute_06c8e5a861ee78fd,1.0,Matte Eyeliner,deepseek-v4-flash
B09NSG8VRM,attribute_c5c304a6292d0374,0.9,Long Lasting,deepseek-v4-flash
B011XUJR1I,attribute_eb8aa23539bba2d6,0.75,title: 8ml,rules
B011XUJR1I,attribute_1b00c776edc10fad,0.65,title: clear,rules
B072N95X6P,attribute_e62fbf53a019a44e,0.95,store: Parfums De Coeur,deepseek-v4-flash
B072N95X6P,attribute_b06ddfd075682715,0.9,Scent: Vanilla,deepseek-v4-flash
B072N95X6P,attribute_04bafd83548381d1,0.9,Item Form: Spray,deepseek-v4-flash
B072N95X6P,attribute_189d90ef866b9c96,0.75,title: 3 Pack,deepseek-v4-flash
B07W5S82Y5,attribute_6206d64bca214bf5,0.95,store: Salerm,deepseek-v4-flash
B07W5S82Y5,attribute_70948989c95ee1b1,0.9,Item Form: Liquid,deepseek-v4-flash
B07W5S82Y5,attribute_fe8163ba181ec7f7,0.9,"Product Benefits: Hydrating,Shine,Softness,Moisturizing,Repairing,Rejuvenating",deepseek-v4-flash
B07W5S82Y5,attribute_8c7109a4892f4f82,0.9,Hair Type: Damaged,deepseek-v4-flash
B07W5S82Y5,attribute_28f2d79a6884da36,0.75,title: 250 ml,deepseek-v4-flash
B08M5DXZDJ,attribute_37936d7306972609,0.95,store: Toptim,deepseek-v4-flash
B08M5DXZDJ,attribute_d897e8f9b0651009,0.9,Item Form: Ribbon,deepseek-v4-flash
B08M5DXZDJ,attribute_25a4ae8de9e6cb8a,0.9,"Material: Cloth, Plastic",deepseek-v4-flash
B08M5DXZDJ,attribute_46f81f3ac5545e1f,0.9,Size: One Size,deepseek-v4-flash
B0731VNNBX,attribute_13f6a0c1d6d1b3fa,0.95,store: RIN,rules
B07SGNZ86V,attribute_c993a796d72ad812,0.95,store: COLORGRAM TOK,deepseek-v4-flash
B07SGNZ86V,attribute_fc6db98750f95668,0.9,Skin Type: All,deepseek-v4-flash
B07SGNZ86V,attribute_cb54b23e19c22a4e,0.75,title: 4g,deepseek-v4-flash
B0871ZTZSW,attribute_ae4c5fd0c910bef4,0.95,store: Blulu,deepseek-v4-flash
B0871ZTZSW,attribute_2ac91817c6dc2ed6,0.9,Unit Count: 1.00 Count,deepseek-v4-flash
B07X5V6QLB,attribute_5b626bf504ffa8b0,0.95,store: EVER FAITH,deepseek-v4-flash
B07X5V6QLB,attribute_2ac91817c6dc2ed6,0.9,Unit Count: 1.00 Count,deepseek-v4-flash
B07X5V6QLB,attribute_1b00c776edc10fad,0.65,title: clear,deepseek-v4-flash
B084VH7M49,attribute_26b151bd18bd973e,0.95,store: Messen,deepseek-v4-flash
B084VH7M49,attribute_36264c106eb61396,0.9,"Material: Pearl, Metal",deepseek-v4-flash
B084VH7M49,attribute_a3e15900fc78187c,0.9,Hair Type: All,deepseek-v4-flash
B084VH7M49,attribute_d2723788a1d9251f,0.9,Unit Count: 40.00 Count,deepseek-v4-flash
B084VH7M49,attribute_9fc540e5f357cc9b,0.75,title: 40 Pcs,deepseek-v4-flash
B07SY84DPP,attribute_b8a0bb9a0f811190,0.95,store: VIVID STELLA,deepseek-v4-flash
B07SY84DPP,attribute_b35bc3a5a95c4178,0.9,Material: Acrylic,deepseek-v4-flash
B07SY84DPP,attribute_f70cf2bfe1aee198,0.9,Size: 24 Count (Pack of 1),deepseek-v4-flash
B07SY84DPP,attribute_f0ebf97997089587,0.75,title: 24 Pcs,deepseek-v4-flash
B0716X1J4B,attribute_11dac839ac502989,0.95,store: A Arran,deepseek-v4-flash
B0716X1J4B,attribute_83b3524e21032434,0.9,"Scent: Citrus, Sandalwood, Fresh, Musk, Rose, Lemon",deepseek-v4-flash
B0716X1J4B,attribute_9ec11ecb096b876f,0.9,Item Form: Bar,deepseek-v4-flash
B0716X1J4B,attribute_d6494bdce1676622,0.75,title: 200g,deepseek-v4-flash
B01FDGIIT0,attribute_5375bf8b0c32e6f4,0.95,store: My Life Scents,deepseek-v4-flash
B01FDGIIT0,attribute_1c11df092c7fcef6,0.9,Scent: Citrus,deepseek-v4-flash
B01FDGIIT0,attribute_44ea97e9f51e3da8,0.9,"Item Form: Oil, Spray",deepseek-v4-flash
B01FDGIIT0,attribute_7d891282373a70a6,0.9,Unit Count: 1 Count,deepseek-v4-flash
B01FDGIIT0,attribute_ffce5f1bf8c4b5eb,0.75,title: 180ml,deepseek-v4-flash
B01FDGIIT0,attribute_a91fc6f1d042f108,1.0,Scented Lotion,deepseek-v4-flash
B01FDGIIT0,attribute_687405fb6d6a74c1,1.0,180ml (2-90ml bottle set),deepseek-v4-flash
B01FDGIIT0,attribute_802faaf6ef31e347,1.0,non greasy cream,deepseek-v4-flash
B01FDGIIT0,attribute_9665fc9632d04d9c,1.0,apply this rich lotion all over your body,deepseek-v4-flash
B01FDGIIT0,attribute_aaeea4df516cb8f9,1.0,all over your body,deepseek-v4-flash
B08MVFKSQ8,attribute_bcb3db71a249f396,0.95,store: MoYo Natural Labs,deepseek-v4-flash
B08MVFKSQ8,attribute_38740edce505787c,0.9,Color: Blue,deepseek-v4-flash
B08MVFKSQ8,attribute_611fe1fe495ea409,0.75,title: 8 oz,deepseek-v4-flash
B08MVFKSQ8,attribute_2b18795606d31e1c,1.0,BPA Free PET Plastic,deepseek-v4-flash
B08MVFKSQ8,attribute_f12b2549edc75f4f,1.0,Spray Bottles Fine Mist Empty Travel Containers,deepseek-v4-flash
B08MVFKSQ8,attribute_96ff896af2474031,1.0,for Essential Oils and Liquids/Cosmetics,deepseek-v4-flash
B07HH458B6,attribute_ef142d1729ca0e41,0.95,store: KOAI,deepseek-v4-flash
B07HH458B6,attribute_f5014e73afcc8131,0.9,Hair Type: Wavy,deepseek-v4-flash
B07HH458B6,attribute_88e1565a75b5f23a,0.75,title: 10 Inch,deepseek-v4-flash
B07HH458B6,attribute_3f12bdca71a81170,1.0,Ombre 1b/99j ... 1B/Burgundy Two Tone,deepseek-v4-flash
B07HH458B6,attribute_5bbc3de2bf29b171,1.0,Unprocessed Brazilian Virgin Human Hair Extensions,deepseek-v4-flash
B07HH458B6,attribute_3267dcd9b69f1483,1.0,Hair Extensions Weave,deepseek-v4-flash
B07HH458B6,attribute_e51071afa87a0a56,1.0,(10 12 14+10 Inch Closure),deepseek-v4-flash
B07HH458B6,attribute_5a87129a6de1d021,1.0,Remy Hair,deepseek-v4-flash
B07CTQQLLJ,attribute_c4ecc8a45e40a224,0.95,store: STALEKS,deepseek-v4-flash
B07CTQQLLJ,attribute_91f6f67f0d907219,0.9,Material: Stainless Steel,deepseek-v4-flash
B08ZRTSR2S,attribute_4e009f5d760aeeb3,0.95,store: Marine Forest,deepseek-v4-flash
B08ZRTSR2S,attribute_c301b5888660fbbb,0.9,Item Form: Powder,deepseek-v4-flash
B08ZRTSR2S,attribute_6cd51fcb4aade6a1,0.75,title: 2 Pcs,deepseek-v4-flash
B08ZRTSR2S,attribute_f03aa5d3452da917,0.65,title: black,deepseek-v4-flash
B00028NLKG,attribute_863f332ccc4e5415,0.95,store: thebestton,deepseek-v4-flash
B00028NLKG,attribute_fbd8936c219bb836,0.9,Skin Type: Sensitive,deepseek-v4-flash
B00028NLKG,attribute_397cbf61878a8585,0.9,"Scent: Mint, Rosemary",deepseek-v4-flash
B00028NLKG,attribute_3fc21992a4f08219,0.9,Item Form: Clay,deepseek-v4-flash
B00028NLKG,attribute_2ac91817c6dc2ed6,0.9,Unit Count: 1.00 Count,deepseek-v4-flash
B00028NLKG,attribute_c15c9d8547cf1f88,0.75,title: 3 oz,deepseek-v4-flash
B07R9RNDV5,attribute_26b151bd18bd973e,0.95,store: Messen,rules
B07R9RNDV5,attribute_848b155a685efd97,0.75,title: 4 Pack,rules
B0734JLX5P,attribute_da69935009a63b70,0.95,store: Sam&Helen,deepseek-v4-flash
B0734JLX5P,attribute_8ba8db87ff92bb46,0.9,Item Form: Pair,deepseek-v4-flash
B0734JLX5P,attribute_2d309baeecfc7ddc,0.9,Material: Mink Fur,deepseek-v4-flash
B07PFH92HN,attribute_aabfacda9fef049f,0.95,store: Fashion Zone,deepseek-v4-flash
B07PFH92HN,attribute_42f2ef53eef1b341,0.9,Item Form: Gel,deepseek-v4-flash
B07PFH92HN,attribute_b35bc3a5a95c4178,0.9,Material: Acrylic,deepseek-v4-flash
B07ZQ3RMV4,attribute_6f0d4c603b1c85fd,0.95,store: Moresoo,deepseek-v4-flash
B07ZQ3RMV4,attribute_0efeb815415e9186,0.9,Material: Human Hair,deepseek-v4-flash
B07ZQ3RMV4,attribute_3c6b220fd942dff3,0.9,Hair Type: Straight,deepseek-v4-flash
B07ZQ3RMV4,attribute_b31afbde7f6c30db,0.75,title: 12 Inch,deepseek-v4-flash
B07ZQ3RMV4,attribute_72f40f803eb5363f,0.65,title: blonde,deepseek-v4-flash
B08FCLKX9V,attribute_d375d7bb67c8d9c5,0.95,store: Christmas Feeling,rules
B08FCLKX9V,attribute_848b155a685efd97,0.75,title: 4 Pack,rules
B08FCLKX9V,attribute_b96630ed250523ee,0.65,title: brown,rules
B0828Y9FM1,attribute_88b48f70cc4facd5,0.95,store: SEISSO,rules
B09K3Z86WR,attribute_7ac7a33ff46f1b41,0.95,store: NiegMeag,deepseek-v4-flash
B09K3Z86WR,attribute_0efeb815415e9186,0.9,Material: Human Hair,deepseek-v4-flash
B09K3Z86WR,attribute_f5014e73afcc8131,0.9,Hair Type: Wavy,deepseek-v4-flash
B09K3Z86WR,attribute_9c9d9eadb3298777,0.75,title: 24 Inch,deepseek-v4-flash
B09K3Z86WR,attribute_f03aa5d3452da917,0.65,title: black,deepseek-v4-flash
B079SD3GZW,attribute_f441d31c40d7a937,0.95,store: Elice,deepseek-v4-flash
B079SD3GZW,attribute_fcbd4d872f1d86c6,0.9,"Material: Metal, Crystal",deepseek-v4-flash
B079SD3GZW,attribute_b8358122f6b07f6f,0.9,"Color: Blue,Green,White,Pink,Silver,Purple",deepseek-v4-flash
B079SD3GZW,attribute_f907d3441c6a198a,0.9,Unit Count: 12.00 Count,deepseek-v4-flash
B079SD3GZW,attribute_46a55037d00ad97d,0.65,title: silver,deepseek-v4-flash
B08WHBSK6R,attribute_6a257642da35703d,0.95,store: Kidskin,deepseek-v4-flash
B08WHBSK6R,attribute_fbd8936c219bb836,0.9,Skin Type: Sensitive,deepseek-v4-flash
B08WHBSK6R,attribute_90288547f6c40262,0.9,Scent: Tea Tree,deepseek-v4-flash
B08WHBSK6R,attribute_d466a100bb4ce0fc,0.9,"Item Form: Bar, Foam",deepseek-v4-flash
B07KD6XFQZ,attribute_f3fd33307455c7a0,0.95,store: mollensiuer,deepseek-v4-flash
B07KD6XFQZ,attribute_530828b3049769bc,0.9,Material: Foam,deepseek-v4-flash
B07KD6XFQZ,attribute_f907d3441c6a198a,0.9,Unit Count: 12.00 Count,deepseek-v4-flash
B07KD6XFQZ,attribute_a541fc05abd5a052,0.75,title: 12Pcs,deepseek-v4-flash
B07KD6XFQZ,attribute_a64490da866eb222,0.65,title: red,deepseek-v4-flash
B07DLGQBF5,attribute_50dbe08612efe4ba,0.95,store: BECCA,deepseek-v4-flash
B07DLGQBF5,attribute_c301b5888660fbbb,0.9,Item Form: powder,deepseek-v4-flash
B07DLGQBF5,attribute_8b33d88a2bc54cce,0.9,"Color: Bronze, Peach",deepseek-v4-flash
B00MGLADU8,attribute_94f1c02ccfe3364c,0.95,store: VAGA,deepseek-v4-flash
B08WL67Y7W,attribute_37f893df5ea0540a,0.95,store: Polish Me Silly,deepseek-v4-flash
B08WL67Y7W,attribute_2ac91817c6dc2ed6,0.9,Unit Count: 1.00 Count,deepseek-v4-flash
B08WL67Y7W,attribute_34533587cc1bab95,0.75,title: 0.5 Fl. Oz,deepseek-v4-flash
B08WL67Y7W,attribute_f86654b7149035ea,0.65,title: green,deepseek-v4-flash
B08CGV3RR9,attribute_ade2617e20836e14,0.95,store: Stamped Glorious,deepseek-v4-flash
B08CGV3RR9,attribute_cd744dd77d211b38,0.9,Material: Synthetic,deepseek-v4-flash
B08CGV3RR9,attribute_144088894d57278b,0.9,"Hair Type: Curly,Kinky",deepseek-v4-flash
B08CGV3RR9,attribute_f03aa5d3452da917,0.65,title: black,deepseek-v4-flash
B07XYVPQQK,attribute_be57b8ad4ccc967e,0.95,store: PLADIO,deepseek-v4-flash
B07XYVPQQK,attribute_0efeb815415e9186,0.9,Material: Human Hair,deepseek-v4-flash
B07XYVPQQK,attribute_3c6b220fd942dff3,0.9,Hair Type: Straight,deepseek-v4-flash
B07XYVPQQK,attribute_c2364ab92487a038,0.75,title: 8 inch,deepseek-v4-flash
B07XYVPQQK,attribute_f03aa5d3452da917,0.65,title: black,deepseek-v4-flash
B017A0PAFW,attribute_5d1839ecce8130c7,0.95,store: COKOHAPPY,rules
B077MWYVLC,attribute_cd6afc80a1683bf2,0.95,store: Bielenda,deepseek-v4-flash
B077MWYVLC,attribute_af71680c3079f29f,0.9,Item Form: Cream,deepseek-v4-flash
B077MWYVLC,attribute_11e610d24b0771b9,0.9,Unit Count: 1.00 Fl Oz,deepseek-v4-flash
B077MWYVLC,attribute_2df7a61d6a6c1b35,0.75,title: 1 FL OZ,deepseek-v4-flash
B08VGYCWQ7,attribute_62a3254f205355c1,0.95,store: CaserBay,deepseek-v4-flash
B08VGYCWQ7,attribute_8ba8db87ff92bb46,0.9,Item Form: Pair,deepseek-v4-flash
B08VGYCWQ7,attribute_2ac91817c6dc2ed6,0.9,Unit Count: 1.00 Count,deepseek-v4-flash
B087CK2GB4,attribute_49b30e4679274169,0.95,store: J & H VARIETY PERFUME,deepseek-v4-flash
B087CK2GB4,attribute_04bafd83548381d1,0.9,Item Form: Spray,deepseek-v4-flash
B087CK2GB4,attribute_01492e60c62a18e7,0.9,Unit Count: 2.3 Fl Oz,deepseek-v4-flash
B087CK2GB4,attribute_1ab4b8ffdfec4f8f,0.65,title: white,deepseek-v4-flash
B00X8CFLNS,attribute_0d766ef3876dd308,0.95,store: STARDEL,rules
B00X8CFLNS,attribute_522770f1c65cc5a4,0.75,title: 3PACK,rules
B00X8CFLNS,attribute_f03aa5d3452da917,0.65,title: black,rules
B07CMWX44V,attribute_8d189f025648e42a,0.95,store: Toycamp,rules
B072N2JF9V,attribute_c885d12ed2e26f92,0.95,store: Farmermaker,deepseek-v4-flash
B072N2JF9V,attribute_66775ae2ae3e78b4,0.9,Scent: Fresh,deepseek-v4-flash
B072N2JF9V,attribute_6c57fe59edb4b29a,0.75,title: 10ml,deepseek-v4-flash
B09BNDHBHF,attribute_402fbc5460267f4d,0.95,store: QrBxa,deepseek-v4-flash
B09BNDHBHF,attribute_a0f92e4defc47e1c,0.9,Item Form: Stick,deepseek-v4-flash
B09BNDHBHF,attribute_3c78a96ee5d233e5,0.9,"Product Benefits: Stain,Makeup Remover,Brightening,Gentle,Long-lasting,Makeup",deepseek-v4-flash
B09BNDHBHF,attribute_241a0b89b4acac63,0.75,title: 20 Pcs,deepseek-v4-flash
B09BNDHBHF,attribute_a64490da866eb222,0.65,title: red,deepseek-v4-flash
B00PZY165E,attribute_2e45686e390f9277,0.95,store: Genuine African Formula,deepseek-v4-flash
B00PZY165E,attribute_c0ba13428d7f1621,0.9,Unit Count: 8.00 Fl Oz,deepseek-v4-flash
B00PZY165E,attribute_611fe1fe495ea409,0.75,title: 8 oz,deepseek-v4-flash
B004VH2OSO,attribute_b7f2fbfcf270c92a,1.0,Degree Deod Inv Sld Clean,deepseek-v4-flash
B004VH2OSO,attribute_7dcabe8b976d0468,0.9,A men's antiperspirant,deepseek-v4-flash
B004VH2OSO,attribute_668ec7293536c844,0.9,clean neutral scent and a slight hint of citrus,deepseek-v4-flash
B004VH2OSO,attribute_dc89b226e436ec23,0.9,48-hour dry protection,deepseek-v4-flash
B004VH2OSO,attribute_222b99ad5e0c9477,0.9,men's antiperspirant,deepseek-v4-flash
B06W2K5ZFX,attribute_665f854442c22949,0.95,store: Asquith & Somerset,deepseek-v4-flash
B06W2K5ZFX,attribute_a520aac71d9029b5,0.9,Scent: Coconut,deepseek-v4-flash
B06W2K5ZFX,attribute_2d0de2dba34009e6,1.0,Luxury SALT Scrub,deepseek-v4-flash
B06W2K5ZFX,attribute_2e59c87f4811f8a0,0.8,ORGANIC Coconut Extracts,deepseek-v4-flash
B0C5V83YMB,attribute_3eb04d1af3a1e8c9,0.95,store: YouClean,deepseek-v4-flash
B0C5V83YMB,attribute_fc6db98750f95668,0.9,Skin Type: All,deepseek-v4-flash
B0C5V83YMB,attribute_dc671fb92996a58d,0.9,Scent: Tea Party,deepseek-v4-flash
B0C5V83YMB,attribute_da84be739250c281,0.9,Item Form: Sheet,deepseek-v4-flash
B0C5V83YMB,attribute_fc903d76c6521c0c,1.0,Soap Sheets,deepseek-v4-flash
B0C5V83YMB,attribute_566cd3ce6ccbb52f,0.9,Portable Travel Size,deepseek-v4-flash
B0C5V83YMB,attribute_400ff1251bc79406,0.9,Antibacterial,deepseek-v4-flash
B0C5V83YMB,attribute_189773af89092471,0.8,all-natural plant-based ingredients,deepseek-v4-flash
B0B7WHWMC1,attribute_12386dcb7036c613,0.95,store: Dr.Althea,deepseek-v4-flash
B0B7WHWMC1,attribute_fc6db98750f95668,0.9,Skin Type: All,deepseek-v4-flash
B0B7WHWMC1,attribute_8fc0fc81776a0e7f,0.9,Unit Count: 1.75 Fl Oz,deepseek-v4-flash
B0B7WHWMC1,attribute_1ab4b8ffdfec4f8f,0.65,title: white,deepseek-v4-flash
B08543WQLC,attribute_6b49a7cea6ab5b0b,0.95,store: Hempz,deepseek-v4-flash
B08543WQLC,attribute_09d1323b702dd3e5,0.9,Scent: Mango,deepseek-v4-flash
B08543WQLC,attribute_04bafd83548381d1,0.9,Item Form: Spray,deepseek-v4-flash
B08543WQLC,attribute_0cc99efeb3507807,0.9,Unit Count: 6.00 Fl Oz,deepseek-v4-flash
B08543WQLC,attribute_55774c5f29f3f538,0.75,title: 6 oz,deepseek-v4-flash
B08543WQLC,attribute_1ab4b8ffdfec4f8f,0.65,title: white,deepseek-v4-flash
B0777W6C4X,attribute_0359ca386e43c481,0.95,store: tweexy,deepseek-v4-flash
B0777W6C4X,attribute_056ad6b880d33cf9,0.9,Item Form: Wrap,deepseek-v4-flash
B0777W6C4X,attribute_0a830a0b71ef95ce,0.9,Color: Bonbon Pink - Spa Green,deepseek-v4-flash
B0777W6C4X,attribute_320c95d539518c2e,0.9,Unit Count: 2.00 Count,deepseek-v4-flash
B0777W6C4X,attribute_f86654b7149035ea,0.65,title: green,deepseek-v4-flash
B07SSFL9T5,attribute_59a140c1e151f0ba,0.95,store: CANMAKE,deepseek-v4-flash
B07SSFL9T5,attribute_c301b5888660fbbb,0.9,Item Form: Powder,deepseek-v4-flash
B07SSFL9T5,attribute_cb54b23e19c22a4e,0.75,title: 4g,deepseek-v4-flash
B01DTU7VM2,attribute_2cc7d97b0f43a803,0.95,store: Boston Nail Art,deepseek-v4-flash
B01DTU7VM2,attribute_2ac91817c6dc2ed6,0.9,Unit Count: 1.00 Count,deepseek-v4-flash
B0813F6K6X,attribute_69f55f3675cf0aba,0.95,store: ROSALIND,deepseek-v4-flash
B0813F6K6X,attribute_42f2ef53eef1b341,0.9,Item Form: Gel,deepseek-v4-flash
B0813F6K6X,attribute_9869a09bb090a3e0,0.9,Unit Count: 4.0 Ounce,deepseek-v4-flash
B0813F6K6X,attribute_a64490da866eb222,0.65,title: red,deepseek-v4-flash
B08FYZ9VJY,attribute_4709337aee0ea0fd,0.95,store: Eizniz,deepseek-v4-flash
B08FYZ9VJY,attribute_056ad6b880d33cf9,0.9,Item Form: Wrap,deepseek-v4-flash
B08FYZ9VJY,attribute_14d1b8cad5f34f67,0.9,Material: Wool,deepseek-v4-flash
B08FYZ9VJY,attribute_02818d64fc41f7fa,0.9,Unit Count: 1.7637 Ounce,deepseek-v4-flash
B08FYZ9VJY,attribute_d457f80056de2e67,0.75,title: 320g,deepseek-v4-flash
B017J17QQ8,attribute_900f39da4791bc1e,0.95,store: Unilever,deepseek-v4-flash
B017J17QQ8,attribute_fc6db98750f95668,0.9,Skin Type: All,deepseek-v4-flash
B017J17QQ8,attribute_7329e16749ccebc6,0.9,Scent: Almond,deepseek-v4-flash
B017J17QQ8,attribute_9ec11ecb096b876f,0.9,Item Form: Bar,deepseek-v4-flash
B017J17QQ8,attribute_b908008de1708136,0.75,title: 12 oz,deepseek-v4-flash
B07LD62HVC,attribute_053141523094091f,0.95,store: JFFX,deepseek-v4-flash
B07LD62HVC,attribute_0efeb815415e9186,0.9,Material: Human Hair,deepseek-v4-flash
B07LD62HVC,attribute_3c6b220fd942dff3,0.9,Hair Type: Straight,deepseek-v4-flash
B07LD62HVC,attribute_4fba6f3cfc8206d0,0.75,title: 80g,deepseek-v4-flash
B07FBYY9LD,attribute_4e0beef63f1ba232,0.95,store: Vaupan,rules
B07FBYY9LD,attribute_a64490da866eb222,0.65,title: red,rules
B08RBDB6ZT,attribute_d3f93fb37fe22120,0.95,store: Fashiontats,deepseek-v4-flash
B08RBDB6ZT,attribute_5b795c08ea06eb3f,0.9,"Color: Red, Clear",deepseek-v4-flash
B08RBDB6ZT,attribute_131f7a9ba5137514,0.9,Size: 28 Piece Set,deepseek-v4-flash
B08RBDB6ZT,attribute_a64490da866eb222,0.65,title: red,deepseek-v4-flash
B0166R6XBU,attribute_0c6ec1bcaf559b7b,0.95,store: BATH ACCESSORIES,deepseek-v4-flash
B0166R6XBU,attribute_0aad32830a89bc1c,0.9,Material: Nylon,deepseek-v4-flash
B0166R6XBU,attribute_a4ebc76a1fabaee3,0.9,Color: Bicycles,deepseek-v4-flash
B0166R6XBU,attribute_98b62b753c45651c,0.9,Size: 1-Pack,deepseek-v4-flash
B09MF7XKPR,attribute_bbb6fb8ecad762be,0.95,store: MADHOLLY,deepseek-v4-flash
B09MF7XKPR,attribute_8166dd5498eb480d,0.9,Material: kc gold,deepseek-v4-flash
B09MF7XKPR,attribute_4dbd28dfa71202ca,0.9,"Color: Gold,White",deepseek-v4-flash
B09MF7XKPR,attribute_a3e15900fc78187c,0.9,Hair Type: All,deepseek-v4-flash
B09MF7XKPR,attribute_9441402397455d8b,0.75,title: 24Pcs,deepseek-v4-flash
B09MF7XKPR,attribute_dade4590d7137f15,0.65,title: gold,deepseek-v4-flash
B07RYN86RV,attribute_542e93f2ccb109b5,0.95,store: CHOP MALL,deepseek-v4-flash
B083TPC3HN,attribute_1069a20e86fae9e1,0.95,store: Mise En Scene,deepseek-v4-flash
B083TPC3HN,attribute_84ac5032da6d80a8,0.9,Item Form: Foam,deepseek-v4-flash
B083TPC3HN,attribute_4f2261b639dab4c6,0.9,Hair Type: Normal,deepseek-v4-flash
B083TPC3HN,attribute_b96630ed250523ee,0.65,title: brown,deepseek-v4-flash
B07NXS6YJ3,attribute_903af2025e25a7c3,0.95,store: LASHVIEW,deepseek-v4-flash
B07NXS6YJ3,attribute_eb2c589f77a4e2ad,0.9,Item Form: Individual,deepseek-v4-flash
B07NXS6YJ3,attribute_2ac91817c6dc2ed6,0.9,Unit Count: 1.00 Count,deepseek-v4-flash
B07NXS6YJ3,attribute_7f4f251ddccda267,0.75,title: 0.07mm,deepseek-v4-flash
B07CJQSG5M,attribute_ce231ca028103daa,0.95,store: Plexaderm,rules
B016ZES556,attribute_e458ed9489bc8650,0.95,store: Vivo Per Lei & Jarosa Mr. MOTH,rules
B016ZES556,attribute_b0e7639675c3e763,0.75,title: 1.7 fl.oz,rules
B07X9L2XZT,attribute_cc9947b93d12d567,0.95,store: Tongcloud,rules
B07X9L2XZT,attribute_8f250fa9db0de2d1,0.75,title: 12 pcs,rules
B0978NWY6R,attribute_f34bbb98415aa05f,0.95,store: Fongly,deepseek-v4-flash
B0978NWY6R,attribute_0efeb815415e9186,0.9,Material: Human Hair,deepseek-v4-flash
B0978NWY6R,attribute_f5014e73afcc8131,0.9,Hair Type: Wavy,deepseek-v4-flash
B0978NWY6R,attribute_9c9d9eadb3298777,0.75,title: 24 Inch,deepseek-v4-flash
B0978NWY6R,attribute_f03aa5d3452da917,0.65,title: black,deepseek-v4-flash
B08PNXDY6F,attribute_585c692bdbfef718,0.95,store: Goldfinch,deepseek-v4-flash
B08PNXDY6F,attribute_0efeb815415e9186,0.9,Material: Human Hair,deepseek-v4-flash
B08PNXDY6F,attribute_3c6b220fd942dff3,0.9,Hair Type: Straight,deepseek-v4-flash
B08PNXDY6F,attribute_25463c047f4416ec,0.75,title: 10 Inches,deepseek-v4-flash
B08PNXDY6F,attribute_b96630ed250523ee,0.65,title: brown,deepseek-v4-flash
B07HPC9TLX,attribute_8e910a68ab7bbb9b,0.95,store: Newport Cosmeceuticals,deepseek-v4-flash
B07HPC9TLX,attribute_eadb26207a132ac7,0.9,"Skin Type: Oily, Combination, Dry, Normal",deepseek-v4-flash
B08L4RQ3MV,attribute_ed1433ed3c42ce21,0.95,store: Tecbeauty,rules
B08L4RQ3MV,attribute_ec059e792e40c5de,0.75,title: 4pcs,rules
B07RW78DS8,attribute_bea2908857f15af9,0.95,store: Cherubb,deepseek-v4-flash
B07RW78DS8,attribute_eaf80224953940f3,0.9,Color: Nude,deepseek-v4-flash
B07RW78DS8,attribute_a3e15900fc78187c,0.9,Hair Type: All,deepseek-v4-flash
B07RW78DS8,attribute_0aad32830a89bc1c,0.9,premium nylon headbands,deepseek-v4-flash
B07RW78DS8,attribute_5426ae370f0305c2,0.9,ONE SIZE FITS ALL,deepseek-v4-flash
B07RW78DS8,attribute_7479fde1126b6127,0.9,Nylon Headbands for Baby Girls,deepseek-v4-flash
B07RW78DS8,attribute_5997510a7e03ce8e,0.9,JUMBO BULK PACK OF 100,deepseek-v4-flash
B07RW78DS8,attribute_afe2644fd97b63ff,0.8,for Baby Girls,deepseek-v4-flash
B07RW78DS8,attribute_aab0e6464d9ac0bd,0.9,Snap closure,deepseek-v4-flash
B08ND729SK,attribute_d58913379b9a9427,0.95,store: SOFEIYAN,deepseek-v4-flash
B08ND729SK,attribute_cd744dd77d211b38,0.9,Material: Synthetic,deepseek-v4-flash
B08ND729SK,attribute_3c6b220fd942dff3,0.9,Hair Type: Straight,deepseek-v4-flash
B08ND729SK,attribute_f03aa5d3452da917,0.65,title: black,deepseek-v4-flash
B08ND729SK,attribute_03ed2581a6f2d59d,0.9,Clip in Bangs Hair Extensions,deepseek-v4-flash
B08ND729SK,attribute_857b7e75c7242c90,0.9,off Black,deepseek-v4-flash
B08ND729SK,attribute_9e04c9fc363cde8b,0.9,Clip in Bangs,deepseek-v4-flash
B085Y57C8G,attribute_f809ae7b235f0804,0.95,store: FAAAL,deepseek-v4-flash
B085Y57C8G,attribute_0efeb815415e9186,0.9,Material: Human Hair,deepseek-v4-flash
B085Y57C8G,attribute_3c6b220fd942dff3,0.9,Hair Type: Straight,deepseek-v4-flash
B085Y57C8G,attribute_4fba6f3cfc8206d0,0.75,title: 80g,deepseek-v4-flash
B085Y57C8G,attribute_a64490da866eb222,0.65,title: red,deepseek-v4-flash
B085Y57C8G,attribute_564293b96031155b,0.9,Human Hair Ponytail Extensions,deepseek-v4-flash
B085Y57C8G,attribute_4eea98ff36c0c0e3,0.9,#1 Jet Black,deepseek-v4-flash
B085Y57C8G,attribute_5e6b97f3efba1794,0.9,80g,deepseek-v4-flash
B085Y57C8G,attribute_9e04c9fc363cde8b,0.9,Clip in Hair Extensions,deepseek-v4-flash
B07WXPMB38,attribute_c15b49b9ce2e04ab,0.95,store: LAAVOO,deepseek-v4-flash
B07WXPMB38,attribute_3c6b220fd942dff3,0.9,Hair Type: Straight,deepseek-v4-flash
B07WXPMB38,attribute_003fa00e3406d5a6,0.75,title: 20pcs,deepseek-v4-flash
B07WXPMB38,attribute_b96630ed250523ee,0.65,title: brown,deepseek-v4-flash
B08ZCGKGHR,attribute_43726ead1f1ab0d8,0.95,store: Vivilly,deepseek-v4-flash
B08ZCGKGHR,attribute_b35bc3a5a95c4178,0.9,Material: Acrylic,deepseek-v4-flash
B08ZCGKGHR,attribute_436a5a52435e900e,0.9,Size: Large,deepseek-v4-flash
B09FDTDK3G,attribute_1f377756d4da4ed9,0.95,store: Dodo,deepseek-v4-flash
B09FDTDK3G,attribute_eb2c589f77a4e2ad,0.9,Item Form: Individual,deepseek-v4-flash
B09FDTDK3G,attribute_7ac65a24bc64e3d7,0.9,Material: Polybutylene Terephthalate Fiber,deepseek-v4-flash
B09FDTDK3G,attribute_17c64989f60d2d73,0.75,title: 07mm,deepseek-v4-flash
B01IRX4X4K,attribute_bd927388d4779892,0.95,store: wet n wild,rules
B089Q6KLHS,attribute_188477a97f592690,0.95,store: Iteryn,deepseek-v4-flash
B089Q6KLHS,attribute_f2842a1505e6176c,0.9,"Hair Type: Wavy, Dry, Curly, Thick",deepseek-v4-flash
B089Q6KLHS,attribute_320c95d539518c2e,0.9,Unit Count: 2.00 Count,deepseek-v4-flash
B089Q6KLHS,attribute_f03aa5d3452da917,0.65,title: black,deepseek-v4-flash
B089Q6KLHS,attribute_b855367f0fae3303,0.9,"Hair Type: Wavy, Dry, Curly, Thick",deepseek-v4-flash
B089Q6KLHS,attribute_04bf0ea28b030c7b,0.9,Unit Count: 2.00 Count,deepseek-v4-flash
B089Q6KLHS,attribute_db9d4112dbe694d0,0.8,BLACK&PINK in title,deepseek-v4-flash
B089Q6KLHS,attribute_c2c7a62e61e04543,0.8,Detangling Brush Set in title,deepseek-v4-flash
B07LGZF4YV,attribute_0b520570b9fb9461,0.95,store: Wild Man Tame Beard,deepseek-v4-flash
B07LGZF4YV,attribute_3531b62ea3cfae30,0.9,Scent: Unscented,deepseek-v4-flash
B07LGZF4YV,attribute_03ec94aec1ae46f9,0.9,"Item Form: Oil, Wax",deepseek-v4-flash
B07LGZF4YV,attribute_ac46e4a4dd3ef7b4,0.9,Hair Type: Coarse,deepseek-v4-flash
B07LGZF4YV,attribute_aa7ddf34ef02a42d,0.9,"Item Form: Oil, Wax",deepseek-v4-flash
B07LGZF4YV,attribute_65a2344999079f5c,0.9,Hair Type: Coarse,deepseek-v4-flash
B07LGZF4YV,attribute_5b18a77dfb0570fe,0.8,Beard Grooming Kit in title,deepseek-v4-flash
B07BXHZLV4,attribute_0efeb815415e9186,0.9,Material: Human Hair,deepseek-v4-flash
B07BXHZLV4,attribute_3c6b220fd942dff3,0.9,Hair Type: Straight,deepseek-v4-flash
B07BXHZLV4,attribute_f03aa5d3452da917,0.65,title: black,deepseek-v4-flash
B07BXHZLV4,attribute_9e6a663d16b7b30d,0.9,Hair Type: Straight,deepseek-v4-flash
B07BXHZLV4,attribute_c633b0a339252bcb,0.8,title: #1B Natural Black,deepseek-v4-flash
B07BXHZLV4,attribute_4340a885b60419a7,0.8,Front Clip in Hair Extensions in title,deepseek-v4-flash
B07KFRJYPJ,attribute_dc3310174ad2d81d,0.95,store: Daisy Fuentes,deepseek-v4-flash
B07KFRJYPJ,attribute_fc6db98750f95668,0.9,Skin Type: All,deepseek-v4-flash
B07KFRJYPJ,attribute_66775ae2ae3e78b4,0.9,Scent: Fresh,deepseek-v4-flash
B07KFRJYPJ,attribute_ad678151a2c91e55,0.9,Item Form: Mask,deepseek-v4-flash
B07KFRJYPJ,attribute_61aaf750d3bbc379,0.9,Product Benefits: Hydrating,deepseek-v4-flash
B07KFRJYPJ,attribute_02ed94db9b5d9d14,1.0,All,deepseek-v4-flash
B07KFRJYPJ,attribute_0727b5b8b557c771,1.0,Mask,deepseek-v4-flash
B07KFRJYPJ,attribute_dd997e623e6ff0b3,1.0,Hydrating,deepseek-v4-flash
B08B2Q6BJ7,attribute_346c09e2a842bca9,0.95,store: CHARLOTTE TILBURY,deepseek-v4-flash
B08B2Q6BJ7,attribute_0978c2ed559ebc5a,0.9,Item Form: Drops,deepseek-v4-flash
B08B2Q6BJ7,attribute_1236e575a38c6f3a,1.0,Drops,deepseek-v4-flash
B08HN147NV,attribute_fe7eb03171cbd908,0.95,store: Ornate Hair,deepseek-v4-flash
B08HN147NV,attribute_0efeb815415e9186,0.9,Material: Human Hair,deepseek-v4-flash
B08HN147NV,attribute_b94f5b76fc2deb05,0.9,Hair Type: Kinky,deepseek-v4-flash
B08HN147NV,attribute_ec1264b4311e7b7e,0.75,title: 18inch,deepseek-v4-flash
B08HN147NV,attribute_f03aa5d3452da917,0.65,title: black,deepseek-v4-flash
B08HN147NV,attribute_bc88e0c708d5a28c,1.0,Kinky,deepseek-v4-flash
B00TISI070,attribute_cb925c034b502d26,0.75,title: 32oz,rules
B00TISI070,attribute_dade4590d7137f15,0.65,title: gold,rules
B07FQG965K,attribute_894053ed8fb9d4d9,0.95,store: Lantique,rules
B07BMD3BCW,attribute_185db78069528b67,0.95,store: Free Ship Deal ARBrend,rules
B07MMB6T1B,attribute_8705fd4fce49c38b,0.95,store: BESTOOL,deepseek-v4-flash
B07MMB6T1B,attribute_0aad32830a89bc1c,0.9,Material: Nylon,deepseek-v4-flash
B07MMB6T1B,attribute_0eefc311241fec93,0.9,"Hair Type: Dry, Curly, Fine",deepseek-v4-flash
B07MMB6T1B,attribute_2ac91817c6dc2ed6,0.9,Unit Count: 1.00 Count,deepseek-v4-flash
B007MJKGEC,attribute_06c55d5f043625e3,0.95,store: Jordana,deepseek-v4-flash
B007MJKGEC,attribute_fc6db98750f95668,0.9,Skin Type: All,deepseek-v4-flash
B007MJKGEC,attribute_a0f92e4defc47e1c,0.9,Item Form: Stick,deepseek-v4-flash
B007MJKGEC,attribute_2f222083c2390ce0,0.65,title: pink,deepseek-v4-flash
B07G2P4K7D,attribute_a72532745296f324,0.95,store: M.A.C,deepseek-v4-flash
B07G2P4K7D,attribute_fc6db98750f95668,0.9,Skin Type: All,deepseek-v4-flash
B07G2P4K7D,attribute_dad475d9f4aaf5d5,0.9,"Item Form: Liquid,Powder",deepseek-v4-flash
B07G2P4K7D,attribute_d6f11db010f4fb38,0.9,Product Benefits: Smoothening,deepseek-v4-flash
B0798PTV19,attribute_d039ffde56d90c72,0.95,store: Elixir,deepseek-v4-flash
B0798PTV19,attribute_af71680c3079f29f,0.9,Item Form: Cream,deepseek-v4-flash
B0798PTV19,attribute_11e610d24b0771b9,0.9,Unit Count: 1.00 Fl Oz,deepseek-v4-flash
B0798PTV19,attribute_c1558adbbf34d6d6,0.75,title: 75 ml,deepseek-v4-flash
B0798PTV19,attribute_435bc39626e55af4,0.8,Cream balm for foot,deepseek-v4-flash
B0798PTV19,attribute_65b31f554aeafc2f,0.9,Cream balm for foot,deepseek-v4-flash
B0798PTV19,attribute_124c2a66eafd68ee,0.9,with an extract of the leech,deepseek-v4-flash
B010X7D7X6,attribute_3835e2fe857c9dd0,0.95,store: DFX Hair,deepseek-v4-flash
B010X7D7X6,attribute_0efeb815415e9186,0.9,Material: Human Hair,deepseek-v4-flash
B010X7D7X6,attribute_e8e7fea2a5737144,0.9,Color: Natural,deepseek-v4-flash
B010X7D7X6,attribute_f5014e73afcc8131,0.9,Hair Type: Wavy,deepseek-v4-flash
B010X7D7X6,attribute_60c2b7749ed64fa5,0.75,title: 30 inches,deepseek-v4-flash
B010X7D7X6,attribute_76a1cbe5b6604631,1.0,8~30 inches,deepseek-v4-flash
B010X7D7X6,attribute_03ed2581a6f2d59d,1.0,Brazilian Virgin Human Hair Extension,deepseek-v4-flash
B08CRL6H24,attribute_076f252ded210f2c,0.95,store: Coisini,deepseek-v4-flash
B08CRL6H24,attribute_0efeb815415e9186,0.9,Material: Human Hair,deepseek-v4-flash
B08CRL6H24,attribute_3c6b220fd942dff3,0.9,Hair Type: Straight,deepseek-v4-flash
B08CRL6H24,attribute_88e1565a75b5f23a,0.75,title: 10 Inch,deepseek-v4-flash
B08CRL6H24,attribute_2e69819f90e65698,1.0,Hair Type: Straight,deepseek-v4-flash
B08CRL6H24,attribute_4c146eb163e57be0,0.9,Natural Color from title,deepseek-v4-flash
B08CRL6H24,attribute_d8a9cc41286533ea,0.9,Lace Front Wigs from title,deepseek-v4-flash
B08CRL6H24,attribute_ad9e3d6f7879663a,0.9,Short Bob Wigs from title,deepseek-v4-flash
B08CRL6H24,attribute_a086edaf465b1b4d,0.9,Middle Part from title,deepseek-v4-flash
B08CRL6H24,attribute_ed1a91f96d50fef8,0.8,Pre Plucked from title,deepseek-v4-flash
B072JC1JV2,attribute_dade4590d7137f15,0.65,title: gold,rules
B07F5TJZQ7,attribute_bff23e9b75506397,0.95,store: RufnTop,rules
B00JZK3A1M,attribute_28b3245e3c14a966,0.95,store: AivmolIk,rules
B00JZK3A1M,attribute_1ab4b8ffdfec4f8f,0.65,title: white,rules
B01AY42P36,attribute_94f1c02ccfe3364c,0.95,store: VAGA,rules
B01AY42P36,attribute_46a55037d00ad97d,0.65,title: silver,rules
B01DM4ROS6,attribute_3387a3ad90750799,0.95,store: CHuangQi,rules
B01DM4ROS6,attribute_f03aa5d3452da917,0.65,title: black,rules
B078JJW9GV,attribute_900c2d388352fa76,0.95,store: COSRX,rules
B078JJW9GV,attribute_58148a218b8b52c4,0.75,title: 75ml,rules
B00T5KQAUU,attribute_c4536a17cd0e895a,0.95,store: Generic,rules
B099PLWWQY,attribute_98c783edc4ae8ebc,0.95,store: sinyanail,rules
B099PLWWQY,attribute_7d285dc2aa4b2dee,0.75,title: 52 Pcs,rules
B099PLWWQY,attribute_dade4590d7137f15,0.65,title: gold,rules
B071PCCMFF,attribute_241a0b89b4acac63,0.75,title: 20 Pcs,rules
B071PCCMFF,attribute_72f40f803eb5363f,0.65,title: blonde,rules
B08J3QLHXG,attribute_0770e29f006b2d97,0.95,store: K'ryssma,deepseek-v4-flash
B08J3QLHXG,attribute_0aad32830a89bc1c,0.9,Material: Nylon,deepseek-v4-flash
B08J3QLHXG,attribute_3c6b220fd942dff3,0.9,Hair Type: Straight,deepseek-v4-flash
B08J3QLHXG,attribute_89ad30dca8d83d67,0.75,title: 24 inches,deepseek-v4-flash
B08J3QLHXG,attribute_5c7e38781ffcc3cd,0.65,title: purple,deepseek-v4-flash
B08J3QLHXG,attribute_dd9c8ba4ead8d7cb,0.9,Ombre Grey Lace Front Wigs with Purple Roots,deepseek-v4-flash
B08J3QLHXG,attribute_2e69819f90e65698,0.95,Hair Type Straight,deepseek-v4-flash
B08J3QLHXG,attribute_d8a9cc41286533ea,0.9,Lace Front Wigs,deepseek-v4-flash
B018IVD9FK,attribute_971eda0e52b77c61,0.95,store: Alba Botanica,deepseek-v4-flash
B018IVD9FK,attribute_61aaf750d3bbc379,0.9,Product Benefits: Hydrating,deepseek-v4-flash
B018IVD9FK,attribute_2ac91817c6dc2ed6,0.9,Unit Count: 1.00 Count,deepseek-v4-flash
B018IVD9FK,attribute_611fe1fe495ea409,0.75,title: 8 oz,deepseek-v4-flash
B018IVD9FK,attribute_dd997e623e6ff0b3,0.95,Product Benefits Hydrating,deepseek-v4-flash
B018IVD9FK,attribute_a520aac71d9029b5,0.7,Coconut Milk,deepseek-v4-flash
B018IVD9FK,attribute_0eefab86cb6b8280,0.9,Leave-In Conditioning Mist,deepseek-v4-flash
B072BYMGRB,attribute_fc6db98750f95668,0.9,Skin Type: All,deepseek-v4-flash
B072BYMGRB,attribute_c301b5888660fbbb,0.9,Item Form: Powder,deepseek-v4-flash
B072BYMGRB,attribute_84069a1262d3c901,0.9,Unit Count: 2 Count,deepseek-v4-flash
B072BYMGRB,attribute_72f40f803eb5363f,0.65,title: blonde,deepseek-v4-flash
B072BYMGRB,attribute_4c6355c908ed261d,0.95,Brand Maybelline,deepseek-v4-flash
B072BYMGRB,attribute_02ed94db9b5d9d14,0.95,Skin Type All,deepseek-v4-flash
B072BYMGRB,attribute_fd99a16a1f731108,0.95,Item Form Powder,deepseek-v4-flash
B072BYMGRB,attribute_5a68db79b682d835,0.9,100 Blonde,deepseek-v4-flash
B072BYMGRB,attribute_eafca84924ca1afb,0.9,Brow Drama Shaping Chalk Powder,deepseek-v4-flash
B0895NG63H,attribute_decbf6944c4ba1ed,0.95,store: MY-LADY,deepseek-v4-flash
B0895NG63H,attribute_0efeb815415e9186,0.9,Material: Human Hair,deepseek-v4-flash
B0895NG63H,attribute_3c6b220fd942dff3,0.9,Hair Type: Straight,deepseek-v4-flash
B0895NG63H,attribute_cabcafb5cff1d48f,0.75,title: 20 inch,deepseek-v4-flash
B0895NG63H,attribute_f03aa5d3452da917,0.65,title: black,deepseek-v4-flash
B0895NG63H,attribute_2e69819f90e65698,0.95,Straight,deepseek-v4-flash
B0895NG63H,attribute_d4765bfe065afe67,0.85,20 inch,deepseek-v4-flash
B0895NG63H,attribute_a9cda3a028f2c99c,0.8,90g,deepseek-v4-flash
B0895NG63H,attribute_603f48abd5d3896b,0.85,1B Natural Black,deepseek-v4-flash
B07CF9R32T,attribute_fbd8936c219bb836,0.9,Skin Type: Sensitive,deepseek-v4-flash
B07CF9R32T,attribute_27d380881f0af077,0.9,"Item Form: Lotion,Oil",deepseek-v4-flash
B07CF9R32T,attribute_7d891282373a70a6,0.9,Unit Count: 1 Count,deepseek-v4-flash
B07CF9R32T,attribute_cc853181e1d73030,0.75,title: 16 oz,deepseek-v4-flash
B07CF9R32T,attribute_b19ebac6b8c24c2d,0.9,Neutrogena,deepseek-v4-flash
B07CF9R32T,attribute_5192daa8fa76cbd6,0.95,Sensitive,deepseek-v4-flash
B07CF9R32T,attribute_dd0f9c169e36569e,0.85,"Lotion,Oil",deepseek-v4-flash
B07CF9R32T,attribute_c2ee456cf9bc2f6c,0.8,32 oz,deepseek-v4-flash
B07CF9R32T,attribute_6d57d100f8b6950f,0.7,Light Sesame Formula,deepseek-v4-flash
B07CF9R32T,attribute_d713346a486d82b4,0.8,Body Oil Moisturizer,deepseek-v4-flash
B01CJF85QO,attribute_94c667c9f3e07829,0.95,store: Teensery,deepseek-v4-flash
B01CJF85QO,attribute_2e6ac263509bc4c5,0.9,Material: Glass,deepseek-v4-flash
B01CJF85QO,attribute_4e91551968e1f908,0.75,title: 5 ml,deepseek-v4-flash
B01CJF85QO,attribute_9b2e84a4cb54bdae,0.9,5 ml,deepseek-v4-flash
B01CJF85QO,attribute_5b30e4aa8fcd32b1,0.85,Amber,deepseek-v4-flash
B01CJF85QO,attribute_0301f8e8049cc46a,0.8,Empty Refillable Bottle Container,deepseek-v4-flash
B01CJF85QO,attribute_4d91775991bd55c0,0.85,12 pcs,deepseek-v4-flash
B07GDL58LN,attribute_4a11d48a2307804f,0.95,store: Xcoser,deepseek-v4-flash
B07GDL58LN,attribute_b5e40193f5860fe3,0.9,Hair Type: Curly,deepseek-v4-flash
B07GDL58LN,attribute_f03aa5d3452da917,0.65,title: black,deepseek-v4-flash
B07GDL58LN,attribute_e3fd5743ce32bccf,0.9,Curly,deepseek-v4-flash
B07GDL58LN,attribute_ca9b16f18c344edd,0.9,Princess Jasmine Wig,deepseek-v4-flash
B074YHVN5D,attribute_64e1b604d8fbc982,0.9,Material: Metal,deepseek-v4-flash
B074YHVN5D,attribute_a3e15900fc78187c,0.9,Hair Type: All,deepseek-v4-flash
B074YHVN5D,attribute_df47d737857f4185,0.9,Unit Count: 6.0 Count,deepseek-v4-flash
B074YHVN5D,attribute_d8b5d5d49d0e383b,1.0,Yeshan,deepseek-v4-flash
B074YHVN5D,attribute_99e4aa0e9d06199f,0.9,6.0 Count,deepseek-v4-flash
B074YHVN5D,attribute_b155702c618b21a4,0.9,Hair Clip,deepseek-v4-flash
B00454W6XG,attribute_1ec5e48f57c210fc,0.95,store: Sally Hansen,deepseek-v4-flash
B00454W6XG,attribute_70948989c95ee1b1,0.9,Item Form: Liquid,deepseek-v4-flash
B00454W6XG,attribute_f72e8867a7ef8c83,0.9,Color: Golden,deepseek-v4-flash
B00454W6XG,attribute_b7d9fd2113f3e902,0.9,Liquid,deepseek-v4-flash
B00454W6XG,attribute_675d596a67152d27,0.9,Nail Prisms,deepseek-v4-flash
B011954TM4,attribute_dfeeaf4a601792cc,0.95,store: BXT,rules
B07YRN53DK,attribute_2c383c5daa7427f3,0.95,store: Liang Dian,deepseek-v4-flash
B07YRN53DK,attribute_0efeb815415e9186,0.9,Material: Human Hair,deepseek-v4-flash
B07YRN53DK,attribute_b5e40193f5860fe3,0.9,Hair Type: Curly,deepseek-v4-flash
B07YRN53DK,attribute_e3fd5743ce32bccf,1.0,Hair Type Curly,deepseek-v4-flash
B07YRN53DK,attribute_75bc6c3e86c99fc5,0.9,9A Brazilian Deep Wave,deepseek-v4-flash
B07YRN53DK,attribute_4c146eb163e57be0,1.0,Natural Color,deepseek-v4-flash
B07YRN53DK,attribute_7d1224adb5de7317,0.9,3 Bundles with Closure,deepseek-v4-flash
B08WF29DM9,attribute_6679bdba938588c4,0.95,store: TULA,deepseek-v4-flash
B08WF29DM9,attribute_93fccd5397ec4a44,0.9,Scent: Watermelon,deepseek-v4-flash
B08WF29DM9,attribute_af71680c3079f29f,0.9,Item Form: Cream,deepseek-v4-flash
B08WF29DM9,attribute_20ecf3163f110e23,0.9,Unit Count: 3.4 Ounce,deepseek-v4-flash
B08WF29DM9,attribute_8fbb8e90dbaaaf09,0.75,title: 3.4 oz,deepseek-v4-flash
B08WF29DM9,attribute_545a7b86a69d38a9,0.9,Moisture Hydrating,deepseek-v4-flash
B08WF29DM9,attribute_b77ec041798d9e36,0.8,Contains Watermelon Fruit,deepseek-v4-flash
B08WF29DM9,attribute_71f5a55eb347599f,0.8,Blueberry Extract,deepseek-v4-flash
B08WF29DM9,attribute_9b25c5cd5f95ef64,0.9,Hydrating Day & Night Cream,deepseek-v4-flash
B082BJYV38,attribute_bc3e0239358c7221,0.95,store: MAC,deepseek-v4-flash
B082BJYV38,attribute_a0f92e4defc47e1c,0.9,Item Form: Stick,deepseek-v4-flash
B082BJYV38,attribute_2ccce691d80f3ddd,1.0,Foundation Stick,deepseek-v4-flash
B082BJYV38,attribute_4016a980608262b7,1.0,NW13,deepseek-v4-flash
B082BJYV38,attribute_63347bee8661c3b3,0.9,Matte Foundation Stick,deepseek-v4-flash
B01KH0HQLS,attribute_77013b84d61bf316,0.95,store: Belle,rules
B01KH0HQLS,attribute_1ab4b8ffdfec4f8f,0.65,title: white,rules
B08JVGGGZ7,attribute_5eecfb346a5bf362,0.95,store: zYoung,rules
B08JVGGGZ7,attribute_64d345060e7e7528,0.75,title: 4 Pcs,rules
B00F77LG8G,attribute_b58d324e74b27500,0.95,store: Mont Bleu,deepseek-v4-flash
B00F77LG8G,attribute_2e6ac263509bc4c5,0.9,Material: Glass,deepseek-v4-flash
B00F77LG8G,attribute_1355bb972ebb545d,0.9,"Color: Blue,purple",deepseek-v4-flash
B00F77LG8G,attribute_7d891282373a70a6,0.9,Unit Count: 1 count,deepseek-v4-flash
B00F77LG8G,attribute_38740edce505787c,0.65,title: blue,deepseek-v4-flash
B082V9GSMD,attribute_5c29e311910d84a9,0.95,store: yellow girl,deepseek-v4-flash
B082V9GSMD,attribute_8ba8db87ff92bb46,0.9,Item Form: Pair,deepseek-v4-flash
B082V9GSMD,attribute_2d309baeecfc7ddc,0.9,Material: Mink Fur,deepseek-v4-flash
B083SL4BTW,attribute_86ee684009417e94,0.95,store: NOBILITY,deepseek-v4-flash
B083SL4BTW,attribute_0efeb815415e9186,0.9,Material: Human Hair,deepseek-v4-flash
B083SL4BTW,attribute_3c6b220fd942dff3,0.9,Hair Type: Straight,deepseek-v4-flash
B083SL4BTW,attribute_5a1bb5553d3d4fbf,0.75,title: 14 Inch,deepseek-v4-flash
B083SL4BTW,attribute_f03aa5d3452da917,0.65,title: black,deepseek-v4-flash
B002GIBVL6,attribute_102ec02350d03c9f,0.95,store: K.C. Sales,rules
B01497J64U,attribute_103a7812bb79b289,0.95,store: It's a Nail,rules
B09B593RM5,attribute_b6e934fafbe566ce,0.95,store: Honoson,rules
B09B593RM5,attribute_01158f69d511115d,0.75,title: 32 Inch,rules
B011CS35QE,attribute_2c2b64b8eeb25a30,0.95,store: Josie Maran,deepseek-v4-flash
B011CS35QE,attribute_1dffaa257c5c9706,0.9,Item Form: Oil,deepseek-v4-flash
B011CS35QE,attribute_8c640d1f0f8de166,0.9,Unit Count: 1.7 Ounce,deepseek-v4-flash
B011CS35QE,attribute_9718571fc11efdcc,0.75,title: 1.7oz,deepseek-v4-flash
B011CS35QE,attribute_a64490da866eb222,0.65,title: red,deepseek-v4-flash
B011CS35QE,attribute_b36226857e6d1674,0.9,100% Argan Oil,deepseek-v4-flash
B011CS35QE,attribute_2a9a78485fcd90d3,0.9,Africa Red Rooibos Scent,deepseek-v4-flash
B011CS35QE,attribute_3b7e47f2ad3ff8d6,0.95,1.7oz,deepseek-v4-flash
B082WYQWGF,attribute_9abc4d5f24c9e6cb,0.95,store: Vasaana,deepseek-v4-flash
B082WYQWGF,attribute_fc6db98750f95668,0.9,Skin Type: All,deepseek-v4-flash
B082WYQWGF,attribute_a520aac71d9029b5,0.9,Scent: Coconut,deepseek-v4-flash
B082WYQWGF,attribute_c9f8b5ea4edd4f95,0.9,Unit Count: 1.75 Ounce,deepseek-v4-flash
B082WYQWGF,attribute_0d8c2bef29513678,0.85,Natural Beeswax,deepseek-v4-flash
B082WYQWGF,attribute_959805bd9218b3fb,0.9,Coconut Oil,deepseek-v4-flash
B082WYQWGF,attribute_d1e806f821aff0f2,0.85,Shea Body Butter,deepseek-v4-flash
B082WYQWGF,attribute_83da2016c858334a,0.9,Body Butter,deepseek-v4-flash
B082WYQWGF,attribute_2b61ffcc0db28941,0.8,Body Butter,deepseek-v4-flash
B082WYQWGF,attribute_b9c999274abda730,0.95,Unit Count: 1.75 Ounce,deepseek-v4-flash
B099RRLL72,attribute_21d8cd034c22be6e,0.95,store: KKINYAS,deepseek-v4-flash
B099RRLL72,attribute_fc6db98750f95668,0.9,Skin Type: All,deepseek-v4-flash
B099RRLL72,attribute_c301b5888660fbbb,0.9,Item Form: Powder,deepseek-v4-flash
B099RRLL72,attribute_794801b1361498e4,0.9,Product Benefits: Long Lasting,deepseek-v4-flash
B099RRLL72,attribute_b96630ed250523ee,0.65,title: brown,deepseek-v4-flash
B099RRLL72,attribute_6d659730928adea2,0.9,Eyebrow Stamp Shaping Kit,deepseek-v4-flash
B099RRLL72,attribute_26cdea8339600330,0.95,Gray-brown,deepseek-v4-flash
B099RRLL72,attribute_8c2e5f5c119d80d2,0.85,Eyebrow Stamp,deepseek-v4-flash
B08SGXFM81,attribute_4644be9c21b57ea6,0.95,store: FANXITON,deepseek-v4-flash
B08SGXFM81,attribute_8ba8db87ff92bb46,0.9,Item Form: Pair,deepseek-v4-flash
B08SGXFM81,attribute_6e76972f4469de0a,0.9,Material: Faux Mink,deepseek-v4-flash
B08SGXFM81,attribute_f03aa5d3452da917,0.9,Color: Black,deepseek-v4-flash
B075FMD915,attribute_c0fe963d67a86bb5,0.95,store: YU ZHU,deepseek-v4-flash
B075FMD915,attribute_0efeb815415e9186,0.9,Material: Human Hair,deepseek-v4-flash
B075FMD915,attribute_f5014e73afcc8131,0.9,Hair Type: Wavy,deepseek-v4-flash
B075FMD915,attribute_4d100a054f1efaf0,0.75,title: 300g,deepseek-v4-flash
B07QD4NS2H,attribute_3ab4ba6a847ebb7c,0.95,store: LADES,deepseek-v4-flash
B07QD4NS2H,attribute_8719400aec8afcb6,0.9,Item Form: Wax,deepseek-v4-flash
B07QD4NS2H,attribute_4760eb52804ee5a4,0.9,Unit Count: 6 Count,deepseek-v4-flash
B07QD4NS2H,attribute_e0010c7b89f6793a,0.75,title: 6 Pcs,deepseek-v4-flash
B07C1M5KRZ,attribute_fff9b83d099d621d,0.95,store: Teenitor,rules
B07D293LTR,attribute_5efbc623871b9747,0.95,store: Ynredee,rules
B07MGJBYMP,attribute_7368013c92d6c29c,0.95,store: Higu clace,deepseek-v4-flash
B07MGJBYMP,attribute_eb2c589f77a4e2ad,0.9,Item Form: Individual,deepseek-v4-flash
B07MGJBYMP,attribute_cd744dd77d211b38,0.9,Material: Synthetic,deepseek-v4-flash
B07MGJBYMP,attribute_2ac91817c6dc2ed6,0.9,Unit Count: 1.00 Count,deepseek-v4-flash
B07MGJBYMP,attribute_bacf4cec6e8d16a4,0.75,title: 0.10mm,deepseek-v4-flash
B004H8ZKWE,attribute_fc6db98750f95668,0.9,Skin Type: All,deepseek-v4-flash
B004H8ZKWE,attribute_a0f92e4defc47e1c,0.9,Item Form: Stick,deepseek-v4-flash
B004H8ZKWE,attribute_46a55037d00ad97d,0.65,title: silver,deepseek-v4-flash
B0007CHJGY,attribute_db4601dfd94686a3,0.95,store: Zia,deepseek-v4-flash
B0007CHJGY,attribute_86c70f5d736aedd1,0.9,Skin Type: Dry,deepseek-v4-flash
B0007CHJGY,attribute_af71680c3079f29f,0.9,Item Form: Cream,deepseek-v4-flash
B0007CHJGY,attribute_2afa099a84028744,0.9,Unit Count: 6.0 Ounce,deepseek-v4-flash
B0007CHJGY,attribute_55774c5f29f3f538,0.75,title: 6 oz,deepseek-v4-flash
B07ZCHM9SL,attribute_04fe34e45040875c,0.95,store: ShowCoco,deepseek-v4-flash
B07ZCHM9SL,attribute_cd744dd77d211b38,0.9,Material: Synthetic,deepseek-v4-flash
B07ZCHM9SL,attribute_f5014e73afcc8131,0.9,Hair Type: Wavy,deepseek-v4-flash
B07ZCHM9SL,attribute_ed5c67af1cffc384,0.75,title: 16 Inch,deepseek-v4-flash
B077D8QM6K,attribute_ff5385d47a5ef470,0.95,store: QLV,deepseek-v4-flash
B077D8QM6K,attribute_70948989c95ee1b1,0.9,Item Form: Liquid,deepseek-v4-flash
B077D8QM6K,attribute_93e314a21145b252,0.75,title: 300 ML,deepseek-v4-flash
B077D8QM6K,attribute_46a55037d00ad97d,0.65,title: silver,deepseek-v4-flash
B0147I957O,attribute_d2ab067439a7bf5f,0.95,store: Annie,deepseek-v4-flash
B0147I957O,attribute_861db4fada938088,0.9,Product Benefits: Nourishing,deepseek-v4-flash
B0147I957O,attribute_38740edce505787c,0.9,Color: Blue,deepseek-v4-flash
B0147I957O,attribute_2ac91817c6dc2ed6,0.9,Unit Count: 1.00 Count,deepseek-v4-flash
B083NXF32H,attribute_585c692bdbfef718,0.95,store: Goldfinch,deepseek-v4-flash
B083NXF32H,attribute_0efeb815415e9186,0.9,Material: Human Hair,deepseek-v4-flash
B083NXF32H,attribute_3c6b220fd942dff3,0.9,Hair Type: Straight,deepseek-v4-flash
B083NXF32H,attribute_b96630ed250523ee,0.65,title: brown,deepseek-v4-flash
B083NXF32H,attribute_2e69819f90e65698,1.0,Hair Type: Straight,deepseek-v4-flash
B083NXF32H,attribute_9efea6a81963cecc,1.0,Ombre Brown Human Hair Bundles ... 1b/30 Black to Medium Auburn Brown,deepseek-v4-flash
B083NXF32H,attribute_1caf28943b603e65,1.0,14 16 18 + 12,deepseek-v4-flash
B083NXF32H,attribute_4afaceae47a756b2,1.0,Goldfinch Straight Ombre Bundles with Closure,deepseek-v4-flash
B0192BX5WC,attribute_b612b24fe4a72823,0.95,store: Sarangsae,deepseek-v4-flash
B0192BX5WC,attribute_af71680c3079f29f,0.9,Item Form: Cream,deepseek-v4-flash
B0192BX5WC,attribute_c71bcc8a9053acce,0.9,Unit Count: 8.113 Ounce,deepseek-v4-flash
B0192BX5WC,attribute_75275398eae09b08,0.75,title: 230g,deepseek-v4-flash
B0192BX5WC,attribute_f86654b7149035ea,0.65,title: green,deepseek-v4-flash
B0192BX5WC,attribute_7ee58038a81d67f1,1.0,Semi Permanent Hair Dye,deepseek-v4-flash
B0192BX5WC,attribute_14cdbb59cefaf39b,1.0,Y02 MUSTARD YELLOW,deepseek-v4-flash
B0192BX5WC,attribute_67fb25d65b158bba,1.0,230g/ 8.1 OZ,deepseek-v4-flash
B0192BX5WC,attribute_9d6d17eebb7965e6,1.0,Plant Protein,deepseek-v4-flash
B0192BX5WC,attribute_3978a58abf15c5cc,1.0,UV Protection,deepseek-v4-flash
B06XFY9HZY,attribute_d02dd75c79bb2a49,0.95,store: Colourpop,deepseek-v4-flash
B06XFY9HZY,attribute_2ac91817c6dc2ed6,0.9,Unit Count: 1.00 Count,deepseek-v4-flash
B06XFY9HZY,attribute_baad6a595aa58d5f,1.0,Super Shock Cheek Highlighter,deepseek-v4-flash
B06XFY9HZY,attribute_5c21f3536ffe364d,1.0,Tie Dye - Whipped,deepseek-v4-flash
B09X8SWWTY,attribute_3361884a985c702e,0.95,store: City Costume Wigs,deepseek-v4-flash
B09X8SWWTY,attribute_cd744dd77d211b38,0.9,Material: Synthetic,deepseek-v4-flash
B09X8SWWTY,attribute_b5e40193f5860fe3,0.9,Hair Type: Curly,deepseek-v4-flash
B09X8SWWTY,attribute_38740edce505787c,0.65,title: blue,deepseek-v4-flash
B079ZC4BSW,attribute_a39bca7cb02459a1,0.95,store: Xenia Paris,deepseek-v4-flash
B079ZC4BSW,attribute_97ce818f9d78d1d4,0.9,Material: Ceramic,deepseek-v4-flash
B079ZC4BSW,attribute_ff200d9d7a9e0f8f,0.9,"Hair Type: oily, Dry, Normal",deepseek-v4-flash
B00YE966A6,attribute_03050c39e4a3376d,0.95,store: TRiBUTE8,deepseek-v4-flash
B00YE966A6,attribute_7e1653f248c24a22,0.9,Scent: Tobacco Vanille,deepseek-v4-flash
B00YE966A6,attribute_5297f9cc67f7eabd,0.9,Item Form: leaf,deepseek-v4-flash
B00YE966A6,attribute_2dc9bc39686525f6,0.75,title: 100ml,deepseek-v4-flash
B076WP4F1V,attribute_52192af437075b73,0.95,store: Yes to Tomatoes,deepseek-v4-flash
B076WP4F1V,attribute_54c04e49e835be85,0.9,Scent: tomatoes,deepseek-v4-flash
B076WP4F1V,attribute_1dffaa257c5c9706,0.9,Item Form: Oil,deepseek-v4-flash
B076WP4F1V,attribute_84597d1eedf7b164,0.9,Unit Count: 6.65 Ounce,deepseek-v4-flash
B076WP4F1V,attribute_7b9b0ca2370831d7,0.75,title: 3.38 oz,deepseek-v4-flash
B076WP4F1V,attribute_c84a33ab70daaa9d,1.0,Daily Clarifying Cleanser,deepseek-v4-flash
B076WP4F1V,attribute_299db12ce4261024,1.0,Aloe Leaf Extract,deepseek-v4-flash
B076WP4F1V,attribute_466030f67ca5cda6,1.0,Tomato Extract,deepseek-v4-flash
B076WP4F1V,attribute_6762af3e68a84ac2,1.0,Watermelon Seed Oil,deepseek-v4-flash
B076WP4F1V,attribute_85503afaaba7c20c,0.9,Unit Count,deepseek-v4-flash
B076WP4F1V,attribute_5deb58a3370b6880,0.7,Daily Clarifying,deepseek-v4-flash
B018RBMOB6,attribute_0718020b6640e230,0.95,store: Bliss Beauty,deepseek-v4-flash
B018RBMOB6,attribute_9ec11ecb096b876f,0.9,Item Form: Bar,deepseek-v4-flash
B018RBMOB6,attribute_1e819ef1a570ddfc,0.9,Unit Count: 11.0 Ounce,deepseek-v4-flash
B018RBMOB6,attribute_b72bd63956647c5e,0.75,title: 2 Pack,deepseek-v4-flash
B018RBMOB6,attribute_152c973c88764e88,1.0,Fat Girl Soap,deepseek-v4-flash
B018RBMOB6,attribute_8d53d814f267baff,1.0,Anti-cellulite soap,deepseek-v4-flash
B018RBMOB6,attribute_31ff393af5ac563f,0.9,Unit Count,deepseek-v4-flash
B00CZ4Z0XQ,attribute_06c55d5f043625e3,0.95,store: Jordana,deepseek-v4-flash
B00CZ4Z0XQ,attribute_fc6db98750f95668,0.9,Skin Type: All,deepseek-v4-flash
B00CZ4Z0XQ,attribute_2ac91817c6dc2ed6,0.9,Unit Count: 1.00 Count,deepseek-v4-flash
B00CZ4Z0XQ,attribute_caa32f77ffd582d9,1.0,Baked Eyeshadow,deepseek-v4-flash
B00CZ4Z0XQ,attribute_ebc9cb1fc8dadcda,1.0,Bronze Gala,deepseek-v4-flash
B00CZ4Z0XQ,attribute_a128c32b3780e1df,1.0,Baked Eyeshadow,deepseek-v4-flash
B00CZ4Z0XQ,attribute_7d891282373a70a6,0.9,Unit Count,deepseek-v4-flash
B08GSKKXHM,attribute_4d6575a7b5e5e913,0.95,store: KDRose,rules
B08GSKKXHM,attribute_a9f0165cd63e34d9,0.75,title: 5 Pcs,rules
B07BFB8R8M,attribute_cdd01b6301f7cdf1,0.95,store: Puddinghair,deepseek-v4-flash
B07BFB8R8M,attribute_0efeb815415e9186,0.9,Material: Human Hair,deepseek-v4-flash
B07BFB8R8M,attribute_f03aa5d3452da917,0.9,Color: black,deepseek-v4-flash
B07BFB8R8M,attribute_3c6b220fd942dff3,0.9,Hair Type: Straight,deepseek-v4-flash
B07BFB8R8M,attribute_0e4aeb4b287459d6,1.0,Straight Brazilian hair 3 Bundles with Closure,deepseek-v4-flash
B096TRNWS6,attribute_c629942191295c1e,0.95,store: EYELASH EVOLUTION,deepseek-v4-flash
B096TRNWS6,attribute_eb2c589f77a4e2ad,0.9,Item Form: Individual,deepseek-v4-flash
B096TRNWS6,attribute_00ba8920884f84b7,0.9,"Material: Glass,Silk",deepseek-v4-flash
B096TRNWS6,attribute_07708c495869adac,0.75,title: 12mm,deepseek-v4-flash
B096TRNWS6,attribute_5eba8f3f21d7acc3,1.0,DIY Eyelash Extension Kit,deepseek-v4-flash
B096TRNWS6,attribute_39a28125998d17e4,1.0,Item Form: Individual,deepseek-v4-flash
B08JPPKZXF,attribute_ae10e85f522b8c42,0.95,store: PACMAXI,deepseek-v4-flash
B08JPPKZXF,attribute_a40817a7f6ffbe50,0.9,Item Form: Scrunchie,deepseek-v4-flash
B08JPPKZXF,attribute_b5e40193f5860fe3,0.9,Hair Type: Curly,deepseek-v4-flash
B08JPPKZXF,attribute_94d0b9a091a79adf,1.0,Title: (colorful),deepseek-v4-flash
B08JPPKZXF,attribute_56fbeb0ca18fa371,1.0,Hair Scarf Scrunchies Organizer,deepseek-v4-flash
B08JPPKZXF,attribute_46e936fd94a1e9f8,1.0,Item Form: Scrunchie,deepseek-v4-flash
B075C775ZD,attribute_5ca994bf1584661b,0.95,store: Wonder Arms,deepseek-v4-flash
B07SNPQMXB,attribute_51807abe1305abfc,0.95,store: Aysekone,deepseek-v4-flash
B07SNPQMXB,attribute_b5e40193f5860fe3,0.9,Hair Type: Curly,deepseek-v4-flash
B07SNPQMXB,attribute_9998b8ec16b62de1,0.9,Unit Count: 1.0 Count,deepseek-v4-flash
B07SNPQMXB,attribute_6cd51fcb4aade6a1,0.75,title: 2 Pcs,deepseek-v4-flash
B07SNPQMXB,attribute_f03aa5d3452da917,0.65,title: black,deepseek-v4-flash
B089K3923P,attribute_88f6919213ed9927,0.95,store: Yebeauty,deepseek-v4-flash
B089K3923P,attribute_0a552befcc9a10a1,0.9,Material: Cotton,deepseek-v4-flash
B089K3923P,attribute_38740edce505787c,0.9,Color: Blue,deepseek-v4-flash
B089K3923P,attribute_dd9b31d78e9809bb,0.9,Unit Count: 4.00 Count,deepseek-v4-flash
B089K3923P,attribute_4ff9518f7639b913,0.9,Size: 2 Pair (Pack of 1),deepseek-v4-flash
B089K3923P,attribute_848b155a685efd97,0.75,title: 4 Pack,deepseek-v4-flash
B07R5S9WGC,attribute_4d468391f55aa484,0.95,store: SUSULU,deepseek-v4-flash
B07R5S9WGC,attribute_a40817a7f6ffbe50,0.9,Item Form: Scrunchie,deepseek-v4-flash
B07R5S9WGC,attribute_b8a0a3f33c239949,0.9,Material: Rubber,deepseek-v4-flash
B07R5S9WGC,attribute_a3e15900fc78187c,0.9,Hair Type: All,deepseek-v4-flash
B07R5S9WGC,attribute_9441402397455d8b,0.75,title: 24pcs,deepseek-v4-flash
B07R5S9WGC,attribute_80d030258aa2c83e,0.9,chiffon fabric,deepseek-v4-flash
B07R5S9WGC,attribute_e9f0dd7a4ac128cb,0.95,inner diameter is approx.1.4 inches,deepseek-v4-flash
B07R5S9WGC,attribute_7e877b6953989dd6,0.95,outer diameter is 4.3 inches,deepseek-v4-flash
B07R5S9WGC,attribute_dee943de113537b3,0.95,24pcs chiffon hair tie,deepseek-v4-flash
B07R5S9WGC,attribute_9ec644ec58f5d435,0.9,"4 patterns-striped,polka dot,check plaid and big polka dot",deepseek-v4-flash
B07R5S9WGC,attribute_983b68797125dd92,0.95,Scrunchie,deepseek-v4-flash
B003YKWXM6,attribute_4c489af2e474a421,0.95,store: CHANEL,deepseek-v4-flash
B003YKWXM6,attribute_5975b47939e04628,0.9,flowery fragrance,deepseek-v4-flash
B003YKWXM6,attribute_0be2f29606666b61,0.9,blend of jasmine and citrus,deepseek-v4-flash
B003YKWXM6,attribute_c1d742784110ff1e,0.85,recommended for daytime wear,deepseek-v4-flash
B003YKWXM6,attribute_68471a2791d5edf2,0.95,Chance by Chanel,deepseek-v4-flash
B00G6KAQIE,attribute_481b43532d7d19f9,0.95,store: Biotique,deepseek-v4-flash
B00G6KAQIE,attribute_fc6db98750f95668,0.9,Skin Type: All,deepseek-v4-flash
B00G6KAQIE,attribute_2ac91817c6dc2ed6,0.9,Unit Count: 1.00 Count,deepseek-v4-flash
B00G6KAQIE,attribute_c60b64ada9002f85,0.75,title: 190ml,deepseek-v4-flash
B00G6KAQIE,attribute_f3d6d70f9397f4b3,0.95,Spf 50,deepseek-v4-flash
B00G6KAQIE,attribute_741bd82977e918c0,0.9,Very Water Resistant,deepseek-v4-flash
B00G6KAQIE,attribute_9cf9bb54c13d6655,0.95,Sun Lotion,deepseek-v4-flash
B00G6KAQIE,attribute_bda93b9b2270f3ca,0.8,Bio Sandalwood,deepseek-v4-flash
B004Q8ASRC,attribute_611fe1fe495ea409,0.75,title: 8 oz,rules
B08GZWJVR4,attribute_3e9c8a5f95311441,0.95,store: dongjing,deepseek-v4-flash
B08GZWJVR4,attribute_04d326e7508a5a07,0.9,Skin Type: Sequedad,deepseek-v4-flash
B08GZWJVR4,attribute_af71680c3079f29f,0.9,Item Form: Cream,deepseek-v4-flash
B08GZWJVR4,attribute_2ac91817c6dc2ed6,0.9,Unit Count: 1.00 Count,deepseek-v4-flash
B000VMGAD8,attribute_ab77118a8e8c9181,0.95,store: AVON,deepseek-v4-flash
B000VMGAD8,attribute_04bafd83548381d1,0.9,Item Form: Spray,deepseek-v4-flash
B000VMGAD8,attribute_3b7e47f2ad3ff8d6,0.75,title: 1.7 oz,deepseek-v4-flash
B01N21HAYJ,attribute_7580d847dbccfa7b,0.95,store: ChromaLights,deepseek-v4-flash
B01N21HAYJ,attribute_04bafd83548381d1,0.9,Item Form: Spray,deepseek-v4-flash
B01N21HAYJ,attribute_a3e15900fc78187c,0.9,Hair Type: All,deepseek-v4-flash
B01N21HAYJ,attribute_2ac91817c6dc2ed6,0.9,Unit Count: 1.00 Count,deepseek-v4-flash
B01N21HAYJ,attribute_d9442b107ba21734,0.75,title: 1.5 oz,deepseek-v4-flash
B01MT6FPWO,attribute_f03aa5d3452da917,0.65,title: black,rules
B01MZ4IMKE,attribute_13db5654820836fc,0.95,store: Elandy,rules
B01MZ4IMKE,attribute_ecd13d995fe7b527,0.75,title: 5PCS,rules
B01MZ4IMKE,attribute_dade4590d7137f15,0.65,title: gold,rules
B09JC2GTVD,attribute_c489e1bb8d3c0381,0.95,store: TIANG,deepseek-v4-flash
B09JC2GTVD,attribute_fc6db98750f95668,0.9,Skin Type: All,deepseek-v4-flash
B09JC2GTVD,attribute_7a0ec658a672ef0e,0.9,Material: Sponge,deepseek-v4-flash
B09JC2GTVD,attribute_f86654b7149035ea,0.9,Color: Green,deepseek-v4-flash
B09JC2GTVD,attribute_02ed94db9b5d9d14,1.0,Skin Type: All,deepseek-v4-flash
B09JC2GTVD,attribute_9b7b795a336ff82f,0.9,Makeup Sponge Set,deepseek-v4-flash
B07GTQVVDJ,attribute_21333161e67f3849,0.95,store: OSEA,deepseek-v4-flash
B07GTQVVDJ,attribute_af71680c3079f29f,0.9,Item Form: Cream,deepseek-v4-flash
B07GTQVVDJ,attribute_55774c5f29f3f538,0.75,title: 6 oz,deepseek-v4-flash
B07GTQVVDJ,attribute_5a627d664ca936b5,1.0,Item Form: Cream,deepseek-v4-flash
B07GTQVVDJ,attribute_a5632be756a50837,0.8,Ocean Cleanser,deepseek-v4-flash
B007D7FU8K,attribute_08aa074fd9743d82,0.95,store: SOL Sunguard,deepseek-v4-flash
B007D7FU8K,attribute_fc6db98750f95668,0.9,Skin Type: All,deepseek-v4-flash
B007D7FU8K,attribute_c1290ddf3a99a528,0.9,Unit Count: 32.00 Fl Oz,deepseek-v4-flash
B007D7FU8K,attribute_c2ee456cf9bc2f6c,0.75,title: 32 oz,deepseek-v4-flash
B007D7FU8K,attribute_02ed94db9b5d9d14,1.0,Skin Type: All,deepseek-v4-flash
B007D7FU8K,attribute_47002cdf198a4b2d,1.0,Unit Count: 32.00 Fl Oz,deepseek-v4-flash
B007D7FU8K,attribute_5debd6d4b5ecf883,0.8,SPF 36,deepseek-v4-flash
B007D7FU8K,attribute_942365a3fee13246,0.8,Sol Sunguard Bluewater SPF 36,deepseek-v4-flash
B092396HPQ,attribute_1670ba4aa412fdf3,0.95,store: Magic Collection,deepseek-v4-flash
B092396HPQ,attribute_2c4e347c7dae637f,0.9,Material: Boar,deepseek-v4-flash
B092396HPQ,attribute_cf2367f7bd8087f8,0.9,Unit Count: 3.00 Count,deepseek-v4-flash
B092396HPQ,attribute_189d90ef866b9c96,0.75,title: 3 Pack,deepseek-v4-flash
B08BG6J5H3,attribute_7ec7a4963a66986a,0.95,store: Generies,deepseek-v4-flash
B08BG6J5H3,attribute_cb92351ccb0879cd,0.9,Item Form: Filer,deepseek-v4-flash
B08BG6J5H3,attribute_2ac91817c6dc2ed6,0.9,Unit Count: 1.00 Count,deepseek-v4-flash
B08BG6J5H3,attribute_2e98c58e2f49d4c7,0.75,title: 15PCS,deepseek-v4-flash
B07MDHZTTX,attribute_df7ec0021bc4ab76,0.95,store: Homabachyco,deepseek-v4-flash
B07MDHZTTX,attribute_fc6db98750f95668,0.9,Skin Type: All,deepseek-v4-flash
B07MDHZTTX,attribute_c4222ddd1f64c9da,0.9,Item Form: Wand,deepseek-v4-flash
B07MDHZTTX,attribute_703a408417ea8951,0.9,Material: Plastic,deepseek-v4-flash
B07MDHZTTX,attribute_2c1da8db6375f4da,0.75,title: 100 Pack,deepseek-v4-flash
B07MDHZTTX,attribute_a64490da866eb222,0.65,title: red,deepseek-v4-flash
B00YQTQ9I8,attribute_73be3ea84f97d1ee,0.95,store: Hithop,rules
B01J4JB3WG,attribute_7d891282373a70a6,0.9,Unit Count: 1 Count,rules
B01J4JB3WG,attribute_8b7e6fcb488e6162,0.75,title: 2 oz,rules
B00NNLWGXW,attribute_1a77f4dda9844c42,0.95,store: Hittime,deepseek-v4-flash
B00NNLWGXW,attribute_a991997ec241e6c7,0.75,title: 10pcs,deepseek-v4-flash
B00NNLWGXW,attribute_1b00c776edc10fad,0.65,title: clear,deepseek-v4-flash
B00NNLWGXW,attribute_b35bc3a5a95c4178,1.0,Material : Acrylic.,deepseek-v4-flash
B00NNLWGXW,attribute_0d939fd15c9baad2,1.0,10pcs,deepseek-v4-flash
B00NNLWGXW,attribute_0bb343a162621f77,1.0,Bar Length: 15mm.,deepseek-v4-flash
B00NNLWGXW,attribute_a6428aa6ae03002c,1.0,Bar Width: 0.8mm.,deepseek-v4-flash
B00NNLWGXW,attribute_48daed31ccf0b12b,1.0,Ball Size: 3mm.,deepseek-v4-flash
B00NNLWGXW,attribute_c8df4ab876c47098,1.0,Nose Bone Studs,deepseek-v4-flash
B00NNLWGXW,attribute_90813535def16c75,1.0,Nose Bone Studs Rings Retainers,deepseek-v4-flash
B07V8GH8D7,attribute_c4af465d44d23056,0.95,store: Bobbi Brown,deepseek-v4-flash
B07V8GH8D7,attribute_fc6db98750f95668,0.9,Skin Type: All,deepseek-v4-flash
B07V8GH8D7,attribute_a0f92e4defc47e1c,0.9,Item Form: Stick,deepseek-v4-flash
B07V8GH8D7,attribute_b96630ed250523ee,0.9,Color: Brown,deepseek-v4-flash
B07V8GH8D7,attribute_888e48c2cd1bd991,0.75,title: 31 OZ,deepseek-v4-flash
B07V8GH8D7,attribute_02ed94db9b5d9d14,1.0,Skin Type: All,deepseek-v4-flash
B07V8GH8D7,attribute_a428b6d5989a2428,1.0,.31 OZ / 9 g,deepseek-v4-flash
B07V8GH8D7,attribute_2ccce691d80f3ddd,1.0,SKIN FOUNDATION STICK,deepseek-v4-flash
B00I8B2286,attribute_001df467278e7541,0.95,store: Colgate,deepseek-v4-flash
B00I8B2286,attribute_1ab4b8ffdfec4f8f,0.65,title: white,deepseek-v4-flash
B00I8B2286,attribute_92ce69886504402a,1.0,Toothbrush,deepseek-v4-flash
B00I8B2286,attribute_d101efc9c3504505,1.0,Pack of 12,deepseek-v4-flash
B00I8B2286,attribute_38875b906440b5d9,1.0,Full Head Medium,deepseek-v4-flash
B00I8B2286,attribute_890590688b3dbb67,0.9,"Optic White, white smile",deepseek-v4-flash
B00I8B2286,attribute_9539bbaae9efe28c,1.0,polishing bristles and stain erasing cups,deepseek-v4-flash
B00I8B2286,attribute_9e1e6fd63c0646c6,1.0,"20,000 strokes per minute",deepseek-v4-flash
B00I8B2286,attribute_9018aa9eb42be8d0,1.0,Includes battery in toothbrush,deepseek-v4-flash
B005YJ3KBI,attribute_06a98333c7bf6ce7,0.95,store: HANASCAR,deepseek-v4-flash
B09NVN6WTC,attribute_c4536a17cd0e895a,0.95,store: Generic,deepseek-v4-flash
B09NVN6WTC,attribute_fc6db98750f95668,0.9,Skin Type: All,deepseek-v4-flash
B09NVN6WTC,attribute_2f222083c2390ce0,0.65,title: pink,deepseek-v4-flash
B08K2QFDZD,attribute_a515cc5f7721c0cc,0.95,store: Outyua,deepseek-v4-flash
B08K2QFDZD,attribute_b35bc3a5a95c4178,0.9,Material: Acrylic,deepseek-v4-flash
B08K2QFDZD,attribute_436a5a52435e900e,0.9,Size: Large,deepseek-v4-flash
B08K2QFDZD,attribute_241a0b89b4acac63,0.75,title: 20 Pcs,deepseek-v4-flash
B00R1795KG,attribute_b8b9c77fa03adecf,0.95,store: LianSan,rules
B00R1795KG,attribute_f03aa5d3452da917,0.65,title: black,rules
B09P59K9GG,attribute_e45335f2c458b7dd,0.95,store: Yawamica,deepseek-v4-flash
B09P59K9GG,attribute_ca7244f64566a05c,0.9,"Material: Cotton, Mink Fur",deepseek-v4-flash
B09P59K9GG,attribute_cf2367f7bd8087f8,0.9,Unit Count: 3.00 Count,deepseek-v4-flash
B07PRKKHRX,attribute_21e10b9372879ac3,0.95,store: ROMOSS,deepseek-v4-flash
B07PRKKHRX,attribute_962320cee0315e4d,0.9,Item Form: Pencil,deepseek-v4-flash
B07PRKKHRX,attribute_348205c8ca3036be,0.9,"Product Benefits: Smudge Proof,Long Lasting",deepseek-v4-flash
B07PRKKHRX,attribute_f03aa5d3452da917,0.65,title: black,deepseek-v4-flash
B00157BTMU,attribute_98a8479a1087ae3a,0.95,store: HENITAR,deepseek-v4-flash
B00157BTMU,attribute_8c1b81faca750ded,0.9,Size: Count of 8,deepseek-v4-flash
B00157BTMU,attribute_209b3ddccd59e7ad,0.9,Target Audience: Dog,deepseek-v4-flash
B086H1VGC9,attribute_09d3d3d3f021e9a3,0.95,store: Tru Fragrance & Beauty,deepseek-v4-flash
B086H1VGC9,attribute_1667ee3a5854bb9b,0.9,"Scent: Raspberry,Rose",deepseek-v4-flash
B086H1VGC9,attribute_04bafd83548381d1,0.9,Item Form: Spray,deepseek-v4-flash
B086H1VGC9,attribute_3b7e47f2ad3ff8d6,0.75,title: 1.7 oz,deepseek-v4-flash
B07JCDP7KV,attribute_b45f33009b07761a,0.95,store: NIVEA,deepseek-v4-flash
B07JCDP7KV,attribute_fc6db98750f95668,0.9,Skin Type: All,deepseek-v4-flash
B07JCDP7KV,attribute_5ca5104b9d48ace7,0.9,Unit Count: 6.00 Count,deepseek-v4-flash
B07JCDP7KV,attribute_ef6880b97c97f906,0.75,title: 0.17 Ounce,deepseek-v4-flash
B08BC5MMT1,attribute_e8dba0ce3786e61b,0.95,store: Chennie,deepseek-v4-flash
B08BC5MMT1,attribute_0ebb13a614ecc714,0.9,Material: Microfiber,deepseek-v4-flash
B08BC5MMT1,attribute_2ac91817c6dc2ed6,0.9,Unit Count: 1.00 Count,deepseek-v4-flash
B08BC5MMT1,attribute_41165fc243630691,0.75,title: 2PCS,deepseek-v4-flash
B08BC5MMT1,attribute_2f222083c2390ce0,0.65,title: pink,deepseek-v4-flash
B086V16PX2,attribute_8bda42f5d38ee8a9,0.95,store: JoYoung,deepseek-v4-flash
B086V16PX2,attribute_3c6b220fd942dff3,0.9,Hair Type: Straight,deepseek-v4-flash
B086V16PX2,attribute_afd60bd71535522f,0.75,title: 9inch,deepseek-v4-flash
B086V16PX2,attribute_f03aa5d3452da917,0.65,title: black,deepseek-v4-flash
B08SPXF6XD,attribute_8567db1ac3439f44,0.95,store: Ollacy,deepseek-v4-flash
B08SPXF6XD,attribute_c067f9fcc86a88c0,0.9,Scent: Olive,deepseek-v4-flash
B08SPXF6XD,attribute_cae5d609508b8082,0.9,Item Form: Lotion,deepseek-v4-flash
B08SPXF6XD,attribute_e28d4ccc189295e5,0.9,Unit Count: 2.7 Fl Oz,deepseek-v4-flash
B08SPXF6XD,attribute_503f3dea5aba53ac,0.75,title: 80ml,deepseek-v4-flash
B07SYY1162,attribute_ee55535229b98133,0.95,store: BuTure,deepseek-v4-flash
B07SYY1162,attribute_97ce818f9d78d1d4,0.9,Material: Ceramic,deepseek-v4-flash
B07SYY1162,attribute_a3e15900fc78187c,0.9,Hair Type: All,deepseek-v4-flash
B07SYY1162,attribute_f03aa5d3452da917,0.65,title: black,deepseek-v4-flash
B07KWLBY9H,attribute_815cfd09d9144b42,0.95,store: HEPEENG,rules
B0794R47BM,attribute_77d0fb154decdfc2,0.95,store: Auch,rules
B0794R47BM,attribute_dade4590d7137f15,0.65,title: gold,rules
B01G83S1F8,attribute_10f2eb14b7b0ea35,0.95,store: FUMUD,deepseek-v4-flash
B01G83S1F8,attribute_2a15e9794f4f2500,0.9,Material: Pearl,deepseek-v4-flash
B0182Y1IUG,attribute_145737c268a3d390,0.95,store: Derma-nu Miracle Skin Remedies,deepseek-v4-flash
B0182Y1IUG,attribute_fc6db98750f95668,0.9,Skin Type: All,deepseek-v4-flash
B0182Y1IUG,attribute_a520aac71d9029b5,0.9,Scent: Coconut,deepseek-v4-flash
B0182Y1IUG,attribute_3fc21992a4f08219,0.9,Item Form: Clay,deepseek-v4-flash
B0182Y1IUG,attribute_7ee618f948370c06,0.9,Product Benefits: Cleansing,deepseek-v4-flash
B0182Y1IUG,attribute_2059355749438aa8,0.75,title: 2oz,deepseek-v4-flash
B086SK8KF1,attribute_2805b5af52cdf281,0.95,store: fani,deepseek-v4-flash
B086SK8KF1,attribute_b5e40193f5860fe3,0.9,Hair Type: Curly,deepseek-v4-flash
B086SK8KF1,attribute_26fea90f6c9d11df,0.75,title: 6 Inch,deepseek-v4-flash
B086SK8KF1,attribute_f03aa5d3452da917,0.65,title: black,deepseek-v4-flash
B07SKJSD9S,attribute_1eebc31f6f4a8afd,0.95,store: Ohana Mahaalo,deepseek-v4-flash
B07SKJSD9S,attribute_70948989c95ee1b1,0.9,Item Form: Liquid,deepseek-v4-flash
B07SKJSD9S,attribute_167838150ac66c13,0.9,Fragrance Shampoo,deepseek-v4-flash
B07SKJSD9S,attribute_53e155f2a54656ea,0.9,Item Form: Liquid,deepseek-v4-flash
B07SKJSD9S,attribute_ab1dce8273df8a33,0.7,Halia nohea,deepseek-v4-flash
B07SKJSD9S,attribute_2ae8e19cbdf097ff,0.8,Silky,deepseek-v4-flash
B07SKJSD9S,attribute_545a7b86a69d38a9,0.8,Moist,deepseek-v4-flash
B075H2WPXN,attribute_c2a8ee34dc80b855,0.95,store: MARLOWE. M BLEND,deepseek-v4-flash
B075H2WPXN,attribute_86c70f5d736aedd1,0.9,Skin Type: Dry,deepseek-v4-flash
B075H2WPXN,attribute_af71680c3079f29f,0.9,Item Form: Cream,deepseek-v4-flash
B075H2WPXN,attribute_0dc3f98a533eef51,0.9,Unit Count: 8.0 Ounce,deepseek-v4-flash
B075H2WPXN,attribute_611fe1fe495ea409,0.75,title: 8 oz,deepseek-v4-flash
B075H2WPXN,attribute_f1afac2b7353d701,0.9,Body Soufflé,deepseek-v4-flash
B075H2WPXN,attribute_09209239196e4d48,0.9,Item Form: Cream,deepseek-v4-flash
B075H2WPXN,attribute_7edcc1580fc4c042,0.9,"Soft, Creamy, Light Whipped Lotion",deepseek-v4-flash
B075H2WPXN,attribute_61aaf750d3bbc379,0.9,Hydrating Dry Skin Cream,deepseek-v4-flash
B075H2WPXN,attribute_916441ff8b2ef837,0.9,"Clean, Natural Scent",deepseek-v4-flash
B01IW03FLU,attribute_a1c6928128bc0118,0.95,store: NYX PROFESSIONAL MAKEUP,deepseek-v4-flash
B01IW03FLU,attribute_a0f92e4defc47e1c,0.9,Item Form: Stick,deepseek-v4-flash
B01IW03FLU,attribute_2ac91817c6dc2ed6,0.9,Unit Count: 1.00 Count,deepseek-v4-flash
B01IW03FLU,attribute_412537a7a2ae2b56,0.9,Shadow Stick,deepseek-v4-flash
B01IW03FLU,attribute_5525f6933cadeb56,0.9,Item Form: Stick,deepseek-v4-flash
B01IW03FLU,attribute_b6e67a9d0dc117bf,0.7,Graphic Con,deepseek-v4-flash
B01IW03FLU,attribute_7d891282373a70a6,0.9,Unit Count: 1.00 Count,deepseek-v4-flash
B0777QHNLR,attribute_11f822f4185227a6,0.95,store: OxygenCeuticals,deepseek-v4-flash
B0777QHNLR,attribute_fc6db98750f95668,0.9,Skin Type: All,deepseek-v4-flash
B0777QHNLR,attribute_106eb31d0ad8769a,0.9,Scent: Aloe,deepseek-v4-flash
B0777QHNLR,attribute_1f82f1b0604c9533,0.9,Product Benefits: Anti-Aging,deepseek-v4-flash
B0777QHNLR,attribute_16c8b355594f582b,0.75,title: 35ml,deepseek-v4-flash
B07197537Q,attribute_2040c12734dd96d1,0.95,store: Gillette,deepseek-v4-flash
B07197537Q,attribute_fc6db98750f95668,0.9,Skin Type: All,deepseek-v4-flash
B07197537Q,attribute_dcfb411181d3b973,0.9,Unit Count: 16 Count,deepseek-v4-flash
B07197537Q,attribute_03d93f48a848d5b7,0.75,title: 8 Pack,deepseek-v4-flash
B07WDCY23G,attribute_ba4a9a5532242dd1,0.95,store: Sensationnel,deepseek-v4-flash
B07WDCY23G,attribute_3c6b220fd942dff3,0.9,Hair Type: Straight,deepseek-v4-flash
B08P2JB862,attribute_2ffaf69bbdc474ff,0.95,store: Chrider,deepseek-v4-flash
B08P2JB862,attribute_cd744dd77d211b38,0.9,Material: Synthetic,deepseek-v4-flash
B08P2JB862,attribute_f5014e73afcc8131,0.9,Hair Type: Wavy,deepseek-v4-flash
B0957TPWQJ,attribute_74b0e8cede2b0e1f,0.95,store: Grand Parfums,deepseek-v4-flash
B0957TPWQJ,attribute_703a408417ea8951,0.9,Material: Plastic,deepseek-v4-flash
B0957TPWQJ,attribute_51d138cd303aec56,0.9,Color: Black Lids,deepseek-v4-flash
B0957TPWQJ,attribute_c6778fdfc3975644,0.75,title: 6 Pack,deepseek-v4-flash
B0957TPWQJ,attribute_f03aa5d3452da917,0.65,title: black,deepseek-v4-flash
B07TMYHPPS,attribute_e2731a06a742edea,0.95,store: Hicarer,deepseek-v4-flash
B07TMYHPPS,attribute_20720ef4da97d832,0.9,Material: Polyethylene Terephthalate,deepseek-v4-flash
B07TMYHPPS,attribute_2ac91817c6dc2ed6,0.9,Unit Count: 1.00 Count,deepseek-v4-flash
B01N077LM7,attribute_40122945a6d54816,0.95,store: Alitaver,rules
B01N077LM7,attribute_a64490da866eb222,0.65,title: red,rules
B00I254ZDS,attribute_bd927388d4779892,0.95,store: wet n wild,deepseek-v4-flash
B00I254ZDS,attribute_f095391529ae7480,0.9,Item Form: Flakes,deepseek-v4-flash
B00I254ZDS,attribute_fbaa1caf113f446f,0.9,Megarocks Glitter Nail Color,deepseek-v4-flash
B00I254ZDS,attribute_17674a02b3254e89,0.8,Slap the Bass,deepseek-v4-flash
B00I254ZDS,attribute_04a9511d12bc3bba,0.9,Glitter Nail Color,deepseek-v4-flash
B00I254ZDS,attribute_e4dd33eaa3411b0c,0.9,Toluene and phthalate free,deepseek-v4-flash
B00I254ZDS,attribute_9c9753be75099f82,0.9,Toluene and phthalate free,deepseek-v4-flash
B08J2LY93D,attribute_6cd2b4be8a476db4,0.95,store: Easin,deepseek-v4-flash
B08J2LY93D,attribute_c7aa20b5a1d22d9c,0.9,Unit Count: 3.2 Ounce,deepseek-v4-flash
B08J2LY93D,attribute_f86654b7149035ea,0.65,title: green,deepseek-v4-flash
B07F39RP3T,attribute_2ed56e08e70ea520,0.95,store: Yotown,deepseek-v4-flash
B07F39RP3T,attribute_2ac91817c6dc2ed6,0.9,Unit Count: 1.00 Count,deepseek-v4-flash
B07F39RP3T,attribute_598b2e2623b8275b,0.75,title: 50pcs,deepseek-v4-flash
B07F39RP3T,attribute_1b00c776edc10fad,0.65,title: clear,deepseek-v4-flash
B07F39RP3T,attribute_96b972863b17f552,0.9,Nail Art Fan-shaped Color Card,deepseek-v4-flash
B0711BSKGQ,attribute_340694c6a42b4270,0.95,store: Beyond Beauty,deepseek-v4-flash
B0711BSKGQ,attribute_b96630ed250523ee,0.9,Color: brown,deepseek-v4-flash
B0711BSKGQ,attribute_3c6b220fd942dff3,0.9,Hair Type: Straight,deepseek-v4-flash
B0711BSKGQ,attribute_2e69819f90e65698,1.0,Hair Type: Straight,deepseek-v4-flash
B0711BSKGQ,attribute_6c316f07f1a9479c,0.9,Synthetic Yaki Straight Ombre Jumbo Braiding Hair Extensions,deepseek-v4-flash
B08CSHLLLG,attribute_87b6a992d5d29dc1,0.95,store: Boao,deepseek-v4-flash
B08CSHLLLG,attribute_fc6db98750f95668,0.9,Skin Type: All,deepseek-v4-flash
B08CSHLLLG,attribute_c4222ddd1f64c9da,0.9,Item Form: Wand,deepseek-v4-flash
B08CSHLLLG,attribute_0aad32830a89bc1c,0.9,Material: Nylon,deepseek-v4-flash
B08CSHLLLG,attribute_02ed94db9b5d9d14,1.0,Skin Type: All,deepseek-v4-flash
B08CSHLLLG,attribute_28a1ffe833296237,0.9,6 Pieces Duo Eyebrow Brush,deepseek-v4-flash
B00BUI0FBU,attribute_6c40e277416d7845,0.95,store: Kleancolor,deepseek-v4-flash
B00BUI0FBU,attribute_70948989c95ee1b1,0.9,Item Form: Liquid,deepseek-v4-flash
B00BUI0FBU,attribute_2f222083c2390ce0,0.9,Color: Pink,deepseek-v4-flash
B00BUI0FBU,attribute_2ac91817c6dc2ed6,0.9,Unit Count: 1.00 Count,deepseek-v4-flash
B00BUI0FBU,attribute_675d596a67152d27,0.9,1 Kleancolor Nail Polish Lacquer #82,deepseek-v4-flash
B07D33K512,attribute_c612cc6d12047863,0.95,store: MoiMax,rules
B07D33K512,attribute_2cc9fd8f9a128b98,0.75,title: 5.5 inch,rules
B07D33K512,attribute_f03aa5d3452da917,0.65,title: black,rules
B00V5GLBEM,attribute_63ea182c5b043345,0.95,store: Moon Valley Organics,deepseek-v4-flash
B00V5GLBEM,attribute_7769c6877844280a,0.9,Scent: Lavender,deepseek-v4-flash
B00V5GLBEM,attribute_9ec11ecb096b876f,0.9,Item Form: Bar,deepseek-v4-flash
B00V5GLBEM,attribute_e54465a180a7cdd2,0.9,Unit Count: 1.9 Ounce,deepseek-v4-flash
B00V5GLBEM,attribute_f5c859741a0a915e,0.75,title: 1.9 oz,deepseek-v4-flash
B00V5GLBEM,attribute_d226258d4f0234e3,1.0,Bar,deepseek-v4-flash
B00V5GLBEM,attribute_3f00e3cbff0775c4,0.9,Lotion Bar,deepseek-v4-flash
B01M6WXMFM,attribute_70dab982e0ca29ce,0.95,store: Rapira,deepseek-v4-flash
B01M6WXMFM,attribute_35d1fea9bce82916,0.9,Unit Count: 100.00 Count,deepseek-v4-flash
B01M6WXMFM,attribute_9f4f652c144a16e4,1.0,100.00 Count,deepseek-v4-flash
B01M6WXMFM,attribute_cff1c137b0cb0fd2,0.9,Razor Blades,deepseek-v4-flash
B095PB68Y1,attribute_2fa170176b26343c,0.95,store: Patelai,deepseek-v4-flash
B095PB68Y1,attribute_857b022ce8efd21b,0.9,"Skin Type: All, Sensitive",deepseek-v4-flash
B095PB68Y1,attribute_b00da1e66c5d9a3f,1.0,"All, Sensitive",deepseek-v4-flash
B095PB68Y1,attribute_ce9b13de73909189,0.9,Powder Puff,deepseek-v4-flash
B07GZ9CLTC,attribute_4250c652d0783e90,0.95,store: The Roosevelts Beard Company,rules
B017F2OH2M,attribute_189d90ef866b9c96,0.75,title: 3 Pack,rules
B06XBZ961R,attribute_b96630ed250523ee,0.65,title: brown,rules
B01GHSRLTQ,attribute_bd4cfe5b5b94e967,0.75,title: 100Pcs,rules
B07C4MD1LY,attribute_dcc6067e374e78ba,0.95,store: Camille Beckman,deepseek-v4-flash
B07C4MD1LY,attribute_aa768a9815745d03,0.9,Item Form: Balm,deepseek-v4-flash
B07C4MD1LY,attribute_545a7b86a69d38a9,0.9,Product Benefits: Moisturizing,deepseek-v4-flash
B07C4MD1LY,attribute_5c2375d1c37f4301,0.75,title: 25 oz,deepseek-v4-flash
B07C4MD1LY,attribute_ddd9279c46e0d4a6,1.0,Lip Balm,deepseek-v4-flash
B07C4MD1LY,attribute_a33ac6b515bad475,0.9,Spearmint Leaf,deepseek-v4-flash
B07C4MD1LY,attribute_f759d7e8a35a608f,1.0,Cocoa Butter,deepseek-v4-flash
B07C4MD1LY,attribute_0669ac98a2a2f4f5,1.0,.25 oz,deepseek-v4-flash
B016MNB4HQ,attribute_fc6db98750f95668,0.9,Skin Type: All,deepseek-v4-flash
B016MNB4HQ,attribute_1dffaa257c5c9706,0.9,Item Form: Oil,deepseek-v4-flash
B016MNB4HQ,attribute_349e4ac063adbb07,1.0,Vitamin C Serum,deepseek-v4-flash
B016MNB4HQ,attribute_e6c44d359cd4c62c,1.0,Vitamin C,deepseek-v4-flash
B016MNB4HQ,attribute_b52d1ccf65d9a160,1.0,Hyaluronic Acid,deepseek-v4-flash
B016MNB4HQ,attribute_622260047186d45c,1.0,Vitamin E,deepseek-v4-flash
B016MNB4HQ,attribute_08217527339654da,0.8,Anti Wrinkle,deepseek-v4-flash
B016MNB4HQ,attribute_1f82f1b0604c9533,0.9,Anti Aging,deepseek-v4-flash
B016MNB4HQ,attribute_1d4502a48078ab37,0.7,Skin Repair For Age Spots and Sun Damage,deepseek-v4-flash
B016MNB4HQ,attribute_f1938414e04389fa,0.6,For Face,deepseek-v4-flash
B0859L4DKL,attribute_d3b2b5f72635944a,0.95,store: Black 'n Gold,deepseek-v4-flash
B0859L4DKL,attribute_cd744dd77d211b38,0.9,Material: Synthetic,deepseek-v4-flash
B0859L4DKL,attribute_3c6b220fd942dff3,0.9,Hair Type: Straight,deepseek-v4-flash
B0859L4DKL,attribute_dade4590d7137f15,0.65,title: gold,deepseek-v4-flash
B0859L4DKL,attribute_662e1c2168ce6ec1,1.0,Classic Braiding Hair,deepseek-v4-flash
B0859L4DKL,attribute_e475c2aad7b4d3ac,1.0,Hair Type: Straight,deepseek-v4-flash
B0130RZ2HK,attribute_a1c6928128bc0118,0.95,store: NYX PROFESSIONAL MAKEUP,deepseek-v4-flash
B0130RZ2HK,attribute_42f2ef53eef1b341,0.9,Item Form: Gel,deepseek-v4-flash
B0130RZ2HK,attribute_b96630ed250523ee,0.9,Color: Brown,deepseek-v4-flash
B0130RZ2HK,attribute_320c95d539518c2e,0.9,Unit Count: 2.00 Count,deepseek-v4-flash
B0130RZ2HK,attribute_ead9ec30b28086cc,0.9,Gel Eyeliner and Smudger,deepseek-v4-flash
B0130RZ2HK,attribute_84069a1262d3c901,1.0,Unit Count 2.00 Count,deepseek-v4-flash
B095NYJL6C,attribute_61347fd064c35955,0.95,store: N NAYASA,deepseek-v4-flash
B095NYJL6C,attribute_cd744dd77d211b38,0.9,Material: synthetic,deepseek-v4-flash
B095NYJL6C,attribute_f5014e73afcc8131,0.9,Hair Type: Wavy,deepseek-v4-flash
B095NYJL6C,attribute_5a1bb5553d3d4fbf,0.75,title: 14 Inch,deepseek-v4-flash
B095NYJL6C,attribute_f03aa5d3452da917,0.65,title: black,deepseek-v4-flash
B095NYJL6C,attribute_d524753d56d9d70d,0.9,Short Curly Headband Wig,deepseek-v4-flash
B095NYJL6C,attribute_e8e7fea2a5737144,0.9,Natural Color,deepseek-v4-flash
B095NYJL6C,attribute_6971c6873347a03a,0.9,150% Density,deepseek-v4-flash
B07KQWMJQW,attribute_79810b46dd2e951a,0.95,store: Jaciya,deepseek-v4-flash
B07KQWMJQW,attribute_a40817a7f6ffbe50,0.9,Item Form: Scrunchie,deepseek-v4-flash
B07KQWMJQW,attribute_1ebbfdb405f1b38d,0.9,Material: Velvet,deepseek-v4-flash
B07KQWMJQW,attribute_b5e40193f5860fe3,0.9,Hair Type: Curly,deepseek-v4-flash
B07KQWMJQW,attribute_03d93f48a848d5b7,0.75,title: 8 Pack,deepseek-v4-flash
B07KQWMJQW,attribute_1b73241e688605d6,0.9,Hair Scrunchies,deepseek-v4-flash
B06XF82JVQ,attribute_4e2bfdfe1530e038,0.95,store: MUDSHI,rules
B00N31E4T6,attribute_3cc6a4fc15915c34,0.95,store: Sleecom,deepseek-v4-flash
B00N31E4T6,attribute_b96630ed250523ee,0.65,title: brown,deepseek-v4-flash
B08BS4MD39,attribute_6e08f48d3fe5fe31,0.95,store: MeeShirer,deepseek-v4-flash
B08BS4MD39,attribute_23d0b4e555921ec9,0.9,"Skin Type: mature,all skin types",deepseek-v4-flash
B08BS4MD39,attribute_af71680c3079f29f,0.9,Item Form: Cream,deepseek-v4-flash
B08BS4MD39,attribute_ea2cb849cd83aa31,0.9,Unit Count: 1.7 Fl Oz,deepseek-v4-flash
B08BS4MD39,attribute_8b1c18dc9007cf5f,0.75,title: 50g,deepseek-v4-flash
B08BS4MD39,attribute_a2709ee96df10c3f,0.9,"Skin Type: mature,all skin types",deepseek-v4-flash
B08BS4MD39,attribute_5a627d664ca936b5,0.95,Item Form: Cream,deepseek-v4-flash
B08BS4MD39,attribute_fe2be9d6e3507760,0.8,Bust Firming Cream,deepseek-v4-flash
B08BS4MD39,attribute_08737e2787fc7f2d,0.85,Bust Firming Cream,deepseek-v4-flash
B08BS4MD39,attribute_1250caac5e440440,0.7,Massage Cream,deepseek-v4-flash
B08BS4MD39,attribute_f380b0c2ea7c1045,0.9,Bust Firming Cream,deepseek-v4-flash
B07M95NSKM,attribute_3041ddd023a5706f,0.95,store: DR.JACOBS NATURALS,deepseek-v4-flash
B07M95NSKM,attribute_fbd8936c219bb836,0.9,Skin Type: Sensitive,deepseek-v4-flash
B07M95NSKM,attribute_1c11df092c7fcef6,0.9,Scent: Citrus,deepseek-v4-flash
B07M95NSKM,attribute_9ec11ecb096b876f,0.9,Item Form: Bar,deepseek-v4-flash
B07M95NSKM,attribute_8438ad776e83798d,0.75,title: 5 oz,deepseek-v4-flash
B07M95NSKM,attribute_053ba76660e50ba6,0.95,Brand: DR.JACOBS NATURALS,deepseek-v4-flash
B07M95NSKM,attribute_5192daa8fa76cbd6,0.9,Skin Type: Sensitive,deepseek-v4-flash
B07M95NSKM,attribute_d226258d4f0234e3,0.95,Item Form: Bar,deepseek-v4-flash
B07M95NSKM,attribute_3ea3244eed8f894a,0.9,Castile Bar Soap,deepseek-v4-flash
B07M95NSKM,attribute_1679a6b5f1aa52c2,0.8,Hypoallergenic and Dermatologist Approved,deepseek-v4-flash
B07M95NSKM,attribute_cbf751b274696550,0.75,Exfoliating beads help to brighten and renew the skin,deepseek-v4-flash
B07M95NSKM,attribute_18a26003adbc81fb,0.85,vegan,deepseek-v4-flash
B07P7FFHGY,attribute_dc9dbe49114c734f,0.95,store: VGTE,rules
B07P7FFHGY,attribute_bf5f5e61ea7cc020,0.75,title: 0.40 fl.oz,rules
B07JVW6ZTF,attribute_8ac18c40d9575c05,0.95,store: eyeMajic,deepseek-v4-flash
B07JVW6ZTF,attribute_1525e89a34eeee1f,0.9,Item Form: Instant,deepseek-v4-flash
B07JVW6ZTF,attribute_2ac91817c6dc2ed6,0.9,Unit Count: 1.00 Count,deepseek-v4-flash
B07JVW6ZTF,attribute_caa32f77ffd582d9,0.9,EYE MAJIC INSTANT EYESHADOW,deepseek-v4-flash
B07JVW6ZTF,attribute_4666277acc660129,0.9,INSTANT EYESHADOW,deepseek-v4-flash
B07JVW6ZTF,attribute_63347bee8661c3b3,0.9,Matte,deepseek-v4-flash
B07JVW6ZTF,attribute_afc295283d423c58,0.9,Matte 107 - Romanesque,deepseek-v4-flash
B07JVW6ZTF,attribute_ca798ca14f8a02ab,0.9,5 Pair Pack,deepseek-v4-flash
B07JVW6ZTF,attribute_c91004f093c7d903,0.9,Item Form: Instant,deepseek-v4-flash
B07WN8KH6H,attribute_7e69a6b9af9ce0aa,0.95,store: Lunana Beauty,deepseek-v4-flash
B07WN8KH6H,attribute_fc6db98750f95668,0.9,Skin Type: All,deepseek-v4-flash
B07WN8KH6H,attribute_962320cee0315e4d,0.9,Item Form: Pencil,deepseek-v4-flash
B07WN8KH6H,attribute_7d891282373a70a6,0.9,Unit Count: 1 Count,deepseek-v4-flash
B07WN8KH6H,attribute_7564b9893d3d6393,0.9,Eyebrow Tattoo Pen,deepseek-v4-flash
B07WN8KH6H,attribute_e14180f0a257a1fe,0.9,(Chestnut),deepseek-v4-flash
B07WN8KH6H,attribute_0b8604a0bcbbecb4,0.9,Item Form: Pencil,deepseek-v4-flash
B07WN8KH6H,attribute_2050081e8964870c,0.9,Natural Looking Brows,deepseek-v4-flash
B07WN8KH6H,attribute_036c4b031a49b5bc,0.9,Stays on All Day,deepseek-v4-flash
B07WN8KH6H,attribute_49771d4c362284ed,0.9,Micro-Fork Tip Applicator,deepseek-v4-flash
B00CYVUAA8,attribute_ef564dfb7bf8597c,0.95,store: Organized Travel,deepseek-v4-flash
B00CYVUAA8,attribute_0965acc7f999ea79,0.9,Material: Polyurethane,deepseek-v4-flash
B00CYVUAA8,attribute_f03aa5d3452da917,0.9,Color: Black,deepseek-v4-flash
B0004E9ILY,attribute_eaec99aad2511881,0.95,store: Annemarie Borlind,rules
B0004E9ILY,attribute_219a759606adbdc0,0.75,title: 0.15 oz,rules
B0004E9ILY,attribute_b96630ed250523ee,0.65,title: brown,rules
B07121GVRY,attribute_5cff773b0551d588,0.95,store: Denzac,rules
B07121GVRY,attribute_1ab4b8ffdfec4f8f,0.65,title: white,rules
B095BY37Q8,attribute_9e2ba312b0e31ad4,0.95,store: “N/A”,rules
B095BY37Q8,attribute_c1c17a9b0eaf6b93,0.75,title: 8 Inches,rules
B095BY37Q8,attribute_f03aa5d3452da917,0.65,title: black,rules
B01IAEBWWM,attribute_0b952fb30314dbf3,0.95,store: N.Y.C.,deepseek-v4-flash
B01IAEBWWM,attribute_f03aa5d3452da917,0.9,Color: Black,deepseek-v4-flash
B01IAEBWWM,attribute_a5865a3a7d03ceb5,0.9,Unit Count: 8.00 Count,deepseek-v4-flash
B01IAEBWWM,attribute_219a759606adbdc0,0.75,title: 0.15 oz,deepseek-v4-flash
B01IAEBWWM,attribute_b7e7c464abc8e849,1.0,"New York Color Liquid Eyeliner, Extreme Black",deepseek-v4-flash
B01IAEBWWM,attribute_2f150fe2233c9634,0.9,Liquid Eyeliner,deepseek-v4-flash
B07LBBB7KB,attribute_aed8c9e0b987c8c4,0.95,store: Aigemei,deepseek-v4-flash
B07LBBB7KB,attribute_cd744dd77d211b38,0.9,Material: Synthetic,deepseek-v4-flash
B07LBBB7KB,attribute_3c6b220fd942dff3,0.9,Hair Type: Straight,deepseek-v4-flash
B07LBBB7KB,attribute_f03aa5d3452da917,0.65,title: black,deepseek-v4-flash
B07LBBB7KB,attribute_9e6a663d16b7b30d,1.0,Hair Type: Straight,deepseek-v4-flash
B07LBBB7KB,attribute_5bcd81da32b49a60,1.0,Spring Twist Hair Crochet Braids,deepseek-v4-flash
B07PB8QHNF,attribute_7128e0bd65638b7d,0.95,store: Polly Online,deepseek-v4-flash
B07PB8QHNF,attribute_526cb14653c00ed8,0.9,Material: Acrylonitrile Butadiene Styrene (ABS),deepseek-v4-flash
B07PB8QHNF,attribute_3fa28e4960368bc1,0.9,Size: Small,deepseek-v4-flash
B07PB8QHNF,attribute_53f120662e9b2c91,0.75,title: 600PCS,deepseek-v4-flash
B07PB8QHNF,attribute_1ab4b8ffdfec4f8f,0.65,title: white,deepseek-v4-flash
B07PB8QHNF,attribute_1912f89968ee74b6,1.0,False Nails,deepseek-v4-flash
B0824N5XFC,attribute_a407c02aa463ad7e,0.95,store: Spiralization Direct,rules
B08C7BCB6P,attribute_2f4c7a7f07205a0f,0.95,store: SuperiMan,deepseek-v4-flash
B08C7BCB6P,attribute_f03aa5d3452da917,0.65,title: black,deepseek-v4-flash
B08C7BCB6P,attribute_26538b1d8cc1952c,0.9,Silky Satin Bonnet,deepseek-v4-flash
B08C7BCB6P,attribute_b110b73c79952951,0.8,Extra Long,deepseek-v4-flash
B08C7BCB6P,attribute_8697dfc9df17e1b1,0.95,Satin Bonnet Sleep Cap,deepseek-v4-flash
B08C7BCB6P,attribute_5a87129a6de1d021,0.9,for Braids Hair,deepseek-v4-flash
B08C7BCB6P,attribute_2ae8e19cbdf097ff,0.85,Silky Satin,deepseek-v4-flash
B0939T8MCG,attribute_aee5d4273ba3ef18,0.95,store: Every Man Jack,deepseek-v4-flash
B0939T8MCG,attribute_fc6db98750f95668,0.9,Skin Type: All,deepseek-v4-flash
B0939T8MCG,attribute_1c11df092c7fcef6,0.9,Scent: Citrus,deepseek-v4-flash
B0939T8MCG,attribute_1dffaa257c5c9706,0.9,Item Form: Oil,deepseek-v4-flash
B0939T8MCG,attribute_4f46b044a403ceef,0.9,Mens Exfoliating Citrus Body Wash,deepseek-v4-flash
B0939T8MCG,attribute_cbf751b274696550,1.0,Exfoliating Citrus Body Wash,deepseek-v4-flash
B0939T8MCG,attribute_7ee618f948370c06,0.9,"Cleanse, Nourish, and Soothe Your Skin",deepseek-v4-flash
B0939T8MCG,attribute_861db4fada938088,0.9,"Cleanse, Nourish, and Soothe Your Skin",deepseek-v4-flash
B0939T8MCG,attribute_434cd2d159de5354,0.9,"Cleanse, Nourish, and Soothe Your Skin",deepseek-v4-flash
B0939T8MCG,attribute_e9144fc76c4e4b09,0.9,naturally derived Coconut and Glycerin,deepseek-v4-flash
B0939T8MCG,attribute_7f1aaf1ff03bbf57,0.9,naturally derived Coconut and Glycerin,deepseek-v4-flash
B0939T8MCG,attribute_aaeea4df516cb8f9,0.8,Body Wash,deepseek-v4-flash
B08JCZH7XW,attribute_9aec20f16f7d089c,0.95,store: Oulac,deepseek-v4-flash
B08JCZH7XW,attribute_af71680c3079f29f,0.9,Item Form: Cream,deepseek-v4-flash
B08JCZH7XW,attribute_181a46fe9d84fc4e,0.9,"Product Benefits: Long Lasting,Shine",deepseek-v4-flash
B08JCZH7XW,attribute_8546f49862f19ba8,0.75,title: 3.6 grams,deepseek-v4-flash
B08JCZH7XW,attribute_02a8974aff18d189,0.9,lipstick,deepseek-v4-flash
B08JCZH7XW,attribute_06c8e5a861ee78fd,0.9,Velvet Matte,deepseek-v4-flash
B08JCZH7XW,attribute_794801b1361498e4,0.9,Long Lasting,deepseek-v4-flash
B08JCZH7XW,attribute_cafc6d7512159586,0.9,Shine,deepseek-v4-flash
B08JCZH7XW,attribute_ccbf048112c4ba64,0.9,Cranberries,deepseek-v4-flash
B08JCZH7XW,attribute_9094a8751b0a2bb4,0.9,3.6 grams / 0.12 ounces,deepseek-v4-flash
B08JCZH7XW,attribute_d08ae20ea0c7bd0a,0.9,Vegan Friendly,deepseek-v4-flash
B074SGRFCW,attribute_0efeb815415e9186,0.9,Material: Human Hair,deepseek-v4-flash
B074SGRFCW,attribute_f03aa5d3452da917,0.9,Color: Black,deepseek-v4-flash
B074SGRFCW,attribute_3c6b220fd942dff3,0.9,Hair Type: Straight,deepseek-v4-flash
B074SGRFCW,attribute_2e69819f90e65698,1.0,Straight Hair,deepseek-v4-flash
B074SGRFCW,attribute_91cd6edc6e014e96,0.9,14 16 18+12,deepseek-v4-flash
B074SGRFCW,attribute_49ea300f4965817a,1.0,Brazilian Straight Hair 3 Bundles With Frontal 13x4 Ear To Ear Lace Frontal,deepseek-v4-flash
B07927V3SQ,attribute_84f9a95d8ccee787,0.95,store: BEN & ANNA,deepseek-v4-flash
B07927V3SQ,attribute_1c30d94626ba1780,0.9,Scent: Vanilla Orchid,deepseek-v4-flash
B07927V3SQ,attribute_773724fbc861669c,0.9,Unit Count: 2.12 Ounce,deepseek-v4-flash
B07927V3SQ,attribute_84e9edb1fbec5e8d,1.0,Unit Count 2.12 Ounce,deepseek-v4-flash
B07927V3SQ,attribute_3f8eb3485761c673,1.0,Deodorant,deepseek-v4-flash
B08V1257KB,attribute_08c099fe08fb75fd,0.95,store: Avankwig,deepseek-v4-flash
B08V1257KB,attribute_0efeb815415e9186,0.9,Material: Human Hair,deepseek-v4-flash
B08V1257KB,attribute_5d246dfff47e340c,0.9,"Hair Type: Wavy, Curly",deepseek-v4-flash
B08V1257KB,attribute_4d100a054f1efaf0,0.75,title: 300g,deepseek-v4-flash
B08V1257KB,attribute_12f86a5bb230041e,1.0,Body Wave Weave Hair Extension,deepseek-v4-flash
B08V1257KB,attribute_bfa781dcda7d1dee,1.0,Color #1B 99J Dark Roots,deepseek-v4-flash
B08V1257KB,attribute_938e32c2242f1eb4,1.0,18 20 22 inches,deepseek-v4-flash
B08V1257KB,attribute_3f111663cdf248d6,0.9,300g Virgin Hair,deepseek-v4-flash
B08V1257KB,attribute_71644b14bdc5b0fc,1.0,Brazilian Hair Body Wave Ombre Burgundy Hair Bundles,deepseek-v4-flash
B01J7QU4S0,attribute_ff4311263480e6e4,0.95,store: FINGER LOVE,rules
B01J7QU4S0,attribute_f86654b7149035ea,0.65,title: green,rules
B08CVGMFRB,attribute_246220cf35ff1628,0.95,store: Etude House,deepseek-v4-flash
B08CVGMFRB,attribute_af71680c3079f29f,0.9,Item Form: Cream,deepseek-v4-flash
B08CVGMFRB,attribute_56b007cdaffe611e,0.9,Color: Neutral Peach (21AD),deepseek-v4-flash
B08HMLXW65,attribute_d72e2bee7684a2a2,0.95,store: IKOCO,deepseek-v4-flash
B08HMLXW65,attribute_39fedf152d7f4a56,0.9,"Material: Plastic, Metal, Acrylic",deepseek-v4-flash
B08HMLXW65,attribute_a4cd2f0ca4f01b2c,0.9,"Color: Green,Grey",deepseek-v4-flash
B08HMLXW65,attribute_e6e736d5f14a0c52,0.9,Hair Type: Fine,deepseek-v4-flash
B08HMLXW65,attribute_c6778fdfc3975644,0.75,title: 6 Pack,deepseek-v4-flash
B08HMLXW65,attribute_f03aa5d3452da917,0.65,title: black,deepseek-v4-flash
B004MSZM7M,attribute_1218f8e92c70d9a1,0.95,store: Icarus,deepseek-v4-flash
B01HT395TC,attribute_34f14c15dd76cda1,0.9,Material: Human,deepseek-v4-flash
B01HT395TC,attribute_b5e40193f5860fe3,0.9,Hair Type: Curly,deepseek-v4-flash
B01HT395TC,attribute_e3fd5743ce32bccf,0.9,Curly,deepseek-v4-flash
B01HT395TC,attribute_03dfef8683de9865,0.8,Long,deepseek-v4-flash
B09DD15ZDC,attribute_7d3b612254ded3fd,0.95,store: MTLEE,deepseek-v4-flash
B09DD15ZDC,attribute_cd744dd77d211b38,0.9,Material: Synthetic,deepseek-v4-flash
B09DD15ZDC,attribute_3c6b220fd942dff3,0.9,Hair Type: Straight,deepseek-v4-flash
B09DD15ZDC,attribute_b31afbde7f6c30db,0.75,title: 12 Inch,deepseek-v4-flash
B09DD15ZDC,attribute_b96630ed250523ee,0.65,title: brown,deepseek-v4-flash
B09DD15ZDC,attribute_2e69819f90e65698,0.9,Straight,deepseek-v4-flash
B08CBVSF67,attribute_351a37d1b95daa05,0.95,store: Alaleibaby,deepseek-v4-flash
B08CBVSF67,attribute_0efeb815415e9186,0.9,Material: Human Hair,deepseek-v4-flash
B08CBVSF67,attribute_b5e40193f5860fe3,0.9,Hair Type: Curly,deepseek-v4-flash
B08CBVSF67,attribute_88e1565a75b5f23a,0.75,title: 10 inch,deepseek-v4-flash
B08CBVSF67,attribute_b96630ed250523ee,0.65,title: brown,deepseek-v4-flash
B08CBVSF67,attribute_e3fd5743ce32bccf,0.9,Curly,deepseek-v4-flash
B08CBVSF67,attribute_75bc6c3e86c99fc5,0.8,Deep Wave,deepseek-v4-flash
B08CBVSF67,attribute_f21bd2e10414a5f8,0.9,10 inch,deepseek-v4-flash
B08CBVSF67,attribute_5c02c9acd5a07b84,0.9,Medium Brown Color,deepseek-v4-flash
B075WTBRCG,attribute_ae2bdf983dff3a8c,0.95,store: BEYELIAN,deepseek-v4-flash
B075WTBRCG,attribute_eb2c589f77a4e2ad,0.9,Item Form: Individual,deepseek-v4-flash
B075WTBRCG,attribute_2ac91817c6dc2ed6,0.9,Unit Count: 1.00 Count,deepseek-v4-flash
B075WTBRCG,attribute_7f4f251ddccda267,0.75,title: 0.07mm,deepseek-v4-flash
B07VCXV1VT,attribute_03c9d4900c7ce129,0.95,store: Beaupretty,deepseek-v4-flash
B07VCXV1VT,attribute_703a408417ea8951,0.9,Material: Plastic,deepseek-v4-flash
B07VCXV1VT,attribute_a991997ec241e6c7,0.75,title: 10PCS,deepseek-v4-flash
B016G7APCS,attribute_d8b5d5d49d0e383b,0.95,store: Yeshan,deepseek-v4-flash
B016G7APCS,attribute_64e1b604d8fbc982,0.9,Material: Metal,deepseek-v4-flash
B016G7APCS,attribute_a3e15900fc78187c,0.9,Hair Type: All,deepseek-v4-flash
B016G7APCS,attribute_a541fc05abd5a052,0.75,title: 12pcs,deepseek-v4-flash
B016G7APCS,attribute_46a55037d00ad97d,0.65,title: silver,deepseek-v4-flash
B07CH3JRGR,attribute_dbe39b44a56b87ef,0.95,store: NEST Fragrances,rules
B07CH3JRGR,attribute_e2670d532da1f8fc,0.75,title: 0.25 fl oz,rules
B07CH3JRGR,attribute_f03aa5d3452da917,0.65,title: black,rules
B07JQ8KW3D,attribute_7bf65ab8df971473,0.95,store: DOMESTIQUE,deepseek-v4-flash
B07JQ8KW3D,attribute_a3e15900fc78187c,0.9,Hair Type: All,deepseek-v4-flash
B07JQ8KW3D,attribute_7d891282373a70a6,0.9,Unit Count: 1 Count,deepseek-v4-flash
B07JQ8KW3D,attribute_f518f01f4932c374,1.0,Hair Type,deepseek-v4-flash
B00UWWZ9Z2,attribute_30f2e42a98286e03,0.95,store: Yimart,deepseek-v4-flash
B00UWWZ9Z2,attribute_64e1b604d8fbc982,0.9,Material: Metal,deepseek-v4-flash
B00UWWZ9Z2,attribute_4b6946c0a34088c4,0.8,title: ... Manicure File Polish Buffing Pedicure Electric Tool,deepseek-v4-flash
B01EWTVLVQ,attribute_956d141b987e0629,0.95,store: DeliaWinterfel,deepseek-v4-flash
B01EWTVLVQ,attribute_eaf80224953940f3,0.9,Color: Nude,deepseek-v4-flash
B01EWTVLVQ,attribute_b2022f2bcd351b4e,0.9,title: 12 Colours Eyeshadow Palette,deepseek-v4-flash
B09L47JBQ1,attribute_fcb472caefa970ce,0.95,store: Hipoll,rules
B077D4921Z,attribute_cf34fa664f966796,0.95,store: Addie,rules
B07F3MWMG5,attribute_61ed6b93ffc3b4f8,0.95,store: MORICHY,deepseek-v4-flash
B07F3MWMG5,attribute_34f14c15dd76cda1,0.9,Material: Human,deepseek-v4-flash
B07F3MWMG5,attribute_f5014e73afcc8131,0.9,Hair Type: Wavy,deepseek-v4-flash
B07F3MWMG5,attribute_f03aa5d3452da917,0.65,title: black,deepseek-v4-flash
B07F3MWMG5,attribute_ff6f2eab42edb956,0.9,Loose Body Wave,deepseek-v4-flash
B07F3MWMG5,attribute_4ff02c227b13192f,1.0,130% Density,deepseek-v4-flash
B07F3MWMG5,attribute_d524753d56d9d70d,1.0,Human Hair Wigs,deepseek-v4-flash
B082XHLYZ5,attribute_7a7a66dd1bc787d7,0.95,store: New Balance,deepseek-v4-flash
B082XHLYZ5,attribute_04964c07b608085f,0.9,Material: Polyester,deepseek-v4-flash
B082XHLYZ5,attribute_f03aa5d3452da917,0.9,Color: Black,deepseek-v4-flash
B082XHLYZ5,attribute_46f81f3ac5545e1f,0.9,Size: One Size,deepseek-v4-flash
B082XHLYZ5,attribute_7479fde1126b6127,1.0,New Balance Unisex Grid Fleece Headband,deepseek-v4-flash
B082XHLYZ5,attribute_e09b8f8fa97bacdd,0.9,"perfect for skiing, running, biking, etc.",deepseek-v4-flash
B07TBGGNYT,attribute_6b6c7ce5fbaf52a1,0.95,store: Nannday,deepseek-v4-flash
B07TBGGNYT,attribute_6c57fe59edb4b29a,0.75,title: 10ML,deepseek-v4-flash
B07TBGGNYT,attribute_862d5b555b1dab47,0.9,Eyelash Sercum,deepseek-v4-flash
B07TBGGNYT,attribute_394deac2b99bd398,1.0,Net WT: Approx.10ml,deepseek-v4-flash
B07TBGGNYT,attribute_b69e06987eb0fc02,0.9,"helps to make your eyelashes grow longer, fuller and thicker",deepseek-v4-flash
B07TBGGNYT,attribute_545a7b86a69d38a9,0.8,Moisturizing Essence,deepseek-v4-flash
B07TBGGNYT,attribute_2a2492ac807ae450,0.8,"eyelash serum, eyelashes",deepseek-v4-flash
B07HY9QT12,attribute_035f8072c7cb058c,0.95,store: MILL CREEK,deepseek-v4-flash
B07HY9QT12,attribute_1dffaa257c5c9706,0.9,Item Form: Oil,deepseek-v4-flash
B07HY9QT12,attribute_7a39e6ac03b56178,0.9,"Hair Type: Color Treated,Thin",deepseek-v4-flash
B07HY9QT12,attribute_c2ee456cf9bc2f6c,0.75,title: 32 oz,deepseek-v4-flash
B07HY9QT12,attribute_167838150ac66c13,0.95,Mill Creek Shampoo,deepseek-v4-flash
B07HY9QT12,attribute_afae058df89aadba,0.95,"Hair Type: Color Treated,Thin",deepseek-v4-flash
B07HY9QT12,attribute_20a36d6174ca9f1b,0.9,Item Form: Oil,deepseek-v4-flash
B07HY9QT12,attribute_3b9ce31bf6bfa3ff,0.85,Biotin in title,deepseek-v4-flash
B07JF4C4C2,attribute_a2cbcb13f09a69a8,0.95,store: Tara Toys,deepseek-v4-flash
B07JF4C4C2,attribute_703a408417ea8951,0.9,Material: Plastic,deepseek-v4-flash
B07JF4C4C2,attribute_87b888da99d6968c,0.9,Color: GLITTER SKY BLUE,deepseek-v4-flash
B07JF4C4C2,attribute_38740edce505787c,0.65,title: blue,deepseek-v4-flash
B07JF4C4C2,attribute_bba34ec8cda6bb9f,0.9,10x12 mm in features,deepseek-v4-flash
B07JF4C4C2,attribute_1e0131bb060ae2a5,0.9,240 Pieces in features,deepseek-v4-flash
B07JF4C4C2,attribute_216cf1907873f6b4,0.85,barrel shaped pony beads in features,deepseek-v4-flash
B07JF4C4C2,attribute_be46ba3b04a9d541,0.9,designed to hold girl's hair braids in place & also great for craft projects & jewelry making,deepseek-v4-flash
B00TAHJOYC,attribute_392966805acf0dff,0.95,store: L.A. Girl,deepseek-v4-flash
B00TAHJOYC,attribute_1e14ea4a972daf3d,0.9,"Item Form: Gel,Pencil",deepseek-v4-flash
B00TAHJOYC,attribute_744ebbea38790e1a,0.95,Eyeliner Pencil in title,deepseek-v4-flash
B00TAHJOYC,attribute_0032192e26279917,0.9,"Item Form: Gel,Pencil",deepseek-v4-flash
B00TAHJOYC,attribute_d11a27d0bb2ee4ac,0.9,19pc in title,deepseek-v4-flash
B08FZ7B16S,attribute_9cfe2cf13b249c95,0.95,store: Xesscare,rules
B08FZ7B16S,attribute_dade4590d7137f15,0.65,title: gold,rules
B00OQIGH2M,attribute_ce37e083d69fc3a0,0.9,Unit Count: 96.0 Fl Oz,rules
B00OQIGH2M,attribute_86dd2f2c28143f99,0.75,title: 16oz,rules
B01LZA8QP4,attribute_6a801383c8a975d6,0.95,store: Bodycology,rules
B07PG84Q36,attribute_2f8693ef85e11c2d,0.95,store: Doubnine,deepseek-v4-flash
B07PG84Q36,attribute_46a55037d00ad97d,0.65,title: silver,deepseek-v4-flash
B07PG84Q36,attribute_b2c404b5ba0365bc,0.9,Material: alloy silver plated,deepseek-v4-flash
B07PG84Q36,attribute_d6e96886f7056413,0.9,Silver Hoop Circle Earrings,deepseek-v4-flash
B0099LBLB8,attribute_bb2244050427eb4e,0.95,store: Illamasqua,deepseek-v4-flash
B0099LBLB8,attribute_fc6db98750f95668,0.9,Skin Type: All,deepseek-v4-flash
B0099LBLB8,attribute_af71680c3079f29f,0.9,Item Form: Cream,deepseek-v4-flash
B0099LBLB8,attribute_bda40ad96ae6f0c6,0.9,"Product Benefits: Stain,Eye Health",deepseek-v4-flash
B0099LBLB8,attribute_02a8974aff18d189,0.95,Illamasqua Lipstick,deepseek-v4-flash
B0099LBLB8,attribute_b95b3c84567a040b,0.8,Product Benefits: Stain,deepseek-v4-flash
B01GFROOJO,attribute_da975954763eff2e,0.95,store: Docooler,deepseek-v4-flash
B01GFROOJO,attribute_70948989c95ee1b1,0.9,Item Form: Liquid,deepseek-v4-flash
B01GFROOJO,attribute_9998b8ec16b62de1,0.9,Unit Count: 1.0 Count,deepseek-v4-flash
B01GFROOJO,attribute_8f3e021a6653c52d,0.95,Hair Cutting Cape,deepseek-v4-flash
B01IUNJ3H4,attribute_45b52f3bc2e82300,0.95,store: Affinage Infiniti,rules
B01IUNJ3H4,attribute_8fbb8e90dbaaaf09,0.75,title: 3.4 Oz,rules
B01IUNJ3H4,attribute_72f40f803eb5363f,0.65,title: blonde,rules
B08378WVBJ,attribute_8d4cad8379739120,0.95,store: SSEN CLIPS,deepseek-v4-flash
B08378WVBJ,attribute_48383b14c6c2e76d,0.9,Color: Rainbow,deepseek-v4-flash
B08378WVBJ,attribute_a3e15900fc78187c,0.9,Hair Type: All,deepseek-v4-flash
B08378WVBJ,attribute_a5865a3a7d03ceb5,0.9,Unit Count: 8.00 Count,deepseek-v4-flash
B08XJ48PRL,attribute_0a413dae3fadc1b8,0.95,store: KYDA,deepseek-v4-flash
B08XJ48PRL,attribute_fc6db98750f95668,0.9,Skin Type: All,deepseek-v4-flash
B08XJ48PRL,attribute_af71680c3079f29f,0.9,Item Form: Cream,deepseek-v4-flash
B08XJ48PRL,attribute_794801b1361498e4,0.9,Product Benefits: Long Lasting,deepseek-v4-flash
B08XJ48PRL,attribute_f03aa5d3452da917,0.65,title: black,deepseek-v4-flash
B07S1CJMS8,attribute_bf50af7c20156b99,0.95,store: Mented,deepseek-v4-flash
B07S1CJMS8,attribute_fc6db98750f95668,0.9,Skin Type: All,deepseek-v4-flash
B07S1CJMS8,attribute_af71680c3079f29f,0.9,Item Form: Cream,deepseek-v4-flash
B07S1CJMS8,attribute_a64490da866eb222,0.65,title: red,deepseek-v4-flash
B09LTTV41L,attribute_52ae2500f559bc30,0.95,store: REBECCA STYLE,deepseek-v4-flash
B09LTTV41L,attribute_c5ccc560646aa744,0.9,"Material: Human, Synthetic",deepseek-v4-flash
B09LTTV41L,attribute_3c6b220fd942dff3,0.9,Hair Type: Straight,deepseek-v4-flash
B09LTTV41L,attribute_c56aee814ca70c14,0.75,title: 18 Inch,deepseek-v4-flash
B09LTTV41L,attribute_f03aa5d3452da917,0.65,title: black,deepseek-v4-flash
B00X1QHOD6,attribute_766d34bf2939e862,0.95,store: It Works,deepseek-v4-flash
B07GCJJ4HT,attribute_8815a43c1457a5f1,0.95,store: Angie,deepseek-v4-flash
B07GCJJ4HT,attribute_5be4242384334f79,0.9,"Material: Human Hair, Synthetic",deepseek-v4-flash
B07GCJJ4HT,attribute_144088894d57278b,0.9,"Hair Type: Curly,Kinky",deepseek-v4-flash
B07GCJJ4HT,attribute_e9edacf0d436242c,0.75,title: 20 Inches,deepseek-v4-flash
B07GCJJ4HT,attribute_f86654b7149035ea,0.65,title: green,deepseek-v4-flash
B082FBCPLX,attribute_910242e0804a816a,0.95,store: Glaray,rules
B082FBCPLX,attribute_83e8ef16c39f451b,0.75,title: 3Pcs,rules
B08GC18YRV,attribute_0b563197a6fa67bf,0.95,store: Fashow,deepseek-v4-flash
B08GC18YRV,attribute_0efeb815415e9186,0.9,Material: Human Hair,deepseek-v4-flash
B08GC18YRV,attribute_f5014e73afcc8131,0.9,Hair Type: Wavy,deepseek-v4-flash
B08GC18YRV,attribute_9c9d9eadb3298777,0.75,title: 24 inch,deepseek-v4-flash
B08GC18YRV,attribute_0e749058bd7dd092,1.0,Hair Type: Wavy,deepseek-v4-flash
B00102JGFC,attribute_35888527f7758828,0.95,store: K,deepseek-v4-flash
B00102JGFC,attribute_fc6db98750f95668,0.9,Skin Type: All,deepseek-v4-flash
B00102JGFC,attribute_f03aa5d3452da917,0.9,Color: black,deepseek-v4-flash
B00102JGFC,attribute_2ac91817c6dc2ed6,0.9,Unit Count: 1.00 Count,deepseek-v4-flash
B00102JGFC,attribute_5765cb58807868a7,0.9,black steel stand,deepseek-v4-flash
B00102JGFC,attribute_0002aded3933bf8d,1.0,"14"" by 15""",deepseek-v4-flash
B00102JGFC,attribute_8aeacd2cb9551821,0.8,chemical service station,deepseek-v4-flash
B07LD3M88C,attribute_a95c3213fa45b6d6,0.95,store: Too Faced,deepseek-v4-flash
B07LD3M88C,attribute_2ac91817c6dc2ed6,0.9,Unit Count: 1.00 Count,deepseek-v4-flash
B07LD3M88C,attribute_e7931a1d3bfe18c8,1.0,Better Than Sex And Diamonds Mascara,deepseek-v4-flash
B07LD3M88C,attribute_1b3a62b9e461af20,0.9,Volume and Curl,deepseek-v4-flash
B01D86KD6I,attribute_be168d585e4eedda,0.95,store: Nickyood,deepseek-v4-flash
B01D86KD6I,attribute_599e906551478da6,0.9,Item Form: Mousse,deepseek-v4-flash
B01D86KD6I,attribute_69ab072b2c89683f,0.75,title: 3.7g,deepseek-v4-flash
B01D86KD6I,attribute_50c8b3a246ac1363,0.9,Last Lip Mousse,deepseek-v4-flash
B01D86KD6I,attribute_3a58633f404dc8d8,0.8,5 Colors (#1 First Meeting),deepseek-v4-flash
B01D86KD6I,attribute_2b789345dbdb87d8,0.9,Soft Velvet Mousse Texture,deepseek-v4-flash
B01D86KD6I,attribute_4d8dc3be0f0e324f,0.9,Mousse,deepseek-v4-flash
B07G6FTK91,attribute_86aae0c164ce2fa9,0.95,store: OZEN,deepseek-v4-flash
B07G6FTK91,attribute_7f4cae5562c0a0e9,0.9,Material: Caroset,deepseek-v4-flash
B07G6FTK91,attribute_2ac91817c6dc2ed6,0.9,Unit Count: 1.00 Count,deepseek-v4-flash
B07G6FTK91,attribute_7479fde1126b6127,0.9,Spa Headbands for Women,deepseek-v4-flash
B07G6FTK91,attribute_ae443b0d003aca27,0.8,Soft,deepseek-v4-flash
B07G6FTK91,attribute_f1938414e04389fa,0.7,washing face,deepseek-v4-flash
B07G6FTK91,attribute_ab41b3c8c7b14fbe,0.8,Panda,deepseek-v4-flash
B08LZ76QML,attribute_9f0d37f22dcfbeb1,0.95,store: YYgY,deepseek-v4-flash
B08LZ76QML,attribute_0efeb815415e9186,0.9,Material: Human Hair,deepseek-v4-flash
B08LZ76QML,attribute_f5014e73afcc8131,0.9,Hair Type: Wavy,deepseek-v4-flash
B08LZ76QML,attribute_9c9d9eadb3298777,0.75,title: 24 inch,deepseek-v4-flash
B08LZ76QML,attribute_f03aa5d3452da917,0.65,title: black,deepseek-v4-flash
B08LZ76QML,attribute_d524753d56d9d70d,0.9,Wigs,deepseek-v4-flash
B08LZ76QML,attribute_c633b0a339252bcb,0.9,Natural Black,deepseek-v4-flash
B08LZ76QML,attribute_6971c6873347a03a,0.8,150% Density,deepseek-v4-flash
B08LZ76QML,attribute_3de2d6f5ef280e51,0.9,Body wave,deepseek-v4-flash
B0062Q6K8C,attribute_1ab4b8ffdfec4f8f,0.65,title: white,rules
B01DJZZ08Y,attribute_508bb26cb6714f7a,0.95,store: Louise Maelys,rules
B01DJZZ08Y,attribute_72f40f803eb5363f,0.65,title: blonde,rules
B08HVYYG2H,attribute_c75711089edb24a4,0.95,store: SEGO,deepseek-v4-flash
B08HVYYG2H,attribute_0efeb815415e9186,0.9,Material: Human Hair,deepseek-v4-flash
B08HVYYG2H,attribute_3c6b220fd942dff3,0.9,Hair Type: Straight,deepseek-v4-flash
B08HVYYG2H,attribute_8b1c18dc9007cf5f,0.75,title: 50g,deepseek-v4-flash
B08HVYYG2H,attribute_b96630ed250523ee,0.65,title: brown,deepseek-v4-flash
B08TGZHTP4,attribute_2fa170176b26343c,0.95,store: Patelai,deepseek-v4-flash
B08TGZHTP4,attribute_2ac91817c6dc2ed6,0.9,Unit Count: 1.00 Count,deepseek-v4-flash
B08TGZHTP4,attribute_1ab4b8ffdfec4f8f,0.65,title: white,deepseek-v4-flash
B07S3XPSN5,attribute_24e988b8170a42ee,0.95,store: Hetto,deepseek-v4-flash
B07S3XPSN5,attribute_0efeb815415e9186,0.9,Material: Human Hair,deepseek-v4-flash
B07S3XPSN5,attribute_3c6b220fd942dff3,0.9,Hair Type: Straight,deepseek-v4-flash
B07S3XPSN5,attribute_5a1bb5553d3d4fbf,0.75,title: 14 Inch,deepseek-v4-flash
B07S3XPSN5,attribute_b96630ed250523ee,0.65,title: brown,deepseek-v4-flash
B002VZNCL6,attribute_26527f642bc6cc86,0.75,title: 2 Ounce,rules
B00KWUOJ3M,attribute_a5adb956bb60758e,0.95,store: Zermat International,rules
B00KWUOJ3M,attribute_adcb48406516fefc,0.75,title: 3.38oz,rules
B0149DT3WY,attribute_62da4433956c47a3,0.95,store: MustaeV,deepseek-v4-flash
B0149DT3WY,attribute_af71680c3079f29f,0.9,Item Form: Cream,deepseek-v4-flash
B0149DT3WY,attribute_61aaf750d3bbc379,0.9,Product Benefits: Hydrating,deepseek-v4-flash
B0149DT3WY,attribute_5a627d664ca936b5,0.9,Item Form: Cream,deepseek-v4-flash
B0149DT3WY,attribute_dd997e623e6ff0b3,0.9,Product Benefits: Hydrating,deepseek-v4-flash
B0149DT3WY,attribute_9d6cb4f9a57cbef4,0.8,lightweight cream base,deepseek-v4-flash
B0149DT3WY,attribute_6974fafa361b3bd0,0.9,infused with pink pearl particles,deepseek-v4-flash
B0149DT3WY,attribute_89338d4c29f4eaa0,0.8,"creating a radiant, luminosity",deepseek-v4-flash
B00L5KKSLK,attribute_5db4b801eb9c7f6a,0.95,store: Spagmoss,deepseek-v4-flash
B00L5KKSLK,attribute_a41edb148b29f85b,0.75,title: 150 Gram,deepseek-v4-flash
B082KFJS9H,attribute_07395bdb7106a060,0.95,store: Ve Sunny,deepseek-v4-flash
B082KFJS9H,attribute_0efeb815415e9186,0.9,Material: Human Hair,deepseek-v4-flash
B082KFJS9H,attribute_3c6b220fd942dff3,0.9,Hair Type: Straight,deepseek-v4-flash
B082KFJS9H,attribute_22ca42bb1b15c92d,0.75,title: 70g,deepseek-v4-flash
B082KFJS9H,attribute_f03aa5d3452da917,0.65,title: black,deepseek-v4-flash
B082KFJS9H,attribute_8f5f4e9944a007c4,0.9,Hair Type: Straight,deepseek-v4-flash
B082KFJS9H,attribute_4eea98ff36c0c0e3,1.0,Jet Black,deepseek-v4-flash
B082KFJS9H,attribute_4a0105a5bee92f65,0.9,Hair Extensions Clip in,deepseek-v4-flash
B082MC34Q2,attribute_c68907824ae3617d,0.95,store: SAYMRE,rules
B086QW86VL,attribute_66885ed25dfbc59d,0.95,store: WILLBOND,rules
B0754HZ1YZ,attribute_1fa36b5fd4d26c1f,0.95,store: Telebrands,rules
B07Q4VWYK8,attribute_fbae1ef82d3ba923,0.95,store: Easyouth,deepseek-v4-flash
B07Q4VWYK8,attribute_0efeb815415e9186,0.9,Material: Human Hair,deepseek-v4-flash
B07Q4VWYK8,attribute_3c6b220fd942dff3,0.9,Hair Type: Straight,deepseek-v4-flash
B07Q4VWYK8,attribute_ec1264b4311e7b7e,0.75,title: 18Inch,deepseek-v4-flash
B07Q4VWYK8,attribute_b96630ed250523ee,0.65,title: brown,deepseek-v4-flash
B07Q4VWYK8,attribute_2e69819f90e65698,1.0,Hair Type: Straight,deepseek-v4-flash
B07Q4VWYK8,attribute_115c543c9b7960c0,1.0,Color Ash Brown Fading to Platinum Blonde,deepseek-v4-flash
B07Q4VWYK8,attribute_d78b890dedf6ed2c,1.0,18Inch,deepseek-v4-flash
B07Q4VWYK8,attribute_72e8128fcb65532a,1.0,80g,deepseek-v4-flash
B07Q4VWYK8,attribute_d7ccb96e393401eb,1.0,Hair Extensions,deepseek-v4-flash
B08YYPHSN3,attribute_5fddf7ef2faf7458,0.95,store: zenotti,deepseek-v4-flash
B08YYPHSN3,attribute_8ba8db87ff92bb46,0.9,Item Form: Pair,deepseek-v4-flash
B08YYPHSN3,attribute_6e76972f4469de0a,0.9,Material: Faux Mink,deepseek-v4-flash
B08YYPHSN3,attribute_4950ea8394abe2e6,0.75,title: 20mm,deepseek-v4-flash
B00UV80M8Q,attribute_07e6739d78a2a2de,0.95,store: COVERGIRL,deepseek-v4-flash
B00UV80M8Q,attribute_c301b5888660fbbb,0.9,Item Form: Powder,deepseek-v4-flash
B00UV80M8Q,attribute_320c95d539518c2e,0.9,Unit Count: 2.00 Count,deepseek-v4-flash
B00UV80M8Q,attribute_8a663eff8abd5919,0.75,title: 0.37 oz,deepseek-v4-flash
B00UV80M8Q,attribute_9d9b798ec2c3cfb2,1.0,"CoverGirl Ready, Set Gorgeous Fresh Complexion Powder Foundation",deepseek-v4-flash
B00UV80M8Q,attribute_a0d1bfa3f5ae8c7f,0.9,Light [115/120] in title,deepseek-v4-flash
B07KZHR2V1,attribute_b6be6f4b110cb033,0.95,store: TangDirect,rules
B07KZHR2V1,attribute_522770f1c65cc5a4,0.75,title: 3pack,rules
B00BPMPUHU,attribute_cdd7d959c20fd685,0.75,title: 100 ml,rules
B019EPWMW0,attribute_2e01dec50432f5a1,0.95,store: BOSCIA,rules
B019EPWMW0,attribute_f03aa5d3452da917,0.65,title: black,rules
B00D62C2F0,attribute_8b0dd26856868ce5,0.95,store: Aroma Naturals,deepseek-v4-flash
B00D62C2F0,attribute_ebcb6bad84dc95c5,0.75,title: 1 oz,deepseek-v4-flash
B00D62C2F0,attribute_a91fc6f1d042f108,0.8,description: lotion,deepseek-v4-flash
B00D62C2F0,attribute_e1ca7c5710e2d449,1.0,title: 1 oz (30 g),deepseek-v4-flash
B00D62C2F0,attribute_5045647868ac6e9d,0.9,"title: Bio-Active Omega 3, 6, 7, 9",deepseek-v4-flash
B00D62C2F0,attribute_0a972513ae8d78ce,0.9,"title: Bio-Active Omega 3, 6, 7, 9",deepseek-v4-flash
B00D62C2F0,attribute_9746f455f09e44bf,0.9,"title: Bio-Active Omega 3, 6, 7, 9",deepseek-v4-flash
B00D62C2F0,attribute_13117ab1677ba0af,0.9,"title: Bio-Active Omega 3, 6, 7, 9",deepseek-v4-flash
B00D62C2F0,attribute_1f82f1b0604c9533,0.9,description: Anti-Aging,deepseek-v4-flash
B00D62C2F0,attribute_545a7b86a69d38a9,0.9,description: Super Moisturizing,deepseek-v4-flash
B00D62C2F0,attribute_cae5d609508b8082,0.8,description: lotion,deepseek-v4-flash
B00WEN2SXS,attribute_0cc80168a603e926,0.95,store: Pure Mauve,deepseek-v4-flash
B00WEN2SXS,attribute_86c70f5d736aedd1,0.9,Skin Type: Dry,deepseek-v4-flash
B00WEN2SXS,attribute_90288547f6c40262,0.9,Scent: Tea Tree,deepseek-v4-flash
B00WEN2SXS,attribute_1dffaa257c5c9706,0.9,Item Form: Oil,deepseek-v4-flash
B00WEN2SXS,attribute_ae563c54ba6b5465,1.0,title: Tea Tree Facial Cleanser,deepseek-v4-flash
B07DZ1Y5TN,attribute_928b8b633b517505,0.95,store: Jeffree Star Cosmetics,deepseek-v4-flash
B07DZ1Y5TN,attribute_fc6db98750f95668,0.9,Skin Type: All,deepseek-v4-flash
B07DZ1Y5TN,attribute_70948989c95ee1b1,0.9,Item Form: Liquid,deepseek-v4-flash
B07DZ1Y5TN,attribute_1a0ff4248eb47fe2,0.9,Color: Cherry Wet,deepseek-v4-flash
B07DZ1Y5TN,attribute_5b2046abdf0e3ace,1.0,title: Velour Liquid Lipstick,deepseek-v4-flash
B07DZ1Y5TN,attribute_909269340fa21782,0.9,features: Cherry Wet - Hot cherry red,deepseek-v4-flash
B07DZ1Y5TN,attribute_04ffd5ca79e8bb62,0.9,"features: lasts and lasts, long wear formula",deepseek-v4-flash
B07DZ1Y5TN,attribute_ee783b3bce8e7317,0.9,description: dries completely matte,deepseek-v4-flash
B07X13G3YV,attribute_fdfeb97302fc0dab,0.95,store: ProBliva,deepseek-v4-flash
B096TKRXN6,attribute_655a533df2d50bbb,0.95,store: NewYou,deepseek-v4-flash
B096TKRXN6,attribute_0efeb815415e9186,0.9,Material: Human Hair,deepseek-v4-flash
B096TKRXN6,attribute_b5e40193f5860fe3,0.9,Hair Type: Curly,deepseek-v4-flash
B096TKRXN6,attribute_5b1aa15c3db9fb4d,0.75,title: 7Pcs,deepseek-v4-flash
B096TKRXN6,attribute_f03aa5d3452da917,0.65,title: black,deepseek-v4-flash
B08RDS5G49,attribute_66885ed25dfbc59d,0.95,store: WILLBOND,deepseek-v4-flash
B08RDS5G49,attribute_056ad6b880d33cf9,0.9,Item Form: Wrap,deepseek-v4-flash
B08RDS5G49,attribute_6227f6d19a817883,0.9,"Material: Polyester, Elastic",deepseek-v4-flash
B08RDS5G49,attribute_a5865a3a7d03ceb5,0.9,Unit Count: 8.00 Count,deepseek-v4-flash
B07P1K3K2X,attribute_c1df3172e15831ff,0.95,store: My rose garden,deepseek-v4-flash
B07P1K3K2X,attribute_d897e8f9b0651009,0.9,Item Form: Ribbon,deepseek-v4-flash
B07P1K3K2X,attribute_25a4ae8de9e6cb8a,0.9,"Material: Cloth, Plastic",deepseek-v4-flash
B07P1K3K2X,attribute_2ac91817c6dc2ed6,0.9,Unit Count: 1.00 Count,deepseek-v4-flash
B07P1K3K2X,attribute_83e8ef16c39f451b,0.75,title: 3PCS,deepseek-v4-flash
B00078X2UU,attribute_39e92df19952a589,0.95,store: Frances Denney,deepseek-v4-flash
B08FD36X79,attribute_38ef691e94585432,0.95,store: Jiumido,deepseek-v4-flash
B08FD36X79,attribute_cd744dd77d211b38,0.9,Material: Synthetic,deepseek-v4-flash
B08FD36X79,attribute_3c6b220fd942dff3,0.9,Hair Type: Straight,deepseek-v4-flash
B08FD36X79,attribute_c56aee814ca70c14,0.75,title: 18 inch,deepseek-v4-flash
B08F2FLCQK,attribute_81eb9c4ce4fa8cdd,0.95,store: QUEWEL,deepseek-v4-flash
B08F2FLCQK,attribute_eb2c589f77a4e2ad,0.9,Item Form: Individual,deepseek-v4-flash
B08F2FLCQK,attribute_7ac65a24bc64e3d7,0.9,Material: Polybutylene Terephthalate Fiber,deepseek-v4-flash
B08F2FLCQK,attribute_4950ea8394abe2e6,0.75,title: 20mm,deepseek-v4-flash
B00WNAUEXI,attribute_d2ab067439a7bf5f,0.95,store: Annie,deepseek-v4-flash
B00WNAUEXI,attribute_2c4e347c7dae637f,0.9,Material: Boar,deepseek-v4-flash
B00WNAUEXI,attribute_a3e15900fc78187c,0.9,Hair Type: All,deepseek-v4-flash
B00WNAUEXI,attribute_2ac91817c6dc2ed6,0.9,Unit Count: 1.00 Count,deepseek-v4-flash
B012POL9Q2,attribute_930d16cc78c98ad6,0.95,store: Barnaby Black,deepseek-v4-flash
B012POL9Q2,attribute_9ec11ecb096b876f,0.9,Item Form: Bar,deepseek-v4-flash
B012POL9Q2,attribute_0dc3f98a533eef51,0.9,Unit Count: 8.0 Ounce,deepseek-v4-flash
B012POL9Q2,attribute_f03aa5d3452da917,0.65,title: black,deepseek-v4-flash
B073XDWYR1,attribute_e26fa2e24d23eb37,0.95,store: Kamileo,deepseek-v4-flash
B073XDWYR1,attribute_cd744dd77d211b38,0.9,Material: Synthetic,deepseek-v4-flash
B073XDWYR1,attribute_f5014e73afcc8131,0.9,Hair Type: Wavy,deepseek-v4-flash
B073XDWYR1,attribute_5fd3c9f274d50bde,0.75,title: 1pack,deepseek-v4-flash
B073XDWYR1,attribute_3267dcd9b69f1483,0.9,faux dreadlocks braids,deepseek-v4-flash
B073XDWYR1,attribute_c2dd768325f053b9,0.9,1b,deepseek-v4-flash
B073XDWYR1,attribute_7b094c2617d1c11d,0.9,14 inch,deepseek-v4-flash
B073XDWYR1,attribute_c7bae4aac83e9e8d,0.8,6 Packs,deepseek-v4-flash
B00ZGYTTNE,attribute_cf20066ad48757b2,0.95,store: bareMinerals,deepseek-v4-flash
B00ZGYTTNE,attribute_545a7b86a69d38a9,0.9,Product Benefits: Moisturizing,deepseek-v4-flash
B00ZGYTTNE,attribute_c367f2478b4e1ff7,0.75,title: 6g,deepseek-v4-flash
B00ZGYTTNE,attribute_9ce3f28566a1224e,1.0,Concealer,deepseek-v4-flash
B00ZGYTTNE,attribute_cb53781c1325e5d0,0.9,SUMMER BISQUE,deepseek-v4-flash
B00ZGYTTNE,attribute_5dfd05b7d7449000,0.9,Deluxe Size 6g / 0.21 oz,deepseek-v4-flash
B00XOSMH4M,attribute_c4df1d2970ea8f22,0.95,store: TOSOWOONG,deepseek-v4-flash
B00XOSMH4M,attribute_fc6db98750f95668,0.9,Skin Type: All,deepseek-v4-flash
B00XOSMH4M,attribute_af71680c3079f29f,0.9,Item Form: Cream,deepseek-v4-flash
B00XOSMH4M,attribute_1360862a93688a79,0.9,Unit Count: 3.72 Fl Oz,deepseek-v4-flash
B00XOSMH4M,attribute_90c66507b022bd7e,0.75,title: 110ml,deepseek-v4-flash
B00XOSMH4M,attribute_14c742dc6a6ca78b,0.7,All In One,deepseek-v4-flash
B00XOSMH4M,attribute_09209239196e4d48,0.9,Item Form: Cream,deepseek-v4-flash
B00XOSMH4M,attribute_f1938414e04389fa,0.5,Men's Booster,deepseek-v4-flash
B078SP328M,attribute_8f3b04bf3f7035b9,0.95,store: BUOCEANS,deepseek-v4-flash
B078SP328M,attribute_a0f92e4defc47e1c,0.9,Item Form: Stick,deepseek-v4-flash
B078SP328M,attribute_365f47e46454a8a6,0.9,Unit Count: 2.8219 Ounce,deepseek-v4-flash
B094GZW7KD,attribute_039d4a083bd09224,0.95,store: Bath & Body Works,deepseek-v4-flash
B094GZW7KD,attribute_42f2ef53eef1b341,0.9,Item Form: Gel,deepseek-v4-flash
B094GZW7KD,attribute_cf2367f7bd8087f8,0.9,Unit Count: 3.00 Count,deepseek-v4-flash
B094GZW7KD,attribute_ea2ff94c7cab2d75,0.75,title: 8 fl oz,deepseek-v4-flash
B01IAE1UVA,attribute_890d98dec4f73ff6,0.95,store: Smith & Nephew,deepseek-v4-flash
B01IAE1UVA,attribute_3531b62ea3cfae30,0.9,Scent: Unscented,deepseek-v4-flash
B01IAE1UVA,attribute_af71680c3079f29f,0.9,Item Form: Cream,deepseek-v4-flash
B01IAE1UVA,attribute_866b3e9b09b7cead,0.9,Unit Count: 18.0 Ounce,deepseek-v4-flash
B01IAE1UVA,attribute_c15c9d8547cf1f88,0.75,title: 3 oz,deepseek-v4-flash
B01N6SZH6R,attribute_a9b8e8bbb917fbb6,0.95,store: DAFNI,rules
B07JWGD7PR,attribute_f24c2088893e5046,0.95,store: PBT,deepseek-v4-flash
B07JWGD7PR,attribute_0a552befcc9a10a1,0.9,Material: Cotton,deepseek-v4-flash
B07JWGD7PR,attribute_b72bd63956647c5e,0.75,title: 2 pack,deepseek-v4-flash
B07JWGD7PR,attribute_fb8b5f27c0302503,0.9,eyelashes,deepseek-v4-flash
B07ML5333D,attribute_052505421f6e7db3,0.95,store: Organic Nails,deepseek-v4-flash
B07ML5333D,attribute_7719082874f3ceb0,0.75,title: 0.5oz,deepseek-v4-flash
B07ML5333D,attribute_b8bc0383d4e1d560,0.9,Glue with Dropper,deepseek-v4-flash
B07ML5333D,attribute_52a1ec6aa125d7a2,0.9,0.5oz,deepseek-v4-flash
B07XFKZ874,attribute_0d0e1d9fda2b8336,0.95,store: CosInStyle,deepseek-v4-flash
B07XFKZ874,attribute_2968668bdc1d3f24,0.9,"Material: Rubber,Nylon",deepseek-v4-flash
B07XFKZ874,attribute_92ac3bc4d8309b1f,0.9,Hair Type: Short,deepseek-v4-flash
B07XFKZ874,attribute_d524753d56d9d70d,0.9,Wigs,deepseek-v4-flash
B07XFKZ874,attribute_4f451c53215e14f2,0.9,Orange,deepseek-v4-flash
B00SQJ1MZO,attribute_c15c9d8547cf1f88,0.75,title: 3 oz,rules
B00GMP7DQ6,attribute_8fbcdf48bfe10a87,0.95,store: FXWerkryt,rules
B00GMP7DQ6,attribute_bb5088e8d712d113,0.75,title: 4oz,rules
B07DM64VNT,attribute_2a3abc3a2b002710,0.95,store: Benefit,deepseek-v4-flash
B07DM64VNT,attribute_fc6db98750f95668,0.9,Skin Type: All,deepseek-v4-flash
B07DM64VNT,attribute_c9c537f7a3f9dbea,0.9,"Item Form: Cream,Gel",deepseek-v4-flash
B07DM64VNT,attribute_dfa09125a7ce80e7,0.9,Color: 4.5 - Neutral deep brown,deepseek-v4-flash
B07DM64VNT,attribute_2f9ae458ae5d8628,0.75,title: 3.0 g,deepseek-v4-flash
B094GTZP2R,attribute_150fdc7415032e92,0.95,store: Hipcheer,deepseek-v4-flash
B094GTZP2R,attribute_42db5b7525705d3f,0.9,Item Form: elastic,deepseek-v4-flash
B094GTZP2R,attribute_a64490da866eb222,0.9,Color: Red,deepseek-v4-flash
B094GTZP2R,attribute_3c6b220fd942dff3,0.9,Hair Type: Straight,deepseek-v4-flash
B01KK4FQOK,attribute_1dfdff1c66b60b95,0.95,store: THESAEM,deepseek-v4-flash
B01KK4FQOK,attribute_fc6db98750f95668,0.9,Skin Type: All,deepseek-v4-flash
B01BBRNLEC,attribute_db37c4100ec92e08,0.95,store: feibin,deepseek-v4-flash
B01BBRNLEC,attribute_0efeb815415e9186,0.9,Material: Human Hair,deepseek-v4-flash
B01BBRNLEC,attribute_f5014e73afcc8131,0.9,Hair Type: Wavy,deepseek-v4-flash
B01BBRNLEC,attribute_86ae89fc7aa016be,0.75,title: 22 Inch,deepseek-v4-flash
B075SX6X3L,attribute_c4d95a029083fd72,0.95,store: Festivous Wishel,deepseek-v4-flash
B075SX6X3L,attribute_04964c07b608085f,0.9,Material: Polyester,deepseek-v4-flash
B075SX6X3L,attribute_7d891282373a70a6,0.9,Unit Count: 1 Count,deepseek-v4-flash
B075SX6X3L,attribute_f03aa5d3452da917,0.65,title: black,deepseek-v4-flash
B072JW8MJH,attribute_0b1763ed0e9d1bf9,0.95,store: Jane Stone,deepseek-v4-flash
B072JW8MJH,attribute_9b21917b24f4bed5,0.9,Material: Leather,deepseek-v4-flash
B072JW8MJH,attribute_dbc34d1d743850c8,0.9,Color: Gold-A,deepseek-v4-flash
B072JW8MJH,attribute_2ac91817c6dc2ed6,0.9,Unit Count: 1.00 Count,deepseek-v4-flash
B072JW8MJH,attribute_dade4590d7137f15,0.65,title: gold,deepseek-v4-flash
B016R0UMD6,attribute_d725fa64a60a10d5,0.95,store: ERTDDE,rules
B016R0UMD6,attribute_6f3472dfdd4d9e33,0.75,title: 1.6 Oz,rules
B01HVKVUU0,attribute_a3e15900fc78187c,0.9,Hair Type: All,rules
B01HVKVUU0,attribute_2972d7209b7c3f38,0.75,title: 3 pcs,rules
B096KHWMYX,attribute_1ea3d426ef3bed98,0.95,store: CALEEGI,deepseek-v4-flash
B096KHWMYX,attribute_80feed9994a03cda,0.9,"Material: Ceramic,Titanium",deepseek-v4-flash
B000FQ5NQ0,attribute_900f39da4791bc1e,0.95,store: Unilever,deepseek-v4-flash
B000FQ5NQ0,attribute_04bafd83548381d1,0.9,Item Form: Spray,deepseek-v4-flash
B000FQ5NQ0,attribute_e41728dc854e15e8,0.75,title: 9.25 FL. OZ,deepseek-v4-flash
B000FQ5NQ0,attribute_e458f39aab2f89cb,1.0,Item Form Spray,deepseek-v4-flash
B000FQ5NQ0,attribute_4e92a0b9b7d3289f,0.8,provides moisture to hair with slight symptoms of dryness,deepseek-v4-flash
B000FQ5NQ0,attribute_7ef68ce74bc72d2a,0.9,Leave-In Replenishing Mist,deepseek-v4-flash
B01IAEV8LM,attribute_71b8c8746e4d0e79,0.95,store: Aphogee,deepseek-v4-flash
B01IAEV8LM,attribute_7530ae1d89423279,0.9,Unit Count: 5.00 Count,deepseek-v4-flash
B01IAEV8LM,attribute_59627d9f4d3d0d5b,0.75,title: 8oz,deepseek-v4-flash
B01IAEV8LM,attribute_8049cc7704b8b46d,0.9,Curlific Moisture Rich Leave-In,deepseek-v4-flash
B01IAEV8LM,attribute_4e92a0b9b7d3289f,0.8,Moisture Rich,deepseek-v4-flash
B073Q3NGF8,attribute_c02977cab2274a78,0.95,store: Urberry,deepseek-v4-flash
B073Q3NGF8,attribute_f86654b7149035ea,0.65,title: green,deepseek-v4-flash
B01M0WMHLS,attribute_edee06a3a963e696,0.95,store: Dare to Wear,deepseek-v4-flash
B01M0WMHLS,attribute_70948989c95ee1b1,0.9,Item Form: Liquid,deepseek-v4-flash
B01M0WMHLS,attribute_a564cdc73d826a64,0.9,Color: Classic Colors,deepseek-v4-flash
B07MMQPVSZ,attribute_f45343416e069dd9,0.95,store: Mtmei hair,deepseek-v4-flash
B07MMQPVSZ,attribute_0efeb815415e9186,0.9,Material: Human Hair,deepseek-v4-flash
B07MMQPVSZ,attribute_3c6b220fd942dff3,0.9,Hair Type: Straight,deepseek-v4-flash
B07MMQPVSZ,attribute_9c9d9eadb3298777,0.75,title: 24 Inch,deepseek-v4-flash
B07TZKDG5K,attribute_9815260ee5ea42d1,0.95,store: Wayfarer Supply Co.,rules
B07TZKDG5K,attribute_38740edce505787c,0.65,title: blue,rules
B074DZ9TPP,attribute_0647e5d9d5900d1c,0.95,store: BABEYOND,rules
B08NZQ47WR,attribute_8916b9a3a22eddd4,0.95,store: Saberl,rules
B08NZQ47WR,attribute_d4ba492b0336fd7e,0.75,title: 5 Pack,rules
B00YMP7RZU,attribute_bd136b1f22275e37,0.95,store: AYKU,rules
B00YMP7RZU,attribute_3784dab50b54b02f,0.75,title: 6OZ,rules
B01IGXNWLQ,attribute_a17879e0fada5450,0.95,store: MISSHA,rules
B08B59J88D,attribute_9b3f8d8dac449a11,0.95,store: RONRONS,rules
B08B59J88D,attribute_5012fe1ba49270e5,0.75,title: 4.5ML,rules
B08B59J88D,attribute_2f222083c2390ce0,0.65,title: pink,rules
B08QTT5RKJ,attribute_2e7d9dd20532dfcb,0.95,store: EINHOOM,deepseek-v4-flash
B08QTT5RKJ,attribute_fc6db98750f95668,0.9,Skin Type: All,deepseek-v4-flash
B08QTT5RKJ,attribute_962320cee0315e4d,0.9,Item Form: Pencil,deepseek-v4-flash
B08QTT5RKJ,attribute_d6f11db010f4fb38,0.9,Product Benefits: Smoothening,deepseek-v4-flash
B09CGKP8ZK,attribute_9f1b4daba4afd0f7,0.95,store: OBLHER B,deepseek-v4-flash
B09CGKP8ZK,attribute_70948989c95ee1b1,0.9,Item Form: liquid,deepseek-v4-flash
B09CGKP8ZK,attribute_83e8ef16c39f451b,0.75,title: 3Pcs,deepseek-v4-flash
B08HVB6517,attribute_d2d9eeb5c5ad0dd6,0.95,store: star soucre wigs,deepseek-v4-flash
B08HVB6517,attribute_cd744dd77d211b38,0.9,Material: Synthetic,deepseek-v4-flash
B08HVB6517,attribute_f3e02f822cf1843e,0.9,"Hair Type: Wave,Straight",deepseek-v4-flash
B08HVB6517,attribute_f03aa5d3452da917,0.65,title: black,deepseek-v4-flash
B0787FHGNR,attribute_64770429bc663c97,0.95,store: zhi yun,rules
B07FVY4ZQQ,attribute_eecc972a5c1c4fad,0.95,store: Exttlliy,rules
B07FVY4ZQQ,attribute_1b00c776edc10fad,0.65,title: clear,rules
B014F3H46A,attribute_a541fc05abd5a052,0.75,title: 12pcs,rules
B07BQZRMWL,attribute_30d685da7eb5b40a,0.95,store: Prep U ;,deepseek-v4-flash
B07BQZRMWL,attribute_fbd8936c219bb836,0.9,Skin Type: Sensitive,deepseek-v4-flash
B07BQZRMWL,attribute_fdf380a79dd7330b,0.9,"Scent: Citrus, Mint",deepseek-v4-flash
B07BQZRMWL,attribute_84ac5032da6d80a8,0.9,Item Form: Foam,deepseek-v4-flash
B07BQZRMWL,attribute_ab50a0bdd9e6c09d,0.9,Brand: Prep U,deepseek-v4-flash
B07BQZRMWL,attribute_4f46b044a403ceef,0.9,Foaming Body Wash,deepseek-v4-flash
B07BQZRMWL,attribute_251b9010f4b47957,0.9,Citrus Mint Scent,deepseek-v4-flash
B07BQZRMWL,attribute_498f0f04380dc9e5,0.8,Paraben Free,deepseek-v4-flash
B07BQZRMWL,attribute_7f407c55770ac724,0.8,All Natural,deepseek-v4-flash
B07DQ4QD6D,attribute_c44abf3a1a182a36,0.95,store: Mesaidu,deepseek-v4-flash
B07DQ4QD6D,attribute_fc6db98750f95668,0.9,Skin Type: All,deepseek-v4-flash
B07DQ4QD6D,attribute_962320cee0315e4d,0.9,Item Form: Pencil,deepseek-v4-flash
B07DQ4QD6D,attribute_7d891282373a70a6,0.9,Unit Count: 1 Count,deepseek-v4-flash
B07DQ4QD6D,attribute_4913534bac05aaa1,0.9,Eyebrow Pencil,deepseek-v4-flash
B07DQ4QD6D,attribute_797a98f2a056c931,0.9,Ash Grey,deepseek-v4-flash
B07DQ4QD6D,attribute_d54cf5e62adc1c65,0.8,Item Form: Pencil,deepseek-v4-flash
B017G9220S,attribute_b4d41f16b1203a89,0.95,store: Pure Vie,deepseek-v4-flash
B017G9220S,attribute_2ac91817c6dc2ed6,0.9,Unit Count: 1.00 Count,deepseek-v4-flash
B017G9220S,attribute_35ed26112af48670,0.9,Cream Concealer Camouflage Makeup Palette,deepseek-v4-flash
B017G9220S,attribute_d84d8a6f94b80a4e,0.9,5 Colors,deepseek-v4-flash
B017G9220S,attribute_af71680c3079f29f,0.8,Cream Concealer,deepseek-v4-flash
B07PJKS5M5,attribute_4c02e959ed444e31,0.95,store: CORABLADE,rules
B08L9ZNBKT,attribute_2fa170176b26343c,0.95,store: Patelai,deepseek-v4-flash
B08L9ZNBKT,attribute_b9390e39a8a10849,0.9,"Material: Carbon Fiber, Metal",deepseek-v4-flash
B08L9ZNBKT,attribute_3c6b220fd942dff3,0.9,Hair Type: Straight,deepseek-v4-flash
B08L9ZNBKT,attribute_2ac91817c6dc2ed6,0.9,Unit Count: 1.00 Count,deepseek-v4-flash
B08L9ZNBKT,attribute_f03aa5d3452da917,0.65,title: black,deepseek-v4-flash
B006WG0FXI,attribute_502dd4d331fc97b7,0.95,store: Samal,deepseek-v4-flash
B09BMWCYRF,attribute_45f126cd65281a1f,0.95,store: Lemoda,deepseek-v4-flash
B09BMWCYRF,attribute_0efeb815415e9186,0.9,Material: Human Hair,deepseek-v4-flash
B09BMWCYRF,attribute_b5e40193f5860fe3,0.9,Hair Type: Curly,deepseek-v4-flash
B09BMWCYRF,attribute_1ae52661010ca4f1,0.75,title: 28 inch,deepseek-v4-flash
B017FYTGJ4,attribute_b09eed1080b075a2,0.9,"Color: White, Purple",rules
B017FYTGJ4,attribute_1ab4b8ffdfec4f8f,0.65,title: white,rules
B09V4VC7BN,attribute_8e8d55e368741206,0.95,store: Morovan,deepseek-v4-flash
B09V4VC7BN,attribute_b35bc3a5a95c4178,0.9,Material: Acrylic,deepseek-v4-flash
B08CZ9XHWW,attribute_fc08e64601c309a6,0.95,store: Fshine,deepseek-v4-flash
B08CZ9XHWW,attribute_0efeb815415e9186,0.9,Material: Human Hair,deepseek-v4-flash
B08CZ9XHWW,attribute_3c6b220fd942dff3,0.9,Hair Type: Straight,deepseek-v4-flash
B08CZ9XHWW,attribute_f92d4c1ec19fcd16,0.75,title: 16inch,deepseek-v4-flash
B08CZ9XHWW,attribute_72f40f803eb5363f,0.65,title: blonde,deepseek-v4-flash
B08CZ9XHWW,attribute_2e69819f90e65698,1.0,Hair Type,deepseek-v4-flash
B08ML2TRPK,attribute_1613326a95feb44e,0.95,store: Static,deepseek-v4-flash
B08ML2TRPK,attribute_fc6db98750f95668,0.9,Skin Type: All,deepseek-v4-flash
B08ML2TRPK,attribute_962320cee0315e4d,0.9,Item Form: Pencil,deepseek-v4-flash
B08ML2TRPK,attribute_2443cfc4d30351c7,0.9,Product Benefits: Long wearing,deepseek-v4-flash
B08ML2TRPK,attribute_02ed94db9b5d9d14,1.0,Skin Type,deepseek-v4-flash
B08ML2TRPK,attribute_f11b29c23e503f70,1.0,Item Form,deepseek-v4-flash
B08ML2TRPK,attribute_dddf4fc0ebb6c3f9,1.0,Product Benefits,deepseek-v4-flash
B081J8D1YP,attribute_a328cac49a257e33,0.95,store: Bar5F,rules
B081J8D1YP,attribute_cc853181e1d73030,0.75,title: 16 oz,rules
B08T1F96CQ,attribute_023955d19b6e81ea,0.95,store: JIANHE,deepseek-v4-flash
B08T1F96CQ,attribute_fc6db98750f95668,0.9,Skin Type: All,deepseek-v4-flash
B08T1F96CQ,attribute_948cc07ce7b6aefd,0.9,Unit Count: 160.00 Count,deepseek-v4-flash
B08T1F96CQ,attribute_f26a220ca6a8f9db,0.9,75% Ethyl Alcohol,deepseek-v4-flash
B08T1F96CQ,attribute_436a5a52435e900e,0.85,"Large (7.9"" x 5.5"")",deepseek-v4-flash
B08T1F96CQ,attribute_58b82d09ed53c43c,0.95,Hand Sanitizing Wipes,deepseek-v4-flash
B08F3FMBL6,attribute_ade2617e20836e14,0.95,store: Stamped Glorious,deepseek-v4-flash
B08F3FMBL6,attribute_cd744dd77d211b38,0.9,Material: Synthetic,deepseek-v4-flash
B08F3FMBL6,attribute_5d246dfff47e340c,0.9,"Hair Type: Wavy, Curly",deepseek-v4-flash
B08F3FMBL6,attribute_41165fc243630691,0.75,title: 2PCS,deepseek-v4-flash
B08F3FMBL6,attribute_72f40f803eb5363f,0.65,title: blonde,deepseek-v4-flash
B08F3FMBL6,attribute_de79cf5066669b2a,0.9,"Hair Type Wavy, Curly",deepseek-v4-flash
B08F3FMBL6,attribute_e4e2feb04f1d820b,0.85,1050# Sandy Blonde,deepseek-v4-flash
B08F3FMBL6,attribute_531800fb87ab1c93,0.95,Messy Bun Hair Scrunchies,deepseek-v4-flash
B07SDBYKCR,attribute_70789f71935f1fbf,0.95,store: ANBALA,deepseek-v4-flash
B07SDBYKCR,attribute_703a408417ea8951,0.9,Material: Plastic,deepseek-v4-flash
B07SDBYKCR,attribute_f907d3441c6a198a,0.9,Unit Count: 12.00 Count,deepseek-v4-flash
B07SDBYKCR,attribute_614f0ec3cdaef1d7,0.9,Size: Medium,deepseek-v4-flash
B07SDBYKCR,attribute_e5e417ecec7b0a9c,0.95,Boho Headbands for Women,deepseek-v4-flash
B079SJ7ZNW,attribute_4c9f03e26ed6203b,0.95,store: Lumineux ARBrend,deepseek-v4-flash
B079SJ7ZNW,attribute_af71680c3079f29f,0.9,Item Form: Cream,deepseek-v4-flash
B079SJ7ZNW,attribute_128132a01aa4015e,0.9,Unit Count: 1.0 Ounce,deepseek-v4-flash
B07JVPF7YZ,attribute_b9d4ad3267173dd3,0.95,store: FRESHME,deepseek-v4-flash
B07JVPF7YZ,attribute_fc6db98750f95668,0.9,Skin Type: All,deepseek-v4-flash
B07JVPF7YZ,attribute_66775ae2ae3e78b4,0.9,Scent: Fresh,deepseek-v4-flash
B07JVPF7YZ,attribute_0e1a4e5f76388a64,0.9,Item Form: Pads,deepseek-v4-flash
B07JVPF7YZ,attribute_2ac91817c6dc2ed6,0.9,Unit Count: 1.00 Count,deepseek-v4-flash
B07JVPF7YZ,attribute_dade4590d7137f15,0.65,title: gold,deepseek-v4-flash
B0928PP6J6,attribute_a8b2589a47d44f6a,0.95,store: QIUTIMIY,deepseek-v4-flash
B0928PP6J6,attribute_a3e15900fc78187c,0.9,Hair Type: All,deepseek-v4-flash
B0928PP6J6,attribute_45401d5a831e02e8,0.75,title: 12 Pack,deepseek-v4-flash
B0928PP6J6,attribute_38740edce505787c,0.65,title: blue,deepseek-v4-flash
B08K8T4M29,attribute_4a710abd6a98c999,0.95,store: Zonon,rules
B08K8T4M29,attribute_f03aa5d3452da917,0.65,title: black,rules
B08FZZ1TWD,attribute_92ef11266bbbe2c9,0.95,store: Aleath,rules
B08K7MKKT2,attribute_118bc0cebfc29b4e,0.95,store: LCLHB,rules
B08K7MKKT2,attribute_03d93f48a848d5b7,0.75,title: 8 Pack,rules
B01C5K7JYM,attribute_a0f92e4defc47e1c,0.9,Item Form: Stick,deepseek-v4-flash
B01C5K7JYM,attribute_29c570e809a239bb,0.9,Unit Count: 7.3 Gram,deepseek-v4-flash
B01C5K7JYM,attribute_9a38918080a05e05,0.75,title: 7.3g,deepseek-v4-flash
B01C5K7JYM,attribute_86a317777834721c,0.9,highlighter stick,deepseek-v4-flash
B01C5K7JYM,attribute_431ff136b88279b9,0.9,Bronze in title,deepseek-v4-flash
B01C5K7JYM,attribute_af71680c3079f29f,0.9,creamy formula,deepseek-v4-flash
B01C5K7JYM,attribute_6c682f42e8a69234,0.9,stick in title and description,deepseek-v4-flash
B01C5K7JYM,attribute_34ed481c563bb732,0.9,"eyes, cheeks, lips and body",deepseek-v4-flash
B01C5K7JYM,attribute_5c3511ec2c0eea65,0.8,sheer shimmer,deepseek-v4-flash
B01C5K7JYM,attribute_e7dfe591bd9b5ede,0.8,illuminating highlighter,deepseek-v4-flash
B07WQWHBKC,attribute_4c3eda534cfcef83,0.95,store: Monitu,deepseek-v4-flash
B07WQWHBKC,attribute_b5e40193f5860fe3,0.9,Hair Type: Curly,deepseek-v4-flash
B07WQWHBKC,attribute_c56aee814ca70c14,0.75,title: 18 inch,deepseek-v4-flash
B07WQWHBKC,attribute_ca36d86058cc7472,0.9,Passion Twist Hair,deepseek-v4-flash
B07WQWHBKC,attribute_7ceb02eb4222f852,0.9,18 inch in title,deepseek-v4-flash
B07WQWHBKC,attribute_b457d9a0de7514b3,0.8,1B/30# in title,deepseek-v4-flash
B084GGP5SQ,attribute_f57469c2e703903d,0.95,store: Bella and Bear,deepseek-v4-flash
B084GGP5SQ,attribute_fbd8936c219bb836,0.9,Skin Type: Sensitive,deepseek-v4-flash
B084GGP5SQ,attribute_bdd9df81020ccae2,0.9,Scent: blueberry cobbler,deepseek-v4-flash
B084GGP5SQ,attribute_20ecf3163f110e23,0.9,Unit Count: 3.4 Ounce,deepseek-v4-flash
B084GGP5SQ,attribute_357ee5728e8a496d,0.9,Shower Jellies,deepseek-v4-flash
B084GGP5SQ,attribute_8fbb8e90dbaaaf09,0.9,Unit Count: 3.4 Ounce,deepseek-v4-flash
B095NB5MF2,attribute_05a2e34e79dc9d2a,0.95,store: Broadway Colors,deepseek-v4-flash
B095NB5MF2,attribute_fc6db98750f95668,0.9,Skin Type: All,deepseek-v4-flash
B095NB5MF2,attribute_af71680c3079f29f,0.9,Item Form: Cream,deepseek-v4-flash
B095NB5MF2,attribute_9a297b4179e01fde,0.75,title: 0.2 fl oz,deepseek-v4-flash
B08JV1CW8Z,attribute_66885ed25dfbc59d,0.95,store: WILLBOND,deepseek-v4-flash
B08JV1CW8Z,attribute_64e1b604d8fbc982,0.9,Material: Metal,deepseek-v4-flash
B08JV1CW8Z,attribute_5d246dfff47e340c,0.9,"Hair Type: Wavy, Curly",deepseek-v4-flash
B08JV1CW8Z,attribute_2ac91817c6dc2ed6,0.9,Unit Count: 1.00 Count,deepseek-v4-flash
B08JV1CW8Z,attribute_436a5a52435e900e,0.9,Size: Large,deepseek-v4-flash
B08JV1CW8Z,attribute_b96630ed250523ee,0.65,title: brown,deepseek-v4-flash
B00Z1QMMT0,attribute_1dda9a76ec950077,0.9,Brand: Christian BRETON,deepseek-v4-flash
B00Z1QMMT0,attribute_86c70f5d736aedd1,0.9,Skin Type: Dry,deepseek-v4-flash
B00Z1QMMT0,attribute_11e610d24b0771b9,0.9,Unit Count: 1.00 Fl Oz,deepseek-v4-flash
B00Z1QMMT0,attribute_b13858339d163f68,0.75,title: 4 ml,deepseek-v4-flash
B01JP2GRKA,attribute_b1e3eed29984557e,0.95,store: Oksale,rules
B09F6B5G9D,attribute_cee7bc31a598a72d,0.95,store: KAYZON,deepseek-v4-flash
B09F6B5G9D,attribute_fc6db98750f95668,0.9,Skin Type: All,deepseek-v4-flash
B09F6B5G9D,attribute_c4222ddd1f64c9da,0.9,Item Form: Wand,deepseek-v4-flash
B09F6B5G9D,attribute_ab8d5a5f6d34e639,0.9,"Material: Cotton,Plastic",deepseek-v4-flash
B09F6B5G9D,attribute_bd4cfe5b5b94e967,0.75,title: 100Pcs,deepseek-v4-flash
B08LGKQBWP,attribute_989202498a54af71,0.95,store: SNW,deepseek-v4-flash
B08LGKQBWP,attribute_dade4590d7137f15,0.65,title: gold,deepseek-v4-flash
B07YBHN4QY,attribute_1ba9f0246c2e828e,0.95,store: Lime Crime,deepseek-v4-flash
B07YBHN4QY,attribute_c02117a9988b36da,0.9,Item Form: Wet,deepseek-v4-flash
B07YBHN4QY,attribute_2e72d76bab91199c,0.75,title: 0.1 fl oz,deepseek-v4-flash
B0B2P2LJ7Q,attribute_b0073a4676922f35,0.95,store: RuuKarm,deepseek-v4-flash
B0B2P2LJ7Q,attribute_2ac91817c6dc2ed6,0.9,Unit Count: 1.00 Count,deepseek-v4-flash
B0B2P2LJ7Q,attribute_e245ac0649f8ea22,0.75,title: 17 Pcs,deepseek-v4-flash
B07G9QDLHR,attribute_e814df2ac3e883bc,0.9,Skin Type: Acne-Prone,deepseek-v4-flash
B07G9QDLHR,attribute_743ac42c23090844,0.9,Scent: Honey,deepseek-v4-flash
B07G9QDLHR,attribute_da84be739250c281,0.9,Item Form: Sheet,deepseek-v4-flash
B00V94Y21E,attribute_9dd33a00be2b0bf0,0.95,store: David Douglas Skin Care,deepseek-v4-flash
B00V94Y21E,attribute_8b62c99bc0311d1b,0.9,Skin Type: Mature,deepseek-v4-flash
B00V94Y21E,attribute_af71680c3079f29f,0.9,Item Form: Cream,deepseek-v4-flash
B00V94Y21E,attribute_2ac91817c6dc2ed6,0.9,Unit Count: 1.00 Count,deepseek-v4-flash
B00V94Y21E,attribute_7719082874f3ceb0,0.75,title: 0.5oz,deepseek-v4-flash
B07FKB1LRD,attribute_740f5f5402776dc5,0.75,title: 32 pcs,rules
B0087S2AE6,attribute_ea64b4e37639d4d5,0.95,store: Hair By MissTresses,rules
B0087S2AE6,attribute_b96630ed250523ee,0.65,title: brown,rules
B006B6O55I,attribute_f226f1bcd2543199,0.95,store: It's A Black Thang,deepseek-v4-flash
B006B6O55I,attribute_8719400aec8afcb6,0.9,Item Form: Wax,deepseek-v4-flash
B006B6O55I,attribute_82a45d3b89b32059,0.9,"Product Benefits: Frizz Control, High Gloss, Conditioning, Hydrating, Moisturizing",deepseek-v4-flash
B006B6O55I,attribute_2ac91817c6dc2ed6,0.9,Unit Count: 1.00 Count,deepseek-v4-flash
B006B6O55I,attribute_1c00e22688efd030,0.75,title: 4 oz,deepseek-v4-flash
B006B6O55I,attribute_f03aa5d3452da917,0.65,title: black,deepseek-v4-flash
B006B6O55I,attribute_0b73e532510e24c6,1.0,Wax,deepseek-v4-flash
B006B6O55I,attribute_67a6eabd929f9e38,1.0,"Frizz Control, High Gloss, Conditioning, Hydrating, Moisturizing",deepseek-v4-flash
B082245PK2,attribute_87e69b7943aaa245,0.95,store: Vaultz,deepseek-v4-flash
B082245PK2,attribute_1ab4b8ffdfec4f8f,0.65,title: white,deepseek-v4-flash
B082245PK2,attribute_8083397ab72a54f5,1.0,Locking Makeup Artist Case,deepseek-v4-flash
B082245PK2,attribute_2391a149d32064ff,1.0,Black White Stripe,deepseek-v4-flash
B082245PK2,attribute_e5efcfc1b268cc0a,0.9,Built-in 14 brush holder in lid with cover; Customize space with 5 adjustable dividers; Sturdy key lock; Hard-sided construction,deepseek-v4-flash
B07RSJXHVW,attribute_663b2b0f01c26900,0.95,store: SIQUK,deepseek-v4-flash
B07RSJXHVW,attribute_d897e8f9b0651009,0.9,Item Form: Ribbon,deepseek-v4-flash
B07RSJXHVW,attribute_703a408417ea8951,0.9,Material: Plastic,deepseek-v4-flash
B07RSJXHVW,attribute_38ba03062096518c,0.9,Unit Count: 10.00 Count,deepseek-v4-flash
B07RSJXHVW,attribute_ad04ee9c40543364,1.0,Knot Headband Turban Headbands,deepseek-v4-flash
B07RSJXHVW,attribute_8b42d8d40ba47249,1.0,Ribbon,deepseek-v4-flash
B07RSJXHVW,attribute_7f166061c9c97495,1.0,10.00 Count,deepseek-v4-flash
B01AY5GS7E,attribute_efce850f60288e69,0.95,store: Gucci,rules
B09TQK8GRH,attribute_4fd60813340a88e4,0.95,store: kossys,deepseek-v4-flash
B09TQK8GRH,attribute_cd744dd77d211b38,0.9,Material: Synthetic,deepseek-v4-flash
B09TQK8GRH,attribute_f5014e73afcc8131,0.9,Hair Type: Wavy,deepseek-v4-flash
B09TQK8GRH,attribute_01158f69d511115d,0.75,title: 32 Inch,deepseek-v4-flash
B09TQK8GRH,attribute_f03aa5d3452da917,0.65,title: black,deepseek-v4-flash
B09CKY1C1S,attribute_8a840743be33f6d1,0.95,store: Gracfulcub,deepseek-v4-flash
B09CKY1C1S,attribute_86c70f5d736aedd1,0.9,Skin Type: Dry,deepseek-v4-flash
B09CKY1C1S,attribute_8e02756116129832,0.9,"Product Benefits: Softening,Massage,Massaging,Detox,Pores,Exfoliating,Relief From,Blood Circulation",deepseek-v4-flash
B09PVNW774,attribute_c4536a17cd0e895a,0.95,store: Generic,deepseek-v4-flash
B09PVNW774,attribute_36e304eb5623f7a9,0.9,"Scent: Mint, Coconut",deepseek-v4-flash
B09PVNW774,attribute_a93e351d8236423c,0.9,Unit Count: 2.60 Ounce,deepseek-v4-flash
B09PVNW774,attribute_ffc48dcc3d2619ea,0.75,title: 2.65 oz,deepseek-v4-flash
B00KJSAW1K,attribute_1c00e22688efd030,0.75,title: 4 oz,rules
B085HBB4DD,attribute_8837effe8e3ba566,0.95,store: Glamlily,rules
B07MM3ZDKL,attribute_9c9d9eadb3298777,0.75,title: 24 inch,rules
B07MM3ZDKL,attribute_f03aa5d3452da917,0.65,title: black,rules
B086LJJ53J,attribute_7f9d8a28f65836df,0.95,store: PRETTY FRANK,deepseek-v4-flash
B086LJJ53J,attribute_87d439f77ead5660,0.9,"Scent: Lime, Coconut",deepseek-v4-flash
B086LJJ53J,attribute_c301b5888660fbbb,0.9,Item Form: Powder,deepseek-v4-flash
B086LJJ53J,attribute_484223707c2b88ac,0.9,Unit Count: 2.7 Ounce,deepseek-v4-flash
B01IA99W2E,attribute_981bb83a3d2645e4,0.95,store: AXE,deepseek-v4-flash
B01IA99W2E,attribute_04bafd83548381d1,0.9,Item Form: Spray,deepseek-v4-flash
B01IA99W2E,attribute_47002cdf198a4b2d,0.9,Unit Count: 32 Fl Oz,deepseek-v4-flash
B01IA99W2E,attribute_1c00e22688efd030,0.75,title: 4 oz,deepseek-v4-flash
B07T93XK29,attribute_a5545a637ee66bf5,0.95,store: KISS LIPGLOSS,deepseek-v4-flash
B07T93XK29,attribute_fc6db98750f95668,0.9,Skin Type: All,deepseek-v4-flash
B07T93XK29,attribute_42f2ef53eef1b341,0.9,Item Form: Gel,deepseek-v4-flash
B07T93XK29,attribute_cafc6d7512159586,0.9,Product Benefits: Shine,deepseek-v4-flash
B07T93XK29,attribute_c6778fdfc3975644,0.75,title: 6 PACK,deepseek-v4-flash
B07DVG18X9,attribute_378b795c1cfb43bb,0.95,store: Benehair,deepseek-v4-flash
B07DVG18X9,attribute_0efeb815415e9186,0.9,Material: Human Hair,deepseek-v4-flash
B07DVG18X9,attribute_3c6b220fd942dff3,0.9,Hair Type: Straight,deepseek-v4-flash
B07DVG18X9,attribute_003fa00e3406d5a6,0.75,title: 20pcs,deepseek-v4-flash
B07DVG18X9,attribute_b96630ed250523ee,0.65,title: brown,deepseek-v4-flash
B08BF4BKKM,attribute_9a0cd354f004a335,0.95,store: Golden Gift Box,deepseek-v4-flash
B08BF4BKKM,attribute_fc6db98750f95668,0.9,Skin Type: All,deepseek-v4-flash
B08BF4BKKM,attribute_1d04b26c0cd9d3c1,0.9,Item Form: Wipes,deepseek-v4-flash
B08BF4BKKM,attribute_2ac91817c6dc2ed6,0.9,Unit Count: 1.00 Count,deepseek-v4-flash
B00FA2XPY6,attribute_794801b1361498e4,0.9,Product Benefits: Long Lasting,deepseek-v4-flash
B00FA2XPY6,attribute_7d891282373a70a6,0.9,Unit Count: 1 Count,deepseek-v4-flash
B07X2Z26NH,attribute_96816127523e1aa0,0.95,store: Fa,deepseek-v4-flash
B07X2Z26NH,attribute_f56d13e178dff7de,0.9,Scent: pink passion,deepseek-v4-flash
B07X2Z26NH,attribute_04bafd83548381d1,0.9,Item Form: spray,deepseek-v4-flash
B07X2Z26NH,attribute_54725ff5cde9a020,0.9,Unit Count: 6.75 Fl Oz,deepseek-v4-flash
B07X2Z26NH,attribute_03bec4e5c89d9f26,0.75,title: 6.75 Ounce,deepseek-v4-flash
B07X2Z26NH,attribute_2f222083c2390ce0,0.65,title: pink,deepseek-v4-flash
B07X2Z26NH,attribute_71592498dcb7ce61,0.9,Item Form: spray,deepseek-v4-flash
B09C4JV3XD,attribute_bb4dbd451380cd86,0.95,store: LKAN,deepseek-v4-flash
B09C4JV3XD,attribute_af71680c3079f29f,0.9,Item Form: Cream,deepseek-v4-flash
B09C4JV3XD,attribute_2ac91817c6dc2ed6,0.9,Unit Count: 1.00 Count,deepseek-v4-flash
B09C4JV3XD,attribute_b96630ed250523ee,0.65,title: brown,deepseek-v4-flash
B09C4JV3XD,attribute_7d891282373a70a6,0.9,Unit Count: 1.00 Count,deepseek-v4-flash
B09C4JV3XD,attribute_3228ceff65978895,0.9,Title: Eyebrow Stamp Stencil Kit,deepseek-v4-flash
B09C4JV3XD,attribute_e872a279378b5261,0.9,Title: Eyebrow Stamp Stencil Kit,deepseek-v4-flash
B0895DP1BJ,attribute_1b6f55cb2b14e6c7,0.95,store: Nerium,deepseek-v4-flash
B0895DP1BJ,attribute_af71680c3079f29f,0.9,Item Form: Cream,deepseek-v4-flash
B0895DP1BJ,attribute_d6173082d82ec8f7,0.9,Unit Count: 2 Fl Oz,deepseek-v4-flash
B0895DP1BJ,attribute_4976895217b2645e,0.75,title: 30 mL,deepseek-v4-flash
B0895DP1BJ,attribute_6b4ffad0d74c412a,0.9,Title: Age Defying Day Cream & Night Cream Combo,deepseek-v4-flash
B0895DP1BJ,attribute_1f82f1b0604c9533,0.85,Description: anti-aging and Age-Defying,deepseek-v4-flash
B07CX63S81,attribute_73a48f0938ee8566,0.75,title: 4 inches,rules
B087N2TD86,attribute_b1ff9acc49efb41c,0.95,store: TOODOO,deepseek-v4-flash
B087N2TD86,attribute_703a408417ea8951,0.9,Material: Plastic,deepseek-v4-flash
B087N2TD86,attribute_d15e85510b0cdbed,0.9,"Hair Type: All, dry",deepseek-v4-flash
B087N2TD86,attribute_33fd5b94b2446699,0.9,Unit Count: 24.00 Count,deepseek-v4-flash
B087N2TD86,attribute_2f222083c2390ce0,0.65,title: pink,deepseek-v4-flash
B087N2TD86,attribute_f518f01f4932c374,1.0,"Hair Type: All, dry",deepseek-v4-flash
B087N2TD86,attribute_10a5f3741cc71fd4,1.0,Unit Count: 24.00 Count,deepseek-v4-flash
B087N2TD86,attribute_4d762752b01a459d,0.8,No Crease Hair Clips,deepseek-v4-flash
B087N2TD86,attribute_f03aa5d3452da917,0.9,"Black, Pink, Blue, Yellow",deepseek-v4-flash
B087N2TD86,attribute_38740edce505787c,0.9,"Black, Pink, Blue, Yellow",deepseek-v4-flash
B087N2TD86,attribute_6db870dcbcc7eb3f,0.9,"Black, Pink, Blue, Yellow",deepseek-v4-flash
B01NBJU3A5,attribute_c3bb5828b4ca59bd,0.95,store: Diabetaid,deepseek-v4-flash
B01NBJU3A5,attribute_cae5d609508b8082,0.9,Item Form: Lotion,deepseek-v4-flash
B01NBJU3A5,attribute_9c9e66d08f8dc40c,0.9,Unit Count: 4 Ounce,deepseek-v4-flash
B01NBJU3A5,attribute_ea10649c0ea49a87,1.0,Item Form: Lotion,deepseek-v4-flash
B01NBJU3A5,attribute_499682e1f4d78c2c,0.9,Pain and Tingling Relief Lotion,deepseek-v4-flash
B01NBJU3A5,attribute_aaa7e2261c1ae095,0.9,Pain and Tingling Relief Lotion,deepseek-v4-flash
B00LVFPL0W,attribute_269146175776afeb,0.95,store: Kate,deepseek-v4-flash
B00LVFPL0W,attribute_fc6db98750f95668,0.9,Skin Type: All,deepseek-v4-flash
B00LVFPL0W,attribute_b96630ed250523ee,0.65,title: brown,deepseek-v4-flash
B00LVFPL0W,attribute_ba53bc2e43d73cfb,0.8,Title: Brown Shade Eyes,deepseek-v4-flash
B00LVFPL0W,attribute_02ed94db9b5d9d14,1.0,Skin Type: All,deepseek-v4-flash
B00LVFPL0W,attribute_2f150fe2233c9634,0.9,Title: Eyes,deepseek-v4-flash
B00UVXAG50,attribute_2cf28be01478e7a4,0.95,store: Color Club,rules
B00VINQMIC,attribute_fb838b526d5468bd,0.95,store: NUGG,deepseek-v4-flash
B00VINQMIC,attribute_211676754e0c90ba,0.9,Scent: Hydrating,deepseek-v4-flash
B00VINQMIC,attribute_e2c6e3303fab4072,0.9,Unit Count: 2.0 Fl Oz,deepseek-v4-flash
B00VINQMIC,attribute_0164ff413eaa671b,0.75,title: 0.33 fl.oz,deepseek-v4-flash
B07DGKQWSB,attribute_e5296242cd9db3f6,0.95,store: CHELLY,deepseek-v4-flash
B07DGKQWSB,attribute_1107ce43ebbc8fd2,0.9,Scent: Floral Bouquet & Moetberry,deepseek-v4-flash
B07DGKQWSB,attribute_af71680c3079f29f,0.9,Item Form: Cream,deepseek-v4-flash
B07DGKQWSB,attribute_2b77f13bdb4e3e9e,0.9,Hair Type: Dry,deepseek-v4-flash
B07DGKQWSB,attribute_76d49a1a04fb5fcf,0.75,title: 16 fl oz,deepseek-v4-flash
B08KHCMCFW,attribute_02379394a627ca46,0.95,store: Saints & Sinners,deepseek-v4-flash
B08KHCMCFW,attribute_af71680c3079f29f,0.9,Item Form: Cream,deepseek-v4-flash
B08KHCMCFW,attribute_b86a40614c32ff01,0.9,"Product Benefits: Smoothening,Shine,Moisturizing,Nourishing,Repairing,Replenishing",deepseek-v4-flash
B08KHCMCFW,attribute_471c264c14e50cf0,0.9,"Hair Type: All, Coarse, Curly, Dry, Chemically Treated, Damaged",deepseek-v4-flash
B08KHCMCFW,attribute_c2ce763854c4f551,0.75,title: 25.4 oz,deepseek-v4-flash
B07P6RGTHL,attribute_2acbe2435e4b8af2,0.95,store: Desert Wink,deepseek-v4-flash
B07P6RGTHL,attribute_390f5d83f4152dfe,0.9,"Material: Silicone, Rose",deepseek-v4-flash
B07P6RGTHL,attribute_294e7b63e8a27ccd,0.95,Rose Quartz Roller and Gua Sha Facial Tool,deepseek-v4-flash
B07P6RGTHL,attribute_67cea175404ec3f9,0.95,"authentic natural, real and pure rose quartz",deepseek-v4-flash
B07P6RGTHL,attribute_5312ae6fb6fa533a,0.8,silicone inserts,deepseek-v4-flash
B07P6RGTHL,attribute_1f82f1b0604c9533,0.9,Anti Aging,deepseek-v4-flash
B07P6RGTHL,attribute_cc1657b0a72c1a2a,0.9,depuffing properties,deepseek-v4-flash
B07P6RGTHL,attribute_f1938414e04389fa,0.95,facial massage,deepseek-v4-flash
B07P6RGTHL,attribute_a2767fa21203d2f2,0.8,encourage lymphatic drainage,deepseek-v4-flash
B009TCXBWY,attribute_1ce96c65ed398104,0.95,store: Versace,deepseek-v4-flash
B009TCXBWY,attribute_04bafd83548381d1,0.9,Item Form: Spray,deepseek-v4-flash
B009TCXBWY,attribute_d7b531d83ba03f81,0.75,title: 90Ml,deepseek-v4-flash
B009TCXBWY,attribute_96d9328f52d10ba5,1.0,Eau De Toilette Spray,deepseek-v4-flash
B009TCXBWY,attribute_571e4ae47b2c9521,0.95,Sweet Floral Scent,deepseek-v4-flash
B009TCXBWY,attribute_b89bdbcfd5bc7194,0.9,Fruity,deepseek-v4-flash
B009TCXBWY,attribute_28df3139ac646d1d,0.85,Musky Accents,deepseek-v4-flash
B009TCXBWY,attribute_34c0fe45bb3471d7,1.0,90Ml/3Oz,deepseek-v4-flash
B08SLVT3TF,attribute_47c3ab1068aafc7e,0.95,store: YOCYTU,deepseek-v4-flash
B08SLVT3TF,attribute_0efeb815415e9186,0.9,Material: Human Hair,deepseek-v4-flash
B08SLVT3TF,attribute_f03aa5d3452da917,0.9,Color: Black,deepseek-v4-flash
B08SLVT3TF,attribute_f5014e73afcc8131,0.9,Hair Type: Wavy,deepseek-v4-flash
B08SLVT3TF,attribute_72c03897089fab29,1.0,Brazilian Body Wave Bundles,deepseek-v4-flash
B08SLVT3TF,attribute_a99809c796ba2b76,1.0,100% Virgin Human Hair,deepseek-v4-flash
B08SLVT3TF,attribute_c633b0a339252bcb,1.0,Natural Black,deepseek-v4-flash
B08SLVT3TF,attribute_24cf88a97345a072,0.9,24 26 28,deepseek-v4-flash
B00CM0WHXY,attribute_933d64608e78a0f7,0.95,store: L.A. COLORS,deepseek-v4-flash
B00CM0WHXY,attribute_fc6db98750f95668,0.9,Skin Type: All,deepseek-v4-flash
B00CM0WHXY,attribute_a0f92e4defc47e1c,0.9,Item Form: Stick,deepseek-v4-flash
B01MSM2ZHV,attribute_06371d0eb3a42d40,0.95,store: OGX,deepseek-v4-flash
B01MSM2ZHV,attribute_1dffaa257c5c9706,0.9,Item Form: Oil,deepseek-v4-flash
B01MSM2ZHV,attribute_a3550e3ab291761d,0.9,Hair Type: Color Treated,deepseek-v4-flash
B01MSM2ZHV,attribute_9c9e66d08f8dc40c,0.75,title: 4 Ounce,deepseek-v4-flash
B07GQZF21N,attribute_fde1ae5f2a9537ad,0.95,store: LULU FLOWER,deepseek-v4-flash
B07GQZF21N,attribute_36f74301bbc386c1,0.9,Product Benefits: Relieve Stress,deepseek-v4-flash
B07GQZF21N,attribute_aec42178d5dc2398,0.9,"Hair Type: All, Wavy, Curly, Thick, Thin, Straight",deepseek-v4-flash
B07GQZF21N,attribute_2ac91817c6dc2ed6,0.9,Unit Count: 1.00 Count,deepseek-v4-flash
B00V4AJXT4,attribute_d25025c0363f25ed,0.75,title: 8pack,rules
B00WAJB7CY,attribute_9bdf756cb91995e6,0.95,store: e.l.f.,rules
B00WAJB7CY,attribute_d8bd992c1073c0f8,0.75,title: 1 Pack,rules
B00WAJB7CY,attribute_b96630ed250523ee,0.65,title: brown,rules
B00286WV1U,attribute_a4c265a971f77c95,0.95,store: Organic Complexion,deepseek-v4-flash
B00286WV1U,attribute_7d891282373a70a6,0.9,Unit Count: 1 Count,deepseek-v4-flash
B00T2GO45A,attribute_13db5654820836fc,0.95,store: Elandy,deepseek-v4-flash
B00T2GO45A,attribute_aec81315211a4066,0.9,Unit Count: 3.5274 Ounce,deepseek-v4-flash
B00T2GO45A,attribute_b96630ed250523ee,0.65,title: brown,deepseek-v4-flash
B00ODGNIOC,attribute_678147b40d7d5d90,0.95,store: Heidi & Oak Natural Labs,deepseek-v4-flash
B00ODGNIOC,attribute_bd2ecbb08d6a2cc9,0.75,title: 1 Fl.Oz,deepseek-v4-flash
B07Q7ZGCT3,attribute_b8c8496b8e182c5f,0.95,store: ROYADVE,rules
B09CG824DC,attribute_29c7c7d4b1dad951,0.95,store: Tioolioo,deepseek-v4-flash
B09CG824DC,attribute_cd744dd77d211b38,0.9,Material: Synthetic,deepseek-v4-flash
B09CG824DC,attribute_3c6b220fd942dff3,0.9,Hair Type: Straight,deepseek-v4-flash
B09CG824DC,attribute_c2364ab92487a038,0.75,title: 8 Inch,deepseek-v4-flash
B09CG824DC,attribute_f03aa5d3452da917,0.65,title: black,deepseek-v4-flash
B09WZPXQF8,attribute_2b3cd707e106e41b,0.95,store: Cilusar,deepseek-v4-flash
B09WZPXQF8,attribute_82ba0c1e8849a1c4,0.9,"Product Benefits: Smoothening,Detangle,Breakage",deepseek-v4-flash
B09WZPXQF8,attribute_dade4590d7137f15,0.9,Color: Gold,deepseek-v4-flash
B09WZPXQF8,attribute_e0010c7b89f6793a,0.75,title: 6 Pcs,deepseek-v4-flash
B0BDYXW42R,attribute_73bfec65e0ffb3f9,0.95,store: Loanzeg,deepseek-v4-flash
B0BDYXW42R,attribute_a40817a7f6ffbe50,0.9,Item Form: Scrunchie,deepseek-v4-flash
B0BDYXW42R,attribute_26538b1d8cc1952c,0.9,Material: Satin,deepseek-v4-flash
B0BDYXW42R,attribute_908f1cec52fba23a,0.9,Color: 12pcs Sage Green,deepseek-v4-flash
B0BDYXW42R,attribute_ac4605154454ca88,0.9,Hair Type: Sage,deepseek-v4-flash
B0BDYXW42R,attribute_a541fc05abd5a052,0.75,title: 12pcs,deepseek-v4-flash
B0BDYXW42R,attribute_f86654b7149035ea,0.65,title: green,deepseek-v4-flash
B01IADYG4E,attribute_e88de59d5a687585,0.95,store: FREEMAN,deepseek-v4-flash
B01IADYG4E,attribute_3fc21992a4f08219,0.9,Item Form: Clay,deepseek-v4-flash
B01IADYG4E,attribute_3eaffc63d838908d,0.9,Product Benefits: Detoxifying,deepseek-v4-flash
B01IADYG4E,attribute_320c95d539518c2e,0.9,Unit Count: 2.00 Count,deepseek-v4-flash
B01IADYG4E,attribute_55774c5f29f3f538,0.75,title: 6 oz,deepseek-v4-flash
B08F9XLRCK,attribute_2c383c5daa7427f3,0.95,store: Liang Dian,deepseek-v4-flash
B08F9XLRCK,attribute_c0c134b73c670c3d,0.9,"Hair Type: Curly,wavy",deepseek-v4-flash
B08F9XLRCK,attribute_9c9d9eadb3298777,0.75,title: 24 Inch,deepseek-v4-flash
B08F9XLRCK,attribute_f03aa5d3452da917,0.65,title: black,deepseek-v4-flash
B01NCY6667,attribute_cda88eece1915acd,0.95,store: 5AM,deepseek-v4-flash
B01NCY6667,attribute_1dffaa257c5c9706,0.9,Item Form: Oil,deepseek-v4-flash
B01NCY6667,attribute_11e610d24b0771b9,0.9,Unit Count: 1.00 Fl Oz,deepseek-v4-flash
B01NCY6667,attribute_ccd0b7ade1e1dd30,0.75,title: 1oz,deepseek-v4-flash
B097G5V76Z,attribute_60b941ea2d593008,0.95,store: Sadapack,deepseek-v4-flash
B097G5V76Z,attribute_fc6db98750f95668,0.9,Skin Type: All,deepseek-v4-flash
B097G5V76Z,attribute_42f2ef53eef1b341,0.9,Item Form: Gel,deepseek-v4-flash
B097G5V76Z,attribute_cc11cd1389d2fe99,0.75,title: 500ML,deepseek-v4-flash
B097G5V76Z,attribute_38740edce505787c,0.65,title: blue,deepseek-v4-flash
B097G5V76Z,attribute_02ed94db9b5d9d14,1.0,Skin Type All,deepseek-v4-flash
B097G5V76Z,attribute_80c60fa91846f217,1.0,Item Form Gel,deepseek-v4-flash
B097G5V76Z,attribute_31e2e247760fe30f,0.8,ELEGANCE SHAVING GEL - EARTH,deepseek-v4-flash
B097G5V76Z,attribute_7cdff79b73fef2e7,1.0,ELEGANCE SHAVING GEL,deepseek-v4-flash
B08P4GDXYR,attribute_4b4e39b65eddea9a,0.95,store: ALI MODA,deepseek-v4-flash
B08P4GDXYR,attribute_0efeb815415e9186,0.9,Material: Human Hair,deepseek-v4-flash
B08P4GDXYR,attribute_f5014e73afcc8131,0.9,Hair Type: Wavy,deepseek-v4-flash
B08P4GDXYR,attribute_fa25d6072876a8ad,1.0,Hair Type Wavy,deepseek-v4-flash
B08P4GDXYR,attribute_d7ccb96e393401eb,1.0,Brazilian Water Wave 10A Hair 3 Bundles With 4x4 Free Part Lace Closure 100% Unprocessed Human Hair Extensions,deepseek-v4-flash
B07B8Q9WHS,attribute_039d4a083bd09224,0.95,store: Bath & Body Works,deepseek-v4-flash
B07B8Q9WHS,attribute_2ac91817c6dc2ed6,0.9,Unit Count: 1.00 Count,deepseek-v4-flash
B07B8Q9WHS,attribute_513ceb3603fac7a5,1.0,Body Cream and Fine Fragrance Mist Full Size,deepseek-v4-flash
B07B8Q9WHS,attribute_584330506097c7be,0.9,MOONSTONE Set,deepseek-v4-flash
B096MDRY16,attribute_73f834545682d016,0.95,store: Clover Leaf,deepseek-v4-flash
B096MDRY16,attribute_0efeb815415e9186,0.9,Material: Human Hair,deepseek-v4-flash
B096MDRY16,attribute_c0c134b73c670c3d,0.9,"Hair Type: Curly,Wavy",deepseek-v4-flash
B096MDRY16,attribute_f03aa5d3452da917,0.65,title: black,deepseek-v4-flash
B000N2YZQK,attribute_962320cee0315e4d,0.9,Item Form: Pencil,deepseek-v4-flash
B000N2YZQK,attribute_12693e6230ff6ca8,0.9,Color: Dark Brown,deepseek-v4-flash
B000N2YZQK,attribute_b96630ed250523ee,0.65,title: brown,deepseek-v4-flash
B08YN4JBM7,attribute_4273d03f49b40865,0.95,store: Cosswe,deepseek-v4-flash
B08YN4JBM7,attribute_ed3f78978686a94f,0.9,Material: Paper,deepseek-v4-flash
B08YN4JBM7,attribute_4552b75c31945e62,0.9,"Color: Assorted,gold",deepseek-v4-flash
B08YN4JBM7,attribute_2ac91817c6dc2ed6,0.9,Unit Count: 1.00 count,deepseek-v4-flash
B08YN4JBM7,attribute_dade4590d7137f15,0.65,title: gold,deepseek-v4-flash
B088H4N7SM,attribute_e10fce8e2048eeb2,0.95,store: RUNATURE,deepseek-v4-flash
B088H4N7SM,attribute_0efeb815415e9186,0.9,Material: Human Hair,deepseek-v4-flash
B088H4N7SM,attribute_3c6b220fd942dff3,0.9,Hair Type: Straight,deepseek-v4-flash
B088H4N7SM,attribute_a8d80fb2270ca2ab,0.75,title: 100g,deepseek-v4-flash
B088H4N7SM,attribute_72f40f803eb5363f,0.65,title: blonde,deepseek-v4-flash
B088H4N7SM,attribute_2e69819f90e65698,1.0,Hair Type,deepseek-v4-flash
B088H4N7SM,attribute_217049fabd1011c7,0.9,title,deepseek-v4-flash
B088H4N7SM,attribute_13f4654a277dee98,0.9,title,deepseek-v4-flash
B088H4N7SM,attribute_3d72a0d84cbe30ec,0.9,title,deepseek-v4-flash
B088H4N7SM,attribute_9524434a406f8521,0.8,title,deepseek-v4-flash
B086P9HY2K,attribute_b3c791f0a972de41,0.95,store: DAN NING,deepseek-v4-flash
B086P9HY2K,attribute_5be4242384334f79,0.9,"Material: Human Hair, Synthetic",deepseek-v4-flash
B086P9HY2K,attribute_3c6b220fd942dff3,0.9,Hair Type: Straight,deepseek-v4-flash
B086P9HY2K,attribute_2e69819f90e65698,1.0,Hair Type,deepseek-v4-flash
B086P9HY2K,attribute_ccaaef6f2d473c68,0.9,title,deepseek-v4-flash
B086P9HY2K,attribute_a176e953339c1401,0.7,title,deepseek-v4-flash
B086P9HY2K,attribute_7a6460a4370de485,0.8,title,deepseek-v4-flash
B086P9HY2K,attribute_b803530e83bec82a,0.9,title,deepseek-v4-flash
B086P9HY2K,attribute_8b77d98c07d821d5,0.7,title,deepseek-v4-flash
B086P9HY2K,attribute_543e7000732f3755,0.8,title,deepseek-v4-flash
B08HYGLL6K,attribute_9e2ba312b0e31ad4,0.95,store: “N/A”,deepseek-v4-flash
B08HYGLL6K,attribute_cd744dd77d211b38,0.9,Material: Synthetic,deepseek-v4-flash
B08HYGLL6K,attribute_1c33aee10d8d4df0,0.9,Color: S3-009,deepseek-v4-flash
B08HYGLL6K,attribute_3c6b220fd942dff3,0.9,Hair Type: Straight,deepseek-v4-flash
B08HYGLL6K,attribute_89ad30dca8d83d67,0.75,title: 24 Inches,deepseek-v4-flash
B08HYGLL6K,attribute_da5b201400b07083,0.9,title,deepseek-v4-flash
B08HYGLL6K,attribute_fd21fac19ae84bc3,0.8,feature,deepseek-v4-flash
B08HYGLL6K,attribute_2e69819f90e65698,1.0,Hair Type,deepseek-v4-flash
B08HYGLL6K,attribute_ccaaef6f2d473c68,0.8,title,deepseek-v4-flash
B08HYGLL6K,attribute_1de5dcaabe6a3058,0.9,title,deepseek-v4-flash
B08HYGLL6K,attribute_8c57c491247f9428,0.9,title,deepseek-v4-flash
B08HYGLL6K,attribute_4d161542a32a6a3e,0.9,title,deepseek-v4-flash
B08HYGLL6K,attribute_179093f6033a2557,0.9,title,deepseek-v4-flash
B08HYGLL6K,attribute_e64a549250f50b1c,0.7,feature,deepseek-v4-flash
B08HYGLL6K,attribute_f3522acfd54520d4,0.7,feature,deepseek-v4-flash
B08HYGLL6K,attribute_e6aeaa8067127a85,0.7,feature,deepseek-v4-flash
B08HYGLL6K,attribute_9abe5ce134563374,0.7,feature,deepseek-v4-flash
B07GDLSXZ2,attribute_704ce575c7dfd18a,0.95,store: Jane Cosmetics,rules
B07GDLSXZ2,attribute_1ab4b8ffdfec4f8f,0.65,title: white,rules
B07NM66B1M,attribute_2bb6d4304613c9f1,0.95,store: Greenford,rules
B07NM66B1M,attribute_a991997ec241e6c7,0.75,title: 10Pcs,rules
B07NM66B1M,attribute_5c7e38781ffcc3cd,0.65,title: purple,rules
B09NTWK61L,attribute_b2ad921b5539f105,0.95,store: Pcineio,rules
B07JB553ZB,attribute_a94ecb7168d63e9c,0.95,store: PERFEHAIR,deepseek-v4-flash
B07JB553ZB,attribute_0aad32830a89bc1c,0.95,Made from soft nylon material,deepseek-v4-flash
B07JB553ZB,attribute_ac6824c4fc823720,0.95,Grey Hairdresser Grooming Smock,deepseek-v4-flash
B07JB553ZB,attribute_393e14680239caf5,0.95,"L size- Bust 55""- Hip 50""- Total Length 37 """,deepseek-v4-flash
B07JB553ZB,attribute_5db54fa1b1ff8770,0.9,Water-repellent,deepseek-v4-flash
B07JB553ZB,attribute_dc7d60e8e4f7af45,0.9,Anti-static,deepseek-v4-flash
B07JB553ZB,attribute_2c54d6b9b2f5dd46,0.9,6 easy snap closures on the front,deepseek-v4-flash
B07JB553ZB,attribute_6c33429f844bc651,0.9,Two large front pockets,deepseek-v4-flash
B07JB553ZB,attribute_3c909b733b325d78,0.9,"Great for dog groomer, hair stylist, nail technician, esthetician, massage therapist",deepseek-v4-flash
B01CQ1KPCS,attribute_e04bb14fc4e1ed8e,0.95,store: Yves Rocher,deepseek-v4-flash
B01CQ1KPCS,attribute_90699ed9ee6c48c5,0.9,"Scent: Coconut, Aloe Vera",deepseek-v4-flash
B01CQ1KPCS,attribute_42f2ef53eef1b341,0.9,Item Form: Gel,deepseek-v4-flash
B01CQ1KPCS,attribute_02f040c2cc10b920,0.75,title: 200 ml,deepseek-v4-flash
B01CQ1KPCS,attribute_10afa125418f089a,0.95,Hair and Body Wash,deepseek-v4-flash
B01CQ1KPCS,attribute_82fa447aec5f55d9,0.95,Item Form: Gel,deepseek-v4-flash
B01CQ1KPCS,attribute_1cdb5da85ad58f6c,0.95,200 ml./ 6.7 fl.oz.,deepseek-v4-flash
B01CQ1KPCS,attribute_47cae1c6e4e0a8de,0.85,Monoi de Tahiti that is AOC certified,deepseek-v4-flash
B01LY9NKOX,attribute_70948989c95ee1b1,0.9,Item Form: Liquid,deepseek-v4-flash
B01LY9NKOX,attribute_2ac91817c6dc2ed6,0.9,Unit Count: 1.00 Count,deepseek-v4-flash
B01LY9NKOX,attribute_71b59161935e6c08,0.75,title: 0.5 Fl Oz,deepseek-v4-flash
B01LY9NKOX,attribute_bd18c53b3446691f,0.95,Sinful Colors Denim & Bling Kylie Jenner Nail Polish,deepseek-v4-flash
B01LY9NKOX,attribute_b61df538f85794b5,0.95,#2102 - After Dark (Grey Metallic),deepseek-v4-flash
B01LY9NKOX,attribute_68249358eb428e5e,0.95,Nail Polish,deepseek-v4-flash
B01LY9NKOX,attribute_08292f4cddc577a9,0.9,Grey Metallic,deepseek-v4-flash
B01LY9NKOX,attribute_7aa45997652230ec,0.95,0.5 Fl Oz,deepseek-v4-flash
B07PQX1S3C,attribute_acabf044b4f394df,0.95,store: PRODCAB,rules
B0B681G7GK,attribute_0a744fe96d4a21b6,0.95,store: ADDERENITY,deepseek-v4-flash
B0B681G7GK,attribute_af71680c3079f29f,0.9,Item Form: Cream,deepseek-v4-flash
B0B681G7GK,attribute_a58dd9e6d6f04171,0.75,title: 20g,deepseek-v4-flash
B0B681G7GK,attribute_f86654b7149035ea,0.65,title: green,deepseek-v4-flash
B0B681G7GK,attribute_806eb05218224149,1.0,Dr.G Green Mild Up Sun Stick,deepseek-v4-flash
B0B681G7GK,attribute_104e9c386d8d0bd9,1.0,SPF50+ PA++++,deepseek-v4-flash
B0B681G7GK,attribute_22002bf131549e9d,1.0,Sun Stick,deepseek-v4-flash
B0B681G7GK,attribute_a0f92e4defc47e1c,0.9,Sun Stick,deepseek-v4-flash
B0B681G7GK,attribute_4b0074c75ba621a0,0.9,Physical Sun Block,deepseek-v4-flash
B08PHS33D9,attribute_a76380f8e02c2238,0.95,store: PAPA RECIPE RIGHT FOR SKIN,deepseek-v4-flash
B08PHS33D9,attribute_fbd8936c219bb836,0.9,Skin Type: Sensitive,deepseek-v4-flash
B08PHS33D9,attribute_2ac91817c6dc2ed6,0.9,Unit Count: 1.00 Count,deepseek-v4-flash
B08PHS33D9,attribute_13cfc2014e66117c,1.0,Cleansing Oil Pad,deepseek-v4-flash
B08PHS33D9,attribute_f260ece369b25359,0.9,Makeup remover pad,deepseek-v4-flash
B08PHS33D9,attribute_cbf751b274696550,1.0,Exfoliating,deepseek-v4-flash
B08PHS33D9,attribute_545a7b86a69d38a9,0.9,Moisturizing cleansing oil pad,deepseek-v4-flash
B08HJWLRLW,attribute_ed1433ed3c42ce21,0.95,store: Tecbeauty,deepseek-v4-flash
B08HJWLRLW,attribute_0a552befcc9a10a1,0.9,Material: Cotton,deepseek-v4-flash
B08HJWLRLW,attribute_bd8552c455f524c4,0.9,Target Audience: Girls,deepseek-v4-flash
B08HJWLRLW,attribute_41165fc243630691,0.75,title: 2pcs,deepseek-v4-flash
B08HJWLRLW,attribute_2f222083c2390ce0,0.65,title: pink,deepseek-v4-flash
B08HJWLRLW,attribute_569a924914ae7963,0.9,Target Audience: Girls,deepseek-v4-flash
B08HJWLRLW,attribute_47963524f620e4db,1.0,Hair Organizer,deepseek-v4-flash
B08FTLH7QK,attribute_390b24fb028f1f2f,0.95,store: beeOrders,deepseek-v4-flash
B08FTLH7QK,attribute_063baa4c0fe9ef13,0.9,"Skin Type: Sensitive, Dry",deepseek-v4-flash
B08FTLH7QK,attribute_eff4eb612556fdc9,0.9,"Scent: Lavender, Jasmine, Rose, Lemon",deepseek-v4-flash
B08FTLH7QK,attribute_da84be739250c281,0.9,Item Form: Sheet,deepseek-v4-flash
B083DMKQRX,attribute_bff89f5400318ff6,0.95,store: VIOLET,deepseek-v4-flash
B083DMKQRX,attribute_b94f5b76fc2deb05,0.9,Hair Type: Kinky,deepseek-v4-flash
B083DMKQRX,attribute_c56aee814ca70c14,0.75,title: 18 Inch,deepseek-v4-flash
B019EVRO7W,attribute_b3d4bcbf14fe2de0,0.95,store: Sunny Hair,deepseek-v4-flash
B019EVRO7W,attribute_0efeb815415e9186,0.9,Material: Human Hair,deepseek-v4-flash
B019EVRO7W,attribute_3c6b220fd942dff3,0.9,Hair Type: Straight,deepseek-v4-flash
B019EVRO7W,attribute_bd988b477728c9cc,0.75,title: 14inch,deepseek-v4-flash
B019EVRO7W,attribute_72f40f803eb5363f,0.65,title: blonde,deepseek-v4-flash
B09MD16SW6,attribute_427a0c53a251ff28,0.9,Brand: innisfree,deepseek-v4-flash
B09MD16SW6,attribute_3531b62ea3cfae30,0.9,Scent: Unscented,deepseek-v4-flash
B09MD16SW6,attribute_da84be739250c281,0.9,Item Form: Sheet,deepseek-v4-flash
B09MD16SW6,attribute_55125a5e8620b1e8,0.9,"Product Benefits: An integral part of Korean skin ritual, sheet masks are a portable,",deepseek-v4-flash
B09MD16SW6,attribute_171b3f0117e0145a,0.9,Item Form: Sheet,deepseek-v4-flash
B09MD16SW6,attribute_ecabfd79ef64f19f,0.9,"Product Benefits: An integral part of Korean skin ritual, sheet masks are a portable, concentrated way to address your skin's needs.",deepseek-v4-flash
B0945ZXR6S,attribute_dd1752bb75618c34,0.95,store: Perlier,deepseek-v4-flash
B0945ZXR6S,attribute_743ac42c23090844,0.9,Scent: Honey,deepseek-v4-flash
B0945ZXR6S,attribute_aa768a9815745d03,0.9,Item Form: Balm,deepseek-v4-flash
B0945ZXR6S,attribute_4799a29ce492dda9,0.9,Unit Count: 3.3 Fl Oz,deepseek-v4-flash
B0945ZXR6S,attribute_b0ce7eb7ce11b554,0.9,Item Form: Balm,deepseek-v4-flash
B0945ZXR6S,attribute_9cc1c72e151f6190,0.9,Unit Count: 3.3 Fl Oz,deepseek-v4-flash
B089QB9ZF9,attribute_66885ed25dfbc59d,0.95,store: WILLBOND,deepseek-v4-flash
B089QB9ZF9,attribute_056ad6b880d33cf9,0.9,Item Form: Wrap,deepseek-v4-flash
B089QB9ZF9,attribute_04964c07b608085f,0.9,Material: Polyester,deepseek-v4-flash
B089QB9ZF9,attribute_2ac91817c6dc2ed6,0.9,Unit Count: 1.00 Count,deepseek-v4-flash
B089QB9ZF9,attribute_b004239f2d466049,0.9,Size: 9 piece Set,deepseek-v4-flash
B089QB9ZF9,attribute_7678fdbd0742760b,0.9,Item Form: Wrap,deepseek-v4-flash
B016PQAG6U,attribute_9c9d9eadb3298777,0.75,title: 24 inch,rules
B016PQAG6U,attribute_a64490da866eb222,0.65,title: red,rules
B07K6GKN19,attribute_d299e743f1d66a42,0.95,store: LK LANKIZ,deepseek-v4-flash
B07K6GKN19,attribute_7ac65a24bc64e3d7,0.9,Material: Polybutylene Terephthalate Fiber,deepseek-v4-flash
B07K6GKN19,attribute_f03aa5d3452da917,0.9,Color: Black,deepseek-v4-flash
B07K6GKN19,attribute_7f4f251ddccda267,0.75,title: 0.07mm,deepseek-v4-flash
B01F7RF9G0,attribute_642e41e16baa5a1c,0.95,store: W7,deepseek-v4-flash
B01F7RF9G0,attribute_c301b5888660fbbb,0.9,Item Form: Powder,deepseek-v4-flash
B01F7RF9G0,attribute_128132a01aa4015e,0.9,Unit Count: 1.0 Ounce,deepseek-v4-flash
B01F7RF9G0,attribute_2f222083c2390ce0,0.65,title: pink,deepseek-v4-flash
B073XRBMWW,attribute_08015321f9b3889f,0.95,store: Kiara Sky,deepseek-v4-flash
B073XRBMWW,attribute_42f2ef53eef1b341,0.9,Item Form: Gel,deepseek-v4-flash
B088WWH6B1,attribute_2026afbd3c082b17,0.95,store: Pangda,deepseek-v4-flash
B088WWH6B1,attribute_0aad32830a89bc1c,0.9,Material: Nylon,deepseek-v4-flash
B019DCX4DK,attribute_2c2b64b8eeb25a30,0.95,store: Josie Maran,deepseek-v4-flash
B019DCX4DK,attribute_fc6db98750f95668,0.9,Skin Type: All,deepseek-v4-flash
B019DCX4DK,attribute_7d891282373a70a6,0.9,Unit Count: 1 Count,deepseek-v4-flash
B019DCX4DK,attribute_dade4590d7137f15,0.65,title: gold,deepseek-v4-flash
B019DCX4DK,attribute_c38bf15e1ac4ff49,0.9,Josie Maran Coconut Watercolor Eye Shadow,deepseek-v4-flash
B019DCX4DK,attribute_e888e7ddf362dfa6,1.0,Rio de Rose Gold,deepseek-v4-flash
B019DCX4DK,attribute_e9144fc76c4e4b09,0.8,Coconut,deepseek-v4-flash
B019DCX4DK,attribute_a7e7d02fc7755405,0.9,Watercolor,deepseek-v4-flash
B0979HZQM5,attribute_46217b9fdd6fb1de,0.95,store: Exolgo Tendresse,deepseek-v4-flash
B0979HZQM5,attribute_962320cee0315e4d,0.9,Item Form: Pencil,deepseek-v4-flash
B0979HZQM5,attribute_b8cf9b08448374d6,0.9,Color: Soft Brown,deepseek-v4-flash
B0979HZQM5,attribute_b96630ed250523ee,0.65,title: brown,deepseek-v4-flash
B0979HZQM5,attribute_587592376294428c,1.0,Waterproof Eyeliner,deepseek-v4-flash
B0979HZQM5,attribute_41595fb52dc9c04d,1.0,"SOFT, SILKY SMOOTH TEXTURE",deepseek-v4-flash
B0979HZQM5,attribute_916647cf8f912d5d,1.0,waterproof eye color pencil is waterproof,deepseek-v4-flash
B0979HZQM5,attribute_fd80ad57063cb927,1.0,designed to last up to 10 hours,deepseek-v4-flash
B0979HZQM5,attribute_171f7fd17363b583,1.0,Item Form Pencil,deepseek-v4-flash
B0979HZQM5,attribute_2f150fe2233c9634,1.0,eye liner,deepseek-v4-flash
B0979HZQM5,attribute_fa08aa05d70f451a,1.0,self-sharpening point,deepseek-v4-flash
B0979HZQM5,attribute_eb4c6d92f952148a,1.0,built-in sponge,deepseek-v4-flash
B08N5KMKH4,attribute_d02dd75c79bb2a49,0.95,store: Colourpop,deepseek-v4-flash
B08N5KMKH4,attribute_af71680c3079f29f,0.9,Item Form: Cream,deepseek-v4-flash
B07NNXQXJX,attribute_b0b2b851979bc651,0.95,store: Tahe,deepseek-v4-flash
B07NNXQXJX,attribute_3531b62ea3cfae30,0.9,Scent: Unscented,deepseek-v4-flash
B07NNXQXJX,attribute_04bafd83548381d1,0.9,Item Form: Spray,deepseek-v4-flash
B07NNXQXJX,attribute_cccb13d4747a85bd,0.9,Hair Type: Frizzy,deepseek-v4-flash
B07NNXQXJX,attribute_37484cf2b41d1051,0.75,title: 125ml,deepseek-v4-flash
B01BLPANCM,attribute_227ec285f95394b8,0.95,store: Mariah Carey,deepseek-v4-flash
B01BLPANCM,attribute_04bafd83548381d1,0.9,Item Form: Spray,deepseek-v4-flash
B01BK54AJU,attribute_b96630ed250523ee,0.65,title: brown,rules
B07SRMXSK5,attribute_d916ac39c2665be4,0.95,store: Prestige International,deepseek-v4-flash
B07SRMXSK5,attribute_c425d52341291973,0.8,Rejuvenating Plus Set,deepseek-v4-flash
B07SRMXSK5,attribute_045d7f9b36cf5264,0.9,still contain 10g,deepseek-v4-flash
B07SRMXSK5,attribute_b53a3f2c3950e5e9,0.8,Rejuvenating,deepseek-v4-flash
B07G5Q4P1F,attribute_2fb5d1bc2fb30db7,0.95,store: EXCHIC,deepseek-v4-flash
B07G5Q4P1F,attribute_2a15e9794f4f2500,0.9,Material: Pearl,deepseek-v4-flash
B07G5Q4P1F,attribute_a3e15900fc78187c,0.9,Hair Type: All,deepseek-v4-flash
B07G5Q4P1F,attribute_7d891282373a70a6,0.9,Unit Count: 1 Count,deepseek-v4-flash
B07G5Q4P1F,attribute_f03aa5d3452da917,0.65,title: black,deepseek-v4-flash
B07G5Q4P1F,attribute_ff36c1a46ae09499,0.9,Unit Count: 1 Count,deepseek-v4-flash
B095YK98D9,attribute_a6014f88f4f4e4d2,0.95,store: CUPBEN,deepseek-v4-flash
B095YK98D9,attribute_64e1b604d8fbc982,0.9,Material: Metal,deepseek-v4-flash
B095YK98D9,attribute_3c6b220fd942dff3,0.9,Hair Type: Straight,deepseek-v4-flash
B095YK98D9,attribute_6cd51fcb4aade6a1,0.75,title: 2 Pcs,deepseek-v4-flash
B07Y5DVDZ8,attribute_84e8fda973f8255a,0.95,store: POVETIRE,rules
B07Y5DVDZ8,attribute_ab32674328a7cb2e,0.9,"Material: pearl,plastic",rules
B08GHXWP47,attribute_ddca7f907842eee4,0.95,store: Aokely,rules
B01LY9YNEK,attribute_4c997979d6482ff1,0.95,store: Hemani,rules
B01LY9YNEK,attribute_f03aa5d3452da917,0.65,title: black,rules
B092HY9H9L,attribute_c3402a60404881b5,0.95,store: Dolly Dolly,deepseek-v4-flash
B07YL4L81W,attribute_911b8e696285b566,0.95,store: Tiffany & Co.,deepseek-v4-flash
B07YL4L81W,attribute_571e4ae47b2c9521,0.9,Scent: Floral,deepseek-v4-flash
B07YL4L81W,attribute_04bafd83548381d1,0.9,Item Form: Spray,deepseek-v4-flash
B07YL4L81W,attribute_3b7e47f2ad3ff8d6,0.75,title: 1.7 OZ,deepseek-v4-flash
B09444WCR1,attribute_bac203cfa97feb53,0.95,store: MAITALENT,deepseek-v4-flash
B09444WCR1,attribute_91f6f67f0d907219,0.9,Material: Stainless Steel,deepseek-v4-flash
B09444WCR1,attribute_a3e15900fc78187c,0.9,Hair Type: All,deepseek-v4-flash
B09444WCR1,attribute_dade4590d7137f15,0.65,title: gold,deepseek-v4-flash
B07H5673NB,attribute_a213f476567ff086,0.95,store: BYhair,deepseek-v4-flash
B07H5673NB,attribute_0efeb815415e9186,0.9,Material: Human Hair,deepseek-v4-flash
B07H5673NB,attribute_b5e40193f5860fe3,0.9,Hair Type: Curly,deepseek-v4-flash
B07H5673NB,attribute_4ca1f2551c24976f,0.75,title: 150g,deepseek-v4-flash
B07H5673NB,attribute_f03aa5d3452da917,0.65,title: black,deepseek-v4-flash
B07H5673NB,attribute_3f081a6dbbeb8f7d,1.0,Hair Type: Curly in details,deepseek-v4-flash
B07H5673NB,attribute_d78b890dedf6ed2c,1.0,"Title: 18""",deepseek-v4-flash
B07H5673NB,attribute_564293b96031155b,1.0,Title: Ponytail Extensions,deepseek-v4-flash
B07PJPKDT1,attribute_d223b2d752094dcd,0.95,store: BERON,deepseek-v4-flash
B07PJPKDT1,attribute_cd744dd77d211b38,0.9,Material: Synthetic,deepseek-v4-flash
B07PJPKDT1,attribute_b5e40193f5860fe3,0.9,Hair Type: Curly,deepseek-v4-flash
B07PJPKDT1,attribute_f86654b7149035ea,0.65,title: green,deepseek-v4-flash
B07PJPKDT1,attribute_3f081a6dbbeb8f7d,1.0,Hair Type: Curly in details,deepseek-v4-flash
B07PJPKDT1,attribute_44876298116290f1,1.0,Title: Ombre Green,deepseek-v4-flash
B07PJPKDT1,attribute_d524753d56d9d70d,1.0,Title: Wigs,deepseek-v4-flash
B01MQLTBRC,attribute_29bd85136e7da144,0.95,store: Gu Angqi,deepseek-v4-flash
B01MQLTBRC,attribute_962320cee0315e4d,0.9,Item Form: Pencil,deepseek-v4-flash
B01MQLTBRC,attribute_2ac91817c6dc2ed6,0.9,Unit Count: 1.00 Count,deepseek-v4-flash
B01MQLTBRC,attribute_208219f6702872bf,1.0,Title: Gray,deepseek-v4-flash
B01MQLTBRC,attribute_ead9ec30b28086cc,1.0,Title: Eyeliner,deepseek-v4-flash
B01MQLTBRC,attribute_d23a37976725758a,1.0,Title: Waterproof,deepseek-v4-flash
B078KLDSXV,attribute_d20db86dfbf550eb,0.95,store: KICOSY,rules
B078KLDSXV,attribute_848b155a685efd97,0.75,title: 4 Pack,rules
B078KLDSXV,attribute_dade4590d7137f15,0.65,title: gold,rules
B08JVK9R59,attribute_272fd7a157132c46,0.95,store: NBNMTY,deepseek-v4-flash
B08JVK9R59,attribute_0a552befcc9a10a1,0.9,Material: Cotton,deepseek-v4-flash
B08JVK9R59,attribute_128132a01aa4015e,0.9,Unit Count: 1.0 Ounce,deepseek-v4-flash
B08JVK9R59,attribute_c6778fdfc3975644,0.75,title: 6 Pack,deepseek-v4-flash
B08MFRSCTK,attribute_f12cdb442e4ecaa0,0.95,store: Wudaozi,deepseek-v4-flash
B08MFRSCTK,attribute_d9ee28956eaeae99,0.9,Item Form: Spiral,deepseek-v4-flash
B08MFRSCTK,attribute_703a408417ea8951,0.9,Material: Plastic,deepseek-v4-flash
B08MFRSCTK,attribute_38740edce505787c,0.9,Color: Blue,deepseek-v4-flash
B07D4P4MD1,attribute_73d958da7b351e80,0.95,store: Outre,deepseek-v4-flash
B07D4P4MD1,attribute_cd744dd77d211b38,0.9,Material: Synthetic,deepseek-v4-flash
B07D4P4MD1,attribute_fbd894fcb82f0174,0.9,Color: S4/30,deepseek-v4-flash
B07D4P4MD1,attribute_fdce25822dbe55ec,0.9,Hair Type: Pineapple Style,deepseek-v4-flash
B07G5KYR91,attribute_c7453be416c83347,0.95,store: Fragrance G.u.c.c.i,rules
B07G5KYR91,attribute_8fbb8e90dbaaaf09,0.75,title: 3.4 oz,rules
B08Z36ZWVP,attribute_cf0d85beac0b7a11,0.95,store: MosinnGy,deepseek-v4-flash
B08Z36ZWVP,attribute_0efeb815415e9186,0.9,Material: Human Hair,deepseek-v4-flash
B08Z36ZWVP,attribute_3c6b220fd942dff3,0.9,Hair Type: Straight,deepseek-v4-flash
B08Z36ZWVP,attribute_cabcafb5cff1d48f,0.75,title: 20 Inch,deepseek-v4-flash
B08Z36ZWVP,attribute_f03aa5d3452da917,0.65,title: black,deepseek-v4-flash
B07YK71561,attribute_665f854442c22949,0.95,store: Asquith & Somerset,deepseek-v4-flash
B07YK71561,attribute_46cdd82f2900501c,0.9,Scent: Bergamot,deepseek-v4-flash
B07YK71561,attribute_9ec11ecb096b876f,0.9,Item Form: Bar,deepseek-v4-flash
B07YK71561,attribute_65283b9e1a65ea12,0.9,Unit Count: 10.5822 Ounce,deepseek-v4-flash
B07YK71561,attribute_2dfb5c31ecb6f86c,0.75,title: 10.58 OZ,deepseek-v4-flash
B08K7LXVXL,attribute_9c0e472a3165a130,0.95,store: FARI Series,deepseek-v4-flash
B08K7LXVXL,attribute_2ac91817c6dc2ed6,0.9,Unit Count: 1.00 Count,deepseek-v4-flash
B08K7LXVXL,attribute_8f250fa9db0de2d1,0.75,title: 12 PCS,deepseek-v4-flash
B071JF7K36,attribute_90492515c2013284,0.95,store: Buycrafty,rules
B00VZOZ9RE,attribute_bade02aa05c3c92e,0.95,store: NYC,deepseek-v4-flash
B00VZOZ9RE,attribute_fc6db98750f95668,0.9,Skin Type: All,deepseek-v4-flash
B00VZOZ9RE,attribute_af71680c3079f29f,0.9,Item Form: Cream,deepseek-v4-flash
B00VZOZ9RE,attribute_5c7e38781ffcc3cd,0.9,Color: Purple,deepseek-v4-flash
B08HCLCWSM,attribute_d398e45e417c6cc4,0.95,store: SYbeauty,deepseek-v4-flash
B08HCLCWSM,attribute_0efeb815415e9186,0.9,Material: Human Hair,deepseek-v4-flash
B08HCLCWSM,attribute_3c6b220fd942dff3,0.9,Hair Type: Straight,deepseek-v4-flash
B08HCLCWSM,attribute_51612ed7068aee26,0.75,title: 26 Inch,deepseek-v4-flash
B01DJD4B7M,attribute_c61c4556df9a679e,0.95,store: SKYVAN,deepseek-v4-flash
B01DJD4B7M,attribute_a3e15900fc78187c,0.9,Hair Type: All,deepseek-v4-flash
B01DJD4B7M,attribute_6cd51fcb4aade6a1,0.75,title: 2 PCS,deepseek-v4-flash
B00G9K4JAC,attribute_6cd51fcb4aade6a1,0.75,title: 2 Pcs,rules
B00G9K4JAC,attribute_1ab4b8ffdfec4f8f,0.65,title: white,rules
B09KX5N1DR,attribute_d0c83201683f12e5,0.95,store: 100% PURE,deepseek-v4-flash
B09KX5N1DR,attribute_a520aac71d9029b5,0.9,Scent: Coconut,deepseek-v4-flash
B09KX5N1DR,attribute_28ab3b4f8373e88d,0.75,title: 10oz,deepseek-v4-flash
B09KX5N1DR,attribute_998b3e57aa9fa210,1.0,Coconut Body Scrub,deepseek-v4-flash
B09KX5N1DR,attribute_5f10edfb8de932df,1.0,Sea Salts,deepseek-v4-flash
B09KX5N1DR,attribute_959805bd9218b3fb,0.9,Coconut,deepseek-v4-flash
B09KX5N1DR,attribute_cbf751b274696550,1.0,Exfoliating Deep Cleanse,deepseek-v4-flash
B09KX5N1DR,attribute_545a7b86a69d38a9,1.0,Deeply Moisturizing,deepseek-v4-flash
B09KX5N1DR,attribute_784aae3832a34632,0.9,body scrub,deepseek-v4-flash
B09KX5N1DR,attribute_ad248afb6da85c22,0.8,bath and shower rub,deepseek-v4-flash
B09KX5N1DR,attribute_afb7da58d7ae5511,1.0,Vegan,deepseek-v4-flash
B08Q7QWYJH,attribute_7583b8827570a162,0.95,store: Mary Kay,deepseek-v4-flash
B08Q7QWYJH,attribute_86c70f5d736aedd1,0.9,Skin Type: Dry,deepseek-v4-flash
B08Q7QWYJH,attribute_42f2ef53eef1b341,0.9,Item Form: Gel,deepseek-v4-flash
B08Q7QWYJH,attribute_dbb49bbeba56b97c,0.75,title: 1.7 FL. OZ,deepseek-v4-flash
B08Q7QWYJH,attribute_61f052a462acb3e1,1.0,FACIAL PEEL,deepseek-v4-flash
B08Q7QWYJH,attribute_f1938414e04389fa,1.0,Facial,deepseek-v4-flash
B08Q7QWYJH,attribute_50d70aea790909bd,1.0,REVEALING RADIANCE,deepseek-v4-flash
B09N9R2SYZ,attribute_f97585ac5e49fc80,0.95,store: RIICFDD,deepseek-v4-flash
B09N9R2SYZ,attribute_b35bc3a5a95c4178,0.9,Material: Acrylic,deepseek-v4-flash
B09N9R2SYZ,attribute_f70cf2bfe1aee198,0.9,Size: 24 Count (Pack of 1),deepseek-v4-flash
B09N9R2SYZ,attribute_9441402397455d8b,0.75,title: 24pcs,deepseek-v4-flash
B09N9R2SYZ,attribute_ce6ff15e5fe0efd5,1.0,Press on Nail,deepseek-v4-flash
B09N9R2SYZ,attribute_c9c743287be1240f,0.9,Coffin Fake Nails,deepseek-v4-flash
B09N9R2SYZ,attribute_9e6bca3a348ac6a5,0.9,Ballerina Stick on Nails,deepseek-v4-flash
B09N9R2SYZ,attribute_1322bbe037f455d3,0.7,Shot Length,deepseek-v4-flash
B09N9R2SYZ,attribute_ef61f888e23dca4b,0.8,24 Count (Pack of 1),deepseek-v4-flash
B07FLKZY7K,attribute_8deab6eab7af9463,0.95,store: ASHILISIA,rules
B088D29XYP,attribute_efe7c6600b24c206,0.95,store: Ruairie,deepseek-v4-flash
B088D29XYP,attribute_8ba8db87ff92bb46,0.9,Item Form: Pair,deepseek-v4-flash
B088D29XYP,attribute_6e76972f4469de0a,0.9,Material: Faux Mink,deepseek-v4-flash
B088D29XYP,attribute_f03aa5d3452da917,0.9,Color: Black,deepseek-v4-flash
B07DWMKCFD,attribute_d62fecf469c580b6,0.95,store: Angel3292,deepseek-v4-flash
B00RIT53JO,attribute_94f1c02ccfe3364c,0.95,store: VAGA,deepseek-v4-flash
B00RIT53JO,attribute_42db5b7525705d3f,0.9,Item Form: Elastic,deepseek-v4-flash
B00RIT53JO,attribute_703a408417ea8951,0.9,Material: Plastic,deepseek-v4-flash
B00RIT53JO,attribute_f03aa5d3452da917,0.9,Color: Black,deepseek-v4-flash
B00RIT53JO,attribute_46f81f3ac5545e1f,0.9,Size: One Size,deepseek-v4-flash
B01M0540D1,attribute_c4bd9aa9401df473,0.75,title: 3.3 oz,rules
B08B36R5KJ,attribute_ea1c129b0c714052,0.95,store: mwellewm,rules
B08B36R5KJ,attribute_bea80b08c8c4d9eb,0.75,title: 15 Pcs,rules
B091TCKYM6,attribute_cf48d67b8fc1ac1a,0.95,store: beafay,deepseek-v4-flash
B091TCKYM6,attribute_0efeb815415e9186,0.9,Material: Human Hair,deepseek-v4-flash
B091TCKYM6,attribute_f5014e73afcc8131,0.9,Hair Type: Wavy,deepseek-v4-flash
B091TCKYM6,attribute_5a1bb5553d3d4fbf,0.75,title: 14 Inch,deepseek-v4-flash
B091TCKYM6,attribute_f03aa5d3452da917,0.65,title: black,deepseek-v4-flash
B08DRX8MZ7,attribute_322667fb62c77370,0.95,store: Kao,deepseek-v4-flash
B08DRX8MZ7,attribute_70948989c95ee1b1,0.9,Item Form: Liquid,deepseek-v4-flash
B08DRX8MZ7,attribute_8b03409d5524060b,0.9,Unit Count: 3.0 Ounce,deepseek-v4-flash
B08DRX8MZ7,attribute_da1e11fe5e8ccde7,0.75,title: 11.49 floz,deepseek-v4-flash
B08GST17RP,attribute_3f5ba7d065c6ca14,0.95,store: Blue Saint,deepseek-v4-flash
B08GST17RP,attribute_fc6db98750f95668,0.9,Skin Type: All,deepseek-v4-flash
B08GST17RP,attribute_cae5d609508b8082,0.9,Item Form: Lotion,deepseek-v4-flash
B08GST17RP,attribute_38740edce505787c,0.65,title: blue,deepseek-v4-flash
B00V7Z35Z4,attribute_cbe216203751061d,0.9,"Material: Nylon, Wool",rules
B00V7Z35Z4,attribute_f03aa5d3452da917,0.65,title: black,rules
B07RYMN8YH,attribute_1eca7ac401b422e5,0.95,store: JD Jeffrey Dame,rules
B07RYMN8YH,attribute_65df48e29550868b,0.75,title: 2 ml,rules
B08BG1D1PB,attribute_803f5ad3a4191799,0.95,store: BHL,deepseek-v4-flash
B08BG1D1PB,attribute_0efeb815415e9186,0.9,Material: Human Hair,deepseek-v4-flash
B08BG1D1PB,attribute_3c6b220fd942dff3,0.9,Hair Type: Straight,deepseek-v4-flash
B08BG1D1PB,attribute_5a1bb5553d3d4fbf,0.75,title: 14 Inch,deepseek-v4-flash
B08BG1D1PB,attribute_38740edce505787c,0.65,title: blue,deepseek-v4-flash
B08BG1D1PB,attribute_d524753d56d9d70d,1.0,Blue Bob Wigs,deepseek-v4-flash
B08BG1D1PB,attribute_eab51ebf6c30fa84,1.0,Blue ... Sapphire Blue,deepseek-v4-flash
B08BG1D1PB,attribute_0d1aa8fa1dd89eac,0.9,Bob Wigs,deepseek-v4-flash
B08BG1D1PB,attribute_abeb98666ae222bc,1.0,T Part Lace Front,deepseek-v4-flash
B08BG1D1PB,attribute_6971c6873347a03a,1.0,150% Density,deepseek-v4-flash
B08BG1D1PB,attribute_2c3391e8ceb62ec2,1.0,Pre Plucked Hairline,deepseek-v4-flash
B09MLFPPT4,attribute_7990ada4e03e0822,0.95,store: AYNISS V WIGS,deepseek-v4-flash
B09MLFPPT4,attribute_34f14c15dd76cda1,0.9,Material: Human,deepseek-v4-flash
B09MLFPPT4,attribute_3c6b220fd942dff3,0.9,Hair Type: Straight,deepseek-v4-flash
B09MLFPPT4,attribute_ca28a02137679048,0.75,title: 30Inch,deepseek-v4-flash
B09MLFPPT4,attribute_f03aa5d3452da917,0.65,title: black,deepseek-v4-flash
B09MLFPPT4,attribute_d524753d56d9d70d,1.0,Lace Front Wigs,deepseek-v4-flash
B09MLFPPT4,attribute_c633b0a339252bcb,1.0,Natural Black,deepseek-v4-flash
B09MLFPPT4,attribute_3987d54516f8b20e,1.0,30Inch,deepseek-v4-flash
B09MLFPPT4,attribute_2ef792dac4799173,1.0,T Part 4X1 Transparent Closure,deepseek-v4-flash
B09MLFPPT4,attribute_540cb0caba6bb581,1.0,150 Density,deepseek-v4-flash
B09MLFPPT4,attribute_6c68e7a8dba028dc,1.0,Pre Plucked with Baby Hair,deepseek-v4-flash
B00O2OEEFC,attribute_e79513cd78171b58,0.95,store: L'Oreal Paris,deepseek-v4-flash
B00O2OEEFC,attribute_320c95d539518c2e,0.9,Unit Count: 2.00 Count,deepseek-v4-flash
B00O2OEEFC,attribute_b72bd63956647c5e,0.75,title: 2 Pack,deepseek-v4-flash
B00O2OEEFC,attribute_ead9ec30b28086cc,1.0,Eyeliner,deepseek-v4-flash
B00O2OEEFC,attribute_362b673e54668133,1.0,260 True Teal,deepseek-v4-flash
B00O2OEEFC,attribute_5323dcf87eddf5fb,1.0,Unit Count: 2.00 Count,deepseek-v4-flash
B0769X2N19,attribute_13e76cf5af88d2fe,0.95,store: Divya pharmacy,rules
B0769X2N19,attribute_d50f2ce4c22cc227,0.75,title: 10 Grams,rules
B07P7JHBVD,attribute_73d424a6e718e739,0.95,store: Full Shine,rules
B07P7JHBVD,attribute_8b1c18dc9007cf5f,0.75,title: 50g,rules
B07P7JHBVD,attribute_b96630ed250523ee,0.65,title: brown,rules
B09CGGM1PK,attribute_e19004220e56b33f,0.95,store: WISLIBE,rules
B00G99SNKU,attribute_94f1c02ccfe3364c,0.95,store: VAGA,rules
B07KN5T2PC,attribute_98f3243c71df20b9,0.95,store: AnatoliaDaphne,deepseek-v4-flash
B07KN5T2PC,attribute_fc6db98750f95668,0.9,Skin Type: All,deepseek-v4-flash
B07KN5T2PC,attribute_d4d9c1f632dad92f,0.9,"Scent: Lavender, Almond, Rose",deepseek-v4-flash
B07KN5T2PC,attribute_9ec11ecb096b876f,0.9,Item Form: Bar,deepseek-v4-flash
B006X3E676,attribute_ed445d7efe1b1f1f,0.95,store: MIRRORMORE,deepseek-v4-flash
B006X3E676,attribute_cd744dd77d211b38,0.9,Material: Synthetic,deepseek-v4-flash
B006X3E676,attribute_46a55037d00ad97d,0.9,Color: Silver,deepseek-v4-flash
B006X3E676,attribute_f03aa5d3452da917,0.65,title: black,deepseek-v4-flash
B097MV8KWZ,attribute_c75711089edb24a4,0.95,store: SEGO,deepseek-v4-flash
B097MV8KWZ,attribute_0efeb815415e9186,0.9,Material: Human Hair,deepseek-v4-flash
B097MV8KWZ,attribute_e89b2131e553e798,0.9,Color: Platinum Blonde-N,deepseek-v4-flash
B097MV8KWZ,attribute_b5e40193f5860fe3,0.9,Hair Type: Curly,deepseek-v4-flash
B097MV8KWZ,attribute_40fa5a9087e8e3ea,0.75,title: 10inch,deepseek-v4-flash
B097MV8KWZ,attribute_72f40f803eb5363f,0.65,title: blonde,deepseek-v4-flash
B07T1SNVWW,attribute_c4321056d4a5e9bc,0.95,store: BROADWAY NAILS,deepseek-v4-flash
B07T1SNVWW,attribute_d9461023fb712a36,0.9,Material: Gel,deepseek-v4-flash
B07T1SNVWW,attribute_436a5a52435e900e,0.9,Size: Large,deepseek-v4-flash
B07T1SNVWW,attribute_aee267921a27d277,0.8,Kiss imPress Press-On Gel Pedicure Nails,deepseek-v4-flash
B07T1SNVWW,attribute_1c89a2327f65cd61,0.8,For Toe Nails,deepseek-v4-flash
B08CZ7MNPC,attribute_b0e2eef69eea2e02,0.95,store: JIELIELE,deepseek-v4-flash
B08CZ7MNPC,attribute_703a408417ea8951,0.9,Material: Plastic,deepseek-v4-flash
B08CZ7MNPC,attribute_34229f8c13d40e73,0.75,title: 50ml,deepseek-v4-flash
B08CZ7MNPC,attribute_b99b906f8b2a6617,0.8,50ml/1.7oz,deepseek-v4-flash
B08CZ7MNPC,attribute_e4142236aefe567d,0.8,Travel Bottles,deepseek-v4-flash
B086YFPLPJ,attribute_bb39caa9034e74dc,0.95,store: JZYQYH,deepseek-v4-flash
B086YFPLPJ,attribute_0efeb815415e9186,0.9,Material: Human Hair,deepseek-v4-flash
B086YFPLPJ,attribute_3c6b220fd942dff3,0.9,Hair Type: Straight,deepseek-v4-flash
B086YFPLPJ,attribute_b96630ed250523ee,0.65,title: brown,deepseek-v4-flash
B086YFPLPJ,attribute_4c2105c9fb8920a3,0.8,Honey Blonde Omber Color,deepseek-v4-flash
B086YFPLPJ,attribute_1863dcbbbe7f72d2,0.8,"Shoulder Length 14""",deepseek-v4-flash
B086YFPLPJ,attribute_5ae8aa790d199387,0.8,Lace Front Wig,deepseek-v4-flash
B08172PRXF,attribute_bdde1543b5ad1aea,0.95,store: N/B,deepseek-v4-flash
B08172PRXF,attribute_2f222083c2390ce0,0.9,Color: Pink,deepseek-v4-flash
B08172PRXF,attribute_5312ae6fb6fa533a,0.9,Superior medical grade silicone,deepseek-v4-flash
B08172PRXF,attribute_e786ac5b06122635,1.0,Color: Hot Pink,deepseek-v4-flash
B08172PRXF,attribute_469592ae869e8309,1.0,Size: 20 x 3.4 cm/9 x 1.6 in,deepseek-v4-flash
B08172PRXF,attribute_70531ccef6e1e00f,0.9,Power: 2 x AAA Battery,deepseek-v4-flash
B08172PRXF,attribute_916647cf8f912d5d,0.9,Waterproof,deepseek-v4-flash
B08172PRXF,attribute_8b3ad47147f88d3d,0.8,30 Speeds,deepseek-v4-flash
B08CBFB2BY,attribute_6cedb5f3e41b369d,0.95,store: Lovogue,deepseek-v4-flash
B08CBFB2BY,attribute_056ad6b880d33cf9,0.9,Item Form: Wrap,deepseek-v4-flash
B08CBFB2BY,attribute_0a552befcc9a10a1,0.9,Material: Cotton,deepseek-v4-flash
B08CBFB2BY,attribute_5ca5104b9d48ace7,0.9,Unit Count: 6.00 Count,deepseek-v4-flash
B08CBFB2BY,attribute_e0010c7b89f6793a,0.75,title: 6 Pcs,deepseek-v4-flash
B08CBFB2BY,attribute_7479fde1126b6127,0.9,Boho Headbands,deepseek-v4-flash
B08CBFB2BY,attribute_71bb4a9df39c996f,0.9,Printed Flower,deepseek-v4-flash
B08CBFB2BY,attribute_3f2688daa234c36c,1.0,6 Pcs,deepseek-v4-flash
B08CBFB2BY,attribute_fa41a2ef9a6fdabf,0.8,Vintage Twisted Feather,deepseek-v4-flash
B07HBV6JGH,attribute_e29d9822b164a2a3,0.95,store: sundiego2020,deepseek-v4-flash
B07HBV6JGH,attribute_703a408417ea8951,0.9,Material: Plastic,deepseek-v4-flash
B07HBV6JGH,attribute_a3e15900fc78187c,0.9,Hair Type: All,deepseek-v4-flash
B07HBV6JGH,attribute_dd9b31d78e9809bb,0.9,Unit Count: 4.00 Count,deepseek-v4-flash
B07HBV6JGH,attribute_1b00c776edc10fad,0.65,title: clear,deepseek-v4-flash
B07HBV6JGH,attribute_e231a10e93fc7caa,0.9,Hair Clip,deepseek-v4-flash
B07HBV6JGH,attribute_18423e24a22a28f6,1.0,4.00 Count,deepseek-v4-flash
B07HBV6JGH,attribute_3d491c5513dd96cf,0.9,Hair Type: All,deepseek-v4-flash
B01NCEPI1L,attribute_466ce10287c48a67,0.95,store: British Sterling,deepseek-v4-flash
B01NCEPI1L,attribute_49cf89d1ebab943a,0.9,Unit Count: 4 Count,deepseek-v4-flash
B01NCEPI1L,attribute_b606b89014e87a59,1.0,4pc British Sterling Private Stock For Men Shaving Cologne Gift Set & Flashlight,deepseek-v4-flash
B07CCFSJ47,attribute_8125d02be0fd5aab,0.95,store: Pina Colada,deepseek-v4-flash
B07CCFSJ47,attribute_436a5a52435e900e,0.9,Size: Large,deepseek-v4-flash
B07CCFSJ47,attribute_f03aa5d3452da917,0.65,title: black,deepseek-v4-flash
B07CCFSJ47,attribute_67ac8b79e0daa6f0,1.0,Compression Arch Sleeves,deepseek-v4-flash
B07CCFSJ47,attribute_08922fc3b9aa5d46,1.0,Material: Cloth: nylon; Arch support: silicon gel,deepseek-v4-flash
B07CCFSJ47,attribute_30ec03d7553302c5,1.0,compression to your arch and absorbs shock,deepseek-v4-flash
B07CCFSJ47,attribute_499682e1f4d78c2c,0.9,provides pain relief,deepseek-v4-flash
B09784YCMZ,attribute_f641662f5820216e,0.95,store: Augoog,deepseek-v4-flash
B09784YCMZ,attribute_fc6db98750f95668,0.9,Skin Type: All,deepseek-v4-flash
B09784YCMZ,attribute_d2723788a1d9251f,0.9,Unit Count: 40.00 Count,deepseek-v4-flash
B09784YCMZ,attribute_3f9520efb3c6d967,1.0,Eye Makeup Kit,deepseek-v4-flash
B09784YCMZ,attribute_02ed94db9b5d9d14,1.0,Skin Type: All,deepseek-v4-flash
B09784YCMZ,attribute_03dd33fa147d376d,1.0,Unit Count: 40.00 Count,deepseek-v4-flash
B09784YCMZ,attribute_65495a67d110f79c,1.0,Eye Makeup Kit,deepseek-v4-flash
B09DY6BTQP,attribute_3821887afde00ee6,0.95,store: LEOSA,deepseek-v4-flash
B09DY6BTQP,attribute_cd744dd77d211b38,0.9,Material: Synthetic,deepseek-v4-flash
B09DY6BTQP,attribute_a3e15900fc78187c,0.9,Hair Type: All,deepseek-v4-flash
B09DY6BTQP,attribute_f518f01f4932c374,0.9,Hair Type: All,deepseek-v4-flash
B09DY6BTQP,attribute_8700ab174718f90c,0.8,99j Dreadlock Bun,deepseek-v4-flash
B09DY6BTQP,attribute_f462b99a66440e25,0.9,Hair Extainson,deepseek-v4-flash
B081THSGTR,attribute_05059029cca67119,0.95,store: Sigil Scent,deepseek-v4-flash
B081THSGTR,attribute_2ac91817c6dc2ed6,0.9,Unit Count: 1.00 Count,deepseek-v4-flash
B081THSGTR,attribute_2df7a61d6a6c1b35,0.75,title: 1 fl oz,deepseek-v4-flash
B081THSGTR,attribute_c74ff95d3394a8f1,0.9,Eau de Parfum,deepseek-v4-flash
B08XTP92WG,attribute_e801b9a2b65d4485,0.95,store: Syhood,deepseek-v4-flash
B08XTP92WG,attribute_4473db570896b2ec,1.0,real silk material,deepseek-v4-flash
B08XTP92WG,attribute_4faf39aa52317d70,0.9,Night Sleeping Cap,deepseek-v4-flash
B08XTP92WG,attribute_4cdb00931aa9fd3a,0.7,Floral Print,deepseek-v4-flash
B08XTP92WG,attribute_ed79e387df3559a0,0.8,during sleeping,deepseek-v4-flash
B00SK400US,attribute_1fcdc158c27709cd,0.95,store: Nylrem,rules
B00SK400US,attribute_c2364ab92487a038,0.75,title: 8 Inch,rules
B07QS8JQTJ,attribute_dda8a80dd5ed125f,0.95,store: FEAYEA,rules
B083TK1VVJ,attribute_0647e5d9d5900d1c,0.95,store: BABEYOND,rules
B083TK1VVJ,attribute_dade4590d7137f15,0.65,title: gold,rules
B01BXDO972,attribute_3820a675cb0dd993,0.95,store: FreeTress Equal,rules
B01BXDO972,attribute_f03aa5d3452da917,0.65,title: black,rules
B071VZ8YXR,attribute_e4b73cdca3a0f2dd,0.95,store: Tarte,rules
B071VZ8YXR,attribute_709c5247f091d93b,0.75,title: 0.23 oz,rules
B07CSR9H8C,attribute_dc968b09bd21b222,0.95,store: K9 GRANOLA,deepseek-v4-flash
B07CSR9H8C,attribute_6bf3c6481ed259e7,0.9,Unit Count: 1.000 Count,deepseek-v4-flash
B07CSR9H8C,attribute_0fc6fa98733d5f9f,0.75,title: 12 Ounce,deepseek-v4-flash
B07CSR9H8C,attribute_b25799bfcd250e43,0.95,Dog Treat,deepseek-v4-flash
B07CSR9H8C,attribute_372d1e9adafc63e2,0.95,Banana Slices,deepseek-v4-flash
B07CSR9H8C,attribute_8ace6061d79c55d7,0.9,only banana,deepseek-v4-flash
B07CSR9H8C,attribute_959805bd9218b3fb,0.9,coconut oil,deepseek-v4-flash
B07CSR9H8C,attribute_388838831909cbc4,0.9,sugar,deepseek-v4-flash
B07CSR9H8C,attribute_1c320ec22c36fc0d,0.8,potassium to your pet's diet,deepseek-v4-flash
B01BDXEBYI,attribute_77394fb458930d19,0.95,store: Sure,deepseek-v4-flash
B01BDXEBYI,attribute_635c85d57e55b546,0.9,Scent: Powder Fresh,deepseek-v4-flash
B01BDXEBYI,attribute_c301b5888660fbbb,0.9,Item Form: Powder,deepseek-v4-flash
B01BDXEBYI,attribute_320c95d539518c2e,0.9,Unit Count: 2.00 Count,deepseek-v4-flash
B01BDXEBYI,attribute_484223707c2b88ac,0.75,title: 2.7 Ounce,deepseek-v4-flash
B01BDXEBYI,attribute_74fe3195e780315e,0.95,Deodorant,deepseek-v4-flash
B01BDXEBYI,attribute_a6c56942c4383087,0.85,Original Solid,deepseek-v4-flash
B085Y32D4F,attribute_8837effe8e3ba566,0.95,store: Glamlily,deepseek-v4-flash
B085Y32D4F,attribute_b35bc3a5a95c4178,0.9,Material: Acrylic,deepseek-v4-flash
B085Y32D4F,attribute_1b00c776edc10fad,0.9,Color: Clear,deepseek-v4-flash
B085Y32D4F,attribute_2ac91817c6dc2ed6,0.9,Unit Count: 1.00 Count,deepseek-v4-flash
B085Y32D4F,attribute_2677b5f6c5ffd3a0,0.95,Cosmetic Organizer,deepseek-v4-flash
B085Y32D4F,attribute_a88cac9ffb7b2fde,0.9,4.5 x 9.5 In,deepseek-v4-flash
B085Y32D4F,attribute_6d8fada64065d684,0.95,64 Slots,deepseek-v4-flash
B00LWUHC6W,attribute_c198abe77d50e369,0.95,store: FUNOC,rules
B081N7TZ9M,attribute_354424319fe5315e,0.95,store: NAIL ANGEL,deepseek-v4-flash
B081N7TZ9M,attribute_9695c21e973ee63a,0.9,Unit Count: 7.00 Count,deepseek-v4-flash
B081N7TZ9M,attribute_5b1aa15c3db9fb4d,0.75,title: 7pcs,deepseek-v4-flash
B081N7TZ9M,attribute_228b5e76bf774864,0.8,Nail Strips,deepseek-v4-flash
B081N7TZ9M,attribute_910af2db869c20d2,0.9,7pcs/Pack,deepseek-v4-flash
B01N460W5Z,attribute_d14c8f2db7110c5f,0.95,store: LilyAngel,deepseek-v4-flash
B01N460W5Z,attribute_c301b5888660fbbb,0.9,Item Form: Powder,deepseek-v4-flash
B01N460W5Z,attribute_049bc25aa5c6ec32,0.9,Color: 1 color holographic powder,deepseek-v4-flash
B01N460W5Z,attribute_a541fc05abd5a052,0.75,title: 12pcs,deepseek-v4-flash
B01N460W5Z,attribute_58b3eeff5ad525b9,0.9,Mirror Nail Powder,deepseek-v4-flash
B01N460W5Z,attribute_e5e070868810bfc4,0.9,Item Form: Powder,deepseek-v4-flash
B01N460W5Z,attribute_a683da9f363a910c,0.9,Color: 1 color holographic powder,deepseek-v4-flash
B01N460W5Z,attribute_2dd883bc32345e1f,0.9,12pcs/set,deepseek-v4-flash
B01LY0P2KN,attribute_3196a2b6c029f901,0.95,store: DZT1968,deepseek-v4-flash
B01LY0P2KN,attribute_0bb0c6795a023be3,0.9,Material: Polyvinyl Chloride,deepseek-v4-flash
B01LY0P2KN,attribute_f86654b7149035ea,0.9,Color: Green,deepseek-v4-flash
B01LY0P2KN,attribute_bfb8d8ca6540219b,0.9,Whale Toothbrush holder,deepseek-v4-flash
B01LY0P2KN,attribute_04593d5d5d7bdac2,0.9,Material:PVC,deepseek-v4-flash
B01LY0P2KN,attribute_eba7add99dc5e00b,0.9,Size:17.5*6.6*5.5cm,deepseek-v4-flash
B00XDCZT4E,attribute_86c70f5d736aedd1,0.9,Skin Type: Dry,deepseek-v4-flash
B00XDCZT4E,attribute_af71680c3079f29f,0.9,Item Form: Cream,deepseek-v4-flash
B00XDCZT4E,attribute_b45ea62960e1859b,0.9,Unit Count: 9.0 Fl Oz,deepseek-v4-flash
B07L49PZ4C,attribute_830d49ccfad11fbf,0.95,store: USonline911,deepseek-v4-flash
B09GNXK3N1,attribute_e2badfd0675cfd50,0.95,store: SMPL objects,deepseek-v4-flash
B09GNXK3N1,attribute_04964c07b608085f,0.9,Material: Polyester,deepseek-v4-flash
B087JQQZK1,attribute_7a104ebaea95a946,0.95,store: DKAF,rules
B087JQQZK1,attribute_ecd13d995fe7b527,0.75,title: 5Pcs,rules
B088ZPLPN8,attribute_bc1a96bd906d1065,0.95,store: Benafee,deepseek-v4-flash
B088ZPLPN8,attribute_0efeb815415e9186,0.9,Material: Human Hair,deepseek-v4-flash
B088ZPLPN8,attribute_3c6b220fd942dff3,0.9,Hair Type: Straight,deepseek-v4-flash
B088ZPLPN8,attribute_a8d80fb2270ca2ab,0.75,title: 100g,deepseek-v4-flash
B088ZPLPN8,attribute_b96630ed250523ee,0.65,title: brown,deepseek-v4-flash
B08H5HYM2P,attribute_66885ed25dfbc59d,0.95,store: WILLBOND,deepseek-v4-flash
B08H5HYM2P,attribute_3b8d3fb29903d928,0.9,Material: Rhinestone,deepseek-v4-flash
B08H5HYM2P,attribute_dfbcd2dc574360f4,0.9,Size: 4 piece Set,deepseek-v4-flash
B0865RQZRJ,attribute_9cf06b896b566625,0.95,store: NAQIER,deepseek-v4-flash
B0865RQZRJ,attribute_f03aa5d3452da917,0.9,Color: Black,deepseek-v4-flash
B087P7QDQ5,attribute_a81fc8d21e271135,0.95,store: PEACOCO,deepseek-v4-flash
B087P7QDQ5,attribute_cd744dd77d211b38,0.9,Material: Synthetic,deepseek-v4-flash
B087P7QDQ5,attribute_b5e40193f5860fe3,0.9,Hair Type: Curly,deepseek-v4-flash
B087P7QDQ5,attribute_cabcafb5cff1d48f,0.75,title: 20 Inch,deepseek-v4-flash
B087P7QDQ5,attribute_f03aa5d3452da917,0.65,title: black,deepseek-v4-flash
B01H6WJQ8G,attribute_739df5db2ea53ab3,0.95,store: Guangxun Company,deepseek-v4-flash
B01H6WJQ8G,attribute_0efeb815415e9186,0.9,Material: Human Hair,deepseek-v4-flash
B01H6WJQ8G,attribute_b96630ed250523ee,0.9,Color: brown,deepseek-v4-flash
B01H6WJQ8G,attribute_6d93ef7be1468712,0.9,"Hair Type: Curly, Kinky",deepseek-v4-flash
B01H6WJQ8G,attribute_ed5c67af1cffc384,0.75,title: 16 inch,deepseek-v4-flash
B01E6HRAP0,attribute_a3683d93fd13f6d1,0.95,store: CLEAR TURN,deepseek-v4-flash
B01E6HRAP0,attribute_86c70f5d736aedd1,0.9,Skin Type: Dry,deepseek-v4-flash
B01E6HRAP0,attribute_571e4ae47b2c9521,0.9,Scent: Floral,deepseek-v4-flash
B01E6HRAP0,attribute_ad678151a2c91e55,0.9,Item Form: Mask,deepseek-v4-flash
B01E6HRAP0,attribute_545a7b86a69d38a9,0.9,Product Benefits: Moisturizing,deepseek-v4-flash
B01E6HRAP0,attribute_1b00c776edc10fad,0.65,title: clear,deepseek-v4-flash
B01FYPDMK0,attribute_14ea3cc8e6d2ac6f,0.95,store: DJDL,rules
B01FYPDMK0,attribute_ea2ff94c7cab2d75,0.75,title: 8 fl oz,rules
B0B1CS4PYB,attribute_c0b9fabc95f5d9a7,0.95,store: RedFlow,rules
B0B1CS4PYB,attribute_e0010c7b89f6793a,0.75,title: 6 Pcs,rules
B0B1CS4PYB,attribute_dade4590d7137f15,0.65,title: gold,rules
B07MHK2P15,attribute_19c15ea60f2938fe,0.95,store: Dream Soul,rules
B015QSOGC8,attribute_27f586ba6d2cadcd,0.95,store: Greenwich Bay Trading Company Soaps,deepseek-v4-flash
B015QSOGC8,attribute_f9b963c924968cfc,0.9,"Scent: Eucalyptus, Honey, Pear, Peppermint, Chocolate, Ginger, Lily, Cranberry",deepseek-v4-flash
B015QSOGC8,attribute_9ec11ecb096b876f,0.9,Item Form: Bar,deepseek-v4-flash
B015QSOGC8,attribute_2d5da1788e86921f,0.75,title: 15 pack,deepseek-v4-flash
B015QSOGC8,attribute_152c973c88764e88,0.9,Soap Sampler,deepseek-v4-flash
B015QSOGC8,attribute_f0d9c9f3cf663902,0.9,Scent: Eucalyptus,deepseek-v4-flash
B015QSOGC8,attribute_743ac42c23090844,0.9,Scent: Honey,deepseek-v4-flash
B015QSOGC8,attribute_4ba6df0addd01e6a,0.9,Scent: Pear,deepseek-v4-flash
B015QSOGC8,attribute_eefb1300ff14b687,0.9,Scent: Peppermint,deepseek-v4-flash
B015QSOGC8,attribute_e2359f9fb629ff37,0.9,Scent: Chocolate,deepseek-v4-flash
B015QSOGC8,attribute_e79916a2fb0a543f,0.9,Scent: Ginger,deepseek-v4-flash
B015QSOGC8,attribute_7e8edc532dd99c96,0.9,Scent: Lily,deepseek-v4-flash
B015QSOGC8,attribute_916ea77d61f599ec,0.9,Scent: Cranberry,deepseek-v4-flash
B015QSOGC8,attribute_f5c859741a0a915e,0.9,1.9oz mini soap square,deepseek-v4-flash
B015QSOGC8,attribute_d1e806f821aff0f2,0.9,enriched with shea butter,deepseek-v4-flash
B015QSOGC8,attribute_9db66f23183c5aa4,0.9,essential oils,deepseek-v4-flash
B015QSOGC8,attribute_4320118740b08316,0.9,natural extracts,deepseek-v4-flash
B015QSOGC8,attribute_545a7b86a69d38a9,0.7,enriched with shea butter,deepseek-v4-flash
B08D884BPX,attribute_0c8aaa8442a7efb9,0.95,store: Massimiliano Incas,deepseek-v4-flash
B08D884BPX,attribute_0a552befcc9a10a1,0.9,Material: Cotton,deepseek-v4-flash
B08D884BPX,attribute_94d7ddc6afd2a95c,0.9,Size: 1 Count (Pack of 1),deepseek-v4-flash
B08D884BPX,attribute_f03aa5d3452da917,0.65,title: black,deepseek-v4-flash
B07L1SFMC4,attribute_cf719bb93a2c368a,0.95,store: Karma Cosmetics,deepseek-v4-flash
B07L1SFMC4,attribute_86c70f5d736aedd1,0.9,Skin Type: Dry,deepseek-v4-flash
B07L1SFMC4,attribute_42f2ef53eef1b341,0.9,Item Form: Gel,deepseek-v4-flash
B07L1SFMC4,attribute_976fbbc6cf27d46a,0.9,Exfoliating Foot Peel Mask,deepseek-v4-flash
B07L1SFMC4,attribute_1447ebe521618f23,0.9,Foot Peel Mask,deepseek-v4-flash
B07L1SFMC4,attribute_cbf751b274696550,0.9,Exfoliating Foot Peel Mask,deepseek-v4-flash
B07L1SFMC4,attribute_49a5cf1dca270cbe,0.8,"Softer, Smooth Feet",deepseek-v4-flash
B07L1SFMC4,attribute_59d09a0d1d6bf344,0.9,Gently Peel Away Calluses & Dead Skin,deepseek-v4-flash
B01EJ8T1LW,attribute_d2eea97dfa2fabc5,0.95,store: Maybelline New York,deepseek-v4-flash
B01EJ8T1LW,attribute_fc6db98750f95668,0.9,Skin Type: All,deepseek-v4-flash
B01EJ8T1LW,attribute_a0f92e4defc47e1c,0.9,Item Form: Stick,deepseek-v4-flash
B01EJ8T1LW,attribute_d3ce87488ba270aa,0.9,Color: Rebel red,deepseek-v4-flash
B01EJ8T1LW,attribute_a64490da866eb222,0.65,title: red,deepseek-v4-flash
B097N4BB5X,attribute_601f0b71ab06a2de,0.95,store: Geyoga,deepseek-v4-flash
B097N4BB5X,attribute_0aad32830a89bc1c,0.9,Material: Nylon,deepseek-v4-flash
B013GCHMH2,attribute_30431c3fbdb92afa,0.95,store: Hello,deepseek-v4-flash
B00NU1IO0Y,attribute_f240513086d1abf4,0.95,store: Best,rules
B00NU1IO0Y,attribute_8f250fa9db0de2d1,0.75,title: 12 PCS,rules
B01LYQLV0X,attribute_e72fd29d7270dcb6,0.95,store: Simple,deepseek-v4-flash
B01LYQLV0X,attribute_a3cf6c5af8a8eb3f,0.9,"Skin Type: Sensitive,All Skin Types",deepseek-v4-flash
B01LYQLV0X,attribute_401c536d234b7bd5,0.9,Scent: Cucumber,deepseek-v4-flash
B01LYQLV0X,attribute_42f2ef53eef1b341,0.9,Item Form: Gel,deepseek-v4-flash
B01LYQLV0X,attribute_d4f65a233fd16315,0.75,title: 500 Ml,deepseek-v4-flash
B01LYQLV0X,attribute_fbd8936c219bb836,0.95,Skin Type: Sensitive,deepseek-v4-flash
B01LYQLV0X,attribute_8a85bb4f5d9fd813,0.9,Skin Type: All Skin Types,deepseek-v4-flash
B01LYQLV0X,attribute_2a02a1135fa9df2a,0.8,Refreshing Shower Gel,deepseek-v4-flash
B01LYQLV0X,attribute_c9b2915246f278b3,0.9,Refreshing Shower Gel,deepseek-v4-flash
B09CYT7W58,attribute_5d842538c53c0c71,0.95,store: Dreamore,deepseek-v4-flash
B09CYT7W58,attribute_86c70f5d736aedd1,0.9,Skin Type: Dry,deepseek-v4-flash
B09CYT7W58,attribute_0f8ed5901d11ed81,0.9,Scent: Himalayan Salt,deepseek-v4-flash
B09CYT7W58,attribute_cbf751b274696550,0.9,Product Benefits: Exfoliating,deepseek-v4-flash
B09CYT7W58,attribute_a9b7faa9bba8dd07,1.0,Skin Type: Dry,deepseek-v4-flash
B09CYT7W58,attribute_57ee6920413808f8,0.8,Scent: Himalayan Salt,deepseek-v4-flash
B09CYT7W58,attribute_56b76a1f60405b32,1.0,Product Benefits: Exfoliating,deepseek-v4-flash
B09CYT7W58,attribute_22490089a062c0ad,1.0,Moisturize Skin,deepseek-v4-flash
B09CYT7W58,attribute_0578b44b0b954df0,0.9,Deep Cleansing Moisturizing Body Scrub,deepseek-v4-flash
B09CYT7W58,attribute_c33dfaa088960e77,1.0,Exfoliating Salt Scrub,deepseek-v4-flash
B09CYT7W58,attribute_79b03a8a81b0a924,1.0,Himalayan Salt Body Scrub,deepseek-v4-flash
B09CYT7W58,attribute_5d45b874163872d7,1.0,Lychee Oil Exfoliating Salt Scrub,deepseek-v4-flash
B09CYT7W58,attribute_0d3aef31c1d0da6c,1.0,Body Scrub,deepseek-v4-flash
B08ZY25DHT,attribute_eaf83ce98f91eb36,0.95,store: APT ACCESSORY,deepseek-v4-flash
B08ZY25DHT,attribute_4cfe547b969d3a2b,0.9,Material: Alloy Steel,deepseek-v4-flash
B08ZY25DHT,attribute_2ac91817c6dc2ed6,0.9,Unit Count: 1.00 Count,deepseek-v4-flash
B08ZY25DHT,attribute_7479fde1126b6127,0.9,Turban Style Top Knot Headband,deepseek-v4-flash
B08QJ9GZV2,attribute_2fa170176b26343c,0.95,store: Patelai,deepseek-v4-flash
B08QJ9GZV2,attribute_fc33216d6cb414f5,0.9,"Material: Plastic, Metal",deepseek-v4-flash
B08QJ9GZV2,attribute_5c7e38781ffcc3cd,0.9,Color: Purple,deepseek-v4-flash
B08QJ9GZV2,attribute_a3e15900fc78187c,0.9,Hair Type: All,deepseek-v4-flash
B08QJ9GZV2,attribute_2ac91817c6dc2ed6,0.9,Unit Count: 1.00 Count,deepseek-v4-flash
B08QJ9GZV2,attribute_703a408417ea8951,0.9,"Plastic, Metal",deepseek-v4-flash
B08QJ9GZV2,attribute_64e1b604d8fbc982,0.9,"Plastic, Metal",deepseek-v4-flash
B08QJ9GZV2,attribute_7d0bd4e0917bbb86,0.9,size of teasing comb is about 8.67 x 1.1 inch/ 22 x 2.8 cm,deepseek-v4-flash
B08QJ9GZV2,attribute_c5c370cb9de2c2de,0.9,length of clips is approx. 3.15 inch/ 8 cm,deepseek-v4-flash
B08QJ9GZV2,attribute_d7fbd629b416aead,0.9,you will receive totally 8 pieces of parting comb and 8 pieces of sectioning clips,deepseek-v4-flash
B08QJ9GZV2,attribute_5a87129a6de1d021,0.8,"suitable for styling, parting, combing back, post-styling and hair dye",deepseek-v4-flash
B08QJ9GZV2,attribute_1f50bfea7a71a39f,0.9,for Hair Styling Hairdressing,deepseek-v4-flash
B08QJ9GZV2,attribute_ee49c39c115eb487,0.9,Parting Comb Sectioning Clips Set,deepseek-v4-flash
B01KM5VRSQ,attribute_1e13110d0af5840c,0.95,store: Misaky make up,deepseek-v4-flash
B01KM5VRSQ,attribute_78b4f17efc6e519b,0.9,Material: Canvas,deepseek-v4-flash
B01KM5VRSQ,attribute_1ab4b8ffdfec4f8f,0.9,Color: White,deepseek-v4-flash
B01KM5VRSQ,attribute_4144f7d0daa3e375,0.9,Mini Style:13cmX9cmX9.5cm,deepseek-v4-flash
B01KM5VRSQ,attribute_a6441765e3a24189,1.0,Clutch Bag,deepseek-v4-flash
B01KM5VRSQ,attribute_8551abefbc3f65ac,0.8,Wallet,deepseek-v4-flash
B087TNLPCP,attribute_54beeca4ea032217,0.95,store: SHINEHAIR,deepseek-v4-flash
B087TNLPCP,attribute_cd744dd77d211b38,0.9,Material: Synthetic,deepseek-v4-flash
B087TNLPCP,attribute_f5014e73afcc8131,0.9,Hair Type: Wavy,deepseek-v4-flash
B087TNLPCP,attribute_86ae89fc7aa016be,0.75,title: 22 Inch,deepseek-v4-flash
B087TNLPCP,attribute_b96630ed250523ee,0.65,title: brown,deepseek-v4-flash
B087TNLPCP,attribute_12693e6230ff6ca8,1.0,Dark Brown,deepseek-v4-flash
B087TNLPCP,attribute_fe1f1d7e609ecf9f,0.95,22 Inch,deepseek-v4-flash
B087TNLPCP,attribute_5ae8aa790d199387,1.0,Lace Front Wigs,deepseek-v4-flash
B01M1RYC9M,attribute_ce3d03606358f2bc,0.95,store: COLOR CLEANER,deepseek-v4-flash
B01M1RYC9M,attribute_fbd8936c219bb836,0.9,Skin Type: Sensitive,deepseek-v4-flash
B072JG9WW8,attribute_19fcbf018e5b6648,0.95,store: LA Splash,deepseek-v4-flash
B072JG9WW8,attribute_fc6db98750f95668,0.9,Skin Type: All,deepseek-v4-flash
B072JG9WW8,attribute_70948989c95ee1b1,0.9,Item Form: Liquid,deepseek-v4-flash
B072JG9WW8,attribute_7b2bb9a7484f7fc8,0.9,Color: Poison Apple,deepseek-v4-flash
B072JG9WW8,attribute_a64490da866eb222,0.65,title: red,deepseek-v4-flash
B09XQB1S2F,attribute_1aeca7e88a3e6213,0.95,store: BCHR,deepseek-v4-flash
B09XQB1S2F,attribute_cd744dd77d211b38,0.9,Material: Synthetic,deepseek-v4-flash
B09XQB1S2F,attribute_3c6b220fd942dff3,0.9,Hair Type: Straight,deepseek-v4-flash
B09XQB1S2F,attribute_2f222083c2390ce0,0.65,title: pink,deepseek-v4-flash
B08K2VZ23H,attribute_7c54059f4e2aa2a3,0.95,store: DMS,deepseek-v4-flash
B08K2VZ23H,attribute_0efeb815415e9186,0.9,Material: Human Hair,deepseek-v4-flash
B08K2VZ23H,attribute_b5e40193f5860fe3,0.9,Hair Type: Curly,deepseek-v4-flash
B08K2VZ23H,attribute_e3fd5743ce32bccf,0.9,Hair Type: Curly,deepseek-v4-flash
B08K2VZ23H,attribute_3de2d6f5ef280e51,0.8,Title: Body Wave,deepseek-v4-flash
B08K2VZ23H,attribute_71644b14bdc5b0fc,0.9,Title: Hair Bundles,deepseek-v4-flash
B07NBLP4GJ,attribute_4670cf73e3fbeb00,0.95,store: QNT,deepseek-v4-flash
B07NBLP4GJ,attribute_cb92351ccb0879cd,0.9,Item Form: Filer,deepseek-v4-flash
B07NBLP4GJ,attribute_6d4caca9bf37464a,0.9,"Color: Red, White",deepseek-v4-flash
B07NBLP4GJ,attribute_2ac91817c6dc2ed6,0.9,Unit Count: 1.00 Count,deepseek-v4-flash
B07NBLP4GJ,attribute_74e0a07431c9a287,0.7,Item Form: Filer,deepseek-v4-flash
B07NBLP4GJ,attribute_f721d3a6cc26f26c,0.9,Unit Count: 1.00 Count,deepseek-v4-flash
B07NBLP4GJ,attribute_79357421c5f73db5,0.8,Removes tough foot calluses,deepseek-v4-flash
B07NBLP4GJ,attribute_3766883870923491,0.8,removes tough foot calluses,deepseek-v4-flash
B07NBLP4GJ,attribute_460d486ed41b044a,0.9,Cordless and rechargeable,deepseek-v4-flash
B094616DBT,attribute_d8e351c279ba40d4,0.95,store: WEISPO,deepseek-v4-flash
B094616DBT,attribute_aa23ccf253f4f699,0.9,Size: 6 Piece Set,deepseek-v4-flash
B094616DBT,attribute_0887895f28310db2,0.75,title: 6PCS,deepseek-v4-flash
B094616DBT,attribute_ffdbae73c27ad086,0.9,Title: Temporary Tattoo Stickers,deepseek-v4-flash
B00J4V6L1I,attribute_9bb4f75691d7124a,0.95,store: Valobra,rules
B00J4V6L1I,attribute_a8d80fb2270ca2ab,0.75,title: 100g,rules
B0BV1KNVV4,attribute_c4536a17cd0e895a,0.95,store: Generic,deepseek-v4-flash
B0BV1KNVV4,attribute_571e4ae47b2c9521,0.9,Scent: Floral,deepseek-v4-flash
B0BV1KNVV4,attribute_70948989c95ee1b1,0.9,Item Form: Liquid,deepseek-v4-flash
B0BV1KNVV4,attribute_20ecf3163f110e23,0.75,title: 3.4 Ounce,deepseek-v4-flash
B08CV2LYTG,attribute_5ddb088e93e3dd19,0.95,store: Glinda,deepseek-v4-flash
B08CV2LYTG,attribute_cd744dd77d211b38,0.9,Material: Synthetic,deepseek-v4-flash
B08CV2LYTG,attribute_f5014e73afcc8131,0.9,Hair Type: Wavy,deepseek-v4-flash
B08CV2LYTG,attribute_ed5c67af1cffc384,0.75,title: 16 Inch,deepseek-v4-flash
B08CV2LYTG,attribute_72f40f803eb5363f,0.65,title: blonde,deepseek-v4-flash
B081XD2HRD,attribute_f49c0cf7e6ae1aad,0.95,store: Tom Ford,deepseek-v4-flash
B081XD2HRD,attribute_fc6db98750f95668,0.9,Skin Type: All,deepseek-v4-flash
B081XD2HRD,attribute_af71680c3079f29f,0.9,Item Form: Cream,deepseek-v4-flash
B088BCF77J,attribute_715821d75c3bafe7,0.95,store: Daisy DND,deepseek-v4-flash
B088BCF77J,attribute_42f2ef53eef1b341,0.9,Item Form: Gel,deepseek-v4-flash
B088BCF77J,attribute_2ac91817c6dc2ed6,0.9,Unit Count: 1.00 Count,deepseek-v4-flash
B07ZCQX1VS,attribute_1dad3f5a7d04a43c,0.95,store: CeXin,deepseek-v4-flash
B07ZCQX1VS,attribute_cd744dd77d211b38,0.9,Material: Synthetic,deepseek-v4-flash
B07ZCQX1VS,attribute_f03aa5d3452da917,0.9,Color: black,deepseek-v4-flash
B07ZCQX1VS,attribute_b5e40193f5860fe3,0.9,Hair Type: Curly,deepseek-v4-flash
B01MTKCU9L,attribute_9db79c4611d12e22,0.95,store: QTHAIR,deepseek-v4-flash
B01MTKCU9L,attribute_c0d7efe70d2b67e4,0.9,Color: Indian Hair,deepseek-v4-flash
B01MTKCU9L,attribute_3c6b220fd942dff3,0.9,Hair Type: Straight,deepseek-v4-flash
B01MTKCU9L,attribute_ed5c67af1cffc384,0.75,title: 16 inch,deepseek-v4-flash
B07JGBN63S,attribute_57a6d1e8f46648da,0.95,store: Bo Feng,rules
B002ESSD82,attribute_95d00dea8b7d2371,0.95,store: Sun's Eye Pure Oils,deepseek-v4-flash
B002ESSD82,attribute_fc6db98750f95668,0.9,Skin Type: All,deepseek-v4-flash
B002ESSD82,attribute_1dffaa257c5c9706,0.9,Item Form: Oil,deepseek-v4-flash
B002ESSD82,attribute_2ac91817c6dc2ed6,0.9,Unit Count: 1.00 Count,deepseek-v4-flash
B002ESSD82,attribute_26527f642bc6cc86,0.75,title: 2 Ounce,deepseek-v4-flash
B06X18NFXL,attribute_1dffaa257c5c9706,0.9,Item Form: Oil,deepseek-v4-flash
B06X18NFXL,attribute_ea2cb849cd83aa31,0.9,Unit Count: 1.7 Fl Oz,deepseek-v4-flash
B07Z3XTDQL,attribute_549b5caecbb10bfe,0.95,store: Funfunman,deepseek-v4-flash
B07Z3XTDQL,attribute_fc6db98750f95668,0.9,Skin Type: All,deepseek-v4-flash
B07Z3XTDQL,attribute_a0f92e4defc47e1c,0.9,Item Form: Stick,deepseek-v4-flash
B07Z3XTDQL,attribute_522770f1c65cc5a4,0.75,title: 3Pack,deepseek-v4-flash
B07Z3XTDQL,attribute_f86654b7149035ea,0.65,title: green,deepseek-v4-flash
B071NW126W,attribute_bbd4bfe09c381663,0.95,store: Salon Science,rules
B01MUBDITE,attribute_8b39b4feec9efab6,0.95,store: Lilly Pulitzer,deepseek-v4-flash
B01MUBDITE,attribute_04964c07b608085f,0.9,Material: Polyester,deepseek-v4-flash
B01MUBDITE,attribute_38e1e88f5ae17321,0.9,Color: Coco Coral Crab,deepseek-v4-flash
B01MUBDITE,attribute_4525b17f65fab589,1.0,Made of 90% polyester and 10% spandex,deepseek-v4-flash
B01MUBDITE,attribute_7479fde1126b6127,1.0,headbands for women,deepseek-v4-flash
B01MUBDITE,attribute_5426ae370f0305c2,1.0,one size fits all,deepseek-v4-flash
B01MUBDITE,attribute_8801cfe08eab4af8,1.0,keep all your hair out of the way,deepseek-v4-flash
B01MUBDITE,attribute_5a87129a6de1d021,1.0,keep all your hair out of the way,deepseek-v4-flash
B07Z4QNT9Z,attribute_66885ed25dfbc59d,0.95,store: WILLBOND,deepseek-v4-flash
B07Z4QNT9Z,attribute_42db5b7525705d3f,0.9,Item Form: Elastic,deepseek-v4-flash
B07Z4QNT9Z,attribute_5b81710e6204ae58,0.9,"Material: Foam,Sponge",deepseek-v4-flash
B07Z4QNT9Z,attribute_b5e40193f5860fe3,0.9,Hair Type: Curly,deepseek-v4-flash
B07Z4QNT9Z,attribute_0ba07bcece2b52d8,0.75,title: 28 Pcs,deepseek-v4-flash
B07Z4QNT9Z,attribute_643b5a92f5ae0ee6,1.0,"Material: Foam,Sponge; Item Form: Elastic",deepseek-v4-flash
B07Z4QNT9Z,attribute_590be1edfc3c61c3,1.0,Donut Hair Bun Maker Set,deepseek-v4-flash
B0891VW823,attribute_e1427413d972500a,0.95,store: LUMIERE,deepseek-v4-flash
B0891VW823,attribute_0efeb815415e9186,0.9,Material: Human Hair,deepseek-v4-flash
B0891VW823,attribute_e8e7fea2a5737144,0.9,Color: Natural,deepseek-v4-flash
B0891VW823,attribute_51612ed7068aee26,0.75,title: 26 inch,deepseek-v4-flash
B0891VW823,attribute_933e4d9e371b8336,1.0,Pre-Stretched Braiding Hair Extensions,deepseek-v4-flash
B0891VW823,attribute_7a6460a4370de485,1.0,Yaki Texture,deepseek-v4-flash
B0074AKVD0,attribute_0c5a08cb194c97de,0.95,store: Parker Safety Razor,rules
B0074AKVD0,attribute_f03aa5d3452da917,0.65,title: black,rules
B07DGG2LLT,attribute_ef74f99d5ad21094,0.95,store: Eco Style,rules
B07DGG2LLT,attribute_86dd2f2c28143f99,0.75,title: 16oz,rules
B07DGG2LLT,attribute_dade4590d7137f15,0.65,title: gold,rules
B07GS93SMP,attribute_62e9d23b3beb789c,0.95,store: Fiddy,deepseek-v4-flash
B07GS93SMP,attribute_fc6db98750f95668,0.9,Skin Type: All,deepseek-v4-flash
B07GS93SMP,attribute_c4222ddd1f64c9da,0.9,Item Form: Wand,deepseek-v4-flash
B07GS93SMP,attribute_02ed94db9b5d9d14,1.0,Skin Type: All,deepseek-v4-flash
B07GS93SMP,attribute_d8157df5a0d372a3,1.0,Item Form: Wand,deepseek-v4-flash
B09JNP2PW3,attribute_81a31fc3b14febc6,0.95,store: KRALER,deepseek-v4-flash
B09JNP2PW3,attribute_cd744dd77d211b38,0.9,Material: Synthetic,deepseek-v4-flash
B09JNP2PW3,attribute_dbb4b768e54a993b,0.9,Hair Type: Color,deepseek-v4-flash
B09JNP2PW3,attribute_b96630ed250523ee,0.65,title: brown,deepseek-v4-flash
B09JNP2PW3,attribute_ee7489fb9ab2d3c5,1.0,Hair Type: Color,deepseek-v4-flash
B08CBWQSCP,attribute_830d49ccfad11fbf,0.95,store: USonline911,deepseek-v4-flash
B08CBWQSCP,attribute_703a408417ea8951,0.9,Material: Plastic,deepseek-v4-flash
B08CBWQSCP,attribute_b96630ed250523ee,0.9,Color: Brown,deepseek-v4-flash
B08CBWQSCP,attribute_614f0ec3cdaef1d7,0.9,Size: Medium,deepseek-v4-flash
B07Y8VTXP1,attribute_98d973fc8ebfa635,0.95,store: x-pression,rules
B00Q2CCSAA,attribute_1b00c776edc10fad,0.9,Color: Clear,rules
B00Q2CCSAA,attribute_7593a2dd5e3d205f,0.75,title: 8g,rules
B00IGIMQ9G,attribute_3f28cc3b9c0f6d0c,0.95,store: M*A*D Minerals,deepseek-v4-flash
B00IGIMQ9G,attribute_3e971c1d6aa4f1c1,0.9,Item Form: Loose,deepseek-v4-flash
B00IGIMQ9G,attribute_14b57565e90cd36e,0.75,title: 10 Gram,deepseek-v4-flash
B00IGIMQ9G,attribute_4cf3ce2ec5d0233d,0.9,Loose Powder Mineral Shimmer,deepseek-v4-flash
B00IGIMQ9G,attribute_d8f08d103624e10c,0.8,Shimmer,deepseek-v4-flash
B0BNKHNWDW,attribute_9db79c4611d12e22,0.95,store: QTHAIR,deepseek-v4-flash
B0BNKHNWDW,attribute_0efeb815415e9186,0.9,Material: Human Hair,deepseek-v4-flash
B0BNKHNWDW,attribute_fd001d58eb405d04,0.9,Color: #613 Color,deepseek-v4-flash
B0BNKHNWDW,attribute_f5014e73afcc8131,0.9,Hair Type: Wavy,deepseek-v4-flash
B0BNKHNWDW,attribute_a8d80fb2270ca2ab,0.75,title: 100g,deepseek-v4-flash
B0BNKHNWDW,attribute_72f40f803eb5363f,0.65,title: blonde,deepseek-v4-flash
B0BNKHNWDW,attribute_dcf20528dae9c1bf,0.9,#613 Color,deepseek-v4-flash
B0BNKHNWDW,attribute_3de2d6f5ef280e51,1.0,Body Wave,deepseek-v4-flash
B0BNKHNWDW,attribute_c39902ee63664529,0.8,613 Bundle Body Wave Human Hair,deepseek-v4-flash
B085C16NY7,attribute_b6cb531e7680c18e,0.95,store: CYOUNG,deepseek-v4-flash
B085C16NY7,attribute_b8a0a3f33c239949,0.9,Material: Rubber,deepseek-v4-flash
B085C16NY7,attribute_b5e40193f5860fe3,0.9,Hair Type: Curly,deepseek-v4-flash
B085C16NY7,attribute_2dbebb4bafe40f40,0.75,title: 1000 PCS,deepseek-v4-flash
B085C16NY7,attribute_44157cd7ffe473bd,0.9,Rubber Band Elastic Hair Band Baby Hair Ties,deepseek-v4-flash
B07RZF7G63,attribute_380c23141b960503,0.95,store: yvvo,rules
B08V131NBS,attribute_f4e5078f4a56d3c8,0.95,store: boqq,deepseek-v4-flash
B08V131NBS,attribute_265c493bd93e84de,0.9,Scent: 橙子,deepseek-v4-flash
B08V131NBS,attribute_9ec11ecb096b876f,0.9,Item Form: Bar,deepseek-v4-flash
B08V131NBS,attribute_02f9edbfe5a11a3b,0.9,"Hair Type: Dry,Chemically Treated",deepseek-v4-flash
B08V131NBS,attribute_6cd51fcb4aade6a1,0.75,title: 2 PCS,deepseek-v4-flash
B01N6UPD2H,attribute_9a4f70c93462e987,0.95,store: Elite Medical Instruments EMI,deepseek-v4-flash
B01N6UPD2H,attribute_5c7e38781ffcc3cd,0.65,title: purple,deepseek-v4-flash
B0733V2ND5,attribute_e3636bb3d3c80cca,0.95,store: Naturally Naked Organic Skincare,deepseek-v4-flash
B0733V2ND5,attribute_23d0b4e555921ec9,0.9,"Skin Type: mature,all skin types",deepseek-v4-flash
B0733V2ND5,attribute_af71680c3079f29f,0.9,Item Form: Cream,deepseek-v4-flash
B0733V2ND5,attribute_2ac91817c6dc2ed6,0.9,Unit Count: 1.00 Count,deepseek-v4-flash
B0733V2ND5,attribute_8fbb8e90dbaaaf09,0.75,title: 3.4 oz,deepseek-v4-flash
B01JW97CL4,attribute_782d6640d21197ac,0.95,store: TAFLY,rules
B07VWCX681,attribute_f5727c4889c0e9b4,0.95,store: Leyla Milani Hair,deepseek-v4-flash
B07VWCX681,attribute_c301b5888660fbbb,0.9,Item Form: Powder,deepseek-v4-flash
B07VWCX681,attribute_c88793ee298979e0,0.9,"Hair Type: All, Dry, Curly, Thick",deepseek-v4-flash
B082TW3YFH,attribute_b2fb816718bf753a,0.95,store: MAJESTIC PURE,deepseek-v4-flash
B082TW3YFH,attribute_af71680c3079f29f,0.9,Item Form: Cream,deepseek-v4-flash
B082TW3YFH,attribute_c8976aca7a43cb2a,0.9,"Hair Type: All, Chemically Treated, Damaged",deepseek-v4-flash
B082TW3YFH,attribute_76d49a1a04fb5fcf,0.75,title: 16 fl oz,deepseek-v4-flash
B0006ULJVI,attribute_ce6c7a69795e0956,0.95,store: MEDLINE,deepseek-v4-flash
B0006ULJVI,attribute_611fe1fe495ea409,0.75,title: 8 oz,deepseek-v4-flash
B0BR379JSC,attribute_be0d91fdac05677a,0.95,store: AMIRTY,deepseek-v4-flash
B0BR379JSC,attribute_34f14c15dd76cda1,0.9,Material: Human,deepseek-v4-flash
B0BR379JSC,attribute_c8ab8e4f6563fb7b,0.9,"Hair Type: Body Wave,Wave",deepseek-v4-flash
B0BR379JSC,attribute_9c9d9eadb3298777,0.75,title: 24 Inch,deepseek-v4-flash
B0BR379JSC,attribute_72f40f803eb5363f,0.65,title: blonde,deepseek-v4-flash
B00QFV60AC,attribute_eefb1300ff14b687,0.9,Scent: Peppermint,deepseek-v4-flash
B00QFV60AC,attribute_9ec11ecb096b876f,0.9,Item Form: Bar,deepseek-v4-flash
B00QFV60AC,attribute_57cc373f33f0b491,0.9,Unit Count: 10.5 Fl Oz,deepseek-v4-flash
B00QFV60AC,attribute_8a0815958a2ddb4e,0.75,title: 10.5 Oz,deepseek-v4-flash
B018IL4KT4,attribute_ff4311263480e6e4,0.95,store: FINGER LOVE,deepseek-v4-flash
B00MQ7NDQI,attribute_189d90ef866b9c96,0.75,title: 3 Pack,rules
B07BDNTXWN,attribute_79be7da5cabba939,0.95,store: Arganatural,deepseek-v4-flash
B07BDNTXWN,attribute_fc6db98750f95668,0.9,Skin Type: All,deepseek-v4-flash
B07BDNTXWN,attribute_c1290ddf3a99a528,0.9,Unit Count: 32.00 Fl Oz,deepseek-v4-flash
B07BDNTXWN,attribute_cb925c034b502d26,0.75,title: 32oz,deepseek-v4-flash
B077Z1CH6J,attribute_e580bdb61dd61a03,0.95,store: HEBE,deepseek-v4-flash
B077Z1CH6J,attribute_34f14c15dd76cda1,0.9,Material: Human,deepseek-v4-flash
B077Z1CH6J,attribute_f03aa5d3452da917,0.9,Color: Black,deepseek-v4-flash
B077Z1CH6J,attribute_3c6b220fd942dff3,0.9,Hair Type: Straight,deepseek-v4-flash
B0B4ZW767B,attribute_b86cff5a62e49a76,0.95,store: Oxeyegirl,deepseek-v4-flash
B0B4ZW767B,attribute_34f14c15dd76cda1,0.9,Material: Human,deepseek-v4-flash
B0B4ZW767B,attribute_f5014e73afcc8131,0.9,Hair Type: Wavy,deepseek-v4-flash
B0B4ZW767B,attribute_9c9d9eadb3298777,0.75,title: 24 Inch,deepseek-v4-flash
B07JB8KQF6,attribute_0ce3a68148af00c2,0.95,store: Houseables,rules
B07JB8KQF6,attribute_22564d972b5610d9,0.75,title: 1 Pcs,rules
B0721K7229,attribute_6d31fc506a927709,0.95,store: EBOOT,deepseek-v4-flash
B0721K7229,attribute_cd744dd77d211b38,0.9,Material: Synthetic,deepseek-v4-flash
B0721K7229,attribute_b5e40193f5860fe3,0.9,Hair Type: Curly,deepseek-v4-flash
B0721K7229,attribute_45401d5a831e02e8,0.75,title: 12 Pack,deepseek-v4-flash
B0721K7229,attribute_13804c80e570136f,1.0,Nylon Wig Caps,deepseek-v4-flash
B0721K7229,attribute_0aad32830a89bc1c,1.0,Nylon Wig Caps,deepseek-v4-flash
B0721K7229,attribute_4343ef60956711d7,1.0,Natural Beige,deepseek-v4-flash
B084JLBN7C,attribute_7a83038b63e5e72b,0.95,store: QinMei,deepseek-v4-flash
B084JLBN7C,attribute_0efeb815415e9186,0.9,Material: Human Hair,deepseek-v4-flash
B084JLBN7C,attribute_f41ba61585023a4c,0.9,Color: Straight Bundles,deepseek-v4-flash
B084JLBN7C,attribute_3c6b220fd942dff3,0.9,Hair Type: Straight,deepseek-v4-flash
B084JLBN7C,attribute_f03aa5d3452da917,0.65,title: black,deepseek-v4-flash
B084JLBN7C,attribute_08f16ceded6ac99e,1.0,Brazilian Virgin Hair Straight 1 Bundle,deepseek-v4-flash
B084JLBN7C,attribute_c633b0a339252bcb,1.0,Natural Black Color,deepseek-v4-flash
B084JLBN7C,attribute_fe1f1d7e609ecf9f,1.0,"22""",deepseek-v4-flash
B084JLBN7C,attribute_446d75ce2881cd12,1.0,95-100g/Bundle,deepseek-v4-flash
B084JLBN7C,attribute_b369097d3f42e34d,1.0,Brazilian Virgin Hair,deepseek-v4-flash
B086BT685W,attribute_715178c8762a87e5,0.95,store: Detroit Grooming Co.,deepseek-v4-flash
B086BT685W,attribute_b06ddfd075682715,0.9,Scent: Vanilla,deepseek-v4-flash
B086BT685W,attribute_8719400aec8afcb6,0.9,Item Form: Wax,deepseek-v4-flash
B086BT685W,attribute_a3e15900fc78187c,0.9,Hair Type: All,deepseek-v4-flash
B086BT685W,attribute_8b7e6fcb488e6162,0.75,title: 2 oz,deepseek-v4-flash
B086BT685W,attribute_6957a11189d91911,1.0,Beard Wax,deepseek-v4-flash
B086BT685W,attribute_a4df6a21498dd36d,1.0,"Corktown Scent - Vanilla, Tobacco, and Cedarwood",deepseek-v4-flash
B086BT685W,attribute_79a0454420547ee6,1.0,Strong Hold Wax,deepseek-v4-flash
B00GVIM4ZY,attribute_b39e9d913c1fd21d,0.95,store: Wet 'n' Wild,deepseek-v4-flash
B00GVIM4ZY,attribute_70948989c95ee1b1,0.9,Item Form: Liquid,deepseek-v4-flash
B00GVIM4ZY,attribute_2ac91817c6dc2ed6,0.9,Unit Count: 1.00 Count,deepseek-v4-flash
B00GVIM4ZY,attribute_68249358eb428e5e,0.8,WET N WILD Fergie Heavy Metal Nail Polish,deepseek-v4-flash
B00GVIM4ZY,attribute_b2e7fc2faae29688,0.7,Mazel Tov Madness,deepseek-v4-flash
B00GVIM4ZY,attribute_2a5fae0136994878,0.9,Item Form: Liquid,deepseek-v4-flash
B0913MM3J3,attribute_e11e933c7fd14235,0.95,store: B.TAN,deepseek-v4-flash
B0913MM3J3,attribute_eadb26207a132ac7,0.9,"Skin Type: Oily, Combination, Dry, Normal",deepseek-v4-flash
B0913MM3J3,attribute_70948989c95ee1b1,0.9,Item Form: Liquid,deepseek-v4-flash
B0913MM3J3,attribute_1b6b4ae9aadbe8a9,0.9,"Product Benefits: a violet base dark, dark 1 hour pro spray mist that knocks",deepseek-v4-flash
B0913MM3J3,attribute_01663df7b08a9a19,0.75,title: 33.8 fl oz,deepseek-v4-flash
B0913MM3J3,attribute_033c242b65146756,0.8,b.tan Spray Tan Solution,deepseek-v4-flash
B0913MM3J3,attribute_75a29c227f751fa9,0.8,"Product Benefits: a violet base dark, dark 1 hour pro spray mist that knocks our orange tones",deepseek-v4-flash
B0913MM3J3,attribute_2a5fae0136994878,0.9,Item Form: Liquid,deepseek-v4-flash
B076BPRWP6,attribute_d897e8f9b0651009,0.9,Item Form: Ribbon,deepseek-v4-flash
B076BPRWP6,attribute_1ebbfdb405f1b38d,0.9,Material: Velvet,deepseek-v4-flash
B076BPRWP6,attribute_dd9b31d78e9809bb,0.9,Unit Count: 4.00 Count,deepseek-v4-flash
B076BPRWP6,attribute_46f81f3ac5545e1f,0.9,Size: One Size,deepseek-v4-flash
B076BPRWP6,attribute_848b155a685efd97,0.75,title: 4 Pack,deepseek-v4-flash
B076BPRWP6,attribute_ff0dc6b4bc7a17a9,0.8,Velvet Hair Headband Bows,deepseek-v4-flash
B076BPRWP6,attribute_7e69e2bc2a579155,0.9,Item Form: Ribbon,deepseek-v4-flash
B08BK58ZTX,attribute_5f040e2b32edb2af,0.95,store: HLIN,rules
B08BK58ZTX,attribute_cc853181e1d73030,0.75,title: 16 oz,rules
B08K3D1FPW,attribute_123d345a5793f7f5,0.95,store: Zakia's Morocco,rules
B08K3D1FPW,attribute_2f222083c2390ce0,0.65,title: pink,rules
B077DWJ4H5,attribute_a871460333c2b818,0.95,store: THE ORDINARY,deepseek-v4-flash
B077DWJ4H5,attribute_fc6db98750f95668,0.9,Skin Type: All,deepseek-v4-flash
B077DWJ4H5,attribute_106eb31d0ad8769a,0.9,Scent: Aloe,deepseek-v4-flash
B077DWJ4H5,attribute_772371b36efb5b13,0.9,Product Benefits: Fine Line Treatment,deepseek-v4-flash
B077DWJ4H5,attribute_4e001418f2a161c2,0.75,title: 30ml,deepseek-v4-flash
B06XR79F1N,attribute_901fcda3ddff3dca,0.95,store: La Fresh,deepseek-v4-flash
B06XR79F1N,attribute_8b62c99bc0311d1b,0.9,Skin Type: Mature,deepseek-v4-flash
B06XR79F1N,attribute_af71680c3079f29f,0.9,Item Form: Cream,deepseek-v4-flash
B06XR79F1N,attribute_8c640d1f0f8de166,0.9,Unit Count: 1.7 Ounce,deepseek-v4-flash
B06XR79F1N,attribute_52a1ec6aa125d7a2,0.75,title: 0.5 oz,deepseek-v4-flash
B08HVSNLTS,attribute_c42f2423034a3bc1,0.95,store: Wondergloss,deepseek-v4-flash
B08HVSNLTS,attribute_a520aac71d9029b5,0.9,Scent: Coconut,deepseek-v4-flash
B08HVSNLTS,attribute_1dffaa257c5c9706,0.9,Item Form: Oil,deepseek-v4-flash
B08HVSNLTS,attribute_ea2cb849cd83aa31,0.9,Unit Count: 1.7 Fl Oz,deepseek-v4-flash
B08HVSNLTS,attribute_3b7e47f2ad3ff8d6,0.75,title: 1.7 Oz,deepseek-v4-flash
B00ZB090B4,attribute_70cc26fc6a40bdd9,0.95,store: Seya,rules
B00ZB090B4,attribute_dade4590d7137f15,0.65,title: gold,rules
B01D1Q8TZC,attribute_07708c495869adac,0.75,title: 12mm,rules
B01D1Q8TZC,attribute_b96630ed250523ee,0.65,title: brown,rules
B01GJOS38G,attribute_880a82f8410b7374,0.95,store: BLY,deepseek-v4-flash
B01GJOS38G,attribute_0efeb815415e9186,0.9,Material: Human Hair,deepseek-v4-flash
B01GJOS38G,attribute_f03aa5d3452da917,0.9,Color: black,deepseek-v4-flash
B01GJOS38G,attribute_3c6b220fd942dff3,0.9,Hair Type: Straight,deepseek-v4-flash
B01GJOS38G,attribute_4d100a054f1efaf0,0.75,title: 300g,deepseek-v4-flash
B01GJOS38G,attribute_2e69819f90e65698,0.8,Straight,deepseek-v4-flash
B01GJOS38G,attribute_f462b99a66440e25,0.7,Hair Extension,deepseek-v4-flash
B095K6X721,attribute_0ef3da04afcac80d,0.95,store: Jomocare,deepseek-v4-flash
B095K6X721,attribute_2ce46c0740cdb1ac,0.9,Material: Lithium,deepseek-v4-flash
B095K6X721,attribute_38740edce505787c,0.9,Color: Blue,deepseek-v4-flash
B095K6X721,attribute_2ac91817c6dc2ed6,0.9,Unit Count: 1.00 Count,deepseek-v4-flash
B095K6X721,attribute_327c101eec9c2dd5,0.8,Water Floss for Teeth,deepseek-v4-flash
B08DR7GFBL,attribute_fb4a93fff31ae14e,0.95,store: Nonebranded,deepseek-v4-flash
B08DR7GFBL,attribute_0a552befcc9a10a1,0.9,Material: Cotton,deepseek-v4-flash
B08DR7GFBL,attribute_2ac91817c6dc2ed6,0.9,Unit Count: 1.00 Count,deepseek-v4-flash
B08DR7GFBL,attribute_189d90ef866b9c96,0.75,title: 3 Pack,deepseek-v4-flash
B08DR7GFBL,attribute_a41786ecea0de5b6,0.8,Makeup Cotton Pads,deepseek-v4-flash
B08P5F12JV,attribute_48041a53b8936b31,0.95,store: Gukasxi,rules
B08P5F12JV,attribute_e55385fb0e7a84f8,0.75,title: 1000Pcs,rules
B08P5F12JV,attribute_dade4590d7137f15,0.65,title: gold,rules
B003NZKXYM,attribute_039d4a083bd09224,0.95,store: Bath & Body Works,rules
B08X423NJ9,attribute_c15b49b9ce2e04ab,0.95,store: LAAVOO,deepseek-v4-flash
B08X423NJ9,attribute_0efeb815415e9186,0.9,Material: Human Hair,deepseek-v4-flash
B08X423NJ9,attribute_3c6b220fd942dff3,0.9,Hair Type: Straight,deepseek-v4-flash
B08X423NJ9,attribute_4c16140d18630db0,0.75,title: 22inch,deepseek-v4-flash
B08X423NJ9,attribute_b96630ed250523ee,0.65,title: brown,deepseek-v4-flash
B07DSZH5NG,attribute_efb565b97f5786ea,0.95,store: KTKUDY,deepseek-v4-flash
B07DSZH5NG,attribute_f373323cfc6c53fc,0.9,Material: Wood,deepseek-v4-flash
B07DSZH5NG,attribute_cccb13d4747a85bd,0.9,Hair Type: Frizzy,deepseek-v4-flash
B07DSZH5NG,attribute_7d891282373a70a6,0.9,Unit Count: 1 Count,deepseek-v4-flash
B08BJC3K8C,attribute_c96b4688912c0054,0.95,store: Great,deepseek-v4-flash
B08BJC3K8C,attribute_04964c07b608085f,0.9,Material: Polyester,deepseek-v4-flash
B08BJC3K8C,attribute_8f250fa9db0de2d1,0.75,title: 12 PCS,deepseek-v4-flash
B099NV6BSF,attribute_8e7502fffea6265b,0.95,store: GSWOI,rules
B07L11PGZ7,attribute_d4ba492b0336fd7e,0.75,title: 5 pack,rules
B08GHYQZQ8,attribute_6d31fc506a927709,0.95,store: EBOOT,deepseek-v4-flash
B08GHYQZQ8,attribute_a40817a7f6ffbe50,0.9,Item Form: Scrunchie,deepseek-v4-flash
B08GHYQZQ8,attribute_0a552befcc9a10a1,0.9,Material: Cotton,deepseek-v4-flash
B08GHYQZQ8,attribute_a3e15900fc78187c,0.9,Hair Type: All,deepseek-v4-flash
B08GHYQZQ8,attribute_1ab4b8ffdfec4f8f,0.65,title: white,deepseek-v4-flash
B0B4X4GTGD,attribute_86600e0a0b249351,0.95,store: FalaFala,deepseek-v4-flash
B0B4X4GTGD,attribute_0efeb815415e9186,0.9,Material: Human Hair,deepseek-v4-flash
B0B4X4GTGD,attribute_5a1bb5553d3d4fbf,0.75,title: 14 Inch,deepseek-v4-flash
B07Q7QCR5Q,attribute_df7083a353bd32d4,0.95,store: ldab,deepseek-v4-flash
B07Q7QCR5Q,attribute_2ac91817c6dc2ed6,0.9,Unit Count: 1.00 Count,deepseek-v4-flash
B07Q7QCR5Q,attribute_a991997ec241e6c7,0.75,title: 10pcs,deepseek-v4-flash
B08XQNVBHQ,attribute_f5b8cfd60c8b204b,0.95,store: NEWBANG,deepseek-v4-flash
B08XQNVBHQ,attribute_962320cee0315e4d,0.9,Item Form: Pencil,deepseek-v4-flash
B07YYKZPPX,attribute_e022e55295123199,0.95,store: SheaMoisture,deepseek-v4-flash
B07YYKZPPX,attribute_fc6db98750f95668,0.9,Skin Type: All,deepseek-v4-flash
B07YYKZPPX,attribute_7fa5efe23fc37546,0.9,Item Form: Aerosol,deepseek-v4-flash
B07YYKZPPX,attribute_1a7b48be96b65b17,0.9,"Product Benefits: Detox,Exfoliating,Detoxifying",deepseek-v4-flash
B07YYKZPPX,attribute_0fc6fa98733d5f9f,0.75,title: 12 Ounce,deepseek-v4-flash
B08D6JM69V,attribute_e02aba0a53c025a4,0.95,store: Bagvhandbagro,deepseek-v4-flash
B08D6JM69V,attribute_056ad6b880d33cf9,0.9,Item Form: Wrap,deepseek-v4-flash
B08D6JM69V,attribute_8a40d7d5095ee24d,0.9,Material: Fabric,deepseek-v4-flash
B08D6JM69V,attribute_46f81f3ac5545e1f,0.9,Size: One Size,deepseek-v4-flash
B08D6JM69V,attribute_c6778fdfc3975644,0.75,title: 6 Pack,deepseek-v4-flash
B08NT53ZDG,attribute_d77af811705d7c54,0.95,store: Aliyaduo,deepseek-v4-flash
B08NT53ZDG,attribute_8ba8db87ff92bb46,0.9,Item Form: Pair,deepseek-v4-flash
B08NT53ZDG,attribute_5312ae6fb6fa533a,0.9,Material: Silicone,deepseek-v4-flash
B08NT53ZDG,attribute_2ac91817c6dc2ed6,0.9,Unit Count: 1.00 Count,deepseek-v4-flash
B08NT53ZDG,attribute_2f222083c2390ce0,0.65,title: pink,deepseek-v4-flash
B08NT53ZDG,attribute_14d2936ab33ca135,0.9,title,deepseek-v4-flash
B08NT53ZDG,attribute_4e9bb2aee0f62b0e,0.9,title,deepseek-v4-flash
B08NT53ZDG,attribute_ea7c8b0b7bc4e2a6,0.8,title,deepseek-v4-flash
B078XZN79W,attribute_07395bdb7106a060,0.95,store: Ve Sunny,deepseek-v4-flash
B078XZN79W,attribute_0efeb815415e9186,0.9,Material: Human Hair,deepseek-v4-flash
B078XZN79W,attribute_b96630ed250523ee,0.9,Color: Brown,deepseek-v4-flash
B078XZN79W,attribute_b5e40193f5860fe3,0.9,Hair Type: Curly,deepseek-v4-flash
B078XZN79W,attribute_f92d4c1ec19fcd16,0.75,title: 16inch,deepseek-v4-flash
B078XZN79W,attribute_72f40f803eb5363f,0.65,title: blonde,deepseek-v4-flash
B078XZN79W,attribute_ea1c599aa9221b14,1.0,Hair Type,deepseek-v4-flash
B078XZN79W,attribute_4d1d2f52f2b89a49,0.9,title,deepseek-v4-flash
B078XZN79W,attribute_ed5c67af1cffc384,0.9,title,deepseek-v4-flash
B09JK8VKTR,attribute_a13994ce6ce95189,0.95,store: AIFAIFA,deepseek-v4-flash
B09JK8VKTR,attribute_42f2ef53eef1b341,0.9,Item Form: Gel,deepseek-v4-flash
B09JK8VKTR,attribute_230aab7aca9a13a9,0.9,Unit Count: 25.00 Count,deepseek-v4-flash
B09JK8VKTR,attribute_3e4fdffd104184a3,0.75,title: 25Pcs,deepseek-v4-flash
B09JK8VKTR,attribute_80c60fa91846f217,1.0,Item Form,deepseek-v4-flash
B09JK8VKTR,attribute_625a61fd6504a791,1.0,Unit Count,deepseek-v4-flash
B09JK8VKTR,attribute_ab46f9685cd04344,0.9,title,deepseek-v4-flash
B074XJQMTX,attribute_d5f7394136bddd17,0.95,store: Ultru,deepseek-v4-flash
B074XJQMTX,attribute_34993f6c7d70bd28,0.9,Scent: Calming,deepseek-v4-flash
B074XJQMTX,attribute_c13be789144d37e2,0.9,Unit Count: 1.1 Fl Oz,deepseek-v4-flash
B074XJQMTX,attribute_3c2fdcb90a14ed64,0.75,title: 33ml,deepseek-v4-flash
B074XJQMTX,attribute_df51bf9aba64c8bd,0.8,Jelly Mask,deepseek-v4-flash
B074XJQMTX,attribute_c51a648ac8ecfdad,0.9,S.O.S Jelly Mask,deepseek-v4-flash
B074XJQMTX,attribute_f8dd967c245d1ab5,0.9,Calming,deepseek-v4-flash
B08FDBN7R4,attribute_bc5f5fa3bcfd04f5,0.95,store: Kingwora,deepseek-v4-flash
B08FDBN7R4,attribute_39d31cb1d079a1d0,0.9,Material: Elastic,deepseek-v4-flash
B08FDBN7R4,attribute_7479fde1126b6127,0.8,Headbands For Women,deepseek-v4-flash
B07XMCXZD7,attribute_3c7cf35c3550cea8,0.95,store: ALI TOPTINA,deepseek-v4-flash
B07XMCXZD7,attribute_5312ae6fb6fa533a,0.9,Material: Silicone,deepseek-v4-flash
B07XMCXZD7,attribute_20745f1c6e52f266,0.75,title: 3oz,deepseek-v4-flash
B082HB5TH6,attribute_6ec52bcc0211f9db,0.95,store: SUSSURRO,rules
B082HB5TH6,attribute_ecd13d995fe7b527,0.75,title: 5Pcs,rules
B08HQNTL7J,attribute_5fd8f1bcf90d564a,0.95,store: zanlufly,deepseek-v4-flash
B08HQNTL7J,attribute_8ba8db87ff92bb46,0.9,Item Form: Pair,deepseek-v4-flash
B08HQNTL7J,attribute_6e76972f4469de0a,0.9,Material: Faux Mink,deepseek-v4-flash
B08HQNTL7J,attribute_2ac91817c6dc2ed6,0.9,Unit Count: 1.00 Count,deepseek-v4-flash
B09H61PN51,attribute_46561cfcfdd01a4e,0.95,store: Ryxskin,deepseek-v4-flash
B09H61PN51,attribute_3531b62ea3cfae30,0.9,Scent: Unscented,deepseek-v4-flash
B09H61PN51,attribute_61aaf750d3bbc379,0.9,Product Benefits: Hydrating,deepseek-v4-flash
B09H61PN51,attribute_34229f8c13d40e73,0.75,title: 50ml,deepseek-v4-flash
B09H61PN51,attribute_38740edce505787c,0.65,title: blue,deepseek-v4-flash
B07RMH8RNQ,attribute_18cfdf12dbb545a6,0.95,store: URNice,deepseek-v4-flash
B07RMH8RNQ,attribute_cd744dd77d211b38,0.9,Material: Synthetic,deepseek-v4-flash
B07RMH8RNQ,attribute_b5e40193f5860fe3,0.9,Hair Type: Curly,deepseek-v4-flash
B07RMH8RNQ,attribute_26fea90f6c9d11df,0.75,title: 6 Inch,deepseek-v4-flash
B078JWY9ST,attribute_718a10fc50c39599,0.95,store: LaFlore,rules
B089Q3GF7L,attribute_13b087aa40b76170,0.95,store: Royal Lady,deepseek-v4-flash
B089Q3GF7L,attribute_0efeb815415e9186,0.9,Material: Human Hair,deepseek-v4-flash
B089Q3GF7L,attribute_f5014e73afcc8131,0.9,Hair Type: Wavy,deepseek-v4-flash
B089Q3GF7L,attribute_4d100a054f1efaf0,0.75,title: 300g,deepseek-v4-flash
B089Q3GF7L,attribute_f03aa5d3452da917,0.65,title: black,deepseek-v4-flash
B01KWA1AEM,attribute_0ba99c7ec9f1a1d7,0.95,store: Teak Naturals,deepseek-v4-flash
B01KWA1AEM,attribute_91277037454907ea,0.9,Scent: Raspberry,deepseek-v4-flash
B01KWA1AEM,attribute_1dffaa257c5c9706,0.9,Item Form: Oil,deepseek-v4-flash
B01KWA1AEM,attribute_2df7a61d6a6c1b35,0.9,Unit Count: 1 Fl Oz,deepseek-v4-flash
B01KWA1AEM,attribute_ebcb6bad84dc95c5,0.75,title: 1 oz,deepseek-v4-flash
B01KWA1AEM,attribute_a64490da866eb222,0.65,title: red,deepseek-v4-flash
B07N1GBQ9M,attribute_033f7be81e8c576f,0.95,store: WUMONI,deepseek-v4-flash
B07N1GBQ9M,attribute_8ba8db87ff92bb46,0.9,Item Form: Pair,deepseek-v4-flash
B07N1GBQ9M,attribute_2d309baeecfc7ddc,0.9,Material: Mink Fur,deepseek-v4-flash
B07N1GBQ9M,attribute_16360a0df943cef9,0.75,title: 25mm,deepseek-v4-flash
B01AHJY4YQ,attribute_1100a8b2babe5deb,0.95,store: Mosher Salon Tools,deepseek-v4-flash
B01AHJY4YQ,attribute_9b21917b24f4bed5,0.9,Material: Leather,deepseek-v4-flash
B01AHJY4YQ,attribute_546616374c64e7da,0.75,title: 6.0 Inch,deepseek-v4-flash
B01NAWAYDG,attribute_8e58ba0ac7fe89dc,0.95,store: CINQ MONDES,deepseek-v4-flash
B01NAWAYDG,attribute_571e4ae47b2c9521,0.9,Scent: Floral,deepseek-v4-flash
B01NAWAYDG,attribute_70948989c95ee1b1,0.9,Item Form: Liquid,deepseek-v4-flash
B01NAWAYDG,attribute_0345a2218ba0722d,0.75,title: 0.8 oz,deepseek-v4-flash
B093L49676,attribute_85710829ce9c7d7b,0.95,store: GOTECH,deepseek-v4-flash
B093L49676,attribute_fc6db98750f95668,0.9,Skin Type: All,deepseek-v4-flash
B093L49676,attribute_b06ddfd075682715,0.9,Scent: Vanilla,deepseek-v4-flash
B093L49676,attribute_cae5d609508b8082,0.9,Item Form: Lotion,deepseek-v4-flash
B093L49676,attribute_2ac91817c6dc2ed6,0.9,Unit Count: 1.00 Count,deepseek-v4-flash
B093L49676,attribute_144748b5065f733e,0.75,title: 140ml,deepseek-v4-flash
B07WH6RDYV,attribute_3cfa67a13bbb693a,0.95,store: Lusucat,deepseek-v4-flash
B07WH6RDYV,attribute_962320cee0315e4d,0.9,Item Form: Pencil,deepseek-v4-flash
B01HORDQ0C,attribute_0b6420226c2c2ba0,0.95,store: Sedal,deepseek-v4-flash
B01HORDQ0C,attribute_70948989c95ee1b1,0.9,Item Form: Liquid,deepseek-v4-flash
B01HORDQ0C,attribute_322188e8ffa27a0c,0.75,title: 340ml,deepseek-v4-flash
B00J7LWZLU,attribute_8b10bf23267f2298,0.95,store: K-Concept,deepseek-v4-flash
B08KZYKW62,attribute_d0133f468d2a370c,0.95,store: Geloo,rules
B08KZYKW62,attribute_ef0c27cc28ae66d3,0.75,title: 31.4 Inch,rules
B08KZYKW62,attribute_38740edce505787c,0.65,title: blue,rules
B083NDJFTL,attribute_64c197f18c0de4e9,0.95,store: Healthing,rules
B01N0USYPL,attribute_ab60a349d8d5c95c,0.95,store: Fheaven,deepseek-v4-flash
B07QGKK12K,attribute_383321a984004e52,0.95,store: Ever Ego,deepseek-v4-flash
B07QGKK12K,attribute_70948989c95ee1b1,0.9,Item Form: Liquid,deepseek-v4-flash
B07QGKK12K,attribute_2b77f13bdb4e3e9e,0.9,Hair Type: Dry,deepseek-v4-flash
B07QGKK12K,attribute_2ac91817c6dc2ed6,0.9,Unit Count: 1.00 Count,deepseek-v4-flash
B07QGKK12K,attribute_aeae891d8294e43c,0.75,title: 33.8oz,deepseek-v4-flash
B00MC9G5QK,attribute_68c20287d505757b,0.95,store: RY,deepseek-v4-flash
B00MC9G5QK,attribute_42f2ef53eef1b341,0.9,Item Form: Gel,deepseek-v4-flash
B00MC9G5QK,attribute_b35bc3a5a95c4178,0.9,Material: Acrylic,deepseek-v4-flash
B00MC9G5QK,attribute_2f222083c2390ce0,0.65,title: pink,deepseek-v4-flash
B0732PRTN7,attribute_846da76036c15e92,0.95,store: SURKER,rules
B07F5FQJF7,attribute_2dfc10f8eda208d1,0.95,store: SinBounBoun,rules
B07F5FQJF7,attribute_b96630ed250523ee,0.65,title: brown,rules
B08HLZD1NQ,attribute_b2de9ccb69576cf9,0.95,store: AWLE,rules
B09GNWC26L,attribute_90fe9d4fc27decb7,0.95,store: The Crayon Case,deepseek-v4-flash
B09GNWC26L,attribute_31120c3cac1b1296,0.9,Item Form: Crayon,deepseek-v4-flash
B09GNWC26L,attribute_504cf1e05b134684,0.9,Title says 'EyeShadow Palette',deepseek-v4-flash
B09GNWC26L,attribute_806e1b01a5bbd234,0.9,Title says '18-Pan',deepseek-v4-flash
B09GNWC26L,attribute_5ade6a9a0674b169,0.9,Description says 'shimmer or matte',deepseek-v4-flash
B01GHQMIKU,attribute_0160d4f4cba573b7,0.95,store: O3,deepseek-v4-flash
B01GHQMIKU,attribute_fc6db98750f95668,0.9,Skin Type: All,deepseek-v4-flash
B01GHQMIKU,attribute_a40d50aa7d6920db,0.9,Scent: Meladerm,deepseek-v4-flash
B01GHQMIKU,attribute_a8d80fb2270ca2ab,0.75,title: 100g,deepseek-v4-flash
B01GHQMIKU,attribute_42ea3cbfd851a0c3,0.9,Title says 'D-Tan Mask',deepseek-v4-flash
B07X8Z9W22,attribute_f6308dd4fb2a639f,0.95,store: Snozzle Pro,deepseek-v4-flash
B07X8Z9W22,attribute_cbe8071801d4f069,0.75,title: 1.5 Inch,deepseek-v4-flash
B07X8Z9W22,attribute_f03aa5d3452da917,0.65,title: black,deepseek-v4-flash
B07X8Z9W22,attribute_231426d88602f367,0.9,Title says 'Hair Dryer Nozzle Adapter',deepseek-v4-flash
B07X8Z9W22,attribute_5312ae6fb6fa533a,0.9,Feature says '100% industrial-strength silicone',deepseek-v4-flash
B07X8Z9W22,attribute_3a23c968242f8bab,0.9,"Feature says 'nozzle diameter measuring 1.5"" to 2.25""'",deepseek-v4-flash
B0182HILM6,attribute_a81d25139763e935,0.95,store: Tate's The Natural Miracle,deepseek-v4-flash
B0182HILM6,attribute_70948989c95ee1b1,0.9,Item Form: Liquid,deepseek-v4-flash
B0182HILM6,attribute_320c95d539518c2e,0.9,Unit Count: 2.00 Count,deepseek-v4-flash
B0182HILM6,attribute_8438ad776e83798d,0.75,title: 5 oz,deepseek-v4-flash
B0182HILM6,attribute_304881771d5b9bc9,1.0,Nail Polish Remover,deepseek-v4-flash
B0182HILM6,attribute_4485fa3abe0bd0ef,1.0,Odorless,deepseek-v4-flash
B0182HILM6,attribute_84069a1262d3c901,1.0,Unit Count: 2.00 Count,deepseek-v4-flash
B07BDGSMB5,attribute_7d6718e2e3333f47,0.95,store: Clinique,deepseek-v4-flash
B07BDGSMB5,attribute_04bafd83548381d1,0.9,Item Form: Spray,deepseek-v4-flash
B07BDGSMB5,attribute_e01c241883ff6340,0.75,title: 3.4 fl oz,deepseek-v4-flash
B07BDGSMB5,attribute_96d9328f52d10ba5,1.0,Eau de Toilette Spray,deepseek-v4-flash
B07BDGSMB5,attribute_c138c918792453d8,1.0,HAPPY WEEKEND,deepseek-v4-flash
B08595C6WY,attribute_24624abcd58b0568,0.95,store: Bohend,deepseek-v4-flash
B08595C6WY,attribute_0a552befcc9a10a1,0.9,Material: Cotton,deepseek-v4-flash
B08595C6WY,attribute_46f81f3ac5545e1f,0.9,Size: One Size,deepseek-v4-flash
B08595C6WY,attribute_7479fde1126b6127,1.0,Headbands,deepseek-v4-flash
B08595C6WY,attribute_049d2217c1419055,1.0,Stretchy,deepseek-v4-flash
B018I2OJTY,attribute_82d535fcdf5979b0,0.95,store: HYOUJIN,rules
B07KC7ZZ3M,attribute_6029651b08f9e514,0.95,store: inkint,rules
B07KC7ZZ3M,attribute_9fb2ab502bc0dec2,0.75,title: 1.2 Inch,rules
B0897VV65F,attribute_f3b7a77be252651c,0.95,store: ELAPOTI,rules
B00J88DTLC,attribute_f226f1bcd2543199,0.95,store: It's A Black Thang,rules
B00J88DTLC,attribute_8b7e6fcb488e6162,0.75,title: 2 oz,rules
B00J88DTLC,attribute_f03aa5d3452da917,0.65,title: black,rules
B01DY8KOM8,attribute_98ad1f30a9219485,0.9,Brand: stila,deepseek-v4-flash
B01DY8KOM8,attribute_c301b5888660fbbb,0.9,Item Form: Powder,deepseek-v4-flash
B01DY8KOM8,attribute_c37992471f74e67d,0.9,"Product Benefits: Curated to work with your skin tone, but each palette is wearable",deepseek-v4-flash
B01DY8KOM8,attribute_56dec5ce56f9e0c2,0.9,Color: Fair/Light,deepseek-v4-flash
B01DY8KOM8,attribute_5cf7ea4cd833f84f,0.9,title includes 'Eye & Cheek Palette',deepseek-v4-flash
B01DY8KOM8,attribute_f3ea007432213ed9,0.8,Product Benefits: Curated to work with your skin tone,deepseek-v4-flash
B01DY8KOM8,attribute_cff92beec5d24642,0.8,title includes 'Eye & Cheek',deepseek-v4-flash
B081FKT7CB,attribute_11164f55dde5294a,0.95,store: MORPHE,deepseek-v4-flash
B081FKT7CB,attribute_09be5f7e396620ac,0.9,"Item Form: Cream, Powder",deepseek-v4-flash
B081FKT7CB,attribute_a64490da866eb222,0.9,Color: Red,deepseek-v4-flash
B081FKT7CB,attribute_c4f1dd5cca3a2570,0.9,title includes 'Artistry Palette',deepseek-v4-flash
B081FKT7CB,attribute_af71680c3079f29f,0.8,"Item Form: Cream, Powder",deepseek-v4-flash
B081FKT7CB,attribute_c301b5888660fbbb,0.8,"Item Form: Cream, Powder",deepseek-v4-flash
B00KXJ0JJU,attribute_40ee063c2d1b3ae2,0.95,store: OMEGA,deepseek-v4-flash
B00KXJ0JJU,attribute_1315f3043efe6e9d,0.9,title includes 'Shaving Brush',deepseek-v4-flash
B00KXJ0JJU,attribute_cd744dd77d211b38,0.9,feature: '100% synthetic shaving brush',deepseek-v4-flash
B00KXJ0JJU,attribute_2f54750da8680eb6,0.8,feature: 'Soft Bristles for Close Shave',deepseek-v4-flash
B00KXJ0JJU,attribute_b6379005ebdba733,0.8,feature: 'Comfortable Resin Handle',deepseek-v4-flash
B00KXJ0JJU,attribute_676007658d6613fa,0.9,feature: 'Made in Italy',deepseek-v4-flash
B073PHJJD8,attribute_e10ab881b8962457,0.95,store: FunWorld,rules
B0926V2N5J,attribute_d77a8c75bd30b693,0.95,store: UARUOGP,deepseek-v4-flash
B0926V2N5J,attribute_fc6db98750f95668,0.9,Skin Type: All,deepseek-v4-flash
B0926V2N5J,attribute_7a0ec658a672ef0e,0.9,Material: Sponge,deepseek-v4-flash
B0926V2N5J,attribute_b49c5cc914326a51,0.9,Color: Assorted color,deepseek-v4-flash
B0926V2N5J,attribute_dade4590d7137f15,0.65,title: gold,deepseek-v4-flash
B0926V2N5J,attribute_b125105d69a0d170,0.9,Beauty Sponge Blender Holder,deepseek-v4-flash
B0926V2N5J,attribute_91f6f67f0d907219,0.7,Material : Stainless Steel,deepseek-v4-flash
B0926V2N5J,attribute_ba7c6ffe0a0377b1,0.9,Rose gold,deepseek-v4-flash
B088BWGKBJ,attribute_3274bbdf290366c5,0.95,store: HLZG,deepseek-v4-flash
B088BWGKBJ,attribute_3c6b220fd942dff3,0.9,Hair Type: Straight,deepseek-v4-flash
B088BWGKBJ,attribute_b96630ed250523ee,0.65,title: brown,deepseek-v4-flash
B088BWGKBJ,attribute_79c1f41055cdf025,0.9,Cosplay Wig,deepseek-v4-flash
B088BWGKBJ,attribute_e1d7dd73d2b45fe8,0.9,Brown Gradient Black Short Hair,deepseek-v4-flash
B088BWGKBJ,attribute_a570e2ea224191fd,0.8,Short Hair,deepseek-v4-flash
B08VJGZLDZ,attribute_aae5ee35ab1806e7,0.95,store: KaiLeQi,deepseek-v4-flash
B08VJGZLDZ,attribute_2f222083c2390ce0,0.9,Color: Pink,deepseek-v4-flash
B08VJGZLDZ,attribute_a3e15900fc78187c,0.9,Hair Type: All,deepseek-v4-flash
B08VJGZLDZ,attribute_0887895f28310db2,0.75,title: 6PCS,deepseek-v4-flash
B08VJGZLDZ,attribute_4596a992b82968d8,0.9,Decorative bobby pins,deepseek-v4-flash
B08VJGZLDZ,attribute_340333693e667a0e,0.9,6PCS,deepseek-v4-flash
B08VJGZLDZ,attribute_edce454c01d1d14d,0.8,Vintage flower decoration,deepseek-v4-flash
B08VJGZLDZ,attribute_64e1b604d8fbc982,0.8,metal hair pins,deepseek-v4-flash
B09K36D44X,attribute_a578007e232f39f9,0.95,store: KGBFASS,deepseek-v4-flash
B09K36D44X,attribute_cd744dd77d211b38,0.9,Material: Synthetic,deepseek-v4-flash
B09K36D44X,attribute_a3e15900fc78187c,0.9,Hair Type: All,deepseek-v4-flash
B09K36D44X,attribute_b96630ed250523ee,0.65,title: brown,deepseek-v4-flash
B08QN49C8N,attribute_be032e069ab59ec8,0.95,store: MTH,deepseek-v4-flash
B08QN49C8N,attribute_11e610d24b0771b9,0.9,Unit Count: 1.00 Fl Oz,deepseek-v4-flash
B08QN49C8N,attribute_0b88c05672ccfe1a,0.75,title: 1ml,deepseek-v4-flash
B01F6BEV2A,attribute_323d83dc2e159b5f,0.95,store: Emjoi,deepseek-v4-flash
B01F6BEV2A,attribute_f405f145b152ba33,0.9,Item Form: Roller,deepseek-v4-flash
B01F6BEV2A,attribute_0eca54c1102570da,0.9,Unit Count: 16.0 Ounce,deepseek-v4-flash
B0052EOS70,attribute_f51d3e3ae02d81ff,0.95,store: Effadaine,deepseek-v4-flash
B0052EOS70,attribute_86c70f5d736aedd1,0.9,Skin Type: Dry,deepseek-v4-flash
B0052EOS70,attribute_af71680c3079f29f,0.9,Item Form: Cream,deepseek-v4-flash
B0052EOS70,attribute_2ac91817c6dc2ed6,0.9,Unit Count: 1.00 Count,deepseek-v4-flash
B0052EOS70,attribute_4e001418f2a161c2,0.75,title: 30ml,deepseek-v4-flash
B01N2BILUM,attribute_edcc76df1be332aa,0.95,"store: UPD, GBG beauty Paw Patrol ZD bundle",deepseek-v4-flash
B071413GTH,attribute_58506fa9042372bc,0.95,store: OvvioInternationalTOPNaturePlus,deepseek-v4-flash
B071413GTH,attribute_fbd8936c219bb836,0.9,Skin Type: Sensitive,deepseek-v4-flash
B071413GTH,attribute_aa768a9815745d03,0.9,Item Form: Balm,deepseek-v4-flash
B071413GTH,attribute_2ac91817c6dc2ed6,0.9,Unit Count: 1.00 Count,deepseek-v4-flash
B071413GTH,attribute_52a1ec6aa125d7a2,0.75,title: 0.5 oz,deepseek-v4-flash
B087CG6WQY,attribute_5667bcd9d8c1dc5e,0.95,store: TRENDBOX,rules
B087CG6WQY,attribute_45401d5a831e02e8,0.75,title: 12 Pack,rules
B07BKTH19G,attribute_52986b0a1bfc8d26,0.95,store: Funky Fresh,deepseek-v4-flash
B07BKTH19G,attribute_38740edce505787c,0.9,Color: blue,deepseek-v4-flash
B07BKTH19G,attribute_d524753d56d9d70d,0.9,Funky Fresh foam wigs,deepseek-v4-flash
B07BKTH19G,attribute_530828b3049769bc,1.0,Foam wig,deepseek-v4-flash
B07BKTH19G,attribute_46f81f3ac5545e1f,1.0,one size fits all,deepseek-v4-flash
B07BKTH19G,attribute_f46642cc41b299ee,0.9,"Ideal for Halloween celebrations, costume parties",deepseek-v4-flash
B07BKTH19G,attribute_b494ec3b13e8d7d3,0.8,FUN FASHION,deepseek-v4-flash
B00ZUS7000,attribute_ab77118a8e8c9181,0.95,store: AVON,deepseek-v4-flash
B00ZUS7000,attribute_fc6db98750f95668,0.9,Skin Type: All,deepseek-v4-flash
B00ZUS7000,attribute_38740edce505787c,0.9,Color: blue,deepseek-v4-flash
B00ZUS7000,attribute_aa67a4f1a9f83e76,1.0,Avon Dew Kiss Lip Dew,deepseek-v4-flash
B00ZUS7000,attribute_219a759606adbdc0,1.0,.15 oz. net wt.,deepseek-v4-flash
B00ZUS7000,attribute_545a7b86a69d38a9,0.9,Treat your lips to moisture,deepseek-v4-flash
B08192SXNN,attribute_1901cd00b3f3d956,0.95,store: LQQKS,deepseek-v4-flash
B08192SXNN,attribute_525d5eeb0c4a5d73,0.9,Item Form: Clip,deepseek-v4-flash
B08192SXNN,attribute_530828b3049769bc,0.9,Material: Foam,deepseek-v4-flash
B08192SXNN,attribute_2b77f13bdb4e3e9e,0.9,Hair Type: Dry,deepseek-v4-flash
B08192SXNN,attribute_9681208d2f0f51d2,0.9,Size: 6 Count (Pack of 1),deepseek-v4-flash
B08192SXNN,attribute_ed19c4551fcb2e81,1.0,Soft Foam Cushion Hair Rollers,deepseek-v4-flash
B08192SXNN,attribute_4760eb52804ee5a4,1.0,Size: 6 Count (Pack of 1),deepseek-v4-flash
B08192SXNN,attribute_3445af3ba4e15dec,1.0,Item Form: Clip,deepseek-v4-flash
B09J889KKD,attribute_65ee663b5d298012,0.95,store: Caijuxing,deepseek-v4-flash
B09J889KKD,attribute_0efeb815415e9186,0.9,Material: Human Hair,deepseek-v4-flash
B09J889KKD,attribute_f03aa5d3452da917,0.9,Color: Black,deepseek-v4-flash
B09J889KKD,attribute_f5014e73afcc8131,0.9,Hair Type: Wavy,deepseek-v4-flash
B07RFF6RNN,attribute_35ef643b91eff223,0.95,store: Alishow,deepseek-v4-flash
B07RFF6RNN,attribute_0efeb815415e9186,0.9,Material: Human Hair,deepseek-v4-flash
B07RFF6RNN,attribute_e8e7fea2a5737144,0.9,Color: natural,deepseek-v4-flash
B07RFF6RNN,attribute_f5014e73afcc8131,0.9,Hair Type: Wavy,deepseek-v4-flash
B0009TAC14,attribute_23cd878eb9bc6c56,0.95,store: Libelle,deepseek-v4-flash
B0009TAC14,attribute_b96630ed250523ee,0.65,title: brown,deepseek-v4-flash
B0011DN60Q,attribute_3f04f97303b3eaba,0.95,store: Magick Botanicals,deepseek-v4-flash
B0011DN60Q,attribute_76d49a1a04fb5fcf,0.75,title: 16 fl oz,deepseek-v4-flash
B079Y3Y3ZV,attribute_52a08eeb20380e0f,0.95,store: IAMBEAUTY,deepseek-v4-flash
B00Q5K76DI,attribute_971de4774537628e,0.95,store: Vionic,rules
B00Q5K76DI,attribute_ac633a0ad41273e3,0.75,title: 4Pack,rules
B00Q5K76DI,attribute_38740edce505787c,0.65,title: blue,rules
B01JV91BBW,attribute_c95a2f64678595f5,0.95,store: Fake Bake,deepseek-v4-flash
B01JV91BBW,attribute_fc6db98750f95668,0.9,Skin Type: All,deepseek-v4-flash
B01JV91BBW,attribute_70948989c95ee1b1,0.9,Item Form: Liquid,deepseek-v4-flash
B01JV91BBW,attribute_3f338ab9c55c0409,0.75,title: 170 ml,deepseek-v4-flash
B01IADZLMK,attribute_216d0ce2b2070f53,0.95,store: Skin Musk,deepseek-v4-flash
B01IADZLMK,attribute_1dffaa257c5c9706,0.9,Item Form: Oil,deepseek-v4-flash
B01IADZLMK,attribute_609732e3ffb21fa1,0.75,title: 0.50 oz,deepseek-v4-flash
B07Y5VPGGN,attribute_a0ba5dd237728455,0.95,store: Newcally,deepseek-v4-flash
B07Y5VPGGN,attribute_8ba8db87ff92bb46,0.9,Item Form: Pair,deepseek-v4-flash
B07Y5VPGGN,attribute_6e76972f4469de0a,0.9,Material: Faux Mink,deepseek-v4-flash
B07Y5VPGGN,attribute_d47e71f42e46bc20,0.75,title: 18MM,deepseek-v4-flash
B08V8DVZZJ,attribute_fbc728acf2bc1d08,0.95,store: Vérité Skincare,deepseek-v4-flash
B08V8DVZZJ,attribute_da2e6a33e12c45dc,0.9,Skin Type: Combination,deepseek-v4-flash
B08V8DVZZJ,attribute_8c4ac5e0a3df2174,0.9,"Scent: Citrus, Grapefruit",deepseek-v4-flash
B08V8DVZZJ,attribute_af71680c3079f29f,0.9,Item Form: Cream,deepseek-v4-flash
B08V8DVZZJ,attribute_bb4c2f2a82224247,0.75,title: 4 fl. oz,deepseek-v4-flash
B08FCBXJFB,attribute_3d27b9b2d479cc77,0.95,store: Syntus,deepseek-v4-flash
B08FCBXJFB,attribute_fc6db98750f95668,0.9,Skin Type: All,deepseek-v4-flash
B08FCBXJFB,attribute_ed3f78978686a94f,0.9,Material: Paper,deepseek-v4-flash
B08FCBXJFB,attribute_bef2b14bcb7793ba,0.75,title: 10 Pcs,deepseek-v4-flash
B07NBPBP81,attribute_e4b73cdca3a0f2dd,0.95,store: Tarte,deepseek-v4-flash
B07NBPBP81,attribute_2ac91817c6dc2ed6,0.9,Unit Count: 1.00 Count,deepseek-v4-flash
B07NBPBP81,attribute_0996aecf8756fb85,0.75,title: 1.014oz,deepseek-v4-flash
B08L4BDNZ3,attribute_94471ece3d11a999,0.95,store: FOVIUPET,deepseek-v4-flash
B08L4BDNZ3,attribute_0ebb13a614ecc714,0.9,Material: Microfiber,deepseek-v4-flash
B08L4BDNZ3,attribute_320c95d539518c2e,0.9,Unit Count: 2.00 Count,deepseek-v4-flash
B08L4BDNZ3,attribute_b72bd63956647c5e,0.75,title: 2 Pack,deepseek-v4-flash
B07QWBWKVW,attribute_6c279d3e9e5dc34a,0.95,store: HX,deepseek-v4-flash
B07QWBWKVW,attribute_e970768ea851ecec,0.9,"Material: Horn, Wood, Plastic, Metal",deepseek-v4-flash
B07QWBWKVW,attribute_b5e40193f5860fe3,0.9,Hair Type: Curly,deepseek-v4-flash
B07QWBWKVW,attribute_2ac91817c6dc2ed6,0.9,Unit Count: 1.00 Count,deepseek-v4-flash
B07PPLWT1N,attribute_6f997c115926cc6f,0.95,store: Anterogen,deepseek-v4-flash
B07PPLWT1N,attribute_9e51203668df76d3,0.9,Skin Type: acne prone,deepseek-v4-flash
B07PPLWT1N,attribute_3531b62ea3cfae30,0.9,Scent: Unscented,deepseek-v4-flash
B07PPLWT1N,attribute_353b5bac5f57c3cb,0.9,"Item Form: Sheet, Gel",deepseek-v4-flash
B07PPLWT1N,attribute_8869859f1baa4727,0.9,"Product Benefits: Hydrating, Exfoliating, Fine Lines Treatment, Nourishing, Anti Aging, Firming",deepseek-v4-flash
B07PPLWT1N,attribute_34229f8c13d40e73,0.75,title: 50ml,deepseek-v4-flash
B01N6Y0DV8,attribute_246220cf35ff1628,0.95,store: Etude House,rules
B088QCW2Y5,attribute_66775ae2ae3e78b4,0.9,Scent: fresh,deepseek-v4-flash
B088QCW2Y5,attribute_97cd16c9acda1ac5,0.9,Item Form: Wipe,deepseek-v4-flash
B088QCW2Y5,attribute_35d1fea9bce82916,0.9,Unit Count: 100.00 Count,deepseek-v4-flash
B088QCW2Y5,attribute_de87f8bb6fd91df6,1.0,Refreshing lemon scent,deepseek-v4-flash
B088QCW2Y5,attribute_adbc920aa78aa9f4,1.0,"Alcohol-free, Gentle on your hands",deepseek-v4-flash
B088QCW2Y5,attribute_e1c9b9e1621663bf,1.0,"Unfolded: 4"" x 7""",deepseek-v4-flash
B088QCW2Y5,attribute_6d3a918704235137,1.0,Quantity: 100 Count,deepseek-v4-flash
B088QCW2Y5,attribute_d43178ef28bd5576,1.0,"Moist Towelettes, Wet Wipes",deepseek-v4-flash
B08Z7NXKPC,attribute_46ffa90cf9119873,0.95,store: Orianna,deepseek-v4-flash
B08Z7NXKPC,attribute_4473db570896b2ec,0.9,Material: Silk,deepseek-v4-flash
B08Z7NXKPC,attribute_71a38da13f2f676e,0.9,"Hair Type: Wavy, Straight",deepseek-v4-flash
B08Z7NXKPC,attribute_50d8b3f1201662a2,0.75,title: 22 inches,deepseek-v4-flash
B08Z7NXKPC,attribute_b96630ed250523ee,0.65,title: brown,deepseek-v4-flash
B08Z7NXKPC,attribute_cd744dd77d211b38,1.0,Heat Resistant Synthetic Wigs,deepseek-v4-flash
B08Z7NXKPC,attribute_c2d1c7bf69259b4d,1.0,Long Wavy Synthetic Wigs,deepseek-v4-flash
B08Z7NXKPC,attribute_a6e0aef5621aea24,1.0,Ombre Brown Headband Wig,deepseek-v4-flash
B08Z7NXKPC,attribute_fe1f1d7e609ecf9f,1.0,22 inches,deepseek-v4-flash
B08Z7NXKPC,attribute_75646f2c7d9d898b,1.0,Headband Wig,deepseek-v4-flash
B08VW912VF,attribute_d3bbd94d13c759a6,0.95,store: Civrie,deepseek-v4-flash
B08VW912VF,attribute_cd744dd77d211b38,0.9,Material: Synthetic,deepseek-v4-flash
B08VW912VF,attribute_f5014e73afcc8131,0.9,Hair Type: Wavy,deepseek-v4-flash
B08VW912VF,attribute_72f40f803eb5363f,0.65,title: blonde,deepseek-v4-flash
B08VW912VF,attribute_08ba2ea3e1a5a975,1.0,Dark Roots Ombre Blonde Bob,deepseek-v4-flash
B08VW912VF,attribute_b1e2c8e5a6bdfd3e,1.0,12nch,deepseek-v4-flash
B08VW912VF,attribute_04c3c0c08c0f40c8,1.0,Bob Wigs with Bangs,deepseek-v4-flash
B00YUCX4I4,attribute_2f222083c2390ce0,0.65,title: pink,rules
B002ZGQ998,attribute_9a91148f06a81d63,0.95,store: Synergy,deepseek-v4-flash
B002ZGQ998,attribute_2ac91817c6dc2ed6,0.9,Unit Count: 1.00 Count,deepseek-v4-flash
B009WI1UKA,attribute_a1c6928128bc0118,0.95,store: NYX PROFESSIONAL MAKEUP,deepseek-v4-flash
B009WI1UKA,attribute_fc6db98750f95668,0.9,Skin Type: All,deepseek-v4-flash
B009WI1UKA,attribute_70948989c95ee1b1,0.9,Item Form: Liquid,deepseek-v4-flash
B009WI1UKA,attribute_4c837d290d764aa9,0.9,Color: Medium Beige,deepseek-v4-flash
B09P1DQ6ZX,attribute_73efdb239943ea63,0.9,Brand: Pure Blends,deepseek-v4-flash
B09P1DQ6ZX,attribute_70948989c95ee1b1,0.9,Item Form: Liquid,deepseek-v4-flash
B09P1DQ6ZX,attribute_71d79f25c0cc8cb5,0.9,"Product Benefits: Eliminates color fade and color washout, while luxuriously hydrating, repairing and revitalizing",deepseek-v4-flash
B09P1DQ6ZX,attribute_a3e15900fc78187c,0.9,Hair Type: All,deepseek-v4-flash
B09P1DQ6ZX,attribute_07c6d04ce722e5c1,0.75,title: 8.5 Oz,deepseek-v4-flash
B01D1PMS2I,attribute_d8244b33d4371533,0.95,store: La Compagnie de Provence,deepseek-v4-flash
B01D1PMS2I,attribute_f352132e095c6f96,0.9,Scent: Jasmine,deepseek-v4-flash
B01D1PMS2I,attribute_cae5d609508b8082,0.9,Item Form: Lotion,deepseek-v4-flash
B01D1PMS2I,attribute_fafdbdac2ad2abf1,0.9,Unit Count: 2.5 Fl Oz,deepseek-v4-flash
B01D1PMS2I,attribute_f03aa5d3452da917,0.65,title: black,deepseek-v4-flash
B01D1PMS2I,attribute_72d4c234c274cd7b,0.9,title: Hand Balm,deepseek-v4-flash
B06WRQXG4V,attribute_34f14c15dd76cda1,0.9,Material: Human,deepseek-v4-flash
B06WRQXG4V,attribute_3c6b220fd942dff3,0.9,Hair Type: Straight,deepseek-v4-flash
B06WRQXG4V,attribute_4c16140d18630db0,0.75,title: 22inch,deepseek-v4-flash
B06WRQXG4V,attribute_f03aa5d3452da917,0.65,title: black,deepseek-v4-flash
B06WRQXG4V,attribute_9ee9451fc3f49f2a,1.0,"16""-18''",deepseek-v4-flash
B06WRQXG4V,attribute_4eea98ff36c0c0e3,1.0,#1 Jet Black,deepseek-v4-flash
B06WRQXG4V,attribute_d96247dbc02228d2,1.0,95g,deepseek-v4-flash
B06WRQXG4V,attribute_63b2bead5c2f3efd,1.0,8 Pieces,deepseek-v4-flash
B06WRQXG4V,attribute_1ad4098b1a2c30dd,1.0,18clips,deepseek-v4-flash
B06WRQXG4V,attribute_c43a5bbbbcb28c60,1.0,Clip in Remy Human Hair Extensions,deepseek-v4-flash
B09M9DT9GM,attribute_5f736c0801d876c4,0.95,store: WUDAS,deepseek-v4-flash
B09M9DT9GM,attribute_f5014e73afcc8131,0.9,Hair Type: Wavy,deepseek-v4-flash
B09M9DT9GM,attribute_b31afbde7f6c30db,0.75,title: 12 Inch,deepseek-v4-flash
B09M9DT9GM,attribute_82c09a0b99b9d771,0.9,Passion Twist Hair,deepseek-v4-flash
B09M9DT9GM,attribute_e580b83a554bb31d,1.0,Hair Type: Wavy,deepseek-v4-flash
B09M9DT9GM,attribute_a49556676347980b,1.0,12 Inch,deepseek-v4-flash
B09M9DT9GM,attribute_3b9c5d8e56be31e6,0.9,Crochet Hair for Braiding,deepseek-v4-flash
B09M9DT9GM,attribute_5a87129a6de1d021,1.0,Hair,deepseek-v4-flash
B09M9DT9GM,attribute_542443029393bf0c,0.9,7 Packs,deepseek-v4-flash
B078KVJ6ZY,attribute_e6facfd88d5ed110,0.95,store: Woaills,deepseek-v4-flash
B078KVJ6ZY,attribute_f03aa5d3452da917,0.65,title: black,deepseek-v4-flash
B07DJBBP6G,attribute_43e96d407545d4f9,0.95,store: annila,deepseek-v4-flash
B01LE3GULY,attribute_e753108868a5cdc3,0.95,store: Grip-Tite,deepseek-v4-flash
B01LE3GULY,attribute_2858963adf41a056,0.9,"Item Form: Lotion, Cream",deepseek-v4-flash
B00Y14CKRW,attribute_f28d29dec6b5fdcd,0.95,store: Dr Adorable,deepseek-v4-flash
B00Y14CKRW,attribute_86c70f5d736aedd1,0.9,Skin Type: Dry,deepseek-v4-flash
B00Y14CKRW,attribute_1dffaa257c5c9706,0.9,Item Form: Oil,deepseek-v4-flash
B00Y14CKRW,attribute_ea2ff94c7cab2d75,0.9,Unit Count: 8 Fl Oz,deepseek-v4-flash
B00Y14CKRW,attribute_611fe1fe495ea409,0.75,title: 8 Oz,deepseek-v4-flash
B07K5559YF,attribute_0018dbdf2a7f8f8f,0.95,store: anruina,deepseek-v4-flash
B07K5559YF,attribute_0efeb815415e9186,0.9,Material: Human Hair,deepseek-v4-flash
B07K5559YF,attribute_e8e7fea2a5737144,0.9,Color: Natural,deepseek-v4-flash
B07K5559YF,attribute_86ae89fc7aa016be,0.75,title: 22 inch,deepseek-v4-flash
B08NHHZT4X,attribute_11f0699794cf21be,0.95,store: AWEFC,deepseek-v4-flash
B08NHHZT4X,attribute_42db5b7525705d3f,0.9,Item Form: Elastic,deepseek-v4-flash
B08NHHZT4X,attribute_0a552befcc9a10a1,0.9,Material: Cotton,deepseek-v4-flash
B08NHHZT4X,attribute_b5e40193f5860fe3,0.9,Hair Type: Curly,deepseek-v4-flash
B08NHHZT4X,attribute_9c0018545120cb64,0.75,title: 36pcs,deepseek-v4-flash
B08NHHZT4X,attribute_f03aa5d3452da917,0.65,title: black,deepseek-v4-flash
B09B2RNHHH,attribute_a72532745296f324,0.95,store: M.A.C,deepseek-v4-flash
B09B2RNHHH,attribute_fc6db98750f95668,0.9,Skin Type: All,deepseek-v4-flash
B09B2RNHHH,attribute_c301b5888660fbbb,0.9,Item Form: Powder,deepseek-v4-flash
B075FSZZNX,attribute_ff9d946f4b65d4ae,0.95,store: Rica,deepseek-v4-flash
B075FSZZNX,attribute_fbd8936c219bb836,0.9,Skin Type: Sensitive,deepseek-v4-flash
B075FSZZNX,attribute_8719400aec8afcb6,0.9,Item Form: Wax,deepseek-v4-flash
B075FSZZNX,attribute_6424e83f33115a47,0.9,"Product Benefits: Hydrating,Nourishing,Moisturizing",deepseek-v4-flash
B075FSZZNX,attribute_df4e9e2f0e9a3200,0.75,title: 14 Ounces,deepseek-v4-flash
B07H3BDVGK,attribute_8450af3680ca44bc,0.95,store: MANDOYV,deepseek-v4-flash
B07H3BDVGK,attribute_b75e0fee3863f55b,0.9,Unit Count: 2.45 Fl Oz,deepseek-v4-flash
B07H3BDVGK,attribute_ca21e0dc17b9a401,0.75,title: 12 mL,deepseek-v4-flash
B07H3BDVGK,attribute_2f222083c2390ce0,0.65,title: pink,deepseek-v4-flash
B012R8TWYW,attribute_056f3975688bccfb,0.95,store: Tepezcohuite Cream,rules
B09CKT5P8C,attribute_6b531f0b5f27a15a,0.95,store: Maxine,deepseek-v4-flash
B09CKT5P8C,attribute_0efeb815415e9186,0.9,Material: Human Hair,deepseek-v4-flash
B09CKT5P8C,attribute_f5014e73afcc8131,0.9,Hair Type: Wavy,deepseek-v4-flash
B09CKT5P8C,attribute_9c9d9eadb3298777,0.75,title: 24 Inch,deepseek-v4-flash
B09CKT5P8C,attribute_f03aa5d3452da917,0.65,title: black,deepseek-v4-flash
B072LFZR3C,attribute_9434731bd77c297f,0.95,store: Alvarez Gomez,deepseek-v4-flash
B072LFZR3C,attribute_e28d4ccc189295e5,0.9,Unit Count: 2.7 Fl Oz,deepseek-v4-flash
B072LFZR3C,attribute_99c2995de4443185,0.75,title: 80 ml,deepseek-v4-flash
B07ZHGNPZM,attribute_4cbed73c4d144674,0.95,store: IMBUE,deepseek-v4-flash
B07ZHGNPZM,attribute_fc6db98750f95668,0.9,Skin Type: All,deepseek-v4-flash
B07ZHGNPZM,attribute_4068a23968a362b0,0.9,"Scent: Tea Tree, Neem, Aloe Vera",deepseek-v4-flash
B07ZHGNPZM,attribute_70948989c95ee1b1,0.9,Item Form: Liquid,deepseek-v4-flash
B07ZHGNPZM,attribute_7b9b0ca2370831d7,0.75,title: 3.38 oz,deepseek-v4-flash
B07V5JHY3Y,attribute_b9d65ce641548f4a,0.95,store: JOCHA,deepseek-v4-flash
B07V5JHY3Y,attribute_703a408417ea8951,0.9,Material: Plastic,deepseek-v4-flash
B07V5JHY3Y,attribute_46f81f3ac5545e1f,0.9,Size: One Size,deepseek-v4-flash
B07V5JHY3Y,attribute_3b03e0174bd77bed,0.75,title: 100 Pcs,deepseek-v4-flash
B07V5JHY3Y,attribute_1b00c776edc10fad,0.65,title: clear,deepseek-v4-flash
B09KBWGDNZ,attribute_1124cc1ec1872e81,0.95,store: AuokMar,deepseek-v4-flash
B09KBWGDNZ,attribute_0efeb815415e9186,0.9,Material: Human Hair,deepseek-v4-flash
B09KBWGDNZ,attribute_3c6b220fd942dff3,0.9,Hair Type: Straight,deepseek-v4-flash
B09KBWGDNZ,attribute_c56aee814ca70c14,0.75,title: 18 Inch,deepseek-v4-flash
B09KBWGDNZ,attribute_a64490da866eb222,0.65,title: red,deepseek-v4-flash
B00ZMC1KV4,attribute_c914e39b78fa1fc3,0.95,store: Obagi Medical,deepseek-v4-flash
B00ZMC1KV4,attribute_106eb31d0ad8769a,0.9,Scent: Aloe,deepseek-v4-flash
B00ZMC1KV4,attribute_fe92fa41817456bb,0.9,Unit Count: 3 Fl Oz,deepseek-v4-flash
B00ZMC1KV4,attribute_ebcb6bad84dc95c5,0.75,title: 1 Oz,deepseek-v4-flash
B0879Y4XLC,attribute_3f6dc1e45c53bb06,0.95,store: Phosphe,deepseek-v4-flash
B0879Y4XLC,attribute_cd744dd77d211b38,0.9,Material: Synthetic,deepseek-v4-flash
B0879Y4XLC,attribute_a3e15900fc78187c,0.9,Hair Type: All,deepseek-v4-flash
B0879Y4XLC,attribute_bd988b477728c9cc,0.75,title: 14inch,deepseek-v4-flash
B07P8VNG17,attribute_b19ebac6b8c24c2d,0.95,store: Neutrogena,deepseek-v4-flash
B07P8VNG17,attribute_47541086ba25a3f3,0.9,Skin Type: Normal,deepseek-v4-flash
B07P8VNG17,attribute_5ca5104b9d48ace7,0.9,Unit Count: 6.00 Count,deepseek-v4-flash
B07P8VNG17,attribute_c6778fdfc3975644,0.75,title: 6 Pack,deepseek-v4-flash
B07P8VNG17,attribute_2f222083c2390ce0,0.65,title: pink,deepseek-v4-flash
B07DFSN36Q,attribute_89e4461a548efe9e,0.95,store: Miny Beauty Cosmetics,deepseek-v4-flash
B07DFSN36Q,attribute_70948989c95ee1b1,0.9,Item Form: Liquid,deepseek-v4-flash
B07DFSN36Q,attribute_38740edce505787c,0.9,Color: Blue,deepseek-v4-flash
B07DFSN36Q,attribute_2ac91817c6dc2ed6,0.9,Unit Count: 1.00 Count,deepseek-v4-flash
B013B1KRKM,attribute_d8b5d5d49d0e383b,0.95,store: Yeshan,rules
B013B1KRKM,attribute_703a408417ea8951,0.9,Material: Plastic,rules
B07H33DXMZ,attribute_7f9d56c8efda65e2,0.95,store: True + Luscious,deepseek-v4-flash
B07H33DXMZ,attribute_604a498ed314efa5,0.9,Target Audience: Women,deepseek-v4-flash
B07H33DXMZ,attribute_0415bc75acc90639,0.75,title: 0.12 oz,deepseek-v4-flash
B01IYN69KO,attribute_d2dfe8f954a88f0a,0.95,store: Freetress,deepseek-v4-flash
B01IYN69KO,attribute_cd744dd77d211b38,0.9,Material: Synthetic,deepseek-v4-flash
B01IYN69KO,attribute_ecc27484933738cc,0.9,Hair Type: Synthetic,deepseek-v4-flash
B0839CCQS5,attribute_6892889769236c46,0.95,store: Liyate,deepseek-v4-flash
B0839CCQS5,attribute_b89bcfca1cc5407e,0.9,"Material: Synthetic, human",deepseek-v4-flash
B0839CCQS5,attribute_3c6b220fd942dff3,0.9,Hair Type: Straight,deepseek-v4-flash
B0839CCQS5,attribute_d606a864b5566d64,0.75,title: 8Inch,deepseek-v4-flash
B0008G1YUG,attribute_07461b3bb398d070,0.95,store: PHYSICIAN SUPPLIES,rules
B08NW67Z2T,attribute_ba2a3f1a8a43eb1d,0.95,store: N\C,deepseek-v4-flash
B08NW67Z2T,attribute_a4e14208b5d50b3f,0.9,Item Form: Loofah,deepseek-v4-flash
B08NW67Z2T,attribute_0aad32830a89bc1c,0.9,Material: Nylon,deepseek-v4-flash
B08NW67Z2T,attribute_928c9eeb28642a42,0.9,Color: Beige,deepseek-v4-flash
B08NW67Z2T,attribute_189d90ef866b9c96,0.75,title: 3 Pack,deepseek-v4-flash
B09HBT4SMH,attribute_f20861ac5e391d7a,0.95,store: Boahankuke,deepseek-v4-flash
B09HBT4SMH,attribute_8ba8db87ff92bb46,0.9,Item Form: Pair,deepseek-v4-flash
B09HBT4SMH,attribute_f8f00f508ae84077,0.9,"Material: Faux Mink, Cotton, Mink Fur",deepseek-v4-flash
B09HBT4SMH,attribute_99a7fa8fe52ff883,0.75,title: 22MM,deepseek-v4-flash
B08PP3NWXS,attribute_a515cc5f7721c0cc,0.95,store: Outyua,deepseek-v4-flash
B08PP3NWXS,attribute_526cb14653c00ed8,0.9,Material: Acrylonitrile Butadiene Styrene (ABS),deepseek-v4-flash
B08PP3NWXS,attribute_436a5a52435e900e,0.9,Size: Large,deepseek-v4-flash
B08PP3NWXS,attribute_9441402397455d8b,0.75,title: 24Pcs,deepseek-v4-flash
B08PP3NWXS,attribute_1ab4b8ffdfec4f8f,0.65,title: white,deepseek-v4-flash
B01N9I42I0,attribute_039d4a083bd09224,0.95,store: Bath & Body Works,deepseek-v4-flash
B01N9I42I0,attribute_239dfc775ae6018e,0.9,Scent: Pomegranate,deepseek-v4-flash
B01N9I42I0,attribute_cae5d609508b8082,0.9,Item Form: Lotion,deepseek-v4-flash
B01N9I42I0,attribute_11e610d24b0771b9,0.9,Unit Count: 1.00 Fl Oz,deepseek-v4-flash
B08R87GSCL,attribute_3796952f96a5ef21,0.95,store: Parrots Treasure,deepseek-v4-flash
B08R87GSCL,attribute_fc6db98750f95668,0.9,Skin Type: All,deepseek-v4-flash
B08R87GSCL,attribute_6cf7a29d5773e975,0.9,"Item Form: Strips,Wax",deepseek-v4-flash
B08R87GSCL,attribute_a662688d661c223d,0.9,Unit Count: 2.0 Ounce,deepseek-v4-flash
B08R87GSCL,attribute_264ffea2b3cb2efe,0.75,title: 72 Pcs,deepseek-v4-flash
B07ZD648WC,attribute_323dda1a7ee2f85c,0.95,store: Blue Finger,deepseek-v4-flash
B07ZD648WC,attribute_af71680c3079f29f,0.9,Item Form: Cream,deepseek-v4-flash
B07ZD648WC,attribute_657ed0af22e230c9,0.9,"Product Benefits: Hydrating, Conditioning, Moisturizing, Nourishing, Smoothening",deepseek-v4-flash
B07ZD648WC,attribute_4a4ba5a66216b6e1,0.9,"Hair Type: Frizzy, Color Treated, Dry, Chemically Treated, Damaged",deepseek-v4-flash
B07ZD648WC,attribute_18d6403cedc0d5e0,0.75,title: 120ML,deepseek-v4-flash
B07HBDC97V,attribute_736d1570459949f2,0.95,store: PLACENTA LIFE,deepseek-v4-flash
B07HBDC97V,attribute_1dffaa257c5c9706,0.9,Item Form: Oil,deepseek-v4-flash
B07HBDC97V,attribute_2ac91817c6dc2ed6,0.9,Unit Count: 1.00 Count,deepseek-v4-flash
B07HBDC97V,attribute_934127f80db64b00,0.9,Permanent Hair Color,deepseek-v4-flash
B07HBDC97V,attribute_ed8ce4a0aafd1877,0.8,with Quinoa,deepseek-v4-flash
B07HBDC97V,attribute_c056c46cab4da2d4,0.8,Sacha Inchi,deepseek-v4-flash
B07HBDC97V,attribute_0dd5aedf42435b08,0.8,Passion Fruit Extract,deepseek-v4-flash
B07HBDC97V,attribute_de186ef749923a9a,0.9,Ammonia Free,deepseek-v4-flash
B07HBDC97V,attribute_d51c719fe04a3de0,0.9,100% Gray Coverage,deepseek-v4-flash
B07HBDC97V,attribute_8d4081cb8b3b5e91,0.85,Fresh and Fruit Fragrances,deepseek-v4-flash
B07HBDC97V,attribute_2eb503c15d8a4bfa,0.9,515 Exotic Chocolate,deepseek-v4-flash
B01A075W8M,attribute_9884445c43b6481f,0.95,store: The Rag CompanyATOPAL,deepseek-v4-flash
B01A075W8M,attribute_7695d53731cfa853,0.9,Unit Count: 11.00 Count,deepseek-v4-flash
B01A075W8M,attribute_56156c0efcb57f0d,0.9,Makeup Removal Kit,deepseek-v4-flash
B01A075W8M,attribute_0ebb13a614ecc714,0.95,Waffle-Weave Microfiber,deepseek-v4-flash
B01A075W8M,attribute_26538b1d8cc1952c,0.9,Silky Satin Border,deepseek-v4-flash
B01A075W8M,attribute_09bb537010f4ea7c,0.95,Waffle-Weave,deepseek-v4-flash
B01A075W8M,attribute_11eed3a56fec319c,0.9,Ultra Soft Facial Towel,deepseek-v4-flash
B01A075W8M,attribute_6f242d1df782876d,0.95,"4""x4""",deepseek-v4-flash
B01A075W8M,attribute_b9e23094e9d02f2f,0.95,"8""x8""",deepseek-v4-flash
B01A075W8M,attribute_f1938414e04389fa,0.85,Facial Towel,deepseek-v4-flash
B01A075W8M,attribute_307d0c47dd301a8e,0.8,The Rag CompanyATOPAL,deepseek-v4-flash
B01A075W8M,attribute_25dad98821351387,0.9,Makeup Removal Kit,deepseek-v4-flash
B01A075W8M,attribute_b7490524be4bd88f,0.95,11.00 Count,deepseek-v4-flash
B001AYYWY0,attribute_d2eea97dfa2fabc5,0.95,store: Maybelline New York,deepseek-v4-flash
B001AYYWY0,attribute_af71680c3079f29f,0.9,Item Form: Cream,deepseek-v4-flash
B001AYYWY0,attribute_39251447b5998f31,0.9,Color: Ivory Illusion,deepseek-v4-flash
B001AYYWY0,attribute_c38bf15e1ac4ff49,1.0,Maybelline Dream Mousse Eye Shadow,deepseek-v4-flash
B001AYYWY0,attribute_599e906551478da6,1.0,mousse formulation,deepseek-v4-flash
B001AYYWY0,attribute_18f92d966fa84840,1.0,Item Form: Cream,deepseek-v4-flash
B001AYYWY0,attribute_a795ab2b5f8a68a2,1.0,apply your favourite shades with your fingertips,deepseek-v4-flash
B010E7LZ02,attribute_8beeb5defe42459d,0.95,store: Bourjois,rules
B076WXG668,attribute_93eb73237ffb1fdc,0.95,store: Lady.A,rules
B076WXG668,attribute_a64490da866eb222,0.65,title: red,rules
B07TDN9PCN,attribute_9f6b5535d115936e,0.95,store: We Love Eyes,deepseek-v4-flash
B07TDN9PCN,attribute_70269740bfb57c82,0.9,Eyelid Margin Cleansing Brush,deepseek-v4-flash
B07TDN9PCN,attribute_967025852867f625,0.9,Targets dirty eyelid margins,deepseek-v4-flash
B07TDN9PCN,attribute_38e24df1d503efe1,0.8,Ideal for lash extension daily home care & eyelid hygiene,deepseek-v4-flash
B07TDN9PCN,attribute_a68047a1917e0c9a,0.7,gentle yet firm bristles,deepseek-v4-flash
B07TDN9PCN,attribute_5f1155de4af0df6a,0.8,GENTLY AND THOROUGHLY CLEANSES THE EYELID AREA,deepseek-v4-flash
B01LF8FVQS,attribute_13f5c9135c779309,0.95,store: natura,deepseek-v4-flash
B01LF8FVQS,attribute_c1558adbbf34d6d6,0.75,title: 75 Ml,deepseek-v4-flash
B01LF8FVQS,attribute_6b4611aeb61aabaa,0.9,Agua de Colonia Masculina,deepseek-v4-flash
B01LF8FVQS,attribute_74bfbf2b86297b9e,0.9,Olfactive Family: Spicy Woody,deepseek-v4-flash
B01LF8FVQS,attribute_e2c0cd71065cac81,0.7,Top Notes: Black Pepper,deepseek-v4-flash
B01LF8FVQS,attribute_89f8f5058e6308f7,0.7,Top Notes: Sicilian Lemon,deepseek-v4-flash
B01LF8FVQS,attribute_974aaad787b69946,0.7,Top Notes: Bergamot,deepseek-v4-flash
B01LF8FVQS,attribute_09564af35a1a69a9,0.7,Body Notes: Ginger,deepseek-v4-flash
B01LF8FVQS,attribute_8865962528e55995,0.7,Bottom Notes: Cedar,deepseek-v4-flash
B01LF8FVQS,attribute_bda93b9b2270f3ca,0.7,Bottom Notes: Sandalwood,deepseek-v4-flash
B01LF8FVQS,attribute_677bca603246dd0d,0.7,Bottom Notes: Musk,deepseek-v4-flash
B01DMQKRWE,attribute_45e29a5b3f06327c,0.95,store: Pixi Skintreats,deepseek-v4-flash
B01DMQKRWE,attribute_d2723788a1d9251f,0.9,Unit Count: 40.00 Count,deepseek-v4-flash
B01DMQKRWE,attribute_81b8334dd007a5af,0.9,Makeup Melting Cleansing Cloths,deepseek-v4-flash
B01DMQKRWE,attribute_03dd33fa147d376d,0.9,Unit Count: 40.00 Count,deepseek-v4-flash
B008Y7P1SM,attribute_ed5791a4ba2b80a7,0.95,store: ALINCAS,rules
B08F7K1JWZ,attribute_bf7d8124166dde9f,0.95,store: Kuqqi,deepseek-v4-flash
B08F7K1JWZ,attribute_703a408417ea8951,0.9,Material: Plastic,deepseek-v4-flash
B08F7K1JWZ,attribute_1b00c776edc10fad,0.9,Color: Clear,deepseek-v4-flash
B08F7K1JWZ,attribute_2059355749438aa8,0.75,title: 2oz,deepseek-v4-flash
B07DDDX59F,attribute_c5d3b3a2f9d3ac13,0.95,store: YoungSee,deepseek-v4-flash
B07DDDX59F,attribute_0efeb815415e9186,0.9,Material: Human Hair,deepseek-v4-flash
B07DDDX59F,attribute_3c6b220fd942dff3,0.9,Hair Type: Straight,deepseek-v4-flash
B07DDDX59F,attribute_ed5c67af1cffc384,0.75,title: 16 inch,deepseek-v4-flash
B07DDDX59F,attribute_b96630ed250523ee,0.65,title: brown,deepseek-v4-flash
B08FTD39CF,attribute_504a1d68f588dad4,0.95,store: Aeruki,deepseek-v4-flash
B08FTD39CF,attribute_48b2a0a516735060,0.9,"Item Form: Filer, Shaver",deepseek-v4-flash
B08FTD39CF,attribute_91f6f67f0d907219,0.9,Material: Stainless Steel,deepseek-v4-flash
B08FTD39CF,attribute_2ac91817c6dc2ed6,0.9,Unit Count: 1.00 Count,deepseek-v4-flash
B086VHFW8W,attribute_c1cac66ed6efc192,0.95,store: CIMIY,deepseek-v4-flash
B086VHFW8W,attribute_42f2ef53eef1b341,0.9,Item Form: Gel,deepseek-v4-flash
B086VHFW8W,attribute_89989942b3c5654b,0.9,"Hair Type: Dry, Thin",deepseek-v4-flash
B086VHFW8W,attribute_84069a1262d3c901,0.9,Unit Count: 2 Count,deepseek-v4-flash
B086VHFW8W,attribute_6cd51fcb4aade6a1,0.75,title: 2 PCS,deepseek-v4-flash
B07VKL2RX8,attribute_7ea7ff445e579dda,0.95,store: Artist Unknown,deepseek-v4-flash
B07VKL2RX8,attribute_b5e40193f5860fe3,0.9,Hair Type: Curly,deepseek-v4-flash
B07VKL2RX8,attribute_38740edce505787c,0.65,title: blue,deepseek-v4-flash
B00NH1I50Q,attribute_fb70af3fe7d48154,0.95,store: Nails Inc,deepseek-v4-flash
B00NH1I50Q,attribute_70948989c95ee1b1,0.9,Item Form: Liquid,deepseek-v4-flash
B00NH1I50Q,attribute_2ac91817c6dc2ed6,0.9,Unit Count: 1.00 Count,deepseek-v4-flash
B00NH1I50Q,attribute_8c81173ffe38b15b,0.75,title: 47 oz,deepseek-v4-flash
B07BFC3RZZ,attribute_42f2ef53eef1b341,0.9,Item Form: Gel,deepseek-v4-flash
B07BFC3RZZ,attribute_11e610d24b0771b9,0.9,Unit Count: 1.00 Fl Oz,deepseek-v4-flash
B07BFC3RZZ,attribute_7d92427f19836f54,1.0,title: DND DC Gel & Polish DC095 Orange Rust,deepseek-v4-flash
B07BFC3RZZ,attribute_2df7a61d6a6c1b35,1.0,Unit Count: 1.00 Fl Oz,deepseek-v4-flash
B07BFC3RZZ,attribute_68249358eb428e5e,0.9,title: Gel & Polish,deepseek-v4-flash
B01IJPDVIK,attribute_3b94234837dced64,0.95,store: Perstar,deepseek-v4-flash
B01IJPDVIK,attribute_0efeb815415e9186,0.9,Material: Human Hair,deepseek-v4-flash
B01IJPDVIK,attribute_b94f5b76fc2deb05,0.9,Hair Type: Kinky,deepseek-v4-flash
B01IJPDVIK,attribute_4c146eb163e57be0,1.0,title: Natural Color,deepseek-v4-flash
B01IJPDVIK,attribute_03ed2581a6f2d59d,0.9,title: Hair Brazilian Straight Virgin Hair with Closure,deepseek-v4-flash
B01BLQ5D1C,attribute_86c70f5d736aedd1,0.9,Skin Type: Dry,deepseek-v4-flash
B01BLQ5D1C,attribute_1dffaa257c5c9706,0.9,Item Form: Oil,deepseek-v4-flash
B01BLQ5D1C,attribute_7d891282373a70a6,0.9,Unit Count: 1 Count,deepseek-v4-flash
B01BLQ5D1C,attribute_87f8719f7bc5d683,0.75,title: 6.7 fl. oz,deepseek-v4-flash
B01BLQ5D1C,attribute_cec81855b53dfbc1,1.0,title: Deep Cleansing Oil,deepseek-v4-flash
B01BLQ5D1C,attribute_0d3d3c81fe1854d0,1.0,title: 6.7 fl. oz.,deepseek-v4-flash
B0711L86FJ,attribute_578d24ce52e62bbe,0.95,store: Nubian Heritage,deepseek-v4-flash
B0711L86FJ,attribute_a520aac71d9029b5,0.9,Scent: Coconut,deepseek-v4-flash
B0711L86FJ,attribute_cae5d609508b8082,0.9,Item Form: Lotion,deepseek-v4-flash
B0711L86FJ,attribute_a7e01ce10fa4c1c2,0.9,Unit Count: 26.00 Fl Oz,deepseek-v4-flash
B0711L86FJ,attribute_b975dd619567fa9a,0.75,title: 13 oz,deepseek-v4-flash
B0711L86FJ,attribute_70ed80a95c455b25,0.8,Item Form: Lotion,deepseek-v4-flash
B0711L86FJ,attribute_93032450e8bec68d,0.9,Unit Count: 26.00 Fl Oz,deepseek-v4-flash
B0711L86FJ,attribute_d1e806f821aff0f2,0.7,Product title mentions Shea Butter,deepseek-v4-flash
B0711L86FJ,attribute_06032c6e421e9c00,0.7,Product title mentions Cocoa Seed Butter,deepseek-v4-flash
B0711L86FJ,attribute_834c011a580822f8,0.7,Product title mentions Olive Oil,deepseek-v4-flash
B0711L86FJ,attribute_a22e1364a68ff266,0.7,Product title mentions Aloe Vera Juice,deepseek-v4-flash
B0711L86FJ,attribute_f238074e4d27cc14,0.7,Product title mentions Papaya Fruit Extract,deepseek-v4-flash
B0711L86FJ,attribute_b5a4fc0e87e9ed17,0.7,Product title mentions Songi Mushroom Extract,deepseek-v4-flash
B0711L86FJ,attribute_31c21fcedd7e04c9,0.7,Product title mentions Roselle Flower,deepseek-v4-flash
B07TDKG9Q5,attribute_63587c2ad0fea78b,0.95,store: Onene,deepseek-v4-flash
B07TDKG9Q5,attribute_64e1b604d8fbc982,0.9,Material: Metal,deepseek-v4-flash
B07TDKG9Q5,attribute_a3e15900fc78187c,0.9,Hair Type: All,deepseek-v4-flash
B07TDKG9Q5,attribute_dade4590d7137f15,0.65,title: gold,deepseek-v4-flash
B07TDKG9Q5,attribute_66b8d45c9c66c689,0.8,Product title mentions Gold and Silver Color,deepseek-v4-flash
B07KRSN2J1,attribute_db8a7636dcfa521e,0.95,store: AISI QUEENS,deepseek-v4-flash
B07KRSN2J1,attribute_cd744dd77d211b38,0.9,Material: Synthetic,deepseek-v4-flash
B07KRSN2J1,attribute_5d246dfff47e340c,0.9,"Hair Type: Wavy, Curly",deepseek-v4-flash
B07KRSN2J1,attribute_72f40f803eb5363f,0.65,title: blonde,deepseek-v4-flash
B07KRSN2J1,attribute_d524753d56d9d70d,0.9,Product title says Long Curly Wig,deepseek-v4-flash
B07KRSN2J1,attribute_660680e94f309650,0.9,Product title mentions Platinum Blonde,deepseek-v4-flash
B07KRSN2J1,attribute_de79cf5066669b2a,0.8,"Hair Type: Wavy, Curly",deepseek-v4-flash
B07QTPVVNM,attribute_8deab6eab7af9463,0.95,store: ASHILISIA,rules
B07QTPVVNM,attribute_1ebbfdb405f1b38d,0.9,Material: velvet,rules
B07QTPVVNM,attribute_2972d7209b7c3f38,0.75,title: 3 Pcs,rules
B01KB8R3NW,attribute_96522b4a3f3bd1bd,0.95,store: ATOPAL,deepseek-v4-flash
B01KB8R3NW,attribute_fbd8936c219bb836,0.9,Skin Type: Sensitive,deepseek-v4-flash
B01KB8R3NW,attribute_72831f3c3093d818,0.9,Scent: Lemongrass,deepseek-v4-flash
B01KB8R3NW,attribute_42f2ef53eef1b341,0.9,Item Form: Gel,deepseek-v4-flash
B01KB8R3NW,attribute_55774c5f29f3f538,0.75,title: 6 oz,deepseek-v4-flash
B01KB8R3NW,attribute_5192daa8fa76cbd6,1.0,Sensitive,deepseek-v4-flash
B01KB8R3NW,attribute_5ee4b16f0bf09df7,1.0,With Lemongrass,deepseek-v4-flash
B01KB8R3NW,attribute_900bb3a5f91a1947,1.0,Vitamin B5,deepseek-v4-flash
B01KB8R3NW,attribute_788fdd064ee879c5,1.0,Reduces Dark Spots and Pigmentation,deepseek-v4-flash
B01KB8R3NW,attribute_0992c3daebaa5f61,1.0,Defends Against Acne and Breakouts,deepseek-v4-flash
B01KB8R3NW,attribute_8e78f3625f9af267,1.0,Facial Cleanser,deepseek-v4-flash
B07TJP9CNR,attribute_68cba76f1aa1ca47,0.95,store: Prism Makeup,deepseek-v4-flash
B07TJP9CNR,attribute_2ac91817c6dc2ed6,0.9,Unit Count: 1.00 Count,deepseek-v4-flash
B07TJP9CNR,attribute_ba53bc2e43d73cfb,1.0,Eyeshadow Set,deepseek-v4-flash
B07TJP9CNR,attribute_ac46c4130dc02456,1.0,Shimmer Eyeshadow Set,deepseek-v4-flash
B07TJP9CNR,attribute_05e63d4eb7cd93d6,1.0,Metallic Liquid Glitter Eye Shadow,deepseek-v4-flash
B07TJP9CNR,attribute_70948989c95ee1b1,1.0,Liquid Glitter Eye Shadow,deepseek-v4-flash
B07TJP9CNR,attribute_04a9511d12bc3bba,1.0,Glitter Eye Shadow,deepseek-v4-flash
B07TJP9CNR,attribute_84712ffffa505551,1.0,Waterproof,deepseek-v4-flash
B007TOLSSI,attribute_f38d58e6475f50bf,0.95,store: Salon CA,deepseek-v4-flash
B0002DNRUU,attribute_bfaa5e8095295b9a,0.95,store: Vicky Tiel,rules
B0002DNRUU,attribute_c4bd9aa9401df473,0.75,title: 3.3 oz,rules
B01BW6ZN0M,attribute_f441d31c40d7a937,0.95,store: Elice,deepseek-v4-flash
B01BW6ZN0M,attribute_64e1b604d8fbc982,0.9,Material: Metal,deepseek-v4-flash
B01BW6ZN0M,attribute_a3e15900fc78187c,0.9,Hair Type: All,deepseek-v4-flash
B01BW6ZN0M,attribute_2ac91817c6dc2ed6,0.9,Unit Count: 1.00 Count,deepseek-v4-flash
B01BW6ZN0M,attribute_f03aa5d3452da917,0.65,title: black,deepseek-v4-flash
B000PY8B98,attribute_18cb40af85ef4a77,0.95,store: Yves Saint Laurent,deepseek-v4-flash
B000PY8B98,attribute_aa768a9815745d03,0.9,Item Form: Balm,deepseek-v4-flash
B000PY8B98,attribute_2dc9bc39686525f6,0.75,title: 100ml,deepseek-v4-flash
B01BT0WULG,attribute_cd25f91cf6889f5c,0.95,store: Jericho,deepseek-v4-flash
B01BT0WULG,attribute_42f2ef53eef1b341,0.9,Item Form: Gel,deepseek-v4-flash
B01BT0WULG,attribute_2ac91817c6dc2ed6,0.9,Unit Count: 1.00 Count,deepseek-v4-flash
B00067ZIPO,attribute_edcfb233e4874f52,0.95,store: Jheri Redding,deepseek-v4-flash
B00067ZIPO,attribute_106eb31d0ad8769a,0.9,Scent: Aloe,deepseek-v4-flash
B00067ZIPO,attribute_c301b5888660fbbb,0.9,Item Form: Powder,deepseek-v4-flash
B00067ZIPO,attribute_9c3973b622859f32,0.9,Hair Type: Chemically Treated,deepseek-v4-flash
B00067ZIPO,attribute_b2ae872460fd66c2,0.75,title: 6.5 oz,deepseek-v4-flash
B00IRUN5NY,attribute_b926eb39b1ba7e2e,0.95,store: Nicky's Gift,deepseek-v4-flash
B00IRUN5NY,attribute_5b1aa15c3db9fb4d,0.75,title: 7Pcs,deepseek-v4-flash
B08SK31GWL,attribute_1f12e0abf58b2ff6,0.95,store: serwell,deepseek-v4-flash
B08SK31GWL,attribute_0efeb815415e9186,0.9,Material: Human Hair,deepseek-v4-flash
B08SK31GWL,attribute_3c6b220fd942dff3,0.9,Hair Type: Straight,deepseek-v4-flash
B08SK31GWL,attribute_9c9d9eadb3298777,0.75,title: 24 Inch,deepseek-v4-flash
B09125RKX1,attribute_70cfed0b8b5640d6,0.95,store: Kaneles,deepseek-v4-flash
B09125RKX1,attribute_cd744dd77d211b38,0.9,Material: Synthetic,deepseek-v4-flash
B09125RKX1,attribute_f5014e73afcc8131,0.9,Hair Type: Wavy,deepseek-v4-flash
B09125RKX1,attribute_fa25d6072876a8ad,1.0,Hair Type: Wavy,deepseek-v4-flash
B09125RKX1,attribute_11abac1973f3d0c9,0.9,title contains Burgundy,deepseek-v4-flash
B09125RKX1,attribute_d524753d56d9d70d,0.9,title: Wavy Wigs,deepseek-v4-flash
B08PPB3W6H,attribute_01cbf6f3f0a4d3b3,0.95,store: YanJie,deepseek-v4-flash
B08PPB3W6H,attribute_1ebbfdb405f1b38d,0.9,Material: Velvet,deepseek-v4-flash
B08PPB3W6H,attribute_208219f6702872bf,0.9,Color: Gray,deepseek-v4-flash
B08PPB3W6H,attribute_f18fbe2a8953c921,0.75,title: 20inch,deepseek-v4-flash
B08PPB3W6H,attribute_f03aa5d3452da917,0.65,title: black,deepseek-v4-flash
B08PPB3W6H,attribute_66f5ac05be91a1c1,0.9,title: Headband Holder,deepseek-v4-flash
B0169KHSRC,attribute_93586110f0d07ed3,0.95,store: MG,deepseek-v4-flash
B0169KHSRC,attribute_288049b21e5f1f81,0.9,Unit Count: 16.00 Fl Oz,deepseek-v4-flash
B0169KHSRC,attribute_cc853181e1d73030,0.75,title: 16 oz,deepseek-v4-flash
B0169KHSRC,attribute_aec571fbba8da824,0.9,title: Magnesium Oil,deepseek-v4-flash
B0169KHSRC,attribute_76d49a1a04fb5fcf,1.0,Unit Count: 16.00 Fl Oz,deepseek-v4-flash
B0169KHSRC,attribute_372f7e9b88e0e112,0.8,description: 100 % Dead Sea Minerals,deepseek-v4-flash
B0169KHSRC,attribute_2ac9dc9cc64980de,0.8,description: 20 Essential Oils,deepseek-v4-flash
B078NTRQ8W,attribute_22a474fd7486987b,0.95,store: miss u hair,rules
B078NTRQ8W,attribute_69842a667beee8dc,0.75,title: 45cm,rules
B078NTRQ8W,attribute_b96630ed250523ee,0.65,title: brown,rules
B08549F7PF,attribute_8bda42f5d38ee8a9,0.95,store: JoYoung,deepseek-v4-flash
B08549F7PF,attribute_0efeb815415e9186,0.9,Material: Human Hair,deepseek-v4-flash
B08549F7PF,attribute_3c6b220fd942dff3,0.9,Hair Type: Straight,deepseek-v4-flash
B08549F7PF,attribute_0995f76f76d15b1b,0.75,title: 50grams,deepseek-v4-flash
B08549F7PF,attribute_72f40f803eb5363f,0.65,title: blonde,deepseek-v4-flash
B01B26W9YA,attribute_4478ba3ed7e1c4b6,0.95,store: Solvere,deepseek-v4-flash
B01B26W9YA,attribute_95231cdd4212a393,0.9,Skin Type: Acne skin,deepseek-v4-flash
B01B26W9YA,attribute_af71680c3079f29f,0.9,Item Form: Cream,deepseek-v4-flash
B01B26W9YA,attribute_a662688d661c223d,0.9,Unit Count: 2.0 Ounce,deepseek-v4-flash
B01B26W9YA,attribute_8b7e6fcb488e6162,0.75,title: 2 Oz,deepseek-v4-flash
B01MTK3Q9D,attribute_08015321f9b3889f,0.95,store: Kiara Sky,deepseek-v4-flash
B01MTK3Q9D,attribute_42f2ef53eef1b341,0.9,Item Form: Gel,deepseek-v4-flash
B01MTK3Q9D,attribute_2ac91817c6dc2ed6,0.9,Unit Count: 1.00 Count,deepseek-v4-flash
B08D3B6JCP,attribute_442b9e1555fd12ea,0.95,store: Earfodo,deepseek-v4-flash
B08D3B6JCP,attribute_cd744dd77d211b38,0.9,Material: Synthetic,deepseek-v4-flash
B08D3B6JCP,attribute_6285d96f3d997d87,0.9,"Hair Type: Curly, Coily",deepseek-v4-flash
B08D3B6JCP,attribute_5a1bb5553d3d4fbf,0.75,title: 14 Inch,deepseek-v4-flash
B08D3B6JCP,attribute_f03aa5d3452da917,0.65,title: black,deepseek-v4-flash
B00OZWSSDK,attribute_e8566947a2263015,0.95,store: PRO,deepseek-v4-flash
B00OZWSSDK,attribute_cae5d609508b8082,0.9,Item Form: Lotion,deepseek-v4-flash
B07KDYT8XY,attribute_c48dc5e552537b92,0.95,store: She Cotton,deepseek-v4-flash
B07KDYT8XY,attribute_0a552befcc9a10a1,0.9,Material: Cotton,deepseek-v4-flash
B07KDYT8XY,attribute_35036c11f064311c,0.9,Unit Count: 300 Count,deepseek-v4-flash
B07KDYT8XY,attribute_189d90ef866b9c96,0.75,title: 3 Pack,deepseek-v4-flash
B07N6LCP6J,attribute_de757853bdc57666,0.95,store: Hunter Jack,rules
B08B8QS7JB,attribute_7ec7a4963a66986a,0.95,store: Generies,deepseek-v4-flash
B08B8QS7JB,attribute_8ba8db87ff92bb46,0.9,Item Form: Pair,deepseek-v4-flash
B08B8QS7JB,attribute_4473db570896b2ec,0.9,Material: Silk,deepseek-v4-flash
B08RJJ44WP,attribute_3b9f8e3c965fd8ba,0.95,store: Teresa,deepseek-v4-flash
B08RJJ44WP,attribute_0efeb815415e9186,0.9,Material: Human Hair,deepseek-v4-flash
B08RJJ44WP,attribute_3c6b220fd942dff3,0.9,Hair Type: Straight,deepseek-v4-flash
B08RJJ44WP,attribute_c56aee814ca70c14,0.75,title: 18 Inch,deepseek-v4-flash
B08RJJ44WP,attribute_f03aa5d3452da917,0.65,title: black,deepseek-v4-flash
B085T7YDDH,attribute_ddde7d2be388a1ec,0.95,store: HealthSmart,deepseek-v4-flash
B085T7YDDH,attribute_fbd8936c219bb836,0.9,Skin Type: Sensitive,deepseek-v4-flash
B085T7YDDH,attribute_2ac91817c6dc2ed6,0.9,Unit Count: 1.00 Count,deepseek-v4-flash
B085T7YDDH,attribute_38740edce505787c,0.65,title: blue,deepseek-v4-flash
B01D9SPUUO,attribute_0dae6753d718b1a2,0.95,store: SiYi,deepseek-v4-flash
B01D9SPUUO,attribute_0efeb815415e9186,0.9,Material: Human Hair,deepseek-v4-flash
B01D9SPUUO,attribute_3c6b220fd942dff3,0.9,Hair Type: Straight,deepseek-v4-flash
B01D9SPUUO,attribute_f86654b7149035ea,0.65,title: green,deepseek-v4-flash
B01D9SPUUO,attribute_d6b2aa6350c33c22,0.9,Mint Green,deepseek-v4-flash
B01D9SPUUO,attribute_e03463ee8d3de963,0.9,Ombre Black Root,deepseek-v4-flash
B01D9SPUUO,attribute_cd744dd77d211b38,0.8,Synthetic Wigs,deepseek-v4-flash
B01D9SPUUO,attribute_9e6a663d16b7b30d,0.9,Straight,deepseek-v4-flash
B01D9SPUUO,attribute_d524753d56d9d70d,0.9,Full Wigs,deepseek-v4-flash
B01D9SPUUO,attribute_e64a549250f50b1c,0.9,Heat Resistant,deepseek-v4-flash
B071ZNT4XY,attribute_1dffaa257c5c9706,0.9,Item Form: Oil,deepseek-v4-flash
B071ZNT4XY,attribute_38b330f2c164b760,0.9,Unit Count: 1.69 Fl Oz,deepseek-v4-flash
B071ZNT4XY,attribute_34229f8c13d40e73,0.75,title: 50ml,deepseek-v4-flash
B071ZNT4XY,attribute_da66fd8e1f385a06,0.9,Tone Up Cream,deepseek-v4-flash
B071ZNT4XY,attribute_b0cab4044ac6b2c0,0.9,Oil Control,deepseek-v4-flash
B01LCXJG26,attribute_fc6db98750f95668,0.9,Skin Type: All,deepseek-v4-flash
B01LCXJG26,attribute_70948989c95ee1b1,0.9,Item Form: Liquid,deepseek-v4-flash
B01LCXJG26,attribute_24f7327a598f1daa,0.9,Unit Count: 8.0 Fl Oz,deepseek-v4-flash
B01LCXJG26,attribute_9edc2263ba065b1d,0.75,title: 8 Fl. Oz,deepseek-v4-flash
B01LCXJG26,attribute_5c78692e5e405038,0.9,Micellar Cleansing Water,deepseek-v4-flash
B01LCXJG26,attribute_2a5fae0136994878,0.9,Liquid,deepseek-v4-flash
B01LCXJG26,attribute_ea2ff94c7cab2d75,0.9,8.0 Fl Oz,deepseek-v4-flash
B01LCXJG26,attribute_139ccd04423ff03c,0.9,Cleanser & Makeup Remover,deepseek-v4-flash
B07TT58BGL,attribute_d20db86dfbf550eb,0.95,store: KICOSY,deepseek-v4-flash
B07TT58BGL,attribute_703a408417ea8951,0.9,Material: Plastic,deepseek-v4-flash
B07TT58BGL,attribute_2ac91817c6dc2ed6,0.9,Unit Count: 1.00 Count,deepseek-v4-flash
B07TT58BGL,attribute_41165fc243630691,0.75,title: 2PCS,deepseek-v4-flash
B0B3MGGVHY,attribute_04d7210920aa1886,0.95,store: FIOBEE,deepseek-v4-flash
B0B3MGGVHY,attribute_f373323cfc6c53fc,0.9,Material: Wood,deepseek-v4-flash
B0B3MGGVHY,attribute_48383b14c6c2e76d,0.9,Color: Rainbow,deepseek-v4-flash
B0B3MGGVHY,attribute_bd8552c455f524c4,0.9,Target Audience: Girls,deepseek-v4-flash
B014JOL9MA,attribute_1ec5e48f57c210fc,0.95,store: Sally Hansen,deepseek-v4-flash
B014JOL9MA,attribute_42f2ef53eef1b341,0.9,Item Form: Gel,deepseek-v4-flash
B014JOL9MA,attribute_84069a1262d3c901,0.9,Unit Count: 2 Count,deepseek-v4-flash
B01NCX8Y5V,attribute_552d7c892f8aabf0,0.95,store: WIGENIUS,deepseek-v4-flash
B01NCX8Y5V,attribute_3c6b220fd942dff3,0.9,Hair Type: Straight,deepseek-v4-flash
B01NCX8Y5V,attribute_a8d80fb2270ca2ab,0.75,title: 100G,deepseek-v4-flash
B01NCX8Y5V,attribute_1ab4b8ffdfec4f8f,0.65,title: white,deepseek-v4-flash
