product_id,category_id
0005946468,category_7252170e0eda5c0b
0977217213,category_7252170e0eda5c0b
097920500X,category_7252170e0eda5c0b
1598438263,category_7252170e0eda5c0b
1610182464,category_7252170e0eda5c0b
1625684320,category_7252170e0eda5c0b
1741666929,category_7252170e0eda5c0b
1891129716,category_7252170e0eda5c0b
6075085491,category_7252170e0eda5c0b
7458592737,category_7252170e0eda5c0b
8674394329,category_7252170e0eda5c0b
979077530X,category_7252170e0eda5c0b
B000052WYR,category_7252170e0eda5c0b
B0000530M9,category_7252170e0eda5c0b
B0000537I2,category_7252170e0eda5c0b
B00005AUIC,category_7252170e0eda5c0b
B00006AG6Z,category_7252170e0eda5c0b
B00006JUK6,category_7252170e0eda5c0b
B00009RB11,category_7252170e0eda5c0b
B0000ZLF18,category_7252170e0eda5c0b
B00011JN5G,category_7252170e0eda5c0b
B00013TBHE,category_7252170e0eda5c0b
B00013Z0EM,category_7252170e0eda5c0b
B000143M46,category_7252170e0eda5c0b
B00014FBC2,category_7252170e0eda5c0b
B00017YG6G,category_7252170e0eda5c0b
B0001DDK2G,category_7252170e0eda5c0b
B0001F3ULK,category_7252170e0eda5c0b
B0001HYJW2,category_7252170e0eda5c0b
B0001HYKBC,category_7252170e0eda5c0b
B0001UFEXW,category_7252170e0eda5c0b
B0001Z5ZAY,category_7252170e0eda5c0b
B00020BKCK,category_7252170e0eda5c0b
B00020UR4C,category_7252170e0eda5c0b
B00021W0IC,category_7252170e0eda5c0b
B00021W1P4,category_7252170e0eda5c0b
B00025H5W4,category_7252170e0eda5c0b
B00026KYLM,category_7252170e0eda5c0b
B00028EYWK,category_7252170e0eda5c0b
B00028NLKG,category_7252170e0eda5c0b
B0002DHG48,category_7252170e0eda5c0b
B0002DNRUU,category_7252170e0eda5c0b
B0002GFKYI,category_7252170e0eda5c0b
B0002J3FEW,category_7252170e0eda5c0b
B0002XHKM6,category_7252170e0eda5c0b
B0004E9ILY,category_7252170e0eda5c0b
B00064A816,category_7252170e0eda5c0b
B00067ZIPO,category_7252170e0eda5c0b
B0006LNJWO,category_7252170e0eda5c0b
B0006NXPMQ,category_7252170e0eda5c0b
B0006ODSKY,category_7252170e0eda5c0b
B0006PRV1U,category_7252170e0eda5c0b
B0006ULJVI,category_7252170e0eda5c0b
B00075MC2W,category_7252170e0eda5c0b
B00076HMSA,category_7252170e0eda5c0b
B00078X2UU,category_7252170e0eda5c0b
B00078ZROO,category_7252170e0eda5c0b
B0007CHJGY,category_7252170e0eda5c0b
B0007PF8SW,category_7252170e0eda5c0b
B0007PFQBG,category_7252170e0eda5c0b
B0007XQ2W0,category_7252170e0eda5c0b
B0007ZG2WI,category_7252170e0eda5c0b
B0008F6QGO,category_7252170e0eda5c0b
B0008G1YUG,category_7252170e0eda5c0b
B0009EILPI,category_7252170e0eda5c0b
B0009MFUOU,category_7252170e0eda5c0b
B0009QZYI8,category_7252170e0eda5c0b
B0009TAC14,category_7252170e0eda5c0b
B0009VS7LE,category_7252170e0eda5c0b
B0009YWGYA,category_7252170e0eda5c0b
B000AADG10,category_7252170e0eda5c0b
B000ABH7GE,category_7252170e0eda5c0b
B000AFILXS,category_7252170e0eda5c0b
B000AMG8E0,category_7252170e0eda5c0b
B000AMRIIK,category_7252170e0eda5c0b
B000ANM64A,category_7252170e0eda5c0b
B000AYXBHA,category_7252170e0eda5c0b
B000AZ8KY8,category_7252170e0eda5c0b
B000B12EAM,category_7252170e0eda5c0b
B000B658RI,category_7252170e0eda5c0b
B000B6DIOI,category_7252170e0eda5c0b
B000B7SA9A,category_7252170e0eda5c0b
B000B83E3Q,category_7252170e0eda5c0b
B000B9P4OM,category_7252170e0eda5c0b
B000BBPSFA,category_7252170e0eda5c0b
B000BC1RZY,category_7252170e0eda5c0b
B000BF0WZC,category_7252170e0eda5c0b
B000BI2PWW,category_7252170e0eda5c0b
B000BTAWMG,category_7252170e0eda5c0b
B000C1VY52,category_7252170e0eda5c0b
B000CD3RD2,category_7252170e0eda5c0b
B000CD7YGS,category_7252170e0eda5c0b
B000CEQZ9Y,category_7252170e0eda5c0b
B000COKYTG,category_7252170e0eda5c0b
B000COT29O,category_7252170e0eda5c0b
B000DN7BYC,category_7252170e0eda5c0b
B000E1ER9A,category_7252170e0eda5c0b
B000E3FHJ2,category_7252170e0eda5c0b
B000EFDKYE,category_7252170e0eda5c0b
B000EH0EQ4,category_7252170e0eda5c0b
B000ETVRQ8,category_7252170e0eda5c0b
B000EVGPE0,category_7252170e0eda5c0b
B000F0BXLK,category_7252170e0eda5c0b
B000FFILFG,category_7252170e0eda5c0b
B000FG8SW6,category_7252170e0eda5c0b
B000FI4S1E,category_7252170e0eda5c0b
B000FL6HEC,category_7252170e0eda5c0b
B000FQ5NQ0,category_7252170e0eda5c0b
B000FQMTNK,category_7252170e0eda5c0b
B000FQT4AQ,category_7252170e0eda5c0b
B000FRUL8O,category_7252170e0eda5c0b
B000FUKK3C,category_7252170e0eda5c0b
B000FZ003C,category_7252170e0eda5c0b
B000G1C2AO,category_7252170e0eda5c0b
B000G386MU,category_7252170e0eda5c0b
B000G6XJ3S,category_7252170e0eda5c0b
B000G8LWZI,category_7252170e0eda5c0b
B000GAQS9G,category_7252170e0eda5c0b
B000GCHTH4,category_7252170e0eda5c0b
B000GCKANY,category_7252170e0eda5c0b
B000GD031C,category_7252170e0eda5c0b
B000GGFZ6W,category_7252170e0eda5c0b
B000GHVM6I,category_7252170e0eda5c0b
B000GJ3EQW,category_7252170e0eda5c0b
B000GJ3EUS,category_7252170e0eda5c0b
B000GSQZCI,category_7252170e0eda5c0b
B000H75DEE,category_7252170e0eda5c0b
B000H7BPY6,category_7252170e0eda5c0b
B000H7XZ7Q,category_7252170e0eda5c0b
B000H8UH1C,category_7252170e0eda5c0b
B000HUNBXG,category_7252170e0eda5c0b
B000IINATM,category_7252170e0eda5c0b
B000IL7DMY,category_7252170e0eda5c0b
B000J29GRW,category_7252170e0eda5c0b
B000J5NZ6C,category_7252170e0eda5c0b
B000JIIOII,category_7252170e0eda5c0b
B000JR6WTM,category_7252170e0eda5c0b
B000K1WG8I,category_7252170e0eda5c0b
B000K76YX0,category_7252170e0eda5c0b
B000KHIQ1I,category_7252170e0eda5c0b
B000KHTDM4,category_7252170e0eda5c0b
B000KMCSG2,category_7252170e0eda5c0b
B000LG66FQ,category_7252170e0eda5c0b
B000LQTPNG,category_7252170e0eda5c0b
B000LSZAPQ,category_7252170e0eda5c0b
B000LT6I8I,category_7252170e0eda5c0b
B000LX0DJO,category_7252170e0eda5c0b
B000LZR5XE,category_7252170e0eda5c0b
B000MFAFYO,category_7252170e0eda5c0b
B000MGJTI6,category_7252170e0eda5c0b
B000MLS9C8,category_7252170e0eda5c0b
B000MVVCBI,category_7252170e0eda5c0b
B000N0OSAK,category_7252170e0eda5c0b
B000N2YZQK,category_7252170e0eda5c0b
B000N9IQLS,category_7252170e0eda5c0b
B000NISIP8,category_7252170e0eda5c0b
B000NJ7T8Y,category_7252170e0eda5c0b
B000NLDRTC,category_7252170e0eda5c0b
B000NMF45G,category_7252170e0eda5c0b
B000NMMRMO,category_7252170e0eda5c0b
B000NNEPLE,category_7252170e0eda5c0b
B000NQ0F3S,category_7252170e0eda5c0b
B000NTDOAQ,category_7252170e0eda5c0b
B000NVNOQI,category_7252170e0eda5c0b
B000NVWFB8,category_7252170e0eda5c0b
B000NWD020,category_7252170e0eda5c0b
B000NYZE40,category_7252170e0eda5c0b
B000NZXMUW,category_7252170e0eda5c0b
B000O9SA2C,category_7252170e0eda5c0b
B000OD26SW,category_7252170e0eda5c0b
B000OGI2ZU,category_7252170e0eda5c0b
B000OIDASC,category_7252170e0eda5c0b
B000OQFVLS,category_7252170e0eda5c0b
B000ORUQF8,category_7252170e0eda5c0b
B000OT3SKQ,category_7252170e0eda5c0b
B000OYNCUM,category_7252170e0eda5c0b
B000OZWP8G,category_7252170e0eda5c0b
B000P4YH4G,category_7252170e0eda5c0b
B000PKS7AU,category_7252170e0eda5c0b
B000PNXUAY,category_7252170e0eda5c0b
B000PSV6D2,category_7252170e0eda5c0b
B000PUCWJC,category_7252170e0eda5c0b
B000PY8B98,category_7252170e0eda5c0b
B000Q69R98,category_7252170e0eda5c0b
B000QB8VO0,category_7252170e0eda5c0b
B000QU6R9C,category_7252170e0eda5c0b
B000QV2NFS,category_7252170e0eda5c0b
B000R3K5CS,category_7252170e0eda5c0b
B000R7DW1K,category_7252170e0eda5c0b
B000RFDQB8,category_7252170e0eda5c0b
B000RHMBSU,category_7252170e0eda5c0b
B000RLVZ8I,category_7252170e0eda5c0b
B000RMFZG0,category_7252170e0eda5c0b
B000RWJ4LM,category_7252170e0eda5c0b
B000S92RWM,category_7252170e0eda5c0b
B000SOLOOY,category_7252170e0eda5c0b
B000SQMBCG,category_7252170e0eda5c0b
B000SSQGXE,category_7252170e0eda5c0b
B000TDO7L6,category_7252170e0eda5c0b
B000TFLB36,category_7252170e0eda5c0b
B000TFW8WE,category_7252170e0eda5c0b
B000TN9QPI,category_7252170e0eda5c0b
B000TTNEZA,category_7252170e0eda5c0b
B000TVPOGK,category_7252170e0eda5c0b
B000UEW2AC,category_7252170e0eda5c0b
B000UI9HHO,category_7252170e0eda5c0b
B000UK4Y5M,category_7252170e0eda5c0b
B000UKOS6M,category_7252170e0eda5c0b
B000ULKS10,category_7252170e0eda5c0b
B000UOF16Y,category_7252170e0eda5c0b
B000UPUNZM,category_7252170e0eda5c0b
B000UQDWDG,category_7252170e0eda5c0b
B000US5Q8I,category_7252170e0eda5c0b
B000UTMN06,category_7252170e0eda5c0b
B000UYWDS8,category_7252170e0eda5c0b
B000V5F2NO,category_7252170e0eda5c0b
B000V5KL7G,category_7252170e0eda5c0b
B000V9FQWM,category_7252170e0eda5c0b
B000VCCM58,category_7252170e0eda5c0b
B000VDAF9W,category_7252170e0eda5c0b
B000VMGAD8,category_7252170e0eda5c0b
B000VV2CH2,category_7252170e0eda5c0b
B000W0C07Y,category_7252170e0eda5c0b
B000WGRRRQ,category_7252170e0eda5c0b
B000WN45ZG,category_7252170e0eda5c0b
B000WNJ5P6,category_7252170e0eda5c0b
B000WS51FE,category_7252170e0eda5c0b
B000WVXPWC,category_7252170e0eda5c0b
B000WZNZAA,category_7252170e0eda5c0b
B000WZQ7D2,category_7252170e0eda5c0b
B000XEVMQ4,category_7252170e0eda5c0b
B000XSDC7C,category_7252170e0eda5c0b
B000XY8OVA,category_7252170e0eda5c0b
B000XZK7DC,category_7252170e0eda5c0b
B000Y3SIXE,category_7252170e0eda5c0b
B000YB3UDY,category_7252170e0eda5c0b
B000YD9MKM,category_7252170e0eda5c0b
B000YHNYSO,category_7252170e0eda5c0b
B000Z606OO,category_d6ac68cf358b59e5
B000ZJUEGQ,category_7252170e0eda5c0b
B000ZLYMLM,category_7252170e0eda5c0b
B000ZPU5N2,category_7252170e0eda5c0b
B00102JGFC,category_7252170e0eda5c0b
B0010DMNFQ,category_7252170e0eda5c0b
B00116W1NG,category_7252170e0eda5c0b
B0011DN60Q,category_7252170e0eda5c0b
B0011TP6W6,category_7252170e0eda5c0b
B0011UWUUQ,category_7252170e0eda5c0b
B00124SH1W,category_7252170e0eda5c0b
B001281404,category_7252170e0eda5c0b
B0012CFBXG,category_7252170e0eda5c0b
B0012KGZFQ,category_7252170e0eda5c0b
B0012OR2NG,category_7252170e0eda5c0b
B0012TTP7M,category_7252170e0eda5c0b
B0012TVBCE,category_7252170e0eda5c0b
B0012VV9LU,category_7252170e0eda5c0b
B0012WZSA2,category_7252170e0eda5c0b
B0013MXV6O,category_7252170e0eda5c0b
B001456964,category_7252170e0eda5c0b
B0014EWHKM,category_7252170e0eda5c0b
B0014Z844E,category_7252170e0eda5c0b
B001546R3E,category_7252170e0eda5c0b
B00157BTMU,category_7252170e0eda5c0b
B0015ACFG6,category_7252170e0eda5c0b
B0015R1W2M,category_7252170e0eda5c0b
B0015TB89C,category_7252170e0eda5c0b
B0015TDCDW,category_7252170e0eda5c0b
B0015TEOFM,category_7252170e0eda5c0b
B0015TEQT6,category_7252170e0eda5c0b
B0015TGYDW,category_7252170e0eda5c0b
B0015THZ3K,category_7252170e0eda5c0b
B0015XK68M,category_7252170e0eda5c0b
B0015XQJ38,category_7252170e0eda5c0b
B00166CXCA,category_7252170e0eda5c0b
B0016A7RX6,category_7252170e0eda5c0b
B0016P7GEQ,category_7252170e0eda5c0b
B0016Q733Y,category_7252170e0eda5c0b
B00172Q590,category_7252170e0eda5c0b
B00176GTAG,category_7252170e0eda5c0b
B0017JV5T8,category_7252170e0eda5c0b
B0017LUY98,category_7252170e0eda5c0b
B0017MTBUA,category_7252170e0eda5c0b
B0017ONHG2,category_7252170e0eda5c0b
B0017WUID4,category_7252170e0eda5c0b
B001820AR2,category_7252170e0eda5c0b
B0018BYKQ0,category_7252170e0eda5c0b
B0018EBA24,category_7252170e0eda5c0b
B0018JW4ZQ,category_7252170e0eda5c0b
B0018MZAN6,category_7252170e0eda5c0b
B0018NPP80,category_7252170e0eda5c0b
B0018NTNN8,category_7252170e0eda5c0b
B0018X07D8,category_7252170e0eda5c0b
B0018Y3MA2,category_7252170e0eda5c0b
B00192MVIM,category_7252170e0eda5c0b
B00192OGZS,category_7252170e0eda5c0b
B0019CK0IK,category_7252170e0eda5c0b
B0019QE22G,category_7252170e0eda5c0b
B0019QHPYS,category_7252170e0eda5c0b
B0019R1FQG,category_7252170e0eda5c0b
B0019U9O8O,category_7252170e0eda5c0b
B001A5S9S4,category_7252170e0eda5c0b
B001AESBOC,category_7252170e0eda5c0b
B001AHID7E,category_7252170e0eda5c0b
B001AKQC0Q,category_7252170e0eda5c0b
B001ANMY5A,category_7252170e0eda5c0b
B001ANMY6Y,category_7252170e0eda5c0b
B001ANMZT0,category_7252170e0eda5c0b
B001ANN2M4,category_7252170e0eda5c0b
B001AQRSAS,category_7252170e0eda5c0b
B001AWXBIU,category_7252170e0eda5c0b
B001AXI15C,category_7252170e0eda5c0b
B001AYQRNY,category_7252170e0eda5c0b
B001AYYWY0,category_7252170e0eda5c0b
B001B1HH3K,category_7252170e0eda5c0b
B001B68ZHW,category_7252170e0eda5c0b
B001BVNSV0,category_7252170e0eda5c0b
B001CAYPCQ,category_7252170e0eda5c0b
B001CDGVWA,category_7252170e0eda5c0b
B001CL4O9E,category_7252170e0eda5c0b
B001CSIELG,category_7252170e0eda5c0b
B001D1PSH0,category_7252170e0eda5c0b
B001DB6AWM,category_7252170e0eda5c0b
B001DZ5P06,category_7252170e0eda5c0b
B001DZVELU,category_7252170e0eda5c0b
B001E0YB50,category_7252170e0eda5c0b
B001E0ZMF8,category_7252170e0eda5c0b
B001E33P86,category_7252170e0eda5c0b
B001E6OCC6,category_7252170e0eda5c0b
B001E96O2E,category_7252170e0eda5c0b
B001ECQ34U,category_7252170e0eda5c0b
B001EPEF92,category_7252170e0eda5c0b
B001ET69YW,category_7252170e0eda5c0b
B001ET77WK,category_7252170e0eda5c0b
B001F058ME,category_7252170e0eda5c0b
B001F41IXI,category_7252170e0eda5c0b
B001F5X9KM,category_7252170e0eda5c0b
B001F8RVGM,category_7252170e0eda5c0b
B001F9FTIS,category_7252170e0eda5c0b
B001FB0AHQ,category_7252170e0eda5c0b
B001FORJTA,category_7252170e0eda5c0b
B001FQMAIS,category_7252170e0eda5c0b
B001FRPAV6,category_7252170e0eda5c0b
B001FSK8W6,category_7252170e0eda5c0b
B001FWXTMI,category_7252170e0eda5c0b
B001FXBIXE,category_7252170e0eda5c0b
B001G15BE2,category_7252170e0eda5c0b
B001G2PXP8,category_7252170e0eda5c0b
B001G74D22,category_7252170e0eda5c0b
B001G7PMRW,category_7252170e0eda5c0b
B001G7Q1HM,category_7252170e0eda5c0b
B001GKMZUQ,category_7252170e0eda5c0b
B001HC54SS,category_7252170e0eda5c0b
B001I8BGQA,category_7252170e0eda5c0b
B001IN9B2Q,category_7252170e0eda5c0b
B001IYQBGE,category_7252170e0eda5c0b
B001JA1CSE,category_7252170e0eda5c0b
B001JE325G,category_7252170e0eda5c0b
B001JJBE2E,category_7252170e0eda5c0b
B001JKYW2C,category_7252170e0eda5c0b
B001JY5SCQ,category_7252170e0eda5c0b
B001K80AYM,category_7252170e0eda5c0b
B001KMC46A,category_7252170e0eda5c0b
B001KYU582,category_7252170e0eda5c0b
B001L1503Y,category_7252170e0eda5c0b
B001LD3CAU,category_7252170e0eda5c0b
B001LGDG44,category_7252170e0eda5c0b
B001LNODSA,category_7252170e0eda5c0b
B001MA411G,category_7252170e0eda5c0b
B001MP477Y,category_7252170e0eda5c0b
B001MP47WE,category_7252170e0eda5c0b
B001MU6G5U,category_7252170e0eda5c0b
B001N0QMF8,category_7252170e0eda5c0b
B001NI4OXW,category_7252170e0eda5c0b
B001NOSH7U,category_7252170e0eda5c0b
B001NYRTQU,category_7252170e0eda5c0b
B001O3U7LE,category_7252170e0eda5c0b
B001O82DAW,category_7252170e0eda5c0b
B001OI5XV8,category_7252170e0eda5c0b
B001OI5XY0,category_7252170e0eda5c0b
B001OI5XYA,category_7252170e0eda5c0b
B001OIXOZU,category_7252170e0eda5c0b
B001PO6NYM,category_7252170e0eda5c0b
B001QD0J9W,category_7252170e0eda5c0b
B001QTR63I,category_7252170e0eda5c0b
B001QYOX98,category_7252170e0eda5c0b
B001R5Q9KC,category_7252170e0eda5c0b
B001RHBJRS,category_7252170e0eda5c0b
B001RMTCSQ,category_7252170e0eda5c0b
B001RNC6TM,category_7252170e0eda5c0b
B001RNC6XI,category_7252170e0eda5c0b
B001RVDIP0,category_7252170e0eda5c0b
B001RVDSW8,category_7252170e0eda5c0b
B001S888OI,category_7252170e0eda5c0b
B001S9YE9A,category_7252170e0eda5c0b
B001SAU6I2,category_7252170e0eda5c0b
B001SIPE8Q,category_7252170e0eda5c0b
B001T8FKHU,category_7252170e0eda5c0b
B001TAFANM,category_7252170e0eda5c0b
B001TM4TZU,category_7252170e0eda5c0b
B001TNODMS,category_7252170e0eda5c0b
B001U2KUUM,category_7252170e0eda5c0b
B001U788HO,category_7252170e0eda5c0b
B001UG8BTK,category_7252170e0eda5c0b
B001UOKV9U,category_7252170e0eda5c0b
B001V6SN5G,category_7252170e0eda5c0b
B001V82RYC,category_7252170e0eda5c0b
B001V9JYOW,category_7252170e0eda5c0b
B001V9QW0G,category_7252170e0eda5c0b
B001VEERLM,category_7252170e0eda5c0b
B001VGG5UG,category_7252170e0eda5c0b
B001VMFRQ8,category_7252170e0eda5c0b
B001W2P11S,category_7252170e0eda5c0b
B001WULW22,category_7252170e0eda5c0b
B001ZBC7UY,category_7252170e0eda5c0b
B001ZGRZGK,category_7252170e0eda5c0b
B0020MM89W,category_7252170e0eda5c0b
B00246EHKW,category_7252170e0eda5c0b
B0025OXWSQ,category_7252170e0eda5c0b
B0025V9120,category_7252170e0eda5c0b
B002616RIK,category_7252170e0eda5c0b
B00263NCCW,category_7252170e0eda5c0b
B00263XQ0U,category_7252170e0eda5c0b
B0026P40QC,category_7252170e0eda5c0b
B0026PZMFK,category_7252170e0eda5c0b
B00275N8BY,category_7252170e0eda5c0b
B00275QRTO,category_7252170e0eda5c0b
B0027A8MZQ,category_7252170e0eda5c0b
B00286WV1U,category_7252170e0eda5c0b
B0029D48OU,category_7252170e0eda5c0b
B0029F2HPU,category_7252170e0eda5c0b
B0029MU020,category_7252170e0eda5c0b
B002A8C4E0,category_7252170e0eda5c0b
B002BJ7P5Q,category_7252170e0eda5c0b
B002C67HXS,category_7252170e0eda5c0b
B002C6DN6I,category_7252170e0eda5c0b
B002C6G7O8,category_7252170e0eda5c0b
B002C6I98A,category_7252170e0eda5c0b
B002C780AG,category_7252170e0eda5c0b
B002CJI2BG,category_7252170e0eda5c0b
B002CT9D3C,category_7252170e0eda5c0b
B002CVTVV4,category_7252170e0eda5c0b
B002CVTVVO,category_7252170e0eda5c0b
B002E60AMQ,category_7252170e0eda5c0b
B002EA1W42,category_7252170e0eda5c0b
B002EDCRLQ,category_7252170e0eda5c0b
B002EHQ3D0,category_7252170e0eda5c0b
B002EIZJDY,category_7252170e0eda5c0b
B002ESSD82,category_7252170e0eda5c0b
B002EV3JBU,category_7252170e0eda5c0b
B002F3MK1W,category_7252170e0eda5c0b
B002FCIQK2,category_7252170e0eda5c0b
B002FCOSIQ,category_7252170e0eda5c0b
B002FRINPU,category_7252170e0eda5c0b
B002GHZD70,category_7252170e0eda5c0b
B002GIBVL6,category_7252170e0eda5c0b
B002GZU38G,category_7252170e0eda5c0b
B002H64UFG,category_7252170e0eda5c0b
B002HG7KM6,category_d6ac68cf358b59e5
B002HJPSJ0,category_7252170e0eda5c0b
B002HMIMW2,category_7252170e0eda5c0b
B002HZWFPY,category_7252170e0eda5c0b
B002I9TZ0M,category_7252170e0eda5c0b
B002IAG1TY,category_7252170e0eda5c0b
B002JJT0DI,category_7252170e0eda5c0b
B002KF1RRS,category_7252170e0eda5c0b
B002LHPKKK,category_7252170e0eda5c0b
B002LMUUPU,category_7252170e0eda5c0b
B002LVFY2U,category_7252170e0eda5c0b
B002M41W9U,category_7252170e0eda5c0b
B002M9YFQC,category_7252170e0eda5c0b
B002ML45EW,category_7252170e0eda5c0b
B002N5VROI,category_7252170e0eda5c0b
B002NFVHB6,category_7252170e0eda5c0b
B002NPWWZQ,category_d6ac68cf358b59e5
B002NT0IMQ,category_7252170e0eda5c0b
B002OFR8XG,category_7252170e0eda5c0b
B002OMGNLC,category_7252170e0eda5c0b
B002OQCYZ2,category_7252170e0eda5c0b
B002QLP2PO,category_7252170e0eda5c0b
B002QYRFE2,category_7252170e0eda5c0b
B002R2TLIQ,category_7252170e0eda5c0b
B002RC184Q,category_7252170e0eda5c0b
B002RNQ8F4,category_7252170e0eda5c0b
B002RPHB0S,category_7252170e0eda5c0b
B002RS2A2E,category_7252170e0eda5c0b
B002SB6ATO,category_7252170e0eda5c0b
B002SQ0KD6,category_7252170e0eda5c0b
B002SVWFUM,category_7252170e0eda5c0b
B002T5NMGS,category_7252170e0eda5c0b
B002T8BP7I,category_7252170e0eda5c0b
B002TSVE6K,category_7252170e0eda5c0b
B002TT1AJA,category_7252170e0eda5c0b
B002TTBT2S,category_7252170e0eda5c0b
B002U6VW5O,category_7252170e0eda5c0b
B002UG5EZS,category_7252170e0eda5c0b
B002UNGCD4,category_7252170e0eda5c0b
B002UNGG26,category_7252170e0eda5c0b
B002VZEI82,category_7252170e0eda5c0b
B002VZEKSU,category_7252170e0eda5c0b
B002VZFPJI,category_7252170e0eda5c0b
B002VZHQAY,category_7252170e0eda5c0b
B002VZNCL6,category_7252170e0eda5c0b
B002W701Z8,category_7252170e0eda5c0b
B002WH5NWE,category_7252170e0eda5c0b
B002XF4OBQ,category_7252170e0eda5c0b
B002XFAHJ4,category_7252170e0eda5c0b
B002YDNT90,category_7252170e0eda5c0b
B002YPLR7O,category_7252170e0eda5c0b
B002YVLE9O,category_7252170e0eda5c0b
B002Z7FTZ2,category_7252170e0eda5c0b
B002Z7KSAS,category_7252170e0eda5c0b
B002ZF4SLA,category_7252170e0eda5c0b
B002ZGQ998,category_7252170e0eda5c0b
B002ZP7S12,category_7252170e0eda5c0b
B002ZUO8HE,category_7252170e0eda5c0b
B00308W4YY,category_7252170e0eda5c0b
B0030HJ6FA,category_7252170e0eda5c0b
B00310X8V4,category_7252170e0eda5c0b
B00316PIEI,category_7252170e0eda5c0b
B0031EUAK2,category_7252170e0eda5c0b
B0031KI7XI,category_7252170e0eda5c0b
B00326GR9W,category_7252170e0eda5c0b
B00329UX1C,category_7252170e0eda5c0b
B0032GCR4Q,category_7252170e0eda5c0b
B003326Y34,category_7252170e0eda5c0b
B00355EOW2,category_7252170e0eda5c0b
B00355HFQE,category_7252170e0eda5c0b
B0035B8ALM,category_7252170e0eda5c0b
B0035HQ0JU,category_7252170e0eda5c0b
B0035KR5K0,category_7252170e0eda5c0b
B00374EB10,category_7252170e0eda5c0b
B00375W3R8,category_7252170e0eda5c0b
B003771T8U,category_7252170e0eda5c0b
B00380IS8U,category_7252170e0eda5c0b
B003814C1Q,category_7252170e0eda5c0b
B00384A3NY,category_7252170e0eda5c0b
B0038A5NBA,category_7252170e0eda5c0b
B0038BGTFS,category_7252170e0eda5c0b
B0038EVU9K,category_7252170e0eda5c0b
B0038M9CMY,category_7252170e0eda5c0b
B00393LKK4,category_7252170e0eda5c0b
B0039HTTBC,category_7252170e0eda5c0b
B0039IFLMC,category_7252170e0eda5c0b
B0039LPQCO,category_7252170e0eda5c0b
B0039LRCWG,category_7252170e0eda5c0b
B003A797MC,category_7252170e0eda5c0b
B003AK3CBG,category_7252170e0eda5c0b
B003AQH590,category_7252170e0eda5c0b
B003AT35Z0,category_7252170e0eda5c0b
B003AT6NTU,category_7252170e0eda5c0b
B003BJ2NXY,category_7252170e0eda5c0b
B003C00M2G,category_7252170e0eda5c0b
B003C0R9MM,category_7252170e0eda5c0b
B003C4Y34K,category_7252170e0eda5c0b
B003CIYY5E,category_7252170e0eda5c0b
B003CYKY4S,category_d6ac68cf358b59e5
B003D02SOA,category_7252170e0eda5c0b
B003D1LAC0,category_7252170e0eda5c0b
B003D1UTMC,category_7252170e0eda5c0b
B003D1UTRC,category_7252170e0eda5c0b
B003D88A3U,category_7252170e0eda5c0b
B003D8ZF7E,category_7252170e0eda5c0b
B003DPYGXG,category_7252170e0eda5c0b
B003DWFIQ8,category_7252170e0eda5c0b
B003E84MGS,category_7252170e0eda5c0b
B003FBODB8,category_7252170e0eda5c0b
B003FIOH5I,category_7252170e0eda5c0b
B003FVZ0R4,category_7252170e0eda5c0b
B003G9HABY,category_7252170e0eda5c0b
B003GLS96M,category_7252170e0eda5c0b
B003GLYZ5G,category_7252170e0eda5c0b
B003GWHJXA,category_7252170e0eda5c0b
B003H1T9T2,category_7252170e0eda5c0b
B003H70YMM,category_7252170e0eda5c0b
B003HH0CWO,category_7252170e0eda5c0b
B003HOU416,category_7252170e0eda5c0b
B003I6VOVW,category_7252170e0eda5c0b
B003I9BDD8,category_7252170e0eda5c0b
B003I9BNCE,category_7252170e0eda5c0b
B003I9C1P2,category_7252170e0eda5c0b
B003IN74HI,category_7252170e0eda5c0b
B003J40EAU,category_7252170e0eda5c0b
B003J44E74,category_7252170e0eda5c0b
B003JJ4O6K,category_7252170e0eda5c0b
B003JN2HA6,category_7252170e0eda5c0b
B003JN6AUO,category_7252170e0eda5c0b
B003KPEF4Y,category_7252170e0eda5c0b
B003L7PF2C,category_7252170e0eda5c0b
B003LD3RL2,category_7252170e0eda5c0b
B003LR08Y2,category_7252170e0eda5c0b
B003M1GFL2,category_7252170e0eda5c0b
B003N10ZR6,category_7252170e0eda5c0b
B003N25MPA,category_7252170e0eda5c0b
B003NQQLMY,category_7252170e0eda5c0b
B003NR08QS,category_7252170e0eda5c0b
B003NTUON8,category_7252170e0eda5c0b
B003NZKXYM,category_7252170e0eda5c0b
B003O9RM9Q,category_7252170e0eda5c0b
B003P4GDHM,category_7252170e0eda5c0b
B003PP0CPU,category_7252170e0eda5c0b
B003QTR4Q0,category_7252170e0eda5c0b
B003RXY882,category_7252170e0eda5c0b
B003S5LCGU,category_7252170e0eda5c0b
B003SDGGBI,category_7252170e0eda5c0b
B003TJCBRO,category_7252170e0eda5c0b
B003TL66EQ,category_7252170e0eda5c0b
B003TN3A6Q,category_7252170e0eda5c0b
B003TVKNUO,category_7252170e0eda5c0b
B003UF2X8E,category_7252170e0eda5c0b
B003UPMNRA,category_7252170e0eda5c0b
B003USID1C,category_7252170e0eda5c0b
B003V1RC6A,category_7252170e0eda5c0b
B003V5B86Q,category_7252170e0eda5c0b
B003VC6V7K,category_7252170e0eda5c0b
B003VLFV40,category_7252170e0eda5c0b
B003WYVOJC,category_7252170e0eda5c0b
B003X085RO,category_7252170e0eda5c0b
B003X5P4UU,category_7252170e0eda5c0b
B003XDZ6F0,category_7252170e0eda5c0b
B003XF7426,category_7252170e0eda5c0b
B003XJB7S4,category_7252170e0eda5c0b
B003XKGPQM,category_7252170e0eda5c0b
B003XNY8KE,category_7252170e0eda5c0b
B003YKWXM6,category_7252170e0eda5c0b
B003YM9T2Q,category_7252170e0eda5c0b
B003ZWB5KY,category_7252170e0eda5c0b
B003ZZBL2I,category_7252170e0eda5c0b
B0040H39UC,category_7252170e0eda5c0b
B0040ZKYJI,category_7252170e0eda5c0b
B00415EALU,category_7252170e0eda5c0b
B0041BT4LU,category_7252170e0eda5c0b
B0041LX3VW,category_7252170e0eda5c0b
B0041LYB4A,category_7252170e0eda5c0b
B0041MJMGQ,category_7252170e0eda5c0b
B0041PAKXC,category_7252170e0eda5c0b
B0041QP2H0,category_7252170e0eda5c0b
B0041REXOC,category_7252170e0eda5c0b
B0041RN7QW,category_7252170e0eda5c0b
B0042344RG,category_7252170e0eda5c0b
B0042JALKE,category_7252170e0eda5c0b
B0042R25KU,category_7252170e0eda5c0b
B0043MMUEK,category_7252170e0eda5c0b
B0043MYVYC,category_7252170e0eda5c0b
B0043R1G68,category_7252170e0eda5c0b
B0043XZXJI,category_7252170e0eda5c0b
B00443T55U,category_7252170e0eda5c0b
B0044WM6LG,category_7252170e0eda5c0b
B00454H028,category_7252170e0eda5c0b
B00454W6XG,category_7252170e0eda5c0b
B0045509YI,category_7252170e0eda5c0b
B0045DC75Y,category_7252170e0eda5c0b
B0045JEH5G,category_7252170e0eda5c0b
B0045P4TAI,category_7252170e0eda5c0b
B0045P93J0,category_7252170e0eda5c0b
B0046VJK96,category_7252170e0eda5c0b
B0047KY1BI,category_7252170e0eda5c0b
B0047L9RNY,category_7252170e0eda5c0b
B0047Q0UP8,category_7252170e0eda5c0b
B0047QJEUK,category_7252170e0eda5c0b
B0047V7MAY,category_d6ac68cf358b59e5
B0048BPWF0,category_7252170e0eda5c0b
B0049I09H8,category_7252170e0eda5c0b
B0049VN7O2,category_7252170e0eda5c0b
B004AG9S4O,category_7252170e0eda5c0b
B004AI5FZ8,category_7252170e0eda5c0b
B004AN920W,category_7252170e0eda5c0b
B004BBNXGW,category_7252170e0eda5c0b
B004BD4PNU,category_7252170e0eda5c0b
B004BISQ80,category_7252170e0eda5c0b
B004BS09WG,category_7252170e0eda5c0b
B004C1ODUQ,category_7252170e0eda5c0b
B004C46BA8,category_7252170e0eda5c0b
B004C6ZOC2,category_7252170e0eda5c0b
B004C7SQL2,category_7252170e0eda5c0b
B004CEK8NE,category_7252170e0eda5c0b
B004CGBN0Y,category_7252170e0eda5c0b
B004CNMAYU,category_7252170e0eda5c0b
B004CNMEKK,category_7252170e0eda5c0b
B004DBS8KQ,category_7252170e0eda5c0b
B004DJ0SP6,category_7252170e0eda5c0b
B004DPJJAK,category_7252170e0eda5c0b
B004F0ME9G,category_7252170e0eda5c0b
B004F82GN2,category_7252170e0eda5c0b
B004F866FG,category_7252170e0eda5c0b
B004FQPX34,category_7252170e0eda5c0b
B004GBWD72,category_7252170e0eda5c0b
B004GCFBEI,category_7252170e0eda5c0b
B004GHIEZQ,category_7252170e0eda5c0b
B004GIJ9RM,category_7252170e0eda5c0b
B004GNV6QO,category_7252170e0eda5c0b
B004GTP8JE,category_7252170e0eda5c0b
B004GULESW,category_7252170e0eda5c0b
B004H8ZKWE,category_7252170e0eda5c0b
B004HCH186,category_7252170e0eda5c0b
B004HXGN3O,category_7252170e0eda5c0b
B004HYYQLY,category_7252170e0eda5c0b
B004IF69F8,category_7252170e0eda5c0b
B004IM8V3Y,category_7252170e0eda5c0b
B004IRDIYG,category_7252170e0eda5c0b
B004JBTQBK,category_7252170e0eda5c0b
B004JJYSEW,category_7252170e0eda5c0b
B004JYNIYS,category_7252170e0eda5c0b
B004K4LC9K,category_7252170e0eda5c0b
B004K4RHQC,category_7252170e0eda5c0b
B004KEKFC0,category_7252170e0eda5c0b
B004KEMHNK,category_7252170e0eda5c0b
B004KEML2M,category_7252170e0eda5c0b
B004KEOHY2,category_7252170e0eda5c0b
B004KEQPKQ,category_7252170e0eda5c0b
B004KF1FBY,category_7252170e0eda5c0b
B004KG6RW0,category_7252170e0eda5c0b
B004KH7ZE8,category_7252170e0eda5c0b
B004KS1D1I,category_7252170e0eda5c0b
B004KS6D9K,category_7252170e0eda5c0b
B004KTL0VA,category_7252170e0eda5c0b
B004L152NE,category_7252170e0eda5c0b
B004L3ODFA,category_7252170e0eda5c0b
B004LJPDMQ,category_7252170e0eda5c0b
B004LPG0EK,category_7252170e0eda5c0b
B004LTUQCS,category_7252170e0eda5c0b
B004LU0U46,category_7252170e0eda5c0b
B004LXVRB8,category_7252170e0eda5c0b
B004MN67WQ,category_7252170e0eda5c0b
B004MSZM7M,category_7252170e0eda5c0b
B004MZJ44W,category_7252170e0eda5c0b
B004MZQ5GM,category_7252170e0eda5c0b
B004NALPZ2,category_7252170e0eda5c0b
B004NMXAVC,category_7252170e0eda5c0b
B004NSJTOS,category_7252170e0eda5c0b
B004OKGG2S,category_7252170e0eda5c0b
B004PLP7SK,category_7252170e0eda5c0b
B004Q0QCLQ,category_7252170e0eda5c0b
B004Q712XM,category_7252170e0eda5c0b
B004Q8ASRC,category_7252170e0eda5c0b
B004QDX1W6,category_7252170e0eda5c0b
B004QJJANY,category_7252170e0eda5c0b
B004QJO4ZS,category_7252170e0eda5c0b
B004QR8UMI,category_7252170e0eda5c0b
B004QTYB3I,category_7252170e0eda5c0b
B004R7N8JW,category_7252170e0eda5c0b
B004RPYWPS,category_7252170e0eda5c0b
B004SBH88Y,category_7252170e0eda5c0b
B004SBJBNO,category_7252170e0eda5c0b
B004SKTM4I,category_7252170e0eda5c0b
B004SM4A48,category_7252170e0eda5c0b
B004SP3QKO,category_7252170e0eda5c0b
B004T4LCWS,category_7252170e0eda5c0b
B004T4O81U,category_7252170e0eda5c0b
B004T4P3Z0,category_7252170e0eda5c0b
B004T4XJGK,category_7252170e0eda5c0b
B004T9ER1G,category_7252170e0eda5c0b
B004TB3UAS,category_7252170e0eda5c0b
B004TB6HVM,category_7252170e0eda5c0b
B004TBEA84,category_7252170e0eda5c0b
B004TBMUU4,category_7252170e0eda5c0b
B004TGQAWS,category_7252170e0eda5c0b
B004TS9ZXW,category_7252170e0eda5c0b
B004UMG7MY,category_7252170e0eda5c0b
B004UNF4A4,category_7252170e0eda5c0b
B004VH2OSO,category_7252170e0eda5c0b
B004VRLBMY,category_7252170e0eda5c0b
B004VTVT2Y,category_7252170e0eda5c0b
B004X8HUKI,category_7252170e0eda5c0b
B004X8IGD8,category_7252170e0eda5c0b
B004X8MT3G,category_7252170e0eda5c0b
B004XCLZ3C,category_7252170e0eda5c0b
B004XICGAM,category_7252170e0eda5c0b
B004XJ4H26,category_7252170e0eda5c0b
B004XO09YQ,category_7252170e0eda5c0b
B004Y00WIC,category_7252170e0eda5c0b
B004Y8D82G,category_7252170e0eda5c0b
B004YES3FC,category_7252170e0eda5c0b
B004YVDLLQ,category_7252170e0eda5c0b
B004Z2LJQS,category_7252170e0eda5c0b
B004Z2T88E,category_7252170e0eda5c0b
B004Z2TUXM,category_7252170e0eda5c0b
B004Z7RMNW,category_7252170e0eda5c0b
B004ZVXZE8,category_7252170e0eda5c0b
B004ZWH3XG,category_7252170e0eda5c0b
B005150RUC,category_7252170e0eda5c0b
B0051GVVDS,category_7252170e0eda5c0b
B00528G05Y,category_7252170e0eda5c0b
B005292YXA,category_7252170e0eda5c0b
B0052ADLQI,category_7252170e0eda5c0b
B0052E3CPE,category_7252170e0eda5c0b
B0052ECOE4,category_7252170e0eda5c0b
B0052EOS70,category_7252170e0eda5c0b
B0052KBW28,category_7252170e0eda5c0b
B0052SL5O0,category_7252170e0eda5c0b
B0054Y532M,category_7252170e0eda5c0b
B0054YASE0,category_7252170e0eda5c0b
B00567PA2U,category_7252170e0eda5c0b
B0056C2G7M,category_7252170e0eda5c0b
B0056GQ6JW,category_7252170e0eda5c0b
B0057AT33S,category_7252170e0eda5c0b
B0057YB30U,category_7252170e0eda5c0b
B0058IJ2L2,category_7252170e0eda5c0b
B0058KYR9C,category_7252170e0eda5c0b
B0058NLLUM,category_7252170e0eda5c0b
B0058WE96Q,category_7252170e0eda5c0b
B0059K09E8,category_d6ac68cf358b59e5
B005AL5BZS,category_7252170e0eda5c0b
B005BQYQLC,category_7252170e0eda5c0b
B005CRCDYM,category_7252170e0eda5c0b
B005CZUQOS,category_7252170e0eda5c0b
B005D7BTQY,category_7252170e0eda5c0b
B005DT7YP2,category_7252170e0eda5c0b
B005E0QEGU,category_7252170e0eda5c0b
B005E7ANGK,category_7252170e0eda5c0b
B005E7ANJ2,category_7252170e0eda5c0b
B005EFSRJ2,category_7252170e0eda5c0b
B005EH2Z1G,category_7252170e0eda5c0b
B005ET2QA4,category_7252170e0eda5c0b
B005EYBHZE,category_7252170e0eda5c0b
B005FFIFXO,category_7252170e0eda5c0b
B005FFOL5U,category_7252170e0eda5c0b
B005FMW434,category_7252170e0eda5c0b
B005G4GACW,category_7252170e0eda5c0b
B005GKVDQY,category_7252170e0eda5c0b
B005GR3L2Q,category_7252170e0eda5c0b
B005GS3JWW,category_7252170e0eda5c0b
B005HBT3AU,category_7252170e0eda5c0b
B005HEX4RA,category_7252170e0eda5c0b
B005HJBCLK,category_7252170e0eda5c0b
B005HLOMWY,category_7252170e0eda5c0b
B005IHE9UC,category_7252170e0eda5c0b
B005IL1FGY,category_7252170e0eda5c0b
B005IYZLWU,category_7252170e0eda5c0b
B005JCR69W,category_7252170e0eda5c0b
B005JYPI6S,category_7252170e0eda5c0b
B005JZYZFM,category_7252170e0eda5c0b
B005KBOTDI,category_7252170e0eda5c0b
B005KH51LQ,category_7252170e0eda5c0b
B005L955LE,category_7252170e0eda5c0b
B005LKBF0S,category_7252170e0eda5c0b
B005LXXPN0,category_7252170e0eda5c0b
B005M4COC6,category_7252170e0eda5c0b
B005MINYGM,category_7252170e0eda5c0b
B005MKPSM8,category_7252170e0eda5c0b
B005MN8HQE,category_7252170e0eda5c0b
B005MQNSL0,category_7252170e0eda5c0b
B005MWNG8O,category_7252170e0eda5c0b
B005N56DG2,category_7252170e0eda5c0b
B005N56E98,category_7252170e0eda5c0b
B005NIT0DC,category_7252170e0eda5c0b
B005NITBXQ,category_7252170e0eda5c0b
B005NJTAUO,category_7252170e0eda5c0b
B005NJUD9G,category_7252170e0eda5c0b
B005NK1G14,category_d6ac68cf358b59e5
B005NOIPF0,category_7252170e0eda5c0b
B005ODQQTW,category_7252170e0eda5c0b
B005OS9U3G,category_7252170e0eda5c0b
B005PBULXA,category_7252170e0eda5c0b
B005PWE9PA,category_7252170e0eda5c0b
B005SU2HSK,category_7252170e0eda5c0b
B005TCD6P0,category_7252170e0eda5c0b
B005TG6UHM,category_7252170e0eda5c0b
B005TP0PHO,category_7252170e0eda5c0b
B005TUB68G,category_7252170e0eda5c0b
B005UHSBSQ,category_7252170e0eda5c0b
B005V3AV5U,category_7252170e0eda5c0b
B005V6BZWU,category_7252170e0eda5c0b
B005VJI7FK,category_7252170e0eda5c0b
B005WNYGWI,category_7252170e0eda5c0b
B005X5SHJS,category_7252170e0eda5c0b
B005XDSJPC,category_7252170e0eda5c0b
B005XSZS92,category_7252170e0eda5c0b
B005YJ3KBI,category_7252170e0eda5c0b
B005Z4DFO4,category_7252170e0eda5c0b
B005ZTSPIK,category_7252170e0eda5c0b
B0060OT6ZU,category_7252170e0eda5c0b
B0060XDCC4,category_7252170e0eda5c0b
B0061U3WDK,category_7252170e0eda5c0b
B00628OV1S,category_7252170e0eda5c0b
B0062KHA6E,category_7252170e0eda5c0b
B0062Q6K8C,category_7252170e0eda5c0b
B0063EMNZW,category_7252170e0eda5c0b
B0063TKNI6,category_7252170e0eda5c0b
B006530MW2,category_7252170e0eda5c0b
B0066EYBL8,category_7252170e0eda5c0b
B00684JZ0S,category_7252170e0eda5c0b
B00687D7DQ,category_7252170e0eda5c0b
B0068S0P5I,category_7252170e0eda5c0b
B00692OA2M,category_7252170e0eda5c0b
B00694H1N0,category_7252170e0eda5c0b
B00694L2KS,category_7252170e0eda5c0b
B00694MSYW,category_7252170e0eda5c0b
B00694U0QA,category_7252170e0eda5c0b
B006B6O55I,category_7252170e0eda5c0b
B006B6S2JI,category_7252170e0eda5c0b
B006B8HSUU,category_7252170e0eda5c0b
B006CRJO9I,category_7252170e0eda5c0b
B006DAFQUU,category_7252170e0eda5c0b
B006FCIGWQ,category_7252170e0eda5c0b
B006GWIY9U,category_7252170e0eda5c0b
B006HJOVA8,category_7252170e0eda5c0b
B006I0BZNM,category_7252170e0eda5c0b
B006IBVV1W,category_7252170e0eda5c0b
B006J7TMSO,category_7252170e0eda5c0b
B006KX61AE,category_7252170e0eda5c0b
B006LNSLFG,category_7252170e0eda5c0b
B006MAIE0K,category_7252170e0eda5c0b
B006MRDOTE,category_7252170e0eda5c0b
B006N6Z58M,category_7252170e0eda5c0b
B006N8HD12,category_7252170e0eda5c0b
B006OD9T68,category_7252170e0eda5c0b
B006OO0CG8,category_7252170e0eda5c0b
B006P17RAO,category_7252170e0eda5c0b
B006QQWKJG,category_7252170e0eda5c0b
B006QZO05O,category_7252170e0eda5c0b
B006R0ZEN0,category_7252170e0eda5c0b
B006RWG7WA,category_7252170e0eda5c0b
B006UCOYQI,category_7252170e0eda5c0b
B006W9K3RI,category_7252170e0eda5c0b
B006WG0FXI,category_7252170e0eda5c0b
B006WVI6F2,category_7252170e0eda5c0b
B006X3E676,category_7252170e0eda5c0b
B006XGWZD0,category_7252170e0eda5c0b
B006XZG74O,category_7252170e0eda5c0b
B006YUIWKA,category_7252170e0eda5c0b
B006ZOQC34,category_7252170e0eda5c0b
B0070P3FOQ,category_7252170e0eda5c0b
B0071OP9RC,category_7252170e0eda5c0b
B0072KYMKK,category_7252170e0eda5c0b
B0072Z0MM2,category_7252170e0eda5c0b
B00733ZHNW,category_7252170e0eda5c0b
B0073G75U2,category_7252170e0eda5c0b
B0073X98SW,category_7252170e0eda5c0b
B0074AKVD0,category_7252170e0eda5c0b
B0074Z3JEI,category_7252170e0eda5c0b
B00757EGG0,category_7252170e0eda5c0b
B00759LVR0,category_7252170e0eda5c0b
B0076K1EW0,category_7252170e0eda5c0b
B00776E934,category_7252170e0eda5c0b
B00776MDMI,category_7252170e0eda5c0b
B00784R48M,category_7252170e0eda5c0b
B0078OBBMW,category_7252170e0eda5c0b
B0078XCINY,category_7252170e0eda5c0b
B0079HOHD8,category_7252170e0eda5c0b
B0079HQ45C,category_7252170e0eda5c0b
B007A9UFSQ,category_7252170e0eda5c0b
B007B8TB40,category_7252170e0eda5c0b
B007BI38RQ,category_7252170e0eda5c0b
B007BV2OFA,category_7252170e0eda5c0b
B007CCE4MY,category_7252170e0eda5c0b
B007CIJZEA,category_7252170e0eda5c0b
B007D1G8OG,category_7252170e0eda5c0b
B007D7FU8K,category_7252170e0eda5c0b
B007FGYEHM,category_7252170e0eda5c0b
B007FHYPS4,category_7252170e0eda5c0b
B007FJQFP8,category_7252170e0eda5c0b
B007FS6H84,category_7252170e0eda5c0b
B007FW1NXO,category_7252170e0eda5c0b
B007HL6YM8,category_7252170e0eda5c0b
B007HOA85O,category_7252170e0eda5c0b
B007HONEMI,category_7252170e0eda5c0b
B007HU0BTQ,category_7252170e0eda5c0b
B007I7GOXA,category_7252170e0eda5c0b
B007I7O1YY,category_7252170e0eda5c0b
B007IAM4YU,category_7252170e0eda5c0b
B007INWVJA,category_7252170e0eda5c0b
B007JY0YQK,category_7252170e0eda5c0b
B007K9Y1BI,category_7252170e0eda5c0b
B007KL0TNU,category_7252170e0eda5c0b
B007L84YFG,category_7252170e0eda5c0b
B007L9E0YU,category_7252170e0eda5c0b
B007M0UJAM,category_7252170e0eda5c0b
B007MJKAUC,category_7252170e0eda5c0b
B007MJKGEC,category_7252170e0eda5c0b
B007MPESWW,category_7252170e0eda5c0b
B007N3N9MS,category_7252170e0eda5c0b
B007N4W810,category_7252170e0eda5c0b
B007N7AOPE,category_7252170e0eda5c0b
B007NQV7UG,category_7252170e0eda5c0b
B007NXZ7BY,category_7252170e0eda5c0b
B007OB34DS,category_7252170e0eda5c0b
B007OL5AHQ,category_7252170e0eda5c0b
B007OMF59I,category_7252170e0eda5c0b
B007OO9RZO,category_7252170e0eda5c0b
B007OUUBJY,category_7252170e0eda5c0b
B007PIYX8A,category_7252170e0eda5c0b
B007PSETWA,category_7252170e0eda5c0b
B007Q35I1U,category_7252170e0eda5c0b
B007QCN6GA,category_7252170e0eda5c0b
B007QX2Z16,category_7252170e0eda5c0b
B007RW0QJE,category_7252170e0eda5c0b
B007SMIEWY,category_7252170e0eda5c0b
B007SXK8WW,category_d6ac68cf358b59e5
B007T7A7QY,category_7252170e0eda5c0b
B007TOLSSI,category_7252170e0eda5c0b
B007TXC25W,category_7252170e0eda5c0b
B007TY3IZY,category_7252170e0eda5c0b
B007USO9FW,category_7252170e0eda5c0b
B007V6JNE0,category_7252170e0eda5c0b
B007VDI8X0,category_7252170e0eda5c0b
B007VDINIK,category_7252170e0eda5c0b
B007VDZ3GU,category_7252170e0eda5c0b
B007VGPD76,category_7252170e0eda5c0b
B007VQEKY8,category_7252170e0eda5c0b
B007VSS3EE,category_7252170e0eda5c0b
B007VTPYO0,category_7252170e0eda5c0b
B007WA7DOM,category_7252170e0eda5c0b
B007WGAKCS,category_7252170e0eda5c0b
B007WRWD1S,category_7252170e0eda5c0b
B007WTHL5E,category_7252170e0eda5c0b
B007WWQ39G,category_7252170e0eda5c0b
B007XZ9BNC,category_7252170e0eda5c0b
B007YPNKOM,category_7252170e0eda5c0b
B007YV2R40,category_7252170e0eda5c0b
B007ZCALGE,category_7252170e0eda5c0b
B0080CECZY,category_7252170e0eda5c0b
B0080HF8NE,category_7252170e0eda5c0b
B0081G3GV0,category_7252170e0eda5c0b
B0081LM8EG,category_7252170e0eda5c0b
B0081TMI6G,category_7252170e0eda5c0b
B0082Q097S,category_7252170e0eda5c0b
B0083KH868,category_7252170e0eda5c0b
B0083UR6WO,category_7252170e0eda5c0b
B0083Z003G,category_7252170e0eda5c0b
B00853EO8I,category_7252170e0eda5c0b
B00853F8F6,category_7252170e0eda5c0b
B0085GA7QI,category_7252170e0eda5c0b
B0085GRSHO,category_7252170e0eda5c0b
B0085XY258,category_7252170e0eda5c0b
B0086I4YCS,category_7252170e0eda5c0b
B0086UL0WS,category_7252170e0eda5c0b
B00870XLDS,category_7252170e0eda5c0b
B00872STTC,category_7252170e0eda5c0b
B00879M1T4,category_7252170e0eda5c0b
B0087N3K0O,category_7252170e0eda5c0b
B0087S2AE6,category_7252170e0eda5c0b
B0088PQZYE,category_7252170e0eda5c0b
B0088XY1TM,category_7252170e0eda5c0b
B0088YAOE2,category_7252170e0eda5c0b
B00899F1V2,category_7252170e0eda5c0b
B008B8CKX8,category_7252170e0eda5c0b
B008BHR5WK,category_7252170e0eda5c0b
B008BML82S,category_7252170e0eda5c0b
B008BMMNRM,category_7252170e0eda5c0b
B008C3NUPY,category_7252170e0eda5c0b
B008CC4ASG,category_7252170e0eda5c0b
B008CSMEGA,category_d6ac68cf358b59e5
B008FSC872,category_7252170e0eda5c0b
B008FSE2I0,category_7252170e0eda5c0b
B008H1HGHY,category_7252170e0eda5c0b
B008H1II94,category_7252170e0eda5c0b
B008HHE2OI,category_7252170e0eda5c0b
B008I7QEQG,category_7252170e0eda5c0b
B008IDBALY,category_7252170e0eda5c0b
B008JGT2CE,category_7252170e0eda5c0b
B008JHO4E4,category_7252170e0eda5c0b
B008K83W54,category_7252170e0eda5c0b
B008KOCL28,category_7252170e0eda5c0b
B008L3BHMI,category_7252170e0eda5c0b
B008L688M2,category_7252170e0eda5c0b
B008LF8IRS,category_7252170e0eda5c0b
B008LU6OJ2,category_7252170e0eda5c0b
B008MPY9O8,category_7252170e0eda5c0b
B008N1M4YS,category_7252170e0eda5c0b
B008N9OXRG,category_7252170e0eda5c0b
B008O5MTEI,category_7252170e0eda5c0b
B008O7C61W,category_7252170e0eda5c0b
B008OLDYWI,category_7252170e0eda5c0b
B008OLJXL4,category_7252170e0eda5c0b
B008P06GSC,category_7252170e0eda5c0b
B008PGMS9C,category_7252170e0eda5c0b
B008QI50IU,category_7252170e0eda5c0b
B008QI6JDA,category_7252170e0eda5c0b
B008QSM704,category_7252170e0eda5c0b
B008QUU7FO,category_7252170e0eda5c0b
B008R0597O,category_7252170e0eda5c0b
B008RA16ZI,category_7252170e0eda5c0b
B008RDR7PS,category_7252170e0eda5c0b
B008RRDJPG,category_7252170e0eda5c0b
B008RS5ML4,category_7252170e0eda5c0b
B008U0RW7G,category_7252170e0eda5c0b
B008U5QJYS,category_7252170e0eda5c0b
B008VZ3IHI,category_7252170e0eda5c0b
B008W9JUQQ,category_7252170e0eda5c0b
B008X5LQYS,category_7252170e0eda5c0b
B008XBG1S8,category_7252170e0eda5c0b
B008XCFPJS,category_7252170e0eda5c0b
B008XDNG84,category_7252170e0eda5c0b
B008XLLGBU,category_7252170e0eda5c0b
B008Y3OO98,category_7252170e0eda5c0b
B008Y7P1SM,category_7252170e0eda5c0b
B008YRNKM6,category_7252170e0eda5c0b
B00908EOYG,category_7252170e0eda5c0b
B00908EYA0,category_7252170e0eda5c0b
B00915QNQU,category_7252170e0eda5c0b
B0091UWBTI,category_7252170e0eda5c0b
B00926F2GK,category_7252170e0eda5c0b
B0092EX1LK,category_7252170e0eda5c0b
B0092ZLLX4,category_7252170e0eda5c0b
B009372I06,category_7252170e0eda5c0b
B00937QPEQ,category_7252170e0eda5c0b
B0093T0630,category_7252170e0eda5c0b
B0093T098M,category_7252170e0eda5c0b
B00940MOK6,category_7252170e0eda5c0b
B00946HGLW,category_7252170e0eda5c0b
B0094M2WXI,category_7252170e0eda5c0b
B0096E6HEY,category_7252170e0eda5c0b
B0096R5PGC,category_7252170e0eda5c0b
B0097MBGVY,category_7252170e0eda5c0b
B0098Q40E4,category_7252170e0eda5c0b
B0099263WO,category_7252170e0eda5c0b
B0099LBLB8,category_7252170e0eda5c0b
B0099UT288,category_7252170e0eda5c0b
B009A9873O,category_7252170e0eda5c0b
B009AG5ZSC,category_7252170e0eda5c0b
B009AXCAPQ,category_7252170e0eda5c0b
B009AYPOSA,category_7252170e0eda5c0b
B009AYV2PE,category_7252170e0eda5c0b
B009BB6YPO,category_7252170e0eda5c0b
B009BTM3LU,category_7252170e0eda5c0b
B009DS50Z0,category_7252170e0eda5c0b
B009EAFH32,category_7252170e0eda5c0b
B009EAJFTE,category_7252170e0eda5c0b
B009EW1U72,category_7252170e0eda5c0b
B009FGZTNI,category_7252170e0eda5c0b
B009FOA6GU,category_7252170e0eda5c0b
B009G4BYX8,category_7252170e0eda5c0b
B009HVJA68,category_7252170e0eda5c0b
B009IROHDM,category_7252170e0eda5c0b
B009ISC1WA,category_7252170e0eda5c0b
B009JK1BO6,category_7252170e0eda5c0b
B009JVOUU2,category_7252170e0eda5c0b
B009JVOVPG,category_7252170e0eda5c0b
B009KVOVLE,category_7252170e0eda5c0b
B009M3917O,category_7252170e0eda5c0b
B009M4NWA0,category_7252170e0eda5c0b
B009M8UWBS,category_7252170e0eda5c0b
B009O08HZ2,category_7252170e0eda5c0b
B009OXRPPW,category_7252170e0eda5c0b
B009P4MUJ6,category_7252170e0eda5c0b
B009PEK8JU,category_7252170e0eda5c0b
B009QE8AB2,category_7252170e0eda5c0b
B009QXRK2S,category_7252170e0eda5c0b
B009QZD6D8,category_7252170e0eda5c0b
B009RNCABS,category_7252170e0eda5c0b
B009RQVLRE,category_7252170e0eda5c0b
B009RUCSBS,category_7252170e0eda5c0b
B009TCXBWY,category_7252170e0eda5c0b
B009U0565K,category_7252170e0eda5c0b
B009UT9NKU,category_7252170e0eda5c0b
B009VZYZGA,category_7252170e0eda5c0b
B009WI1UKA,category_7252170e0eda5c0b
B009WO4DTY,category_7252170e0eda5c0b
B009WO4S12,category_7252170e0eda5c0b
B009WO88P4,category_7252170e0eda5c0b
B009WUFLNU,category_7252170e0eda5c0b
B009XHL0XM,category_7252170e0eda5c0b
B009Y80374,category_7252170e0eda5c0b
B009YDVB6Q,category_7252170e0eda5c0b
B009YFOJ0Y,category_7252170e0eda5c0b
B009Z776LU,category_7252170e0eda5c0b
B009ZCFSCO,category_7252170e0eda5c0b
B00A0BDAHY,category_7252170e0eda5c0b
B00A2SRH9C,category_7252170e0eda5c0b
B00A338SMG,category_7252170e0eda5c0b
B00A3CR41S,category_7252170e0eda5c0b
B00A3DNGDW,category_7252170e0eda5c0b
B00A479VKE,category_7252170e0eda5c0b
B00A4EPN1S,category_7252170e0eda5c0b
B00A53IM8E,category_7252170e0eda5c0b
B00A5MP7UQ,category_7252170e0eda5c0b
B00A67ENAA,category_7252170e0eda5c0b
B00A6YINXQ,category_7252170e0eda5c0b
B00A72F3LM,category_7252170e0eda5c0b
B00A75AF8U,category_7252170e0eda5c0b
B00A7DT7JA,category_7252170e0eda5c0b
B00A7KLMOG,category_7252170e0eda5c0b
B00A7R0K06,category_7252170e0eda5c0b
B00A7YUFFE,category_7252170e0eda5c0b
B00A9HA9CI,category_7252170e0eda5c0b
B00A9LPMEY,category_7252170e0eda5c0b
B00A9WCSNG,category_7252170e0eda5c0b
B00A9YXNTW,category_7252170e0eda5c0b
B00ACBH2EY,category_7252170e0eda5c0b
B00ACMM7GG,category_7252170e0eda5c0b
B00ACOOKAK,category_7252170e0eda5c0b
B00AD3O3RU,category_7252170e0eda5c0b
B00AD8RI2M,category_7252170e0eda5c0b
B00ADLGVJA,category_7252170e0eda5c0b
B00ADMMW2E,category_7252170e0eda5c0b
B00AEVP8QG,category_7252170e0eda5c0b
B00AG3Y0A2,category_7252170e0eda5c0b
B00AGE1D4C,category_7252170e0eda5c0b
B00AGYLLJY,category_7252170e0eda5c0b
B00AHGSX2Y,category_7252170e0eda5c0b
B00AHHHM5M,category_7252170e0eda5c0b
B00AHNDA5W,category_7252170e0eda5c0b
B00AJKH4UU,category_7252170e0eda5c0b
B00AJKINHI,category_7252170e0eda5c0b
B00AJVLYGO,category_7252170e0eda5c0b
B00AJZHB9O,category_7252170e0eda5c0b
B00AK4J94Y,category_7252170e0eda5c0b
B00AKII8R4,category_7252170e0eda5c0b
B00AKP21KM,category_7252170e0eda5c0b
B00ALI4KQG,category_7252170e0eda5c0b
B00ALQB3KO,category_7252170e0eda5c0b
B00AN56AN8,category_7252170e0eda5c0b
B00AN86K3A,category_7252170e0eda5c0b
B00ANIQPZ8,category_7252170e0eda5c0b
B00ANZN3EW,category_7252170e0eda5c0b
B00AOYKOPI,category_7252170e0eda5c0b
B00AP2ZHJW,category_7252170e0eda5c0b
B00AQ0RIJK,category_7252170e0eda5c0b
B00AR59PZ4,category_7252170e0eda5c0b
B00AR86E82,category_7252170e0eda5c0b
B00ASIRBXI,category_7252170e0eda5c0b
B00ASSFLVM,category_7252170e0eda5c0b
B00AT0759U,category_7252170e0eda5c0b
B00AT9JH6K,category_7252170e0eda5c0b
B00AU2B78M,category_7252170e0eda5c0b
B00AU54WG8,category_7252170e0eda5c0b
B00AUCC29K,category_7252170e0eda5c0b
B00AUFX95I,category_7252170e0eda5c0b
B00AV89DAO,category_7252170e0eda5c0b
B00AV97SK0,category_7252170e0eda5c0b
B00AVQ9DLA,category_7252170e0eda5c0b
B00AW02H68,category_7252170e0eda5c0b
B00AWQUHQE,category_7252170e0eda5c0b
B00AX33UBU,category_7252170e0eda5c0b
B00AXSZQ94,category_7252170e0eda5c0b
B00AY76P0S,category_7252170e0eda5c0b
B00AY80C2Y,category_7252170e0eda5c0b
B00AYKUW54,category_7252170e0eda5c0b
B00AYU3UNK,category_7252170e0eda5c0b
B00AZ0SVCE,category_7252170e0eda5c0b
B00AZGAAQI,category_7252170e0eda5c0b
B00AZPGUHC,category_7252170e0eda5c0b
B00AZSK4S0,category_7252170e0eda5c0b
B00B0ARF52,category_7252170e0eda5c0b
B00B0CK3AY,category_7252170e0eda5c0b
B00B1EESZW,category_7252170e0eda5c0b
B00B1OH9DK,category_7252170e0eda5c0b
B00B2AVXBW,category_7252170e0eda5c0b
B00B2DZ68U,category_7252170e0eda5c0b
B00B2FRVM2,category_7252170e0eda5c0b
B00B2HIR1Y,category_7252170e0eda5c0b
B00B2RQ5F4,category_7252170e0eda5c0b
B00B3GPPM8,category_7252170e0eda5c0b
B00B3JQY34,category_7252170e0eda5c0b
B00B40B58G,category_7252170e0eda5c0b
B00B4F6QW6,category_7252170e0eda5c0b
B00B4VILQO,category_7252170e0eda5c0b
B00B4VK1BW,category_7252170e0eda5c0b
B00B4WQ8AE,category_7252170e0eda5c0b
B00B502GAQ,category_7252170e0eda5c0b
B00B53KQDW,category_7252170e0eda5c0b
B00B5FLCX8,category_7252170e0eda5c0b
B00B5PET4W,category_7252170e0eda5c0b
B00B6239CW,category_7252170e0eda5c0b
B00B70UCDW,category_7252170e0eda5c0b
B00B7JKEAE,category_7252170e0eda5c0b
B00B80BSNE,category_7252170e0eda5c0b
B00B86F6R2,category_7252170e0eda5c0b
B00B8UF21I,category_7252170e0eda5c0b
B00B9C00AI,category_7252170e0eda5c0b
B00BB14NTG,category_7252170e0eda5c0b
B00BB8LBH6,category_7252170e0eda5c0b
B00BCCJ2DQ,category_7252170e0eda5c0b
B00BDB2RLA,category_7252170e0eda5c0b
B00BES4B4S,category_7252170e0eda5c0b
B00BF0LC4M,category_7252170e0eda5c0b
B00BG4JG04,category_7252170e0eda5c0b
B00BGB3C8O,category_7252170e0eda5c0b
B00BGFLAFW,category_7252170e0eda5c0b
B00BGFOOA0,category_7252170e0eda5c0b
B00BGG6F8I,category_7252170e0eda5c0b
B00BH4N3IO,category_7252170e0eda5c0b
B00BI4C0AK,category_7252170e0eda5c0b
B00BISM79A,category_7252170e0eda5c0b
B00BIWYXDY,category_7252170e0eda5c0b
B00BJ7T7ZM,category_7252170e0eda5c0b
B00BL12HBM,category_7252170e0eda5c0b
B00BLWQAYQ,category_7252170e0eda5c0b
B00BLZH1Q4,category_7252170e0eda5c0b
B00BMICR32,category_7252170e0eda5c0b
B00BMJTP6S,category_7252170e0eda5c0b
B00BMU56JM,category_7252170e0eda5c0b
B00BN496E8,category_7252170e0eda5c0b
B00BNAR45A,category_7252170e0eda5c0b
B00BNARG9O,category_7252170e0eda5c0b
B00BOEKN4O,category_7252170e0eda5c0b
B00BP5Z0M2,category_7252170e0eda5c0b
B00BPAXXQC,category_7252170e0eda5c0b
B00BPGNA1Y,category_7252170e0eda5c0b
B00BPMPUHU,category_7252170e0eda5c0b
B00BPMYBQQ,category_7252170e0eda5c0b
B00BQ0TWNO,category_7252170e0eda5c0b
B00BQ47QHY,category_7252170e0eda5c0b
B00BQK64F8,category_7252170e0eda5c0b
B00BQUALEI,category_7252170e0eda5c0b
B00BR32FAC,category_7252170e0eda5c0b
B00BR5UVCO,category_7252170e0eda5c0b
B00BRIG4R2,category_7252170e0eda5c0b
B00BS473J8,category_7252170e0eda5c0b
B00BS473KC,category_7252170e0eda5c0b
B00BS4Q3R6,category_7252170e0eda5c0b
B00BSE3ON2,category_7252170e0eda5c0b
B00BSMTKY6,category_7252170e0eda5c0b
B00BTAIQR4,category_7252170e0eda5c0b
B00BTKX7UA,category_7252170e0eda5c0b
B00BTQD5QA,category_7252170e0eda5c0b
B00BTYNQ7K,category_7252170e0eda5c0b
B00BU71HHM,category_d6ac68cf358b59e5
B00BUI0FBU,category_7252170e0eda5c0b
B00BUI0FTM,category_7252170e0eda5c0b
B00BUS8TTK,category_7252170e0eda5c0b
B00BUV454K,category_7252170e0eda5c0b
B00BVGGCAO,category_7252170e0eda5c0b
B00BVO8P6K,category_7252170e0eda5c0b
B00BVU7CJ0,category_7252170e0eda5c0b
B00BW6NQN4,category_7252170e0eda5c0b
B00BX5QCZ8,category_7252170e0eda5c0b
B00BX9G7M2,category_7252170e0eda5c0b
B00BX9KND6,category_7252170e0eda5c0b
B00BX9U7EG,category_7252170e0eda5c0b
B00BXGVIII,category_7252170e0eda5c0b
B00BZ1TKTU,category_7252170e0eda5c0b
B00BZWYDQY,category_7252170e0eda5c0b
B00C0W5WJU,category_7252170e0eda5c0b
B00C0YZBJE,category_7252170e0eda5c0b
B00C10D6WG,category_7252170e0eda5c0b
B00C17UPE6,category_7252170e0eda5c0b
B00C18HJ3U,category_7252170e0eda5c0b
B00C1AOU0I,category_7252170e0eda5c0b
B00C1GFK3I,category_7252170e0eda5c0b
B00C1YEHRK,category_7252170e0eda5c0b
B00C29026E,category_7252170e0eda5c0b
B00C2CK2FM,category_7252170e0eda5c0b
B00C2KWYGO,category_7252170e0eda5c0b
B00C2S1RBE,category_7252170e0eda5c0b
B00C2TDTP0,category_7252170e0eda5c0b
B00C3LEOSI,category_7252170e0eda5c0b
B00C3N9WF6,category_7252170e0eda5c0b
B00C3SDJVY,category_7252170e0eda5c0b
B00C4VLHF0,category_7252170e0eda5c0b
B00C55ONAQ,category_7252170e0eda5c0b
B00C770JD2,category_7252170e0eda5c0b
B00C7L1O1O,category_7252170e0eda5c0b
B00C7L1P6S,category_7252170e0eda5c0b
B00C7TJT1S,category_7252170e0eda5c0b
B00C7XQYBW,category_7252170e0eda5c0b
B00C9T0RA8,category_7252170e0eda5c0b
B00C9U27XC,category_7252170e0eda5c0b
B00CAXR9Z4,category_7252170e0eda5c0b
B00CB2F9AG,category_7252170e0eda5c0b
B00CBL16QI,category_7252170e0eda5c0b
B00CBYYYEG,category_7252170e0eda5c0b
B00CC9W2T4,category_7252170e0eda5c0b
B00CCNT72U,category_7252170e0eda5c0b
B00CCWTD7A,category_7252170e0eda5c0b
B00CD4HYGO,category_7252170e0eda5c0b
B00CDE7FZO,category_7252170e0eda5c0b
B00CDWYGW6,category_7252170e0eda5c0b
B00CE2HQRM,category_7252170e0eda5c0b
B00CE2HTMY,category_7252170e0eda5c0b
B00CEL509Y,category_7252170e0eda5c0b
B00CF2P7AY,category_7252170e0eda5c0b
B00CFBO9LS,category_7252170e0eda5c0b
B00CFCO16U,category_7252170e0eda5c0b
B00CFLLJNO,category_7252170e0eda5c0b
B00CFQ21AY,category_7252170e0eda5c0b
B00CG1299Q,category_7252170e0eda5c0b
B00CGAHJNI,category_7252170e0eda5c0b
B00CGJZBFW,category_7252170e0eda5c0b
B00CGPLHFY,category_7252170e0eda5c0b
B00CH6IQSI,category_7252170e0eda5c0b
B00CHRRNKY,category_7252170e0eda5c0b
B00CHXYEDC,category_7252170e0eda5c0b
B00CIIPV5Q,category_7252170e0eda5c0b
B00CKRE7QO,category_7252170e0eda5c0b
B00CKSBIRO,category_7252170e0eda5c0b
B00CLAFXK4,category_7252170e0eda5c0b
B00CM0WHXY,category_7252170e0eda5c0b
B00CMFKHW2,category_7252170e0eda5c0b
B00CMFMKYK,category_7252170e0eda5c0b
B00CMU0WYA,category_7252170e0eda5c0b
B00CN08ZCK,category_7252170e0eda5c0b
B00CO98IH2,category_7252170e0eda5c0b
B00CP7J6I8,category_7252170e0eda5c0b
B00CPE3Z5Q,category_7252170e0eda5c0b
B00CPT9CM6,category_7252170e0eda5c0b
B00CQ16CT4,category_7252170e0eda5c0b
B00CQ1P30S,category_7252170e0eda5c0b
B00CQ7R6B6,category_7252170e0eda5c0b
B00CQGT9W6,category_7252170e0eda5c0b
B00CQURGYK,category_7252170e0eda5c0b
B00CS1K3FG,category_7252170e0eda5c0b
B00CS3T5YO,category_7252170e0eda5c0b
B00CS77A5G,category_7252170e0eda5c0b
B00CTBPDPK,category_7252170e0eda5c0b
B00CTN8CY2,category_7252170e0eda5c0b
B00CTOQCCU,category_7252170e0eda5c0b
B00CUFVBZQ,category_7252170e0eda5c0b
B00CUIVL6W,category_7252170e0eda5c0b
B00CUIVMQG,category_7252170e0eda5c0b
B00CUIVO5U,category_7252170e0eda5c0b
B00CV1ZLCI,category_7252170e0eda5c0b
B00CVE2JTS,category_7252170e0eda5c0b
B00CWKZLKK,category_7252170e0eda5c0b
B00CX841J8,category_7252170e0eda5c0b
B00CXK679S,category_7252170e0eda5c0b
B00CXY0VQE,category_7252170e0eda5c0b
B00CYVUAA8,category_7252170e0eda5c0b
B00CZ4Z0M2,category_7252170e0eda5c0b
B00CZ4Z0XQ,category_7252170e0eda5c0b
B00CZGTNSC,category_7252170e0eda5c0b
B00D065QMI,category_7252170e0eda5c0b
B00D10U7R2,category_7252170e0eda5c0b
B00D144E2C,category_7252170e0eda5c0b
B00D1RV152,category_7252170e0eda5c0b
B00D2I3YGE,category_7252170e0eda5c0b
B00D482V84,category_7252170e0eda5c0b
B00D4T40D2,category_7252170e0eda5c0b
B00D5H9HN6,category_7252170e0eda5c0b
B00D62C2F0,category_7252170e0eda5c0b
B00D8XL3DO,category_7252170e0eda5c0b
B00DB4X23E,category_7252170e0eda5c0b
B00DB81E0I,category_7252170e0eda5c0b
B00DBXPDMS,category_7252170e0eda5c0b
B00DCM5E8Q,category_7252170e0eda5c0b
B00DD4KO4W,category_7252170e0eda5c0b
B00DD4KOYC,category_7252170e0eda5c0b
B00DD4KRPI,category_7252170e0eda5c0b
B00DF7M8KA,category_7252170e0eda5c0b
B00DFQ9U5C,category_7252170e0eda5c0b
B00DG96FQK,category_7252170e0eda5c0b
B00DHH1A3O,category_7252170e0eda5c0b
B00DIFI5KQ,category_7252170e0eda5c0b
B00DJIKA46,category_7252170e0eda5c0b
B00DMNM38Y,category_7252170e0eda5c0b
B00DN34EEE,category_7252170e0eda5c0b
B00DNGDVTU,category_7252170e0eda5c0b
B00DNIK8EE,category_7252170e0eda5c0b
B00DNKWP5M,category_7252170e0eda5c0b
B00DOLG9TI,category_7252170e0eda5c0b
B00DQBMN6E,category_7252170e0eda5c0b
B00DQC2OS0,category_7252170e0eda5c0b
B00DQVV612,category_7252170e0eda5c0b
B00DRE0LLE,category_7252170e0eda5c0b
B00DRGW9J4,category_7252170e0eda5c0b
B00DS1R8V2,category_7252170e0eda5c0b
B00DSW4VKC,category_7252170e0eda5c0b
B00DTQ0DMM,category_7252170e0eda5c0b
B00DUD3P0Q,category_7252170e0eda5c0b
B00DUT5E8Q,category_7252170e0eda5c0b
B00DUTY6EY,category_7252170e0eda5c0b
B00DV995AS,category_7252170e0eda5c0b
B00DVMTGZO,category_7252170e0eda5c0b
B00DW9JMGO,category_7252170e0eda5c0b
B00DWC8T6K,category_7252170e0eda5c0b
B00DX5KTNW,category_7252170e0eda5c0b
B00DXF02QG,category_7252170e0eda5c0b
B00DY7PNXK,category_7252170e0eda5c0b
B00DYWXGXO,category_7252170e0eda5c0b
B00DZA6PWE,category_7252170e0eda5c0b
B00DZPGQ14,category_7252170e0eda5c0b
B00DZSLA12,category_7252170e0eda5c0b
B00E267HPY,category_7252170e0eda5c0b
B00E2S00ME,category_7252170e0eda5c0b
B00E34OG1S,category_7252170e0eda5c0b
B00E3G3Z6I,category_7252170e0eda5c0b
B00E3V0BGU,category_7252170e0eda5c0b
B00E4J2C6I,category_7252170e0eda5c0b
B00E4MM6B6,category_7252170e0eda5c0b
B00E4WVU3Q,category_7252170e0eda5c0b
B00E5EX8HY,category_7252170e0eda5c0b
B00E5GWO9A,category_7252170e0eda5c0b
B00E5YZZHK,category_7252170e0eda5c0b
B00E6G32Q8,category_7252170e0eda5c0b
B00E734LMY,category_7252170e0eda5c0b
B00E838H7S,category_7252170e0eda5c0b
B00E84UPOU,category_7252170e0eda5c0b
B00E8I7RT2,category_7252170e0eda5c0b
B00E9R25OY,category_7252170e0eda5c0b
B00EA0CQQ2,category_7252170e0eda5c0b
B00EANV4YE,category_7252170e0eda5c0b
B00EBCJ3VA,category_7252170e0eda5c0b
B00EBZD0PW,category_7252170e0eda5c0b
B00EC7QIPS,category_7252170e0eda5c0b
B00EDFJTQY,category_7252170e0eda5c0b
B00EDMB4QU,category_7252170e0eda5c0b
B00EDYP4JQ,category_7252170e0eda5c0b
B00EE0E95O,category_7252170e0eda5c0b
B00EECHENG,category_7252170e0eda5c0b
B00EEWK3F2,category_7252170e0eda5c0b
B00EF84PUO,category_7252170e0eda5c0b
B00EG0CM2O,category_7252170e0eda5c0b
B00EHD42K0,category_7252170e0eda5c0b
B00EHFY582,category_7252170e0eda5c0b
B00EHLWSZI,category_7252170e0eda5c0b
B00EHM5JW6,category_7252170e0eda5c0b
B00EI66DE4,category_7252170e0eda5c0b
B00EIL38WO,category_7252170e0eda5c0b
B00EKIMVVO,category_7252170e0eda5c0b
B00EL11R4W,category_7252170e0eda5c0b
B00ELJIW4W,category_7252170e0eda5c0b
B00ELLOU5U,category_7252170e0eda5c0b
B00ELXM3TI,category_7252170e0eda5c0b
B00EMAJL1S,category_7252170e0eda5c0b
B00EMHUZ7K,category_7252170e0eda5c0b
B00EN1M3U2,category_7252170e0eda5c0b
B00ENSUY5G,category_7252170e0eda5c0b
B00EO4WW90,category_7252170e0eda5c0b
B00EO5JV48,category_7252170e0eda5c0b
B00EOB76VW,category_7252170e0eda5c0b
B00EORAP4G,category_7252170e0eda5c0b
B00EQB8RO0,category_7252170e0eda5c0b
B00ESJRVCE,category_7252170e0eda5c0b
B00ESYLBL6,category_7252170e0eda5c0b
B00ET2EKSS,category_7252170e0eda5c0b
B00EUUCHNO,category_7252170e0eda5c0b
B00EUW3ED4,category_7252170e0eda5c0b
B00EV0TDA8,category_7252170e0eda5c0b
B00EVULRW0,category_7252170e0eda5c0b
B00EVXB6SC,category_7252170e0eda5c0b
B00EW7J1HK,category_7252170e0eda5c0b
B00EY80Z0Y,category_7252170e0eda5c0b
B00EY80Z22,category_7252170e0eda5c0b
B00EYNA7LG,category_7252170e0eda5c0b
B00EYNHZQQ,category_7252170e0eda5c0b
B00EZMOPMI,category_7252170e0eda5c0b
B00EZTI40K,category_7252170e0eda5c0b
B00F029PWC,category_7252170e0eda5c0b
B00F06EUFU,category_7252170e0eda5c0b
B00F0S9O4A,category_7252170e0eda5c0b
B00F0YA0YW,category_7252170e0eda5c0b
B00F2W90BQ,category_7252170e0eda5c0b
B00F32YQVO,category_7252170e0eda5c0b
B00F39R7I6,category_7252170e0eda5c0b
B00F4E23HA,category_7252170e0eda5c0b
B00F4SG73W,category_7252170e0eda5c0b
B00F510Y2S,category_7252170e0eda5c0b
B00F519T2E,category_7252170e0eda5c0b
B00F52LQWY,category_7252170e0eda5c0b
B00F77H1OY,category_7252170e0eda5c0b
B00F77LG8G,category_7252170e0eda5c0b
B00F8HWJ2M,category_7252170e0eda5c0b
B00F8KB3H6,category_7252170e0eda5c0b
B00F8KBK9C,category_7252170e0eda5c0b
B00F93B97G,category_7252170e0eda5c0b
B00F97J55K,category_7252170e0eda5c0b
B00F97Y8RA,category_7252170e0eda5c0b
B00F9GF8GG,category_7252170e0eda5c0b
B00F9IHK5Q,category_7252170e0eda5c0b
B00F9X82DK,category_7252170e0eda5c0b
B00FA2XPY6,category_7252170e0eda5c0b
B00FA6K4UU,category_7252170e0eda5c0b
B00FB2WUVE,category_d6ac68cf358b59e5
B00FBF1C7E,category_7252170e0eda5c0b
B00FCCIJZO,category_7252170e0eda5c0b
B00FCGXHEI,category_7252170e0eda5c0b
B00FCOTGAY,category_7252170e0eda5c0b
B00FCQHYEW,category_7252170e0eda5c0b
B00FE1EKV0,category_7252170e0eda5c0b
B00FEC0U40,category_7252170e0eda5c0b
B00FEHM8HM,category_7252170e0eda5c0b
B00FEYZO58,category_7252170e0eda5c0b
B00FFZZ8OI,category_7252170e0eda5c0b
B00FG0SX9O,category_7252170e0eda5c0b
B00FGA6EPY,category_d6ac68cf358b59e5
B00FGA6NC8,category_d6ac68cf358b59e5
B00FGIQQX6,category_7252170e0eda5c0b
B00FGK1IRS,category_7252170e0eda5c0b
B00FHB2US2,category_7252170e0eda5c0b
B00FI9QLTC,category_7252170e0eda5c0b
B00FJ13NY0,category_7252170e0eda5c0b
B00FJPMNEM,category_7252170e0eda5c0b
B00FJPUOFM,category_7252170e0eda5c0b
B00FKPSZJS,category_7252170e0eda5c0b
B00FKSWNFM,category_7252170e0eda5c0b
B00FL5Z8E2,category_7252170e0eda5c0b
B00FL7J8GO,category_7252170e0eda5c0b
B00FL8AYVQ,category_7252170e0eda5c0b
B00FMUM830,category_7252170e0eda5c0b
B00FMV8ZU4,category_7252170e0eda5c0b
B00FN3GF6M,category_7252170e0eda5c0b
B00FNQSGNO,category_7252170e0eda5c0b
B00FOGY49I,category_7252170e0eda5c0b
B00FOGYAGU,category_7252170e0eda5c0b
B00FOGYNAI,category_7252170e0eda5c0b
B00FPQNEFM,category_7252170e0eda5c0b
B00FQI9HYG,category_7252170e0eda5c0b
B00FQM14CA,category_7252170e0eda5c0b
B00FRERF70,category_7252170e0eda5c0b
B00FTP8OLS,category_7252170e0eda5c0b
B00FVQ77EU,category_7252170e0eda5c0b
B00FW6JXNM,category_7252170e0eda5c0b
B00FWTJAG4,category_7252170e0eda5c0b
B00FYOMAPK,category_7252170e0eda5c0b
B00FZ7IHGC,category_7252170e0eda5c0b
B00FZWE3SI,category_7252170e0eda5c0b
B00G0U5TZK,category_7252170e0eda5c0b
B00G1WVKFK,category_7252170e0eda5c0b
B00G23ON3O,category_7252170e0eda5c0b
B00G2BXTY0,category_7252170e0eda5c0b
B00G32A9RS,category_7252170e0eda5c0b
B00G32ZUKE,category_7252170e0eda5c0b
B00G4EGY7Y,category_7252170e0eda5c0b
B00G4I6SY4,category_7252170e0eda5c0b
B00G4IFLUQ,category_7252170e0eda5c0b
B00G524K8U,category_7252170e0eda5c0b
B00G5DWSMY,category_7252170e0eda5c0b
B00G5JFDOI,category_7252170e0eda5c0b
B00G6KAQIE,category_7252170e0eda5c0b
B00G6MP85S,category_7252170e0eda5c0b
B00G70WQNG,category_7252170e0eda5c0b
B00G7PCKI2,category_7252170e0eda5c0b
B00G7TQU6Q,category_7252170e0eda5c0b
B00G92BDRM,category_7252170e0eda5c0b
B00G94J8C2,category_7252170e0eda5c0b
B00G99SNKU,category_7252170e0eda5c0b
B00G9GFJ7I,category_7252170e0eda5c0b
B00G9K4JAC,category_7252170e0eda5c0b
B00G9RJS6U,category_7252170e0eda5c0b
B00G9XOYMM,category_7252170e0eda5c0b
B00GA7HTCY,category_7252170e0eda5c0b
B00GAXFYY8,category_7252170e0eda5c0b
B00GB8G09K,category_7252170e0eda5c0b
B00GBFRP7Y,category_7252170e0eda5c0b
B00GBFV0IE,category_7252170e0eda5c0b
B00GBYNAJM,category_7252170e0eda5c0b
B00GC47D76,category_7252170e0eda5c0b
B00GCB2B1M,category_7252170e0eda5c0b
B00GD8R56A,category_7252170e0eda5c0b
B00GEG688W,category_7252170e0eda5c0b
B00GEJEFZ2,category_7252170e0eda5c0b
B00GF3ZEMK,category_7252170e0eda5c0b
B00GFDSKS0,category_7252170e0eda5c0b
B00GFS6W44,category_7252170e0eda5c0b
B00GGAP4GS,category_7252170e0eda5c0b
B00GGG8KHC,category_7252170e0eda5c0b
B00GGPXK5U,category_7252170e0eda5c0b
B00GGTFAS6,category_7252170e0eda5c0b
B00GGU1LJM,category_7252170e0eda5c0b
B00GGZK06C,category_7252170e0eda5c0b
B00GHZZSYK,category_7252170e0eda5c0b
B00GI0Z6I2,category_7252170e0eda5c0b
B00GI8T98C,category_7252170e0eda5c0b
B00GI8TBE4,category_7252170e0eda5c0b
B00GIOSMKW,category_7252170e0eda5c0b
B00GIX8Q72,category_7252170e0eda5c0b
B00GJ1F8BK,category_7252170e0eda5c0b
B00GJ9X5VM,category_7252170e0eda5c0b
B00GKRP9W6,category_7252170e0eda5c0b
B00GLNL4PK,category_7252170e0eda5c0b
B00GLNOKGU,category_7252170e0eda5c0b
B00GLP3II4,category_7252170e0eda5c0b
B00GM77VBQ,category_7252170e0eda5c0b
B00GMB6HDU,category_7252170e0eda5c0b
B00GMOYH34,category_7252170e0eda5c0b
B00GMOYO6E,category_7252170e0eda5c0b
B00GMOYUSG,category_7252170e0eda5c0b
B00GMOZY90,category_7252170e0eda5c0b
B00GMP0V74,category_7252170e0eda5c0b
B00GMP1826,category_7252170e0eda5c0b
B00GMP2Y60,category_7252170e0eda5c0b
B00GMP49HM,category_7252170e0eda5c0b
B00GMP6A1A,category_7252170e0eda5c0b
B00GMP6QBO,category_7252170e0eda5c0b
B00GMP7DQ6,category_7252170e0eda5c0b
B00GMP898M,category_7252170e0eda5c0b
B00GMP8DKQ,category_7252170e0eda5c0b
B00GMP8FPO,category_7252170e0eda5c0b
B00GMP8X24,category_7252170e0eda5c0b
B00GMPA58O,category_7252170e0eda5c0b
B00GMPA97G,category_7252170e0eda5c0b
B00GMPD3OC,category_7252170e0eda5c0b
B00GMPERDS,category_7252170e0eda5c0b
B00GMPR06Y,category_7252170e0eda5c0b
B00GMPRJ56,category_7252170e0eda5c0b
B00GMPYR9M,category_7252170e0eda5c0b
B00GMT1MR8,category_7252170e0eda5c0b
B00GMUXGC6,category_7252170e0eda5c0b
B00GN0D9YU,category_7252170e0eda5c0b
B00GNH6BW0,category_7252170e0eda5c0b
B00GNHSD58,category_7252170e0eda5c0b
B00GNHSHKY,category_7252170e0eda5c0b
B00GNISFVY,category_7252170e0eda5c0b
B00GNKLEKG,category_7252170e0eda5c0b
B00GNOIIGA,category_7252170e0eda5c0b
B00GO6E5N2,category_7252170e0eda5c0b
B00GP3Q4GA,category_7252170e0eda5c0b
B00GPYYLU0,category_7252170e0eda5c0b
B00GQ49OQK,category_7252170e0eda5c0b
B00GQHBXV6,category_7252170e0eda5c0b
B00GQMNWCO,category_7252170e0eda5c0b
B00GQVTR24,category_7252170e0eda5c0b
B00GRMUN7A,category_7252170e0eda5c0b
B00GSXJ2WK,category_7252170e0eda5c0b
B00GT046EQ,category_7252170e0eda5c0b
B00GTJKIYY,category_7252170e0eda5c0b
B00GUG7MWM,category_7252170e0eda5c0b
B00GUNG096,category_7252170e0eda5c0b
B00GUXMO1O,category_7252170e0eda5c0b
B00GVG1P56,category_7252170e0eda5c0b
B00GVIM4ZY,category_7252170e0eda5c0b
B00GVIU5SC,category_7252170e0eda5c0b
B00GVM2MWU,category_7252170e0eda5c0b
B00GW5R4H4,category_7252170e0eda5c0b
B00GWAV7I6,category_7252170e0eda5c0b
B00GWDX0JW,category_7252170e0eda5c0b
B00GWICUQ6,category_7252170e0eda5c0b
B00GWJ15PM,category_7252170e0eda5c0b
B00GX8UBNO,category_7252170e0eda5c0b
B00GZRNV58,category_7252170e0eda5c0b
B00H047GD8,category_7252170e0eda5c0b
B00H0ONT20,category_7252170e0eda5c0b
B00H1QYX2M,category_7252170e0eda5c0b
B00H2Q2B6G,category_7252170e0eda5c0b
B00H2TZ4F8,category_7252170e0eda5c0b
B00H3AC2WE,category_7252170e0eda5c0b
B00H3BN6TG,category_7252170e0eda5c0b
B00H3CDBU4,category_7252170e0eda5c0b
B00H5LSJKA,category_7252170e0eda5c0b
B00H5XEFX8,category_7252170e0eda5c0b
B00H7MYYMO,category_7252170e0eda5c0b
B00H86ILBY,category_7252170e0eda5c0b
B00H86IS4Y,category_7252170e0eda5c0b
B00H86IUBK,category_7252170e0eda5c0b
B00H86IW1S,category_7252170e0eda5c0b
B00H8TMQE4,category_7252170e0eda5c0b
B00H9V3DVQ,category_7252170e0eda5c0b
B00HA9GZ76,category_7252170e0eda5c0b
B00HAFXO06,category_7252170e0eda5c0b
B00HAHCMRA,category_7252170e0eda5c0b
B00HAYOCZI,category_7252170e0eda5c0b
B00HC6LR2A,category_7252170e0eda5c0b
B00HDRLG6K,category_7252170e0eda5c0b
B00HE5F6ZI,category_7252170e0eda5c0b
B00HE5KJE6,category_7252170e0eda5c0b
B00HESVZ32,category_7252170e0eda5c0b
B00HEUBA3A,category_7252170e0eda5c0b
B00HFEK72U,category_7252170e0eda5c0b
B00HGAJ2EW,category_7252170e0eda5c0b
B00HGQOQL0,category_7252170e0eda5c0b
B00HHKJYF8,category_7252170e0eda5c0b
B00HI62A9S,category_7252170e0eda5c0b
B00HIZIVQ0,category_7252170e0eda5c0b
B00HJCQU24,category_7252170e0eda5c0b
B00HJVK3DC,category_7252170e0eda5c0b
B00HK8OK3I,category_7252170e0eda5c0b
B00HK95KCW,category_7252170e0eda5c0b
B00HKC368O,category_7252170e0eda5c0b
B00HKI013Q,category_7252170e0eda5c0b
B00HKN2CB0,category_7252170e0eda5c0b
B00HL8NSWQ,category_7252170e0eda5c0b
B00HLQ8UEY,category_7252170e0eda5c0b
B00HLWOHFE,category_7252170e0eda5c0b
B00HMT7KGO,category_7252170e0eda5c0b
B00HN8FD9A,category_7252170e0eda5c0b
B00HNXUON0,category_7252170e0eda5c0b
B00HOGJK86,category_7252170e0eda5c0b
B00HOH899Q,category_7252170e0eda5c0b
B00HOHJQL6,category_7252170e0eda5c0b
B00HQ1CV6W,category_7252170e0eda5c0b
B00HQ3CLE2,category_7252170e0eda5c0b
B00HQ3N4I4,category_7252170e0eda5c0b
B00HQA4EGI,category_7252170e0eda5c0b
B00HQCAFQ4,category_7252170e0eda5c0b
B00HR07720,category_7252170e0eda5c0b
B00HS0EG9G,category_7252170e0eda5c0b
B00HS1HB2O,category_7252170e0eda5c0b
B00HSZJMX6,category_7252170e0eda5c0b
B00HTBYHK2,category_7252170e0eda5c0b
B00HTCIE82,category_7252170e0eda5c0b
B00HTD6Y9M,category_7252170e0eda5c0b
B00HU8NCWS,category_7252170e0eda5c0b
B00HUG1C7M,category_7252170e0eda5c0b
B00HUKB9XA,category_7252170e0eda5c0b
B00HUX7IFA,category_7252170e0eda5c0b
B00HVPMKGE,category_7252170e0eda5c0b
B00HWFNLJS,category_7252170e0eda5c0b
B00HX7BACK,category_7252170e0eda5c0b
B00HX7EFQI,category_7252170e0eda5c0b
B00HXKZGNG,category_7252170e0eda5c0b
B00HYFTVH2,category_7252170e0eda5c0b
B00HYUXTRA,category_7252170e0eda5c0b
B00HYZ87FY,category_7252170e0eda5c0b
B00HZ4FQ8K,category_7252170e0eda5c0b
B00HZHDNSC,category_7252170e0eda5c0b
B00HZO2AIE,category_7252170e0eda5c0b
B00HZO2AK2,category_7252170e0eda5c0b
B00HZOJFCI,category_7252170e0eda5c0b
B00HZUVMAU,category_7252170e0eda5c0b
B00I07Q9F0,category_7252170e0eda5c0b
B00I111SU6,category_7252170e0eda5c0b
B00I1HE8NO,category_7252170e0eda5c0b
B00I254ZDS,category_7252170e0eda5c0b
B00I25X9LC,category_7252170e0eda5c0b
B00I2WWSI0,category_7252170e0eda5c0b
B00I3I5VWS,category_7252170e0eda5c0b
B00I3IYQ9C,category_7252170e0eda5c0b
B00I3PRAR0,category_7252170e0eda5c0b
B00I46OYVI,category_7252170e0eda5c0b
B00I4BURQO,category_7252170e0eda5c0b
B00I507NWA,category_7252170e0eda5c0b
B00I5RATY2,category_7252170e0eda5c0b
B00I6DVSL8,category_7252170e0eda5c0b
B00I6Q1072,category_7252170e0eda5c0b
B00I6Q1DU6,category_7252170e0eda5c0b
B00I6Q26JI,category_7252170e0eda5c0b
B00I6Q39TO,category_7252170e0eda5c0b
B00I6Q3CX2,category_7252170e0eda5c0b
B00I80RKQG,category_7252170e0eda5c0b
B00I8B2286,category_7252170e0eda5c0b
B00I8S1UTQ,category_7252170e0eda5c0b
B00I95FAVM,category_7252170e0eda5c0b
B00I9EWMT6,category_7252170e0eda5c0b
B00I9GQ5F6,category_7252170e0eda5c0b
B00I9J7CCI,category_7252170e0eda5c0b
B00I9ON286,category_7252170e0eda5c0b
B00IA704KQ,category_7252170e0eda5c0b
B00IA798O4,category_7252170e0eda5c0b
B00IA7CKNU,category_7252170e0eda5c0b
B00IA7CZNK,category_7252170e0eda5c0b
B00IA7VTAU,category_7252170e0eda5c0b
B00IA9ZDF0,category_7252170e0eda5c0b
B00IAA3Q0S,category_7252170e0eda5c0b
B00IAA6PO2,category_7252170e0eda5c0b
B00IAASQOY,category_7252170e0eda5c0b
B00IAUBDIA,category_7252170e0eda5c0b
B00IAUP0ZC,category_7252170e0eda5c0b
B00IBIVHN2,category_7252170e0eda5c0b
B00IC8726C,category_7252170e0eda5c0b
B00ID7BZJM,category_7252170e0eda5c0b
B00IDHM384,category_7252170e0eda5c0b
B00IDS58DK,category_7252170e0eda5c0b
B00IE4JMWG,category_7252170e0eda5c0b
B00IE6APWK,category_7252170e0eda5c0b
B00IEG8Z04,category_7252170e0eda5c0b
B00IEYSJX4,category_7252170e0eda5c0b
B00IF2NMGO,category_7252170e0eda5c0b
B00IF6MKF4,category_7252170e0eda5c0b
B00IFSJGL8,category_7252170e0eda5c0b
B00IG0677G,category_7252170e0eda5c0b
B00IG0Z5TM,category_7252170e0eda5c0b
B00IGHT1TA,category_7252170e0eda5c0b
B00IGIMQ9G,category_7252170e0eda5c0b
B00IIAJYEC,category_7252170e0eda5c0b
B00IIAK3AQ,category_7252170e0eda5c0b
B00IIAKFI6,category_7252170e0eda5c0b
B00IIAKHUC,category_7252170e0eda5c0b
B00IIZ1JUO,category_7252170e0eda5c0b
B00IJ68LP8,category_7252170e0eda5c0b
B00IJEZRMU,category_7252170e0eda5c0b
B00IJZTP68,category_7252170e0eda5c0b
B00IK43G0Y,category_7252170e0eda5c0b
B00IK6K9WU,category_7252170e0eda5c0b
B00IKCKOIS,category_7252170e0eda5c0b
B00IKRKUPA,category_7252170e0eda5c0b
B00ILCC5P2,category_7252170e0eda5c0b
B00ILO8TJQ,category_7252170e0eda5c0b
B00ILYYEYK,category_7252170e0eda5c0b
B00IMJJVR4,category_7252170e0eda5c0b
B00INAHZ4I,category_7252170e0eda5c0b
B00INY7VI4,category_7252170e0eda5c0b
B00IOPRT5C,category_7252170e0eda5c0b
B00IOVC6C2,category_7252170e0eda5c0b
B00IPM1IME,category_7252170e0eda5c0b
B00IPM7TU4,category_7252170e0eda5c0b
B00IPQ1TB0,category_7252170e0eda5c0b
B00IPS8E70,category_7252170e0eda5c0b
B00IQCK42I,category_7252170e0eda5c0b
B00IQIOSQU,category_7252170e0eda5c0b
B00IRRUKDK,category_7252170e0eda5c0b
B00IRUN5NY,category_7252170e0eda5c0b
B00ISCU1RE,category_7252170e0eda5c0b
B00ISQCM54,category_7252170e0eda5c0b
B00IT0YPSG,category_7252170e0eda5c0b
B00IT1YN8M,category_7252170e0eda5c0b
B00ITDNDRC,category_7252170e0eda5c0b
B00ITV1556,category_7252170e0eda5c0b
B00ITX69CS,category_7252170e0eda5c0b
B00IU228H8,category_7252170e0eda5c0b
B00IU6VSWU,category_7252170e0eda5c0b
B00IU8MDYU,category_7252170e0eda5c0b
B00IUI0QFS,category_7252170e0eda5c0b
B00IUIHLII,category_7252170e0eda5c0b
B00IUIRCZA,category_7252170e0eda5c0b
B00IUJHNYE,category_7252170e0eda5c0b
B00IUPE5G2,category_7252170e0eda5c0b
B00IUXS3S0,category_7252170e0eda5c0b
B00IVGPJW4,category_7252170e0eda5c0b
B00IW58LHE,category_7252170e0eda5c0b
B00IW5HMGU,category_7252170e0eda5c0b
B00IW66J22,category_7252170e0eda5c0b
B00IWA5TNI,category_7252170e0eda5c0b
B00IWRL214,category_7252170e0eda5c0b
B00IXHH2XK,category_7252170e0eda5c0b
B00IXXXC2E,category_7252170e0eda5c0b
B00IY0CH68,category_7252170e0eda5c0b
B00IYM3ZMG,category_7252170e0eda5c0b
B00IYPS1B8,category_7252170e0eda5c0b
B00IYQFELM,category_7252170e0eda5c0b
B00IYTEJN8,category_7252170e0eda5c0b
B00IYTGFPS,category_7252170e0eda5c0b
B00IYTP8ME,category_7252170e0eda5c0b
B00IYTPOMS,category_7252170e0eda5c0b
B00IZA33QK,category_7252170e0eda5c0b
B00IZA37I4,category_7252170e0eda5c0b
B00IZGPI8U,category_7252170e0eda5c0b
B00IZHOVSW,category_7252170e0eda5c0b
B00IZMRVAM,category_7252170e0eda5c0b
B00IZOTBUI,category_7252170e0eda5c0b
B00IZU2L04,category_7252170e0eda5c0b
B00IZUQ95C,category_7252170e0eda5c0b
B00J0H7KNE,category_7252170e0eda5c0b
B00J17C3Z8,category_7252170e0eda5c0b
B00J1OC5OK,category_7252170e0eda5c0b
B00J1TSNZU,category_7252170e0eda5c0b
B00J2CGFLA,category_7252170e0eda5c0b
B00J2QHKCO,category_7252170e0eda5c0b
B00J3HMXZG,category_7252170e0eda5c0b
B00J3UR1E6,category_7252170e0eda5c0b
B00J40AUI4,category_7252170e0eda5c0b
B00J43PPHC,category_7252170e0eda5c0b
B00J4GO1MY,category_7252170e0eda5c0b
B00J4V6L1I,category_7252170e0eda5c0b
B00J5D1BL0,category_7252170e0eda5c0b
B00J5DEWJ8,category_7252170e0eda5c0b
B00J5PPA6U,category_7252170e0eda5c0b
B00J6CJSYM,category_7252170e0eda5c0b
B00J7LWZLU,category_7252170e0eda5c0b
B00J7LX23A,category_7252170e0eda5c0b
B00J88DTLC,category_7252170e0eda5c0b
B00J8G39LY,category_7252170e0eda5c0b
B00J9CS49Y,category_7252170e0eda5c0b
B00J9H76C0,category_7252170e0eda5c0b
B00J9MFP8M,category_7252170e0eda5c0b
B00J9U5X2C,category_7252170e0eda5c0b
B00JA5GHWG,category_7252170e0eda5c0b
B00JA7X70E,category_7252170e0eda5c0b
B00JB2H79A,category_7252170e0eda5c0b
B00JB2V822,category_7252170e0eda5c0b
B00JBC9TD2,category_7252170e0eda5c0b
B00JBM76L4,category_7252170e0eda5c0b
B00JBRONJW,category_7252170e0eda5c0b
B00JBWH3CG,category_7252170e0eda5c0b
B00JC40YGU,category_7252170e0eda5c0b
B00JCCBC9U,category_7252170e0eda5c0b
B00JCCBDVC,category_7252170e0eda5c0b
B00JCCBW0O,category_7252170e0eda5c0b
B00JCTNDZO,category_7252170e0eda5c0b
B00JDHXY7W,category_7252170e0eda5c0b
B00JDWHWOS,category_7252170e0eda5c0b
B00JE8IUNS,category_7252170e0eda5c0b
B00JEER8EY,category_7252170e0eda5c0b
B00JFTZNW2,category_7252170e0eda5c0b
B00JG69UBY,category_7252170e0eda5c0b
B00JGX8KI6,category_7252170e0eda5c0b
B00JHKIT5M,category_7252170e0eda5c0b
B00JIXU9EW,category_7252170e0eda5c0b
B00JJNZR02,category_7252170e0eda5c0b
B00JJV8EFE,category_7252170e0eda5c0b
B00JJYQ4QC,category_7252170e0eda5c0b
B00JK38XUC,category_7252170e0eda5c0b
B00JKCQD4Q,category_7252170e0eda5c0b
B00JKCYEU6,category_7252170e0eda5c0b
B00JKCYIV6,category_7252170e0eda5c0b
B00JKQ7CCE,category_7252170e0eda5c0b
B00JM1QOZS,category_7252170e0eda5c0b
B00JMBK05I,category_7252170e0eda5c0b
B00JMI33BO,category_7252170e0eda5c0b
B00JNG339W,category_7252170e0eda5c0b
B00JNSDUPM,category_7252170e0eda5c0b
B00JNSYXOO,category_7252170e0eda5c0b
B00JNUBKPC,category_7252170e0eda5c0b
B00JO98YLK,category_7252170e0eda5c0b
B00JOFLNFS,category_7252170e0eda5c0b
B00JOVN0Z8,category_7252170e0eda5c0b
B00JPNUKBM,category_7252170e0eda5c0b
B00JPPIY1I,category_7252170e0eda5c0b
B00JQH33BQ,category_7252170e0eda5c0b
B00JQIUPW0,category_7252170e0eda5c0b
B00JQJBWJY,category_7252170e0eda5c0b
B00JQJNGKM,category_7252170e0eda5c0b
B00JQZTZNI,category_7252170e0eda5c0b
B00JRDEDJ0,category_7252170e0eda5c0b
B00JRROP3K,category_7252170e0eda5c0b
B00JRROY7W,category_7252170e0eda5c0b
B00JSACNMG,category_7252170e0eda5c0b
B00JTU1PHY,category_7252170e0eda5c0b
B00JU041WE,category_7252170e0eda5c0b
B00JU5I8E6,category_7252170e0eda5c0b
B00JV41BUE,category_7252170e0eda5c0b
B00JV9A592,category_7252170e0eda5c0b
B00JVLRX9U,category_7252170e0eda5c0b
B00JVRSTUG,category_7252170e0eda5c0b
B00JWSFLNM,category_7252170e0eda5c0b
B00JWZ2PD4,category_7252170e0eda5c0b
B00JWZ5H5M,category_7252170e0eda5c0b
B00JXM52C2,category_7252170e0eda5c0b
B00JYKIODM,category_7252170e0eda5c0b
B00JZ5E9AI,category_7252170e0eda5c0b
B00JZK3A1M,category_7252170e0eda5c0b
B00JZK64CO,category_7252170e0eda5c0b
B00JZK6E7E,category_7252170e0eda5c0b
B00JZK6OMY,category_7252170e0eda5c0b
B00JZKAUV0,category_7252170e0eda5c0b
B00JZXSJ24,category_7252170e0eda5c0b
B00K04OVHO,category_7252170e0eda5c0b
B00K0HH1ZK,category_7252170e0eda5c0b
B00K0PTCFE,category_7252170e0eda5c0b
B00K12BMSG,category_7252170e0eda5c0b
B00K1859FC,category_7252170e0eda5c0b
B00K1GQKK2,category_7252170e0eda5c0b
B00K1J8N7C,category_7252170e0eda5c0b
B00K21VKPG,category_7252170e0eda5c0b
B00K2EVGZC,category_7252170e0eda5c0b
B00K35DAS6,category_7252170e0eda5c0b
B00K3DY4GA,category_7252170e0eda5c0b
B00K54RXQ0,category_7252170e0eda5c0b
B00K54U5N8,category_7252170e0eda5c0b
B00K600MRU,category_7252170e0eda5c0b
B00K68ZYAM,category_7252170e0eda5c0b
B00K6COIO6,category_7252170e0eda5c0b
B00K6COL9S,category_7252170e0eda5c0b
B00K6COPEE,category_7252170e0eda5c0b
B00K6COQPC,category_7252170e0eda5c0b
B00K6COUXU,category_7252170e0eda5c0b
B00K6COY68,category_7252170e0eda5c0b
B00K6LOJ1O,category_7252170e0eda5c0b
B00K6OI24Q,category_7252170e0eda5c0b
B00K6S8TD6,category_7252170e0eda5c0b
B00K6YVPK4,category_7252170e0eda5c0b
B00K7R94FS,category_7252170e0eda5c0b
B00K7RP77M,category_7252170e0eda5c0b
B00K89GW8M,category_7252170e0eda5c0b
B00K8PGVD2,category_7252170e0eda5c0b
B00K96JVO6,category_7252170e0eda5c0b
B00KAFCQ5M,category_7252170e0eda5c0b
B00KAI92QU,category_7252170e0eda5c0b
B00KAT7216,category_7252170e0eda5c0b
B00KATPDNA,category_7252170e0eda5c0b
B00KATPFTM,category_7252170e0eda5c0b
B00KB8799Q,category_7252170e0eda5c0b
B00KBPSZAQ,category_7252170e0eda5c0b
B00KBYFI2A,category_7252170e0eda5c0b
B00KBYQDI8,category_7252170e0eda5c0b
B00KC0F4CC,category_7252170e0eda5c0b
B00KC0H4DY,category_7252170e0eda5c0b
B00KC5DXBG,category_7252170e0eda5c0b
B00KCU9S3I,category_7252170e0eda5c0b
B00KD3AMAC,category_7252170e0eda5c0b
B00KDRA4H4,category_7252170e0eda5c0b
B00KEDCYZ2,category_7252170e0eda5c0b
B00KETERKG,category_7252170e0eda5c0b
B00KEUT6BA,category_7252170e0eda5c0b
B00KFVYHZS,category_7252170e0eda5c0b
B00KFXCN2K,category_7252170e0eda5c0b
B00KG8BL1S,category_7252170e0eda5c0b
B00KGB1QE2,category_7252170e0eda5c0b
B00KGCLGTQ,category_7252170e0eda5c0b
B00KGD9PNO,category_7252170e0eda5c0b
B00KGKW5AM,category_7252170e0eda5c0b
B00KGRABC4,category_7252170e0eda5c0b
B00KH5KOFO,category_7252170e0eda5c0b
B00KH6164G,category_7252170e0eda5c0b
B00KH6R15Y,category_7252170e0eda5c0b
B00KHYGS1Y,category_7252170e0eda5c0b
B00KHYHSH2,category_7252170e0eda5c0b
B00KI5PX54,category_7252170e0eda5c0b
B00KI6X576,category_7252170e0eda5c0b
B00KIGNAU8,category_7252170e0eda5c0b
B00KIH29KE,category_7252170e0eda5c0b
B00KIH83YK,category_7252170e0eda5c0b
B00KIR3WEQ,category_7252170e0eda5c0b
B00KISJLWM,category_7252170e0eda5c0b
B00KIYTIDS,category_7252170e0eda5c0b
B00KIZPBWO,category_7252170e0eda5c0b
B00KJ6IINQ,category_7252170e0eda5c0b
B00KJRUQP8,category_7252170e0eda5c0b
B00KJSAW1K,category_7252170e0eda5c0b
B00KJTZ6P6,category_7252170e0eda5c0b
B00KK2O8DI,category_7252170e0eda5c0b
B00KL0IMVI,category_7252170e0eda5c0b
B00KL1RCU4,category_7252170e0eda5c0b
B00KLGCU4W,category_7252170e0eda5c0b
B00KLK3Y3Y,category_7252170e0eda5c0b
B00KLLDGUY,category_7252170e0eda5c0b
B00KLPKJ1E,category_7252170e0eda5c0b
B00KLSOSRM,category_7252170e0eda5c0b
B00KLXGGY0,category_7252170e0eda5c0b
B00KM5K4DG,category_7252170e0eda5c0b
B00KMCNXUK,category_7252170e0eda5c0b
B00KMISTD0,category_7252170e0eda5c0b
B00KMLH8MK,category_7252170e0eda5c0b
B00KMYQYPE,category_7252170e0eda5c0b
B00KN0QHKY,category_7252170e0eda5c0b
B00KNAF7RS,category_7252170e0eda5c0b
B00KNALGH8,category_7252170e0eda5c0b
B00KNSM17Y,category_7252170e0eda5c0b
B00KNSN0W4,category_7252170e0eda5c0b
B00KNSN4NO,category_7252170e0eda5c0b
B00KO9TV98,category_7252170e0eda5c0b
B00KOCD5LU,category_7252170e0eda5c0b
B00KOCHN9A,category_7252170e0eda5c0b
B00KOD0OVS,category_7252170e0eda5c0b
B00KOUH9M8,category_d6ac68cf358b59e5
B00KOUTHTQ,category_7252170e0eda5c0b
B00KOW6CX8,category_7252170e0eda5c0b
B00KOWA180,category_7252170e0eda5c0b
B00KPDZEF8,category_7252170e0eda5c0b
B00KQ1UXSW,category_7252170e0eda5c0b
B00KQVFX8W,category_7252170e0eda5c0b
B00KR9F3AQ,category_7252170e0eda5c0b
B00KRJDV2S,category_7252170e0eda5c0b
B00KRJUG8K,category_7252170e0eda5c0b
B00KRMOJ4Y,category_7252170e0eda5c0b
B00KSDSRP4,category_7252170e0eda5c0b
B00KT34HJI,category_7252170e0eda5c0b
B00KT8U2Z6,category_7252170e0eda5c0b
B00KTRZZ86,category_7252170e0eda5c0b
B00KTUWYXW,category_7252170e0eda5c0b
B00KV32GNA,category_7252170e0eda5c0b
B00KV447YU,category_7252170e0eda5c0b
B00KV6GJH6,category_7252170e0eda5c0b
B00KVMRNQQ,category_7252170e0eda5c0b
B00KVZ9K1O,category_7252170e0eda5c0b
B00KW4EF6Y,category_7252170e0eda5c0b
B00KWBFKLG,category_7252170e0eda5c0b
B00KWDYDWG,category_7252170e0eda5c0b
B00KWE5BPS,category_7252170e0eda5c0b
B00KWLC8AM,category_7252170e0eda5c0b
B00KWUOJ3M,category_7252170e0eda5c0b
B00KX9NQ2M,category_7252170e0eda5c0b
B00KXFD75M,category_7252170e0eda5c0b
B00KXJ0JJU,category_7252170e0eda5c0b
B00KYJIP04,category_7252170e0eda5c0b
B00KYM933E,category_7252170e0eda5c0b
B00KYWM3A4,category_7252170e0eda5c0b
B00KZ28Y5G,category_7252170e0eda5c0b
B00KZ2FAAS,category_7252170e0eda5c0b
B00KZNKFES,category_7252170e0eda5c0b
B00KZSED8C,category_7252170e0eda5c0b
B00L02ZRFK,category_7252170e0eda5c0b
B00L0XML1M,category_7252170e0eda5c0b
B00L10TTBO,category_7252170e0eda5c0b
B00L173G84,category_7252170e0eda5c0b
B00L2H414Q,category_7252170e0eda5c0b
B00L2H4196,category_7252170e0eda5c0b
B00L2LBFJ6,category_7252170e0eda5c0b
B00L2QVAB4,category_7252170e0eda5c0b
B00L4HJX7O,category_7252170e0eda5c0b
B00L4JKXXU,category_7252170e0eda5c0b
B00L5E771A,category_7252170e0eda5c0b
B00L5KKSLK,category_7252170e0eda5c0b
B00L5LVICC,category_7252170e0eda5c0b
B00L5VIS2U,category_7252170e0eda5c0b
B00L9M2YFC,category_7252170e0eda5c0b
B00L9RVUKM,category_7252170e0eda5c0b
B00L9WHU9M,category_7252170e0eda5c0b
B00LA8IEZ4,category_d6ac68cf358b59e5
B00LAC4RLU,category_7252170e0eda5c0b
B00LBC9IB8,category_7252170e0eda5c0b
B00LBEHO4O,category_7252170e0eda5c0b
B00LBQ70WS,category_7252170e0eda5c0b
B00LBZSWJ4,category_7252170e0eda5c0b
B00LC2V3F6,category_7252170e0eda5c0b
B00LCBLEGK,category_d6ac68cf358b59e5
B00LCJQP2U,category_7252170e0eda5c0b
B00LCSUHM0,category_7252170e0eda5c0b
B00LCSUP2M,category_7252170e0eda5c0b
B00LCSUQJY,category_7252170e0eda5c0b
B00LD8Q6YW,category_7252170e0eda5c0b
B00LDHORGW,category_7252170e0eda5c0b
B00LE57VZM,category_7252170e0eda5c0b
B00LE5XXPE,category_7252170e0eda5c0b
B00LEBJM26,category_7252170e0eda5c0b
B00LEBJWRQ,category_7252170e0eda5c0b
B00LEQ6B1Q,category_d6ac68cf358b59e5
B00LFKZO7I,category_7252170e0eda5c0b
B00LG1O0OE,category_7252170e0eda5c0b
B00LG31L1M,category_7252170e0eda5c0b
B00LG3B35Q,category_7252170e0eda5c0b
B00LGJWKOI,category_7252170e0eda5c0b
B00LH1NFUI,category_7252170e0eda5c0b
B00LH6I3HI,category_7252170e0eda5c0b
B00LHB5O8O,category_7252170e0eda5c0b
B00LHR7UDK,category_7252170e0eda5c0b
B00LIESIYW,category_7252170e0eda5c0b
B00LIX0YPE,category_7252170e0eda5c0b
B00LJ3K0SY,category_7252170e0eda5c0b
B00LJ3L902,category_7252170e0eda5c0b
B00LJ7D3RA,category_7252170e0eda5c0b
B00LJMGM9G,category_7252170e0eda5c0b
B00LK2ZM6O,category_7252170e0eda5c0b
B00LKC718G,category_7252170e0eda5c0b
B00LKL4FP4,category_7252170e0eda5c0b
B00LKNFESY,category_7252170e0eda5c0b
B00LKO9IS0,category_7252170e0eda5c0b
B00LLLODPU,category_7252170e0eda5c0b
B00LMG3UFS,category_7252170e0eda5c0b
B00LMUVQW8,category_7252170e0eda5c0b
B00LO1NASS,category_7252170e0eda5c0b
B00LO99IAE,category_7252170e0eda5c0b
B00LOSSMWU,category_7252170e0eda5c0b
B00LOXHFHI,category_7252170e0eda5c0b
B00LP3VRQM,category_7252170e0eda5c0b
B00LPQX3SO,category_7252170e0eda5c0b
B00LPSN6XY,category_7252170e0eda5c0b
B00LPTOKRE,category_7252170e0eda5c0b
B00LQDC4UE,category_7252170e0eda5c0b
B00LQG835Q,category_7252170e0eda5c0b
B00LQO0NIS,category_7252170e0eda5c0b
B00LR1DBPW,category_7252170e0eda5c0b
B00LS6FEDI,category_7252170e0eda5c0b
B00LT9ECO6,category_7252170e0eda5c0b
B00LTJV320,category_7252170e0eda5c0b
B00LU43R5A,category_7252170e0eda5c0b
B00LUL7BA0,category_7252170e0eda5c0b
B00LUL7BC8,category_7252170e0eda5c0b
B00LV553PK,category_7252170e0eda5c0b
B00LV55562,category_7252170e0eda5c0b
B00LVFPL0W,category_7252170e0eda5c0b
B00LVNM4I6,category_7252170e0eda5c0b
B00LWMH5VW,category_7252170e0eda5c0b
B00LWUHC6W,category_7252170e0eda5c0b
B00LWUHCF8,category_7252170e0eda5c0b
B00LX657IU,category_7252170e0eda5c0b
B00LXISYDS,category_7252170e0eda5c0b
B00LXJ9OAO,category_7252170e0eda5c0b
B00LXPMTHI,category_7252170e0eda5c0b
B00LXU3T1S,category_7252170e0eda5c0b
B00LYNFP4I,category_7252170e0eda5c0b
B00LYTABKK,category_7252170e0eda5c0b
B00LZ6O1VW,category_7252170e0eda5c0b
B00M0RKBVY,category_7252170e0eda5c0b
B00M0YRNWC,category_7252170e0eda5c0b
B00M19ZR24,category_7252170e0eda5c0b
B00M1YZWII,category_7252170e0eda5c0b
B00M2JMXZ2,category_7252170e0eda5c0b
B00M2JPCTQ,category_7252170e0eda5c0b
B00M5TZDE2,category_7252170e0eda5c0b
B00M6M2EFE,category_7252170e0eda5c0b
B00M7OTWVA,category_7252170e0eda5c0b
B00M7QQWFC,category_7252170e0eda5c0b
B00M8AAQC2,category_7252170e0eda5c0b
B00M8BCK6Q,category_7252170e0eda5c0b
B00MA1PHGE,category_7252170e0eda5c0b
B00MB62OR8,category_7252170e0eda5c0b
B00MBG53SU,category_7252170e0eda5c0b
B00MBGCNG0,category_7252170e0eda5c0b
B00MBYAPD0,category_7252170e0eda5c0b
B00MC9G5QK,category_7252170e0eda5c0b
B00MDN8TBE,category_7252170e0eda5c0b
B00MDNXFCW,category_7252170e0eda5c0b
B00MDWIT9C,category_7252170e0eda5c0b
B00MEADT5M,category_7252170e0eda5c0b
B00MEB64BC,category_7252170e0eda5c0b
B00MEQP1S4,category_7252170e0eda5c0b
B00MEZ7FMK,category_7252170e0eda5c0b
B00MFUYRC0,category_7252170e0eda5c0b
B00MFZUAP8,category_7252170e0eda5c0b
B00MGL98KE,category_7252170e0eda5c0b
B00MGLADU8,category_7252170e0eda5c0b
B00MGLAT8E,category_7252170e0eda5c0b
B00MGLB3GG,category_7252170e0eda5c0b
B00MGPR0DM,category_7252170e0eda5c0b
B00MHDJQVW,category_7252170e0eda5c0b
B00MIH1AIO,category_7252170e0eda5c0b
B00MITGUQY,category_7252170e0eda5c0b
B00MKVAKXY,category_7252170e0eda5c0b
B00MLCRJN6,category_7252170e0eda5c0b
B00MMI6ADE,category_7252170e0eda5c0b
B00MMJFK9I,category_7252170e0eda5c0b
B00MMNGMAU,category_7252170e0eda5c0b
B00MMVV98M,category_7252170e0eda5c0b
B00MN6NH86,category_7252170e0eda5c0b
B00MN85Q9W,category_7252170e0eda5c0b
B00MN85QBU,category_7252170e0eda5c0b
B00MNK6CGG,category_7252170e0eda5c0b
B00MNZFDAW,category_7252170e0eda5c0b
B00MODX27E,category_7252170e0eda5c0b
B00MOEUYT2,category_7252170e0eda5c0b
B00MOPJ70I,category_7252170e0eda5c0b
B00MOTZ3LG,category_7252170e0eda5c0b
B00MOX3N5A,category_7252170e0eda5c0b
B00MPFLMLE,category_7252170e0eda5c0b
B00MQ64426,category_7252170e0eda5c0b
B00MQ7MHGU,category_7252170e0eda5c0b
B00MQ7NDQI,category_7252170e0eda5c0b
B00MQ7QODW,category_7252170e0eda5c0b
B00MQU0PA2,category_7252170e0eda5c0b
B00MR1J29K,category_7252170e0eda5c0b
B00MR32VEG,category_7252170e0eda5c0b
B00MRFE3MW,category_7252170e0eda5c0b
B00MRKPJ70,category_7252170e0eda5c0b
B00MRVXPH0,category_7252170e0eda5c0b
B00MSKWC2O,category_7252170e0eda5c0b
B00MSKWOO0,category_7252170e0eda5c0b
B00MSKYF06,category_7252170e0eda5c0b
B00MSKZ2MQ,category_7252170e0eda5c0b
B00MSKZ85W,category_7252170e0eda5c0b
B00MSZRKL2,category_7252170e0eda5c0b
B00MT767M2,category_7252170e0eda5c0b
B00MU1O094,category_7252170e0eda5c0b
B00MU2361Q,category_7252170e0eda5c0b
B00MUBZN5E,category_7252170e0eda5c0b
B00MUOXZII,category_7252170e0eda5c0b
B00MVL4RXC,category_7252170e0eda5c0b
B00MW4GM8Q,category_7252170e0eda5c0b
B00MWDLJY4,category_7252170e0eda5c0b
B00MWDLQ4M,category_7252170e0eda5c0b
B00MWDRS0I,category_7252170e0eda5c0b
B00MWDRZGK,category_7252170e0eda5c0b
B00MX4597U,category_7252170e0eda5c0b
B00MXVT71C,category_7252170e0eda5c0b
B00MY5GQ4I,category_7252170e0eda5c0b
B00MYFUZIQ,category_7252170e0eda5c0b
B00MZ3IOT4,category_7252170e0eda5c0b
B00N254KVU,category_7252170e0eda5c0b
B00N2OJ7H8,category_7252170e0eda5c0b
B00N31E4T6,category_7252170e0eda5c0b
B00N33K0R4,category_7252170e0eda5c0b
B00N39QW52,category_7252170e0eda5c0b
B00N3XDZVC,category_7252170e0eda5c0b
B00N3YH0CQ,category_7252170e0eda5c0b
B00N4VI7WU,category_7252170e0eda5c0b
B00N69LPWO,category_7252170e0eda5c0b
B00N7A7MBU,category_7252170e0eda5c0b
B00N86LOAS,category_7252170e0eda5c0b
B00N996X4G,category_7252170e0eda5c0b
B00N9DQXLK,category_7252170e0eda5c0b
B00NA4K3E6,category_7252170e0eda5c0b
B00NA7NCEQ,category_7252170e0eda5c0b
B00NB0Q6SQ,category_7252170e0eda5c0b
B00NC5OMIG,category_7252170e0eda5c0b
B00NC9DKS0,category_7252170e0eda5c0b
B00ND2M780,category_7252170e0eda5c0b
B00ND8CASG,category_7252170e0eda5c0b
B00NDOYLQY,category_7252170e0eda5c0b
B00NDZAO1O,category_7252170e0eda5c0b
B00NETATIW,category_7252170e0eda5c0b
B00NF77Z94,category_7252170e0eda5c0b
B00NF8YAC8,category_7252170e0eda5c0b
B00NFF02SM,category_7252170e0eda5c0b
B00NFUD2MK,category_7252170e0eda5c0b
B00NFUDZRM,category_7252170e0eda5c0b
B00NFUEJJU,category_7252170e0eda5c0b
B00NFUEOIG,category_7252170e0eda5c0b
B00NFUEXJQ,category_7252170e0eda5c0b
B00NFUKTTY,category_7252170e0eda5c0b
B00NFULI94,category_7252170e0eda5c0b
B00NFUPBJW,category_7252170e0eda5c0b
B00NFV151Y,category_7252170e0eda5c0b
B00NFV1GB8,category_7252170e0eda5c0b
B00NFVA4Y8,category_7252170e0eda5c0b
B00NFX25BG,category_7252170e0eda5c0b
B00NG02JXM,category_7252170e0eda5c0b
B00NGK6LNQ,category_7252170e0eda5c0b
B00NH1I50Q,category_7252170e0eda5c0b
B00NH8OYFO,category_7252170e0eda5c0b
B00NHLPPJA,category_7252170e0eda5c0b
B00NHWSV9U,category_7252170e0eda5c0b
B00NHXUQ92,category_7252170e0eda5c0b
B00NHXZGQK,category_7252170e0eda5c0b
B00NI11ONK,category_7252170e0eda5c0b
B00NI29I4G,category_7252170e0eda5c0b
B00NI8L5R8,category_7252170e0eda5c0b
B00NIV9UDG,category_7252170e0eda5c0b
B00NJ0VY4O,category_7252170e0eda5c0b
B00NL56PS2,category_7252170e0eda5c0b
B00NL56PU0,category_7252170e0eda5c0b
B00NL56PUU,category_7252170e0eda5c0b
B00NLIA4LI,category_7252170e0eda5c0b
B00NLKAOPM,category_7252170e0eda5c0b
B00NLKAPOW,category_7252170e0eda5c0b
B00NLKAQFA,category_7252170e0eda5c0b
B00NLLCE3Q,category_7252170e0eda5c0b
B00NLM1MXS,category_7252170e0eda5c0b
B00NNLIHLM,category_7252170e0eda5c0b
B00NNLK5LW,category_7252170e0eda5c0b
B00NNLURMY,category_7252170e0eda5c0b
B00NNLWGXW,category_7252170e0eda5c0b
B00NO8P8XO,category_7252170e0eda5c0b
B00NOFU1IY,category_7252170e0eda5c0b
B00NOHXZYO,category_7252170e0eda5c0b
B00NONB0IG,category_7252170e0eda5c0b
B00NOQ0U8Y,category_7252170e0eda5c0b
B00NORRRWA,category_7252170e0eda5c0b
B00NOVKFAW,category_7252170e0eda5c0b
B00NPDBQ0C,category_7252170e0eda5c0b
B00NPE974I,category_7252170e0eda5c0b
B00NPF7JBU,category_7252170e0eda5c0b
B00NPP97NS,category_7252170e0eda5c0b
B00NPX8QVE,category_7252170e0eda5c0b
B00NQ44Y0O,category_7252170e0eda5c0b
B00NQ6OYUC,category_7252170e0eda5c0b
B00NRC3A96,category_7252170e0eda5c0b
B00NS3LN9S,category_7252170e0eda5c0b
B00NSCS1G2,category_7252170e0eda5c0b
B00NSLAVFM,category_7252170e0eda5c0b
B00NSLNJ92,category_7252170e0eda5c0b
B00NSWJ9WW,category_7252170e0eda5c0b
B00NTS5P32,category_7252170e0eda5c0b
B00NU1IO0Y,category_7252170e0eda5c0b
B00NU843X4,category_7252170e0eda5c0b
B00NUM3L9M,category_7252170e0eda5c0b
B00NUV08AI,category_7252170e0eda5c0b
B00NV5SAQ2,category_7252170e0eda5c0b
B00NV5SRDI,category_7252170e0eda5c0b
B00NV5ZLO6,category_7252170e0eda5c0b
B00NV609NS,category_7252170e0eda5c0b
B00NV69XHG,category_7252170e0eda5c0b
B00NVFFXO4,category_7252170e0eda5c0b
B00NVQHLTS,category_7252170e0eda5c0b
B00NW3F8ZE,category_7252170e0eda5c0b
B00NWW31H2,category_7252170e0eda5c0b
B00NWWARG0,category_7252170e0eda5c0b
B00NX5MLEM,category_7252170e0eda5c0b
B00NXIQHV2,category_7252170e0eda5c0b
B00NXJQAFO,category_7252170e0eda5c0b
B00NXT8S6I,category_7252170e0eda5c0b
B00NXZA716,category_7252170e0eda5c0b
B00NZPY3GY,category_7252170e0eda5c0b
B00O0CTXZM,category_7252170e0eda5c0b
B00O0Q1XVA,category_7252170e0eda5c0b
B00O1FYJPW,category_7252170e0eda5c0b
B00O1J1UOG,category_7252170e0eda5c0b
B00O1NB3YO,category_7252170e0eda5c0b
B00O2BBC3W,category_7252170e0eda5c0b
B00O2G66V0,category_7252170e0eda5c0b
B00O2IR9QE,category_7252170e0eda5c0b
B00O2OEEFC,category_7252170e0eda5c0b
B00O3GXEC8,category_7252170e0eda5c0b
B00O4B7JZK,category_7252170e0eda5c0b
B00O4D96H2,category_7252170e0eda5c0b
B00O4DVVTI,category_7252170e0eda5c0b
B00O4FQDV2,category_7252170e0eda5c0b
B00O4HH2DI,category_7252170e0eda5c0b
B00O51L0RW,category_7252170e0eda5c0b
B00O53EX1K,category_7252170e0eda5c0b
B00O5B7RCE,category_7252170e0eda5c0b
B00O5DBCU0,category_7252170e0eda5c0b
B00O5E4FGM,category_7252170e0eda5c0b
B00O5FM0HW,category_7252170e0eda5c0b
B00O5YNZFY,category_7252170e0eda5c0b
B00O6B9GN6,category_7252170e0eda5c0b
B00O6JV14A,category_7252170e0eda5c0b
B00O6NI3HY,category_7252170e0eda5c0b
B00O75GIIM,category_7252170e0eda5c0b
B00O7CXMU2,category_7252170e0eda5c0b
B00O7HIYJ6,category_7252170e0eda5c0b
B00O8FAKVW,category_7252170e0eda5c0b
B00O8G44I6,category_7252170e0eda5c0b
B00O92PFF0,category_7252170e0eda5c0b
B00O92QO7S,category_7252170e0eda5c0b
B00O9EGT8A,category_7252170e0eda5c0b
B00O9RKZ8M,category_7252170e0eda5c0b
B00O9TFVDE,category_7252170e0eda5c0b
B00O9YV9WQ,category_7252170e0eda5c0b
B00O9YVE7Q,category_7252170e0eda5c0b
B00OA7W5IO,category_7252170e0eda5c0b
B00OAJHASC,category_7252170e0eda5c0b
B00OB6D6W8,category_7252170e0eda5c0b
B00OBT1LNG,category_7252170e0eda5c0b
B00OC1ZL6G,category_7252170e0eda5c0b
B00OCC844Q,category_7252170e0eda5c0b
B00OCE9T20,category_7252170e0eda5c0b
B00OCHNUC2,category_7252170e0eda5c0b
B00ODGNIOC,category_7252170e0eda5c0b
B00OFTNDJ2,category_7252170e0eda5c0b
B00OGQH4BC,category_7252170e0eda5c0b
B00OH1KDEG,category_7252170e0eda5c0b
B00OHZRQYW,category_7252170e0eda5c0b
B00OI60OEO,category_7252170e0eda5c0b
B00OI684KA,category_7252170e0eda5c0b
B00OIQ4OFO,category_7252170e0eda5c0b
B00OIZDD2A,category_7252170e0eda5c0b
B00OJAGLSC,category_7252170e0eda5c0b
B00OJSZR9S,category_7252170e0eda5c0b
B00OK6YMSG,category_7252170e0eda5c0b
B00OK6Z7GW,category_7252170e0eda5c0b
B00OLHVIBI,category_7252170e0eda5c0b
B00OLMJRLG,category_7252170e0eda5c0b
B00OLTGCAI,category_7252170e0eda5c0b
B00OMORXKK,category_7252170e0eda5c0b
B00ONFM5D8,category_7252170e0eda5c0b
B00OOE148A,category_7252170e0eda5c0b
B00OOE9LBM,category_7252170e0eda5c0b
B00OOO9HYI,category_7252170e0eda5c0b
B00OOQRJFU,category_7252170e0eda5c0b
B00OP8NHVC,category_7252170e0eda5c0b
B00OP8NZV4,category_7252170e0eda5c0b
B00OPYYU3U,category_7252170e0eda5c0b
B00OQ2JNIS,category_7252170e0eda5c0b
B00OQIDUSQ,category_7252170e0eda5c0b
B00OQIGH2M,category_7252170e0eda5c0b
B00OQJU1KA,category_7252170e0eda5c0b
B00OQJVZQY,category_7252170e0eda5c0b
B00OQK2ZTE,category_7252170e0eda5c0b
B00OQK9IVC,category_7252170e0eda5c0b
B00OQKBCMA,category_7252170e0eda5c0b
B00OQKCF0S,category_7252170e0eda5c0b
B00OQKE0M4,category_7252170e0eda5c0b
B00OQKFQWC,category_7252170e0eda5c0b
B00OQKJAFG,category_7252170e0eda5c0b
B00OQKQVG2,category_7252170e0eda5c0b
B00OQKX2GE,category_7252170e0eda5c0b
B00OQKYYAM,category_7252170e0eda5c0b
B00OQL04C8,category_7252170e0eda5c0b
B00OQWCQS2,category_7252170e0eda5c0b
B00OSZ48D8,category_7252170e0eda5c0b
B00OT43B0Y,category_7252170e0eda5c0b
B00OT52M7G,category_7252170e0eda5c0b
B00OT80VYE,category_7252170e0eda5c0b
B00OTZ3TC8,category_7252170e0eda5c0b
B00OUOV42U,category_7252170e0eda5c0b
B00OVOL7SU,category_7252170e0eda5c0b
B00OWZHYZ8,category_7252170e0eda5c0b
B00OX3S2GY,category_7252170e0eda5c0b
B00OYP165K,category_7252170e0eda5c0b
B00OYVI9TK,category_7252170e0eda5c0b
B00OZ9VPZ6,category_7252170e0eda5c0b
B00OZWSSDK,category_7252170e0eda5c0b
B00P0IIKRW,category_7252170e0eda5c0b
B00P1M9TQS,category_7252170e0eda5c0b
B00P2Q8MDO,category_7252170e0eda5c0b
B00P2T3EX4,category_7252170e0eda5c0b
B00P2TJT38,category_7252170e0eda5c0b
B00P30NIPG,category_7252170e0eda5c0b
B00P4O17R2,category_7252170e0eda5c0b
B00P4X3EOC,category_7252170e0eda5c0b
B00P4Z8TVS,category_7252170e0eda5c0b
B00P6IBTFQ,category_7252170e0eda5c0b
B00P6L1OXA,category_7252170e0eda5c0b
B00P6P2TIK,category_7252170e0eda5c0b
B00P7CIZTY,category_7252170e0eda5c0b
B00P7CK95M,category_7252170e0eda5c0b
B00P7CKHW2,category_7252170e0eda5c0b
B00P7CLAY6,category_7252170e0eda5c0b
B00P7CO8YA,category_7252170e0eda5c0b
B00P7COCH8,category_7252170e0eda5c0b
B00P7CODZ4,category_7252170e0eda5c0b
B00P7COT6M,category_7252170e0eda5c0b
B00P7MXJMW,category_7252170e0eda5c0b
B00P7XF3K2,category_7252170e0eda5c0b
B00P8FHPJG,category_7252170e0eda5c0b
B00P8ZSKPE,category_7252170e0eda5c0b
B00P93UO5O,category_7252170e0eda5c0b
B00P9GDMTG,category_7252170e0eda5c0b
B00P9H4LRM,category_7252170e0eda5c0b
B00P9U2T8M,category_7252170e0eda5c0b
B00PB9VH0M,category_7252170e0eda5c0b
B00PBB24XY,category_7252170e0eda5c0b
B00PCRDN64,category_7252170e0eda5c0b
B00PCVAI5E,category_7252170e0eda5c0b
B00PDRLY8W,category_7252170e0eda5c0b
B00PEAUM5E,category_7252170e0eda5c0b
B00PEHLZ4O,category_7252170e0eda5c0b
B00PERBJJK,category_7252170e0eda5c0b
B00PEVA0X2,category_7252170e0eda5c0b
B00PEVQ5J0,category_7252170e0eda5c0b
B00PFKPQJK,category_7252170e0eda5c0b
B00PFM49E6,category_7252170e0eda5c0b
B00PG4OX1C,category_7252170e0eda5c0b
B00PG8EZMU,category_7252170e0eda5c0b
B00PGGLADO,category_7252170e0eda5c0b
B00PGM2A3C,category_7252170e0eda5c0b
B00PGS575E,category_7252170e0eda5c0b
B00PH1GG2I,category_7252170e0eda5c0b
B00PHI0CWQ,category_7252170e0eda5c0b
B00PHLUW8W,category_7252170e0eda5c0b
B00PI8LB3E,category_7252170e0eda5c0b
B00PIVAL0U,category_7252170e0eda5c0b
B00PKMU5BC,category_7252170e0eda5c0b
B00PMBW58C,category_7252170e0eda5c0b
B00PML48JQ,category_7252170e0eda5c0b
B00PMVKM28,category_7252170e0eda5c0b
B00PN1E31S,category_7252170e0eda5c0b
B00PN3PO5U,category_7252170e0eda5c0b
B00PQ41WMK,category_7252170e0eda5c0b
B00PQ67UR4,category_7252170e0eda5c0b
B00PQNJI7M,category_7252170e0eda5c0b
B00PR47F4I,category_7252170e0eda5c0b
B00PRBG7KO,category_7252170e0eda5c0b
B00PRC5IDK,category_7252170e0eda5c0b
B00PRS5CCG,category_7252170e0eda5c0b
B00PSK39AU,category_7252170e0eda5c0b
B00PSKAT5S,category_7252170e0eda5c0b
B00PSL85YY,category_7252170e0eda5c0b
B00PSNAPFE,category_7252170e0eda5c0b
B00PSQ74QY,category_7252170e0eda5c0b
B00PSQD7V0,category_7252170e0eda5c0b
B00PSRW17A,category_7252170e0eda5c0b
B00PSSQN1Y,category_7252170e0eda5c0b
B00PUTRSVA,category_7252170e0eda5c0b
B00PVJ8UA2,category_7252170e0eda5c0b
B00PVV3UE6,category_7252170e0eda5c0b
B00PW5B8D6,category_7252170e0eda5c0b
B00PWL82I4,category_7252170e0eda5c0b
B00PXGEDZO,category_7252170e0eda5c0b
B00PXZJREM,category_7252170e0eda5c0b
B00PZ8NGA8,category_7252170e0eda5c0b
B00PZAJJ98,category_7252170e0eda5c0b
B00PZARVCA,category_7252170e0eda5c0b
B00PZY165E,category_7252170e0eda5c0b
B00Q1BNG6C,category_7252170e0eda5c0b
B00Q2CCSAA,category_7252170e0eda5c0b
B00Q2Q3LR0,category_7252170e0eda5c0b
B00Q2QEEOY,category_7252170e0eda5c0b
B00Q4E2U5Y,category_7252170e0eda5c0b
B00Q4X97CO,category_7252170e0eda5c0b
B00Q5BK8U0,category_7252170e0eda5c0b
B00Q5K76DI,category_7252170e0eda5c0b
B00Q5SL74O,category_7252170e0eda5c0b
B00Q5V41NK,category_7252170e0eda5c0b
B00Q6WEUAC,category_7252170e0eda5c0b
B00Q750CPU,category_7252170e0eda5c0b
B00Q750E5S,category_7252170e0eda5c0b
B00Q78HSRM,category_7252170e0eda5c0b
B00Q7N23U4,category_7252170e0eda5c0b
B00Q7N55AY,category_7252170e0eda5c0b
B00Q7N5L30,category_7252170e0eda5c0b
B00Q7NGAGC,category_7252170e0eda5c0b
B00Q7NJ9A6,category_7252170e0eda5c0b
B00Q7NLTV8,category_7252170e0eda5c0b
B00Q7NM64W,category_7252170e0eda5c0b
B00Q7NMA9S,category_7252170e0eda5c0b
B00Q7PSDC4,category_7252170e0eda5c0b
B00Q7QHGCG,category_7252170e0eda5c0b
B00Q872MYQ,category_7252170e0eda5c0b
B00QA7WAEQ,category_7252170e0eda5c0b
B00QA8BK1E,category_7252170e0eda5c0b
B00QAISMHO,category_7252170e0eda5c0b
B00QAVOCVG,category_7252170e0eda5c0b
B00QAYMR56,category_7252170e0eda5c0b
B00QBZ7D9E,category_7252170e0eda5c0b
B00QF1ORV6,category_7252170e0eda5c0b
B00QF1VWQY,category_7252170e0eda5c0b
B00QF41O1E,category_7252170e0eda5c0b
B00QFV60AC,category_7252170e0eda5c0b
B00QHYHONE,category_7252170e0eda5c0b
B00QJ43SVO,category_7252170e0eda5c0b
B00QJ9S8L4,category_7252170e0eda5c0b
B00QJA4GJ6,category_7252170e0eda5c0b
B00QK3MW3O,category_7252170e0eda5c0b
B00QKSIMTC,category_7252170e0eda5c0b
B00QL9IF5G,category_7252170e0eda5c0b
B00QL9IFD8,category_7252170e0eda5c0b
B00QMS5RFM,category_7252170e0eda5c0b
B00QMSAW0C,category_7252170e0eda5c0b
B00QP0QT22,category_7252170e0eda5c0b
B00QPOZPSM,category_7252170e0eda5c0b
B00QQLBWNQ,category_7252170e0eda5c0b
B00QRAGS9E,category_7252170e0eda5c0b
B00QRAHBE0,category_7252170e0eda5c0b
B00QRAY3A0,category_7252170e0eda5c0b
B00QSKU6Q4,category_7252170e0eda5c0b
B00QSSZT0E,category_7252170e0eda5c0b
B00QTZTOPW,category_7252170e0eda5c0b
B00QU6OEYG,category_7252170e0eda5c0b
B00QVBX3N8,category_7252170e0eda5c0b
B00QVN6H70,category_7252170e0eda5c0b
B00QVVG01K,category_7252170e0eda5c0b
B00QVVU4EO,category_7252170e0eda5c0b
B00QW1083K,category_7252170e0eda5c0b
B00QW8QGZ2,category_7252170e0eda5c0b
B00QY090OM,category_7252170e0eda5c0b
B00QYCFOWM,category_7252170e0eda5c0b
B00QZEBH5W,category_7252170e0eda5c0b
B00R1795KG,category_7252170e0eda5c0b
B00R1795S8,category_7252170e0eda5c0b
B00R1SS2I6,category_7252170e0eda5c0b
B00R1TMCTK,category_7252170e0eda5c0b
B00R1WQP54,category_7252170e0eda5c0b
B00R200PHO,category_7252170e0eda5c0b
B00R3JQIQ6,category_7252170e0eda5c0b
B00R3OQP14,category_7252170e0eda5c0b
B00R3RAHH4,category_7252170e0eda5c0b
B00R4EHXXW,category_7252170e0eda5c0b
B00R4F8U92,category_7252170e0eda5c0b
B00R56OFIK,category_7252170e0eda5c0b
B00R56T5C6,category_7252170e0eda5c0b
B00R5ZQ98K,category_7252170e0eda5c0b
B00R7MBGQG,category_7252170e0eda5c0b
B00R7ZI7IS,category_7252170e0eda5c0b
B00R849DLS,category_7252170e0eda5c0b
B00R8O92C8,category_7252170e0eda5c0b
B00R8VLG70,category_7252170e0eda5c0b
B00RA6873E,category_7252170e0eda5c0b
B00RALYAJE,category_7252170e0eda5c0b
B00RAMHOZ0,category_7252170e0eda5c0b
B00RBBEKIE,category_7252170e0eda5c0b
B00RBZP23M,category_7252170e0eda5c0b
B00RDJU24U,category_7252170e0eda5c0b
B00RDMPDE6,category_7252170e0eda5c0b
B00RDNGVPU,category_7252170e0eda5c0b
B00RES5OPC,category_7252170e0eda5c0b
B00RES5U88,category_7252170e0eda5c0b
B00RESPUDS,category_7252170e0eda5c0b
B00RIESYMW,category_7252170e0eda5c0b
B00RIT53JO,category_7252170e0eda5c0b
B00RIUVSN8,category_7252170e0eda5c0b
B00RJBSOBK,category_7252170e0eda5c0b
B00RKFL9WQ,category_7252170e0eda5c0b
B00RL21UOK,category_7252170e0eda5c0b
B00RLK72SA,category_7252170e0eda5c0b
B00RLK75LO,category_7252170e0eda5c0b
B00RLV2BTY,category_7252170e0eda5c0b
B00RMM6OJU,category_7252170e0eda5c0b
B00RNFREKO,category_7252170e0eda5c0b
B00RO9DU7A,category_7252170e0eda5c0b
B00RON355I,category_7252170e0eda5c0b
B00RPJZMUM,category_7252170e0eda5c0b
B00RRKOZO8,category_7252170e0eda5c0b
B00RS7J9NW,category_7252170e0eda5c0b
B00RT93SUO,category_7252170e0eda5c0b
B00RTG5D5U,category_7252170e0eda5c0b
B00RTHZJD0,category_7252170e0eda5c0b
B00RW2M11K,category_7252170e0eda5c0b
B00RW8TK6I,category_7252170e0eda5c0b
B00RWP1X98,category_7252170e0eda5c0b
B00RYBEE0K,category_7252170e0eda5c0b
B00RYF5N9C,category_7252170e0eda5c0b
B00RYH7AI2,category_7252170e0eda5c0b
B00S18JWKM,category_7252170e0eda5c0b
B00S1IADKK,category_7252170e0eda5c0b
B00S1LPDZ2,category_7252170e0eda5c0b
B00S30PQ3A,category_7252170e0eda5c0b
B00S444PZU,category_7252170e0eda5c0b
B00S4RHKSQ,category_7252170e0eda5c0b
B00S4RO9W6,category_7252170e0eda5c0b
B00S4RTBJW,category_7252170e0eda5c0b
B00S5OE85G,category_7252170e0eda5c0b
B00S65QYFG,category_7252170e0eda5c0b
B00S7AE7QI,category_7252170e0eda5c0b
B00S7PIJXK,category_7252170e0eda5c0b
B00S81E1YY,category_7252170e0eda5c0b
B00S8HWWVC,category_7252170e0eda5c0b
B00S8PUDCO,category_7252170e0eda5c0b
B00S8PVRCO,category_7252170e0eda5c0b
B00S8QYP0E,category_7252170e0eda5c0b
B00S8STF3E,category_7252170e0eda5c0b
B00S9922ZA,category_7252170e0eda5c0b
B00S9CPS3U,category_7252170e0eda5c0b
B00SBT8PUY,category_7252170e0eda5c0b
B00SC7CNVM,category_7252170e0eda5c0b
B00SCGMWLE,category_7252170e0eda5c0b
B00SCWGR00,category_7252170e0eda5c0b
B00SEEM64M,category_7252170e0eda5c0b
B00SF8MI8Q,category_7252170e0eda5c0b
B00SG38LT0,category_7252170e0eda5c0b
B00SG6M1P2,category_7252170e0eda5c0b
B00SHDEMWO,category_7252170e0eda5c0b
B00SHK0WJO,category_7252170e0eda5c0b
B00SJKXAAA,category_7252170e0eda5c0b
B00SJSKNHA,category_7252170e0eda5c0b
B00SK400US,category_7252170e0eda5c0b
B00SKB35R6,category_7252170e0eda5c0b
B00SLJ87CA,category_7252170e0eda5c0b
B00SM4ESWW,category_7252170e0eda5c0b
B00SNLG5I4,category_7252170e0eda5c0b
B00SNSSWEC,category_7252170e0eda5c0b
B00SNXTJUS,category_7252170e0eda5c0b
B00SP9T5WM,category_7252170e0eda5c0b
B00SP9T6KI,category_7252170e0eda5c0b
B00SPBVM5S,category_7252170e0eda5c0b
B00SPXVZBC,category_7252170e0eda5c0b
B00SQJ1MZO,category_7252170e0eda5c0b
B00SQSKL3E,category_7252170e0eda5c0b
B00SSCHYXI,category_7252170e0eda5c0b
B00SSNS5BW,category_7252170e0eda5c0b
B00STE80JC,category_7252170e0eda5c0b
B00SV85U6C,category_7252170e0eda5c0b
B00SVESZWM,category_7252170e0eda5c0b
B00SVWM63S,category_7252170e0eda5c0b
B00SX18P0K,category_7252170e0eda5c0b
B00SXWI1AI,category_7252170e0eda5c0b
B00SZ0Y6TI,category_7252170e0eda5c0b
B00SZ2GUYU,category_7252170e0eda5c0b
B00SZ5GNDA,category_7252170e0eda5c0b
B00SZCHHG0,category_7252170e0eda5c0b
B00T1T1N3Y,category_7252170e0eda5c0b
B00T2GO45A,category_7252170e0eda5c0b
B00T2HC1V8,category_7252170e0eda5c0b
B00T2HFC00,category_7252170e0eda5c0b
B00T3H1U82,category_7252170e0eda5c0b
B00T3H1UJQ,category_7252170e0eda5c0b
B00T3HC5M2,category_7252170e0eda5c0b
B00T45V7JU,category_7252170e0eda5c0b
B00T460PA6,category_7252170e0eda5c0b
B00T4EL5WU,category_7252170e0eda5c0b
B00T4VM0QI,category_7252170e0eda5c0b
B00T56MKPS,category_7252170e0eda5c0b
B00T5A0M7M,category_7252170e0eda5c0b
B00T5GT3IA,category_7252170e0eda5c0b
B00T5H905K,category_7252170e0eda5c0b
B00T5JNB26,category_7252170e0eda5c0b
B00T5KO2IW,category_7252170e0eda5c0b
B00T5KQAUU,category_7252170e0eda5c0b
B00T5YULNS,category_7252170e0eda5c0b
B00T5YV6KU,category_7252170e0eda5c0b
B00T6B4NZW,category_7252170e0eda5c0b
B00T6SXTU0,category_7252170e0eda5c0b
B00T6U10O0,category_7252170e0eda5c0b
B00T7CCOLK,category_7252170e0eda5c0b
B00T84A2KM,category_7252170e0eda5c0b
B00T871FEG,category_7252170e0eda5c0b
B00T8RH6EE,category_7252170e0eda5c0b
B00T8XOQB4,category_7252170e0eda5c0b
B00T9GVHZI,category_7252170e0eda5c0b
B00T9NSPH4,category_7252170e0eda5c0b
B00T9ZU4QM,category_7252170e0eda5c0b
B00TA30HK6,category_7252170e0eda5c0b
B00TA5JLP6,category_7252170e0eda5c0b
B00TAHJOYC,category_7252170e0eda5c0b
B00TAP453E,category_7252170e0eda5c0b
B00TAVCNN2,category_7252170e0eda5c0b
B00TBT7MM0,category_7252170e0eda5c0b
B00TBXUXPO,category_7252170e0eda5c0b
B00TBXUYLM,category_7252170e0eda5c0b
B00TBXV42A,category_7252170e0eda5c0b
B00TBYKOZC,category_7252170e0eda5c0b
B00TC5582Y,category_7252170e0eda5c0b
B00TEB1DSO,category_7252170e0eda5c0b
B00TEEDQLS,category_7252170e0eda5c0b
B00TER5KD2,category_7252170e0eda5c0b
B00TET0NAK,category_7252170e0eda5c0b
B00TF98SEW,category_7252170e0eda5c0b
B00TFWBZ30,category_7252170e0eda5c0b
B00TG27FYM,category_7252170e0eda5c0b
B00TG5YPOW,category_7252170e0eda5c0b
B00TH3QL5E,category_7252170e0eda5c0b
B00TH6AK9O,category_7252170e0eda5c0b
B00THH96Y8,category_7252170e0eda5c0b
B00THID5AI,category_7252170e0eda5c0b
B00TIFLOVW,category_7252170e0eda5c0b
B00TIHA0IS,category_7252170e0eda5c0b
B00TISI070,category_7252170e0eda5c0b
B00TIVU1B0,category_7252170e0eda5c0b
B00TKIW3R6,category_7252170e0eda5c0b
B00TKJET7W,category_7252170e0eda5c0b
B00TKP0D1C,category_7252170e0eda5c0b
B00TKTBWBI,category_7252170e0eda5c0b
B00TKYQB1E,category_7252170e0eda5c0b
B00TNGJQ6Q,category_7252170e0eda5c0b
B00TNREDHW,category_7252170e0eda5c0b
B00TOX0ODM,category_7252170e0eda5c0b
B00TPDSM4E,category_7252170e0eda5c0b
B00TPZJD0Y,category_7252170e0eda5c0b
B00TQ2DEDI,category_7252170e0eda5c0b
B00TQ7Z2R4,category_7252170e0eda5c0b
B00TQDBSPI,category_7252170e0eda5c0b
B00TQFL40U,category_7252170e0eda5c0b
B00TRLGT5S,category_7252170e0eda5c0b
B00TT3NJT8,category_7252170e0eda5c0b
B00TT7PW2G,category_7252170e0eda5c0b
B00TTS7YBC,category_7252170e0eda5c0b
B00TU9M0CS,category_7252170e0eda5c0b
B00TUAMIHO,category_7252170e0eda5c0b
B00TUDHZ5Q,category_7252170e0eda5c0b
B00TUERH6M,category_7252170e0eda5c0b
B00TUJB7GS,category_7252170e0eda5c0b
B00TUPNY9U,category_7252170e0eda5c0b
B00TUPUHF4,category_7252170e0eda5c0b
B00TWPKE8W,category_7252170e0eda5c0b
B00TWZ93CK,category_7252170e0eda5c0b
B00TWZCDLI,category_7252170e0eda5c0b
B00TXFVVM4,category_7252170e0eda5c0b
B00TZN4DK6,category_7252170e0eda5c0b
B00TZQVQ76,category_7252170e0eda5c0b
B00U0D1RJU,category_7252170e0eda5c0b
B00U0DBLLY,category_7252170e0eda5c0b
B00U18SNQE,category_7252170e0eda5c0b
B00U27Q1JU,category_7252170e0eda5c0b
B00U3KSCIO,category_7252170e0eda5c0b
B00U3M25FS,category_7252170e0eda5c0b
B00U3XWY9Y,category_7252170e0eda5c0b
B00U3ZFQVA,category_7252170e0eda5c0b
B00U49MMQM,category_7252170e0eda5c0b
B00U4MJKFU,category_7252170e0eda5c0b
B00U5J1PX2,category_7252170e0eda5c0b
B00U6AUF36,category_7252170e0eda5c0b
B00U6TD5RA,category_7252170e0eda5c0b
B00U79UMZ2,category_7252170e0eda5c0b
B00U79UPQI,category_7252170e0eda5c0b
B00U81LVZE,category_7252170e0eda5c0b
B00U8QF5JW,category_7252170e0eda5c0b
B00U97TI1Q,category_7252170e0eda5c0b
B00U9ELHM2,category_7252170e0eda5c0b
B00UA2CSH6,category_7252170e0eda5c0b
B00UA6VPMG,category_7252170e0eda5c0b
B00UB0JU5U,category_7252170e0eda5c0b
B00UB63WF8,category_7252170e0eda5c0b
B00UCMO2U0,category_7252170e0eda5c0b
B00UCYXMJ0,category_7252170e0eda5c0b
B00UDC98OO,category_7252170e0eda5c0b
B00UDTO3P6,category_7252170e0eda5c0b
B00UFPHFS0,category_7252170e0eda5c0b
B00UFVS0G0,category_7252170e0eda5c0b
B00UG7J9BS,category_7252170e0eda5c0b
B00UG9I0RU,category_7252170e0eda5c0b
B00UGEAIAC,category_7252170e0eda5c0b
B00UH9BUWQ,category_7252170e0eda5c0b
B00UHDFD3O,category_7252170e0eda5c0b
B00UHDGK5Y,category_7252170e0eda5c0b
B00UHDHC5G,category_7252170e0eda5c0b
B00UHS32VO,category_7252170e0eda5c0b
B00UI0B7KE,category_7252170e0eda5c0b
B00UI9785I,category_7252170e0eda5c0b
B00UID833A,category_7252170e0eda5c0b
B00UIV8D14,category_7252170e0eda5c0b
B00UIV9PV6,category_7252170e0eda5c0b
B00UIVFVZK,category_7252170e0eda5c0b
B00UJOSJ96,category_7252170e0eda5c0b
B00UK3FPBQ,category_7252170e0eda5c0b
B00UL6HUQA,category_7252170e0eda5c0b
B00UL8RJ1Y,category_7252170e0eda5c0b
B00ULYSRA0,category_7252170e0eda5c0b
B00UMDL61M,category_7252170e0eda5c0b
B00UMR1C0S,category_7252170e0eda5c0b
B00UNLLBJA,category_7252170e0eda5c0b
B00UNQEK3E,category_7252170e0eda5c0b
B00UOLD5IE,category_7252170e0eda5c0b
B00UOTB0JC,category_7252170e0eda5c0b
B00UQ5B92M,category_7252170e0eda5c0b
B00UQWJPAS,category_7252170e0eda5c0b
B00UQWLINA,category_7252170e0eda5c0b
B00UQWLJZ2,category_7252170e0eda5c0b
B00US42CY0,category_7252170e0eda5c0b
B00USLI2O2,category_7252170e0eda5c0b
B00USXDUT2,category_7252170e0eda5c0b
B00UTJMVXG,category_7252170e0eda5c0b
B00UTX85JQ,category_7252170e0eda5c0b
B00UV80M8Q,category_7252170e0eda5c0b
B00UVN1H6C,category_7252170e0eda5c0b
B00UVQLYA8,category_7252170e0eda5c0b
B00UVXAG50,category_7252170e0eda5c0b
B00UVZ58GA,category_7252170e0eda5c0b
B00UW28UZS,category_7252170e0eda5c0b
B00UW4ZPGI,category_7252170e0eda5c0b
B00UWRCO1Y,category_7252170e0eda5c0b
B00UWWZ9Z2,category_7252170e0eda5c0b
B00UWYZYIM,category_7252170e0eda5c0b
B00UXGUY7U,category_7252170e0eda5c0b
B00UXRA82U,category_7252170e0eda5c0b
B00UXT3GIG,category_7252170e0eda5c0b
B00UXT402W,category_7252170e0eda5c0b
B00UXWRGXE,category_7252170e0eda5c0b
B00UZ1VF3A,category_7252170e0eda5c0b
B00V3MZTT6,category_7252170e0eda5c0b
B00V3RVK3K,category_7252170e0eda5c0b
B00V45AUSW,category_7252170e0eda5c0b
B00V4AJXT4,category_7252170e0eda5c0b
B00V4HHVP0,category_7252170e0eda5c0b
B00V4HHVSW,category_7252170e0eda5c0b
B00V4HHVZK,category_7252170e0eda5c0b
B00V4HHW04,category_7252170e0eda5c0b
B00V55BEHM,category_7252170e0eda5c0b
B00V5CDD9C,category_7252170e0eda5c0b
B00V5GLBEM,category_7252170e0eda5c0b
B00V5GMZBA,category_7252170e0eda5c0b
B00V5JV3C4,category_7252170e0eda5c0b
B00V5YFCVM,category_7252170e0eda5c0b
B00V66PU66,category_7252170e0eda5c0b
B00V6FGP98,category_7252170e0eda5c0b
B00V6WFALA,category_7252170e0eda5c0b
B00V75VXR6,category_7252170e0eda5c0b
B00V7CY82G,category_7252170e0eda5c0b
B00V7HYQ3M,category_d6ac68cf358b59e5
B00V7II1AK,category_7252170e0eda5c0b
B00V7MMKXU,category_7252170e0eda5c0b
B00V7RTABK,category_7252170e0eda5c0b
B00V7VXDQE,category_7252170e0eda5c0b
B00V7Z35Z4,category_7252170e0eda5c0b
B00V8W01S0,category_7252170e0eda5c0b
B00V94Y21E,category_7252170e0eda5c0b
B00V9YN2Y2,category_7252170e0eda5c0b
B00VAJQW6Q,category_7252170e0eda5c0b
B00VDFCR52,category_7252170e0eda5c0b
B00VE1KFE0,category_7252170e0eda5c0b
B00VET9MDM,category_7252170e0eda5c0b
B00VF0HO9Y,category_7252170e0eda5c0b
B00VF30CZY,category_7252170e0eda5c0b
B00VFU35EW,category_7252170e0eda5c0b
B00VG1G0SS,category_7252170e0eda5c0b
B00VGEJIPM,category_7252170e0eda5c0b
B00VGN5XAW,category_7252170e0eda5c0b
B00VGWIYM2,category_7252170e0eda5c0b
B00VH5A4WQ,category_7252170e0eda5c0b
B00VIJE6E8,category_7252170e0eda5c0b
B00VINQMIC,category_7252170e0eda5c0b
B00VIQG7UW,category_7252170e0eda5c0b
B00VJSLYZ2,category_7252170e0eda5c0b
B00VJZSJ3U,category_7252170e0eda5c0b
B00VK65JTK,category_7252170e0eda5c0b
B00VKARK8Y,category_7252170e0eda5c0b
B00VKDSSLY,category_7252170e0eda5c0b
B00VKEP3Z2,category_7252170e0eda5c0b
B00VKEPCBC,category_7252170e0eda5c0b
B00VKEV0L8,category_7252170e0eda5c0b
B00VKXVSGG,category_7252170e0eda5c0b
B00VL0VB56,category_7252170e0eda5c0b
B00VMASUKO,category_7252170e0eda5c0b
B00VR63CT2,category_7252170e0eda5c0b
B00VRAKHEQ,category_7252170e0eda5c0b
B00VRN7962,category_7252170e0eda5c0b
B00VRTTGA8,category_7252170e0eda5c0b
B00VRTX7NA,category_7252170e0eda5c0b
B00VRYGDD6,category_7252170e0eda5c0b
B00VSCDS1M,category_7252170e0eda5c0b
B00VSDZTKY,category_7252170e0eda5c0b
B00VSPYFPC,category_7252170e0eda5c0b
B00VTLNWLI,category_7252170e0eda5c0b
B00VTSZFA2,category_7252170e0eda5c0b
B00VTVQ07G,category_7252170e0eda5c0b
B00VU0WWO6,category_7252170e0eda5c0b
B00VU2ZT2G,category_7252170e0eda5c0b
B00VUFO8X4,category_7252170e0eda5c0b
B00VVHBJCY,category_7252170e0eda5c0b
B00VVKR286,category_7252170e0eda5c0b
B00VVO3Q0A,category_7252170e0eda5c0b
B00VVRAXOE,category_7252170e0eda5c0b
B00VVV8YW8,category_7252170e0eda5c0b
B00VW8C4TO,category_7252170e0eda5c0b
B00VX5AQA0,category_7252170e0eda5c0b
B00VXQ8Q42,category_7252170e0eda5c0b
B00VY7UEL8,category_7252170e0eda5c0b
B00VZOZ9RE,category_7252170e0eda5c0b
B00W0KGGY2,category_7252170e0eda5c0b
B00W1THPAQ,category_7252170e0eda5c0b
B00W4MAD9U,category_7252170e0eda5c0b
B00W660Z4C,category_7252170e0eda5c0b
B00W6SM8HM,category_7252170e0eda5c0b
B00W75KTS4,category_7252170e0eda5c0b
B00W84M8H4,category_7252170e0eda5c0b
B00W8NE4QI,category_7252170e0eda5c0b
B00W9W18SK,category_7252170e0eda5c0b
B00WAC9T2G,category_7252170e0eda5c0b
B00WAJ9HB2,category_7252170e0eda5c0b
B00WAJB7CY,category_7252170e0eda5c0b
B00WDBOKUK,category_7252170e0eda5c0b
B00WELY180,category_7252170e0eda5c0b
B00WEN2SXS,category_7252170e0eda5c0b
B00WF6N7RA,category_7252170e0eda5c0b
B00WGJY7XY,category_7252170e0eda5c0b
B00WGKUJ8U,category_7252170e0eda5c0b
B00WGNRGTC,category_7252170e0eda5c0b
B00WH4T6L6,category_7252170e0eda5c0b
B00WH62GYS,category_7252170e0eda5c0b
B00WH8IIRK,category_7252170e0eda5c0b
B00WHIULXY,category_7252170e0eda5c0b
B00WIKX7Q4,category_7252170e0eda5c0b
B00WIXW4OC,category_7252170e0eda5c0b
B00WIYXT6S,category_7252170e0eda5c0b
B00WJ7TADA,category_7252170e0eda5c0b
B00WJHPZ8Y,category_7252170e0eda5c0b
B00WKYGF8A,category_7252170e0eda5c0b
B00WL2WMD8,category_7252170e0eda5c0b
B00WLHI8GS,category_7252170e0eda5c0b
B00WNAUEXI,category_7252170e0eda5c0b
B00WNBFT8M,category_7252170e0eda5c0b
B00WOW8UJ0,category_7252170e0eda5c0b
B00WPAQME6,category_7252170e0eda5c0b
B00WPTPNSS,category_7252170e0eda5c0b
B00WQALWHM,category_7252170e0eda5c0b
B00WQEJV6M,category_7252170e0eda5c0b
B00WQGFEXO,category_7252170e0eda5c0b
B00WR1Y14Q,category_7252170e0eda5c0b
B00WRJ72PS,category_7252170e0eda5c0b
B00WRZ46KQ,category_7252170e0eda5c0b
B00WSGRGHY,category_7252170e0eda5c0b
B00WT5S0PG,category_7252170e0eda5c0b
B00WT7ZU5W,category_7252170e0eda5c0b
B00WTE6R1Q,category_7252170e0eda5c0b
B00WULUOBW,category_7252170e0eda5c0b
B00WUNOEFM,category_7252170e0eda5c0b
B00WVYH4HA,category_7252170e0eda5c0b
B00WW8FM10,category_7252170e0eda5c0b
B00WWBCOSG,category_7252170e0eda5c0b
B00WXW97RA,category_7252170e0eda5c0b
B00WZVDO0U,category_7252170e0eda5c0b
B00X1QHOD6,category_7252170e0eda5c0b
B00X3JQ1SA,category_7252170e0eda5c0b
B00X3RMZVO,category_7252170e0eda5c0b
B00X3TCQIO,category_7252170e0eda5c0b
B00X3TTOYI,category_7252170e0eda5c0b
B00X607URW,category_7252170e0eda5c0b
B00X63PZZ8,category_7252170e0eda5c0b
B00X65R1E4,category_7252170e0eda5c0b
B00X6AOGV0,category_7252170e0eda5c0b
B00X7E1J7E,category_7252170e0eda5c0b
B00X87MEOM,category_7252170e0eda5c0b
B00X8CFLNS,category_7252170e0eda5c0b
B00X9UDGNQ,category_7252170e0eda5c0b
B00X9UDHLW,category_7252170e0eda5c0b
B00XAGWQ6C,category_7252170e0eda5c0b
B00XAOHCLS,category_7252170e0eda5c0b
B00XCZXZE8,category_7252170e0eda5c0b
B00XD8NAMQ,category_7252170e0eda5c0b
B00XDCZT4E,category_7252170e0eda5c0b
B00XDUHITA,category_7252170e0eda5c0b
B00XDW60G0,category_7252170e0eda5c0b
B00XEGDI10,category_7252170e0eda5c0b
B00XFSTVF4,category_7252170e0eda5c0b
B00XH6RI5E,category_7252170e0eda5c0b
B00XJ2D1OS,category_7252170e0eda5c0b
B00XJ2D8G4,category_7252170e0eda5c0b
B00XJH4CLO,category_7252170e0eda5c0b
B00XJTYO24,category_7252170e0eda5c0b
B00XLBP1JA,category_7252170e0eda5c0b
B00XLQB2D4,category_7252170e0eda5c0b
B00XLT4QPW,category_7252170e0eda5c0b
B00XM0UT7Y,category_7252170e0eda5c0b
B00XOSMH4M,category_7252170e0eda5c0b
B00XPP9DQE,category_7252170e0eda5c0b
B00XPQVDM0,category_7252170e0eda5c0b
B00XPRU7I0,category_7252170e0eda5c0b
B00XQ12UOY,category_7252170e0eda5c0b
B00XQ19HN6,category_7252170e0eda5c0b
B00XQEX18A,category_7252170e0eda5c0b
B00XQP2I0Q,category_7252170e0eda5c0b
B00XSSC3TW,category_7252170e0eda5c0b
B00XTTMPVQ,category_7252170e0eda5c0b
B00XTYLM56,category_7252170e0eda5c0b
B00XUSB84Q,category_7252170e0eda5c0b
B00XWNLIWG,category_7252170e0eda5c0b
B00XWU8KVQ,category_7252170e0eda5c0b
B00XYKS5OQ,category_7252170e0eda5c0b
B00XYKW74A,category_7252170e0eda5c0b
B00XYKW7S6,category_7252170e0eda5c0b
B00XYL6WJ0,category_7252170e0eda5c0b
B00XYL724E,category_7252170e0eda5c0b
B00XYL79WY,category_7252170e0eda5c0b
B00XYL85M2,category_7252170e0eda5c0b
B00XYL8LJY,category_7252170e0eda5c0b
B00XYLAYYO,category_7252170e0eda5c0b
B00XYLAZAW,category_7252170e0eda5c0b
B00XYLBKF6,category_7252170e0eda5c0b
B00XYLJWCE,category_7252170e0eda5c0b
B00XYLKVYC,category_7252170e0eda5c0b
B00XYLLXGW,category_7252170e0eda5c0b
B00XYLNWS4,category_7252170e0eda5c0b
B00XYLOKWQ,category_7252170e0eda5c0b
B00XYLPGBA,category_7252170e0eda5c0b
B00XYLPMPK,category_7252170e0eda5c0b
B00XYLPQDI,category_7252170e0eda5c0b
B00XYLTGSY,category_7252170e0eda5c0b
B00XYLZ99E,category_7252170e0eda5c0b
B00XYM2MZM,category_7252170e0eda5c0b
B00XYM4UYS,category_7252170e0eda5c0b
B00XYM54TI,category_7252170e0eda5c0b
B00XYM8CH4,category_7252170e0eda5c0b
B00XYMCEYG,category_7252170e0eda5c0b
B00XYMCRA2,category_7252170e0eda5c0b
B00XYMG1HC,category_7252170e0eda5c0b
B00XYMMZPO,category_7252170e0eda5c0b
B00XYMNZOY,category_7252170e0eda5c0b
B00XYMOJT4,category_7252170e0eda5c0b
B00XYMW2FM,category_7252170e0eda5c0b
B00XYN0XBQ,category_7252170e0eda5c0b
B00XYN28E6,category_7252170e0eda5c0b
B00XZ9QLQU,category_7252170e0eda5c0b
B00XZ9YF4A,category_7252170e0eda5c0b
B00Y09HJAQ,category_7252170e0eda5c0b
B00Y14CKRW,category_7252170e0eda5c0b
B00Y1C2CCM,category_7252170e0eda5c0b
B00Y1REAMC,category_7252170e0eda5c0b
B00Y2J20GM,category_7252170e0eda5c0b
B00Y3DF9X8,category_7252170e0eda5c0b
B00Y4B1SIE,category_7252170e0eda5c0b
B00Y5USZOO,category_7252170e0eda5c0b
B00Y5Z1ME4,category_7252170e0eda5c0b
B00Y71DURS,category_7252170e0eda5c0b
B00Y76W1LE,category_7252170e0eda5c0b
B00Y7NQSHU,category_7252170e0eda5c0b
B00Y7YQCQQ,category_7252170e0eda5c0b
B00Y7YQLAI,category_7252170e0eda5c0b
B00Y7YQV9O,category_7252170e0eda5c0b
B00Y7YR4GS,category_7252170e0eda5c0b
B00Y7YR5G2,category_7252170e0eda5c0b
B00Y7YR9WC,category_7252170e0eda5c0b
B00Y7YRHLK,category_7252170e0eda5c0b
B00Y8OFU18,category_7252170e0eda5c0b
B00Y9B042U,category_7252170e0eda5c0b
B00YAF0QY6,category_7252170e0eda5c0b
B00YAF2RJS,category_7252170e0eda5c0b
B00YAFS3F0,category_7252170e0eda5c0b
B00YB2CYFC,category_7252170e0eda5c0b
B00YBW1BK6,category_7252170e0eda5c0b
B00YBW959U,category_7252170e0eda5c0b
B00YBWDLK4,category_7252170e0eda5c0b
B00YD4YY8S,category_7252170e0eda5c0b
B00YDENQC8,category_7252170e0eda5c0b
B00YDG17D6,category_7252170e0eda5c0b
B00YE92F1A,category_7252170e0eda5c0b
B00YE966A6,category_7252170e0eda5c0b
B00YEETARW,category_7252170e0eda5c0b
B00YEHZY4M,category_7252170e0eda5c0b
B00YELTWOQ,category_7252170e0eda5c0b
B00YG3HT10,category_7252170e0eda5c0b
B00YGY600A,category_7252170e0eda5c0b
B00YI9XO8Y,category_7252170e0eda5c0b
B00YIJR9FS,category_7252170e0eda5c0b
B00YJ8OZ9G,category_7252170e0eda5c0b
B00YJJIUB4,category_7252170e0eda5c0b
B00YJUNPRC,category_7252170e0eda5c0b
B00YK0D0KI,category_7252170e0eda5c0b
B00YLLHQT2,category_7252170e0eda5c0b
B00YM2IPIG,category_7252170e0eda5c0b
B00YMP7RZU,category_7252170e0eda5c0b
B00YNKDVBI,category_7252170e0eda5c0b
B00YNQB0WE,category_7252170e0eda5c0b
B00YNRRTDW,category_7252170e0eda5c0b
B00YNSV8T2,category_7252170e0eda5c0b
B00YOJHFVK,category_7252170e0eda5c0b
B00YPPR2HA,category_7252170e0eda5c0b
B00YPWWFES,category_7252170e0eda5c0b
B00YQB5WFW,category_7252170e0eda5c0b
B00YQTQ9I8,category_7252170e0eda5c0b
B00YR36YZG,category_7252170e0eda5c0b
B00YRODWBY,category_7252170e0eda5c0b
B00YSJ3C7C,category_7252170e0eda5c0b
B00YSQ8XQK,category_7252170e0eda5c0b
B00YTICVDI,category_7252170e0eda5c0b
B00YTYG62Y,category_7252170e0eda5c0b
B00YU1TVAU,category_7252170e0eda5c0b
B00YUCVJFO,category_7252170e0eda5c0b
B00YUCX4I4,category_7252170e0eda5c0b
B00YUYIOLY,category_7252170e0eda5c0b
B00YVCWUCE,category_7252170e0eda5c0b
B00YVPI8SQ,category_7252170e0eda5c0b
B00YWFT5G4,category_7252170e0eda5c0b
B00YWFTGCC,category_7252170e0eda5c0b
B00YWFTU6O,category_7252170e0eda5c0b
B00YXX0M58,category_7252170e0eda5c0b
B00YYGP48Y,category_7252170e0eda5c0b
B00YYWAX52,category_7252170e0eda5c0b
B00YZ3AB66,category_7252170e0eda5c0b
B00YZK8ZJE,category_7252170e0eda5c0b
B00Z1QMMT0,category_d6ac68cf358b59e5
B00Z1QZ4KY,category_7252170e0eda5c0b
B00Z2TK8TM,category_7252170e0eda5c0b
B00Z2TP01S,category_7252170e0eda5c0b
B00Z7GYAMQ,category_7252170e0eda5c0b
B00Z7WJMAA,category_7252170e0eda5c0b
B00ZARBF20,category_7252170e0eda5c0b
B00ZASJKNA,category_7252170e0eda5c0b
B00ZB090B4,category_7252170e0eda5c0b
B00ZCWIU8K,category_7252170e0eda5c0b
B00ZEAH626,category_7252170e0eda5c0b
B00ZFEK4BG,category_7252170e0eda5c0b
B00ZGBAQUW,category_7252170e0eda5c0b
B00ZGYH83C,category_7252170e0eda5c0b
B00ZGYTTNE,category_7252170e0eda5c0b
B00ZH485PG,category_7252170e0eda5c0b
B00ZHYZ6EY,category_7252170e0eda5c0b
B00ZHYZ7VQ,category_7252170e0eda5c0b
B00ZI6S2CO,category_7252170e0eda5c0b
B00ZIMJXGC,category_7252170e0eda5c0b
B00ZIMK5UA,category_7252170e0eda5c0b
B00ZJ7DK24,category_7252170e0eda5c0b
B00ZJDS6AE,category_7252170e0eda5c0b
B00ZJGWA8K,category_7252170e0eda5c0b
B00ZKYVRWQ,category_7252170e0eda5c0b
B00ZMC1KV4,category_7252170e0eda5c0b
B00ZO4LL8W,category_7252170e0eda5c0b
B00ZORYBVI,category_7252170e0eda5c0b
B00ZOTKPG6,category_7252170e0eda5c0b
B00ZPSV6YQ,category_7252170e0eda5c0b
B00ZQ37XRO,category_7252170e0eda5c0b
B00ZQE1W4I,category_7252170e0eda5c0b
B00ZQGA2CY,category_7252170e0eda5c0b
B00ZR3V144,category_7252170e0eda5c0b
B00ZRNPGAO,category_7252170e0eda5c0b
B00ZRPR9BG,category_7252170e0eda5c0b
B00ZRYMPHA,category_7252170e0eda5c0b
B00ZS4NBJ0,category_7252170e0eda5c0b
B00ZS8F73Y,category_7252170e0eda5c0b
B00ZSEZLOI,category_7252170e0eda5c0b
B00ZSUMHUS,category_7252170e0eda5c0b
B00ZT5XZ62,category_7252170e0eda5c0b
B00ZT8C0G0,category_7252170e0eda5c0b
B00ZTHGFCQ,category_7252170e0eda5c0b
B00ZTY6QM8,category_7252170e0eda5c0b
B00ZUD6NNK,category_7252170e0eda5c0b
B00ZUS7000,category_7252170e0eda5c0b
B00ZV6VTCG,category_7252170e0eda5c0b
B00ZVTSZCK,category_7252170e0eda5c0b
B00ZWZD1HM,category_7252170e0eda5c0b
B00ZYWUCZC,category_7252170e0eda5c0b
B00ZZG77OQ,category_7252170e0eda5c0b
B0100SNTE0,category_7252170e0eda5c0b
B0100U8R90,category_7252170e0eda5c0b
B01019TJNI,category_7252170e0eda5c0b
B01034KQG0,category_7252170e0eda5c0b
B0104DLRR2,category_7252170e0eda5c0b
B01058ELOW,category_7252170e0eda5c0b
B0105P21SI,category_7252170e0eda5c0b
B0105SD65W,category_7252170e0eda5c0b
B010693W54,category_7252170e0eda5c0b
B0106VH910,category_7252170e0eda5c0b
B010775BB8,category_7252170e0eda5c0b
B0108UD698,category_7252170e0eda5c0b
B010ASU9VQ,category_7252170e0eda5c0b
B010B0BSN6,category_7252170e0eda5c0b
B010B5ZJOA,category_7252170e0eda5c0b
B010C7OL7S,category_7252170e0eda5c0b
B010C7Q4BO,category_7252170e0eda5c0b
B010C84MVW,category_7252170e0eda5c0b
B010C9LJ7G,category_7252170e0eda5c0b
B010CCH0IA,category_7252170e0eda5c0b
B010DBILF6,category_7252170e0eda5c0b
B010DS447I,category_7252170e0eda5c0b
B010E7LZ02,category_7252170e0eda5c0b
B010EG2JOE,category_7252170e0eda5c0b
B010ET7WAM,category_7252170e0eda5c0b
B010FOFPFU,category_7252170e0eda5c0b
B010GL5CEQ,category_7252170e0eda5c0b
B010GNW88C,category_7252170e0eda5c0b
B010GO0JUK,category_7252170e0eda5c0b
B010HL2EWS,category_7252170e0eda5c0b
B010ITYAX0,category_7252170e0eda5c0b
B010J7VQ88,category_7252170e0eda5c0b
B010J8DJD2,category_7252170e0eda5c0b
B010KQX3N4,category_7252170e0eda5c0b
B010LOEPS2,category_7252170e0eda5c0b
B010LQ8WPW,category_7252170e0eda5c0b
B010LY87KO,category_7252170e0eda5c0b
B010OUWUIU,category_7252170e0eda5c0b
B010PABBQQ,category_7252170e0eda5c0b
B010PJYJIY,category_7252170e0eda5c0b
B010Q0U0DK,category_7252170e0eda5c0b
B010QO5TBE,category_7252170e0eda5c0b
B010QXBXFG,category_7252170e0eda5c0b
B010SJCTKQ,category_7252170e0eda5c0b
B010SQOXRG,category_7252170e0eda5c0b
B010TM0I4Q,category_7252170e0eda5c0b
B010TW29FW,category_7252170e0eda5c0b
B010U9R1CA,category_7252170e0eda5c0b
B010UT9QPU,category_7252170e0eda5c0b
B010UWO8R8,category_7252170e0eda5c0b
B010V4CEPI,category_7252170e0eda5c0b
B010W0KAR0,category_7252170e0eda5c0b
B010W5D0PE,category_7252170e0eda5c0b
B010WL58OO,category_7252170e0eda5c0b
B010X7D7X6,category_7252170e0eda5c0b
B010X7D7YK,category_7252170e0eda5c0b
B010X8KUY4,category_7252170e0eda5c0b
B010X8UAJY,category_7252170e0eda5c0b
B011057VHI,category_7252170e0eda5c0b
B011340D4O,category_7252170e0eda5c0b
B01136XKJ2,category_7252170e0eda5c0b
B0113BF8NI,category_7252170e0eda5c0b
B0113X8FOU,category_7252170e0eda5c0b
B0114DCVGW,category_7252170e0eda5c0b
B0115NNAAW,category_7252170e0eda5c0b
B0116NG0BM,category_7252170e0eda5c0b
B0116QOQ7Y,category_7252170e0eda5c0b
B0117N99AK,category_7252170e0eda5c0b
B0117TKQUG,category_7252170e0eda5c0b
B0117TKQVK,category_7252170e0eda5c0b
B0117V30BQ,category_7252170e0eda5c0b
B0117YOW9C,category_7252170e0eda5c0b
B0117Z07UE,category_7252170e0eda5c0b
B0117Z0DLM,category_7252170e0eda5c0b
B01183QQDW,category_7252170e0eda5c0b
B011850L2W,category_7252170e0eda5c0b
B011933WJM,category_7252170e0eda5c0b
B011954TM4,category_7252170e0eda5c0b
B0119551JY,category_7252170e0eda5c0b
B01195J43I,category_7252170e0eda5c0b
B01197JO54,category_7252170e0eda5c0b
B0119KOUE6,category_7252170e0eda5c0b
B011ATRBCE,category_7252170e0eda5c0b
B011AZLQ4C,category_7252170e0eda5c0b
B011CS35QE,category_7252170e0eda5c0b
B011D4Z30S,category_7252170e0eda5c0b
B011D5MG1G,category_7252170e0eda5c0b
B011FBTV2A,category_7252170e0eda5c0b
B011FOMO94,category_7252170e0eda5c0b
B011FR6ZGO,category_7252170e0eda5c0b
B011HY5796,category_7252170e0eda5c0b
B011I5YP9W,category_7252170e0eda5c0b
B011I9FUNS,category_7252170e0eda5c0b
B011IDM38Y,category_7252170e0eda5c0b
B011J5KIWE,category_7252170e0eda5c0b
B011J6LCCS,category_7252170e0eda5c0b
B011KJ084M,category_7252170e0eda5c0b
B011KW8I00,category_7252170e0eda5c0b
B011MTR5QO,category_7252170e0eda5c0b
B011PIMFP8,category_7252170e0eda5c0b
B011PPLCUU,category_7252170e0eda5c0b
B011PU2S62,category_7252170e0eda5c0b
B011QJ3CD0,category_7252170e0eda5c0b
B011VXJHXU,category_7252170e0eda5c0b
B011WAO4PI,category_7252170e0eda5c0b
B011XUJR1I,category_7252170e0eda5c0b
B011Y5NZ4W,category_7252170e0eda5c0b
B0120O7F60,category_7252170e0eda5c0b
B01228N15I,category_7252170e0eda5c0b
B01258YGRM,category_7252170e0eda5c0b
B0125FZIFO,category_7252170e0eda5c0b
B0128EVZDG,category_7252170e0eda5c0b
B012B3DFKU,category_7252170e0eda5c0b
B012BGWW74,category_7252170e0eda5c0b
B012CWAP94,category_7252170e0eda5c0b
B012E67MH6,category_7252170e0eda5c0b
B012E8AO10,category_7252170e0eda5c0b
B012EJH8MM,category_7252170e0eda5c0b
B012GJPEZ8,category_7252170e0eda5c0b
B012GKBNFM,category_7252170e0eda5c0b
B012H0NKE8,category_7252170e0eda5c0b
B012H5ED8U,category_7252170e0eda5c0b
B012HHZ562,category_7252170e0eda5c0b
B012HUFAJQ,category_7252170e0eda5c0b
B012J7SKO4,category_7252170e0eda5c0b
B012LNEXY2,category_7252170e0eda5c0b
B012LNQM2I,category_7252170e0eda5c0b
B012MCRSOY,category_7252170e0eda5c0b
B012MU25AS,category_7252170e0eda5c0b
B012NC4H06,category_7252170e0eda5c0b
B012NTHC7Y,category_7252170e0eda5c0b
B012OJ7M3C,category_7252170e0eda5c0b
B012OQIFKO,category_7252170e0eda5c0b
B012POL9Q2,category_7252170e0eda5c0b
B012PXXQHI,category_7252170e0eda5c0b
B012R56W5C,category_7252170e0eda5c0b
B012R8TWYW,category_7252170e0eda5c0b
B012SN5IQW,category_7252170e0eda5c0b
B012TSDT1W,category_7252170e0eda5c0b
B012TSVONC,category_7252170e0eda5c0b
B012TT73AO,category_7252170e0eda5c0b
B012V77VHE,category_7252170e0eda5c0b
B012VY5HGO,category_7252170e0eda5c0b
B012XVTP8Q,category_7252170e0eda5c0b
B012Y6Q416,category_7252170e0eda5c0b
B012YDKU8W,category_7252170e0eda5c0b
B012YJ1A3K,category_7252170e0eda5c0b
B0130RZ2HK,category_7252170e0eda5c0b
B0131BTI98,category_7252170e0eda5c0b
B0131C3HWQ,category_7252170e0eda5c0b
B0132SDO2W,category_7252170e0eda5c0b
B0134J3EME,category_7252170e0eda5c0b
B0137GD0CS,category_7252170e0eda5c0b
B0137I69NI,category_7252170e0eda5c0b
B0137XTAHU,category_7252170e0eda5c0b
B0139TUKD0,category_7252170e0eda5c0b
B013AA1IUC,category_7252170e0eda5c0b
B013ALDYQ2,category_7252170e0eda5c0b
B013AQUC4E,category_7252170e0eda5c0b
B013B1KRKM,category_7252170e0eda5c0b
B013D1HFZU,category_7252170e0eda5c0b
B013DSH7VA,category_7252170e0eda5c0b
B013EX93RK,category_7252170e0eda5c0b
B013F0JU7U,category_7252170e0eda5c0b
B013F9YRNI,category_7252170e0eda5c0b
B013FFEV9W,category_7252170e0eda5c0b
B013GCHMH2,category_7252170e0eda5c0b
B013GGDV3C,category_7252170e0eda5c0b
B013GOKKW4,category_7252170e0eda5c0b
B013GPUEU6,category_7252170e0eda5c0b
B013GTLEKQ,category_7252170e0eda5c0b
B013HADG64,category_7252170e0eda5c0b
B013HCTUM6,category_7252170e0eda5c0b
B013HDOV92,category_7252170e0eda5c0b
B013HEF2IK,category_7252170e0eda5c0b
B013HEI4IU,category_7252170e0eda5c0b
B013HT6VDU,category_7252170e0eda5c0b
B013IIV9CI,category_7252170e0eda5c0b
B013J0NH5C,category_7252170e0eda5c0b
B013KOC5TQ,category_7252170e0eda5c0b
B013L800JI,category_7252170e0eda5c0b
B013LIGXYO,category_7252170e0eda5c0b
B013LOZ3XU,category_7252170e0eda5c0b
B013M4VZ9K,category_7252170e0eda5c0b
B013M6LNJU,category_7252170e0eda5c0b
B013M86EJM,category_7252170e0eda5c0b
B013MD85AS,category_7252170e0eda5c0b
B013MFDB3W,category_7252170e0eda5c0b
B013MGSY6A,category_7252170e0eda5c0b
B013MIKFDS,category_7252170e0eda5c0b
B013NTIICG,category_7252170e0eda5c0b
B013OIPGB2,category_7252170e0eda5c0b
B013OMEHWM,category_7252170e0eda5c0b
B013P9IEQ4,category_7252170e0eda5c0b
B013PUWKDG,category_7252170e0eda5c0b
B013Q9HRW0,category_7252170e0eda5c0b
B013QH6LHY,category_7252170e0eda5c0b
B013QN7XBG,category_7252170e0eda5c0b
B013R45J2Y,category_7252170e0eda5c0b
B013RADNTO,category_7252170e0eda5c0b
B013RGDZLY,category_7252170e0eda5c0b
B013RJY9A2,category_7252170e0eda5c0b
B013S9U5E0,category_7252170e0eda5c0b
B013SRINXM,category_7252170e0eda5c0b
B013TBN52G,category_7252170e0eda5c0b
B013TDEM3A,category_7252170e0eda5c0b
B013TGGYMO,category_7252170e0eda5c0b
B013TQS0DK,category_7252170e0eda5c0b
B013TSB0OO,category_7252170e0eda5c0b
B013TU42KQ,category_7252170e0eda5c0b
B013UB29PE,category_7252170e0eda5c0b
B013UDRZ9M,category_7252170e0eda5c0b
B013UPS3E6,category_7252170e0eda5c0b
B013VPQ298,category_7252170e0eda5c0b
B013VPSOR6,category_7252170e0eda5c0b
B013VUW7E2,category_7252170e0eda5c0b
B013WHRX7K,category_7252170e0eda5c0b
B013XBAQIS,category_7252170e0eda5c0b
B013XH5Q5U,category_7252170e0eda5c0b
B013YM3BT2,category_7252170e0eda5c0b
B013ZA7PZY,category_7252170e0eda5c0b
B013ZHPLJO,category_7252170e0eda5c0b
B0140EEAX4,category_7252170e0eda5c0b
B0142WR8MO,category_7252170e0eda5c0b
B0143CD6RO,category_7252170e0eda5c0b
B0143FDM2U,category_7252170e0eda5c0b
B0143MNQVK,category_7252170e0eda5c0b
B01444CA1Y,category_7252170e0eda5c0b
B01447J06Y,category_7252170e0eda5c0b
B0144PJO12,category_7252170e0eda5c0b
B01453A6YW,category_7252170e0eda5c0b
B0145MJV4E,category_7252170e0eda5c0b
B0145Q5OLY,category_7252170e0eda5c0b
B0145UGRTS,category_7252170e0eda5c0b
B0145XI8RO,category_7252170e0eda5c0b
B01461041I,category_7252170e0eda5c0b
B01462T7BU,category_7252170e0eda5c0b
B014647X7I,category_7252170e0eda5c0b
B01464K5TG,category_7252170e0eda5c0b
B0146ARD6S,category_7252170e0eda5c0b
B0146F7B92,category_7252170e0eda5c0b
B0147DW46I,category_7252170e0eda5c0b
B0147EARPW,category_7252170e0eda5c0b
B0147GOX0K,category_7252170e0eda5c0b
B0147I957O,category_7252170e0eda5c0b
B0147I95YM,category_7252170e0eda5c0b
B0147KM3ZI,category_7252170e0eda5c0b
B01488Z1JE,category_7252170e0eda5c0b
B014896KO8,category_7252170e0eda5c0b
B01494L880,category_7252170e0eda5c0b
B01497J64U,category_7252170e0eda5c0b
B0149DPTPY,category_7252170e0eda5c0b
B0149DT3WY,category_7252170e0eda5c0b
B0149KTLNI,category_7252170e0eda5c0b
B0149KX026,category_7252170e0eda5c0b
B0149L2P3K,category_7252170e0eda5c0b
B014A17KUM,category_7252170e0eda5c0b
B014AGJHUS,category_7252170e0eda5c0b
B014AH8CBW,category_7252170e0eda5c0b
B014BPDDZI,category_7252170e0eda5c0b
B014C6ECEM,category_7252170e0eda5c0b
B014D1OR7S,category_7252170e0eda5c0b
B014F3H46A,category_7252170e0eda5c0b
B014G7QRKO,category_7252170e0eda5c0b
B014G9BI8I,category_7252170e0eda5c0b
B014GCS7MK,category_7252170e0eda5c0b
B014GJUCYE,category_7252170e0eda5c0b
B014GJUEEC,category_7252170e0eda5c0b
B014GQVL0Q,category_7252170e0eda5c0b
B014HZ218M,category_7252170e0eda5c0b
B014I59EBI,category_7252170e0eda5c0b
B014IAITHI,category_7252170e0eda5c0b
B014IVX7G0,category_7252170e0eda5c0b
B014JOL9MA,category_7252170e0eda5c0b
B014KT2EIC,category_7252170e0eda5c0b
B014LOJYH0,category_7252170e0eda5c0b
B014LQGL1K,category_7252170e0eda5c0b
B014LVLT7G,category_7252170e0eda5c0b
B014LYBA9K,category_7252170e0eda5c0b
B014MLQFRE,category_7252170e0eda5c0b
B014MSV5UE,category_7252170e0eda5c0b
B014N56XZI,category_7252170e0eda5c0b
B014N7WPOY,category_7252170e0eda5c0b
B014N7WPUI,category_7252170e0eda5c0b
B014OGYNX0,category_7252170e0eda5c0b
B014OJPW1Y,category_7252170e0eda5c0b
B014ORBVDE,category_7252170e0eda5c0b
B014Q2KKVQ,category_7252170e0eda5c0b
B014Q32GPS,category_7252170e0eda5c0b
B014QJPAO6,category_7252170e0eda5c0b
B014QZKC84,category_7252170e0eda5c0b
B014RD3W50,category_7252170e0eda5c0b
B014RUTCK2,category_7252170e0eda5c0b
B014S5VT6Q,category_7252170e0eda5c0b
B014T3QBLK,category_7252170e0eda5c0b
B014T5EUTI,category_7252170e0eda5c0b
B014TA44OO,category_7252170e0eda5c0b
B014V33JM2,category_7252170e0eda5c0b
B014V9HG5W,category_7252170e0eda5c0b
B014VC4O5E,category_7252170e0eda5c0b
B014W54USQ,category_7252170e0eda5c0b
B014XOR0L0,category_7252170e0eda5c0b
B014YYVYR0,category_7252170e0eda5c0b
B014Z8DG12,category_7252170e0eda5c0b
B014ZVB2TM,category_7252170e0eda5c0b
B015019IWO,category_7252170e0eda5c0b
B0152VPE7A,category_7252170e0eda5c0b
B0153QL1JE,category_7252170e0eda5c0b
B0153S8W44,category_7252170e0eda5c0b
B015420XI2,category_7252170e0eda5c0b
B015424DHO,category_7252170e0eda5c0b
B0154BI2R2,category_7252170e0eda5c0b
B0154FJHYK,category_7252170e0eda5c0b
B01555WAOS,category_7252170e0eda5c0b
B0155K430M,category_7252170e0eda5c0b
B0155KLMCO,category_7252170e0eda5c0b
B0155LI2I0,category_7252170e0eda5c0b
B0155VU5NK,category_7252170e0eda5c0b
B0155W0Y3A,category_7252170e0eda5c0b
B0156H2G58,category_7252170e0eda5c0b
B015787P66,category_7252170e0eda5c0b
B0157CHSIW,category_7252170e0eda5c0b
B0157DM7WS,category_7252170e0eda5c0b
B0157RDONA,category_7252170e0eda5c0b
B0158GA5SC,category_7252170e0eda5c0b
B0158YFM78,category_7252170e0eda5c0b
B0158ZIZ44,category_7252170e0eda5c0b
B01591Z23E,category_7252170e0eda5c0b
B0159D9ZJ4,category_7252170e0eda5c0b
B0159TSREM,category_7252170e0eda5c0b
B015AA25CA,category_7252170e0eda5c0b
B015AEIYS0,category_7252170e0eda5c0b
B015AERUM6,category_7252170e0eda5c0b
B015AJKVCC,category_7252170e0eda5c0b
B015C5MBAO,category_7252170e0eda5c0b
B015CSKJ5K,category_7252170e0eda5c0b
B015CSZEVY,category_7252170e0eda5c0b
B015CYZC92,category_7252170e0eda5c0b
B015CZFDBI,category_7252170e0eda5c0b
B015D0AJZM,category_7252170e0eda5c0b
B015D0NC3S,category_7252170e0eda5c0b
B015D461V4,category_7252170e0eda5c0b
B015D5UDH6,category_7252170e0eda5c0b
B015DRJBMM,category_7252170e0eda5c0b
B015E1HCBE,category_7252170e0eda5c0b
B015E1HCN2,category_7252170e0eda5c0b
B015EUL6HG,category_7252170e0eda5c0b
B015F81OQ0,category_7252170e0eda5c0b
B015G3FWHG,category_7252170e0eda5c0b
B015G8UJ4W,category_7252170e0eda5c0b
B015GGRETW,category_7252170e0eda5c0b
B015GQBHUY,category_7252170e0eda5c0b
B015GRRXDS,category_7252170e0eda5c0b
B015GYLKN0,category_7252170e0eda5c0b
B015HLJF0W,category_7252170e0eda5c0b
B015HYW8L2,category_7252170e0eda5c0b
B015IK0NJ4,category_7252170e0eda5c0b
B015IO4MOW,category_7252170e0eda5c0b
B015KCO2CY,category_7252170e0eda5c0b
B015LER9TY,category_7252170e0eda5c0b
B015LERHCI,category_7252170e0eda5c0b
B015LERJHG,category_7252170e0eda5c0b
B015LES92K,category_7252170e0eda5c0b
B015MTK5J4,category_7252170e0eda5c0b
B015MTPESQ,category_7252170e0eda5c0b
B015N6GYR8,category_7252170e0eda5c0b
B015NZ86WA,category_7252170e0eda5c0b
B015OWMLTG,category_7252170e0eda5c0b
B015P0CB4W,category_7252170e0eda5c0b
B015PBKWME,category_7252170e0eda5c0b
B015PCFI0Y,category_7252170e0eda5c0b
B015PS18MU,category_7252170e0eda5c0b
B015PSL050,category_7252170e0eda5c0b
B015PY41AA,category_7252170e0eda5c0b
B015QOVN2I,category_7252170e0eda5c0b
B015QSOGC8,category_7252170e0eda5c0b
B015R2LCZC,category_7252170e0eda5c0b
B015RMGH6G,category_7252170e0eda5c0b
B015RS1BVG,category_7252170e0eda5c0b
B015RYLKQ6,category_7252170e0eda5c0b
B015RYLUVQ,category_7252170e0eda5c0b
B015SQ4JHU,category_7252170e0eda5c0b
B015ST02GY,category_7252170e0eda5c0b
B015T4W2S4,category_7252170e0eda5c0b
B015TB4AQE,category_7252170e0eda5c0b
B015TC7150,category_7252170e0eda5c0b
B015TJVGC2,category_7252170e0eda5c0b
B015TOA538,category_7252170e0eda5c0b
B015U06YYU,category_7252170e0eda5c0b
B015U5VCEW,category_7252170e0eda5c0b
B015UEVAYA,category_7252170e0eda5c0b
B015W7U8YI,category_7252170e0eda5c0b
B015WAUOEY,category_7252170e0eda5c0b
B015WAUOQW,category_7252170e0eda5c0b
B015WL408O,category_7252170e0eda5c0b
B015X4I7G6,category_7252170e0eda5c0b
B015XRG51M,category_7252170e0eda5c0b
B015XTE2VK,category_7252170e0eda5c0b
B015Y3KXEA,category_7252170e0eda5c0b
B015Z4QCF2,category_7252170e0eda5c0b
B015Z4QCXO,category_7252170e0eda5c0b
B015ZJO20O,category_7252170e0eda5c0b
B01602HGT4,category_7252170e0eda5c0b
B0160I9OLQ,category_7252170e0eda5c0b
B0160X3CZ0,category_7252170e0eda5c0b
B0161HWM1K,category_7252170e0eda5c0b
B0161RRX5A,category_7252170e0eda5c0b
B0161S1JKY,category_7252170e0eda5c0b
B0161UH29E,category_7252170e0eda5c0b
B0161XJ780,category_7252170e0eda5c0b
B01636G5SK,category_7252170e0eda5c0b
B0163DC27Q,category_7252170e0eda5c0b
B0163HWRKE,category_7252170e0eda5c0b
B0163J25BI,category_7252170e0eda5c0b
B0163S3A2C,category_7252170e0eda5c0b
B0164QWWDQ,category_d6ac68cf358b59e5
B0164RQEHK,category_7252170e0eda5c0b
B0164UMXZE,category_7252170e0eda5c0b
B01653OXOE,category_7252170e0eda5c0b
B01660BU6U,category_7252170e0eda5c0b
B01663ASGU,category_7252170e0eda5c0b
B0166NSJHK,category_7252170e0eda5c0b
B0166R6XBU,category_7252170e0eda5c0b
B0167GS66A,category_7252170e0eda5c0b
B0167HTXGQ,category_d6ac68cf358b59e5
B0167JYAXU,category_7252170e0eda5c0b
B0167JZ624,category_7252170e0eda5c0b
B0167K4T76,category_7252170e0eda5c0b
B0167K79AK,category_7252170e0eda5c0b
B0167PH8V0,category_7252170e0eda5c0b
B0167XBHO6,category_7252170e0eda5c0b
B0168BTGO0,category_7252170e0eda5c0b
B0168CD7US,category_7252170e0eda5c0b
B0168LM53E,category_7252170e0eda5c0b
B01690CEE4,category_7252170e0eda5c0b
B01695MZ9S,category_7252170e0eda5c0b
B01698J8IQ,category_7252170e0eda5c0b
B01698JAAW,category_7252170e0eda5c0b
B01698JDDQ,category_7252170e0eda5c0b
B01698JO1C,category_7252170e0eda5c0b
B01698K8W6,category_7252170e0eda5c0b
B0169KHSRC,category_7252170e0eda5c0b
B0169VK0E4,category_7252170e0eda5c0b
B0169Y84JE,category_7252170e0eda5c0b
B016AAOG5S,category_7252170e0eda5c0b
B016AEIVFU,category_7252170e0eda5c0b
B016AM5D4O,category_7252170e0eda5c0b
B016APMMQI,category_7252170e0eda5c0b
B016APP4B8,category_7252170e0eda5c0b
B016ARCL08,category_7252170e0eda5c0b
B016ASIBRY,category_7252170e0eda5c0b
B016AT08A6,category_7252170e0eda5c0b
B016AVFGJC,category_7252170e0eda5c0b
B016AVIQEO,category_7252170e0eda5c0b
B016B6LZU0,category_7252170e0eda5c0b
B016C68ARU,category_7252170e0eda5c0b
B016D604LY,category_7252170e0eda5c0b
B016D6UYBE,category_7252170e0eda5c0b
B016DN5I9U,category_7252170e0eda5c0b
B016DQD920,category_7252170e0eda5c0b
B016DX2CMG,category_7252170e0eda5c0b
B016E9PS20,category_7252170e0eda5c0b
B016EZULGM,category_7252170e0eda5c0b
B016FKBPZ2,category_7252170e0eda5c0b
B016G7APCS,category_7252170e0eda5c0b
B016G7ATII,category_7252170e0eda5c0b
B016HC51DA,category_7252170e0eda5c0b
B016I39D1E,category_7252170e0eda5c0b
B016K6VDZI,category_7252170e0eda5c0b
B016LLH7CA,category_7252170e0eda5c0b
B016LNR54I,category_7252170e0eda5c0b
B016LX97YE,category_7252170e0eda5c0b
B016MNB4HQ,category_7252170e0eda5c0b
B016MXBTIK,category_7252170e0eda5c0b
B016NBMAYS,category_7252170e0eda5c0b
B016NEUDQW,category_7252170e0eda5c0b
B016NU8ACK,category_7252170e0eda5c0b
B016OQ4GGC,category_7252170e0eda5c0b
B016OUIQ64,category_7252170e0eda5c0b
B016OV1XEK,category_7252170e0eda5c0b
B016OWPVWE,category_7252170e0eda5c0b
B016PANZLO,category_7252170e0eda5c0b
B016PCKDW6,category_7252170e0eda5c0b
B016PHPEHK,category_7252170e0eda5c0b
B016PJO82A,category_7252170e0eda5c0b
B016PQAG6U,category_7252170e0eda5c0b
B016QLV44W,category_7252170e0eda5c0b
B016QQTNWW,category_7252170e0eda5c0b
B016QSRFKM,category_7252170e0eda5c0b
B016R0UMD6,category_7252170e0eda5c0b
B016RMA77U,category_7252170e0eda5c0b
B016SQT6YU,category_7252170e0eda5c0b
B016TNVK4Q,category_7252170e0eda5c0b
B016U4AKGI,category_7252170e0eda5c0b
B016UCUW2M,category_7252170e0eda5c0b
B016UCUYOI,category_7252170e0eda5c0b
B016USU3ZW,category_d6ac68cf358b59e5
B016V17FMW,category_7252170e0eda5c0b
B016V2K5LO,category_7252170e0eda5c0b
B016WA2BVW,category_7252170e0eda5c0b
B016WF05KQ,category_7252170e0eda5c0b
B016X12138,category_7252170e0eda5c0b
B016XR8MVW,category_7252170e0eda5c0b
B016YAMKWA,category_7252170e0eda5c0b
B016YKSNL2,category_7252170e0eda5c0b
B016Z9JP8M,category_7252170e0eda5c0b
B016ZES556,category_7252170e0eda5c0b
B016ZRHH52,category_7252170e0eda5c0b
B016ZTLRR4,category_7252170e0eda5c0b
B01700XMRA,category_7252170e0eda5c0b
B0170CDLRE,category_7252170e0eda5c0b
B0170DJ370,category_7252170e0eda5c0b
B0170LTXM2,category_7252170e0eda5c0b
B0170W4L64,category_7252170e0eda5c0b
B0171AQKHI,category_7252170e0eda5c0b
B0171Y4JN6,category_7252170e0eda5c0b
B01728D3RO,category_7252170e0eda5c0b
B0172H73HG,category_7252170e0eda5c0b
B0172XKTBC,category_7252170e0eda5c0b
B0172XKTH6,category_7252170e0eda5c0b
B0175LTX22,category_7252170e0eda5c0b
B0176639X0,category_7252170e0eda5c0b
B01767V68O,category_7252170e0eda5c0b
B0176C6JV8,category_7252170e0eda5c0b
B0176SG54I,category_7252170e0eda5c0b
B0176V14FU,category_7252170e0eda5c0b
B017775454,category_7252170e0eda5c0b
B01777TUVS,category_7252170e0eda5c0b
B0177RLJ1W,category_7252170e0eda5c0b
B0178I16CW,category_7252170e0eda5c0b
B0178JZSFC,category_7252170e0eda5c0b
B0178WVZW4,category_7252170e0eda5c0b
B0178ZPGTY,category_7252170e0eda5c0b
B01798I2KA,category_7252170e0eda5c0b
B0179JU2S4,category_7252170e0eda5c0b
B017A0PAFW,category_7252170e0eda5c0b
B017A2KLFY,category_7252170e0eda5c0b
B017ADL90E,category_7252170e0eda5c0b
B017AF48VY,category_7252170e0eda5c0b
B017BG6540,category_7252170e0eda5c0b
B017BGO1ZU,category_7252170e0eda5c0b
B017BI89J2,category_7252170e0eda5c0b
B017C0KD5W,category_7252170e0eda5c0b
B017C0PVJA,category_7252170e0eda5c0b
B017C6ILDW,category_7252170e0eda5c0b
B017C6IPIS,category_7252170e0eda5c0b
B017COUCKO,category_7252170e0eda5c0b
B017CPH0IA,category_7252170e0eda5c0b
B017CPH0IK,category_7252170e0eda5c0b
B017D4VMPM,category_7252170e0eda5c0b
B017DC8EC8,category_7252170e0eda5c0b
B017DNFGRS,category_7252170e0eda5c0b
B017E6UCY6,category_7252170e0eda5c0b
B017F2OH2M,category_7252170e0eda5c0b
B017F6BZH8,category_7252170e0eda5c0b
B017FYTGJ4,category_7252170e0eda5c0b
B017G9220S,category_7252170e0eda5c0b
B017GUC15S,category_7252170e0eda5c0b
B017H5RDDW,category_7252170e0eda5c0b
B017H8OIHI,category_7252170e0eda5c0b
B017HJM3TM,category_7252170e0eda5c0b
B017HNUCF0,category_7252170e0eda5c0b
B017HYB31G,category_7252170e0eda5c0b
B017HYB3QG,category_7252170e0eda5c0b
B017I3QBJK,category_7252170e0eda5c0b
B017IOMPP8,category_7252170e0eda5c0b
B017J17QQ8,category_7252170e0eda5c0b
B017JCMW20,category_7252170e0eda5c0b
B017JK62UA,category_7252170e0eda5c0b
B017JO1TXQ,category_7252170e0eda5c0b
B017JPCGSM,category_7252170e0eda5c0b
B017JSZKGY,category_7252170e0eda5c0b
B017JWN9JU,category_7252170e0eda5c0b
B017K9XWM6,category_7252170e0eda5c0b
B017KJJCJS,category_7252170e0eda5c0b
B017KQGW8A,category_7252170e0eda5c0b
B017KQGW9E,category_7252170e0eda5c0b
B017KQGX16,category_7252170e0eda5c0b
B017L00K60,category_7252170e0eda5c0b
B017LL1LP8,category_7252170e0eda5c0b
B017LNP3ZK,category_7252170e0eda5c0b
B017LQVQMQ,category_7252170e0eda5c0b
B017LQVQP8,category_7252170e0eda5c0b
B017M3FY76,category_7252170e0eda5c0b
B017M402PO,category_7252170e0eda5c0b
B017MA94NO,category_7252170e0eda5c0b
B017MGE8Y8,category_7252170e0eda5c0b
B017MHHAVU,category_7252170e0eda5c0b
B017MNT1AM,category_7252170e0eda5c0b
B017MP0ZQO,category_7252170e0eda5c0b
B017MTH7NE,category_7252170e0eda5c0b
B017NGT7SO,category_7252170e0eda5c0b
B017O0KE3G,category_7252170e0eda5c0b
B017O6HV6I,category_7252170e0eda5c0b
B017OADAAA,category_7252170e0eda5c0b
B017OIXTDK,category_7252170e0eda5c0b
B017ONBBVW,category_7252170e0eda5c0b
B017OW3TJA,category_7252170e0eda5c0b
B017PGBVZY,category_7252170e0eda5c0b
B017POUOGI,category_7252170e0eda5c0b
B017Q0SBLQ,category_7252170e0eda5c0b
B017QJGIYE,category_7252170e0eda5c0b
B017RJUVLY,category_7252170e0eda5c0b
B017RKST0I,category_7252170e0eda5c0b
B017RPZG8Q,category_7252170e0eda5c0b
B017RWPKDK,category_7252170e0eda5c0b
B017SR7RVM,category_7252170e0eda5c0b
B017TRA3LC,category_7252170e0eda5c0b
B017TYNBZA,category_7252170e0eda5c0b
B017U2Z8BG,category_7252170e0eda5c0b
B017U7XJ9O,category_7252170e0eda5c0b
B017U9E9OG,category_7252170e0eda5c0b
B017UAB5BK,category_7252170e0eda5c0b
B017UESP64,category_7252170e0eda5c0b
B017UFHCPI,category_7252170e0eda5c0b
B017UXLQGQ,category_7252170e0eda5c0b
B017V5AI5I,category_7252170e0eda5c0b
B017WEJRU0,category_7252170e0eda5c0b
B017WGYOO2,category_7252170e0eda5c0b
B017WLQMNI,category_7252170e0eda5c0b
B017WO0XEO,category_7252170e0eda5c0b
B017XEP2EY,category_7252170e0eda5c0b
B017XTCA30,category_7252170e0eda5c0b
B017XVBLGU,category_7252170e0eda5c0b
B017XW5CXW,category_7252170e0eda5c0b
B017XZCJ7G,category_7252170e0eda5c0b
B017Y1147A,category_7252170e0eda5c0b
B017Y6EC38,category_7252170e0eda5c0b
B017YVN5H2,category_7252170e0eda5c0b
B017Z11QK4,category_7252170e0eda5c0b
B01800LTG0,category_7252170e0eda5c0b
B0180VBNWO,category_7252170e0eda5c0b
B01814HD5G,category_7252170e0eda5c0b
B0181LWMXW,category_7252170e0eda5c0b
B0181M827G,category_7252170e0eda5c0b
B0181ML7X2,category_7252170e0eda5c0b
B0182HILM6,category_7252170e0eda5c0b
B0182RH3TI,category_7252170e0eda5c0b
B0182WGHUE,category_7252170e0eda5c0b
B0182Y1IUG,category_7252170e0eda5c0b
B0183UEWWK,category_7252170e0eda5c0b
B0183UYAUY,category_7252170e0eda5c0b
B0184276JS,category_7252170e0eda5c0b
B01849RRZO,category_7252170e0eda5c0b
B01849SFFK,category_7252170e0eda5c0b
B0184RMLBQ,category_7252170e0eda5c0b
B0184V5RP4,category_7252170e0eda5c0b
B01850QOWE,category_7252170e0eda5c0b
B0185EGNXA,category_7252170e0eda5c0b
B0185KGBJK,category_7252170e0eda5c0b
B0185LCODG,category_7252170e0eda5c0b
B0185WU0M2,category_7252170e0eda5c0b
B01868M7BM,category_7252170e0eda5c0b
B0186AH6VG,category_7252170e0eda5c0b
B0186C71NC,category_7252170e0eda5c0b
B0186DN9I2,category_7252170e0eda5c0b
B0186I1X4Y,category_7252170e0eda5c0b
B0186IKCV4,category_7252170e0eda5c0b
B0186X17FY,category_7252170e0eda5c0b
B01880U5XU,category_7252170e0eda5c0b
B01881GKCE,category_7252170e0eda5c0b
B0188VK4V2,category_7252170e0eda5c0b
B0188Z0DWI,category_7252170e0eda5c0b
B0189HC87S,category_7252170e0eda5c0b
B0189JZJLS,category_7252170e0eda5c0b
B0189N77SC,category_7252170e0eda5c0b
B0189RFU3W,category_7252170e0eda5c0b
B0189RFU50,category_7252170e0eda5c0b
B018AJ02M8,category_7252170e0eda5c0b
B018AJN3L0,category_7252170e0eda5c0b
B018ASU0CQ,category_7252170e0eda5c0b
B018B8J3NM,category_7252170e0eda5c0b
B018BTI9CM,category_7252170e0eda5c0b
B018CTB7PC,category_7252170e0eda5c0b
B018CWYPZS,category_7252170e0eda5c0b
B018D6GUN8,category_7252170e0eda5c0b
B018EMIT8K,category_7252170e0eda5c0b
B018EPHR4Y,category_7252170e0eda5c0b
B018EUHY2E,category_7252170e0eda5c0b
B018EYHDTY,category_7252170e0eda5c0b
B018F3NAAA,category_7252170e0eda5c0b
B018FX1KAM,category_7252170e0eda5c0b
B018G52QZW,category_7252170e0eda5c0b
B018GGH89U,category_7252170e0eda5c0b
B018HQK6FM,category_7252170e0eda5c0b
B018I2OJTY,category_7252170e0eda5c0b
B018IL4KT4,category_7252170e0eda5c0b
B018IMGZM8,category_7252170e0eda5c0b
B018IMMB08,category_7252170e0eda5c0b
B018ISCKXA,category_7252170e0eda5c0b
B018IVD9FK,category_7252170e0eda5c0b
B018IVRI52,category_7252170e0eda5c0b
B018IW6ADM,category_7252170e0eda5c0b
B018IXCL3Y,category_7252170e0eda5c0b
B018IYZA04,category_7252170e0eda5c0b
B018IZUQTI,category_7252170e0eda5c0b
B018KK70SQ,category_7252170e0eda5c0b
B018KT0KY8,category_7252170e0eda5c0b
B018KT5CMS,category_7252170e0eda5c0b
B018KV5UGO,category_7252170e0eda5c0b
B018N2UUZ6,category_7252170e0eda5c0b
B018NN0W2Q,category_7252170e0eda5c0b
B018NQC4GA,category_7252170e0eda5c0b
B018OAXOQE,category_7252170e0eda5c0b
B018OJM94S,category_7252170e0eda5c0b
B018OMI782,category_7252170e0eda5c0b
B018QH534Q,category_7252170e0eda5c0b
B018QOOLOW,category_7252170e0eda5c0b
B018QVU04K,category_7252170e0eda5c0b
B018QY0FK6,category_7252170e0eda5c0b
B018RBMOB6,category_7252170e0eda5c0b
B018RFD75E,category_7252170e0eda5c0b
B018RLDAIW,category_7252170e0eda5c0b
B018RU4WK8,category_7252170e0eda5c0b
B018S3Q74S,category_7252170e0eda5c0b
B018SDLN06,category_7252170e0eda5c0b
B018SNENB2,category_7252170e0eda5c0b
B018T24L14,category_7252170e0eda5c0b
B018T374IA,category_7252170e0eda5c0b
B018T5GR22,category_7252170e0eda5c0b
B018U5HKKY,category_7252170e0eda5c0b
B018U9R2EO,category_7252170e0eda5c0b
B018UHB9RM,category_7252170e0eda5c0b
B018UJEFOE,category_7252170e0eda5c0b
B018UO6TQQ,category_7252170e0eda5c0b
B018USTWBG,category_7252170e0eda5c0b
B018USX5DM,category_7252170e0eda5c0b
B018WKWCYG,category_7252170e0eda5c0b
B018WYPGVS,category_7252170e0eda5c0b
B018XJGO5E,category_7252170e0eda5c0b
B018YKRXOI,category_7252170e0eda5c0b
B018ZLUTTW,category_7252170e0eda5c0b
B0190B8J52,category_7252170e0eda5c0b
B0190NFLLA,category_7252170e0eda5c0b
B0190QE4BK,category_7252170e0eda5c0b
B01913HNBA,category_7252170e0eda5c0b
B01918QGSG,category_7252170e0eda5c0b
B01919H2D8,category_7252170e0eda5c0b
B0191BLA5M,category_7252170e0eda5c0b
B0191Y89UI,category_7252170e0eda5c0b
B0192BWUE6,category_7252170e0eda5c0b
B0192BWX16,category_7252170e0eda5c0b
B0192BX5WC,category_7252170e0eda5c0b
B0192FPATE,category_7252170e0eda5c0b
B0192X0ASC,category_7252170e0eda5c0b
B019328M8M,category_7252170e0eda5c0b
B01944436Y,category_7252170e0eda5c0b
B01947Q29M,category_7252170e0eda5c0b
B01959J7OQ,category_7252170e0eda5c0b
B01959P6PU,category_7252170e0eda5c0b
B0195CEZ5Y,category_7252170e0eda5c0b
B0195IAPXO,category_7252170e0eda5c0b
B0195K2AL2,category_7252170e0eda5c0b
B0195NI9NM,category_7252170e0eda5c0b
B0195RJ2MK,category_7252170e0eda5c0b
B0196SOZ7A,category_7252170e0eda5c0b
B019823RXM,category_7252170e0eda5c0b
B0198XUZXQ,category_7252170e0eda5c0b
B0199AVZ7S,category_7252170e0eda5c0b
B0199MA62G,category_7252170e0eda5c0b
B019A0E7N6,category_7252170e0eda5c0b
B019AINPZ4,category_7252170e0eda5c0b
B019CAZKTO,category_7252170e0eda5c0b
B019CZ5TQS,category_7252170e0eda5c0b
B019DCX4DK,category_7252170e0eda5c0b
B019DJR9L6,category_7252170e0eda5c0b
B019DKQBAK,category_7252170e0eda5c0b
B019DWP6TU,category_7252170e0eda5c0b
B019E61G1W,category_7252170e0eda5c0b
B019E73XNK,category_7252170e0eda5c0b
B019EPWMW0,category_7252170e0eda5c0b
B019EQ4TIE,category_7252170e0eda5c0b
B019EVRO7W,category_7252170e0eda5c0b
B019FM06DE,category_7252170e0eda5c0b
B019FNR9EM,category_7252170e0eda5c0b
B019FRDBBI,category_7252170e0eda5c0b
B019H1HJJC,category_7252170e0eda5c0b
B019H3S566,category_7252170e0eda5c0b
B019HII7PK,category_7252170e0eda5c0b
B019HJZKM2,category_7252170e0eda5c0b
B019HKROZM,category_7252170e0eda5c0b
B019HX61OE,category_7252170e0eda5c0b
B019HX85RK,category_7252170e0eda5c0b
B019HXOFLU,category_7252170e0eda5c0b
B019IHXCQY,category_7252170e0eda5c0b
B019IIKONW,category_7252170e0eda5c0b
B019IJBIPE,category_7252170e0eda5c0b
B019J2IIE4,category_7252170e0eda5c0b
B019KW0TV8,category_7252170e0eda5c0b
B019KY1K8W,category_7252170e0eda5c0b
B019L16FAM,category_7252170e0eda5c0b
B019L84RLY,category_7252170e0eda5c0b
B019LJKN02,category_7252170e0eda5c0b
B019MCF73G,category_7252170e0eda5c0b
B019MCTUSY,category_7252170e0eda5c0b
B019MZ9J0U,category_7252170e0eda5c0b
B019N67JPK,category_7252170e0eda5c0b
B019NNB18Y,category_7252170e0eda5c0b
B019NXOSRA,category_7252170e0eda5c0b
B019NXVMHY,category_7252170e0eda5c0b
B019O1Y4R0,category_7252170e0eda5c0b
B019P1GXDW,category_7252170e0eda5c0b
B019P4GBA4,category_7252170e0eda5c0b
B019PH787Q,category_7252170e0eda5c0b
B019PM5PRQ,category_7252170e0eda5c0b
B019QYLW84,category_7252170e0eda5c0b
B019S6JGFG,category_7252170e0eda5c0b
B019SKDZ1I,category_7252170e0eda5c0b
B019SW87EQ,category_7252170e0eda5c0b
B019TAEA0M,category_7252170e0eda5c0b
B019TAEA0W,category_7252170e0eda5c0b
B019TAEA2U,category_7252170e0eda5c0b
B019TAEA3O,category_7252170e0eda5c0b
B019TEZOEO,category_7252170e0eda5c0b
B019TRPBW6,category_7252170e0eda5c0b
B019U1EYCE,category_7252170e0eda5c0b
B019V3YHEG,category_7252170e0eda5c0b
B019V61EL2,category_7252170e0eda5c0b
B019VJKJOC,category_7252170e0eda5c0b
B019VXW3AG,category_7252170e0eda5c0b
B019X81S82,category_7252170e0eda5c0b
B019XO8848,category_7252170e0eda5c0b
B019YPS3RS,category_7252170e0eda5c0b
B019YSB3AY,category_7252170e0eda5c0b
B019ZZ07SK,category_7252170e0eda5c0b
B01A075W8M,category_7252170e0eda5c0b
B01A0BWXX0,category_7252170e0eda5c0b
B01A25PRD2,category_7252170e0eda5c0b
B01A2K7NKC,category_7252170e0eda5c0b
B01A2S1V7K,category_7252170e0eda5c0b
B01A32KPT0,category_7252170e0eda5c0b
B01A36K44W,category_7252170e0eda5c0b
B01A3I5IGE,category_7252170e0eda5c0b
B01A3OTEMM,category_7252170e0eda5c0b
B01A4I1TR0,category_7252170e0eda5c0b
B01A545FWI,category_7252170e0eda5c0b
B01A56DLPO,category_7252170e0eda5c0b
B01A5YXRX2,category_7252170e0eda5c0b
B01A5Z25L6,category_7252170e0eda5c0b
B01A5ZY6WC,category_7252170e0eda5c0b
B01A6B9OT0,category_7252170e0eda5c0b
B01A78NCIG,category_7252170e0eda5c0b
B01A7QQ41K,category_7252170e0eda5c0b
B01A7VOEYE,category_7252170e0eda5c0b
B01A8GM12A,category_7252170e0eda5c0b
B01A9ALCDE,category_7252170e0eda5c0b
B01A9MWODO,category_7252170e0eda5c0b
B01AA258UY,category_7252170e0eda5c0b
B01AAXTOEE,category_7252170e0eda5c0b
B01AAXU16O,category_7252170e0eda5c0b
B01AB5SIXO,category_7252170e0eda5c0b
B01ABP9WY8,category_7252170e0eda5c0b
B01ACFQE3Y,category_7252170e0eda5c0b
B01ACN64R2,category_7252170e0eda5c0b
B01ACPRYYC,category_7252170e0eda5c0b
B01AD9F33Q,category_7252170e0eda5c0b
B01ADEFHBO,category_7252170e0eda5c0b
B01AE7DOYM,category_7252170e0eda5c0b
B01AFO39P8,category_7252170e0eda5c0b
B01AFQF01W,category_7252170e0eda5c0b
B01AFR6FBK,category_7252170e0eda5c0b
B01AG8P0KK,category_7252170e0eda5c0b
B01AGHHPGS,category_7252170e0eda5c0b
B01AGPV8H2,category_7252170e0eda5c0b
B01AHHG8J2,category_7252170e0eda5c0b
B01AHJY4YQ,category_7252170e0eda5c0b
B01AIDKIVY,category_7252170e0eda5c0b
B01AIITD9C,category_7252170e0eda5c0b
B01AJNQ8RQ,category_7252170e0eda5c0b
B01AJQAAB8,category_7252170e0eda5c0b
B01AKTGHFW,category_7252170e0eda5c0b
B01AKU1C6K,category_7252170e0eda5c0b
B01AL8ZIRA,category_7252170e0eda5c0b
B01ALFS8VG,category_7252170e0eda5c0b
B01ALFSCQC,category_7252170e0eda5c0b
B01ALFT56S,category_7252170e0eda5c0b
B01ALSQNLK,category_7252170e0eda5c0b
B01AM2130Q,category_7252170e0eda5c0b
B01AM3HYU8,category_7252170e0eda5c0b
B01AMEW1D2,category_7252170e0eda5c0b
B01AMXPYB4,category_7252170e0eda5c0b
B01ANJN7VG,category_7252170e0eda5c0b
B01ANJT8VY,category_7252170e0eda5c0b
B01AO44V6K,category_7252170e0eda5c0b
B01AONX3B0,category_7252170e0eda5c0b
B01AQWH0JU,category_7252170e0eda5c0b
B01AR476NW,category_7252170e0eda5c0b
B01ARGPWCC,category_7252170e0eda5c0b
B01ARHEHMC,category_7252170e0eda5c0b
B01ARIWBS8,category_7252170e0eda5c0b
B01ARJZCM4,category_7252170e0eda5c0b
B01ASFKHAE,category_7252170e0eda5c0b
B01ASV2Y68,category_7252170e0eda5c0b
B01ATQ1RGA,category_7252170e0eda5c0b
B01ATWKRSS,category_7252170e0eda5c0b
B01AU80Q6O,category_7252170e0eda5c0b
B01AUNEODA,category_7252170e0eda5c0b
B01AUYRXSW,category_7252170e0eda5c0b
B01AV10K9I,category_7252170e0eda5c0b
B01AV9MT3A,category_7252170e0eda5c0b
B01AVEQ3JG,category_7252170e0eda5c0b
B01AVEY85M,category_7252170e0eda5c0b
B01AVG2LUE,category_7252170e0eda5c0b
B01AVJ9Z1O,category_7252170e0eda5c0b
B01AWU8X7Y,category_7252170e0eda5c0b
B01AWVXL8O,category_7252170e0eda5c0b
B01AX255SG,category_7252170e0eda5c0b
B01AX4J2Q0,category_7252170e0eda5c0b
B01AX6W1EI,category_7252170e0eda5c0b
B01AX8VRMI,category_7252170e0eda5c0b
B01AXDODAG,category_7252170e0eda5c0b
B01AXMNV4G,category_7252170e0eda5c0b
B01AXOCJPQ,category_7252170e0eda5c0b
B01AY41VAE,category_7252170e0eda5c0b
B01AY42P36,category_7252170e0eda5c0b
B01AY5GS7E,category_7252170e0eda5c0b
B01AYB1GA2,category_7252170e0eda5c0b
B01AYG1TKE,category_7252170e0eda5c0b
B01AYLFLJE,category_7252170e0eda5c0b
B01AZXCX4M,category_7252170e0eda5c0b
B01B17X494,category_7252170e0eda5c0b
B01B26W9YA,category_7252170e0eda5c0b
B01B3MHXY4,category_7252170e0eda5c0b
B01B4C2CUI,category_7252170e0eda5c0b
B01B574RSW,category_7252170e0eda5c0b
B01B5SMO6S,category_7252170e0eda5c0b
B01B6NS4U2,category_7252170e0eda5c0b
B01B6NT16S,category_7252170e0eda5c0b
B01B6Z1J52,category_7252170e0eda5c0b
B01B8B8YL6,category_7252170e0eda5c0b
B01B8BR0KC,category_7252170e0eda5c0b
B01B9YDM0A,category_7252170e0eda5c0b
B01B9ZU9KA,category_7252170e0eda5c0b
B01BA5ZA58,category_7252170e0eda5c0b
B01BA6E58K,category_7252170e0eda5c0b
B01BB8J2VW,category_7252170e0eda5c0b
B01BBCAW4Y,category_7252170e0eda5c0b
B01BBRNLEC,category_7252170e0eda5c0b
B01BCN67H8,category_7252170e0eda5c0b
B01BCPU0AG,category_7252170e0eda5c0b
B01BCQKHYE,category_7252170e0eda5c0b
B01BCQSK6G,category_7252170e0eda5c0b
B01BCT47WO,category_7252170e0eda5c0b
B01BCYPF4S,category_7252170e0eda5c0b
B01BDXEBYI,category_7252170e0eda5c0b
B01BDZHH1K,category_7252170e0eda5c0b
B01BE4ZLW2,category_7252170e0eda5c0b
B01BEK5N38,category_7252170e0eda5c0b
B01BER8IYC,category_7252170e0eda5c0b
B01BERHEHY,category_7252170e0eda5c0b
B01BEX4W46,category_7252170e0eda5c0b
B01BEYRHBA,category_d6ac68cf358b59e5
B01BFMGERY,category_7252170e0eda5c0b
B01BFNNEOE,category_7252170e0eda5c0b
B01BFRJSM2,category_7252170e0eda5c0b
B01BGAC6JU,category_7252170e0eda5c0b
B01BGSYRD0,category_7252170e0eda5c0b
B01BH4AGDS,category_7252170e0eda5c0b
B01BHBLKYU,category_7252170e0eda5c0b
B01BI52RW4,category_7252170e0eda5c0b
B01BI52W06,category_7252170e0eda5c0b
B01BI7UUBM,category_7252170e0eda5c0b
B01BI7UUGW,category_7252170e0eda5c0b
B01BIKEFRE,category_7252170e0eda5c0b
B01BJ5CSAY,category_7252170e0eda5c0b
B01BJ7W546,category_7252170e0eda5c0b
B01BJY2YB8,category_7252170e0eda5c0b
B01BJYJ6VO,category_7252170e0eda5c0b
B01BK1L3P8,category_7252170e0eda5c0b
B01BK20OZM,category_7252170e0eda5c0b
B01BK49MZI,category_7252170e0eda5c0b
B01BK54AJU,category_7252170e0eda5c0b
B01BK9Z8YW,category_7252170e0eda5c0b
B01BKIBWR0,category_7252170e0eda5c0b
B01BKIBYN2,category_7252170e0eda5c0b
B01BKWRE7S,category_7252170e0eda5c0b
B01BKYR0P2,category_7252170e0eda5c0b
B01BKZGM6E,category_7252170e0eda5c0b
B01BL03AHW,category_7252170e0eda5c0b
B01BLE2PD8,category_7252170e0eda5c0b
B01BLLAAII,category_7252170e0eda5c0b
B01BLMVRL6,category_7252170e0eda5c0b
B01BLOW9F2,category_7252170e0eda5c0b
B01BLP3BD0,category_7252170e0eda5c0b
B01BLPANCM,category_7252170e0eda5c0b
B01BLPHOBU,category_7252170e0eda5c0b
B01BLQ5D1C,category_7252170e0eda5c0b
B01BLT00FS,category_7252170e0eda5c0b
B01BLTXQBS,category_7252170e0eda5c0b
B01BLUSON2,category_7252170e0eda5c0b
B01BM1UQTA,category_7252170e0eda5c0b
B01BMTOL2U,category_7252170e0eda5c0b
B01BMWGM92,category_7252170e0eda5c0b
B01BMXGXQI,category_7252170e0eda5c0b
B01BMY0PWA,category_7252170e0eda5c0b
B01BMY7JUQ,category_7252170e0eda5c0b
B01BN1SC22,category_7252170e0eda5c0b
B01BN6INBM,category_7252170e0eda5c0b
B01BN8YAO4,category_7252170e0eda5c0b
B01BNGKWMK,category_7252170e0eda5c0b
B01BNHLSDQ,category_7252170e0eda5c0b
B01BNHLX3G,category_7252170e0eda5c0b
B01BO3DQBG,category_7252170e0eda5c0b
B01BOACXG8,category_7252170e0eda5c0b
B01BP5L8TA,category_7252170e0eda5c0b
B01BPLUCJG,category_7252170e0eda5c0b
B01BQOA0TE,category_7252170e0eda5c0b
B01BQTYX92,category_7252170e0eda5c0b
B01BQXYWQM,category_7252170e0eda5c0b
B01BQY99KA,category_7252170e0eda5c0b
B01BR0EFFW,category_7252170e0eda5c0b
B01BR3253S,category_7252170e0eda5c0b
B01BR32C1S,category_7252170e0eda5c0b
B01BS532BE,category_7252170e0eda5c0b
B01BS54ZQK,category_7252170e0eda5c0b
B01BS58G24,category_7252170e0eda5c0b
B01BS58Y44,category_7252170e0eda5c0b
B01BS5CE4A,category_7252170e0eda5c0b
B01BSFBDJC,category_7252170e0eda5c0b
B01BSYSROM,category_7252170e0eda5c0b
B01BT0WULG,category_7252170e0eda5c0b
B01BT83YAY,category_7252170e0eda5c0b
B01BTTA6HW,category_7252170e0eda5c0b
B01BUARTJI,category_7252170e0eda5c0b
B01BUM31RA,category_7252170e0eda5c0b
B01BUNDADE,category_7252170e0eda5c0b
B01BV3OCWG,category_7252170e0eda5c0b
B01BV3OFQY,category_7252170e0eda5c0b
B01BV3SI0I,category_7252170e0eda5c0b
B01BV5492M,category_7252170e0eda5c0b
B01BVDTS98,category_7252170e0eda5c0b
B01BVPC3AW,category_7252170e0eda5c0b
B01BVQD9GS,category_7252170e0eda5c0b
B01BW4ZU16,category_7252170e0eda5c0b
B01BW6ZN0M,category_7252170e0eda5c0b
B01BWE8AUY,category_7252170e0eda5c0b
B01BX967X0,category_7252170e0eda5c0b
B01BX9MR34,category_7252170e0eda5c0b
B01BX9MR9I,category_7252170e0eda5c0b
B01BXCTRC0,category_7252170e0eda5c0b
B01BXDI4YG,category_7252170e0eda5c0b
B01BXDO972,category_7252170e0eda5c0b
B01BXK4KWE,category_7252170e0eda5c0b
B01BXZPDWA,category_7252170e0eda5c0b
B01BY2EX96,category_7252170e0eda5c0b
B01BY2OFFI,category_7252170e0eda5c0b
B01BYHGPHY,category_7252170e0eda5c0b
B01BYIZAOC,category_7252170e0eda5c0b
B01BYL5LP2,category_7252170e0eda5c0b
B01BYNTXXQ,category_7252170e0eda5c0b
B01BZHJ9D0,category_7252170e0eda5c0b
B01C1FA3X0,category_7252170e0eda5c0b
B01C1U60IC,category_7252170e0eda5c0b
B01C28FBNI,category_7252170e0eda5c0b
B01C28FF1G,category_7252170e0eda5c0b
B01C2VPLCG,category_7252170e0eda5c0b
B01C303E7K,category_7252170e0eda5c0b
B01C36DBPY,category_7252170e0eda5c0b
B01C3DEZAC,category_7252170e0eda5c0b
B01C3K0B62,category_7252170e0eda5c0b
B01C3K0N1K,category_7252170e0eda5c0b
B01C3K0RJS,category_7252170e0eda5c0b
B01C3K0S1U,category_7252170e0eda5c0b
B01C3PMM7S,category_7252170e0eda5c0b
B01C3S7J3M,category_7252170e0eda5c0b
B01C3Z6T68,category_7252170e0eda5c0b
B01C4F5FK8,category_7252170e0eda5c0b
B01C4PKARG,category_7252170e0eda5c0b
B01C4SRCOW,category_7252170e0eda5c0b
B01C4SREJA,category_7252170e0eda5c0b
B01C56ACEK,category_7252170e0eda5c0b
B01C5G5ITY,category_7252170e0eda5c0b
B01C5K7JYM,category_7252170e0eda5c0b
B01C63AMWY,category_7252170e0eda5c0b
B01C668K7K,category_7252170e0eda5c0b
B01C6AAHVI,category_7252170e0eda5c0b
B01C6AALH8,category_7252170e0eda5c0b
B01C6AANI0,category_7252170e0eda5c0b
B01C6AAPDS,category_7252170e0eda5c0b
B01C6G5GG8,category_7252170e0eda5c0b
B01C6OK1PQ,category_7252170e0eda5c0b
B01C6STV4O,category_7252170e0eda5c0b
B01C6USE1S,category_7252170e0eda5c0b
B01C6XTBNK,category_7252170e0eda5c0b
B01C6Z1LJA,category_7252170e0eda5c0b
B01C72856E,category_7252170e0eda5c0b
B01C7532DM,category_7252170e0eda5c0b
B01C763HMW,category_7252170e0eda5c0b
B01C76DMBI,category_7252170e0eda5c0b
B01C77GN6S,category_7252170e0eda5c0b
B01C7Z98H6,category_7252170e0eda5c0b
B01C8ANEDO,category_7252170e0eda5c0b
B01C8DVHEY,category_7252170e0eda5c0b
B01C8MIOMI,category_7252170e0eda5c0b
B01C8MN8E2,category_7252170e0eda5c0b
B01C8OSYO4,category_7252170e0eda5c0b
B01C8XC068,category_7252170e0eda5c0b
B01C8Y3KCA,category_7252170e0eda5c0b
B01C90H91Q,category_7252170e0eda5c0b
B01C93GTQY,category_7252170e0eda5c0b
B01C9EIQI2,category_7252170e0eda5c0b
B01CB9UTS0,category_7252170e0eda5c0b
B01CBUEL6A,category_7252170e0eda5c0b
B01CBZISK0,category_7252170e0eda5c0b
B01CCAWCYW,category_7252170e0eda5c0b
B01CCIBNTY,category_7252170e0eda5c0b
B01CCJZ02O,category_7252170e0eda5c0b
B01CDJYVXC,category_7252170e0eda5c0b
B01CDKUHIE,category_7252170e0eda5c0b
B01CE0HBF0,category_7252170e0eda5c0b
B01CE0HP8I,category_7252170e0eda5c0b
B01CETS6RI,category_7252170e0eda5c0b
B01CEYDIEY,category_7252170e0eda5c0b
B01CF3HL1K,category_7252170e0eda5c0b
B01CF4EPC2,category_7252170e0eda5c0b
B01CF9WSZ8,category_7252170e0eda5c0b
B01CGY5K16,category_7252170e0eda5c0b
B01CH2F67A,category_7252170e0eda5c0b
B01CI3L280,category_7252170e0eda5c0b
B01CI4CBEI,category_7252170e0eda5c0b
B01CIDIVJS,category_d6ac68cf358b59e5
B01CILZXWI,category_7252170e0eda5c0b
B01CIR3U4U,category_7252170e0eda5c0b
B01CJF85QO,category_7252170e0eda5c0b
B01CJXU7G2,category_7252170e0eda5c0b
B01CJYJNDO,category_7252170e0eda5c0b
B01CKLYFSO,category_7252170e0eda5c0b
B01CLBNKB6,category_7252170e0eda5c0b
B01CLV0KI2,category_7252170e0eda5c0b
B01CMODK4O,category_7252170e0eda5c0b
B01CMZD28W,category_7252170e0eda5c0b
B01CN0511M,category_7252170e0eda5c0b
B01CN5EOD8,category_7252170e0eda5c0b
B01CNP2LGK,category_7252170e0eda5c0b
B01CO5TU5E,category_7252170e0eda5c0b
B01CO5W2BI,category_7252170e0eda5c0b
B01COCGHFS,category_7252170e0eda5c0b
B01CPSPYIM,category_7252170e0eda5c0b
B01CPZLZJM,category_7252170e0eda5c0b
B01CQ1KPCS,category_7252170e0eda5c0b
B01CQ9E36O,category_7252170e0eda5c0b
B01CQH39VQ,category_7252170e0eda5c0b
B01CQH3CCM,category_7252170e0eda5c0b
B01CRCX69U,category_7252170e0eda5c0b
B01CRK7UVM,category_7252170e0eda5c0b
B01CS6U742,category_7252170e0eda5c0b
B01CSIRFUO,category_7252170e0eda5c0b
B01CSM16N2,category_7252170e0eda5c0b
B01CSRSH5M,category_7252170e0eda5c0b
B01CSUPT82,category_7252170e0eda5c0b
B01CT5JWCA,category_7252170e0eda5c0b
B01CTBEDUU,category_7252170e0eda5c0b
B01CTBENPA,category_7252170e0eda5c0b
B01CTBF6W4,category_7252170e0eda5c0b
B01CTBOHGK,category_7252170e0eda5c0b
B01CTEMRQY,category_7252170e0eda5c0b
B01CTGPFPW,category_7252170e0eda5c0b
B01CTN27LU,category_7252170e0eda5c0b
B01CTP01PW,category_7252170e0eda5c0b
B01CUPHRQM,category_7252170e0eda5c0b
B01CUPMQZE,category_7252170e0eda5c0b
B01CURASWA,category_7252170e0eda5c0b
B01CUT55NU,category_7252170e0eda5c0b
B01CWSFRX2,category_7252170e0eda5c0b
B01CWUMCG0,category_7252170e0eda5c0b
B01CXO8MM8,category_7252170e0eda5c0b
B01CXU1O3G,category_7252170e0eda5c0b
B01CYYCZYS,category_7252170e0eda5c0b
B01CYZOUCC,category_7252170e0eda5c0b
B01CZ5F2C8,category_7252170e0eda5c0b
B01CZ5ZJT4,category_7252170e0eda5c0b
B01CZA9CA6,category_7252170e0eda5c0b
B01CZDMDBI,category_7252170e0eda5c0b
B01CZFYA4Y,category_7252170e0eda5c0b
B01CZMIBKQ,category_7252170e0eda5c0b
B01CZNI0KG,category_7252170e0eda5c0b
B01D0IEYPK,category_7252170e0eda5c0b
B01D0K0GZU,category_7252170e0eda5c0b
B01D18S2Q6,category_7252170e0eda5c0b
B01D1BUBQ2,category_7252170e0eda5c0b
B01D1CRLVO,category_7252170e0eda5c0b
B01D1PMS2I,category_7252170e0eda5c0b
B01D1Q8TZC,category_7252170e0eda5c0b
B01D1QPKW2,category_7252170e0eda5c0b
B01D23BGNQ,category_7252170e0eda5c0b
B01D25O410,category_7252170e0eda5c0b
B01D2SBZ46,category_7252170e0eda5c0b
B01D2SSVYI,category_7252170e0eda5c0b
B01D2XZY6G,category_7252170e0eda5c0b
B01D3F3EA6,category_7252170e0eda5c0b
B01D3GG5II,category_7252170e0eda5c0b
B01D3ID4W6,category_7252170e0eda5c0b
B01D3QBGEQ,category_7252170e0eda5c0b
B01D3RH9SW,category_7252170e0eda5c0b
B01D42I872,category_7252170e0eda5c0b
B01D4BYTCG,category_7252170e0eda5c0b
B01D5FE59S,category_7252170e0eda5c0b
B01D5G7PB2,category_7252170e0eda5c0b
B01D5S4MRU,category_7252170e0eda5c0b
B01D6KH2TM,category_7252170e0eda5c0b
B01D6P4AT2,category_7252170e0eda5c0b
B01D700HZC,category_7252170e0eda5c0b
B01D82L0H8,category_7252170e0eda5c0b
B01D86KD6I,category_7252170e0eda5c0b
B01D89E06O,category_7252170e0eda5c0b
B01D8BVBWS,category_7252170e0eda5c0b
B01D8DTE4I,category_7252170e0eda5c0b
B01D8DY20O,category_7252170e0eda5c0b
B01D8K1P0M,category_7252170e0eda5c0b
B01D8UWSF8,category_7252170e0eda5c0b
B01D9B30U8,category_7252170e0eda5c0b
B01D9EP8LY,category_7252170e0eda5c0b
B01D9SPUUO,category_7252170e0eda5c0b
B01DA2M33Q,category_7252170e0eda5c0b
B01DABT1AU,category_7252170e0eda5c0b
B01DAGXVJM,category_7252170e0eda5c0b
B01DARREN0,category_7252170e0eda5c0b
B01DAUEF6G,category_7252170e0eda5c0b
B01DB0POLK,category_7252170e0eda5c0b
B01DB1CA3O,category_7252170e0eda5c0b
B01DB3L948,category_7252170e0eda5c0b
B01DCJMVGG,category_7252170e0eda5c0b
B01DCSNMIS,category_7252170e0eda5c0b
B01DD84FUQ,category_7252170e0eda5c0b
B01DDAX6IG,category_7252170e0eda5c0b
B01DDHJOYY,category_7252170e0eda5c0b
B01DE5NRY8,category_7252170e0eda5c0b
B01DE5OI9Q,category_7252170e0eda5c0b
B01DEDXZBA,category_7252170e0eda5c0b
B01DEN6NQY,category_7252170e0eda5c0b
B01DFOUVMO,category_7252170e0eda5c0b
B01DFSJG8A,category_7252170e0eda5c0b
B01DFSJG8K,category_7252170e0eda5c0b
B01DGN243S,category_7252170e0eda5c0b
B01DH3SZ1C,category_7252170e0eda5c0b
B01DH7KNY0,category_7252170e0eda5c0b
B01DHDF2H2,category_d6ac68cf358b59e5
B01DHKQX8M,category_7252170e0eda5c0b
B01DI5M0XI,category_7252170e0eda5c0b
B01DI5M1N2,category_7252170e0eda5c0b
B01DI6U9BW,category_7252170e0eda5c0b
B01DI74N68,category_7252170e0eda5c0b
B01DIA9NTC,category_7252170e0eda5c0b
B01DIJNXHQ,category_7252170e0eda5c0b
B01DITUWIO,category_7252170e0eda5c0b
B01DIV3Z5Y,category_7252170e0eda5c0b
B01DJD4B7M,category_7252170e0eda5c0b
B01DJDS5OM,category_7252170e0eda5c0b
B01DJNIZD8,category_7252170e0eda5c0b
B01DJS2XO0,category_7252170e0eda5c0b
B01DJXAU0E,category_7252170e0eda5c0b
B01DJZMCP8,category_7252170e0eda5c0b
B01DJZZ08Y,category_7252170e0eda5c0b
B01DK2VT68,category_7252170e0eda5c0b
B01DK86YX0,category_7252170e0eda5c0b
B01DKIRR68,category_7252170e0eda5c0b
B01DKQO7YK,category_7252170e0eda5c0b
B01DL5U4A6,category_7252170e0eda5c0b
B01DL8R0ZA,category_7252170e0eda5c0b
B01DLIR0LO,category_7252170e0eda5c0b
B01DM4ROS6,category_7252170e0eda5c0b
B01DMQKRWE,category_7252170e0eda5c0b
B01DMRQOOI,category_7252170e0eda5c0b
B01DMZB0BC,category_7252170e0eda5c0b
B01DN6K390,category_7252170e0eda5c0b
B01DNALWVE,category_7252170e0eda5c0b
B01DNBYQ5W,category_7252170e0eda5c0b
B01DOEQ976,category_7252170e0eda5c0b
B01DOILBRK,category_7252170e0eda5c0b
B01DOWRN3M,category_7252170e0eda5c0b
B01DOZ671I,category_7252170e0eda5c0b
B01DPU2G2Q,category_7252170e0eda5c0b
B01DRH86GW,category_7252170e0eda5c0b
B01DSERFWK,category_7252170e0eda5c0b
B01DSTWDAY,category_7252170e0eda5c0b
B01DSU0G3Y,category_7252170e0eda5c0b
B01DTCZKYQ,category_7252170e0eda5c0b
B01DTCZM1W,category_7252170e0eda5c0b
B01DTE66LU,category_7252170e0eda5c0b
B01DTG8LXO,category_7252170e0eda5c0b
B01DTI4ZSM,category_7252170e0eda5c0b
B01DTKLYQG,category_7252170e0eda5c0b
B01DTL9K52,category_7252170e0eda5c0b
B01DTU7VM2,category_7252170e0eda5c0b
B01DU68ZRA,category_7252170e0eda5c0b
B01DU97Q8Q,category_7252170e0eda5c0b
B01DUG3S3Q,category_7252170e0eda5c0b
B01DUQT3T4,category_7252170e0eda5c0b
B01DUTC76C,category_7252170e0eda5c0b
B01DUWYXYS,category_7252170e0eda5c0b
B01DUXR8KS,category_7252170e0eda5c0b
B01DUXS1U4,category_7252170e0eda5c0b
B01DUXS848,category_7252170e0eda5c0b
B01DV84NIW,category_7252170e0eda5c0b
B01DW0PT8M,category_7252170e0eda5c0b
B01DWCOGSY,category_7252170e0eda5c0b
B01DWPQYOA,category_7252170e0eda5c0b
B01DY8KOM8,category_d6ac68cf358b59e5
B01DYOUQY8,category_7252170e0eda5c0b
B01DYW4X6C,category_7252170e0eda5c0b
B01DYY7PX8,category_7252170e0eda5c0b
B01DZ8AFZ8,category_7252170e0eda5c0b
B01DZODZT0,category_7252170e0eda5c0b
B01E0DRM3A,category_7252170e0eda5c0b
B01E0GNEAW,category_7252170e0eda5c0b
B01E0H68CM,category_7252170e0eda5c0b
B01E0OG8DE,category_7252170e0eda5c0b
B01E0ST5G2,category_7252170e0eda5c0b
B01E1IL258,category_7252170e0eda5c0b
B01E1KBPPI,category_7252170e0eda5c0b
B01E1PQ4HW,category_7252170e0eda5c0b
B01E1SLKGO,category_7252170e0eda5c0b
B01E1SLMIA,category_7252170e0eda5c0b
B01E1U8L3M,category_7252170e0eda5c0b
B01E2W2Z5O,category_7252170e0eda5c0b
B01E3BGTBA,category_7252170e0eda5c0b
B01E3BGTMO,category_7252170e0eda5c0b
B01E3MKVYA,category_7252170e0eda5c0b
B01E3N1BH0,category_7252170e0eda5c0b
B01E3PIDX8,category_7252170e0eda5c0b
B01E4DE8L0,category_7252170e0eda5c0b
B01E4GE7BI,category_7252170e0eda5c0b
B01E4L9Q64,category_7252170e0eda5c0b
B01E56TR58,category_7252170e0eda5c0b
B01E58LVEG,category_7252170e0eda5c0b
B01E59XFWQ,category_7252170e0eda5c0b
B01E5FFQAE,category_7252170e0eda5c0b
B01E5JXZJY,category_7252170e0eda5c0b
B01E5VY8JS,category_7252170e0eda5c0b
B01E6162AU,category_7252170e0eda5c0b
B01E669EQ4,category_7252170e0eda5c0b
B01E68O6BA,category_7252170e0eda5c0b
B01E6DQ776,category_7252170e0eda5c0b
B01E6H8WCU,category_7252170e0eda5c0b
B01E6H8XYM,category_7252170e0eda5c0b
B01E6HRAP0,category_7252170e0eda5c0b
B01E6RELRU,category_7252170e0eda5c0b
B01E76KCIC,category_7252170e0eda5c0b
B01E76KKNY,category_7252170e0eda5c0b
B01E79OKY6,category_7252170e0eda5c0b
B01E8713P6,category_7252170e0eda5c0b
B01E8JIG0O,category_7252170e0eda5c0b
B01E8Z2G1S,category_7252170e0eda5c0b
B01E909944,category_7252170e0eda5c0b
B01E909A4S,category_7252170e0eda5c0b
B01E9782Z4,category_7252170e0eda5c0b
B01E9C5MB6,category_7252170e0eda5c0b
B01E9CS862,category_7252170e0eda5c0b
B01E9GLRVQ,category_7252170e0eda5c0b
B01E9IXINO,category_7252170e0eda5c0b
B01E9W5JYG,category_7252170e0eda5c0b
B01EA538FO,category_7252170e0eda5c0b
B01EAPT8FS,category_7252170e0eda5c0b
B01EB0DWHC,category_7252170e0eda5c0b
B01EB3PYOS,category_7252170e0eda5c0b
B01EBB8FB4,category_7252170e0eda5c0b
B01EBGY9ZK,category_7252170e0eda5c0b
B01EBHCYLU,category_7252170e0eda5c0b
B01EC8XWL4,category_7252170e0eda5c0b
B01ECILOFU,category_7252170e0eda5c0b
B01ED621DU,category_7252170e0eda5c0b
B01EDRRKOE,category_7252170e0eda5c0b
B01EEGDTNA,category_7252170e0eda5c0b
B01EEI9HRK,category_7252170e0eda5c0b
B01EFOND0A,category_7252170e0eda5c0b
B01EFOY8VS,category_7252170e0eda5c0b
B01EHJNYES,category_7252170e0eda5c0b
B01EHQ0BG0,category_7252170e0eda5c0b
B01EHQNR5W,category_7252170e0eda5c0b
B01EHXGM0C,category_7252170e0eda5c0b
B01EI6P0J2,category_7252170e0eda5c0b
B01EIE4PZO,category_7252170e0eda5c0b
B01EIGYNDQ,category_7252170e0eda5c0b
B01EIMGKMM,category_7252170e0eda5c0b
B01EINKCP2,category_7252170e0eda5c0b
B01EINU626,category_7252170e0eda5c0b
B01EIOZXAK,category_7252170e0eda5c0b
B01EIPC2KS,category_7252170e0eda5c0b
B01EJ8T1LW,category_7252170e0eda5c0b
B01EJF34WW,category_7252170e0eda5c0b
B01EJJFK34,category_7252170e0eda5c0b
B01EJJFSL8,category_7252170e0eda5c0b
B01EJSMQEQ,category_7252170e0eda5c0b
B01EKCEASG,category_7252170e0eda5c0b
B01EKL66WK,category_7252170e0eda5c0b
B01EL1Z2AG,category_7252170e0eda5c0b
B01EMBIRK2,category_7252170e0eda5c0b
B01EMZLQY2,category_7252170e0eda5c0b
B01EN15NVM,category_7252170e0eda5c0b
B01ENL20AE,category_7252170e0eda5c0b
B01ENNR41M,category_7252170e0eda5c0b
B01ENT5PNK,category_7252170e0eda5c0b
B01ENZLE16,category_7252170e0eda5c0b
B01EO2FU3G,category_7252170e0eda5c0b
B01EO2HZ1Q,category_7252170e0eda5c0b
B01EO5UQ9G,category_7252170e0eda5c0b
B01EO64BBY,category_7252170e0eda5c0b
B01EQ9NVWY,category_7252170e0eda5c0b
B01EQSX1DY,category_7252170e0eda5c0b
B01ER70GT6,category_7252170e0eda5c0b
B01ER8L04A,category_7252170e0eda5c0b
B01ERD68XI,category_7252170e0eda5c0b
B01ERJEGS6,category_7252170e0eda5c0b
B01ERVWF5U,category_7252170e0eda5c0b
B01ERYOMNK,category_7252170e0eda5c0b
B01ES27BAM,category_7252170e0eda5c0b
B01ES9AE22,category_7252170e0eda5c0b
B01ESAAZ9S,category_7252170e0eda5c0b
B01ESJU63E,category_7252170e0eda5c0b
B01ESKNA3Q,category_7252170e0eda5c0b
B01ESW2SOG,category_7252170e0eda5c0b
B01ETLBWYI,category_7252170e0eda5c0b
B01ETMKWFW,category_7252170e0eda5c0b
B01ETQ1N9C,category_7252170e0eda5c0b
B01ETVT66Y,category_7252170e0eda5c0b
B01ETYEJCW,category_7252170e0eda5c0b
B01ETZ41PQ,category_7252170e0eda5c0b
B01ETZEUZW,category_7252170e0eda5c0b
B01ETZHRWK,category_7252170e0eda5c0b
B01EU073RI,category_7252170e0eda5c0b
B01EU3G6H8,category_7252170e0eda5c0b
B01EU4A1O6,category_7252170e0eda5c0b
B01EUAUW6W,category_7252170e0eda5c0b
B01EUISB9Y,category_7252170e0eda5c0b
B01EUR8FX2,category_7252170e0eda5c0b
B01EV0TEZ6,category_7252170e0eda5c0b
B01EVAE4K6,category_7252170e0eda5c0b
B01EVT63G0,category_7252170e0eda5c0b
B01EVZCLM4,category_7252170e0eda5c0b
B01EW5EGUS,category_7252170e0eda5c0b
B01EW5W6EG,category_7252170e0eda5c0b
B01EWCOIDQ,category_7252170e0eda5c0b
B01EWTVJY0,category_7252170e0eda5c0b
B01EWTVLVQ,category_7252170e0eda5c0b
B01EWUD3Y8,category_7252170e0eda5c0b
B01EXSW2K0,category_7252170e0eda5c0b
B01EZN8ZOA,category_7252170e0eda5c0b
B01EZPERD6,category_7252170e0eda5c0b
B01EZQ168O,category_7252170e0eda5c0b
B01F0H1DP8,category_7252170e0eda5c0b
B01F0NNMSI,category_7252170e0eda5c0b
B01F1DXB4W,category_7252170e0eda5c0b
B01F1H99TY,category_7252170e0eda5c0b
B01F1HAKZ6,category_7252170e0eda5c0b
B01F1IYWSQ,category_7252170e0eda5c0b
B01F1LKJXA,category_7252170e0eda5c0b
B01F2NCLRY,category_7252170e0eda5c0b
B01F36TW4A,category_7252170e0eda5c0b
B01F3OX5KO,category_7252170e0eda5c0b
B01F3WT4OW,category_7252170e0eda5c0b
B01F4ITD82,category_7252170e0eda5c0b
B01F4N9MEC,category_7252170e0eda5c0b
B01F4OJM6O,category_7252170e0eda5c0b
B01F55DXAS,category_7252170e0eda5c0b
B01F5GC82Q,category_7252170e0eda5c0b
B01F5YT7EU,category_7252170e0eda5c0b
B01F66UR5K,category_7252170e0eda5c0b
B01F6B0CQY,category_7252170e0eda5c0b
B01F6BEV2A,category_7252170e0eda5c0b
B01F6WWW84,category_7252170e0eda5c0b
B01F6XBNWY,category_7252170e0eda5c0b
B01F6YUKGI,category_7252170e0eda5c0b
B01F7J6KNO,category_7252170e0eda5c0b
B01F7RF9G0,category_7252170e0eda5c0b
B01F7Y41IU,category_7252170e0eda5c0b
B01F87M17O,category_7252170e0eda5c0b
B01F87QMVK,category_7252170e0eda5c0b
B01F8AWWAW,category_7252170e0eda5c0b
B01F8SYD9C,category_7252170e0eda5c0b
B01F8U4ZS4,category_7252170e0eda5c0b
B01F97QDW2,category_7252170e0eda5c0b
B01F99RQQW,category_7252170e0eda5c0b
B01F9OQ6OK,category_7252170e0eda5c0b
B01FAATFPU,category_7252170e0eda5c0b
B01FAGW8N0,category_7252170e0eda5c0b
B01FAUBUWG,category_7252170e0eda5c0b
B01FBB3WIE,category_7252170e0eda5c0b
B01FBPY08Q,category_7252170e0eda5c0b
B01FC205M8,category_7252170e0eda5c0b
B01FCSLFWQ,category_7252170e0eda5c0b
B01FCUNSHO,category_7252170e0eda5c0b
B01FDGIIT0,category_7252170e0eda5c0b
B01FDIN9MO,category_7252170e0eda5c0b
B01FDZLT6U,category_7252170e0eda5c0b
B01FE1VHPQ,category_7252170e0eda5c0b
B01FEHTMFM,category_7252170e0eda5c0b
B01FFDCWAW,category_7252170e0eda5c0b
B01FFNB09G,category_7252170e0eda5c0b
B01FFQEVNA,category_7252170e0eda5c0b
B01FGI74N6,category_7252170e0eda5c0b
B01FGSQHS4,category_7252170e0eda5c0b
B01FH6SI14,category_7252170e0eda5c0b
B01FHAXUPE,category_7252170e0eda5c0b
B01FHFXTRI,category_7252170e0eda5c0b
B01FHFXTSC,category_7252170e0eda5c0b
B01FHVAVFK,category_7252170e0eda5c0b
B01FI1KUSW,category_7252170e0eda5c0b
B01FI8U30K,category_7252170e0eda5c0b
B01FI99AFI,category_7252170e0eda5c0b
B01FIBHQR0,category_7252170e0eda5c0b
B01FIKJOX0,category_7252170e0eda5c0b
B01FIL493Y,category_7252170e0eda5c0b
B01FIUQLZE,category_7252170e0eda5c0b
B01FJ5RH6U,category_7252170e0eda5c0b
B01FJI6G3W,category_7252170e0eda5c0b
B01FKG62TG,category_7252170e0eda5c0b
B01FKQKQ9I,category_7252170e0eda5c0b
B01FKR2CQM,category_7252170e0eda5c0b
B01FL4ICP4,category_7252170e0eda5c0b
B01FLGNSK6,category_7252170e0eda5c0b
B01FLNXRG4,category_7252170e0eda5c0b
B01FLVJ05S,category_7252170e0eda5c0b
B01FLZ8UEQ,category_7252170e0eda5c0b
B01FMB56XC,category_7252170e0eda5c0b
B01FML3Q8E,category_7252170e0eda5c0b
B01FMW4OKC,category_7252170e0eda5c0b
B01FO9NPT4,category_7252170e0eda5c0b
B01FPGE8F6,category_7252170e0eda5c0b
B01FPPOWUS,category_7252170e0eda5c0b
B01FPPUU68,category_7252170e0eda5c0b
B01FPV7YI4,category_7252170e0eda5c0b
B01FQ8F95Q,category_7252170e0eda5c0b
B01FQH4NP4,category_7252170e0eda5c0b
B01FQMPCHW,category_7252170e0eda5c0b
B01FQU9D10,category_7252170e0eda5c0b
B01FRB7WBQ,category_7252170e0eda5c0b
B01FRDH4QW,category_7252170e0eda5c0b
B01FS4JKI0,category_7252170e0eda5c0b
B01FS7HW5K,category_7252170e0eda5c0b
B01FSJUPP2,category_d6ac68cf358b59e5
B01FSM9GFY,category_7252170e0eda5c0b
B01FSQ07OE,category_7252170e0eda5c0b
B01FT1YGA4,category_7252170e0eda5c0b
B01FT30QXI,category_7252170e0eda5c0b
B01FT3Z3EU,category_7252170e0eda5c0b
B01FT959PM,category_7252170e0eda5c0b
B01FTE3EWC,category_7252170e0eda5c0b
B01FTMJAL8,category_7252170e0eda5c0b
B01FTSUF52,category_7252170e0eda5c0b
B01FTSUWVY,category_7252170e0eda5c0b
B01FTU5MCQ,category_7252170e0eda5c0b
B01FTVU2LQ,category_7252170e0eda5c0b
B01FUBAXNW,category_7252170e0eda5c0b
B01FUPCG4M,category_7252170e0eda5c0b
B01FV9B5FI,category_7252170e0eda5c0b
B01FVFI76W,category_7252170e0eda5c0b
B01FW6EAD4,category_7252170e0eda5c0b
B01FWIM9XK,category_7252170e0eda5c0b
B01FX13TT4,category_7252170e0eda5c0b
B01FX5X7CY,category_7252170e0eda5c0b
B01FXD31D6,category_7252170e0eda5c0b
B01FXLI4HQ,category_7252170e0eda5c0b
B01FY875AU,category_7252170e0eda5c0b
B01FY87G9U,category_7252170e0eda5c0b
B01FYB1IDM,category_7252170e0eda5c0b
B01FYDDFP4,category_7252170e0eda5c0b
B01FYFH01W,category_7252170e0eda5c0b
B01FYGVIVE,category_7252170e0eda5c0b
B01FYPDMK0,category_7252170e0eda5c0b
B01FYQJX20,category_7252170e0eda5c0b
B01FYWWWE0,category_7252170e0eda5c0b
B01FZJ19KA,category_7252170e0eda5c0b
B01FZUKJMI,category_7252170e0eda5c0b
B01G09MCKK,category_7252170e0eda5c0b
B01G09YUSC,category_7252170e0eda5c0b
B01G1HGR48,category_7252170e0eda5c0b
B01G1JKPF8,category_7252170e0eda5c0b
B01G1K2YPG,category_7252170e0eda5c0b
B01G1KKCPK,category_7252170e0eda5c0b
B01G1SA9K0,category_7252170e0eda5c0b
B01G2GYO5W,category_7252170e0eda5c0b
B01G2HPGW6,category_7252170e0eda5c0b
B01G2T6U1K,category_7252170e0eda5c0b
B01G2Z8RXI,category_7252170e0eda5c0b
B01G37KLKC,category_7252170e0eda5c0b
B01G37KLO8,category_7252170e0eda5c0b
B01G3EYJW6,category_7252170e0eda5c0b
B01G3EZ29U,category_7252170e0eda5c0b
B01G3O3SYQ,category_7252170e0eda5c0b
B01G3R65MA,category_7252170e0eda5c0b
B01G40JRNU,category_7252170e0eda5c0b
B01G44NL1A,category_7252170e0eda5c0b
B01G45HL6A,category_7252170e0eda5c0b
B01G45RD9U,category_7252170e0eda5c0b
B01G4ABQRA,category_7252170e0eda5c0b
B01G4LQNIG,category_7252170e0eda5c0b
B01G54AJVY,category_7252170e0eda5c0b
B01G57HN88,category_7252170e0eda5c0b
B01G58MOCW,category_7252170e0eda5c0b
B01G5TYWSA,category_7252170e0eda5c0b
B01G5XDJ1W,category_7252170e0eda5c0b
B01G5ZLIO0,category_7252170e0eda5c0b
B01G6V92FK,category_7252170e0eda5c0b
B01G716IO2,category_7252170e0eda5c0b
B01G7DQIA4,category_7252170e0eda5c0b
B01G7E184O,category_7252170e0eda5c0b
B01G7PK40W,category_7252170e0eda5c0b
B01G7SVFO8,category_7252170e0eda5c0b
B01G83S1F8,category_7252170e0eda5c0b
B01G8JW7PC,category_7252170e0eda5c0b
B01G8PSJN0,category_7252170e0eda5c0b
B01G8SDSRE,category_7252170e0eda5c0b
B01G9MG48Y,category_7252170e0eda5c0b
B01G9SEDAE,category_7252170e0eda5c0b
B01G9WAMLE,category_7252170e0eda5c0b
B01GB3P6EO,category_7252170e0eda5c0b
B01GBCXHUU,category_7252170e0eda5c0b
B01GBSEYHY,category_7252170e0eda5c0b
B01GC0DIMS,category_7252170e0eda5c0b
B01GC64GQE,category_7252170e0eda5c0b
B01GCD492I,category_7252170e0eda5c0b
B01GCV74HC,category_7252170e0eda5c0b
B01GD8EVDO,category_7252170e0eda5c0b
B01GDBCLEC,category_7252170e0eda5c0b
B01GDBCLXI,category_7252170e0eda5c0b
B01GDFNZRU,category_7252170e0eda5c0b
B01GDM2Q8M,category_7252170e0eda5c0b
B01GDYH3RE,category_7252170e0eda5c0b
B01GDYJSJ0,category_7252170e0eda5c0b
B01GDZ2P9E,category_7252170e0eda5c0b
B01GE6VJIK,category_7252170e0eda5c0b
B01GET0Q5Y,category_7252170e0eda5c0b
B01GEUWC5U,category_7252170e0eda5c0b
B01GF2HBK8,category_7252170e0eda5c0b
B01GFFA5TO,category_7252170e0eda5c0b
B01GFROOJO,category_7252170e0eda5c0b
B01GFUTJMS,category_7252170e0eda5c0b
B01GFW28A6,category_7252170e0eda5c0b
B01GGB462Y,category_7252170e0eda5c0b
B01GGCEHYU,category_7252170e0eda5c0b
B01GGIOIZM,category_7252170e0eda5c0b
B01GGMC04E,category_7252170e0eda5c0b
B01GGQ1HLM,category_7252170e0eda5c0b
B01GH2YDDE,category_7252170e0eda5c0b
B01GHHVLMA,category_7252170e0eda5c0b
B01GHQMIKU,category_7252170e0eda5c0b
B01GHSRLTQ,category_7252170e0eda5c0b
B01GHXUWGK,category_7252170e0eda5c0b
B01GIJZ6BY,category_7252170e0eda5c0b
B01GIPUR2Q,category_7252170e0eda5c0b
B01GJADPJM,category_7252170e0eda5c0b
B01GJGKO8G,category_7252170e0eda5c0b
B01GJHMPJQ,category_7252170e0eda5c0b
B01GJOS38G,category_7252170e0eda5c0b
B01GJQXRLC,category_7252170e0eda5c0b
B01GK1AP84,category_7252170e0eda5c0b
B01GK8UC0I,category_7252170e0eda5c0b
B01GKB13FI,category_7252170e0eda5c0b
B01GKG1ZEW,category_7252170e0eda5c0b
B01GKU6QQ0,category_7252170e0eda5c0b
B01GKURLGE,category_7252170e0eda5c0b
B01GKVVY52,category_7252170e0eda5c0b
B01GL4HV64,category_7252170e0eda5c0b
B01GL6HGNA,category_7252170e0eda5c0b
B01GL6SWGK,category_7252170e0eda5c0b
B01GLH6NU6,category_7252170e0eda5c0b
B01GLMC4O0,category_7252170e0eda5c0b
B01GLTUFM6,category_7252170e0eda5c0b
B01GNNS1VM,category_7252170e0eda5c0b
B01GO2IKNQ,category_7252170e0eda5c0b
B01GOXEAM0,category_7252170e0eda5c0b
B01GP3JHHW,category_7252170e0eda5c0b
B01GPEIUCO,category_7252170e0eda5c0b
B01GPK4LLM,category_7252170e0eda5c0b
B01GPM1DCU,category_7252170e0eda5c0b
B01GPY15IU,category_7252170e0eda5c0b
B01GQ0DNWE,category_7252170e0eda5c0b
B01GQJF9H2,category_7252170e0eda5c0b
B01GQLJ7HI,category_7252170e0eda5c0b
B01GQOHZRE,category_7252170e0eda5c0b
B01GQPU8OK,category_7252170e0eda5c0b
B01GR15NF2,category_7252170e0eda5c0b
B01GR1NWFK,category_7252170e0eda5c0b
B01GR1QN3I,category_7252170e0eda5c0b
B01GR23NTY,category_7252170e0eda5c0b
B01GR26KYY,category_7252170e0eda5c0b
B01GR2ICJA,category_7252170e0eda5c0b
B01GR3GI6I,category_7252170e0eda5c0b
B01GR3MDH6,category_7252170e0eda5c0b
B01GR3O1LW,category_7252170e0eda5c0b
B01GR3VCWS,category_7252170e0eda5c0b
B01GR3Y5G8,category_7252170e0eda5c0b
B01GR42VGS,category_7252170e0eda5c0b
B01GR42WTO,category_7252170e0eda5c0b
B01GR45I2W,category_7252170e0eda5c0b
B01GR4FOSU,category_7252170e0eda5c0b
B01GR4G8I0,category_7252170e0eda5c0b
B01GR4JEBI,category_7252170e0eda5c0b
B01GRTBN26,category_7252170e0eda5c0b
B01GRTBOJS,category_7252170e0eda5c0b
B01GSIJFCQ,category_7252170e0eda5c0b
B01GUAD0SW,category_7252170e0eda5c0b
B01GUB205U,category_7252170e0eda5c0b
B01GUELBMU,category_7252170e0eda5c0b
B01GUM6PKK,category_7252170e0eda5c0b
B01GUSWL34,category_7252170e0eda5c0b
B01GV0IP2W,category_7252170e0eda5c0b
B01GV6S2PG,category_7252170e0eda5c0b
B01GVAGYJI,category_7252170e0eda5c0b
B01GW1BVGW,category_7252170e0eda5c0b
B01GWH3W3G,category_7252170e0eda5c0b
B01GWTHTC4,category_7252170e0eda5c0b
B01GXPT79A,category_7252170e0eda5c0b
B01GXYI9UE,category_7252170e0eda5c0b
B01GY32AMC,category_7252170e0eda5c0b
B01GYEGH5C,category_7252170e0eda5c0b
B01GYLH5G0,category_7252170e0eda5c0b
B01GZ0N5KK,category_7252170e0eda5c0b
B01GZH3XG4,category_7252170e0eda5c0b
B01GZRV726,category_7252170e0eda5c0b
B01GZXN3TK,category_7252170e0eda5c0b
B01H0CR0KI,category_7252170e0eda5c0b
B01H0Q8F8U,category_7252170e0eda5c0b
B01H124BNQ,category_7252170e0eda5c0b
B01H1BAOHE,category_7252170e0eda5c0b
B01H1BGTE6,category_7252170e0eda5c0b
B01H1HPLTE,category_7252170e0eda5c0b
B01H1IPWKQ,category_7252170e0eda5c0b
B01H1ML5KS,category_7252170e0eda5c0b
B01H1NWI94,category_7252170e0eda5c0b
B01H1RGQGQ,category_7252170e0eda5c0b
B01H20LQYY,category_7252170e0eda5c0b
B01H2LH9SK,category_7252170e0eda5c0b
B01H2NIHTI,category_7252170e0eda5c0b
B01H2Q18BE,category_7252170e0eda5c0b
B01H2U8GL0,category_7252170e0eda5c0b
B01H31ELSU,category_7252170e0eda5c0b
B01H32GXD0,category_7252170e0eda5c0b
B01H3LLI8G,category_7252170e0eda5c0b
B01H3RPZVQ,category_7252170e0eda5c0b
B01H3TYJDY,category_7252170e0eda5c0b
B01H3U424Y,category_7252170e0eda5c0b
B01H3YVMDE,category_7252170e0eda5c0b
B01H42QQAY,category_7252170e0eda5c0b
B01H447ZYS,category_7252170e0eda5c0b
B01H44TEP6,category_7252170e0eda5c0b
B01H45COT8,category_7252170e0eda5c0b
B01H45Q4MG,category_7252170e0eda5c0b
B01H49RR9Q,category_7252170e0eda5c0b
B01H4JVBT8,category_7252170e0eda5c0b
B01H4UA51C,category_7252170e0eda5c0b
B01H5H95GA,category_7252170e0eda5c0b
B01H5MUJSI,category_7252170e0eda5c0b
B01H5P5TOO,category_7252170e0eda5c0b
B01H5PL2MW,category_7252170e0eda5c0b
B01H5Q9O3K,category_7252170e0eda5c0b
B01H5YB9EO,category_7252170e0eda5c0b
B01H60X9S6,category_7252170e0eda5c0b
B01H66JESE,category_7252170e0eda5c0b
B01H66YDG2,category_7252170e0eda5c0b
B01H6KL87K,category_7252170e0eda5c0b
B01H6WJQ8G,category_7252170e0eda5c0b
B01H72S7JE,category_7252170e0eda5c0b
B01H74H0FE,category_7252170e0eda5c0b
B01H7PTR1I,category_7252170e0eda5c0b
B01H837M70,category_7252170e0eda5c0b
B01H855M7U,category_7252170e0eda5c0b
B01H8GZREM,category_7252170e0eda5c0b
B01H996K0I,category_7252170e0eda5c0b
B01H9C9XYK,category_7252170e0eda5c0b
B01H9H7QP8,category_7252170e0eda5c0b
B01HA18DXC,category_7252170e0eda5c0b
B01HALO3KY,category_7252170e0eda5c0b
B01HAM3V4M,category_7252170e0eda5c0b
B01HARLNK6,category_7252170e0eda5c0b
B01HAS6RKG,category_7252170e0eda5c0b
B01HAV0JX4,category_7252170e0eda5c0b
B01HB4Y9AO,category_7252170e0eda5c0b
B01HB5N2T2,category_7252170e0eda5c0b
B01HBCJP2S,category_7252170e0eda5c0b
B01HBGAK96,category_7252170e0eda5c0b
B01HBHNDE4,category_7252170e0eda5c0b
B01HBJBND0,category_7252170e0eda5c0b
B01HBJH92O,category_7252170e0eda5c0b
B01HBR0OQ4,category_7252170e0eda5c0b
B01HBSGJRG,category_7252170e0eda5c0b
B01HBZNEHW,category_7252170e0eda5c0b
B01HC4KEL6,category_7252170e0eda5c0b
B01HC4KMA4,category_7252170e0eda5c0b
B01HC6G4D6,category_7252170e0eda5c0b
B01HC8NA86,category_7252170e0eda5c0b
B01HCDPBTM,category_7252170e0eda5c0b
B01HD88UXK,category_7252170e0eda5c0b
B01HDPVUXK,category_7252170e0eda5c0b
B01HDRR6TA,category_7252170e0eda5c0b
B01HED500A,category_7252170e0eda5c0b
B01HF2IJS0,category_7252170e0eda5c0b
B01HF7B0JU,category_7252170e0eda5c0b
B01HFCEDNA,category_7252170e0eda5c0b
B01HFFKC3M,category_7252170e0eda5c0b
B01HFI6QJ8,category_7252170e0eda5c0b
B01HFUXIGA,category_7252170e0eda5c0b
B01HFWB388,category_7252170e0eda5c0b
B01HFWKXTS,category_7252170e0eda5c0b
B01HG2G1TS,category_7252170e0eda5c0b
B01HGNFSLY,category_7252170e0eda5c0b
B01HGVV78E,category_7252170e0eda5c0b
B01HHOD5YE,category_7252170e0eda5c0b
B01HIPZCYS,category_7252170e0eda5c0b
B01HIQQ2R8,category_7252170e0eda5c0b
B01HIUDNFI,category_7252170e0eda5c0b
B01HIW5BG0,category_7252170e0eda5c0b
B01HJ1K3YK,category_7252170e0eda5c0b
B01HJAES7Y,category_7252170e0eda5c0b
B01HK2WP9E,category_7252170e0eda5c0b
B01HK5CUEG,category_7252170e0eda5c0b
B01HL4EN3M,category_7252170e0eda5c0b
B01HLS5TJK,category_7252170e0eda5c0b
B01HLWNBUU,category_7252170e0eda5c0b
B01HM1879A,category_7252170e0eda5c0b
B01HM30K48,category_7252170e0eda5c0b
B01HMAUHQC,category_7252170e0eda5c0b
B01HMGQ48G,category_7252170e0eda5c0b
B01HMIXC9S,category_7252170e0eda5c0b
B01HN1XYAG,category_7252170e0eda5c0b
B01HN3EDEU,category_7252170e0eda5c0b
B01HNCN80Q,category_7252170e0eda5c0b
B01HNQMJC0,category_7252170e0eda5c0b
B01HO1YEQI,category_7252170e0eda5c0b
B01HO1ZB7Y,category_7252170e0eda5c0b
B01HODJ8XU,category_7252170e0eda5c0b
B01HODJASI,category_7252170e0eda5c0b
B01HORDQ0C,category_7252170e0eda5c0b
B01HORI35A,category_7252170e0eda5c0b
B01HOWG1NQ,category_7252170e0eda5c0b
B01HOWG9GK,category_7252170e0eda5c0b
B01HOYWLR4,category_7252170e0eda5c0b
B01HP0QXK8,category_7252170e0eda5c0b
B01HPF1CPY,category_7252170e0eda5c0b
B01HPGH5EU,category_7252170e0eda5c0b
B01HPIPRQQ,category_7252170e0eda5c0b
B01HPIPSEW,category_7252170e0eda5c0b
B01HPKBQFK,category_7252170e0eda5c0b
B01HQHAV7Q,category_7252170e0eda5c0b
B01HQHG076,category_7252170e0eda5c0b
B01HQV2L7U,category_7252170e0eda5c0b
B01HQVIGJ2,category_7252170e0eda5c0b
B01HR6377M,category_7252170e0eda5c0b
B01HR8BNVM,category_7252170e0eda5c0b
B01HRASZB6,category_7252170e0eda5c0b
B01HRZTXYO,category_7252170e0eda5c0b
B01HSCBPSI,category_7252170e0eda5c0b
B01HSIDMFG,category_7252170e0eda5c0b
B01HT395TC,category_7252170e0eda5c0b
B01HT97YMQ,category_7252170e0eda5c0b
B01HTO87X6,category_7252170e0eda5c0b
B01HTTVABW,category_7252170e0eda5c0b
B01HU5I1XA,category_7252170e0eda5c0b
B01HUCNQP6,category_7252170e0eda5c0b
B01HUCVJWS,category_7252170e0eda5c0b
B01HUERNM6,category_7252170e0eda5c0b
B01HUYI2SU,category_7252170e0eda5c0b
B01HV6RAUI,category_7252170e0eda5c0b
B01HVKVUU0,category_7252170e0eda5c0b
B01HVYERD8,category_7252170e0eda5c0b
B01HWJK4XO,category_7252170e0eda5c0b
B01HXFAQIA,category_7252170e0eda5c0b
B01HXRH71M,category_7252170e0eda5c0b
B01HXT8B1A,category_7252170e0eda5c0b
B01HYN6G4Y,category_7252170e0eda5c0b
B01HYUFUU8,category_7252170e0eda5c0b
B01HYV5V8I,category_7252170e0eda5c0b
B01HYXDQKQ,category_7252170e0eda5c0b
B01HZ8MGWY,category_7252170e0eda5c0b
B01HZN9ZIC,category_7252170e0eda5c0b
B01HZNHIDG,category_7252170e0eda5c0b
B01I073KLA,category_7252170e0eda5c0b
B01I08MIIU,category_7252170e0eda5c0b
B01I0QW7QK,category_7252170e0eda5c0b
B01I14J0FM,category_7252170e0eda5c0b
B01I1HH8IK,category_7252170e0eda5c0b
B01I1J428M,category_7252170e0eda5c0b
B01I1YOOS0,category_7252170e0eda5c0b
B01I20UJEG,category_7252170e0eda5c0b
B01I2ALT7W,category_7252170e0eda5c0b
B01I2DD2JC,category_7252170e0eda5c0b
B01I2IE6CY,category_7252170e0eda5c0b
B01I2MHEEC,category_7252170e0eda5c0b
B01I2VC8BW,category_7252170e0eda5c0b
B01I36AA3E,category_7252170e0eda5c0b
B01I3IEWQI,category_7252170e0eda5c0b
B01I3NXI0Y,category_7252170e0eda5c0b
B01I4IH7IW,category_7252170e0eda5c0b
B01I4J5KX0,category_7252170e0eda5c0b
B01I54JJB8,category_7252170e0eda5c0b
B01I54JMS8,category_7252170e0eda5c0b
B01I54K0ES,category_7252170e0eda5c0b
B01I5JYOH2,category_7252170e0eda5c0b
B01I5JYOK4,category_7252170e0eda5c0b
B01I5O6Q6O,category_7252170e0eda5c0b
B01I5TPOQW,category_7252170e0eda5c0b
B01I693YRM,category_7252170e0eda5c0b
B01I6JG852,category_7252170e0eda5c0b
B01I6L1MX8,category_7252170e0eda5c0b
B01I6T83QE,category_7252170e0eda5c0b
B01I7H8PCC,category_7252170e0eda5c0b
B01I7LQTAI,category_7252170e0eda5c0b
B01I8FPGTI,category_7252170e0eda5c0b
B01I9AJVZC,category_7252170e0eda5c0b
B01I9TK7EC,category_7252170e0eda5c0b
B01I9TKF62,category_7252170e0eda5c0b
B01I9TKHPQ,category_7252170e0eda5c0b
B01I9TKRPG,category_7252170e0eda5c0b
B01I9TNMUI,category_7252170e0eda5c0b
B01IA954Q2,category_7252170e0eda5c0b
B01IA95RBE,category_7252170e0eda5c0b
B01IA961XC,category_7252170e0eda5c0b
B01IA96CRM,category_7252170e0eda5c0b
B01IA96JFM,category_7252170e0eda5c0b
B01IA96OJS,category_7252170e0eda5c0b
B01IA96R8Q,category_7252170e0eda5c0b
B01IA979I8,category_7252170e0eda5c0b
B01IA97PJ6,category_7252170e0eda5c0b
B01IA98H0W,category_7252170e0eda5c0b
B01IA98WBG,category_7252170e0eda5c0b
B01IA99FB2,category_7252170e0eda5c0b
B01IA99W2E,category_7252170e0eda5c0b
B01IA9A0HU,category_7252170e0eda5c0b
B01IA9AFZM,category_7252170e0eda5c0b
B01IA9AHJG,category_7252170e0eda5c0b
B01IA9AKS4,category_7252170e0eda5c0b
B01IA9AMFA,category_7252170e0eda5c0b
B01IA9AT62,category_7252170e0eda5c0b
B01IA9CR6W,category_7252170e0eda5c0b
B01IA9CY3I,category_7252170e0eda5c0b
B01IA9D3OC,category_7252170e0eda5c0b
B01IA9DCQQ,category_7252170e0eda5c0b
B01IA9DHLG,category_7252170e0eda5c0b
B01IA9DNYM,category_7252170e0eda5c0b
B01IA9DXUG,category_7252170e0eda5c0b
B01IA9E31O,category_7252170e0eda5c0b
B01IA9E8SW,category_7252170e0eda5c0b
B01IA9E9YU,category_7252170e0eda5c0b
B01IA9EE2M,category_7252170e0eda5c0b
B01IA9EEXG,category_7252170e0eda5c0b
B01IA9F2HS,category_7252170e0eda5c0b
B01IA9G6XM,category_7252170e0eda5c0b
B01IA9G93O,category_7252170e0eda5c0b
B01IAC0XHY,category_7252170e0eda5c0b
B01IACTLAY,category_7252170e0eda5c0b
B01IADUTPY,category_7252170e0eda5c0b
B01IADUYQ8,category_7252170e0eda5c0b
B01IADVEB2,category_7252170e0eda5c0b
B01IADVHDM,category_7252170e0eda5c0b
B01IADWWMC,category_7252170e0eda5c0b
B01IADXF7S,category_7252170e0eda5c0b
B01IADXLP4,category_7252170e0eda5c0b
B01IADYG4E,category_7252170e0eda5c0b
B01IADYIM4,category_7252170e0eda5c0b
B01IADYKTK,category_7252170e0eda5c0b
B01IADYY96,category_7252170e0eda5c0b
B01IADZ1R0,category_7252170e0eda5c0b
B01IADZLMK,category_7252170e0eda5c0b
B01IADZR88,category_7252170e0eda5c0b
B01IAE0G42,category_7252170e0eda5c0b
B01IAE0O4Y,category_7252170e0eda5c0b
B01IAE0TAS,category_7252170e0eda5c0b
B01IAE1D3K,category_7252170e0eda5c0b
B01IAE1HI6,category_7252170e0eda5c0b
B01IAE1IVW,category_7252170e0eda5c0b
B01IAE1UVA,category_7252170e0eda5c0b
B01IAE20BE,category_7252170e0eda5c0b
B01IAE2AIM,category_7252170e0eda5c0b
B01IAE2CC6,category_7252170e0eda5c0b
B01IAE2CSU,category_7252170e0eda5c0b
B01IAE2OM4,category_7252170e0eda5c0b
B01IAE2Q72,category_7252170e0eda5c0b
B01IAE2S20,category_7252170e0eda5c0b
B01IAE2W3A,category_7252170e0eda5c0b
B01IAE2Z8C,category_7252170e0eda5c0b
B01IAE51LK,category_7252170e0eda5c0b
B01IAEA1MY,category_7252170e0eda5c0b
B01IAEBWWM,category_7252170e0eda5c0b
B01IAEDS5Q,category_7252170e0eda5c0b
B01IAEEKR6,category_7252170e0eda5c0b
B01IAEF87W,category_7252170e0eda5c0b
B01IAEH7GC,category_7252170e0eda5c0b
B01IAEJFM6,category_7252170e0eda5c0b
B01IAEJKGC,category_7252170e0eda5c0b
B01IAEJLS4,category_7252170e0eda5c0b
B01IAEKLOM,category_7252170e0eda5c0b
B01IAEKSX6,category_7252170e0eda5c0b
B01IAEKUB6,category_7252170e0eda5c0b
B01IAEL9NE,category_7252170e0eda5c0b
B01IAELAWE,category_7252170e0eda5c0b
B01IAELEPW,category_7252170e0eda5c0b
B01IAELNPI,category_7252170e0eda5c0b
B01IAELPYC,category_7252170e0eda5c0b
B01IAELRK4,category_7252170e0eda5c0b
B01IAEM27G,category_7252170e0eda5c0b
B01IAEMQ4U,category_7252170e0eda5c0b
B01IAENEFA,category_7252170e0eda5c0b
B01IAEOQE8,category_7252170e0eda5c0b
B01IAEU5I4,category_7252170e0eda5c0b
B01IAEUCBO,category_7252170e0eda5c0b
B01IAEUQA6,category_7252170e0eda5c0b
B01IAEV8LM,category_7252170e0eda5c0b
B01IAEVGV4,category_7252170e0eda5c0b
B01IAEWFR8,category_7252170e0eda5c0b
B01IAEWVIG,category_7252170e0eda5c0b
B01IAEYJO0,category_7252170e0eda5c0b
B01IAEZIQI,category_7252170e0eda5c0b
B01IAEZOL2,category_7252170e0eda5c0b
B01IAF02Q8,category_7252170e0eda5c0b
B01IAF0KFQ,category_7252170e0eda5c0b
B01IAF1KUK,category_7252170e0eda5c0b
B01IAF1OXS,category_7252170e0eda5c0b
B01IAFD238,category_7252170e0eda5c0b
B01IAFDAD0,category_7252170e0eda5c0b
B01IAFDHTM,category_7252170e0eda5c0b
B01IAFE4D0,category_7252170e0eda5c0b
B01IAFE6JM,category_7252170e0eda5c0b
B01IAFEJ5I,category_7252170e0eda5c0b
B01IAFENK4,category_7252170e0eda5c0b
B01IAFEO3A,category_7252170e0eda5c0b
B01IAFEV74,category_7252170e0eda5c0b
B01IAFFDCQ,category_7252170e0eda5c0b
B01IAFFT4S,category_7252170e0eda5c0b
B01IAFFZ92,category_7252170e0eda5c0b
B01IAFGCV2,category_7252170e0eda5c0b
B01IAFGDIE,category_7252170e0eda5c0b
B01IAFGJWY,category_7252170e0eda5c0b
B01IAFH7LG,category_7252170e0eda5c0b
B01IAFJFMU,category_7252170e0eda5c0b
B01IAFJK66,category_7252170e0eda5c0b
B01IAFK5ME,category_7252170e0eda5c0b
B01IAFKFUQ,category_7252170e0eda5c0b
B01IAFKY8Y,category_7252170e0eda5c0b
B01IAFLRT4,category_7252170e0eda5c0b
B01IAHYINE,category_7252170e0eda5c0b
B01IAHZLMG,category_7252170e0eda5c0b
B01IASWMB8,category_7252170e0eda5c0b
B01IAUFI58,category_7252170e0eda5c0b
B01IBHZBQ6,category_7252170e0eda5c0b
B01IBJIQIE,category_7252170e0eda5c0b
B01IBMEVJY,category_7252170e0eda5c0b
B01IBVVMBA,category_7252170e0eda5c0b
B01IBXT0MQ,category_7252170e0eda5c0b
B01IC0QEQS,category_7252170e0eda5c0b
B01IC94UVK,category_7252170e0eda5c0b
B01IC9Z5Z0,category_7252170e0eda5c0b
B01ICLDQA4,category_7252170e0eda5c0b
B01ICT8HRI,category_7252170e0eda5c0b
B01ICU2CU0,category_7252170e0eda5c0b
B01IDLCVO0,category_7252170e0eda5c0b
B01IDQSW48,category_7252170e0eda5c0b
B01IDSTJS4,category_7252170e0eda5c0b
B01IDXESCG,category_7252170e0eda5c0b
B01IDYG9G8,category_7252170e0eda5c0b
B01IDYIAHE,category_7252170e0eda5c0b
B01IDYZNL0,category_7252170e0eda5c0b
B01IEHIXYK,category_7252170e0eda5c0b
B01IEP2UFA,category_7252170e0eda5c0b
B01IETKT68,category_7252170e0eda5c0b
B01IFAGI2U,category_7252170e0eda5c0b
B01IFP0XH6,category_7252170e0eda5c0b
B01IFP1L4K,category_7252170e0eda5c0b
B01IFP1NNE,category_7252170e0eda5c0b
B01IGU4ECK,category_7252170e0eda5c0b
B01IGXNWGG,category_7252170e0eda5c0b
B01IGXNWLQ,category_7252170e0eda5c0b
B01IHGV08O,category_7252170e0eda5c0b
B01IHM4080,category_7252170e0eda5c0b
B01IHM63LW,category_7252170e0eda5c0b
B01IIQVLG4,category_7252170e0eda5c0b
B01IJ4BS4A,category_d6ac68cf358b59e5
B01IJ8SJCU,category_7252170e0eda5c0b
B01IJAJI9G,category_7252170e0eda5c0b
B01IJBSYL8,category_7252170e0eda5c0b
B01IJKW0RS,category_7252170e0eda5c0b
B01IJPDVIK,category_7252170e0eda5c0b
B01IK15ZUA,category_7252170e0eda5c0b
B01IKK8RBA,category_7252170e0eda5c0b
B01IM19ZK4,category_7252170e0eda5c0b
B01IMHVF4C,category_7252170e0eda5c0b
B01IMOB6YO,category_7252170e0eda5c0b
B01IN07MNG,category_7252170e0eda5c0b
B01INR2XEW,category_7252170e0eda5c0b
B01INRIX96,category_7252170e0eda5c0b
B01INRP6LO,category_7252170e0eda5c0b
B01INZDBGS,category_7252170e0eda5c0b
B01IO5SOVO,category_7252170e0eda5c0b
B01IOYXOIS,category_7252170e0eda5c0b
B01IOZBI6M,category_7252170e0eda5c0b
B01IP8BB24,category_7252170e0eda5c0b
B01IPM8RWM,category_7252170e0eda5c0b
B01IPP2036,category_7252170e0eda5c0b
B01IPXL1DS,category_7252170e0eda5c0b
B01IQ3T9YK,category_7252170e0eda5c0b
B01IR379A0,category_7252170e0eda5c0b
B01IR7POJY,category_7252170e0eda5c0b
B01IRNZKHE,category_7252170e0eda5c0b
B01IRO0OHE,category_7252170e0eda5c0b
B01IRX4X4K,category_7252170e0eda5c0b
B01IS55MZQ,category_7252170e0eda5c0b
B01ISPK1CA,category_d6ac68cf358b59e5
B01ISXF8MK,category_7252170e0eda5c0b
B01IT27U0S,category_7252170e0eda5c0b
B01IT7527Q,category_7252170e0eda5c0b
B01IT7FFRS,category_7252170e0eda5c0b
B01ITHQSJ2,category_7252170e0eda5c0b
B01ITK59H6,category_7252170e0eda5c0b
B01ITXIX3A,category_7252170e0eda5c0b
B01IU56PFK,category_7252170e0eda5c0b
B01IUNJ3H4,category_7252170e0eda5c0b
B01IURALZS,category_7252170e0eda5c0b
B01IVMGZ3Y,category_7252170e0eda5c0b
B01IVQJIKC,category_7252170e0eda5c0b
B01IVZR37S,category_7252170e0eda5c0b
B01IW03FLU,category_7252170e0eda5c0b
B01IW817OE,category_7252170e0eda5c0b
B01IWEWF7G,category_7252170e0eda5c0b
B01IX2FMR2,category_7252170e0eda5c0b
B01IXI10GI,category_7252170e0eda5c0b
B01IYN69KO,category_7252170e0eda5c0b
B01IZODTNM,category_7252170e0eda5c0b
B01J0A7YR2,category_7252170e0eda5c0b
B01J0A9I3A,category_7252170e0eda5c0b
B01J0GSE02,category_7252170e0eda5c0b
B01J17WRGC,category_7252170e0eda5c0b
B01J1FV56C,category_7252170e0eda5c0b
B01J1JTW8Q,category_7252170e0eda5c0b
B01J278RK6,category_7252170e0eda5c0b
B01J2FJBCQ,category_7252170e0eda5c0b
B01J2REJA8,category_7252170e0eda5c0b
B01J2YE2IU,category_7252170e0eda5c0b
B01J38DFXS,category_7252170e0eda5c0b
B01J39K4Q8,category_7252170e0eda5c0b
B01J3JVC0K,category_7252170e0eda5c0b
B01J3UY67K,category_7252170e0eda5c0b
B01J4JB3WG,category_7252170e0eda5c0b
B01J4LM0VM,category_7252170e0eda5c0b
B01J4M01YE,category_7252170e0eda5c0b
B01J4SFG8O,category_7252170e0eda5c0b
B01J5C2R2M,category_7252170e0eda5c0b
B01J5ROAPO,category_7252170e0eda5c0b
B01J6INWYM,category_7252170e0eda5c0b
B01J7H4GG0,category_7252170e0eda5c0b
B01J7ODBK0,category_7252170e0eda5c0b
B01J7Q0SIG,category_7252170e0eda5c0b
B01J7QU4S0,category_7252170e0eda5c0b
B01J8FBY9S,category_7252170e0eda5c0b
B01J9PDZAS,category_7252170e0eda5c0b
B01JAGZWWA,category_7252170e0eda5c0b
B01JAH0OO0,category_7252170e0eda5c0b
B01JAPKOTC,category_7252170e0eda5c0b
B01JAQOR6M,category_7252170e0eda5c0b
B01JAYZCC2,category_7252170e0eda5c0b
B01JB08OCA,category_7252170e0eda5c0b
B01JB2WLCM,category_7252170e0eda5c0b
B01JBLOC2U,category_7252170e0eda5c0b
B01JBTJEN4,category_7252170e0eda5c0b
B01JD0UH0U,category_7252170e0eda5c0b
B01JD1DJZE,category_7252170e0eda5c0b
B01JD9TSDI,category_7252170e0eda5c0b
B01JDBTPJS,category_7252170e0eda5c0b
B01JDOGBKG,category_7252170e0eda5c0b
B01JECYFZ0,category_7252170e0eda5c0b
B01JF1JFS2,category_7252170e0eda5c0b
B01JF8IGK8,category_7252170e0eda5c0b
B01JF8UYYY,category_7252170e0eda5c0b
B01JFR8IT8,category_7252170e0eda5c0b
B01JGIYOV2,category_7252170e0eda5c0b
B01JGNN5JO,category_7252170e0eda5c0b
B01JHICEAE,category_7252170e0eda5c0b
B01JHSCATY,category_7252170e0eda5c0b
B01JIPJ3JQ,category_7252170e0eda5c0b
B01JIVNPYE,category_7252170e0eda5c0b
B01JJAFYZC,category_7252170e0eda5c0b
B01JJD5U62,category_7252170e0eda5c0b
B01JJDECYS,category_7252170e0eda5c0b
B01JKPRBMA,category_7252170e0eda5c0b
B01JM7M806,category_7252170e0eda5c0b
B01JMDTRUY,category_7252170e0eda5c0b
B01JMQ7IUC,category_7252170e0eda5c0b
B01JMYS73Q,category_7252170e0eda5c0b
B01JN0IBW6,category_7252170e0eda5c0b
B01JN0KVTM,category_7252170e0eda5c0b
B01JN6FR0O,category_7252170e0eda5c0b
B01JN6JZ5M,category_7252170e0eda5c0b
B01JO6ZPMI,category_7252170e0eda5c0b
B01JO8DEBK,category_7252170e0eda5c0b
B01JO9YGTI,category_7252170e0eda5c0b
B01JOBRICI,category_7252170e0eda5c0b
B01JOTGIHQ,category_7252170e0eda5c0b
B01JOTGTB6,category_7252170e0eda5c0b
B01JP2GRKA,category_7252170e0eda5c0b
B01JROST7K,category_7252170e0eda5c0b
B01JROZUCC,category_7252170e0eda5c0b
B01JRZXSSE,category_7252170e0eda5c0b
B01JS6HF7C,category_7252170e0eda5c0b
B01JS7LDBU,category_7252170e0eda5c0b
B01JSAX202,category_d6ac68cf358b59e5
B01JSLAGGE,category_7252170e0eda5c0b
B01JT98ZTK,category_7252170e0eda5c0b
B01JTB07TY,category_7252170e0eda5c0b
B01JTZ24UA,category_7252170e0eda5c0b
B01JU57LL6,category_7252170e0eda5c0b
B01JUBV3LY,category_7252170e0eda5c0b
B01JV91BBW,category_7252170e0eda5c0b
B01JVCJWZ6,category_7252170e0eda5c0b
B01JVDHP4U,category_7252170e0eda5c0b
B01JVJX8KO,category_7252170e0eda5c0b
B01JVRX6VC,category_7252170e0eda5c0b
B01JVS96OW,category_7252170e0eda5c0b
B01JW7X4CW,category_7252170e0eda5c0b
B01JW97CL4,category_7252170e0eda5c0b
B01JX0E6LG,category_7252170e0eda5c0b
B01JXQFEDO,category_7252170e0eda5c0b
B01JZ1QVAM,category_7252170e0eda5c0b
B01JZ7J64Y,category_7252170e0eda5c0b
B01JZ9C7BQ,category_7252170e0eda5c0b
B01JZTITS6,category_7252170e0eda5c0b
B01JZVS4JS,category_7252170e0eda5c0b
B01K1GKNTU,category_7252170e0eda5c0b
B01K1GXQ6M,category_7252170e0eda5c0b
B01K1N113A,category_7252170e0eda5c0b
B01K1TX1MI,category_7252170e0eda5c0b
B01K1W3OMC,category_7252170e0eda5c0b
B01K1WCU2W,category_7252170e0eda5c0b
B01K2H8W6O,category_7252170e0eda5c0b
B01K3AP38K,category_7252170e0eda5c0b
B01K3CH5RK,category_7252170e0eda5c0b
B01K4GS4MA,category_7252170e0eda5c0b
B01K4YWI2Y,category_7252170e0eda5c0b
B01K53ST1I,category_7252170e0eda5c0b
B01K5RWAKK,category_7252170e0eda5c0b
B01K5X5T5C,category_7252170e0eda5c0b
B01K6FY8H4,category_7252170e0eda5c0b
B01K72R8WS,category_7252170e0eda5c0b
B01K7V3J86,category_7252170e0eda5c0b
B01K7YKZHG,category_7252170e0eda5c0b
B01K83ACF6,category_7252170e0eda5c0b
B01K8QC0PI,category_7252170e0eda5c0b
B01K9DC2W6,category_7252170e0eda5c0b
B01K9SC2SK,category_7252170e0eda5c0b
B01KAHWOOC,category_7252170e0eda5c0b
B01KB8R3NW,category_7252170e0eda5c0b
B01KBGI0E0,category_7252170e0eda5c0b
B01KBJXJLQ,category_7252170e0eda5c0b
B01KBMMRAC,category_7252170e0eda5c0b
B01KCJAM9C,category_7252170e0eda5c0b
B01KCJDDKM,category_7252170e0eda5c0b
B01KCW31Z6,category_7252170e0eda5c0b
B01KEU2HU6,category_7252170e0eda5c0b
B01KF4RAG2,category_7252170e0eda5c0b
B01KF8K17S,category_7252170e0eda5c0b
B01KFKWF02,category_7252170e0eda5c0b
B01KFQ2D2Q,category_7252170e0eda5c0b
B01KGF6GMO,category_7252170e0eda5c0b
B01KGIFJSS,category_7252170e0eda5c0b
B01KH0HK78,category_7252170e0eda5c0b
B01KH0HQLS,category_7252170e0eda5c0b
B01KHGZIE4,category_7252170e0eda5c0b
B01KK4FQOK,category_7252170e0eda5c0b
B01KKDP2EA,category_7252170e0eda5c0b
B01KL1FSTA,category_7252170e0eda5c0b
B01KLDSIL8,category_7252170e0eda5c0b
B01KLEASB0,category_7252170e0eda5c0b
B01KLJVXDM,category_7252170e0eda5c0b
B01KM5VRSQ,category_7252170e0eda5c0b
B01KMVBM1C,category_7252170e0eda5c0b
B01KNHKWQG,category_7252170e0eda5c0b
B01KNR8OWU,category_7252170e0eda5c0b
B01KOBSI5I,category_7252170e0eda5c0b
B01KOW3F0A,category_7252170e0eda5c0b
B01KPCFW0A,category_7252170e0eda5c0b
B01KQ5WK8I,category_7252170e0eda5c0b
B01KRQN9E0,category_7252170e0eda5c0b
B01KSCV8ZU,category_7252170e0eda5c0b
B01KU2XCPC,category_7252170e0eda5c0b
B01KU7ZGM4,category_7252170e0eda5c0b
B01KVDOLV4,category_7252170e0eda5c0b
B01KVDSJBM,category_7252170e0eda5c0b
B01KVQ3XEM,category_7252170e0eda5c0b
B01KVQ3ZI6,category_7252170e0eda5c0b
B01KVRCZ9U,category_7252170e0eda5c0b
B01KVWH8TW,category_7252170e0eda5c0b
B01KWA1AEM,category_7252170e0eda5c0b
B01KWNAGNA,category_7252170e0eda5c0b
B01KXWST7A,category_7252170e0eda5c0b
B01KXXLNN6,category_7252170e0eda5c0b
B01KYGTEZ6,category_7252170e0eda5c0b
B01KYJX7II,category_7252170e0eda5c0b
B01KYLTFXC,category_7252170e0eda5c0b
B01KYPZ12W,category_7252170e0eda5c0b
B01KYRMMJK,category_7252170e0eda5c0b
B01KYROUBI,category_7252170e0eda5c0b
B01KYS5EVW,category_7252170e0eda5c0b
B01KZ1HFFG,category_7252170e0eda5c0b
B01KZDB2GW,category_7252170e0eda5c0b
B01L02IPQC,category_7252170e0eda5c0b
B01L0F2TPM,category_7252170e0eda5c0b
B01L0F3LA4,category_7252170e0eda5c0b
B01L0F6JIK,category_7252170e0eda5c0b
B01L0ISESA,category_7252170e0eda5c0b
B01L0KLHW8,category_7252170e0eda5c0b
B01L183J2U,category_7252170e0eda5c0b
B01L1AZE62,category_7252170e0eda5c0b
B01L29VBY6,category_7252170e0eda5c0b
B01L2D70WE,category_7252170e0eda5c0b
B01L2EHH5I,category_7252170e0eda5c0b
B01L2NM25Y,category_7252170e0eda5c0b
B01L2VR4IQ,category_7252170e0eda5c0b
B01L2WXDDA,category_7252170e0eda5c0b
B01L469S5Q,category_7252170e0eda5c0b
B01L4FG6UW,category_7252170e0eda5c0b
B01L4LT0EK,category_7252170e0eda5c0b
B01L4RYFWG,category_7252170e0eda5c0b
B01L5FRAR4,category_7252170e0eda5c0b
B01L5V9P6M,category_7252170e0eda5c0b
B01L5VEN00,category_7252170e0eda5c0b
B01L5ZKE54,category_7252170e0eda5c0b
B01L6QWHRA,category_7252170e0eda5c0b
B01L6UQZBA,category_7252170e0eda5c0b
B01L6VHB12,category_7252170e0eda5c0b
B01L6Z8BO4,category_7252170e0eda5c0b
B01L73E3YM,category_7252170e0eda5c0b
B01L7637RS,category_7252170e0eda5c0b
B01L7J0EWQ,category_7252170e0eda5c0b
B01L7T4S0U,category_7252170e0eda5c0b
B01L7Y4K0S,category_7252170e0eda5c0b
B01L87IVRW,category_7252170e0eda5c0b
B01L884CFG,category_7252170e0eda5c0b
B01L8FKQS6,category_7252170e0eda5c0b
B01L8REPS6,category_7252170e0eda5c0b
B01L8WT5BS,category_7252170e0eda5c0b
B01L94SSHC,category_7252170e0eda5c0b
B01L9IPH22,category_7252170e0eda5c0b
B01L9IROFU,category_7252170e0eda5c0b
B01L9U5RNO,category_7252170e0eda5c0b
B01L9UQ59Y,category_7252170e0eda5c0b
B01L9WSMX4,category_7252170e0eda5c0b
B01L9Z8H2W,category_7252170e0eda5c0b
B01LAF3U5U,category_7252170e0eda5c0b
B01LAJP9LE,category_7252170e0eda5c0b
B01LB1ZLGE,category_7252170e0eda5c0b
B01LBQ2FQ8,category_7252170e0eda5c0b
B01LBUSDGA,category_7252170e0eda5c0b
B01LCXJG26,category_7252170e0eda5c0b
B01LCZQY6A,category_7252170e0eda5c0b
B01LE3GULY,category_7252170e0eda5c0b
B01LE4QJS2,category_7252170e0eda5c0b
B01LENRH7U,category_7252170e0eda5c0b
B01LF75P74,category_7252170e0eda5c0b
B01LF8FVQS,category_7252170e0eda5c0b
B01LFIZ1ZY,category_7252170e0eda5c0b
B01LFUCWKO,category_7252170e0eda5c0b
B01LGOY95U,category_7252170e0eda5c0b
B01LHYL0V0,category_7252170e0eda5c0b
B01LI5FOMY,category_7252170e0eda5c0b
B01LK5T6K8,category_7252170e0eda5c0b
B01LK627I0,category_7252170e0eda5c0b
B01LKFPCGK,category_7252170e0eda5c0b
B01LKYSLDW,category_7252170e0eda5c0b
B01LMLJEWK,category_7252170e0eda5c0b
B01LMPFLLO,category_7252170e0eda5c0b
B01LN0OQYG,category_7252170e0eda5c0b
B01LNBBD2S,category_7252170e0eda5c0b
B01LNC9J2S,category_7252170e0eda5c0b
B01LNGUJEG,category_7252170e0eda5c0b
B01LNRIFW8,category_7252170e0eda5c0b
B01LQ5PQB0,category_7252170e0eda5c0b
B01LQMA1Q8,category_7252170e0eda5c0b
B01LQU6LIC,category_7252170e0eda5c0b
B01LR80A6M,category_7252170e0eda5c0b
B01LR80XBY,category_7252170e0eda5c0b
B01LR84VZ8,category_7252170e0eda5c0b
B01LR856KC,category_7252170e0eda5c0b
B01LR859KY,category_7252170e0eda5c0b
B01LR85VC0,category_7252170e0eda5c0b
B01LRYGZY2,category_7252170e0eda5c0b
B01LS7JRFM,category_7252170e0eda5c0b
B01LS7JROS,category_7252170e0eda5c0b
B01LSCJUEA,category_7252170e0eda5c0b
B01LSGLJOK,category_7252170e0eda5c0b
B01LSP3J6C,category_7252170e0eda5c0b
B01LT68V5Y,category_7252170e0eda5c0b
B01LT7KR50,category_7252170e0eda5c0b
B01LT7KV2Y,category_7252170e0eda5c0b
B01LTIODC2,category_7252170e0eda5c0b
B01LVU24T4,category_7252170e0eda5c0b
B01LVW42NJ,category_7252170e0eda5c0b
B01LVXSW1K,category_7252170e0eda5c0b
B01LVXUTH3,category_7252170e0eda5c0b
B01LW0FYD3,category_7252170e0eda5c0b
B01LW3AEGV,category_7252170e0eda5c0b
B01LW6TBP4,category_7252170e0eda5c0b
B01LW8G23J,category_7252170e0eda5c0b
B01LW95RHN,category_7252170e0eda5c0b
B01LWAB0ZB,category_7252170e0eda5c0b
B01LWBTVT3,category_7252170e0eda5c0b
B01LWE11WW,category_7252170e0eda5c0b
B01LWMF2OJ,category_7252170e0eda5c0b
B01LWMH7G2,category_7252170e0eda5c0b
B01LWOQMVN,category_7252170e0eda5c0b
B01LWTAQNL,category_7252170e0eda5c0b
B01LWVOVOQ,category_7252170e0eda5c0b
B01LX0W73Z,category_7252170e0eda5c0b
B01LX0X8Y9,category_7252170e0eda5c0b
B01LX1R596,category_7252170e0eda5c0b
B01LX1W7DS,category_7252170e0eda5c0b
B01LX8ZEDK,category_7252170e0eda5c0b
B01LX9DGM8,category_7252170e0eda5c0b
B01LXAAIND,category_7252170e0eda5c0b
B01LXAW46C,category_7252170e0eda5c0b
B01LXAXDSI,category_7252170e0eda5c0b
B01LXB2XBJ,category_7252170e0eda5c0b
B01LXBCI0A,category_7252170e0eda5c0b
B01LXBT8BY,category_7252170e0eda5c0b
B01LXBX3D3,category_7252170e0eda5c0b
B01LXCP1TF,category_7252170e0eda5c0b
B01LXD03HY,category_7252170e0eda5c0b
B01LXDUVYL,category_7252170e0eda5c0b
B01LXG1APU,category_7252170e0eda5c0b
B01LXG65K5,category_7252170e0eda5c0b
B01LXJJK3M,category_7252170e0eda5c0b
B01LXJUR7N,category_7252170e0eda5c0b
B01LXKNMJ0,category_7252170e0eda5c0b
B01LXL4JB3,category_7252170e0eda5c0b
B01LXLS5C1,category_7252170e0eda5c0b
B01LXMB3ZF,category_7252170e0eda5c0b
B01LXP88Y4,category_7252170e0eda5c0b
B01LXQTVNE,category_7252170e0eda5c0b
B01LXU70OX,category_7252170e0eda5c0b
B01LXVXVJ7,category_7252170e0eda5c0b
B01LXW4P4F,category_7252170e0eda5c0b
B01LXXII64,category_7252170e0eda5c0b
B01LXXXRNN,category_7252170e0eda5c0b
B01LXYHF2G,category_7252170e0eda5c0b
B01LXZMHS0,category_7252170e0eda5c0b
B01LY0P2KN,category_7252170e0eda5c0b
B01LY20ROT,category_7252170e0eda5c0b
B01LY46T09,category_7252170e0eda5c0b
B01LY77Z6Q,category_7252170e0eda5c0b
B01LY787Z0,category_7252170e0eda5c0b
B01LY9NKOX,category_7252170e0eda5c0b
B01LY9YNEK,category_7252170e0eda5c0b
B01LYAWNIU,category_7252170e0eda5c0b
B01LYCMIPD,category_7252170e0eda5c0b
B01LYCQ6SC,category_7252170e0eda5c0b
B01LYDBKFT,category_7252170e0eda5c0b
B01LYEC27Q,category_7252170e0eda5c0b
B01LYFHVOU,category_7252170e0eda5c0b
B01LYGMSMN,category_7252170e0eda5c0b
B01LYH0U5G,category_7252170e0eda5c0b
B01LYH7YN7,category_7252170e0eda5c0b
B01LYHHIQL,category_7252170e0eda5c0b
B01LYLFZ3V,category_7252170e0eda5c0b
B01LYLRKAD,category_7252170e0eda5c0b
B01LYM86IN,category_7252170e0eda5c0b
B01LYMKOGS,category_7252170e0eda5c0b
B01LYNKUP9,category_7252170e0eda5c0b
B01LYQLV0X,category_7252170e0eda5c0b
B01LYQQ17E,category_7252170e0eda5c0b
B01LYRNOB2,category_7252170e0eda5c0b
B01LYRPD46,category_7252170e0eda5c0b
B01LYUACZF,category_7252170e0eda5c0b
B01LYVWQE0,category_7252170e0eda5c0b
B01LYWBNGJ,category_7252170e0eda5c0b
B01LYWGTG0,category_7252170e0eda5c0b
B01LYXJ1JQ,category_7252170e0eda5c0b
B01LYXKBH6,category_7252170e0eda5c0b
B01LYZ462Z,category_d6ac68cf358b59e5
B01LZ3M60F,category_7252170e0eda5c0b
B01LZA8QP4,category_7252170e0eda5c0b
B01LZAGWJR,category_7252170e0eda5c0b
B01LZAJRQF,category_7252170e0eda5c0b
B01LZAR528,category_7252170e0eda5c0b
B01LZGL9JB,category_7252170e0eda5c0b
B01LZJ0RTY,category_7252170e0eda5c0b
B01LZJBQUP,category_7252170e0eda5c0b
B01LZJEYL3,category_7252170e0eda5c0b
B01LZJW92F,category_7252170e0eda5c0b
B01LZOAJ94,category_7252170e0eda5c0b
B01LZQPWL1,category_7252170e0eda5c0b
B01LZRPCKV,category_7252170e0eda5c0b
B01LZSVBSI,category_7252170e0eda5c0b
B01LZVM2IN,category_7252170e0eda5c0b
B01LZXJ470,category_7252170e0eda5c0b
B01LZXWCXM,category_d6ac68cf358b59e5
B01M0540D1,category_7252170e0eda5c0b
B01M054UGN,category_7252170e0eda5c0b
B01M057IUT,category_7252170e0eda5c0b
B01M05NVHY,category_7252170e0eda5c0b
B01M05XEHC,category_7252170e0eda5c0b
B01M07CRQR,category_7252170e0eda5c0b
B01M0B1KOV,category_7252170e0eda5c0b
B01M0EZ5SD,category_7252170e0eda5c0b
B01M0GEAOU,category_7252170e0eda5c0b
B01M0I6G8U,category_7252170e0eda5c0b
B01M0IG19I,category_7252170e0eda5c0b
B01M0MH96R,category_7252170e0eda5c0b
B01M0MNAAJ,category_7252170e0eda5c0b
B01M0PKXPE,category_7252170e0eda5c0b
B01M0RBD2O,category_7252170e0eda5c0b
B01M0RBMWO,category_7252170e0eda5c0b
B01M0RCAOX,category_7252170e0eda5c0b
B01M0RQ1Z1,category_7252170e0eda5c0b
B01M0VSNU0,category_7252170e0eda5c0b
B01M0WMHLS,category_7252170e0eda5c0b
B01M0XWJFD,category_7252170e0eda5c0b
B01M0ZP3I6,category_7252170e0eda5c0b
B01M1422JO,category_7252170e0eda5c0b
B01M145HVC,category_7252170e0eda5c0b
B01M14RW3Z,category_7252170e0eda5c0b
B01M15MKVT,category_7252170e0eda5c0b
B01M1B2TRO,category_7252170e0eda5c0b
B01M1CJPDG,category_7252170e0eda5c0b
B01M1CJSZH,category_7252170e0eda5c0b
B01M1DHNM4,category_7252170e0eda5c0b
B01M1EMJHZ,category_7252170e0eda5c0b
B01M1F9QNC,category_7252170e0eda5c0b
B01M1FBBP2,category_7252170e0eda5c0b
B01M1FSPK6,category_7252170e0eda5c0b
B01M1JNAA2,category_7252170e0eda5c0b
B01M1JPPKN,category_7252170e0eda5c0b
B01M1L3M91,category_7252170e0eda5c0b
B01M1MYFD3,category_7252170e0eda5c0b
B01M1NUJZN,category_7252170e0eda5c0b
B01M1OSWV0,category_7252170e0eda5c0b
B01M1RBJO1,category_7252170e0eda5c0b
B01M1RNXG4,category_7252170e0eda5c0b
B01M1RYC9M,category_7252170e0eda5c0b
B01M1UO6EQ,category_7252170e0eda5c0b
B01M1XWWM0,category_7252170e0eda5c0b
B01M1Y32CE,category_7252170e0eda5c0b
B01M24RWHM,category_7252170e0eda5c0b
B01M27E79X,category_7252170e0eda5c0b
B01M27KTYK,category_7252170e0eda5c0b
B01M29J39M,category_7252170e0eda5c0b
B01M2AZ1X6,category_7252170e0eda5c0b
B01M2BSVJ4,category_7252170e0eda5c0b
B01M2BWVTI,category_7252170e0eda5c0b
B01M2VN8TD,category_7252170e0eda5c0b
B01M2VQB89,category_7252170e0eda5c0b
B01M2VU02Q,category_7252170e0eda5c0b
B01M2WQD4C,category_7252170e0eda5c0b
B01M2YHO9A,category_7252170e0eda5c0b
B01M311WHV,category_7252170e0eda5c0b
B01M31RMBB,category_7252170e0eda5c0b
B01M32U1BK,category_7252170e0eda5c0b
B01M33LWNX,category_7252170e0eda5c0b
B01M33S84S,category_7252170e0eda5c0b
B01M346TUO,category_7252170e0eda5c0b
B01M3NRALA,category_7252170e0eda5c0b
B01M3P0RJS,category_7252170e0eda5c0b
B01M3RX75F,category_7252170e0eda5c0b
B01M3T5TC6,category_7252170e0eda5c0b
B01M3U20CO,category_7252170e0eda5c0b
B01M3X5GCS,category_7252170e0eda5c0b
B01M4I7R9U,category_7252170e0eda5c0b
B01M4IG1DK,category_7252170e0eda5c0b
B01M4KWU6I,category_7252170e0eda5c0b
B01M4LOKE4,category_7252170e0eda5c0b
B01M4LZ3FX,category_7252170e0eda5c0b
B01M4R2L98,category_7252170e0eda5c0b
B01M4RMV71,category_7252170e0eda5c0b
B01M59TMW2,category_7252170e0eda5c0b
B01M5CL0SF,category_7252170e0eda5c0b
B01M5CY0EE,category_7252170e0eda5c0b
B01M5ETLYC,category_7252170e0eda5c0b
B01M5FJ011,category_7252170e0eda5c0b
B01M5IU43N,category_7252170e0eda5c0b
B01M5JN6A3,category_7252170e0eda5c0b
B01M645L3W,category_7252170e0eda5c0b
B01M655RA6,category_7252170e0eda5c0b
B01M6693AI,category_7252170e0eda5c0b
B01M6DODFW,category_7252170e0eda5c0b
B01M6V9SH5,category_7252170e0eda5c0b
B01M6W6KGF,category_7252170e0eda5c0b
B01M6WXMFM,category_7252170e0eda5c0b
B01M6YFQTX,category_7252170e0eda5c0b
B01M6ZM5PD,category_7252170e0eda5c0b
B01M6ZNY42,category_7252170e0eda5c0b
B01M6ZT5UW,category_7252170e0eda5c0b
B01M74V0EA,category_7252170e0eda5c0b
B01M75BAJ2,category_7252170e0eda5c0b
B01M7ML1NO,category_7252170e0eda5c0b
B01M7MN0A7,category_7252170e0eda5c0b
B01M7N0QI0,category_7252170e0eda5c0b
B01M7OR06F,category_7252170e0eda5c0b
B01M7VV79U,category_7252170e0eda5c0b
B01M7X5BMT,category_7252170e0eda5c0b
B01M7X8X6K,category_7252170e0eda5c0b
B01M8FY34L,category_7252170e0eda5c0b
B01M8G6XYB,category_7252170e0eda5c0b
B01M8J6515,category_7252170e0eda5c0b
B01M8JN3UX,category_7252170e0eda5c0b
B01M8LGDL5,category_7252170e0eda5c0b
B01M8Q9GQ2,category_7252170e0eda5c0b
B01M97QYH3,category_7252170e0eda5c0b
B01M9B6SW0,category_7252170e0eda5c0b
B01M9FHKPE,category_7252170e0eda5c0b
B01M9GKAQW,category_7252170e0eda5c0b
B01M9IDHMY,category_7252170e0eda5c0b
B01M9IDT9N,category_7252170e0eda5c0b
B01M9IHPVM,category_7252170e0eda5c0b
B01M9IT9KX,category_7252170e0eda5c0b
B01MA1F1PS,category_7252170e0eda5c0b
B01MA1PPXU,category_7252170e0eda5c0b
B01MA1Z4VA,category_7252170e0eda5c0b
B01MA3F0Q2,category_7252170e0eda5c0b
B01MA4VVNQ,category_7252170e0eda5c0b
B01MA5JXZM,category_7252170e0eda5c0b
B01MATMJXF,category_7252170e0eda5c0b
B01MATQHJE,category_7252170e0eda5c0b
B01MAVYFM6,category_7252170e0eda5c0b
B01MAY2SNO,category_7252170e0eda5c0b
B01MAYLP82,category_7252170e0eda5c0b
B01MCT0UQX,category_7252170e0eda5c0b
B01MCTYRKA,category_7252170e0eda5c0b
B01MCV9VMA,category_7252170e0eda5c0b
B01MCXNGP8,category_7252170e0eda5c0b
B01MCZ0KUO,category_7252170e0eda5c0b
B01MCZLDDR,category_7252170e0eda5c0b
B01MDK92UN,category_7252170e0eda5c0b
B01MDN0IG1,category_7252170e0eda5c0b
B01MDP7VIC,category_7252170e0eda5c0b
B01MDQJQ8N,category_7252170e0eda5c0b
B01MDRN7V3,category_7252170e0eda5c0b
B01MDU308L,category_7252170e0eda5c0b
B01MDUHEYL,category_7252170e0eda5c0b
B01MEETQHU,category_7252170e0eda5c0b
B01MEF9TPR,category_7252170e0eda5c0b
B01MEGOHR5,category_7252170e0eda5c0b
B01MEH6D3I,category_7252170e0eda5c0b
B01MEHOWGY,category_7252170e0eda5c0b
B01MF6W7QU,category_7252170e0eda5c0b
B01MFCU789,category_7252170e0eda5c0b
B01MFDDUVX,category_7252170e0eda5c0b
B01MFDE44J,category_7252170e0eda5c0b
B01MFDJQHC,category_7252170e0eda5c0b
B01MFGSUTQ,category_7252170e0eda5c0b
B01MFH7IPC,category_7252170e0eda5c0b
B01MG01PMM,category_7252170e0eda5c0b
B01MG1C3RZ,category_7252170e0eda5c0b
B01MG3YCET,category_7252170e0eda5c0b
B01MG549LU,category_7252170e0eda5c0b
B01MG7UDPJ,category_7252170e0eda5c0b
B01MG85TKR,category_7252170e0eda5c0b
B01MPY9VAP,category_7252170e0eda5c0b
B01MQ12GYP,category_7252170e0eda5c0b
B01MQ4W0TQ,category_7252170e0eda5c0b
B01MQDKHUH,category_7252170e0eda5c0b
B01MQFJT6A,category_7252170e0eda5c0b
B01MQG5599,category_7252170e0eda5c0b
B01MQK5ZNM,category_7252170e0eda5c0b
B01MQLTBRC,category_7252170e0eda5c0b
B01MQP5AOQ,category_7252170e0eda5c0b
B01MQPWDMZ,category_7252170e0eda5c0b
B01MQQ5GY1,category_7252170e0eda5c0b
B01MQRDRZO,category_7252170e0eda5c0b
B01MQTKWRB,category_7252170e0eda5c0b
B01MQV611Q,category_7252170e0eda5c0b
B01MQX75DX,category_7252170e0eda5c0b
B01MQY0TEZ,category_7252170e0eda5c0b
B01MQZZTTX,category_7252170e0eda5c0b
B01MR3GNZW,category_7252170e0eda5c0b
B01MR3GOFA,category_7252170e0eda5c0b
B01MRHN8AY,category_7252170e0eda5c0b
B01MRI34YL,category_7252170e0eda5c0b
B01MRK8OAU,category_7252170e0eda5c0b
B01MRM0BZA,category_7252170e0eda5c0b
B01MRN94HQ,category_7252170e0eda5c0b
B01MRNP88P,category_7252170e0eda5c0b
B01MRQJ88Q,category_7252170e0eda5c0b
B01MRTBGIU,category_7252170e0eda5c0b
B01MRV3ZXV,category_7252170e0eda5c0b
B01MRVAFTZ,category_7252170e0eda5c0b
B01MRVRR0J,category_7252170e0eda5c0b
B01MRWMKUU,category_7252170e0eda5c0b
B01MRXSVW1,category_7252170e0eda5c0b
B01MRXYNXE,category_7252170e0eda5c0b
B01MRY35RY,category_7252170e0eda5c0b
B01MS08Z2N,category_7252170e0eda5c0b
B01MS1U891,category_7252170e0eda5c0b
B01MS27GFM,category_7252170e0eda5c0b
B01MS4LHFR,category_7252170e0eda5c0b
B01MS4WRG1,category_7252170e0eda5c0b
B01MS5GGQO,category_7252170e0eda5c0b
B01MS6I5DD,category_7252170e0eda5c0b
B01MS8SQAA,category_7252170e0eda5c0b
B01MS91W2V,category_7252170e0eda5c0b
B01MS9XAL2,category_7252170e0eda5c0b
B01MSF11I8,category_d6ac68cf358b59e5
B01MSHC70L,category_7252170e0eda5c0b
B01MSIOB26,category_7252170e0eda5c0b
B01MSJI2G8,category_7252170e0eda5c0b
B01MSJI75O,category_7252170e0eda5c0b
B01MSK3OIK,category_7252170e0eda5c0b
B01MSM2ZHV,category_7252170e0eda5c0b
B01MSME3AW,category_7252170e0eda5c0b
B01MSMH8FC,category_7252170e0eda5c0b
B01MSO5VIO,category_7252170e0eda5c0b
B01MSOVDRP,category_7252170e0eda5c0b
B01MSR63V3,category_7252170e0eda5c0b
B01MSS753H,category_7252170e0eda5c0b
B01MSSMAGT,category_7252170e0eda5c0b
B01MSTOUFN,category_7252170e0eda5c0b
B01MSUESTJ,category_7252170e0eda5c0b
B01MSWJLCW,category_7252170e0eda5c0b
B01MSY6JYS,category_7252170e0eda5c0b
B01MSZWA8K,category_7252170e0eda5c0b
B01MT0675R,category_7252170e0eda5c0b
B01MT21EMZ,category_7252170e0eda5c0b
B01MT22JCY,category_7252170e0eda5c0b
B01MT6FPWO,category_7252170e0eda5c0b
B01MT8103K,category_7252170e0eda5c0b
B01MT92LHH,category_7252170e0eda5c0b
B01MTCFAVB,category_7252170e0eda5c0b
B01MTCHMXY,category_7252170e0eda5c0b
B01MTCQLIJ,category_7252170e0eda5c0b
B01MTD1F2Q,category_7252170e0eda5c0b
B01MTDAGAQ,category_7252170e0eda5c0b
B01MTGF6HG,category_7252170e0eda5c0b
B01MTIOTUA,category_7252170e0eda5c0b
B01MTJTKRC,category_7252170e0eda5c0b
B01MTK3Q9D,category_7252170e0eda5c0b
B01MTKCU9L,category_7252170e0eda5c0b
B01MTLSXGG,category_7252170e0eda5c0b
B01MTLTQQJ,category_7252170e0eda5c0b
B01MTLVMNF,category_7252170e0eda5c0b
B01MTN9632,category_7252170e0eda5c0b
B01MTO64ST,category_7252170e0eda5c0b
B01MTOUMKQ,category_7252170e0eda5c0b
B01MTPJF9G,category_7252170e0eda5c0b
B01MTQ5C17,category_7252170e0eda5c0b
B01MU1BU7N,category_7252170e0eda5c0b
B01MU5WV85,category_7252170e0eda5c0b
B01MU70K5B,category_7252170e0eda5c0b
B01MU8293D,category_7252170e0eda5c0b
B01MU8TSB8,category_7252170e0eda5c0b
B01MU9HLZB,category_7252170e0eda5c0b
B01MUBDITE,category_7252170e0eda5c0b
B01MUBFGCE,category_7252170e0eda5c0b
B01MUBJA0T,category_7252170e0eda5c0b
B01MUDVXDM,category_7252170e0eda5c0b
B01MUEKLCI,category_7252170e0eda5c0b
B01MUEV3RJ,category_7252170e0eda5c0b
B01MUGLGP7,category_7252170e0eda5c0b
B01MUGMSAF,category_7252170e0eda5c0b
B01MUVKUQM,category_7252170e0eda5c0b
B01MUWBFXG,category_7252170e0eda5c0b
B01MUWGLBV,category_7252170e0eda5c0b
B01MV6JFOG,category_7252170e0eda5c0b
B01MXF3FAP,category_7252170e0eda5c0b
B01MXI6YW0,category_7252170e0eda5c0b
B01MXLAV65,category_7252170e0eda5c0b
B01MXOG8OC,category_7252170e0eda5c0b
B01MXOV0MS,category_7252170e0eda5c0b
B01MXSQV4U,category_7252170e0eda5c0b
B01MXU09JC,category_7252170e0eda5c0b
B01MXVA98Y,category_7252170e0eda5c0b
B01MXX1B7R,category_7252170e0eda5c0b
B01MXYSXWM,category_7252170e0eda5c0b
B01MXZ5FIX,category_d6ac68cf358b59e5
B01MY04R1Y,category_7252170e0eda5c0b
B01MY276YX,category_7252170e0eda5c0b
B01MY3A871,category_7252170e0eda5c0b
B01MY5KYJC,category_7252170e0eda5c0b
B01MY5N8BP,category_7252170e0eda5c0b
B01MY7A2H5,category_7252170e0eda5c0b
B01MY7ZHLJ,category_7252170e0eda5c0b
B01MYC78TD,category_7252170e0eda5c0b
B01MYFCS6R,category_7252170e0eda5c0b
B01MYGMJQ4,category_7252170e0eda5c0b
B01MYNJ37M,category_7252170e0eda5c0b
B01MYNQJ52,category_7252170e0eda5c0b
B01MYO1P1U,category_7252170e0eda5c0b
B01MYQWQEO,category_7252170e0eda5c0b
B01MYRY7KX,category_7252170e0eda5c0b
B01MYSKMTH,category_7252170e0eda5c0b
B01MYTII9P,category_7252170e0eda5c0b
B01MYTSTVM,category_7252170e0eda5c0b
B01MYWQV3J,category_7252170e0eda5c0b
B01MYXU0JM,category_7252170e0eda5c0b
B01MYY549O,category_7252170e0eda5c0b
B01MYYYK8S,category_7252170e0eda5c0b
B01MZ1U3AA,category_7252170e0eda5c0b
B01MZ2OJWJ,category_7252170e0eda5c0b
B01MZ3FRKJ,category_7252170e0eda5c0b
B01MZ4IMKE,category_7252170e0eda5c0b
B01MZ4MK32,category_7252170e0eda5c0b
B01MZ5XBGV,category_7252170e0eda5c0b
B01MZ61IPO,category_7252170e0eda5c0b
B01MZ8FF9W,category_7252170e0eda5c0b
B01MZA97UH,category_7252170e0eda5c0b
B01MZBVAH7,category_7252170e0eda5c0b
B01MZCXXM8,category_7252170e0eda5c0b
B01MZDLYG7,category_7252170e0eda5c0b
B01MZEYV1Q,category_7252170e0eda5c0b
B01MZH6WEZ,category_7252170e0eda5c0b
B01MZYX0FK,category_7252170e0eda5c0b
B01N00W5P7,category_7252170e0eda5c0b
B01N01WVMJ,category_7252170e0eda5c0b
B01N02WZIX,category_7252170e0eda5c0b
B01N0338MN,category_7252170e0eda5c0b
B01N05NKKU,category_7252170e0eda5c0b
B01N062C2F,category_7252170e0eda5c0b
B01N077LM7,category_7252170e0eda5c0b
B01N07XHR7,category_7252170e0eda5c0b
B01N08QFJM,category_7252170e0eda5c0b
B01N095AU2,category_7252170e0eda5c0b
B01N0AUU5M,category_7252170e0eda5c0b
B01N0B5Q7B,category_7252170e0eda5c0b
B01N0GF2GF,category_7252170e0eda5c0b
B01N0IF9Z1,category_7252170e0eda5c0b
B01N0K7PED,category_7252170e0eda5c0b
B01N0MDLW2,category_7252170e0eda5c0b
B01N0OJKW2,category_7252170e0eda5c0b
B01N0OO5OJ,category_7252170e0eda5c0b
B01N0P56JQ,category_7252170e0eda5c0b
B01N0TRGHL,category_7252170e0eda5c0b
B01N0UHR9F,category_7252170e0eda5c0b
B01N0USYPL,category_7252170e0eda5c0b
B01N0VK68I,category_7252170e0eda5c0b
B01N0XVJIT,category_7252170e0eda5c0b
B01N0Y8KDE,category_7252170e0eda5c0b
B01N0YJWXF,category_7252170e0eda5c0b
B01N0ZNJ78,category_7252170e0eda5c0b
B01N11NALM,category_7252170e0eda5c0b
B01N122VWL,category_7252170e0eda5c0b
B01N12V6GM,category_7252170e0eda5c0b
B01N1386VX,category_7252170e0eda5c0b
B01N13TKEV,category_7252170e0eda5c0b
B01N14BMFY,category_7252170e0eda5c0b
B01N17Z8UJ,category_7252170e0eda5c0b
B01N18P0FC,category_7252170e0eda5c0b
B01N19WML3,category_7252170e0eda5c0b
B01N19Y1HT,category_7252170e0eda5c0b
B01N1F6SDB,category_7252170e0eda5c0b
B01N1FB7E4,category_7252170e0eda5c0b
B01N1FD7M1,category_7252170e0eda5c0b
B01N1G9RLR,category_7252170e0eda5c0b
B01N1H5989,category_7252170e0eda5c0b
B01N1IEN0A,category_7252170e0eda5c0b
B01N1Q396B,category_7252170e0eda5c0b
B01N1RDUIE,category_7252170e0eda5c0b
B01N1T1KOG,category_7252170e0eda5c0b
B01N1UUETU,category_7252170e0eda5c0b
B01N1UWCM3,category_7252170e0eda5c0b
B01N1VCT8U,category_7252170e0eda5c0b
B01N1WM96U,category_7252170e0eda5c0b
B01N1XTMUP,category_7252170e0eda5c0b
B01N1ZSR2D,category_7252170e0eda5c0b
B01N20YY2A,category_7252170e0eda5c0b
B01N21HAYJ,category_7252170e0eda5c0b
B01N21WKVU,category_7252170e0eda5c0b
B01N228154,category_7252170e0eda5c0b
B01N22XR2U,category_7252170e0eda5c0b
B01N230BY3,category_7252170e0eda5c0b
B01N242HLA,category_7252170e0eda5c0b
B01N25GNDG,category_7252170e0eda5c0b
B01N2BBMRB,category_7252170e0eda5c0b
B01N2BILUM,category_7252170e0eda5c0b
B01N2JLUJE,category_7252170e0eda5c0b
B01N2OTSPJ,category_7252170e0eda5c0b
B01N2TT696,category_7252170e0eda5c0b
B01N2UMISU,category_7252170e0eda5c0b
B01N2VI3N9,category_7252170e0eda5c0b
B01N2VU56F,category_7252170e0eda5c0b
B01N2ZJARI,category_7252170e0eda5c0b
B01N2ZZ6JF,category_7252170e0eda5c0b
B01N30M5A3,category_7252170e0eda5c0b
B01N317OLN,category_7252170e0eda5c0b
B01N32VJJK,category_7252170e0eda5c0b
B01N33WGSC,category_7252170e0eda5c0b
B01N34CTZW,category_7252170e0eda5c0b
B01N384YIP,category_7252170e0eda5c0b
B01N39ZPJB,category_7252170e0eda5c0b
B01N3CEYD8,category_7252170e0eda5c0b
B01N3CMS5D,category_7252170e0eda5c0b
B01N3JPJKM,category_7252170e0eda5c0b
B01N3LRPCY,category_7252170e0eda5c0b
B01N3LSN26,category_7252170e0eda5c0b
B01N3N45ID,category_7252170e0eda5c0b
B01N3OHBG9,category_7252170e0eda5c0b
B01N3OP12Z,category_7252170e0eda5c0b
B01N3SFXPH,category_7252170e0eda5c0b
B01N3UDEED,category_7252170e0eda5c0b
B01N3Z1O66,category_7252170e0eda5c0b
B01N3ZDULU,category_7252170e0eda5c0b
B01N41CERY,category_7252170e0eda5c0b
B01N460W5Z,category_7252170e0eda5c0b
B01N468LLZ,category_7252170e0eda5c0b
B01N471UV9,category_7252170e0eda5c0b
B01N47Y2O7,category_7252170e0eda5c0b
B01N4885PD,category_7252170e0eda5c0b
B01N4AOL9H,category_7252170e0eda5c0b
B01N4D1L4O,category_7252170e0eda5c0b
B01N4E8BYO,category_7252170e0eda5c0b
B01N4ESAPF,category_7252170e0eda5c0b
B01N4GHCQ2,category_7252170e0eda5c0b
B01N4IMJ86,category_7252170e0eda5c0b
B01N4K6K9M,category_7252170e0eda5c0b
B01N4KWW5D,category_7252170e0eda5c0b
B01N4L6AXR,category_7252170e0eda5c0b
B01N4P8YKX,category_7252170e0eda5c0b
B01N4PGNJC,category_7252170e0eda5c0b
B01N4SHVCI,category_7252170e0eda5c0b
B01N4TN2SE,category_7252170e0eda5c0b
B01N4UDRC8,category_7252170e0eda5c0b
B01N4WN8BW,category_7252170e0eda5c0b
B01N4WYXG0,category_7252170e0eda5c0b
B01N52FVCW,category_7252170e0eda5c0b
B01N571R8N,category_7252170e0eda5c0b
B01N5753ON,category_7252170e0eda5c0b
B01N5AP09D,category_7252170e0eda5c0b
B01N5AZWYJ,category_7252170e0eda5c0b
B01N5DN3GF,category_7252170e0eda5c0b
B01N5DRSRM,category_7252170e0eda5c0b
B01N5E4R6O,category_7252170e0eda5c0b
B01N5F8ZC8,category_7252170e0eda5c0b
B01N5FTJ09,category_7252170e0eda5c0b
B01N5IT880,category_7252170e0eda5c0b
B01N5K23BK,category_7252170e0eda5c0b
B01N5KSWMT,category_7252170e0eda5c0b
B01N5KTKAX,category_7252170e0eda5c0b
B01N5L3FBA,category_7252170e0eda5c0b
B01N5OH15T,category_7252170e0eda5c0b
B01N5PCFVH,category_7252170e0eda5c0b
B01N5Q9HIC,category_7252170e0eda5c0b
B01N5QHPH6,category_7252170e0eda5c0b
B01N5SL2MJ,category_7252170e0eda5c0b
B01N5Y3YWU,category_7252170e0eda5c0b
B01N64FZ1D,category_7252170e0eda5c0b
B01N64WHK3,category_7252170e0eda5c0b
B01N65MB1S,category_7252170e0eda5c0b
B01N68873W,category_7252170e0eda5c0b
B01N6ARODL,category_7252170e0eda5c0b
B01N6AXAV6,category_7252170e0eda5c0b
B01N6C5YYF,category_7252170e0eda5c0b
B01N6E0JJ8,category_7252170e0eda5c0b
B01N6ED91O,category_7252170e0eda5c0b
B01N6FY67F,category_7252170e0eda5c0b
B01N6FYA84,category_7252170e0eda5c0b
B01N6J0NGK,category_7252170e0eda5c0b
B01N6K1S3K,category_7252170e0eda5c0b
B01N6L2EPP,category_7252170e0eda5c0b
B01N6L7CL7,category_7252170e0eda5c0b
B01N6O1SFJ,category_7252170e0eda5c0b
B01N6OA85H,category_7252170e0eda5c0b
B01N6P56GT,category_7252170e0eda5c0b
B01N6PTZ7K,category_7252170e0eda5c0b
B01N6SZH6R,category_7252170e0eda5c0b
B01N6TJWSD,category_7252170e0eda5c0b
B01N6U873R,category_7252170e0eda5c0b
B01N6UPD2H,category_7252170e0eda5c0b
B01N6W1URB,category_7252170e0eda5c0b
B01N6Y0DV8,category_7252170e0eda5c0b
B01N6ZPNYM,category_7252170e0eda5c0b
B01N75NAYM,category_7252170e0eda5c0b
B01N75SUK4,category_7252170e0eda5c0b
B01N75ZD2M,category_7252170e0eda5c0b
B01N7605RY,category_7252170e0eda5c0b
B01N7678TA,category_7252170e0eda5c0b
B01N76Q860,category_7252170e0eda5c0b
B01N79JW0L,category_7252170e0eda5c0b
B01N79WVKE,category_7252170e0eda5c0b
B01N7GG0JW,category_7252170e0eda5c0b
B01N7GL12O,category_7252170e0eda5c0b
B01N7GX3XP,category_7252170e0eda5c0b
B01N7IOQES,category_7252170e0eda5c0b
B01N7IUPAZ,category_7252170e0eda5c0b
B01N7J43YP,category_7252170e0eda5c0b
B01N7J786N,category_7252170e0eda5c0b
B01N7NIC0K,category_7252170e0eda5c0b
B01N7QCP9T,category_7252170e0eda5c0b
B01N7QR4FG,category_7252170e0eda5c0b
B01N7T3KCG,category_7252170e0eda5c0b
B01N7V49RS,category_7252170e0eda5c0b
B01N7YLLZ5,category_7252170e0eda5c0b
B01N7ZCRC6,category_7252170e0eda5c0b
B01N803DMR,category_7252170e0eda5c0b
B01N815NLG,category_7252170e0eda5c0b
B01N81E03F,category_7252170e0eda5c0b
B01N8PPMV6,category_7252170e0eda5c0b
B01N8QK2K3,category_7252170e0eda5c0b
B01N8RW5IW,category_7252170e0eda5c0b
B01N8TKLD3,category_7252170e0eda5c0b
B01N8TTAAK,category_7252170e0eda5c0b
B01N8U4A91,category_7252170e0eda5c0b
B01N8WRU2E,category_7252170e0eda5c0b
B01N8WY9GF,category_7252170e0eda5c0b
B01N8ZNJD2,category_7252170e0eda5c0b
B01N914AIM,category_7252170e0eda5c0b
B01N97T1IL,category_7252170e0eda5c0b
B01N9FZHE0,category_7252170e0eda5c0b
B01N9G5GR1,category_7252170e0eda5c0b
B01N9I1OQ2,category_7252170e0eda5c0b
B01N9I42I0,category_7252170e0eda5c0b
B01N9KIZTQ,category_7252170e0eda5c0b
B01N9M29DW,category_7252170e0eda5c0b
B01N9MBCLW,category_7252170e0eda5c0b
B01N9NNS10,category_7252170e0eda5c0b
B01N9OBQU2,category_7252170e0eda5c0b
B01N9OGW90,category_7252170e0eda5c0b
B01N9PBPC8,category_7252170e0eda5c0b
B01N9TSM2V,category_7252170e0eda5c0b
B01N9VOVP5,category_7252170e0eda5c0b
B01N9VRVQZ,category_7252170e0eda5c0b
B01N9XNC9J,category_7252170e0eda5c0b
B01N9XXZAV,category_7252170e0eda5c0b
B01N9YLL46,category_7252170e0eda5c0b
B01NA069WA,category_7252170e0eda5c0b
B01NA085PM,category_7252170e0eda5c0b
B01NA6RMLJ,category_7252170e0eda5c0b
B01NA6WSCH,category_7252170e0eda5c0b
B01NAGFL1V,category_7252170e0eda5c0b
B01NAGSZLU,category_7252170e0eda5c0b
B01NAHKM0G,category_7252170e0eda5c0b
B01NAJMM7W,category_7252170e0eda5c0b
B01NAN4J5I,category_7252170e0eda5c0b
B01NAPNLIW,category_7252170e0eda5c0b
B01NAQDKWJ,category_7252170e0eda5c0b
B01NAQU2AI,category_7252170e0eda5c0b
B01NARYPLF,category_7252170e0eda5c0b
B01NAS4411,category_7252170e0eda5c0b
B01NAWAYDG,category_7252170e0eda5c0b
B01NAZHOW8,category_7252170e0eda5c0b
B01NB16J2O,category_7252170e0eda5c0b
B01NB9C4TM,category_7252170e0eda5c0b
B01NBCJQPP,category_7252170e0eda5c0b
B01NBJU3A5,category_7252170e0eda5c0b
B01NBNX5DA,category_7252170e0eda5c0b
B01NBTC04E,category_7252170e0eda5c0b
B01NBW05OC,category_7252170e0eda5c0b
B01NBXKH35,category_7252170e0eda5c0b
B01NBYJ6PV,category_7252170e0eda5c0b
B01NBZ4MPN,category_7252170e0eda5c0b
B01NC2INLZ,category_7252170e0eda5c0b
B01NCEIZWQ,category_7252170e0eda5c0b
B01NCEPI1L,category_7252170e0eda5c0b
B01NCIWW6Y,category_7252170e0eda5c0b
B01NCK77JE,category_7252170e0eda5c0b
B01NCKIGNN,category_7252170e0eda5c0b
B01NCKOUP8,category_7252170e0eda5c0b
B01NCKTDTE,category_7252170e0eda5c0b
B01NCKZW20,category_7252170e0eda5c0b
B01NCLPVS4,category_7252170e0eda5c0b
B01NCLS3MS,category_7252170e0eda5c0b
B01NCO21T1,category_7252170e0eda5c0b
B01NCOQ12D,category_7252170e0eda5c0b
B01NCUVGO7,category_7252170e0eda5c0b
B01NCW8FAS,category_7252170e0eda5c0b
B01NCX8Y5V,category_7252170e0eda5c0b
B01NCY6667,category_7252170e0eda5c0b
B01ND3ZJJ3,category_7252170e0eda5c0b
B01NGTO9JA,category_7252170e0eda5c0b
B01NGU035M,category_7252170e0eda5c0b
B01NGZCWP5,category_7252170e0eda5c0b
B01NH033FL,category_7252170e0eda5c0b
B06VSLD2N7,category_7252170e0eda5c0b
B06VSMTK9W,category_7252170e0eda5c0b
B06VTHJ2GW,category_7252170e0eda5c0b
B06VTPDMLY,category_7252170e0eda5c0b
B06VTY1JXF,category_7252170e0eda5c0b
B06VVK4VNF,category_7252170e0eda5c0b
B06VVT6251,category_7252170e0eda5c0b
B06VVVCXBM,category_7252170e0eda5c0b
B06VWCJCHH,category_7252170e0eda5c0b
B06VWV8BXH,category_7252170e0eda5c0b
B06VXY8CNC,category_7252170e0eda5c0b
B06W2G11VH,category_7252170e0eda5c0b
B06W2G5X2C,category_7252170e0eda5c0b
B06W2K5ZFX,category_7252170e0eda5c0b
B06W56W2P1,category_7252170e0eda5c0b
B06W574G5Q,category_7252170e0eda5c0b
B06W587MCK,category_7252170e0eda5c0b
B06W588LSQ,category_7252170e0eda5c0b
B06W5HKMHM,category_7252170e0eda5c0b
B06W5SS84P,category_7252170e0eda5c0b
B06W9KPLVK,category_7252170e0eda5c0b
B06WD112HZ,category_7252170e0eda5c0b
B06WD2NT1S,category_7252170e0eda5c0b
B06WD67JFM,category_7252170e0eda5c0b
B06WGMFCRS,category_7252170e0eda5c0b
B06WGN6KHV,category_7252170e0eda5c0b
B06WGPYW54,category_7252170e0eda5c0b
B06WGQRP9B,category_7252170e0eda5c0b
B06WGTVK8P,category_7252170e0eda5c0b
B06WGYH8NS,category_7252170e0eda5c0b
B06WLH4T4C,category_7252170e0eda5c0b
B06WLKPBNF,category_7252170e0eda5c0b
B06WP1ZDRR,category_7252170e0eda5c0b
B06WP3R84N,category_7252170e0eda5c0b
B06WP5PSJH,category_7252170e0eda5c0b
B06WP5Q6BW,category_7252170e0eda5c0b
B06WRQSSBD,category_7252170e0eda5c0b
B06WRQXG4V,category_7252170e0eda5c0b
B06WRR3CPY,category_7252170e0eda5c0b
B06WRSMR1P,category_7252170e0eda5c0b
B06WV6LV33,category_7252170e0eda5c0b
B06WV8BCWZ,category_7252170e0eda5c0b
B06WVGCK8V,category_7252170e0eda5c0b
B06WVHT752,category_7252170e0eda5c0b
B06WVHTPWB,category_7252170e0eda5c0b
B06WVKJZMB,category_7252170e0eda5c0b
B06WVMCMD1,category_7252170e0eda5c0b
B06WVRTJJ3,category_7252170e0eda5c0b
B06WVYMKJ4,category_7252170e0eda5c0b
B06WWGJ47M,category_7252170e0eda5c0b
B06WWP3FL7,category_7252170e0eda5c0b
B06WXXBZQL,category_7252170e0eda5c0b
B06X18NFXL,category_7252170e0eda5c0b
B06X19P7Y6,category_7252170e0eda5c0b
B06X1B5XDW,category_7252170e0eda5c0b
B06X3R7MXJ,category_7252170e0eda5c0b
B06X3VF1TC,category_7252170e0eda5c0b
B06X3W5Z4Q,category_7252170e0eda5c0b
B06X3WVWYR,category_7252170e0eda5c0b
B06X6DWMVM,category_7252170e0eda5c0b
B06X6FFQZM,category_7252170e0eda5c0b
B06X6FRYD9,category_7252170e0eda5c0b
B06X6G1MDB,category_7252170e0eda5c0b
B06X6JVBGP,category_7252170e0eda5c0b
B06X6LW14H,category_7252170e0eda5c0b
B06X6MMDSV,category_7252170e0eda5c0b
B06X6MTZZD,category_7252170e0eda5c0b
B06X91YVJF,category_7252170e0eda5c0b
B06X9B7GCY,category_7252170e0eda5c0b
B06X9BLS6B,category_7252170e0eda5c0b
B06X9H6ZRT,category_7252170e0eda5c0b
B06X9Q5QPH,category_7252170e0eda5c0b
B06X9QCNBX,category_7252170e0eda5c0b
B06X9QDPZW,category_7252170e0eda5c0b
B06XBBZ8F5,category_7252170e0eda5c0b
B06XBHF42Q,category_7252170e0eda5c0b
B06XBL3WD3,category_7252170e0eda5c0b
B06XBP819W,category_d6ac68cf358b59e5
B06XBZ961R,category_7252170e0eda5c0b
B06XC1MP4X,category_7252170e0eda5c0b
B06XC5JRZ6,category_7252170e0eda5c0b
B06XC74KQS,category_7252170e0eda5c0b
B06XC95XQ8,category_7252170e0eda5c0b
B06XC9YLR2,category_7252170e0eda5c0b
B06XCD9SDW,category_7252170e0eda5c0b
B06XCF3M5G,category_7252170e0eda5c0b
B06XCG2J2F,category_7252170e0eda5c0b
B06XCH4JXP,category_7252170e0eda5c0b
B06XCH825J,category_7252170e0eda5c0b
B06XCNBRJK,category_7252170e0eda5c0b
B06XCPTWMY,category_7252170e0eda5c0b
B06XCTF3YB,category_7252170e0eda5c0b
B06XCVC7FL,category_7252170e0eda5c0b
B06XCVHGYZ,category_7252170e0eda5c0b
B06XCZ5T5Q,category_7252170e0eda5c0b
B06XCZNM9L,category_7252170e0eda5c0b
B06XD1W627,category_7252170e0eda5c0b
B06XD5H21D,category_7252170e0eda5c0b
B06XD5THK8,category_7252170e0eda5c0b
B06XD689GZ,category_7252170e0eda5c0b
B06XD7WFDC,category_7252170e0eda5c0b
B06XD7Z159,category_7252170e0eda5c0b
B06XD8CRP1,category_7252170e0eda5c0b
B06XDB794J,category_7252170e0eda5c0b
B06XDD1WWT,category_7252170e0eda5c0b
B06XDGCD2B,category_7252170e0eda5c0b
B06XDH2PLH,category_7252170e0eda5c0b
B06XDHWW98,category_7252170e0eda5c0b
B06XDLPV71,category_7252170e0eda5c0b
B06XDNS62Z,category_7252170e0eda5c0b
B06XDPGZVS,category_7252170e0eda5c0b
B06XDQRTLB,category_7252170e0eda5c0b
B06XF2KT39,category_7252170e0eda5c0b
B06XF82JVQ,category_7252170e0eda5c0b
B06XF87XP7,category_7252170e0eda5c0b
B06XFD376B,category_7252170e0eda5c0b
B06XFG698Z,category_7252170e0eda5c0b
B06XFMV3VP,category_7252170e0eda5c0b
B06XFQK412,category_7252170e0eda5c0b
B06XFVX3ZF,category_7252170e0eda5c0b
B06XFW8LK9,category_7252170e0eda5c0b
B06XFX6MR4,category_7252170e0eda5c0b
B06XFY9HPY,category_7252170e0eda5c0b
B06XFY9HZY,category_7252170e0eda5c0b
B06XG4H3XP,category_7252170e0eda5c0b
B06XG7QGS8,category_7252170e0eda5c0b
B06XG8VYGZ,category_7252170e0eda5c0b
B06XGBTCN7,category_7252170e0eda5c0b
B06XGGHYTZ,category_7252170e0eda5c0b
B06XGNJXGL,category_7252170e0eda5c0b
B06XGRRRPF,category_7252170e0eda5c0b
B06XGSLBPV,category_7252170e0eda5c0b
B06XGSRY15,category_7252170e0eda5c0b
B06XGX2QT1,category_7252170e0eda5c0b
B06XGX5772,category_7252170e0eda5c0b
B06XGXGN2W,category_7252170e0eda5c0b
B06XGY53YW,category_7252170e0eda5c0b
B06XHF4TK7,category_7252170e0eda5c0b
B06XHH4B2R,category_7252170e0eda5c0b
B06XHMFLPJ,category_7252170e0eda5c0b
B06XHNN74Y,category_7252170e0eda5c0b
B06XHPHHR4,category_7252170e0eda5c0b
B06XHVDMZ3,category_7252170e0eda5c0b
B06XHVGWY2,category_7252170e0eda5c0b
B06XHVL45R,category_7252170e0eda5c0b
B06XHXXSJT,category_7252170e0eda5c0b
B06XJ6199D,category_7252170e0eda5c0b
B06XJ73986,category_7252170e0eda5c0b
B06XJ82VY7,category_7252170e0eda5c0b
B06XJ9HFTP,category_7252170e0eda5c0b
B06XJNK8WM,category_7252170e0eda5c0b
B06XJQKWBZ,category_7252170e0eda5c0b
B06XJS96PF,category_7252170e0eda5c0b
B06XJWZ8J1,category_7252170e0eda5c0b
B06XJZ7955,category_7252170e0eda5c0b
B06XK1TWD3,category_7252170e0eda5c0b
B06XK5RJMR,category_7252170e0eda5c0b
B06XK5T4YQ,category_7252170e0eda5c0b
B06XKB6CG6,category_7252170e0eda5c0b
B06XKKR6Y4,category_7252170e0eda5c0b
B06XKMKNDD,category_7252170e0eda5c0b
B06XKND2MW,category_7252170e0eda5c0b
B06XKP91H4,category_7252170e0eda5c0b
B06XKPNBRW,category_7252170e0eda5c0b
B06XKV1ZN5,category_7252170e0eda5c0b
B06XKZ13SP,category_7252170e0eda5c0b
B06XKZH4Q3,category_7252170e0eda5c0b
B06XKZNVS1,category_7252170e0eda5c0b
B06XMXPRMB,category_7252170e0eda5c0b
B06XN57TSK,category_7252170e0eda5c0b
B06XN5JLY5,category_7252170e0eda5c0b
B06XNLTVV2,category_7252170e0eda5c0b
B06XNMXGPF,category_7252170e0eda5c0b
B06XNN2ZD6,category_7252170e0eda5c0b
B06XNNX313,category_7252170e0eda5c0b
B06XNRL56P,category_7252170e0eda5c0b
B06XNVB6J2,category_7252170e0eda5c0b
B06XP5616S,category_7252170e0eda5c0b
B06XP91S3G,category_7252170e0eda5c0b
B06XPHN867,category_7252170e0eda5c0b
B06XPRCLMM,category_7252170e0eda5c0b
B06XPSJ5D7,category_7252170e0eda5c0b
B06XPVL4Y3,category_7252170e0eda5c0b
B06XPVXY3T,category_7252170e0eda5c0b
B06XPYPBSM,category_7252170e0eda5c0b
B06XQ8WPRW,category_7252170e0eda5c0b
B06XQ8Y4Q5,category_7252170e0eda5c0b
B06XQ9B8PC,category_7252170e0eda5c0b
B06XQFYVS8,category_7252170e0eda5c0b
B06XQH3T7L,category_7252170e0eda5c0b
B06XQLGPG5,category_7252170e0eda5c0b
B06XQNTLZZ,category_7252170e0eda5c0b
B06XQPPW82,category_7252170e0eda5c0b
B06XR79F1N,category_7252170e0eda5c0b
B06XR7C5NZ,category_7252170e0eda5c0b
B06XR8CCBV,category_7252170e0eda5c0b
B06XRBFT4D,category_7252170e0eda5c0b
B06XRK3P96,category_7252170e0eda5c0b
B06XRKHS39,category_7252170e0eda5c0b
B06XRKM64X,category_7252170e0eda5c0b
B06XRKS2VB,category_7252170e0eda5c0b
B06XRLR3BN,category_7252170e0eda5c0b
B06XRN58JM,category_7252170e0eda5c0b
B06XRQKSLM,category_7252170e0eda5c0b
B06XRR7KVS,category_7252170e0eda5c0b
B06XRTW82W,category_7252170e0eda5c0b
B06XRVQB8K,category_7252170e0eda5c0b
B06XRXZYNF,category_7252170e0eda5c0b
B06XRYRGLV,category_7252170e0eda5c0b
B06XRYWZ7W,category_7252170e0eda5c0b
B06XS1PT7V,category_7252170e0eda5c0b
B06XS22XVL,category_7252170e0eda5c0b
B06XS7G1GJ,category_7252170e0eda5c0b
B06XS7J2MQ,category_7252170e0eda5c0b
B06XS9D19R,category_7252170e0eda5c0b
B06XSCB5YQ,category_7252170e0eda5c0b
B06XSDH6VF,category_7252170e0eda5c0b
B06XSDMHFS,category_7252170e0eda5c0b
B06XSDSR7K,category_7252170e0eda5c0b
B06XSGHHVT,category_7252170e0eda5c0b
B06XSL7318,category_7252170e0eda5c0b
B06XSN9J9L,category_7252170e0eda5c0b
B06XSTVZ8H,category_7252170e0eda5c0b
B06XSW6NXL,category_7252170e0eda5c0b
B06XSWXVZJ,category_7252170e0eda5c0b
B06XSXLLFL,category_7252170e0eda5c0b
B06XSXM9CZ,category_7252170e0eda5c0b
B06XT2YHL4,category_7252170e0eda5c0b
B06XT4J6L4,category_7252170e0eda5c0b
B06XT74589,category_7252170e0eda5c0b
B06XT7QPW9,category_7252170e0eda5c0b
B06XT8VFN9,category_7252170e0eda5c0b
B06XT9B1JX,category_7252170e0eda5c0b
B06XTBSYXP,category_7252170e0eda5c0b
B06XTG1NCT,category_7252170e0eda5c0b
B06XTKR66W,category_7252170e0eda5c0b
B06XTM5FFX,category_7252170e0eda5c0b
B06XTSTVW2,category_7252170e0eda5c0b
B06XTTHDBV,category_7252170e0eda5c0b
B06XTVFKDR,category_7252170e0eda5c0b
B06XTWJYVB,category_7252170e0eda5c0b
B06XV9QM1V,category_7252170e0eda5c0b
B06XVJMTC6,category_7252170e0eda5c0b
B06XVRW6H9,category_7252170e0eda5c0b
B06XVZVXVB,category_7252170e0eda5c0b
B06XWB23JP,category_7252170e0eda5c0b
B06XWKC6VD,category_7252170e0eda5c0b
B06XWKNGML,category_7252170e0eda5c0b
B06XWR5H2H,category_7252170e0eda5c0b
B06XWSD28W,category_7252170e0eda5c0b
B06XWZS4LX,category_7252170e0eda5c0b
B06XX27PKC,category_7252170e0eda5c0b
B06XX2QD5N,category_7252170e0eda5c0b
B06XX2YMPJ,category_7252170e0eda5c0b
B06XX9VHPM,category_7252170e0eda5c0b
B06XXM5KH6,category_7252170e0eda5c0b
B06XXT9XBG,category_7252170e0eda5c0b
B06XXTQZ9N,category_7252170e0eda5c0b
B06XXTYGCC,category_7252170e0eda5c0b
B06XXVT5HT,category_7252170e0eda5c0b
B06XY2ZFNN,category_7252170e0eda5c0b
B06XY6QYX5,category_7252170e0eda5c0b
B06XY8VM11,category_7252170e0eda5c0b
B06XY8XJ1M,category_7252170e0eda5c0b
B06XYBMGR9,category_7252170e0eda5c0b
B06XYK7QXT,category_7252170e0eda5c0b
B06XYL76J2,category_7252170e0eda5c0b
B06XYRX8Q3,category_7252170e0eda5c0b
B06XYT84QH,category_7252170e0eda5c0b
B06XYW44HL,category_7252170e0eda5c0b
B06XYX1ZP2,category_7252170e0eda5c0b
B06XYYCVXQ,category_7252170e0eda5c0b
B06XZ1TLFG,category_7252170e0eda5c0b
B06XZLF5BK,category_7252170e0eda5c0b
B06XZPQ5YM,category_7252170e0eda5c0b
B06XZQ7XW2,category_7252170e0eda5c0b
B06XZVCQTF,category_7252170e0eda5c0b
B06XZWDQJY,category_7252170e0eda5c0b
B06XZWTCH4,category_7252170e0eda5c0b
B06XZXMGT1,category_7252170e0eda5c0b
B06Y116H8K,category_7252170e0eda5c0b
B06Y15N2MP,category_7252170e0eda5c0b
B06Y17MNTT,category_7252170e0eda5c0b
B06Y1D3436,category_7252170e0eda5c0b
B06Y1DRVCJ,category_7252170e0eda5c0b
B06Y1GC9VK,category_7252170e0eda5c0b
B06Y1KF7L9,category_7252170e0eda5c0b
B06Y1LZY7W,category_7252170e0eda5c0b
B06Y1N7XX1,category_7252170e0eda5c0b
B06Y1ST5TH,category_7252170e0eda5c0b
B06Y1VC129,category_7252170e0eda5c0b
B06Y1WL5LY,category_7252170e0eda5c0b
B06Y1XCZ9S,category_7252170e0eda5c0b
B06Y21LLRB,category_7252170e0eda5c0b
B06Y277JSR,category_7252170e0eda5c0b
B06Y27K2S1,category_7252170e0eda5c0b
B06Y29P586,category_7252170e0eda5c0b
B06Y2B4QSQ,category_7252170e0eda5c0b
B06Y2GBQ3H,category_7252170e0eda5c0b
B06Y2H1CXD,category_7252170e0eda5c0b
B06Y2NWGJ4,category_7252170e0eda5c0b
B06Y2Z72BD,category_7252170e0eda5c0b
B06Y3C9XQ2,category_7252170e0eda5c0b
B06Y3MGJ49,category_7252170e0eda5c0b
B06Y3SJBS4,category_7252170e0eda5c0b
B06Y3T9CW1,category_7252170e0eda5c0b
B06Y3VS6RB,category_7252170e0eda5c0b
B06Y3YVDSN,category_7252170e0eda5c0b
B06Y448Z53,category_7252170e0eda5c0b
B06Y44MMT6,category_7252170e0eda5c0b
B06Y46CN2Q,category_7252170e0eda5c0b
B06Y46VBH8,category_7252170e0eda5c0b
B06Y4CZP99,category_7252170e0eda5c0b
B06Y4D6NSY,category_7252170e0eda5c0b
B06Y4FPCFY,category_7252170e0eda5c0b
B06Y4KLX33,category_7252170e0eda5c0b
B06Y4MKMMB,category_7252170e0eda5c0b
B06Y4MP5V1,category_7252170e0eda5c0b
B06Y4T2NQ8,category_7252170e0eda5c0b
B06Y4VNW6L,category_7252170e0eda5c0b
B06Y4YFFYQ,category_7252170e0eda5c0b
B06Y55PSL4,category_7252170e0eda5c0b
B06Y5FT6WL,category_7252170e0eda5c0b
B06Y5FWFRT,category_7252170e0eda5c0b
B06Y5HG6PR,category_7252170e0eda5c0b
B06Y5NZLQV,category_7252170e0eda5c0b
B06Y5P9YP8,category_7252170e0eda5c0b
B06Y5TMPFS,category_7252170e0eda5c0b
B06Y61B4DV,category_7252170e0eda5c0b
B06Y646WVH,category_7252170e0eda5c0b
B06Y66GWRP,category_7252170e0eda5c0b
B06Y68CVBL,category_7252170e0eda5c0b
B06Y6CK2K4,category_7252170e0eda5c0b
B06Y6D6V7H,category_7252170e0eda5c0b
B06Y6DB748,category_7252170e0eda5c0b
B06Y6P4PHS,category_7252170e0eda5c0b
B06ZXSR53D,category_7252170e0eda5c0b
B06ZXYB8KK,category_7252170e0eda5c0b
B06ZXYHT56,category_7252170e0eda5c0b
B06ZY2KMMR,category_7252170e0eda5c0b
B06ZY6C8TD,category_7252170e0eda5c0b
B06ZYD17N6,category_7252170e0eda5c0b
B06ZYDTTJN,category_7252170e0eda5c0b
B06ZYJPVCN,category_7252170e0eda5c0b
B06ZYSVZXC,category_7252170e0eda5c0b
B06ZYT83Y1,category_7252170e0eda5c0b
B06ZYTHZNX,category_7252170e0eda5c0b
B06ZYZVJ7Y,category_7252170e0eda5c0b
B06ZZ1JBVM,category_7252170e0eda5c0b
B06ZZ7Y19V,category_7252170e0eda5c0b
B06ZZ8KZJV,category_7252170e0eda5c0b
B06ZZG1S3D,category_7252170e0eda5c0b
B06ZZLJ58R,category_7252170e0eda5c0b
B06ZZM6LJ7,category_7252170e0eda5c0b
B06ZZMXS8W,category_7252170e0eda5c0b
B06ZZT2D8H,category_7252170e0eda5c0b
B06ZZZBB2K,category_7252170e0eda5c0b
B07112CYX5,category_7252170e0eda5c0b
B07114DFB2,category_7252170e0eda5c0b
B0711BSKGQ,category_7252170e0eda5c0b
B0711L86FJ,category_7252170e0eda5c0b
B0711QH7P1,category_7252170e0eda5c0b
B0711T5KT3,category_7252170e0eda5c0b
B0711W9FCS,category_7252170e0eda5c0b
B07121GVRY,category_7252170e0eda5c0b
B07121WCQP,category_7252170e0eda5c0b
B071223BTD,category_7252170e0eda5c0b
B07122QCQD,category_7252170e0eda5c0b
B07123YSG4,category_7252170e0eda5c0b
B0713QST3L,category_7252170e0eda5c0b
B0713RF42C,category_7252170e0eda5c0b
B0713RWDGY,category_7252170e0eda5c0b
B0713S82NR,category_7252170e0eda5c0b
B0713VF1M3,category_7252170e0eda5c0b
B0713WW5FP,category_7252170e0eda5c0b
B0713XG8C1,category_7252170e0eda5c0b
B0713XRCJ9,category_7252170e0eda5c0b
B0713XVL15,category_7252170e0eda5c0b
B0713Z3MYF,category_7252170e0eda5c0b
B071413GTH,category_7252170e0eda5c0b
B0714458RQ,category_7252170e0eda5c0b
B07144J1XZ,category_7252170e0eda5c0b
B07145HZXN,category_7252170e0eda5c0b
B071468P77,category_7252170e0eda5c0b
B071483NL6,category_7252170e0eda5c0b
B07149XBS2,category_7252170e0eda5c0b
B0714BXK4M,category_7252170e0eda5c0b
B0714FR8QG,category_7252170e0eda5c0b
B0714N7NL3,category_7252170e0eda5c0b
B0716BLTN9,category_7252170e0eda5c0b
B0716D1ZXH,category_7252170e0eda5c0b
B0716F1XMD,category_7252170e0eda5c0b
B0716F49HN,category_7252170e0eda5c0b
B0716HFWBJ,category_7252170e0eda5c0b
B0716HWMS9,category_7252170e0eda5c0b
B0716J9THY,category_7252170e0eda5c0b
B0716JDNDN,category_7252170e0eda5c0b
B0716JYX48,category_7252170e0eda5c0b
B0716MPLG7,category_7252170e0eda5c0b
B0716NHNFY,category_7252170e0eda5c0b
B0716X1J4B,category_7252170e0eda5c0b
B0716Z2PZ5,category_7252170e0eda5c0b
B07177PJVD,category_7252170e0eda5c0b
B0717B13HG,category_7252170e0eda5c0b
B0718VXDY1,category_7252170e0eda5c0b
B0718WZTJ9,category_7252170e0eda5c0b
B0718X2S6Q,category_7252170e0eda5c0b
B0718XMBW1,category_7252170e0eda5c0b
B0718XXKF1,category_7252170e0eda5c0b
B0718Z1K15,category_7252170e0eda5c0b
B07192PKFR,category_7252170e0eda5c0b
B07195W68L,category_7252170e0eda5c0b
B07197537Q,category_7252170e0eda5c0b
B071997YYL,category_7252170e0eda5c0b
B0719B7F18,category_7252170e0eda5c0b
B0719CD7WR,category_7252170e0eda5c0b
B0719DX6DJ,category_7252170e0eda5c0b
B0719FH5QT,category_7252170e0eda5c0b
B0719PWR9D,category_7252170e0eda5c0b
B0719SSFX7,category_7252170e0eda5c0b
B071CNSYDL,category_7252170e0eda5c0b
B071CXTMFV,category_7252170e0eda5c0b
B071D4P14X,category_7252170e0eda5c0b
B071D5BMVF,category_7252170e0eda5c0b
B071D86YGD,category_7252170e0eda5c0b
B071D8QMTL,category_7252170e0eda5c0b
B071DFNMBX,category_7252170e0eda5c0b
B071DGVDHQ,category_7252170e0eda5c0b
B071DJ1M78,category_7252170e0eda5c0b
B071DPY268,category_7252170e0eda5c0b
B071DRJRN8,category_7252170e0eda5c0b
B071DTZ61D,category_7252170e0eda5c0b
B071DY8Z4B,category_7252170e0eda5c0b
B071DY9QL9,category_7252170e0eda5c0b
B071F11H55,category_7252170e0eda5c0b
B071F1N1RD,category_7252170e0eda5c0b
B071F78NNF,category_7252170e0eda5c0b
B071FBNMN2,category_7252170e0eda5c0b
B071FBYRFB,category_7252170e0eda5c0b
B071FFR2ZM,category_7252170e0eda5c0b
B071FHXR4B,category_7252170e0eda5c0b
B071FJGB4X,category_7252170e0eda5c0b
B071FJWXNY,category_7252170e0eda5c0b
B071FJZJRN,category_7252170e0eda5c0b
B071FKZJBF,category_7252170e0eda5c0b
B071FPHQ62,category_7252170e0eda5c0b
B071FRS5XP,category_7252170e0eda5c0b
B071FSK9GY,category_7252170e0eda5c0b
B071FT6RZ2,category_7252170e0eda5c0b
B071FT6S51,category_7252170e0eda5c0b
B071FVWWW6,category_7252170e0eda5c0b
B071G4NNH7,category_7252170e0eda5c0b
B071G52YV6,category_7252170e0eda5c0b
B071G7FLD1,category_7252170e0eda5c0b
B071GKCWNN,category_7252170e0eda5c0b
B071GKCXH3,category_7252170e0eda5c0b
B071GKVKGG,category_7252170e0eda5c0b
B071GNK97R,category_7252170e0eda5c0b
B071GQJXZX,category_7252170e0eda5c0b
B071GYJ68H,category_7252170e0eda5c0b
B071GZBM9K,category_7252170e0eda5c0b
B071H573YT,category_7252170e0eda5c0b
B071H6CW3N,category_7252170e0eda5c0b
B071H7GX5Z,category_7252170e0eda5c0b
B071H8P5FN,category_7252170e0eda5c0b
B071HC82J3,category_7252170e0eda5c0b
B071HF7M1T,category_7252170e0eda5c0b
B071HFJ77Y,category_7252170e0eda5c0b
B071HYBZM4,category_7252170e0eda5c0b
B071HYSJQC,category_7252170e0eda5c0b
B071J13DPY,category_7252170e0eda5c0b
B071J18SDF,category_7252170e0eda5c0b
B071J1MY3C,category_7252170e0eda5c0b
B071J984BV,category_7252170e0eda5c0b
B071JCV6FM,category_7252170e0eda5c0b
B071JF7K36,category_7252170e0eda5c0b
B071JGBXXK,category_7252170e0eda5c0b
B071JQLCGM,category_7252170e0eda5c0b
B071K245SL,category_7252170e0eda5c0b
B071K7V32W,category_7252170e0eda5c0b
B071K8J9QV,category_7252170e0eda5c0b
B071K8RHGP,category_7252170e0eda5c0b
B071KGPSMY,category_7252170e0eda5c0b
B071KLPGPR,category_7252170e0eda5c0b
B071KWP11V,category_7252170e0eda5c0b
B071L42GV2,category_7252170e0eda5c0b
B071L86QTW,category_7252170e0eda5c0b
B071LBN8PR,category_7252170e0eda5c0b
B071LBZN2T,category_7252170e0eda5c0b
B071LC52QC,category_7252170e0eda5c0b
B071LF8SXF,category_7252170e0eda5c0b
B071LFK993,category_7252170e0eda5c0b
B071LFXQ1W,category_7252170e0eda5c0b
B071LMLJG5,category_7252170e0eda5c0b
B071LN5GF3,category_7252170e0eda5c0b
B071LNR4Q2,category_7252170e0eda5c0b
B071NBFSLY,category_7252170e0eda5c0b
B071NG6WX5,category_7252170e0eda5c0b
B071NGTDXP,category_7252170e0eda5c0b
B071NPLLLL,category_7252170e0eda5c0b
B071NRFQQF,category_7252170e0eda5c0b
B071NSXH1H,category_7252170e0eda5c0b
B071NVNCMS,category_7252170e0eda5c0b
B071NW126W,category_7252170e0eda5c0b
B071P229NB,category_7252170e0eda5c0b
B071P6D1JR,category_7252170e0eda5c0b
B071P76ZGG,category_7252170e0eda5c0b
B071PCCMFF,category_7252170e0eda5c0b
B071QWS4FQ,category_7252170e0eda5c0b
B071QZKH1Q,category_7252170e0eda5c0b
B071R2K2BC,category_7252170e0eda5c0b
B071R2RMJ9,category_7252170e0eda5c0b
B071R45MNR,category_7252170e0eda5c0b
B071R5FX95,category_7252170e0eda5c0b
B071R9MNKT,category_7252170e0eda5c0b
B071RBPKPC,category_7252170e0eda5c0b
B071RDQY4Z,category_7252170e0eda5c0b
B071RLY9ST,category_7252170e0eda5c0b
B071RM87RC,category_7252170e0eda5c0b
B071RMLM8Z,category_7252170e0eda5c0b
B071RVPHLV,category_7252170e0eda5c0b
B071RVQQBD,category_7252170e0eda5c0b
B071RWL3SD,category_7252170e0eda5c0b
B071S3HSX1,category_7252170e0eda5c0b
B071S5NZ8N,category_7252170e0eda5c0b
B071S7Z4ZQ,category_7252170e0eda5c0b
B071SCSH6R,category_7252170e0eda5c0b
B071SHVTZC,category_7252170e0eda5c0b
B071SKPNK5,category_7252170e0eda5c0b
B071V3814G,category_7252170e0eda5c0b
B071V4ZV2F,category_7252170e0eda5c0b
B071V5YX69,category_7252170e0eda5c0b
B071V65DMV,category_7252170e0eda5c0b
B071V6T8Y7,category_7252170e0eda5c0b
B071V6XV67,category_7252170e0eda5c0b
B071VC4F3R,category_7252170e0eda5c0b
B071VFZKJG,category_7252170e0eda5c0b
B071VGDX97,category_7252170e0eda5c0b
B071VKKVS9,category_7252170e0eda5c0b
B071VP116Q,category_7252170e0eda5c0b
B071VQYNYX,category_7252170e0eda5c0b
B071VT2DFX,category_7252170e0eda5c0b
B071VTYXTB,category_7252170e0eda5c0b
B071VW3G77,category_7252170e0eda5c0b
B071VWTQKQ,category_7252170e0eda5c0b
B071VXDS28,category_7252170e0eda5c0b
B071VZ8YXR,category_7252170e0eda5c0b
B071VZVM7B,category_7252170e0eda5c0b
B071W6MR78,category_7252170e0eda5c0b
B071W8Q3C4,category_7252170e0eda5c0b
B071W99HCS,category_7252170e0eda5c0b
B071WBXXSR,category_7252170e0eda5c0b
B071WCKB8Z,category_7252170e0eda5c0b
B071WNLNBB,category_7252170e0eda5c0b
B071WP7PWP,category_7252170e0eda5c0b
B071WR5HGB,category_7252170e0eda5c0b
B071WSRW94,category_7252170e0eda5c0b
B071WXSLPK,category_7252170e0eda5c0b
B071WZR3VR,category_7252170e0eda5c0b
B071X2PDVV,category_7252170e0eda5c0b
B071X3WLKK,category_7252170e0eda5c0b
B071X55XSM,category_7252170e0eda5c0b
B071X5VYBC,category_7252170e0eda5c0b
B071X6GQVJ,category_7252170e0eda5c0b
B071X9KBB2,category_7252170e0eda5c0b
B071XGWS95,category_7252170e0eda5c0b
B071XH4X7P,category_7252170e0eda5c0b
B071XN56HQ,category_7252170e0eda5c0b
B071XQ355Y,category_7252170e0eda5c0b
B071XSL9NM,category_7252170e0eda5c0b
B071XYVCFR,category_7252170e0eda5c0b
B071Y6TPT9,category_7252170e0eda5c0b
B071YBQBJD,category_7252170e0eda5c0b
B071YCQKC3,category_7252170e0eda5c0b
B071YGQSLL,category_7252170e0eda5c0b
B071YH6757,category_7252170e0eda5c0b
B071YJ58LR,category_7252170e0eda5c0b
B071YMPTS5,category_7252170e0eda5c0b
B071YTBK1R,category_7252170e0eda5c0b
B071YV8QYL,category_7252170e0eda5c0b
B071YVXNVP,category_7252170e0eda5c0b
B071YWKG8S,category_7252170e0eda5c0b
B071Z1SBC1,category_7252170e0eda5c0b
B071Z3FB7W,category_7252170e0eda5c0b
B071Z4DVQ6,category_7252170e0eda5c0b
B071Z5CVM9,category_7252170e0eda5c0b
B071ZBW8GG,category_7252170e0eda5c0b
B071ZDGJJW,category_7252170e0eda5c0b
B071ZMYQ4W,category_7252170e0eda5c0b
B071ZNT4XY,category_7252170e0eda5c0b
B071ZP66RV,category_7252170e0eda5c0b
B071ZQY9QN,category_7252170e0eda5c0b
B071ZR23YT,category_7252170e0eda5c0b
B071ZRZTKG,category_7252170e0eda5c0b
B071ZZ6MQW,category_7252170e0eda5c0b
B071ZZBK6H,category_7252170e0eda5c0b
B07213F5SX,category_7252170e0eda5c0b
B07214P4XT,category_7252170e0eda5c0b
B07214P595,category_7252170e0eda5c0b
B07215G82L,category_7252170e0eda5c0b
B07217SJHP,category_7252170e0eda5c0b
B07218BYCC,category_7252170e0eda5c0b
B072198F2M,category_7252170e0eda5c0b
B0721C4BQV,category_7252170e0eda5c0b
B0721F6DBF,category_7252170e0eda5c0b
B0721JKCTJ,category_7252170e0eda5c0b
B0721K7229,category_7252170e0eda5c0b
B0721MTBQH,category_7252170e0eda5c0b
B0721PYT45,category_7252170e0eda5c0b
B0721R1H5R,category_7252170e0eda5c0b
B0721R3XCQ,category_7252170e0eda5c0b
B0721TSX2Z,category_7252170e0eda5c0b
B0721V5ZVL,category_7252170e0eda5c0b
B0721VT2Z3,category_7252170e0eda5c0b
B072278GJN,category_7252170e0eda5c0b
B0722GGM6P,category_7252170e0eda5c0b
B0722GK2HM,category_7252170e0eda5c0b
B0722HKRHH,category_7252170e0eda5c0b
B0722HL5Z9,category_7252170e0eda5c0b
B0722KDBPB,category_7252170e0eda5c0b
B0722L7Q3L,category_7252170e0eda5c0b
B0722M7TS3,category_7252170e0eda5c0b
B0722NDT69,category_7252170e0eda5c0b
B0722QKQHW,category_7252170e0eda5c0b
B0722Y2WF5,category_7252170e0eda5c0b
B07232Z9G5,category_7252170e0eda5c0b
B0723CFSWM,category_7252170e0eda5c0b
B07252HDXQ,category_7252170e0eda5c0b
B07258SSPD,category_7252170e0eda5c0b
B0725B14GT,category_7252170e0eda5c0b
B0725BGYF7,category_7252170e0eda5c0b
B0725JP3J3,category_7252170e0eda5c0b
B0725MXG9J,category_7252170e0eda5c0b
B0725P5SBZ,category_7252170e0eda5c0b
B0725QBV41,category_7252170e0eda5c0b
B0725VBHVR,category_7252170e0eda5c0b
B0725VFXGW,category_7252170e0eda5c0b
B0725Y92NX,category_7252170e0eda5c0b
B0725Z46J8,category_7252170e0eda5c0b
B0725ZZ25K,category_7252170e0eda5c0b
B0727N64LL,category_7252170e0eda5c0b
B0727QS6JC,category_7252170e0eda5c0b
B0727S4CYN,category_7252170e0eda5c0b
B0728412GM,category_7252170e0eda5c0b
B07289XRM5,category_7252170e0eda5c0b
B0728DX44T,category_7252170e0eda5c0b
B0728H4NGJ,category_7252170e0eda5c0b
B0728L8R8L,category_7252170e0eda5c0b
B072BD36JK,category_7252170e0eda5c0b
B072BH34MS,category_7252170e0eda5c0b
B072BKHJ7Z,category_7252170e0eda5c0b
B072BQFV4Y,category_7252170e0eda5c0b
B072BYMGRB,category_7252170e0eda5c0b
B072C2JDZK,category_7252170e0eda5c0b
B072C2Q5VG,category_7252170e0eda5c0b
B072C42W36,category_7252170e0eda5c0b
B072C5S43V,category_7252170e0eda5c0b
B072C5TQY1,category_7252170e0eda5c0b
B072C6HZS2,category_7252170e0eda5c0b
B072DV6YCR,category_7252170e0eda5c0b
B072DXKJYG,category_7252170e0eda5c0b
B072DYM874,category_7252170e0eda5c0b
B072DYVKJZ,category_7252170e0eda5c0b
B072DYWCGR,category_7252170e0eda5c0b
B072F1WKSX,category_7252170e0eda5c0b
B072FCF21R,category_7252170e0eda5c0b
B072FFDX6M,category_7252170e0eda5c0b
B072FG5L3B,category_7252170e0eda5c0b
B072FJK82W,category_7252170e0eda5c0b
B072FR1M3P,category_7252170e0eda5c0b
B072FTYFH4,category_7252170e0eda5c0b
B072FVNGDB,category_7252170e0eda5c0b
B072HBX589,category_7252170e0eda5c0b
B072HD7828,category_7252170e0eda5c0b
B072HGR22G,category_7252170e0eda5c0b
B072HQ89RN,category_7252170e0eda5c0b
B072HQM272,category_7252170e0eda5c0b
B072J9V8KZ,category_7252170e0eda5c0b
B072JC1JV2,category_7252170e0eda5c0b
B072JG9WW8,category_7252170e0eda5c0b
B072JGJR81,category_7252170e0eda5c0b
B072JHMRHH,category_7252170e0eda5c0b
B072JLTD3P,category_7252170e0eda5c0b
B072JVRW7C,category_7252170e0eda5c0b
B072JW8MJH,category_7252170e0eda5c0b
B072JX8LV5,category_7252170e0eda5c0b
B072K41JL7,category_7252170e0eda5c0b
B072KH3M7Z,category_7252170e0eda5c0b
B072KH51NH,category_7252170e0eda5c0b
B072KHB83F,category_7252170e0eda5c0b
B072KSG1Q9,category_7252170e0eda5c0b
B072L25XTN,category_7252170e0eda5c0b
B072L3Q32H,category_7252170e0eda5c0b
B072L5DWDN,category_7252170e0eda5c0b
B072L84514,category_7252170e0eda5c0b
B072LCL823,category_7252170e0eda5c0b
B072LCR3JC,category_7252170e0eda5c0b
B072LFZR3C,category_7252170e0eda5c0b
B072LRTKLL,category_7252170e0eda5c0b
B072LV1LZL,category_7252170e0eda5c0b
B072LWP665,category_7252170e0eda5c0b
B072LX7M64,category_7252170e0eda5c0b
B072M5TFJG,category_7252170e0eda5c0b
B072MBPVVV,category_7252170e0eda5c0b
B072MCNJWC,category_7252170e0eda5c0b
B072MCXTF5,category_7252170e0eda5c0b
B072MFWBPL,category_7252170e0eda5c0b
B072MJS1J9,category_7252170e0eda5c0b
B072MJV4XH,category_7252170e0eda5c0b
B072MLQL6T,category_7252170e0eda5c0b
B072MLS9Y9,category_7252170e0eda5c0b
B072MMNNW2,category_7252170e0eda5c0b
B072MP7LHX,category_7252170e0eda5c0b
B072MQPN92,category_7252170e0eda5c0b
B072MQRT38,category_7252170e0eda5c0b
B072MSZ4NS,category_7252170e0eda5c0b
B072MWTLJN,category_7252170e0eda5c0b
B072MZFGJ2,category_7252170e0eda5c0b
B072MZKZRS,category_7252170e0eda5c0b
B072N24RY9,category_7252170e0eda5c0b
B072N2JF9V,category_7252170e0eda5c0b
B072N5YMN1,category_7252170e0eda5c0b
B072N6C756,category_7252170e0eda5c0b
B072N7ZS87,category_7252170e0eda5c0b
B072N7ZW3L,category_7252170e0eda5c0b
B072N95X6P,category_7252170e0eda5c0b
B072NGW7KX,category_7252170e0eda5c0b
B072NYP88R,category_7252170e0eda5c0b
B072P1662N,category_7252170e0eda5c0b
B072P6FNGG,category_7252170e0eda5c0b
B072PQYLXV,category_7252170e0eda5c0b
B072PRNRZ1,category_7252170e0eda5c0b
B072PY19RB,category_7252170e0eda5c0b
B072Q3BPKP,category_7252170e0eda5c0b
B072R1B3S5,category_7252170e0eda5c0b
B072R1D3PK,category_7252170e0eda5c0b
B072R22ZNB,category_7252170e0eda5c0b
B072R2BZYF,category_7252170e0eda5c0b
B072R2K85Y,category_7252170e0eda5c0b
B072TT9NGY,category_7252170e0eda5c0b
B072TZDJXX,category_7252170e0eda5c0b
B072V1QW5Z,category_7252170e0eda5c0b
B072VG83N9,category_7252170e0eda5c0b
B072VSLNZN,category_7252170e0eda5c0b
B072WPC63J,category_7252170e0eda5c0b
B072WRDQNT,category_7252170e0eda5c0b
B072WRK6T3,category_7252170e0eda5c0b
B072X62G5W,category_7252170e0eda5c0b
B072XG2DPK,category_7252170e0eda5c0b
B072XJ8QYQ,category_7252170e0eda5c0b
B072YG9G8R,category_7252170e0eda5c0b
B072YJF9PV,category_7252170e0eda5c0b
B072YJZJGR,category_7252170e0eda5c0b
B072YSZ23V,category_7252170e0eda5c0b
B072Z1S19Q,category_7252170e0eda5c0b
B072Z588HS,category_7252170e0eda5c0b
B072Z7MDD3,category_7252170e0eda5c0b
B072ZSMNNM,category_7252170e0eda5c0b
B07313V7H9,category_7252170e0eda5c0b
B07314X6PQ,category_7252170e0eda5c0b
B0731CX62V,category_7252170e0eda5c0b
B0731JTQQC,category_7252170e0eda5c0b
B0731VNNBX,category_7252170e0eda5c0b
B0732MSWXD,category_7252170e0eda5c0b
B0732NW8PB,category_7252170e0eda5c0b
B0732PFQJP,category_7252170e0eda5c0b
B0732PRTN7,category_7252170e0eda5c0b
B0732S5YKK,category_7252170e0eda5c0b
B0732SB2L7,category_7252170e0eda5c0b
B0732SGQ7M,category_7252170e0eda5c0b
B07334W8NK,category_7252170e0eda5c0b
B073356GZ7,category_7252170e0eda5c0b
B07336DG1F,category_7252170e0eda5c0b
B0733NLPSM,category_7252170e0eda5c0b
B0733NRX5R,category_7252170e0eda5c0b
B0733V2ND5,category_7252170e0eda5c0b
B0733YVTFK,category_7252170e0eda5c0b
B07344GN7H,category_7252170e0eda5c0b
B0734559RS,category_7252170e0eda5c0b
B0734J9TKD,category_7252170e0eda5c0b
B0734JLX5P,category_7252170e0eda5c0b
B0734JTZXS,category_7252170e0eda5c0b
B0734KBMR4,category_7252170e0eda5c0b
B0734L1353,category_7252170e0eda5c0b
B0734L1G1P,category_7252170e0eda5c0b
B0734LH57R,category_7252170e0eda5c0b
B0734M5JQQ,category_7252170e0eda5c0b
B0734PSBLZ,category_7252170e0eda5c0b
B0734Q8CN1,category_7252170e0eda5c0b
B0734SV5QN,category_7252170e0eda5c0b
B0734WFK7T,category_7252170e0eda5c0b
B0734Y6K5B,category_7252170e0eda5c0b
B0735DXS6P,category_7252170e0eda5c0b
B0735NZWXL,category_7252170e0eda5c0b
B0735T8B75,category_7252170e0eda5c0b
B073646RZF,category_7252170e0eda5c0b
B0736F2LP8,category_7252170e0eda5c0b
B0736KRKP5,category_7252170e0eda5c0b
B0736MVS6F,category_7252170e0eda5c0b
B0736NLLXH,category_7252170e0eda5c0b
B07375ZQF5,category_7252170e0eda5c0b
B0737QRNQ7,category_7252170e0eda5c0b
B07382TB65,category_7252170e0eda5c0b
B0738HC483,category_7252170e0eda5c0b
B073B8SK8B,category_7252170e0eda5c0b
B073BTBKPJ,category_7252170e0eda5c0b
B073BVDQLP,category_7252170e0eda5c0b
B073C8LKT9,category_7252170e0eda5c0b
B073CWG45Y,category_7252170e0eda5c0b
B073D9FNV9,category_7252170e0eda5c0b
B073DJKFQR,category_7252170e0eda5c0b
B073DJZVFQ,category_7252170e0eda5c0b
B073DK5MSM,category_7252170e0eda5c0b
B073DQ45NK,category_7252170e0eda5c0b
B073DX4H46,category_7252170e0eda5c0b
B073F9K4RN,category_7252170e0eda5c0b
B073FCBZ29,category_7252170e0eda5c0b
B073FDF4VY,category_7252170e0eda5c0b
B073FF6G39,category_7252170e0eda5c0b
B073FQ6W6Q,category_7252170e0eda5c0b
B073FYS4J1,category_7252170e0eda5c0b
B073G2116F,category_7252170e0eda5c0b
B073G6L3NF,category_7252170e0eda5c0b
B073GMCXQY,category_7252170e0eda5c0b
B073HKQD87,category_7252170e0eda5c0b
B073HPLM2N,category_7252170e0eda5c0b
B073JGD14B,category_7252170e0eda5c0b
B073L3VP61,category_7252170e0eda5c0b
B073LDLP12,category_7252170e0eda5c0b
B073M1Z285,category_7252170e0eda5c0b
B073M6884B,category_7252170e0eda5c0b
B073NWT35N,category_7252170e0eda5c0b
B073P353BJ,category_7252170e0eda5c0b
B073P3C4G4,category_7252170e0eda5c0b
B073PG4XGZ,category_7252170e0eda5c0b
B073PHJJD8,category_7252170e0eda5c0b
B073PL8712,category_7252170e0eda5c0b
B073PMJNHR,category_7252170e0eda5c0b
B073PMPW8G,category_7252170e0eda5c0b
B073PPHLLT,category_7252170e0eda5c0b
B073PW6BCL,category_7252170e0eda5c0b
B073PWF834,category_7252170e0eda5c0b
B073PY3CFG,category_7252170e0eda5c0b
B073Q3NGF8,category_7252170e0eda5c0b
B073QCSQ1Y,category_7252170e0eda5c0b
B073QF1XVX,category_7252170e0eda5c0b
B073QNFMTW,category_7252170e0eda5c0b
B073QQDVT8,category_7252170e0eda5c0b
B073QR1BHH,category_7252170e0eda5c0b
B073QWHN8L,category_7252170e0eda5c0b
B073R3KVQF,category_7252170e0eda5c0b
B073R45ZHS,category_7252170e0eda5c0b
B073R4Z5DG,category_7252170e0eda5c0b
B073R5B6R8,category_7252170e0eda5c0b
B073R6VV9H,category_7252170e0eda5c0b
B073R7CKVD,category_7252170e0eda5c0b
B073R88YJM,category_7252170e0eda5c0b
B073R89K81,category_7252170e0eda5c0b
B073R8WSBP,category_7252170e0eda5c0b
B073RBSXY9,category_7252170e0eda5c0b
B073RCZHP6,category_7252170e0eda5c0b
B073RF4BJF,category_7252170e0eda5c0b
B073RGQPVR,category_7252170e0eda5c0b
B073RZSM6G,category_7252170e0eda5c0b
B073S216NK,category_7252170e0eda5c0b
B073S3LST4,category_7252170e0eda5c0b
B073S4TTFH,category_7252170e0eda5c0b
B073SH3KVC,category_7252170e0eda5c0b
B073SZ5FLY,category_7252170e0eda5c0b
B073THC5FZ,category_7252170e0eda5c0b
B073TRPFCP,category_7252170e0eda5c0b
B073TSQLJG,category_7252170e0eda5c0b
B073TVCC37,category_7252170e0eda5c0b
B073TWLKW5,category_7252170e0eda5c0b
B073V79TF2,category_7252170e0eda5c0b
B073V7X8BB,category_7252170e0eda5c0b
B073VDFJ25,category_7252170e0eda5c0b
B073VDYFH7,category_7252170e0eda5c0b
B073VF18GV,category_7252170e0eda5c0b
B073VFLD2G,category_7252170e0eda5c0b
B073VHXQ91,category_7252170e0eda5c0b
B073VQ2TRM,category_7252170e0eda5c0b
B073VS988J,category_d6ac68cf358b59e5
B073VSXPQX,category_7252170e0eda5c0b
B073VTDYDR,category_7252170e0eda5c0b
B073W1GW9W,category_7252170e0eda5c0b
B073W316HX,category_7252170e0eda5c0b
B073W9TMK4,category_7252170e0eda5c0b
B073WCK5H7,category_7252170e0eda5c0b
B073WH76DV,category_7252170e0eda5c0b
B073WHSVCK,category_7252170e0eda5c0b
B073WVW91B,category_7252170e0eda5c0b
B073WWT77W,category_7252170e0eda5c0b
B073X75CRY,category_7252170e0eda5c0b
B073X7KMZG,category_7252170e0eda5c0b
B073XDWYR1,category_7252170e0eda5c0b
B073XDXL1P,category_7252170e0eda5c0b
B073XJFZF6,category_7252170e0eda5c0b
B073XM1Q4P,category_7252170e0eda5c0b
B073XQ8R64,category_7252170e0eda5c0b
B073XQN5PS,category_7252170e0eda5c0b
B073XQNGYK,category_7252170e0eda5c0b
B073XRBMWW,category_7252170e0eda5c0b
B073XS2G9H,category_7252170e0eda5c0b
B073XSRTXH,category_7252170e0eda5c0b
B073XSZ2PX,category_7252170e0eda5c0b
B073XT3PR8,category_7252170e0eda5c0b
B073XV7TCW,category_7252170e0eda5c0b
B073XV8V2F,category_7252170e0eda5c0b
B073XVC2SY,category_7252170e0eda5c0b
B073XVMKVC,category_7252170e0eda5c0b
B073XZTDJK,category_7252170e0eda5c0b
B073Y7V8WR,category_7252170e0eda5c0b
B073Y9NM54,category_7252170e0eda5c0b
B073YDTM8N,category_7252170e0eda5c0b
B073YQPR3J,category_7252170e0eda5c0b
B073Z7L2PX,category_7252170e0eda5c0b
B073ZCY4S1,category_7252170e0eda5c0b
B073ZD7M63,category_7252170e0eda5c0b
B073ZDHVT3,category_7252170e0eda5c0b
B073ZJW267,category_7252170e0eda5c0b
B073ZKD8CG,category_7252170e0eda5c0b
B073ZN4VR1,category_7252170e0eda5c0b
B073ZPRVTF,category_7252170e0eda5c0b
B074118QKV,category_7252170e0eda5c0b
B07413WHFM,category_7252170e0eda5c0b
B07417T6NQ,category_7252170e0eda5c0b
B0741BQH28,category_7252170e0eda5c0b
B0741CDYSK,category_7252170e0eda5c0b
B0741FX68F,category_7252170e0eda5c0b
B0741GBYP8,category_7252170e0eda5c0b
B0741H3X4K,category_7252170e0eda5c0b
B0741HK33T,category_7252170e0eda5c0b
B0741STPRL,category_7252170e0eda5c0b
B07423S3YD,category_7252170e0eda5c0b
B0742BNP6V,category_7252170e0eda5c0b
B0742JJTK2,category_7252170e0eda5c0b
B0742MNCR9,category_7252170e0eda5c0b
B0742PRXKZ,category_7252170e0eda5c0b
B0743CKWCS,category_7252170e0eda5c0b
B0743NNJL1,category_7252170e0eda5c0b
B0743TVPB5,category_7252170e0eda5c0b
B0743XLC1T,category_7252170e0eda5c0b
B074488QZS,category_7252170e0eda5c0b
B0744DMR2K,category_7252170e0eda5c0b
B0744FPZ2K,category_7252170e0eda5c0b
B0744GNH9K,category_7252170e0eda5c0b
B0744HL4PK,category_7252170e0eda5c0b
B0744JPQPP,category_7252170e0eda5c0b
B0744LL7YK,category_7252170e0eda5c0b
B07453VRN8,category_7252170e0eda5c0b
B07456G6K2,category_7252170e0eda5c0b
B074585Z2S,category_7252170e0eda5c0b
B07458G3SX,category_7252170e0eda5c0b
B07458KK5Z,category_7252170e0eda5c0b
B0745HS78Q,category_7252170e0eda5c0b
B0745KMYMB,category_7252170e0eda5c0b
B0745WF21T,category_7252170e0eda5c0b
B0745WKJSV,category_7252170e0eda5c0b
B0745XM1HH,category_7252170e0eda5c0b
B07467PGP6,category_7252170e0eda5c0b
B07467W8DR,category_7252170e0eda5c0b
B0746C299R,category_7252170e0eda5c0b
B0746CR698,category_7252170e0eda5c0b
B0746F4Y94,category_7252170e0eda5c0b
B0746GY227,category_7252170e0eda5c0b
B0746H22VK,category_7252170e0eda5c0b
B0746J8MY3,category_7252170e0eda5c0b
B0746JH1QS,category_7252170e0eda5c0b
B0746QQ1FF,category_7252170e0eda5c0b
B0746QY9FM,category_7252170e0eda5c0b
B0746R6LLP,category_7252170e0eda5c0b
B0747CRMGH,category_7252170e0eda5c0b
B0747M1KCX,category_7252170e0eda5c0b
B0747M7FPB,category_7252170e0eda5c0b
B0747S72MB,category_7252170e0eda5c0b
B0747SBKVR,category_7252170e0eda5c0b
B07482LHNT,category_7252170e0eda5c0b
B07482N3XM,category_7252170e0eda5c0b
B0748684M6,category_7252170e0eda5c0b
B074885BKP,category_7252170e0eda5c0b
B0748D8L8P,category_7252170e0eda5c0b
B0748FVDSN,category_7252170e0eda5c0b
B0748M4GV9,category_7252170e0eda5c0b
B0748VGTLH,category_7252170e0eda5c0b
B0748Y9989,category_7252170e0eda5c0b
B0748Z4Q62,category_7252170e0eda5c0b
B074929HRJ,category_7252170e0eda5c0b
B0749D9NVG,category_7252170e0eda5c0b
B0749HHF8L,category_7252170e0eda5c0b
B0749HRRPK,category_7252170e0eda5c0b
B0749LZPG6,category_7252170e0eda5c0b
B0749P8DVY,category_7252170e0eda5c0b
B074B99TC8,category_7252170e0eda5c0b
B074BD63XT,category_7252170e0eda5c0b
B074BHR66F,category_7252170e0eda5c0b
B074C2LC88,category_7252170e0eda5c0b
B074C7JHWH,category_7252170e0eda5c0b
B074CNJQNK,category_7252170e0eda5c0b
B074CP7QGJ,category_7252170e0eda5c0b
B074CQC2NG,category_7252170e0eda5c0b
B074CQG198,category_7252170e0eda5c0b
B074CRJBWZ,category_7252170e0eda5c0b
B074CT3R7N,category_7252170e0eda5c0b
B074CWQFCY,category_7252170e0eda5c0b
B074CWT94K,category_7252170e0eda5c0b
B074CXBTFR,category_7252170e0eda5c0b
B074CYBSLR,category_7252170e0eda5c0b
B074CYY2KQ,category_7252170e0eda5c0b
B074D39JGY,category_7252170e0eda5c0b
B074D4M65X,category_7252170e0eda5c0b
B074DBBQGT,category_7252170e0eda5c0b
B074DDWH7J,category_7252170e0eda5c0b
B074DG2XS6,category_7252170e0eda5c0b
B074DGXB5M,category_7252170e0eda5c0b
B074DK128L,category_7252170e0eda5c0b
B074DQZ993,category_7252170e0eda5c0b
B074DRDRW1,category_7252170e0eda5c0b
B074DTXJP9,category_7252170e0eda5c0b
B074DZ9TPP,category_7252170e0eda5c0b
B074FST3SZ,category_7252170e0eda5c0b
B074FVFXV5,category_7252170e0eda5c0b
B074FVZ7TN,category_7252170e0eda5c0b
B074FW7R76,category_7252170e0eda5c0b
B074FW81N4,category_7252170e0eda5c0b
B074FWFNL9,category_7252170e0eda5c0b
B074FXQHCS,category_7252170e0eda5c0b
B074FZ34MJ,category_7252170e0eda5c0b
B074G41XGX,category_7252170e0eda5c0b
B074GH29F5,category_7252170e0eda5c0b
B074HCTYWQ,category_7252170e0eda5c0b
B074HFPGVN,category_7252170e0eda5c0b
B074HT272C,category_7252170e0eda5c0b
B074J3QG76,category_7252170e0eda5c0b
B074J6FFTZ,category_7252170e0eda5c0b
B074JBMWB3,category_7252170e0eda5c0b
B074JFN775,category_7252170e0eda5c0b
B074JLWL9M,category_7252170e0eda5c0b
B074JSXL7Z,category_7252170e0eda5c0b
B074JXZQ81,category_7252170e0eda5c0b
B074K42RGD,category_7252170e0eda5c0b
B074K584DB,category_7252170e0eda5c0b
B074K7B2Z8,category_7252170e0eda5c0b
B074KCTXHG,category_7252170e0eda5c0b
B074KFZ21C,category_7252170e0eda5c0b
B074KL7LMT,category_7252170e0eda5c0b
B074KLKJYR,category_7252170e0eda5c0b
B074KY7V39,category_7252170e0eda5c0b
B074KZ98H7,category_7252170e0eda5c0b
B074M22MNZ,category_7252170e0eda5c0b
B074M231M1,category_7252170e0eda5c0b
B074M4X5KJ,category_7252170e0eda5c0b
B074M6XPXW,category_7252170e0eda5c0b
B074MBD5X5,category_7252170e0eda5c0b
B074MG17XX,category_7252170e0eda5c0b
B074MLRDM1,category_7252170e0eda5c0b
B074MQ88FQ,category_7252170e0eda5c0b
B074MZJX3J,category_7252170e0eda5c0b
B074MZZF89,category_7252170e0eda5c0b
B074N1GNJG,category_7252170e0eda5c0b
B074N32WKZ,category_7252170e0eda5c0b
B074NBZ1TQ,category_7252170e0eda5c0b
B074NG8FLT,category_7252170e0eda5c0b
B074NK9D4H,category_7252170e0eda5c0b
B074NVHYND,category_7252170e0eda5c0b
B074NXGZL3,category_7252170e0eda5c0b
B074NYS3BX,category_7252170e0eda5c0b
B074NYYDNK,category_7252170e0eda5c0b
B074NZQF73,category_7252170e0eda5c0b
B074P1M3TV,category_7252170e0eda5c0b
B074P2261N,category_7252170e0eda5c0b
B074P569YG,category_d6ac68cf358b59e5
B074P569YH,category_d6ac68cf358b59e5
B074P6P6BS,category_7252170e0eda5c0b
B074PCK78S,category_7252170e0eda5c0b
B074PCK923,category_7252170e0eda5c0b
B074PDXFJF,category_7252170e0eda5c0b
B074PF6B9L,category_7252170e0eda5c0b
B074PL7J3P,category_7252170e0eda5c0b
B074PLV1NN,category_7252170e0eda5c0b
B074PPM9QL,category_7252170e0eda5c0b
B074PWBFML,category_7252170e0eda5c0b
B074PWN7GZ,category_7252170e0eda5c0b
B074PYFF9Q,category_7252170e0eda5c0b
B074PZDL9X,category_7252170e0eda5c0b
B074Q9TY4S,category_7252170e0eda5c0b
B074QG39KN,category_7252170e0eda5c0b
B074R14J9F,category_7252170e0eda5c0b
B074RYZZHP,category_7252170e0eda5c0b
B074RZR3VV,category_7252170e0eda5c0b
B074S14776,category_7252170e0eda5c0b
B074SB9R9B,category_7252170e0eda5c0b
B074SGRFCW,category_7252170e0eda5c0b
B074SHN8YC,category_7252170e0eda5c0b
B074SJLHLZ,category_7252170e0eda5c0b
B074STT2KS,category_7252170e0eda5c0b
B074T55QCR,category_7252170e0eda5c0b
B074TBL2YV,category_7252170e0eda5c0b
B074TBR631,category_7252170e0eda5c0b
B074TDM391,category_7252170e0eda5c0b
B074TVGC4W,category_7252170e0eda5c0b
B074TYG7B7,category_7252170e0eda5c0b
B074V2YFS3,category_7252170e0eda5c0b
B074VC67WG,category_7252170e0eda5c0b
B074VFC32F,category_7252170e0eda5c0b
B074VT1PD1,category_7252170e0eda5c0b
B074W1M23V,category_d6ac68cf358b59e5
B074W28R87,category_7252170e0eda5c0b
B074W2TWPT,category_7252170e0eda5c0b
B074W4SQPY,category_7252170e0eda5c0b
B074W77BTL,category_7252170e0eda5c0b
B074W8B37W,category_7252170e0eda5c0b
B074WG573J,category_7252170e0eda5c0b
B074WKKRGT,category_7252170e0eda5c0b
B074WYMP35,category_7252170e0eda5c0b
B074X3DLJC,category_7252170e0eda5c0b
B074XCKC7X,category_7252170e0eda5c0b
B074XCT682,category_7252170e0eda5c0b
B074XFKCVR,category_7252170e0eda5c0b
B074XJQMTX,category_7252170e0eda5c0b
B074XMTBLK,category_7252170e0eda5c0b
B074XTPDHZ,category_7252170e0eda5c0b
B074Y794Z2,category_7252170e0eda5c0b
B074Y99RJY,category_7252170e0eda5c0b
B074YHVN5D,category_7252170e0eda5c0b
B074YXYJ5K,category_7252170e0eda5c0b
B074YYWKSV,category_7252170e0eda5c0b
B074Z33HPK,category_7252170e0eda5c0b
B074Z46TV2,category_7252170e0eda5c0b
B074Z56376,category_7252170e0eda5c0b
B074Z5HG27,category_7252170e0eda5c0b
B074Z5W8HZ,category_7252170e0eda5c0b
B074Z7K7YP,category_7252170e0eda5c0b
B07513DJSD,category_7252170e0eda5c0b
B0751616GL,category_7252170e0eda5c0b
B07519FBV8,category_7252170e0eda5c0b
B0751C2KYF,category_7252170e0eda5c0b
B0751C59M6,category_7252170e0eda5c0b
B0751CQN8J,category_7252170e0eda5c0b
B0751F2P52,category_7252170e0eda5c0b
B0751JSPM4,category_7252170e0eda5c0b
B07529KM2C,category_7252170e0eda5c0b
B0752CJWH1,category_7252170e0eda5c0b
B0752VQWTD,category_7252170e0eda5c0b
B0752VT6VD,category_7252170e0eda5c0b
B07535B5L6,category_7252170e0eda5c0b
B0753C1H5H,category_7252170e0eda5c0b
B0753K624K,category_7252170e0eda5c0b
B0753NDN3W,category_7252170e0eda5c0b
B0753XDV6L,category_7252170e0eda5c0b
B0753Z53FX,category_7252170e0eda5c0b
B0753ZNJVR,category_7252170e0eda5c0b
B07542RGBL,category_7252170e0eda5c0b
B07542ZFCM,category_7252170e0eda5c0b
B07544HDN4,category_7252170e0eda5c0b
B07546RDGN,category_7252170e0eda5c0b
B07547XFYX,category_7252170e0eda5c0b
B07547XQ5D,category_7252170e0eda5c0b
B0754815D6,category_7252170e0eda5c0b
B075483PG6,category_7252170e0eda5c0b
B0754HBCRK,category_7252170e0eda5c0b
B0754HZ1YZ,category_7252170e0eda5c0b
B0754LD123,category_7252170e0eda5c0b
B0754MLNDM,category_7252170e0eda5c0b
B0754N9KVB,category_7252170e0eda5c0b
B0754TT12Q,category_7252170e0eda5c0b
B0755216S9,category_7252170e0eda5c0b
B075527ZHX,category_7252170e0eda5c0b
B07555TCR6,category_7252170e0eda5c0b
B0755BJW4Y,category_7252170e0eda5c0b
B07562LQRM,category_7252170e0eda5c0b
B07562QQ13,category_7252170e0eda5c0b
B07569G3JY,category_7252170e0eda5c0b
B07569N2L7,category_7252170e0eda5c0b
B0756CZXWY,category_7252170e0eda5c0b
B0756D8ZD1,category_7252170e0eda5c0b
B0756DBTBQ,category_7252170e0eda5c0b
B0756GJ7MT,category_7252170e0eda5c0b
B0756SYRKL,category_7252170e0eda5c0b
B0756W2D6R,category_7252170e0eda5c0b
B0756XZGF2,category_7252170e0eda5c0b
B0756YLT43,category_7252170e0eda5c0b
B07575HJG7,category_7252170e0eda5c0b
B0757C1GZD,category_7252170e0eda5c0b
B0757CHWGD,category_7252170e0eda5c0b
B0757LZ9R8,category_7252170e0eda5c0b
B0757MFTTQ,category_7252170e0eda5c0b
B0757RKJYT,category_d6ac68cf358b59e5
B0757V4V32,category_7252170e0eda5c0b
B0757Z9V13,category_7252170e0eda5c0b
B07582CBLG,category_7252170e0eda5c0b
B075831X9Q,category_7252170e0eda5c0b
B075848ZQG,category_7252170e0eda5c0b
B07584G8P7,category_7252170e0eda5c0b
B07585GQ3C,category_7252170e0eda5c0b
B075887K2D,category_7252170e0eda5c0b
B0758995TD,category_7252170e0eda5c0b
B0758CGLTK,category_7252170e0eda5c0b
B0758GG8GM,category_7252170e0eda5c0b
B0758J721Y,category_7252170e0eda5c0b
B0758NFBFW,category_7252170e0eda5c0b
B075933XKQ,category_7252170e0eda5c0b
B07594C7X6,category_7252170e0eda5c0b
B07596FLBX,category_7252170e0eda5c0b
B07597C7CK,category_7252170e0eda5c0b
B0759DH5CP,category_7252170e0eda5c0b
B0759FB41X,category_7252170e0eda5c0b
B0759P9MH1,category_7252170e0eda5c0b
B0759TB1MV,category_7252170e0eda5c0b
B075B34SN7,category_7252170e0eda5c0b
B075BS4SZ1,category_7252170e0eda5c0b
B075BXVC4Z,category_7252170e0eda5c0b
B075C1C7MM,category_7252170e0eda5c0b
B075C2JYXY,category_7252170e0eda5c0b
B075C621TG,category_7252170e0eda5c0b
B075C775ZD,category_7252170e0eda5c0b
B075CWYLTY,category_7252170e0eda5c0b
B075CXPKF8,category_7252170e0eda5c0b
B075CZ65YD,category_7252170e0eda5c0b
B075DCTJJW,category_7252170e0eda5c0b
B075DF93FS,category_7252170e0eda5c0b
B075DJLHNJ,category_7252170e0eda5c0b
B075DKWHKG,category_7252170e0eda5c0b
B075DVZ8GC,category_7252170e0eda5c0b
B075DZ5Q8T,category_7252170e0eda5c0b
B075F1GQW3,category_7252170e0eda5c0b
B075F1MYWF,category_7252170e0eda5c0b
B075F71KG2,category_7252170e0eda5c0b
B075F8KTLC,category_7252170e0eda5c0b
B075FBRBZR,category_7252170e0eda5c0b
B075FCYDVT,category_7252170e0eda5c0b
B075FDGLW9,category_7252170e0eda5c0b
B075FFB22F,category_7252170e0eda5c0b
B075FM6YBK,category_7252170e0eda5c0b
B075FMD915,category_7252170e0eda5c0b
B075FN2HK3,category_7252170e0eda5c0b
B075FSZZNX,category_7252170e0eda5c0b
B075FXYM2M,category_7252170e0eda5c0b
B075FZHCKD,category_7252170e0eda5c0b
B075FZPSX8,category_7252170e0eda5c0b
B075G3MH69,category_7252170e0eda5c0b
B075G6TL2J,category_7252170e0eda5c0b
B075GG3CVN,category_7252170e0eda5c0b
B075GLHDWF,category_7252170e0eda5c0b
B075GTL994,category_7252170e0eda5c0b
B075GV6WD2,category_7252170e0eda5c0b
B075H22DYC,category_7252170e0eda5c0b
B075H2PLZC,category_7252170e0eda5c0b
B075H2WPXN,category_7252170e0eda5c0b
B075H53734,category_7252170e0eda5c0b
B075H6TNSH,category_7252170e0eda5c0b
B075H99GMF,category_7252170e0eda5c0b
B075J4B995,category_7252170e0eda5c0b
B075J75C4M,category_7252170e0eda5c0b
B075J8Y488,category_7252170e0eda5c0b
B075JBBCPY,category_7252170e0eda5c0b
B075JCH8HL,category_7252170e0eda5c0b
B075JD5NMV,category_7252170e0eda5c0b
B075JG1QN2,category_7252170e0eda5c0b
B075JKLWXK,category_7252170e0eda5c0b
B075JM74MG,category_7252170e0eda5c0b
B075JZFMLP,category_7252170e0eda5c0b
B075K2C36C,category_7252170e0eda5c0b
B075K33FS6,category_7252170e0eda5c0b
B075K34QK8,category_7252170e0eda5c0b
B075K4DBNB,category_7252170e0eda5c0b
B075K7WN93,category_7252170e0eda5c0b
B075K8VS7D,category_7252170e0eda5c0b
B075KBRNQL,category_7252170e0eda5c0b
B075KHZHV5,category_7252170e0eda5c0b
B075KP9TN8,category_7252170e0eda5c0b
B075KPSX8Q,category_7252170e0eda5c0b
B075KQY1CC,category_7252170e0eda5c0b
B075L5KTZ7,category_7252170e0eda5c0b
B075L8XFHN,category_7252170e0eda5c0b
B075LKMC9V,category_7252170e0eda5c0b
B075LLZF3L,category_7252170e0eda5c0b
B075LSP5PR,category_7252170e0eda5c0b
B075M7KJWJ,category_7252170e0eda5c0b
B075M8SRBM,category_7252170e0eda5c0b
B075MG97LP,category_7252170e0eda5c0b
B075MGNGB6,category_7252170e0eda5c0b
B075MJPNDT,category_d6ac68cf358b59e5
B075MVCJNG,category_7252170e0eda5c0b
B075MX76WL,category_7252170e0eda5c0b
B075N8GXCN,category_7252170e0eda5c0b
B075NDJGD7,category_7252170e0eda5c0b
B075NFBGG5,category_7252170e0eda5c0b
B075NFQFQ5,category_7252170e0eda5c0b
B075NKJQF4,category_7252170e0eda5c0b
B075NR94MT,category_7252170e0eda5c0b
B075PPRS2Z,category_7252170e0eda5c0b
B075PTN7BC,category_7252170e0eda5c0b
B075PXLFSN,category_7252170e0eda5c0b
B075QBNP6D,category_7252170e0eda5c0b
B075QDCCLY,category_7252170e0eda5c0b
B075QDH8SC,category_7252170e0eda5c0b
B075QNJTX5,category_7252170e0eda5c0b
B075QP6S7H,category_7252170e0eda5c0b
B075QY32RB,category_7252170e0eda5c0b
B075R2CB6Z,category_7252170e0eda5c0b
B075R3B22J,category_7252170e0eda5c0b
B075R4CQL5,category_7252170e0eda5c0b
B075R6WKJ1,category_7252170e0eda5c0b
B075RC378K,category_7252170e0eda5c0b
B075RDT5HB,category_7252170e0eda5c0b
B075RFK4BW,category_7252170e0eda5c0b
B075RFXBKQ,category_7252170e0eda5c0b
B075RG886G,category_7252170e0eda5c0b
B075RKHZ6T,category_7252170e0eda5c0b
B075RRDY5S,category_7252170e0eda5c0b
B075RSD648,category_7252170e0eda5c0b
B075RV7Q6Z,category_7252170e0eda5c0b
B075RVY4R9,category_7252170e0eda5c0b
B075S1NCQ7,category_7252170e0eda5c0b
B075S27J6Z,category_7252170e0eda5c0b
B075SNLLNW,category_7252170e0eda5c0b
B075SRQWZN,category_7252170e0eda5c0b
B075SX6X3L,category_7252170e0eda5c0b
B075SXLPCK,category_7252170e0eda5c0b
B075T6KQR9,category_7252170e0eda5c0b
B075TZ1RLT,category_7252170e0eda5c0b
B075VFTS57,category_7252170e0eda5c0b
B075VRLNBW,category_7252170e0eda5c0b
B075W2JNTB,category_7252170e0eda5c0b
B075W39H1L,category_7252170e0eda5c0b
B075W79STJ,category_7252170e0eda5c0b
B075WFHJWS,category_7252170e0eda5c0b
B075WGHVGS,category_7252170e0eda5c0b
B075WNTFX3,category_7252170e0eda5c0b
B075WQN74Z,category_7252170e0eda5c0b
B075WR7CFM,category_7252170e0eda5c0b
B075WRRQD2,category_7252170e0eda5c0b
B075WRSHPJ,category_7252170e0eda5c0b
B075WSLFRQ,category_7252170e0eda5c0b
B075WSPZ9L,category_7252170e0eda5c0b
B075WTBRCG,category_7252170e0eda5c0b
B075WTX2PG,category_7252170e0eda5c0b
B075WVB4Q1,category_7252170e0eda5c0b
B075WVVY2P,category_7252170e0eda5c0b
B075WZFK66,category_7252170e0eda5c0b
B075XBFW3K,category_7252170e0eda5c0b
B075XG7Q1S,category_7252170e0eda5c0b
B075XGFHNN,category_7252170e0eda5c0b
B075XH2Y47,category_7252170e0eda5c0b
B075XJTVSJ,category_7252170e0eda5c0b
B075XLDBW5,category_7252170e0eda5c0b
B075XSQM2C,category_7252170e0eda5c0b
B075XT55QL,category_7252170e0eda5c0b
B075Y411GQ,category_7252170e0eda5c0b
B075YG7SHZ,category_7252170e0eda5c0b
B075YQTLQ1,category_7252170e0eda5c0b
B075YTTKXT,category_7252170e0eda5c0b
B075YZB74T,category_7252170e0eda5c0b
B075ZCL3X1,category_7252170e0eda5c0b
B075ZMXQ4F,category_7252170e0eda5c0b
B075ZQKLTY,category_7252170e0eda5c0b
B075ZTQG73,category_7252170e0eda5c0b
B075ZXLPHM,category_7252170e0eda5c0b
B07611V5VV,category_7252170e0eda5c0b
B076125G4M,category_7252170e0eda5c0b
B07612G7HJ,category_7252170e0eda5c0b
B0761JVK27,category_7252170e0eda5c0b
B0761LN28C,category_7252170e0eda5c0b
B0761TCVFK,category_7252170e0eda5c0b
B0761XGV7S,category_7252170e0eda5c0b
B0762HV63C,category_7252170e0eda5c0b
B0762LB32V,category_7252170e0eda5c0b
B0762NHN63,category_7252170e0eda5c0b
B0763H9P6S,category_7252170e0eda5c0b
B0763SV7S6,category_7252170e0eda5c0b
B0763SXQ5M,category_7252170e0eda5c0b
B0764KBJBT,category_7252170e0eda5c0b
B0764KVKDS,category_7252170e0eda5c0b
B0764MXVKJ,category_7252170e0eda5c0b
B0764NJLF9,category_7252170e0eda5c0b
B0764VV9C1,category_7252170e0eda5c0b
B0764YC1XG,category_7252170e0eda5c0b
B07657C8B7,category_7252170e0eda5c0b
B0765CB5RK,category_7252170e0eda5c0b
B0765M95MN,category_7252170e0eda5c0b
B0765NZ9Z3,category_7252170e0eda5c0b
B0765YJ5JD,category_7252170e0eda5c0b
B0765Z7XJC,category_7252170e0eda5c0b
B07667NHNK,category_7252170e0eda5c0b
B0766DT6B3,category_7252170e0eda5c0b
B0767CB7Q2,category_7252170e0eda5c0b
B07681NZT7,category_7252170e0eda5c0b
B076834XKV,category_7252170e0eda5c0b
B07686NHYJ,category_7252170e0eda5c0b
B0768DM41G,category_7252170e0eda5c0b
B0768VPMTV,category_7252170e0eda5c0b
B0769H7SPQ,category_7252170e0eda5c0b
B0769LQPTC,category_7252170e0eda5c0b
B0769X2N19,category_7252170e0eda5c0b
B076B1S4BB,category_7252170e0eda5c0b
B076B51V6D,category_7252170e0eda5c0b
B076BBG4TW,category_7252170e0eda5c0b
B076BBR2MK,category_7252170e0eda5c0b
B076BPRWP6,category_7252170e0eda5c0b
B076BSY22X,category_7252170e0eda5c0b
B076BTQLHP,category_7252170e0eda5c0b
B076BTW52T,category_7252170e0eda5c0b
B076BVWVBQ,category_7252170e0eda5c0b
B076BWZRLW,category_7252170e0eda5c0b
B076BZMBWQ,category_7252170e0eda5c0b
B076BZW364,category_7252170e0eda5c0b
B076C3GR4M,category_7252170e0eda5c0b
B076C7WXDR,category_7252170e0eda5c0b
B076CB8CFW,category_7252170e0eda5c0b
B076CGV8M2,category_7252170e0eda5c0b
B076CHNMVM,category_7252170e0eda5c0b
B076CKQ85C,category_7252170e0eda5c0b
B076CP2FFB,category_7252170e0eda5c0b
B076CSCBQD,category_7252170e0eda5c0b
B076CVP5QX,category_7252170e0eda5c0b
B076CWNJHD,category_7252170e0eda5c0b
B076D6M9Z6,category_7252170e0eda5c0b
B076DCVD94,category_7252170e0eda5c0b
B076DK17B6,category_7252170e0eda5c0b
B076DV7CTP,category_7252170e0eda5c0b
B076DVF7S5,category_7252170e0eda5c0b
B076DWVMCK,category_7252170e0eda5c0b
B076F26KSB,category_7252170e0eda5c0b
B076F5PTCV,category_7252170e0eda5c0b
B076F76JXW,category_7252170e0eda5c0b
B076F949KS,category_7252170e0eda5c0b
B076FLFKJK,category_7252170e0eda5c0b
B076FM4GMJ,category_7252170e0eda5c0b
B076FP2WMQ,category_7252170e0eda5c0b
B076FR1J5F,category_7252170e0eda5c0b
B076FWM8MB,category_7252170e0eda5c0b
B076FWP9HZ,category_7252170e0eda5c0b
B076FX2339,category_7252170e0eda5c0b
B076FXX8V8,category_7252170e0eda5c0b
B076FZDGMG,category_7252170e0eda5c0b
B076GRY2C1,category_7252170e0eda5c0b
B076GYWZ21,category_7252170e0eda5c0b
B076H2QWLH,category_7252170e0eda5c0b
B076H3CQVP,category_7252170e0eda5c0b
B076H6CTZW,category_7252170e0eda5c0b
B076H8DTGN,category_7252170e0eda5c0b
B076HGRP2L,category_7252170e0eda5c0b
B076HS6H1W,category_7252170e0eda5c0b
B076HSL73F,category_7252170e0eda5c0b
B076HTPNNQ,category_7252170e0eda5c0b
B076HV69KM,category_7252170e0eda5c0b
B076HXJ21X,category_7252170e0eda5c0b
B076J368RC,category_7252170e0eda5c0b
B076J5QGF6,category_7252170e0eda5c0b
B076J9MKVT,category_7252170e0eda5c0b
B076JJPDZQ,category_7252170e0eda5c0b
B076JNVWRW,category_7252170e0eda5c0b
B076K9J61R,category_7252170e0eda5c0b
B076KXLSRW,category_7252170e0eda5c0b
B076KZTVFQ,category_d6ac68cf358b59e5
B076L3BJVQ,category_7252170e0eda5c0b
B076L7LBTN,category_7252170e0eda5c0b
B076L8V4PV,category_7252170e0eda5c0b
B076M2YLKB,category_7252170e0eda5c0b
B076M6B5M5,category_7252170e0eda5c0b
B076M77SJC,category_7252170e0eda5c0b
B076MHQ594,category_7252170e0eda5c0b
B076MMPTZV,category_d6ac68cf358b59e5
B076MPLZP3,category_7252170e0eda5c0b
B076MR4CM6,category_7252170e0eda5c0b
B076NTGHL5,category_7252170e0eda5c0b
B076P4J12R,category_7252170e0eda5c0b
B076P57FSV,category_7252170e0eda5c0b
B076P7669Q,category_7252170e0eda5c0b
B076P7ZXDV,category_7252170e0eda5c0b
B076P8JBYM,category_7252170e0eda5c0b
B076PQ64YP,category_7252170e0eda5c0b
B076QFYNZJ,category_7252170e0eda5c0b
B076QGT36Y,category_7252170e0eda5c0b
B076QJCXMD,category_7252170e0eda5c0b
B076QLSQH9,category_7252170e0eda5c0b
B076QMVRS9,category_7252170e0eda5c0b
B076QNN489,category_7252170e0eda5c0b
B076QXCW18,category_7252170e0eda5c0b
B076QY8N23,category_7252170e0eda5c0b
B076R9QRX6,category_7252170e0eda5c0b
B076RVKKMM,category_7252170e0eda5c0b
B076SN1DDD,category_7252170e0eda5c0b
B076T4D7Z1,category_7252170e0eda5c0b
B076T76WK9,category_7252170e0eda5c0b
B076TBKKK4,category_7252170e0eda5c0b
B076TF7VD1,category_7252170e0eda5c0b
B076TN2WRD,category_7252170e0eda5c0b
B076TRZJ8R,category_7252170e0eda5c0b
B076V2KLX5,category_7252170e0eda5c0b
B076VMFS4Z,category_7252170e0eda5c0b
B076VSMW12,category_7252170e0eda5c0b
B076VW6Z1N,category_7252170e0eda5c0b
B076VX3GJ2,category_7252170e0eda5c0b
B076W4ZNHX,category_7252170e0eda5c0b
B076W7D7S2,category_7252170e0eda5c0b
B076WMZG1Z,category_7252170e0eda5c0b
B076WP4F1V,category_7252170e0eda5c0b
B076WQZGPM,category_7252170e0eda5c0b
B076WX3J5K,category_7252170e0eda5c0b
B076WXG668,category_7252170e0eda5c0b
B076WZT33R,category_7252170e0eda5c0b
B076X9RLNQ,category_7252170e0eda5c0b
B076XRK443,category_7252170e0eda5c0b
B076XWBXBK,category_7252170e0eda5c0b
B076Y9JQ3B,category_7252170e0eda5c0b
B076YC6TQY,category_7252170e0eda5c0b
B076Z3C1YK,category_7252170e0eda5c0b
B076Z5WBRV,category_7252170e0eda5c0b
B076Z7K7ML,category_7252170e0eda5c0b
B076Z7XGNR,category_7252170e0eda5c0b
B076Z8VQ72,category_7252170e0eda5c0b
B076ZBQGWC,category_7252170e0eda5c0b
B076ZCHYT6,category_7252170e0eda5c0b
B076ZLC4SR,category_7252170e0eda5c0b
B076ZLT1FD,category_7252170e0eda5c0b
B076ZPTFSJ,category_7252170e0eda5c0b
B076ZRNKQS,category_7252170e0eda5c0b
B076ZYN6GQ,category_7252170e0eda5c0b
B07712C8F6,category_7252170e0eda5c0b
B07712KXTH,category_7252170e0eda5c0b
B0771FD7LB,category_7252170e0eda5c0b
B0771FDTQN,category_7252170e0eda5c0b
B0771GBLKN,category_7252170e0eda5c0b
B0771GFP8S,category_7252170e0eda5c0b
B0771HWXH8,category_7252170e0eda5c0b
B0771KTPMD,category_7252170e0eda5c0b
B0771NT64F,category_7252170e0eda5c0b
B0771Q31R8,category_7252170e0eda5c0b
B0771QPZBN,category_7252170e0eda5c0b
B0771T5947,category_7252170e0eda5c0b
B0771Z4GPF,category_7252170e0eda5c0b
B07728N4CB,category_7252170e0eda5c0b
B0772QC577,category_7252170e0eda5c0b
B0772SHLCB,category_7252170e0eda5c0b
B0772SSDQQ,category_7252170e0eda5c0b
B0772W829L,category_7252170e0eda5c0b
B0772W876V,category_7252170e0eda5c0b
B07732YJ37,category_7252170e0eda5c0b
B07734F9GX,category_7252170e0eda5c0b
B0773BZBYD,category_7252170e0eda5c0b
B0773DYKJY,category_7252170e0eda5c0b
B0773FSYV4,category_7252170e0eda5c0b
B0773J7CZS,category_7252170e0eda5c0b
B0773JSBX4,category_7252170e0eda5c0b
B0773L23NH,category_7252170e0eda5c0b
B0773M4D4K,category_7252170e0eda5c0b
B0773NBLF9,category_7252170e0eda5c0b
B0773QFDK1,category_7252170e0eda5c0b
B0773VP9SL,category_7252170e0eda5c0b
B0773VWSZY,category_7252170e0eda5c0b
B0773WGF3M,category_7252170e0eda5c0b
B077412GLR,category_7252170e0eda5c0b
B07743NG95,category_7252170e0eda5c0b
B0774WDDDD,category_7252170e0eda5c0b
B07755K54M,category_7252170e0eda5c0b
B0775RC6RD,category_7252170e0eda5c0b
B0775YN4SD,category_7252170e0eda5c0b
B07761FBSK,category_7252170e0eda5c0b
B07766DJBH,category_7252170e0eda5c0b
B07767S24J,category_7252170e0eda5c0b
B0776JW3PM,category_7252170e0eda5c0b
B0776SP63Q,category_7252170e0eda5c0b
B0776VGWX2,category_7252170e0eda5c0b
B0776W5P91,category_7252170e0eda5c0b
B0776ZD75X,category_7252170e0eda5c0b
B07771VBBS,category_7252170e0eda5c0b
B077728Y21,category_7252170e0eda5c0b
B077795LTL,category_7252170e0eda5c0b
B0777KZKLD,category_7252170e0eda5c0b
B0777QHNLR,category_7252170e0eda5c0b
B0777VB8RC,category_7252170e0eda5c0b
B0777W6C4X,category_7252170e0eda5c0b
B0777Y9PTC,category_7252170e0eda5c0b
B0778GV33Q,category_7252170e0eda5c0b
B0778HXG5Z,category_7252170e0eda5c0b
B0778MNK8C,category_7252170e0eda5c0b
B0778NWX2K,category_7252170e0eda5c0b
B0778SWHSY,category_7252170e0eda5c0b
B0778TTGGG,category_7252170e0eda5c0b
B07794SVPC,category_7252170e0eda5c0b
B077966TXY,category_7252170e0eda5c0b
B07799Z4T4,category_7252170e0eda5c0b
B0779BX3WM,category_7252170e0eda5c0b
B0779HHQJ8,category_7252170e0eda5c0b
B0779JN578,category_7252170e0eda5c0b
B0779K676L,category_7252170e0eda5c0b
B0779PFR1M,category_7252170e0eda5c0b
B0779R8BMT,category_7252170e0eda5c0b
B0779VXJ27,category_7252170e0eda5c0b
B077BKPWJM,category_7252170e0eda5c0b
B077BMVM88,category_7252170e0eda5c0b
B077BZCPSK,category_7252170e0eda5c0b
B077C2T253,category_7252170e0eda5c0b
B077C7TJR3,category_7252170e0eda5c0b
B077C8CQ1K,category_7252170e0eda5c0b
B077D1BCHL,category_7252170e0eda5c0b
B077D3NDLJ,category_7252170e0eda5c0b
B077D4921Z,category_7252170e0eda5c0b
B077D5VWJN,category_7252170e0eda5c0b
B077D5VXKX,category_7252170e0eda5c0b
B077D8QM6K,category_7252170e0eda5c0b
B077DWJ4H5,category_7252170e0eda5c0b
B077FGBFQD,category_7252170e0eda5c0b
B077FKWZGG,category_7252170e0eda5c0b
B077FX64K9,category_7252170e0eda5c0b
B077G7KHCB,category_7252170e0eda5c0b
B077G7LBTR,category_7252170e0eda5c0b
B077G8PYG6,category_7252170e0eda5c0b
B077GD1PT2,category_7252170e0eda5c0b
B077GJ247R,category_7252170e0eda5c0b
B077GLC36F,category_7252170e0eda5c0b
B077GZGRNS,category_7252170e0eda5c0b
B077HB2886,category_7252170e0eda5c0b
B077HSD17S,category_7252170e0eda5c0b
B077HT24D7,category_7252170e0eda5c0b
B077HWTYMM,category_7252170e0eda5c0b
B077J8WDH8,category_7252170e0eda5c0b
B077JCPBF2,category_7252170e0eda5c0b
B077JKHSM2,category_7252170e0eda5c0b
B077JPL7L1,category_7252170e0eda5c0b
B077JQM2N4,category_7252170e0eda5c0b
B077KHY7CW,category_7252170e0eda5c0b
B077KJHSZG,category_7252170e0eda5c0b
B077KNWSHF,category_7252170e0eda5c0b
B077KQRS49,category_7252170e0eda5c0b
B077KQZ4BL,category_7252170e0eda5c0b
B077LF636N,category_7252170e0eda5c0b
B077LGD58Z,category_7252170e0eda5c0b
B077LW1JP2,category_7252170e0eda5c0b
B077LWVP38,category_7252170e0eda5c0b
B077M3PSXF,category_7252170e0eda5c0b
B077M3S4KG,category_7252170e0eda5c0b
B077M4MJMQ,category_7252170e0eda5c0b
B077MNDVD6,category_7252170e0eda5c0b
B077MWYVLC,category_7252170e0eda5c0b
B077N1W77M,category_7252170e0eda5c0b
B077N8V1CP,category_7252170e0eda5c0b
B077NDRR44,category_7252170e0eda5c0b
B077NKPWWW,category_7252170e0eda5c0b
B077NM498N,category_7252170e0eda5c0b
B077NQY71H,category_7252170e0eda5c0b
B077NWTWG3,category_7252170e0eda5c0b
B077P17L4P,category_7252170e0eda5c0b
B077PB9XZF,category_7252170e0eda5c0b
B077Q59MF6,category_7252170e0eda5c0b
B077Q5F959,category_7252170e0eda5c0b
B077QK144N,category_7252170e0eda5c0b
B077QPJCWH,category_7252170e0eda5c0b
B077QS36JP,category_7252170e0eda5c0b
B077QZDXYT,category_7252170e0eda5c0b
B077RMRQFH,category_7252170e0eda5c0b
B077RPBK22,category_7252170e0eda5c0b
B077RR2N9Y,category_7252170e0eda5c0b
B077RRGHTB,category_7252170e0eda5c0b
B077RTRRW8,category_7252170e0eda5c0b
B077RVN5B1,category_7252170e0eda5c0b
B077RXFBRW,category_7252170e0eda5c0b
B077S3HRM6,category_7252170e0eda5c0b
B077SGZ29T,category_7252170e0eda5c0b
B077SLY5CM,category_7252170e0eda5c0b
B077SMV24R,category_7252170e0eda5c0b
B077SRDVG9,category_7252170e0eda5c0b
B077T2R78Z,category_7252170e0eda5c0b
B077T83ZZF,category_7252170e0eda5c0b
B077T9YTZJ,category_7252170e0eda5c0b
B077TBG9N3,category_7252170e0eda5c0b
B077TJYB6S,category_7252170e0eda5c0b
B077TLCYBZ,category_7252170e0eda5c0b
B077TPQ1RC,category_7252170e0eda5c0b
B077TQXVR8,category_7252170e0eda5c0b
B077TSWZDN,category_7252170e0eda5c0b
B077V6SZ7S,category_7252170e0eda5c0b
B077VDFTLS,category_7252170e0eda5c0b
B077VPMDPC,category_7252170e0eda5c0b
B077VTVJYT,category_7252170e0eda5c0b
B077W3DBT1,category_7252170e0eda5c0b
B077W5YRNG,category_7252170e0eda5c0b
B077W8B48L,category_7252170e0eda5c0b
B077WCVYQ8,category_7252170e0eda5c0b
B077X29MM2,category_7252170e0eda5c0b
B077X4DSST,category_7252170e0eda5c0b
B077X75ZBW,category_7252170e0eda5c0b
B077X8PWZ3,category_7252170e0eda5c0b
B077XLH536,category_7252170e0eda5c0b
B077XP81B9,category_7252170e0eda5c0b
B077XV2CPY,category_7252170e0eda5c0b
B077Y3STN4,category_7252170e0eda5c0b
B077Y3X741,category_7252170e0eda5c0b
B077Y5TTGK,category_7252170e0eda5c0b
B077Y6RMCW,category_7252170e0eda5c0b
B077YGTMP1,category_7252170e0eda5c0b
B077YMT9F2,category_7252170e0eda5c0b
B077YNPLVP,category_7252170e0eda5c0b
B077YSDLL1,category_7252170e0eda5c0b
B077YWKVPP,category_7252170e0eda5c0b
B077Z1CH6J,category_7252170e0eda5c0b
B077Z3HXQL,category_7252170e0eda5c0b
B077ZKTB4W,category_7252170e0eda5c0b
B077ZMX1PB,category_7252170e0eda5c0b
B077ZRNTJK,category_7252170e0eda5c0b
B077ZXKP1Q,category_7252170e0eda5c0b
B07811G7CX,category_7252170e0eda5c0b
B0781F53JJ,category_7252170e0eda5c0b
B0781KG5FR,category_7252170e0eda5c0b
B078359WSX,category_7252170e0eda5c0b
B0783Q8YMD,category_7252170e0eda5c0b
B07849YT4K,category_7252170e0eda5c0b
B0784MXJ15,category_7252170e0eda5c0b
B0784PV6YW,category_7252170e0eda5c0b
B0785GJRH5,category_7252170e0eda5c0b
B0785T2X3D,category_7252170e0eda5c0b
B0785W5QKM,category_7252170e0eda5c0b
B0785Y6LFF,category_7252170e0eda5c0b
B07864F6JS,category_7252170e0eda5c0b
B0786RZR6B,category_7252170e0eda5c0b
B07871RLLG,category_7252170e0eda5c0b
B07873YCFK,category_7252170e0eda5c0b
B0787FHGNR,category_7252170e0eda5c0b
B0787HTJ19,category_7252170e0eda5c0b
B0787SX5LM,category_7252170e0eda5c0b
B0787SZHPF,category_7252170e0eda5c0b
B0787VKNVN,category_7252170e0eda5c0b
B0787XPBK4,category_7252170e0eda5c0b
B07883HRL6,category_7252170e0eda5c0b
B0788G7LYS,category_7252170e0eda5c0b
B0788H52LG,category_7252170e0eda5c0b
B0788HS5K4,category_7252170e0eda5c0b
B0788QNPSG,category_7252170e0eda5c0b
B0788W2Y2W,category_7252170e0eda5c0b
B078943XFT,category_7252170e0eda5c0b
B0789759NC,category_7252170e0eda5c0b
B07897927F,category_7252170e0eda5c0b
B07897NSJ3,category_7252170e0eda5c0b
B078991F5Z,category_7252170e0eda5c0b
B0789HSGNK,category_7252170e0eda5c0b
B0789RX7Q3,category_7252170e0eda5c0b
B078B8PCPN,category_7252170e0eda5c0b
B078BXGW8L,category_7252170e0eda5c0b
B078CR19DL,category_7252170e0eda5c0b
B078D67LG5,category_7252170e0eda5c0b
B078DFV6X1,category_7252170e0eda5c0b
B078DFXCCV,category_7252170e0eda5c0b
B078FTGYB6,category_7252170e0eda5c0b
B078GJ9LWT,category_7252170e0eda5c0b
B078GZZ1LL,category_7252170e0eda5c0b
B078H1Y4V1,category_7252170e0eda5c0b
B078H5VM3L,category_7252170e0eda5c0b
B078H73SHF,category_7252170e0eda5c0b
B078H884ZG,category_7252170e0eda5c0b
B078HB1SMX,category_7252170e0eda5c0b
B078HCNWP3,category_7252170e0eda5c0b
B078HFWGNJ,category_7252170e0eda5c0b
B078HGJ1P1,category_7252170e0eda5c0b
B078HJ5RZ9,category_7252170e0eda5c0b
B078HJVP8Y,category_7252170e0eda5c0b
B078HL31Z5,category_7252170e0eda5c0b
B078HPLYBY,category_7252170e0eda5c0b
B078HQGT3H,category_7252170e0eda5c0b
B078J18HQQ,category_7252170e0eda5c0b
B078J33QM5,category_7252170e0eda5c0b
B078J4DY9F,category_7252170e0eda5c0b
B078J53MLJ,category_7252170e0eda5c0b
B078J6P9TM,category_7252170e0eda5c0b
B078J7N76K,category_7252170e0eda5c0b
B078JFH7QV,category_7252170e0eda5c0b
B078JFLHXM,category_7252170e0eda5c0b
B078JJW9GV,category_7252170e0eda5c0b
B078JM3H3V,category_7252170e0eda5c0b
B078JT1RWB,category_7252170e0eda5c0b
B078JTBRKV,category_7252170e0eda5c0b
B078JW9KKY,category_7252170e0eda5c0b
B078JWDCZ9,category_7252170e0eda5c0b
B078JWFNRB,category_7252170e0eda5c0b
B078JWY9ST,category_7252170e0eda5c0b
B078K1LQPG,category_7252170e0eda5c0b
B078K4HSPB,category_7252170e0eda5c0b
B078KCZJ2P,category_7252170e0eda5c0b
B078KLDSXV,category_7252170e0eda5c0b
B078KTR1Y4,category_7252170e0eda5c0b
B078KVJ6ZY,category_7252170e0eda5c0b
B078LC66WK,category_7252170e0eda5c0b
B078LZP988,category_7252170e0eda5c0b
B078M97GV6,category_7252170e0eda5c0b
B078MCZM2Z,category_7252170e0eda5c0b
B078MDS92M,category_7252170e0eda5c0b
B078MHPDVX,category_7252170e0eda5c0b
B078MTD7NR,category_7252170e0eda5c0b
B078MW6W48,category_7252170e0eda5c0b
B078N1DMS5,category_7252170e0eda5c0b
B078NHQJR9,category_7252170e0eda5c0b
B078NTRQ8W,category_7252170e0eda5c0b
B078NWVJYQ,category_7252170e0eda5c0b
B078NY51DG,category_7252170e0eda5c0b
B078P24F5P,category_7252170e0eda5c0b
B078P2T1MY,category_7252170e0eda5c0b
B078P3SQSM,category_7252170e0eda5c0b
B078P3WSMZ,category_7252170e0eda5c0b
B078P3YM5L,category_7252170e0eda5c0b
B078PFGG73,category_7252170e0eda5c0b
B078PJDX3L,category_7252170e0eda5c0b
B078PPKQCH,category_7252170e0eda5c0b
B078PQ5SG5,category_7252170e0eda5c0b
B078PQMQS1,category_7252170e0eda5c0b
B078Q6MV2G,category_7252170e0eda5c0b
B078Q8MVMN,category_7252170e0eda5c0b
B078QPW84X,category_7252170e0eda5c0b
B078R1YZ3P,category_7252170e0eda5c0b
B078R3LGXN,category_7252170e0eda5c0b
B078RJQJL4,category_7252170e0eda5c0b
B078RL146C,category_7252170e0eda5c0b
B078RPVK7H,category_7252170e0eda5c0b
B078S1C1QM,category_7252170e0eda5c0b
B078S1GK5P,category_7252170e0eda5c0b
B078S48DH6,category_7252170e0eda5c0b
B078SP328M,category_7252170e0eda5c0b
B078SP5G49,category_7252170e0eda5c0b
B078SRRPVZ,category_7252170e0eda5c0b
B078SSN1CN,category_7252170e0eda5c0b
B078SVYMJK,category_7252170e0eda5c0b
B078SZF7NV,category_7252170e0eda5c0b
B078T1XPL1,category_7252170e0eda5c0b
B078T2ZLVS,category_7252170e0eda5c0b
B078T47Y6R,category_7252170e0eda5c0b
B078T65BBK,category_7252170e0eda5c0b
B078T73M7T,category_7252170e0eda5c0b
B078T7883X,category_7252170e0eda5c0b
B078TB397L,category_7252170e0eda5c0b
B078TBPRBC,category_7252170e0eda5c0b
B078TH87CJ,category_7252170e0eda5c0b
B078TQMVWD,category_7252170e0eda5c0b
B078VFS565,category_7252170e0eda5c0b
B078VNNN2H,category_7252170e0eda5c0b
B078W2X8PG,category_7252170e0eda5c0b
B078W35Q61,category_7252170e0eda5c0b
B078W62BDY,category_7252170e0eda5c0b
B078W62RK1,category_7252170e0eda5c0b
B078W7HHWW,category_7252170e0eda5c0b
B078WCJWGL,category_7252170e0eda5c0b
B078WD3523,category_7252170e0eda5c0b
B078WNW11K,category_7252170e0eda5c0b
B078WPRX6M,category_7252170e0eda5c0b
B078WS11K1,category_7252170e0eda5c0b
B078WXJGPH,category_7252170e0eda5c0b
B078WZLPM5,category_7252170e0eda5c0b
B078X236BZ,category_7252170e0eda5c0b
B078X34T1H,category_7252170e0eda5c0b
B078X61TY6,category_7252170e0eda5c0b
B078XHYC7Y,category_7252170e0eda5c0b
B078XHZ8JH,category_7252170e0eda5c0b
B078XJNK2Z,category_7252170e0eda5c0b
B078XJZ22G,category_7252170e0eda5c0b
B078XL3MYH,category_7252170e0eda5c0b
B078XNH983,category_7252170e0eda5c0b
B078XZN79W,category_7252170e0eda5c0b
B078YFVGSP,category_7252170e0eda5c0b
B078YG72GS,category_7252170e0eda5c0b
B078YGD9KR,category_7252170e0eda5c0b
B078YJ5VBV,category_7252170e0eda5c0b
B078YL398Q,category_7252170e0eda5c0b
B078YLR5NG,category_7252170e0eda5c0b
B078YNMMJQ,category_7252170e0eda5c0b
B078YP7HWM,category_7252170e0eda5c0b
B078YPJYKH,category_7252170e0eda5c0b
B078YQL1PC,category_7252170e0eda5c0b
B078YX5GG3,category_7252170e0eda5c0b
B078Z1Y26B,category_7252170e0eda5c0b
B078Z212PD,category_7252170e0eda5c0b
B078Z4SL1M,category_7252170e0eda5c0b
B078Z6MGVW,category_7252170e0eda5c0b
B078Z6QD71,category_7252170e0eda5c0b
B078Z8WR5K,category_7252170e0eda5c0b
B078ZBDY3V,category_7252170e0eda5c0b
B07918CXJ1,category_7252170e0eda5c0b
B0791BH4WR,category_7252170e0eda5c0b
B0791CKMR4,category_7252170e0eda5c0b
B0791DT3RH,category_7252170e0eda5c0b
B0791J9F59,category_7252170e0eda5c0b
B0791L22ZM,category_7252170e0eda5c0b
B0791X6SFT,category_7252170e0eda5c0b
B0791XC487,category_7252170e0eda5c0b
B07924X1S9,category_7252170e0eda5c0b
B07927V3SQ,category_7252170e0eda5c0b
B0792CKMQ9,category_7252170e0eda5c0b
B0792RTZ94,category_7252170e0eda5c0b
B0792T4R1W,category_7252170e0eda5c0b
B0792YP8Q5,category_7252170e0eda5c0b
B07933X6TN,category_7252170e0eda5c0b
B0793D6FG9,category_7252170e0eda5c0b
B0793FRZH6,category_7252170e0eda5c0b
B0793HY9LQ,category_7252170e0eda5c0b
B0793KBKNQ,category_7252170e0eda5c0b
B0793L69G8,category_7252170e0eda5c0b
B0793PK7BN,category_7252170e0eda5c0b
B0793ZV5T5,category_7252170e0eda5c0b
B07949LRGY,category_7252170e0eda5c0b
B0794BY6QX,category_7252170e0eda5c0b
B0794MXH1S,category_7252170e0eda5c0b
B0794R47BM,category_7252170e0eda5c0b
B0794RRQJN,category_7252170e0eda5c0b
B0794T2HF9,category_7252170e0eda5c0b
B0794XC7F7,category_7252170e0eda5c0b
B0795GH78J,category_7252170e0eda5c0b
B0795GT7D1,category_7252170e0eda5c0b
B0796573J6,category_7252170e0eda5c0b
B07968N5GC,category_7252170e0eda5c0b
B0796GPDTX,category_7252170e0eda5c0b
B0796N1LVM,category_7252170e0eda5c0b
B079788PBL,category_7252170e0eda5c0b
B0797CZTJ1,category_7252170e0eda5c0b
B0797GF7QJ,category_7252170e0eda5c0b
B0797JD187,category_7252170e0eda5c0b
B0797K3P8Z,category_7252170e0eda5c0b
B0797QLHND,category_7252170e0eda5c0b
B0797YXB1P,category_7252170e0eda5c0b
B0798MCP8W,category_7252170e0eda5c0b
B0798NSL1G,category_7252170e0eda5c0b
B0798PTV19,category_7252170e0eda5c0b
B0798SKZYR,category_7252170e0eda5c0b
B0798Y4HBL,category_7252170e0eda5c0b
B07996L8MH,category_7252170e0eda5c0b
B0799C4G4B,category_7252170e0eda5c0b
B0799MRQFM,category_7252170e0eda5c0b
B079BDZ5ZG,category_7252170e0eda5c0b
B079BF941H,category_7252170e0eda5c0b
B079BHMD46,category_7252170e0eda5c0b
B079BJ4457,category_7252170e0eda5c0b
B079BPCQN6,category_7252170e0eda5c0b
B079BQCWYX,category_7252170e0eda5c0b
B079BXXH1Y,category_7252170e0eda5c0b
B079C5M9CJ,category_7252170e0eda5c0b
B079C62RV8,category_7252170e0eda5c0b
B079C6MQWW,category_7252170e0eda5c0b
B079CVXS2D,category_7252170e0eda5c0b
B079CYFM8Z,category_7252170e0eda5c0b
B079D7R8XR,category_7252170e0eda5c0b
B079D87KKM,category_7252170e0eda5c0b
B079D9K2ZY,category_7252170e0eda5c0b
B079DHH86F,category_7252170e0eda5c0b
B079DNRSG3,category_7252170e0eda5c0b
B079DQ22VD,category_7252170e0eda5c0b
B079DVTVW7,category_7252170e0eda5c0b
B079F4KF53,category_7252170e0eda5c0b
B079F5Z4YQ,category_7252170e0eda5c0b
B079F67V9B,category_7252170e0eda5c0b
B079FP1XL9,category_7252170e0eda5c0b
B079FZTVMD,category_7252170e0eda5c0b
B079G2C9PK,category_7252170e0eda5c0b
B079G2J3Y4,category_7252170e0eda5c0b
B079G3BPLM,category_7252170e0eda5c0b
B079GQXZ4F,category_7252170e0eda5c0b
B079GSQQ77,category_7252170e0eda5c0b
B079GXPKDC,category_7252170e0eda5c0b
B079H1V4PR,category_7252170e0eda5c0b
B079HBFKS7,category_7252170e0eda5c0b
B079HHBWCT,category_7252170e0eda5c0b
B079HJWSFY,category_7252170e0eda5c0b
B079HTT4NT,category_7252170e0eda5c0b
B079HV1G33,category_7252170e0eda5c0b
B079J121M3,category_7252170e0eda5c0b
B079J2QXT8,category_7252170e0eda5c0b
B079J47LL2,category_7252170e0eda5c0b
B079J5NF1H,category_7252170e0eda5c0b
B079J61BPL,category_7252170e0eda5c0b
B079J7B3LQ,category_7252170e0eda5c0b
B079JF8TX5,category_7252170e0eda5c0b
B079JPHQ9Q,category_7252170e0eda5c0b
B079JPNPF3,category_7252170e0eda5c0b
B079JR5HGP,category_7252170e0eda5c0b
B079JZ3Q5T,category_7252170e0eda5c0b
B079JZHB4R,category_7252170e0eda5c0b
B079K746J7,category_7252170e0eda5c0b
B079KJVV2B,category_7252170e0eda5c0b
B079KK11Y8,category_7252170e0eda5c0b
B079KQPCLX,category_7252170e0eda5c0b
B079KZ3BR3,category_7252170e0eda5c0b
B079L3Q9BV,category_7252170e0eda5c0b
B079LVHSKZ,category_7252170e0eda5c0b
B079LVW98L,category_7252170e0eda5c0b
B079M2BW8R,category_7252170e0eda5c0b
B079M39F4Q,category_7252170e0eda5c0b
B079M8RWQ9,category_7252170e0eda5c0b
B079MC94WB,category_7252170e0eda5c0b
B079MH6223,category_7252170e0eda5c0b
B079MJPSF6,category_7252170e0eda5c0b
B079N68DQ7,category_7252170e0eda5c0b
B079N6W7QJ,category_7252170e0eda5c0b
B079N89YMZ,category_7252170e0eda5c0b
B079ND2S23,category_7252170e0eda5c0b
B079NJ46M6,category_7252170e0eda5c0b
B079NPTM3D,category_7252170e0eda5c0b
B079P68S67,category_7252170e0eda5c0b
B079P8TMGN,category_7252170e0eda5c0b
B079PH1X65,category_7252170e0eda5c0b
B079PM5VZH,category_7252170e0eda5c0b
B079PRSLCV,category_7252170e0eda5c0b
B079PS8GG3,category_7252170e0eda5c0b
B079PSG6FW,category_7252170e0eda5c0b
B079PTG1C6,category_7252170e0eda5c0b
B079Q4P6K1,category_7252170e0eda5c0b
B079QBHKC8,category_7252170e0eda5c0b
B079QW8TSQ,category_7252170e0eda5c0b
B079R2VWNX,category_7252170e0eda5c0b
B079R47NWB,category_7252170e0eda5c0b
B079R6DDPB,category_7252170e0eda5c0b
B079RHPJBD,category_7252170e0eda5c0b
B079RMW6R7,category_7252170e0eda5c0b
B079RMWCQ2,category_7252170e0eda5c0b
B079RN1Z3Q,category_7252170e0eda5c0b
B079RNCPWN,category_7252170e0eda5c0b
B079SD3GZW,category_7252170e0eda5c0b
B079SJ7ZNW,category_7252170e0eda5c0b
B079SJL5C5,category_7252170e0eda5c0b
B079STNXP2,category_7252170e0eda5c0b
B079SY31WC,category_7252170e0eda5c0b
B079TP62LL,category_7252170e0eda5c0b
B079TWMF1W,category_7252170e0eda5c0b
B079TYBL25,category_7252170e0eda5c0b
B079V1S1BS,category_7252170e0eda5c0b
B079V3649Y,category_7252170e0eda5c0b
B079VDJ2DR,category_7252170e0eda5c0b
B079VDV2LH,category_7252170e0eda5c0b
B079VVP246,category_7252170e0eda5c0b
B079VYY4LL,category_7252170e0eda5c0b
B079W7N7WN,category_7252170e0eda5c0b
B079WBZRD8,category_7252170e0eda5c0b
B079WPYH6Q,category_7252170e0eda5c0b
B079WRHZ3V,category_7252170e0eda5c0b
B079X3CZ19,category_7252170e0eda5c0b
B079X3H1HG,category_7252170e0eda5c0b
B079XW1XJF,category_7252170e0eda5c0b
B079XWC5YY,category_7252170e0eda5c0b
B079XXK1GN,category_7252170e0eda5c0b
B079Y3Y3ZV,category_7252170e0eda5c0b
B079Y53VFK,category_7252170e0eda5c0b
B079Y8G5YB,category_7252170e0eda5c0b
B079YB263C,category_7252170e0eda5c0b
B079YB9288,category_7252170e0eda5c0b
B079YGNSHD,category_7252170e0eda5c0b
B079YK47M7,category_7252170e0eda5c0b
B079YMBGWR,category_7252170e0eda5c0b
B079YTHZ25,category_7252170e0eda5c0b
B079YV527T,category_7252170e0eda5c0b
B079YWJ155,category_7252170e0eda5c0b
B079YX29QJ,category_7252170e0eda5c0b
B079YYJ13L,category_7252170e0eda5c0b
B079Z5G3HX,category_7252170e0eda5c0b
B079Z83Z3S,category_7252170e0eda5c0b
B079ZC4BSW,category_7252170e0eda5c0b
B079ZG8SB4,category_7252170e0eda5c0b
B079ZM69XL,category_7252170e0eda5c0b
B079ZN8KSJ,category_7252170e0eda5c0b
B07B11HS8P,category_7252170e0eda5c0b
B07B1YTSCG,category_7252170e0eda5c0b
B07B2KH5SR,category_7252170e0eda5c0b
B07B2N36S5,category_7252170e0eda5c0b
B07B2P9JQF,category_7252170e0eda5c0b
B07B2Q53F2,category_7252170e0eda5c0b
B07B2SFKPY,category_7252170e0eda5c0b
B07B2VJSFW,category_7252170e0eda5c0b
B07B39GX1V,category_7252170e0eda5c0b
B07B3K31WL,category_7252170e0eda5c0b
B07B3M1P4J,category_7252170e0eda5c0b
B07B3NHXBR,category_7252170e0eda5c0b
B07B3WWB8K,category_7252170e0eda5c0b
B07B46H8G9,category_7252170e0eda5c0b
B07B4BQ8TN,category_7252170e0eda5c0b
B07B4KLSCC,category_7252170e0eda5c0b
B07B4L776F,category_7252170e0eda5c0b
B07B4LB6SF,category_7252170e0eda5c0b
B07B4M1Q1T,category_7252170e0eda5c0b
B07B4RW4MG,category_7252170e0eda5c0b
B07B4W2R6W,category_7252170e0eda5c0b
B07B4W87QZ,category_7252170e0eda5c0b
B07B4Z6QRB,category_7252170e0eda5c0b
B07B4ZMQX2,category_7252170e0eda5c0b
B07B53J57Y,category_7252170e0eda5c0b
B07B5LPMSK,category_7252170e0eda5c0b
B07B5YVCDX,category_7252170e0eda5c0b
B07B64M42C,category_7252170e0eda5c0b
B07B674K5H,category_7252170e0eda5c0b
B07B67G7PT,category_7252170e0eda5c0b
B07B6CDXFH,category_7252170e0eda5c0b
B07B6F7NJ5,category_7252170e0eda5c0b
B07B6K4N4C,category_7252170e0eda5c0b
B07B6KN27X,category_7252170e0eda5c0b
B07B6KYCCW,category_7252170e0eda5c0b
B07B6MFTYH,category_7252170e0eda5c0b
B07B6QQJ3K,category_7252170e0eda5c0b
B07B6S35X2,category_7252170e0eda5c0b
B07B6SRR9X,category_7252170e0eda5c0b
B07B6TD4DF,category_7252170e0eda5c0b
B07B6TNHTD,category_7252170e0eda5c0b
B07B6VBRC5,category_7252170e0eda5c0b
B07B7C2QBJ,category_7252170e0eda5c0b
B07B7F1CRF,category_7252170e0eda5c0b
B07B7FCVFN,category_7252170e0eda5c0b
B07B7FXJFC,category_7252170e0eda5c0b
B07B7GNKK5,category_7252170e0eda5c0b
B07B7H9WBJ,category_7252170e0eda5c0b
B07B7MHB1H,category_7252170e0eda5c0b
B07B7Q5NDD,category_7252170e0eda5c0b
B07B7XJM5N,category_7252170e0eda5c0b
B07B86YWQY,category_7252170e0eda5c0b
B07B8GCRVY,category_7252170e0eda5c0b
B07B8JFCC2,category_7252170e0eda5c0b
B07B8JZXQD,category_7252170e0eda5c0b
B07B8LSZ48,category_7252170e0eda5c0b
B07B8N2BNC,category_7252170e0eda5c0b
B07B8Q9WHS,category_7252170e0eda5c0b
B07B8QZ65Y,category_7252170e0eda5c0b
B07B8RTLX1,category_7252170e0eda5c0b
B07B8TLMYW,category_7252170e0eda5c0b
B07B8W7P2M,category_7252170e0eda5c0b
B07B8Y1CB9,category_7252170e0eda5c0b
B07B9LW8H5,category_7252170e0eda5c0b
B07B9N9TB3,category_7252170e0eda5c0b
B07B9PDBR3,category_7252170e0eda5c0b
B07B9T5V8D,category_7252170e0eda5c0b
B07B9TSY8X,category_7252170e0eda5c0b
B07B9TTBMK,category_7252170e0eda5c0b
B07B9V9V7F,category_7252170e0eda5c0b
B07B9WH6PL,category_7252170e0eda5c0b
B07B9WW5YB,category_7252170e0eda5c0b
B07B9X2KNP,category_7252170e0eda5c0b
B07B9XTBPR,category_7252170e0eda5c0b
B07BB1PHW7,category_7252170e0eda5c0b
B07BB2LVXF,category_7252170e0eda5c0b
B07BB2SCKM,category_7252170e0eda5c0b
B07BB3Q3KD,category_7252170e0eda5c0b
B07BB3Q8Z2,category_7252170e0eda5c0b
B07BB5QCCQ,category_7252170e0eda5c0b
B07BB82KWT,category_7252170e0eda5c0b
B07BBHKV1K,category_7252170e0eda5c0b
B07BBHSGY2,category_7252170e0eda5c0b
B07BBK4Q66,category_7252170e0eda5c0b
B07BBKVTN1,category_7252170e0eda5c0b
B07BBWDDGF,category_7252170e0eda5c0b
B07BBYRJKZ,category_7252170e0eda5c0b
B07BC34QT5,category_7252170e0eda5c0b
B07BC87HRQ,category_7252170e0eda5c0b
B07BCWHDP2,category_7252170e0eda5c0b
B07BD4MHMP,category_7252170e0eda5c0b
B07BD4QNJ5,category_7252170e0eda5c0b
B07BD6TVZ4,category_7252170e0eda5c0b
B07BDDBRMJ,category_7252170e0eda5c0b
B07BDGSMB5,category_7252170e0eda5c0b
B07BDNTXWN,category_7252170e0eda5c0b
B07BDR6MDB,category_7252170e0eda5c0b
B07BDRRDDW,category_7252170e0eda5c0b
B07BF4QCY5,category_7252170e0eda5c0b
B07BF6CPBJ,category_7252170e0eda5c0b
B07BF83RN9,category_7252170e0eda5c0b
B07BF8511F,category_7252170e0eda5c0b
B07BF9D5NK,category_7252170e0eda5c0b
B07BFB8R8M,category_7252170e0eda5c0b
B07BFC3RZZ,category_7252170e0eda5c0b
B07BFFK8NH,category_7252170e0eda5c0b
B07BFNLKDC,category_7252170e0eda5c0b
B07BFTLCDH,category_7252170e0eda5c0b
B07BFTWPH2,category_7252170e0eda5c0b
B07BFTY89D,category_7252170e0eda5c0b
B07BGD4LLC,category_7252170e0eda5c0b
B07BGGYG6Y,category_7252170e0eda5c0b
B07BGGZQKM,category_7252170e0eda5c0b
B07BGH1PL5,category_7252170e0eda5c0b
B07BGH86ZF,category_7252170e0eda5c0b
B07BGQGTHS,category_7252170e0eda5c0b
B07BGTQ7J9,category_7252170e0eda5c0b
B07BGVH93G,category_7252170e0eda5c0b
B07BGW4G39,category_7252170e0eda5c0b
B07BGWV4YY,category_7252170e0eda5c0b
B07BGY2226,category_7252170e0eda5c0b
B07BGY2Z8Y,category_7252170e0eda5c0b
B07BHL8QYY,category_7252170e0eda5c0b
B07BHM7WM2,category_7252170e0eda5c0b
B07BHVHCR1,category_7252170e0eda5c0b
B07BHVL1LD,category_7252170e0eda5c0b
B07BHZ4LZ7,category_d6ac68cf358b59e5
B07BHZLFS4,category_7252170e0eda5c0b
B07BJ364TF,category_7252170e0eda5c0b
B07BJ3RNWW,category_7252170e0eda5c0b
B07BJHPTPT,category_7252170e0eda5c0b
B07BJLNQVH,category_7252170e0eda5c0b
B07BK1GF63,category_7252170e0eda5c0b
B07BK46S1D,category_7252170e0eda5c0b
B07BK8FKHT,category_7252170e0eda5c0b
B07BK9MS2N,category_7252170e0eda5c0b
B07BK9T8CM,category_7252170e0eda5c0b
B07BKQ14GZ,category_7252170e0eda5c0b
B07BKTH19G,category_7252170e0eda5c0b
B07BKVZ3M7,category_7252170e0eda5c0b
B07BKX1WZN,category_7252170e0eda5c0b
B07BKZZ4MG,category_7252170e0eda5c0b
B07BL5DFGM,category_7252170e0eda5c0b
B07BLFWBTL,category_7252170e0eda5c0b
B07BLK4W97,category_7252170e0eda5c0b
B07BLL6XKY,category_7252170e0eda5c0b
B07BLRMZ2R,category_7252170e0eda5c0b
B07BLVYV1K,category_7252170e0eda5c0b
B07BLX85GW,category_7252170e0eda5c0b
B07BM2X7PG,category_7252170e0eda5c0b
B07BMD3BCW,category_7252170e0eda5c0b
B07BMG5FGB,category_7252170e0eda5c0b
B07BMLY6H2,category_7252170e0eda5c0b
B07BMMYWTD,category_7252170e0eda5c0b
B07BMV9JSV,category_7252170e0eda5c0b
B07BN4B3B7,category_7252170e0eda5c0b
B07BN4TPKF,category_7252170e0eda5c0b
B07BN5HXBV,category_7252170e0eda5c0b
B07BN97J1X,category_7252170e0eda5c0b
B07BNC86QJ,category_7252170e0eda5c0b
B07BNF5KR6,category_7252170e0eda5c0b
B07BNRVL6Z,category_7252170e0eda5c0b
B07BNW2DGS,category_7252170e0eda5c0b
B07BP1YYJR,category_7252170e0eda5c0b
B07BP7GX4G,category_7252170e0eda5c0b
B07BP833XW,category_7252170e0eda5c0b
B07BPBYTGQ,category_7252170e0eda5c0b
B07BPDSHBJ,category_7252170e0eda5c0b
B07BPNTPLD,category_7252170e0eda5c0b
B07BQG45WM,category_7252170e0eda5c0b
B07BQH1NB5,category_7252170e0eda5c0b
B07BQQ1N3L,category_7252170e0eda5c0b
B07BQQHF5S,category_7252170e0eda5c0b
B07BQZRMWL,category_7252170e0eda5c0b
B07BR12L6Y,category_7252170e0eda5c0b
B07BR19ML2,category_7252170e0eda5c0b
B07BR79NVY,category_7252170e0eda5c0b
B07BR8ND14,category_7252170e0eda5c0b
B07BR9CLZB,category_7252170e0eda5c0b
B07BR9MNGB,category_7252170e0eda5c0b
B07BRBTX54,category_7252170e0eda5c0b
B07BRCTG52,category_7252170e0eda5c0b
B07BRCZTLL,category_7252170e0eda5c0b
B07BRK85W8,category_7252170e0eda5c0b
B07BRMKS1J,category_7252170e0eda5c0b
B07BRR288H,category_7252170e0eda5c0b
B07BRWWC6J,category_7252170e0eda5c0b
B07BS98LXY,category_7252170e0eda5c0b
B07BS9J7J9,category_7252170e0eda5c0b
B07BSBW1NJ,category_7252170e0eda5c0b
B07BSCD37Q,category_7252170e0eda5c0b
B07BSJNCFW,category_7252170e0eda5c0b
B07BSLKM2T,category_7252170e0eda5c0b
B07BSMFXZN,category_7252170e0eda5c0b
B07BSMR4PK,category_7252170e0eda5c0b
B07BSXRDZK,category_7252170e0eda5c0b
B07BT1Q1FD,category_7252170e0eda5c0b
B07BTMMXCZ,category_7252170e0eda5c0b
B07BTR3D5M,category_7252170e0eda5c0b
B07BVDCXH9,category_7252170e0eda5c0b
B07BW5MBSK,category_7252170e0eda5c0b
B07BW7L5L7,category_7252170e0eda5c0b
B07BW9CGXX,category_7252170e0eda5c0b
B07BWBHTQ5,category_7252170e0eda5c0b
B07BWDJGT6,category_7252170e0eda5c0b
B07BWFC55T,category_7252170e0eda5c0b
B07BWFC6HN,category_7252170e0eda5c0b
B07BWFNCKL,category_7252170e0eda5c0b
B07BWR7D1S,category_7252170e0eda5c0b
B07BXFNGH2,category_7252170e0eda5c0b
B07BXHZLV4,category_7252170e0eda5c0b
B07BXJ55TY,category_7252170e0eda5c0b
B07BXK7W3P,category_7252170e0eda5c0b
B07BXY2P8S,category_7252170e0eda5c0b
B07BZHS1LL,category_7252170e0eda5c0b
B07BZJCMHS,category_7252170e0eda5c0b
B07BZLW8YZ,category_7252170e0eda5c0b
B07C126GGS,category_7252170e0eda5c0b
B07C1JBJ5V,category_7252170e0eda5c0b
B07C1LPC9S,category_7252170e0eda5c0b
B07C1M5KRZ,category_7252170e0eda5c0b
B07C1NFSRZ,category_7252170e0eda5c0b
B07C1YQTGN,category_7252170e0eda5c0b
B07C21MGBK,category_7252170e0eda5c0b
B07C21PW82,category_7252170e0eda5c0b
B07C27CFCY,category_7252170e0eda5c0b
B07C2BX39R,category_7252170e0eda5c0b
B07C2KPFH1,category_7252170e0eda5c0b
B07C2L15MN,category_7252170e0eda5c0b
B07C2NSGKM,category_7252170e0eda5c0b
B07C2QZGG4,category_7252170e0eda5c0b
B07C2W3D6D,category_7252170e0eda5c0b
B07C2XFK2R,category_7252170e0eda5c0b
B07C2YRT9P,category_7252170e0eda5c0b
B07C3CDVZ8,category_7252170e0eda5c0b
B07C3JQFD6,category_7252170e0eda5c0b
B07C3LSPZ7,category_7252170e0eda5c0b
B07C3VZT9P,category_7252170e0eda5c0b
B07C46C2LW,category_d6ac68cf358b59e5
B07C4FV1P2,category_7252170e0eda5c0b
B07C4HHDPL,category_7252170e0eda5c0b
B07C4J46JF,category_7252170e0eda5c0b
B07C4M3XZY,category_7252170e0eda5c0b
B07C4MD1LY,category_7252170e0eda5c0b
B07C4NR6T8,category_7252170e0eda5c0b
B07C4PF625,category_7252170e0eda5c0b
B07C4QL226,category_7252170e0eda5c0b
B07C535THJ,category_7252170e0eda5c0b
B07C53CP1Q,category_7252170e0eda5c0b
B07C57LVQ4,category_7252170e0eda5c0b
B07C5W2PT2,category_7252170e0eda5c0b
B07C5W7ZHC,category_7252170e0eda5c0b
B07C5ZB1FB,category_7252170e0eda5c0b
B07C62WTPH,category_7252170e0eda5c0b
B07C63RZTG,category_7252170e0eda5c0b
B07C6B6WW3,category_7252170e0eda5c0b
B07C6D1G5F,category_7252170e0eda5c0b
B07C6DXBJN,category_7252170e0eda5c0b
B07C6KBV3T,category_7252170e0eda5c0b
B07C6PMY76,category_7252170e0eda5c0b
B07C6T48Z7,category_7252170e0eda5c0b
B07C6XVVYG,category_7252170e0eda5c0b
B07C7SXR7R,category_7252170e0eda5c0b
B07C7WH2P8,category_7252170e0eda5c0b
B07C851DK1,category_7252170e0eda5c0b
B07C85JJJC,category_7252170e0eda5c0b
B07C8HFBDM,category_7252170e0eda5c0b
B07C8R98V6,category_7252170e0eda5c0b
B07C8RF1DV,category_7252170e0eda5c0b
B07C9BDBNR,category_7252170e0eda5c0b
B07C9CRZYC,category_7252170e0eda5c0b
B07C9D1FD7,category_7252170e0eda5c0b
B07C9F6CQ6,category_7252170e0eda5c0b
B07C9R47XC,category_7252170e0eda5c0b
B07C9YH7KY,category_7252170e0eda5c0b
B07CB4LRT6,category_7252170e0eda5c0b
B07CBJ9ZJZ,category_7252170e0eda5c0b
B07CBSHQZB,category_7252170e0eda5c0b
B07CBZH93P,category_7252170e0eda5c0b
B07CC4W1RF,category_7252170e0eda5c0b
B07CCFSJ47,category_7252170e0eda5c0b
B07CCN9JPX,category_7252170e0eda5c0b
B07CCYJWL1,category_7252170e0eda5c0b
B07CF9R32T,category_7252170e0eda5c0b
B07CFKP873,category_7252170e0eda5c0b
B07CFSNF4T,category_d6ac68cf358b59e5
B07CG52XL6,category_7252170e0eda5c0b
B07CG721LK,category_7252170e0eda5c0b
B07CG7KQ61,category_7252170e0eda5c0b
B07CGDXHD1,category_7252170e0eda5c0b
B07CGFL8QF,category_7252170e0eda5c0b
B07CGGGSRW,category_7252170e0eda5c0b
B07CGSQJ83,category_7252170e0eda5c0b
B07CH2C29H,category_7252170e0eda5c0b
B07CH3JRGR,category_7252170e0eda5c0b
B07CH9W2CG,category_7252170e0eda5c0b
B07CHGDHX8,category_7252170e0eda5c0b
B07CHGK869,category_7252170e0eda5c0b
B07CHN26RZ,category_7252170e0eda5c0b
B07CHVNTKY,category_7252170e0eda5c0b
B07CHY44TY,category_7252170e0eda5c0b
B07CJ144K6,category_7252170e0eda5c0b
B07CJ1H5SL,category_7252170e0eda5c0b
B07CJ6Y942,category_7252170e0eda5c0b
B07CJ7GXMX,category_7252170e0eda5c0b
B07CJCXG47,category_7252170e0eda5c0b
B07CJFXD5C,category_7252170e0eda5c0b
B07CJGS84S,category_7252170e0eda5c0b
B07CJK76ZQ,category_7252170e0eda5c0b
B07CJKXL8W,category_7252170e0eda5c0b
B07CJQSG5M,category_7252170e0eda5c0b
B07CJRMBM8,category_7252170e0eda5c0b
B07CJV6HFZ,category_7252170e0eda5c0b
B07CJVBRRL,category_7252170e0eda5c0b
B07CJVD1XY,category_7252170e0eda5c0b
B07CJVZWC5,category_7252170e0eda5c0b
B07CJWG8SP,category_7252170e0eda5c0b
B07CJY41DP,category_7252170e0eda5c0b
B07CJYFGS9,category_7252170e0eda5c0b
B07CJZB9L5,category_7252170e0eda5c0b
B07CK78YR6,category_7252170e0eda5c0b
B07CKB174D,category_7252170e0eda5c0b
B07CKD8HWR,category_7252170e0eda5c0b
B07CKDYS1B,category_7252170e0eda5c0b
B07CKFQPX6,category_7252170e0eda5c0b
B07CKTWB2N,category_7252170e0eda5c0b
B07CKW2YLG,category_7252170e0eda5c0b
B07CKY5KW3,category_7252170e0eda5c0b
B07CL316JK,category_7252170e0eda5c0b
B07CL3QT1P,category_7252170e0eda5c0b
B07CL77JN6,category_7252170e0eda5c0b
B07CL9NSQ8,category_7252170e0eda5c0b
B07CLBV68X,category_7252170e0eda5c0b
B07CLFCQM5,category_7252170e0eda5c0b
B07CLKH2BP,category_7252170e0eda5c0b
B07CLMZ96L,category_7252170e0eda5c0b
B07CLZR3QF,category_7252170e0eda5c0b
B07CMBRHHT,category_7252170e0eda5c0b
B07CMD7WLT,category_7252170e0eda5c0b
B07CMDHSP4,category_7252170e0eda5c0b
B07CMFC97C,category_7252170e0eda5c0b
B07CMGG73S,category_7252170e0eda5c0b
B07CMJKZLW,category_7252170e0eda5c0b
B07CML9BKJ,category_7252170e0eda5c0b
B07CMLZDJZ,category_7252170e0eda5c0b
B07CMSTGSV,category_7252170e0eda5c0b
B07CMWX44V,category_7252170e0eda5c0b
B07CN2Q72W,category_7252170e0eda5c0b
B07CN2VSL1,category_7252170e0eda5c0b
B07CN9M3VD,category_7252170e0eda5c0b
B07CNCWM4P,category_7252170e0eda5c0b
B07CNDVKTS,category_7252170e0eda5c0b
B07CNG2TH2,category_7252170e0eda5c0b
B07CNK9WF1,category_7252170e0eda5c0b
B07CNKGQVY,category_7252170e0eda5c0b
B07CNLC45P,category_7252170e0eda5c0b
B07CNPHJTL,category_7252170e0eda5c0b
B07CNQ6ZBL,category_7252170e0eda5c0b
B07CNRSWK3,category_7252170e0eda5c0b
B07CNYD5D7,category_7252170e0eda5c0b
B07CP5KFJ7,category_7252170e0eda5c0b
B07CPGYVHJ,category_7252170e0eda5c0b
B07CPKC7YL,category_7252170e0eda5c0b
B07CPKQ8BF,category_7252170e0eda5c0b
B07CPMBDWY,category_7252170e0eda5c0b
B07CPN3999,category_7252170e0eda5c0b
B07CPNXZHB,category_7252170e0eda5c0b
B07CPPB2MR,category_7252170e0eda5c0b
B07CPS4G4F,category_7252170e0eda5c0b
B07CQ3PBM2,category_7252170e0eda5c0b
B07CQ5M4D4,category_7252170e0eda5c0b
B07CQ8BYCS,category_7252170e0eda5c0b
B07CQ91MHJ,category_7252170e0eda5c0b
B07CQLN7B2,category_7252170e0eda5c0b
B07CQLQSSF,category_7252170e0eda5c0b
B07CQSRN4K,category_7252170e0eda5c0b
B07CQT58TP,category_7252170e0eda5c0b
B07CQVFCZL,category_7252170e0eda5c0b
B07CQY882R,category_7252170e0eda5c0b
B07CQYG2HD,category_7252170e0eda5c0b
B07CQZDDR8,category_7252170e0eda5c0b
B07CQZWVLG,category_7252170e0eda5c0b
B07CR2WV2J,category_7252170e0eda5c0b
B07CR3YDNY,category_7252170e0eda5c0b
B07CR62VQJ,category_7252170e0eda5c0b
B07CR7K3LQ,category_7252170e0eda5c0b
B07CR7SLX7,category_7252170e0eda5c0b
B07CR9R8H7,category_7252170e0eda5c0b
B07CRB6P66,category_7252170e0eda5c0b
B07CRG3717,category_7252170e0eda5c0b
B07CRNPF2R,category_7252170e0eda5c0b
B07CS221B1,category_7252170e0eda5c0b
B07CSHNJ6H,category_7252170e0eda5c0b
B07CSK5H9X,category_7252170e0eda5c0b
B07CSKGJ2H,category_7252170e0eda5c0b
B07CSR2WMT,category_7252170e0eda5c0b
B07CSR9H8C,category_7252170e0eda5c0b
B07CSST1VR,category_7252170e0eda5c0b
B07CT2Y257,category_7252170e0eda5c0b
B07CT3VK2H,category_7252170e0eda5c0b
B07CT6ZMW6,category_7252170e0eda5c0b
B07CT89SKV,category_7252170e0eda5c0b
B07CTBBSSP,category_7252170e0eda5c0b
B07CTBTMGX,category_7252170e0eda5c0b
B07CTBTMH4,category_7252170e0eda5c0b
B07CTD7MJZ,category_7252170e0eda5c0b
B07CTH38TM,category_7252170e0eda5c0b
B07CTQQLLJ,category_7252170e0eda5c0b
B07CTW9JRM,category_7252170e0eda5c0b
B07CTX62W7,category_7252170e0eda5c0b
B07CTXH55W,category_7252170e0eda5c0b
B07CTXNC3G,category_7252170e0eda5c0b
B07CV2RW4X,category_7252170e0eda5c0b
B07CV37YK6,category_7252170e0eda5c0b
B07CV988JX,category_7252170e0eda5c0b
B07CVBJL2W,category_7252170e0eda5c0b
B07CVJJST4,category_7252170e0eda5c0b
B07CVK116F,category_7252170e0eda5c0b
B07CVK37PQ,category_7252170e0eda5c0b
B07CVR5JYP,category_7252170e0eda5c0b
B07CVS9WH1,category_7252170e0eda5c0b
B07CVY6XHG,category_7252170e0eda5c0b
B07CW2KT5F,category_7252170e0eda5c0b
B07CW2MMDV,category_7252170e0eda5c0b
B07CWLYSBQ,category_7252170e0eda5c0b
B07CWMW9L1,category_7252170e0eda5c0b
B07CWN7KYL,category_7252170e0eda5c0b
B07CWTHT9Q,category_7252170e0eda5c0b
B07CWTQWF8,category_7252170e0eda5c0b
B07CX63S81,category_7252170e0eda5c0b
B07CX6VHTP,category_7252170e0eda5c0b
B07CXFGKZD,category_7252170e0eda5c0b
B07CXH659V,category_7252170e0eda5c0b
B07CXJG576,category_7252170e0eda5c0b
B07CXN3D99,category_7252170e0eda5c0b
B07CXNJNBT,category_7252170e0eda5c0b
B07CYF4VDN,category_7252170e0eda5c0b
B07CYHQQHK,category_7252170e0eda5c0b
B07CYJDDHS,category_7252170e0eda5c0b
B07CYNG4XM,category_7252170e0eda5c0b
B07CYNNMXX,category_7252170e0eda5c0b
B07CYRG186,category_7252170e0eda5c0b
B07CYS15GX,category_7252170e0eda5c0b
B07CYST6JF,category_7252170e0eda5c0b
B07CYZHRK9,category_7252170e0eda5c0b
B07CZ28S12,category_7252170e0eda5c0b
B07CZ2LPJH,category_7252170e0eda5c0b
B07CZ3TJXH,category_7252170e0eda5c0b
B07CZ3XPYD,category_7252170e0eda5c0b
B07CZ59TS6,category_7252170e0eda5c0b
B07CZ81FH2,category_7252170e0eda5c0b
B07CZ92WFT,category_7252170e0eda5c0b
B07CZD3LLB,category_7252170e0eda5c0b
B07CZD84ZN,category_7252170e0eda5c0b
B07CZFBX27,category_7252170e0eda5c0b
B07CZH9S4J,category_7252170e0eda5c0b
B07CZP15T7,category_7252170e0eda5c0b
B07CZPC424,category_7252170e0eda5c0b
B07CZQL15S,category_7252170e0eda5c0b
B07CZRN15Y,category_7252170e0eda5c0b
B07CZRQVP7,category_7252170e0eda5c0b
B07CZS8FN4,category_7252170e0eda5c0b
B07CZSBQ2S,category_7252170e0eda5c0b
B07CZSFHZM,category_7252170e0eda5c0b
B07CZSLL9X,category_7252170e0eda5c0b
B07CZT3Q4G,category_7252170e0eda5c0b
B07CZVCNFW,category_7252170e0eda5c0b
B07D11DT15,category_7252170e0eda5c0b
B07D13GBR1,category_7252170e0eda5c0b
B07D1F2T8P,category_7252170e0eda5c0b
B07D1K5YZ2,category_7252170e0eda5c0b
B07D1MFWNL,category_7252170e0eda5c0b
B07D1TH7T5,category_7252170e0eda5c0b
B07D22ZT4J,category_7252170e0eda5c0b
B07D23J2ZS,category_7252170e0eda5c0b
B07D25FFBK,category_7252170e0eda5c0b
B07D25LRMT,category_7252170e0eda5c0b
B07D26RCNV,category_7252170e0eda5c0b
B07D275SR2,category_7252170e0eda5c0b
B07D281LWK,category_7252170e0eda5c0b
B07D293LTR,category_7252170e0eda5c0b
B07D2BNNYR,category_7252170e0eda5c0b
B07D2BQXKW,category_7252170e0eda5c0b
B07D2DJGT9,category_7252170e0eda5c0b
B07D2GWXFX,category_7252170e0eda5c0b
B07D2J9LHL,category_7252170e0eda5c0b
B07D324TZR,category_7252170e0eda5c0b
B07D33K512,category_7252170e0eda5c0b
B07D34CY1Z,category_7252170e0eda5c0b
B07D35N6C1,category_7252170e0eda5c0b
B07D37R8YZ,category_7252170e0eda5c0b
B07D3BQKL8,category_7252170e0eda5c0b
B07D3DYPHC,category_7252170e0eda5c0b
B07D3JFMLX,category_7252170e0eda5c0b
B07D3JV9WT,category_7252170e0eda5c0b
B07D3LS9TL,category_7252170e0eda5c0b
B07D3NZMYS,category_7252170e0eda5c0b
B07D3P5G8S,category_7252170e0eda5c0b
B07D3PCZHK,category_7252170e0eda5c0b
B07D3ZTRFP,category_7252170e0eda5c0b
B07D3ZXDRF,category_7252170e0eda5c0b
B07D42XMCH,category_7252170e0eda5c0b
B07D47RCLN,category_7252170e0eda5c0b
B07D4C1KZ3,category_7252170e0eda5c0b
B07D4C6F5C,category_7252170e0eda5c0b
B07D4CF4GF,category_7252170e0eda5c0b
B07D4DKC29,category_7252170e0eda5c0b
B07D4FVLVC,category_7252170e0eda5c0b
B07D4G3WDB,category_7252170e0eda5c0b
B07D4P4MD1,category_7252170e0eda5c0b
B07D4PFTM8,category_7252170e0eda5c0b
B07D4PHV3V,category_7252170e0eda5c0b
B07D4PTQV1,category_7252170e0eda5c0b
B07D51ZFF1,category_7252170e0eda5c0b
B07D538BTT,category_7252170e0eda5c0b
B07D54G349,category_7252170e0eda5c0b
B07D54K7QF,category_7252170e0eda5c0b
B07D56R933,category_7252170e0eda5c0b
B07D59NVXH,category_7252170e0eda5c0b
B07D5DXJNQ,category_7252170e0eda5c0b
B07D5GRY94,category_7252170e0eda5c0b
B07D5JYH5S,category_7252170e0eda5c0b
B07D5K8RDR,category_7252170e0eda5c0b
B07D5LZ25W,category_7252170e0eda5c0b
B07D5TFK1W,category_7252170e0eda5c0b
B07D5TYS8C,category_7252170e0eda5c0b
B07D5WV7SB,category_7252170e0eda5c0b
B07D5WZKJ6,category_7252170e0eda5c0b
B07D5ZYX6N,category_7252170e0eda5c0b
B07D61C6LM,category_7252170e0eda5c0b
B07D631H4G,category_7252170e0eda5c0b
B07D637ZZJ,category_7252170e0eda5c0b
B07D69XWQZ,category_7252170e0eda5c0b
B07D6D2LVF,category_7252170e0eda5c0b
B07D6JT6X1,category_7252170e0eda5c0b
B07D6JWN8T,category_7252170e0eda5c0b
B07D6PHFQ4,category_7252170e0eda5c0b
B07D6VJF3L,category_7252170e0eda5c0b
B07D6W4B6B,category_7252170e0eda5c0b
B07D71XKK8,category_7252170e0eda5c0b
B07D72GJZ5,category_7252170e0eda5c0b
B07D75DM15,category_7252170e0eda5c0b
B07D76ZJGB,category_7252170e0eda5c0b
B07D78STS5,category_7252170e0eda5c0b
B07D78X5QM,category_7252170e0eda5c0b
B07D7B65Y2,category_7252170e0eda5c0b
B07D7DH968,category_7252170e0eda5c0b
B07D7H8CJ8,category_7252170e0eda5c0b
B07D7K73CG,category_7252170e0eda5c0b
B07D7KNLWV,category_7252170e0eda5c0b
B07D7NKMHM,category_7252170e0eda5c0b
B07D7NPCCR,category_7252170e0eda5c0b
B07D7P67M5,category_7252170e0eda5c0b
B07D7QC1DW,category_7252170e0eda5c0b
B07D7R6J6N,category_7252170e0eda5c0b
B07D7VDBGC,category_7252170e0eda5c0b
B07D8D3S59,category_7252170e0eda5c0b
B07D8DPMBS,category_7252170e0eda5c0b
B07D8HVWJR,category_7252170e0eda5c0b
B07D8RK1XP,category_7252170e0eda5c0b
B07D96GNNQ,category_7252170e0eda5c0b
B07D9G6VNS,category_7252170e0eda5c0b
B07D9HCGNV,category_7252170e0eda5c0b
B07D9HPDSL,category_7252170e0eda5c0b
B07D9KPRPZ,category_7252170e0eda5c0b
B07D9VSBQ8,category_7252170e0eda5c0b
B07D9WHCTW,category_7252170e0eda5c0b
B07DB1YX9N,category_7252170e0eda5c0b
B07DB73VLX,category_7252170e0eda5c0b
B07DB9JBLN,category_7252170e0eda5c0b
B07DBM9886,category_7252170e0eda5c0b
B07DBQ2YD7,category_7252170e0eda5c0b
B07DBTJGJS,category_7252170e0eda5c0b
B07DC2TD68,category_7252170e0eda5c0b
B07DC4CRNG,category_7252170e0eda5c0b
B07DC61QF5,category_7252170e0eda5c0b
B07DC9KYLT,category_7252170e0eda5c0b
B07DCBPJKK,category_7252170e0eda5c0b
B07DCDJMSB,category_7252170e0eda5c0b
B07DCDV88K,category_7252170e0eda5c0b
B07DCJSKL5,category_7252170e0eda5c0b
B07DCK59Q2,category_7252170e0eda5c0b
B07DCMBKJW,category_7252170e0eda5c0b
B07DCNGWNF,category_7252170e0eda5c0b
B07DCWQNNH,category_7252170e0eda5c0b
B07DCYK1FX,category_7252170e0eda5c0b
B07DD21SRJ,category_7252170e0eda5c0b
B07DD3YP3L,category_7252170e0eda5c0b
B07DD52R9Z,category_7252170e0eda5c0b
B07DD6QX8J,category_7252170e0eda5c0b
B07DDCGHXN,category_7252170e0eda5c0b
B07DDCXWXM,category_7252170e0eda5c0b
B07DDDV8DK,category_7252170e0eda5c0b
B07DDDX59F,category_7252170e0eda5c0b
B07DF6KW9H,category_7252170e0eda5c0b
B07DF8RHVG,category_7252170e0eda5c0b
B07DFCDNHN,category_7252170e0eda5c0b
B07DFCRGJ3,category_7252170e0eda5c0b
B07DFFWXYP,category_7252170e0eda5c0b
B07DFM7D4Y,category_7252170e0eda5c0b
B07DFRNF9K,category_7252170e0eda5c0b
B07DFSN36Q,category_7252170e0eda5c0b
B07DFY38PG,category_7252170e0eda5c0b
B07DG37W6G,category_7252170e0eda5c0b
B07DG3BNPM,category_7252170e0eda5c0b
B07DGG2LLT,category_7252170e0eda5c0b
B07DGJ97X7,category_7252170e0eda5c0b
B07DGKQWSB,category_7252170e0eda5c0b
B07DGL23H5,category_7252170e0eda5c0b
B07DGM5RZK,category_7252170e0eda5c0b
B07DGMFPNM,category_7252170e0eda5c0b
B07DGSKKJ1,category_7252170e0eda5c0b
B07DH15ZC7,category_7252170e0eda5c0b
B07DH2FTP2,category_7252170e0eda5c0b
B07DHLM8JF,category_7252170e0eda5c0b
B07DHLML26,category_7252170e0eda5c0b
B07DHVHHQC,category_7252170e0eda5c0b
B07DHWJS9G,category_7252170e0eda5c0b
B07DJ1PZ8C,category_7252170e0eda5c0b
B07DJ25Q5S,category_7252170e0eda5c0b
B07DJ37NTQ,category_7252170e0eda5c0b
B07DJ8QN27,category_7252170e0eda5c0b
B07DJBBP6G,category_7252170e0eda5c0b
B07DJBC88D,category_7252170e0eda5c0b
B07DJCS1FM,category_7252170e0eda5c0b
B07DJLHS1Q,category_7252170e0eda5c0b
B07DJLS6MC,category_7252170e0eda5c0b
B07DJPDGQP,category_7252170e0eda5c0b
B07DJQ4MHQ,category_7252170e0eda5c0b
B07DK7TKSG,category_7252170e0eda5c0b
B07DK8JQ11,category_7252170e0eda5c0b
B07DKCBQRF,category_7252170e0eda5c0b
B07DKCM2XQ,category_7252170e0eda5c0b
B07DKGTXZK,category_7252170e0eda5c0b
B07DKJXNQ3,category_7252170e0eda5c0b
B07DKP7DJW,category_7252170e0eda5c0b
B07DKXKM5J,category_7252170e0eda5c0b
B07DKXYTWD,category_7252170e0eda5c0b
B07DKZSJYG,category_7252170e0eda5c0b
B07DKZWTQ5,category_7252170e0eda5c0b
B07DKZYV18,category_7252170e0eda5c0b
B07DL2G1HQ,category_7252170e0eda5c0b
B07DL2ZQBP,category_7252170e0eda5c0b
B07DL5Z1XZ,category_7252170e0eda5c0b
B07DL7SQSN,category_7252170e0eda5c0b
B07DL9MGYS,category_7252170e0eda5c0b
B07DLBCLNC,category_7252170e0eda5c0b
B07DLGQBF5,category_7252170e0eda5c0b
B07DLK8QY6,category_7252170e0eda5c0b
B07DLS3Z7Q,category_7252170e0eda5c0b
B07DLS5JPV,category_7252170e0eda5c0b
B07DLT3DLB,category_7252170e0eda5c0b
B07DLZY5GR,category_7252170e0eda5c0b
B07DM64VNT,category_7252170e0eda5c0b
B07DM6VSFQ,category_7252170e0eda5c0b
B07DM73FSF,category_7252170e0eda5c0b
B07DMCMQDP,category_7252170e0eda5c0b
B07DMDDB2N,category_7252170e0eda5c0b
B07DMG53TT,category_7252170e0eda5c0b
B07DMGJVM5,category_7252170e0eda5c0b
B07DMNW1TJ,category_7252170e0eda5c0b
B07DMPHZ73,category_7252170e0eda5c0b
B07DMQF75D,category_7252170e0eda5c0b
B07DMQRTNP,category_7252170e0eda5c0b
B07DMSDHMQ,category_7252170e0eda5c0b
B07DMTQ6F3,category_7252170e0eda5c0b
B07DN1351Q,category_7252170e0eda5c0b
B07DN23DDN,category_7252170e0eda5c0b
B07DN49LZN,category_7252170e0eda5c0b
B07DN6VRP5,category_7252170e0eda5c0b
B07DN7Y3XV,category_7252170e0eda5c0b
B07DN825S7,category_7252170e0eda5c0b
B07DN925X1,category_7252170e0eda5c0b
B07DNDJ4W2,category_7252170e0eda5c0b
B07DNHS6FW,category_7252170e0eda5c0b
B07DNJ6LM9,category_7252170e0eda5c0b
B07DNNF1YP,category_7252170e0eda5c0b
B07DNQGWM4,category_7252170e0eda5c0b
B07DNQZVL2,category_7252170e0eda5c0b
B07DNT51P3,category_7252170e0eda5c0b
B07DNXDWJB,category_7252170e0eda5c0b
B07DNZYXZ4,category_7252170e0eda5c0b
B07DP6WT8R,category_7252170e0eda5c0b
B07DPBZLJX,category_7252170e0eda5c0b
B07DPFGL7T,category_7252170e0eda5c0b
B07DPKZPRH,category_7252170e0eda5c0b
B07DPM9ZNF,category_7252170e0eda5c0b
B07DQ4QD6D,category_7252170e0eda5c0b
B07DQ6ZLLK,category_7252170e0eda5c0b
B07DQ9LDLK,category_7252170e0eda5c0b
B07DQBC6YD,category_7252170e0eda5c0b
B07DQDR2B8,category_7252170e0eda5c0b
B07DQFQ69Z,category_7252170e0eda5c0b
B07DQGT2JH,category_7252170e0eda5c0b
B07DQJ1BNB,category_7252170e0eda5c0b
B07DQQ2BZ8,category_7252170e0eda5c0b
B07DQQZHJ8,category_7252170e0eda5c0b
B07DR7T81C,category_7252170e0eda5c0b
B07DRB6QMD,category_7252170e0eda5c0b
B07DRBM62Z,category_7252170e0eda5c0b
B07DRFZDT4,category_7252170e0eda5c0b
B07DRKBSGF,category_7252170e0eda5c0b
B07DRNM6WQ,category_7252170e0eda5c0b
B07DRP2SJP,category_7252170e0eda5c0b
B07DRP4S5Y,category_7252170e0eda5c0b
B07DRQKJ56,category_7252170e0eda5c0b
B07DRZLZQQ,category_7252170e0eda5c0b
B07DS4GPGX,category_7252170e0eda5c0b
B07DS52DMW,category_7252170e0eda5c0b
B07DSCJJT2,category_7252170e0eda5c0b
B07DSCL69X,category_7252170e0eda5c0b
B07DSDTRSF,category_7252170e0eda5c0b
B07DSW6YDS,category_7252170e0eda5c0b
B07DSZH5NG,category_7252170e0eda5c0b
B07DT1RXKK,category_7252170e0eda5c0b
B07DTFG79Z,category_7252170e0eda5c0b
B07DTY731Z,category_7252170e0eda5c0b
B07DTY73HN,category_7252170e0eda5c0b
B07DV3LX11,category_7252170e0eda5c0b
B07DVBPQC7,category_7252170e0eda5c0b
B07DVC65YJ,category_7252170e0eda5c0b
B07DVCPPRM,category_7252170e0eda5c0b
B07DVDRL2M,category_7252170e0eda5c0b
B07DVFQLH6,category_7252170e0eda5c0b
B07DVFXGD8,category_7252170e0eda5c0b
B07DVG18X9,category_7252170e0eda5c0b
B07DVH5VXW,category_7252170e0eda5c0b
B07DVJ3W24,category_7252170e0eda5c0b
B07DVKKFLG,category_7252170e0eda5c0b
B07DVN1KWK,category_7252170e0eda5c0b
B07DVV6CJ7,category_7252170e0eda5c0b
B07DVYTQLC,category_7252170e0eda5c0b
B07DVZ3SFP,category_7252170e0eda5c0b
B07DVZXM36,category_7252170e0eda5c0b
B07DW3LGY7,category_7252170e0eda5c0b
B07DW3RW8M,category_7252170e0eda5c0b
B07DW5RKFK,category_7252170e0eda5c0b
B07DW8MJTG,category_7252170e0eda5c0b
B07DW9ZYYF,category_7252170e0eda5c0b
B07DWKN6MQ,category_7252170e0eda5c0b
B07DWMKCFD,category_7252170e0eda5c0b
B07DWP1ZR9,category_7252170e0eda5c0b
B07DWSKTD8,category_7252170e0eda5c0b
B07DX59CSG,category_7252170e0eda5c0b
B07DXBN1DQ,category_7252170e0eda5c0b
B07DXGKK34,category_7252170e0eda5c0b
B07DXKRRDC,category_7252170e0eda5c0b
B07DXS76M6,category_7252170e0eda5c0b
B07DY1RDQR,category_7252170e0eda5c0b
B07DY5H15G,category_7252170e0eda5c0b
B07DYC9KP4,category_7252170e0eda5c0b
B07DYJLJ7M,category_7252170e0eda5c0b
B07DZ1Y5TN,category_7252170e0eda5c0b
B07DZ3JLC6,category_7252170e0eda5c0b
B07DZ4BPF4,category_7252170e0eda5c0b
B07DZ8SZTK,category_7252170e0eda5c0b
B07DZRYJTX,category_7252170e0eda5c0b
B07DZRZHQ3,category_7252170e0eda5c0b
B07F1333Z6,category_7252170e0eda5c0b
B07F165RBX,category_7252170e0eda5c0b
B07F187D9V,category_7252170e0eda5c0b
B07F18W9BT,category_7252170e0eda5c0b
B07F1CM512,category_7252170e0eda5c0b
B07F1FK99P,category_7252170e0eda5c0b
B07F1GBQFT,category_7252170e0eda5c0b
B07F1JXLFM,category_7252170e0eda5c0b
B07F1MFCKX,category_7252170e0eda5c0b
B07F1V2221,category_7252170e0eda5c0b
B07F1YCZH9,category_7252170e0eda5c0b
B07F22VL5F,category_7252170e0eda5c0b
B07F27DK7C,category_7252170e0eda5c0b
B07F2BPF7T,category_7252170e0eda5c0b
B07F2F2F8P,category_7252170e0eda5c0b
B07F2ND1C1,category_7252170e0eda5c0b
B07F2WD19S,category_7252170e0eda5c0b
B07F2ZXM1B,category_7252170e0eda5c0b
B07F39RP3T,category_7252170e0eda5c0b
B07F3DNLSV,category_7252170e0eda5c0b
B07F3F69FN,category_7252170e0eda5c0b
B07F3FDYT4,category_7252170e0eda5c0b
B07F3GYV9Y,category_7252170e0eda5c0b
B07F3K8D4D,category_7252170e0eda5c0b
B07F3K9DL9,category_7252170e0eda5c0b
B07F3KN4WB,category_7252170e0eda5c0b
B07F3LH6WP,category_7252170e0eda5c0b
B07F3MWMG5,category_7252170e0eda5c0b
B07F3MX3W5,category_7252170e0eda5c0b
B07F3NH844,category_7252170e0eda5c0b
B07F3QT9LV,category_7252170e0eda5c0b
B07F3WKMDH,category_7252170e0eda5c0b
B07F3WYY14,category_7252170e0eda5c0b
B07F3X7GWN,category_7252170e0eda5c0b
B07F3XYPSR,category_7252170e0eda5c0b
B07F3ZNDQL,category_7252170e0eda5c0b
B07F42WXFL,category_7252170e0eda5c0b
B07F45D9MN,category_7252170e0eda5c0b
B07F45L9F6,category_7252170e0eda5c0b
B07F4F9K8J,category_7252170e0eda5c0b
B07F4HTWHK,category_7252170e0eda5c0b
B07F51PN1B,category_7252170e0eda5c0b
B07F5F9LNS,category_7252170e0eda5c0b
B07F5FQJF7,category_7252170e0eda5c0b
B07F5K5SHJ,category_7252170e0eda5c0b
B07F5R5L4M,category_7252170e0eda5c0b
B07F5R7ND6,category_7252170e0eda5c0b
B07F5S1W6N,category_7252170e0eda5c0b
B07F5TJZQ7,category_7252170e0eda5c0b
B07F5V8CCK,category_7252170e0eda5c0b
B07F5V8W83,category_7252170e0eda5c0b
B07F5XGJRT,category_7252170e0eda5c0b
B07F65QW4N,category_7252170e0eda5c0b
B07F66WGD2,category_7252170e0eda5c0b
B07F68X868,category_7252170e0eda5c0b
B07F69LY3J,category_7252170e0eda5c0b
B07F6B15NR,category_7252170e0eda5c0b
B07F6DJ9DP,category_7252170e0eda5c0b
B07F6DL8D7,category_7252170e0eda5c0b
B07F6TG5N4,category_7252170e0eda5c0b
B07F6W3BKM,category_7252170e0eda5c0b
B07F72ZPP4,category_7252170e0eda5c0b
B07F79BDC1,category_7252170e0eda5c0b
B07F7DHD7Z,category_7252170e0eda5c0b
B07F7KMVJB,category_7252170e0eda5c0b
B07F7N5T3R,category_7252170e0eda5c0b
B07F7QCQS8,category_7252170e0eda5c0b
B07F7TJFWH,category_7252170e0eda5c0b
B07F7WBNMB,category_7252170e0eda5c0b
B07F7WQDJZ,category_7252170e0eda5c0b
B07F7XYQ82,category_7252170e0eda5c0b
B07F7Y3C88,category_7252170e0eda5c0b
B07F8398DG,category_7252170e0eda5c0b
B07F87RXH5,category_7252170e0eda5c0b
B07F89SJXZ,category_7252170e0eda5c0b
B07F8JLNZW,category_7252170e0eda5c0b
B07F8LKS6T,category_7252170e0eda5c0b
B07F8M1KVR,category_7252170e0eda5c0b
B07F8PBWZ1,category_7252170e0eda5c0b
B07F8S7KDD,category_7252170e0eda5c0b
B07F8THQYM,category_7252170e0eda5c0b
B07F8XP9PD,category_7252170e0eda5c0b
B07F91GLPT,category_7252170e0eda5c0b
B07F9GFWCP,category_7252170e0eda5c0b
B07F9JHPZ4,category_7252170e0eda5c0b
B07F9KJ9WM,category_7252170e0eda5c0b
B07F9LQ3GN,category_7252170e0eda5c0b
B07F9PHRNV,category_7252170e0eda5c0b
B07FB21B1S,category_7252170e0eda5c0b
B07FB52GSV,category_7252170e0eda5c0b
B07FBDTHVK,category_7252170e0eda5c0b
B07FBKKVMJ,category_7252170e0eda5c0b
B07FBSJK6L,category_7252170e0eda5c0b
B07FBYY9LD,category_7252170e0eda5c0b
B07FC5FNHP,category_7252170e0eda5c0b
B07FC72YZN,category_7252170e0eda5c0b
B07FCC4ZKP,category_7252170e0eda5c0b
B07FCG47NL,category_7252170e0eda5c0b
B07FCGDV9L,category_7252170e0eda5c0b
B07FCN7WNN,category_7252170e0eda5c0b
B07FCSBGCV,category_7252170e0eda5c0b
B07FCTNTZ8,category_7252170e0eda5c0b
B07FCVCN49,category_7252170e0eda5c0b
B07FD1MR7S,category_7252170e0eda5c0b
B07FDCZC3B,category_7252170e0eda5c0b
B07FDDPTH8,category_7252170e0eda5c0b
B07FDNNJX5,category_7252170e0eda5c0b
B07FDTF1HZ,category_7252170e0eda5c0b
B07FDZR11K,category_7252170e0eda5c0b
B07FF8L7GG,category_7252170e0eda5c0b
B07FFG6TGS,category_7252170e0eda5c0b
B07FFGTK4C,category_7252170e0eda5c0b
B07FFK42YS,category_7252170e0eda5c0b
B07FFM989X,category_7252170e0eda5c0b
B07FFQDZN2,category_7252170e0eda5c0b
B07FFW3NKZ,category_7252170e0eda5c0b
B07FGDKG6L,category_7252170e0eda5c0b
B07FGVKQG7,category_7252170e0eda5c0b
B07FHLW15G,category_7252170e0eda5c0b
B07FHYZSCP,category_7252170e0eda5c0b
B07FJLJD5R,category_7252170e0eda5c0b
B07FJLK8GD,category_7252170e0eda5c0b
B07FJTZ368,category_7252170e0eda5c0b
B07FJV93G1,category_7252170e0eda5c0b
B07FK6V8MG,category_7252170e0eda5c0b
B07FK9C6TB,category_7252170e0eda5c0b
B07FKB1LRD,category_7252170e0eda5c0b
B07FKDZTMB,category_7252170e0eda5c0b
B07FKNZJQC,category_7252170e0eda5c0b
B07FKQ4C8V,category_7252170e0eda5c0b
B07FKQGQTP,category_7252170e0eda5c0b
B07FKRJL8Q,category_7252170e0eda5c0b
B07FKSBHHZ,category_7252170e0eda5c0b
B07FKT2Q2C,category_7252170e0eda5c0b
B07FKVGMYD,category_7252170e0eda5c0b
B07FKW9CL4,category_7252170e0eda5c0b
B07FKWLS68,category_7252170e0eda5c0b
B07FKXTZFR,category_7252170e0eda5c0b
B07FKY8GV4,category_7252170e0eda5c0b
B07FKZ18L5,category_7252170e0eda5c0b
B07FL1JL17,category_7252170e0eda5c0b
B07FL3WWBK,category_7252170e0eda5c0b
B07FL5HTXF,category_7252170e0eda5c0b
B07FL7PMNM,category_7252170e0eda5c0b
B07FLKZY7K,category_7252170e0eda5c0b
B07FLM71YN,category_7252170e0eda5c0b
B07FLN8N5W,category_7252170e0eda5c0b
B07FLNWWC9,category_7252170e0eda5c0b
B07FLQD59B,category_7252170e0eda5c0b
B07FLRYQWV,category_7252170e0eda5c0b
B07FLS8DLD,category_7252170e0eda5c0b
B07FLVQW2S,category_7252170e0eda5c0b
B07FLW6D6W,category_7252170e0eda5c0b
B07FLW7DF4,category_7252170e0eda5c0b
B07FLZKWTC,category_7252170e0eda5c0b
B07FLZPW15,category_7252170e0eda5c0b
B07FM3PPZ5,category_7252170e0eda5c0b
B07FM96R9Q,category_7252170e0eda5c0b
B07FMFVV2S,category_7252170e0eda5c0b
B07FMH13N6,category_7252170e0eda5c0b
B07FMJS89W,category_7252170e0eda5c0b
B07FMKN8X7,category_7252170e0eda5c0b
B07FMKWTTB,category_7252170e0eda5c0b
B07FML2JMT,category_7252170e0eda5c0b
B07FMMW7W5,category_7252170e0eda5c0b
B07FMPQXFT,category_7252170e0eda5c0b
B07FMRC28Q,category_7252170e0eda5c0b
B07FMV6L1Y,category_7252170e0eda5c0b
B07FNFZ42J,category_7252170e0eda5c0b
B07FNGKHZW,category_7252170e0eda5c0b
B07FNH41W2,category_7252170e0eda5c0b
B07FNJ4DF9,category_7252170e0eda5c0b
B07FNLTL6T,category_7252170e0eda5c0b
B07FNPZNTM,category_7252170e0eda5c0b
B07FNQNG92,category_7252170e0eda5c0b
B07FNVSM2R,category_7252170e0eda5c0b
B07FP5GCST,category_7252170e0eda5c0b
B07FP5KQGH,category_7252170e0eda5c0b
B07FP6CPBG,category_7252170e0eda5c0b
B07FP88Z44,category_7252170e0eda5c0b
B07FPG7MXW,category_7252170e0eda5c0b
B07FPS2VFK,category_7252170e0eda5c0b
B07FPV45TN,category_7252170e0eda5c0b
B07FPVLFGS,category_7252170e0eda5c0b
B07FPXFX6F,category_7252170e0eda5c0b
B07FQ1L3FL,category_7252170e0eda5c0b
B07FQ6ZNBM,category_7252170e0eda5c0b
B07FQCBM35,category_7252170e0eda5c0b
B07FQG965K,category_7252170e0eda5c0b
B07FQNKF5D,category_7252170e0eda5c0b
B07FQWJNCN,category_7252170e0eda5c0b
B07FQZ9RBR,category_7252170e0eda5c0b
B07FR4D2LM,category_7252170e0eda5c0b
B07FR4ZQ99,category_7252170e0eda5c0b
B07FR6TYF4,category_7252170e0eda5c0b
B07FRC1SG1,category_7252170e0eda5c0b
B07FRC49R4,category_7252170e0eda5c0b
B07FRCH7QL,category_7252170e0eda5c0b
B07FRD4LVX,category_7252170e0eda5c0b
B07FS2QJJQ,category_7252170e0eda5c0b
B07FSB6129,category_7252170e0eda5c0b
B07FSDQTTJ,category_7252170e0eda5c0b
B07FSH1HDR,category_7252170e0eda5c0b
B07FSH1KBN,category_7252170e0eda5c0b
B07FSHBFTJ,category_7252170e0eda5c0b
B07FSL9TG2,category_7252170e0eda5c0b
B07FSRRP9C,category_7252170e0eda5c0b
B07FSS62KM,category_7252170e0eda5c0b
B07FT468GT,category_7252170e0eda5c0b
B07FTB1X84,category_7252170e0eda5c0b
B07FTFXNWM,category_7252170e0eda5c0b
B07FTFZ8TJ,category_7252170e0eda5c0b
B07FTGHGTW,category_7252170e0eda5c0b
B07FTJJ8Q9,category_7252170e0eda5c0b
B07FTK7YF5,category_7252170e0eda5c0b
B07FTV824C,category_7252170e0eda5c0b
B07FVJBXHF,category_7252170e0eda5c0b
B07FVRXDZW,category_7252170e0eda5c0b
B07FVSBWXY,category_7252170e0eda5c0b
B07FVTKDQ4,category_7252170e0eda5c0b
B07FVY4ZQQ,category_7252170e0eda5c0b
B07FVZVQKV,category_7252170e0eda5c0b
B07FW1HL3Q,category_7252170e0eda5c0b
B07FWCG4G4,category_7252170e0eda5c0b
B07FWCNXQS,category_7252170e0eda5c0b
B07FWF6CYQ,category_7252170e0eda5c0b
B07FWSYP6C,category_7252170e0eda5c0b
B07FWVX2CQ,category_7252170e0eda5c0b
B07FX823ZQ,category_7252170e0eda5c0b
B07FX9173F,category_7252170e0eda5c0b
B07FXLQ65C,category_7252170e0eda5c0b
B07FXPB2ZB,category_7252170e0eda5c0b
B07FXPHSX9,category_7252170e0eda5c0b
B07FXPLJ4W,category_7252170e0eda5c0b
B07FXPVP9G,category_7252170e0eda5c0b
B07FXQ1B5J,category_7252170e0eda5c0b
B07FXSR5P8,category_7252170e0eda5c0b
B07FXVHF3W,category_7252170e0eda5c0b
B07FXZ7XNK,category_7252170e0eda5c0b
B07FY1TC1T,category_7252170e0eda5c0b
B07FY7D365,category_7252170e0eda5c0b
B07FY7HF99,category_7252170e0eda5c0b
B07FY7N1XX,category_7252170e0eda5c0b
B07FY7TBWC,category_7252170e0eda5c0b
B07FYDD1SD,category_7252170e0eda5c0b
B07FYG86VD,category_7252170e0eda5c0b
B07FYM48DC,category_7252170e0eda5c0b
B07FYNKBFK,category_7252170e0eda5c0b
B07FZ49GPJ,category_7252170e0eda5c0b
B07FZ76943,category_7252170e0eda5c0b
B07FZ7JB4J,category_7252170e0eda5c0b
B07FZB77DB,category_7252170e0eda5c0b
B07FZC1ZQF,category_7252170e0eda5c0b
B07FZJ57LQ,category_7252170e0eda5c0b
B07FZN1THY,category_7252170e0eda5c0b
B07FZN9628,category_7252170e0eda5c0b
B07FZV384R,category_7252170e0eda5c0b
B07G1WV2NY,category_7252170e0eda5c0b
B07G221MCQ,category_7252170e0eda5c0b
B07G26PRDS,category_7252170e0eda5c0b
B07G2D1ZFY,category_7252170e0eda5c0b
B07G2P4K7D,category_7252170e0eda5c0b
B07G2P75W6,category_7252170e0eda5c0b
B07G2QV21N,category_7252170e0eda5c0b
B07G2TXCYM,category_7252170e0eda5c0b
B07G2VH8PF,category_7252170e0eda5c0b
B07G2X1JFP,category_7252170e0eda5c0b
B07G2X8YQY,category_7252170e0eda5c0b
B07G2YPBM4,category_7252170e0eda5c0b
B07G2ZCRX3,category_7252170e0eda5c0b
B07G2ZR7SQ,category_7252170e0eda5c0b
B07G32BPXG,category_7252170e0eda5c0b
B07G32QP3F,category_7252170e0eda5c0b
B07G3342GR,category_7252170e0eda5c0b
B07G337HPJ,category_7252170e0eda5c0b
B07G33LWVM,category_7252170e0eda5c0b
B07G34L37H,category_7252170e0eda5c0b
B07G375Q36,category_7252170e0eda5c0b
B07G3C19Y9,category_7252170e0eda5c0b
B07G3FCHGL,category_7252170e0eda5c0b
B07G3HB3QN,category_7252170e0eda5c0b
B07G3J2MQN,category_7252170e0eda5c0b
B07G3M5CRN,category_7252170e0eda5c0b
B07G3Y73KQ,category_7252170e0eda5c0b
B07G3Z7JV1,category_7252170e0eda5c0b
B07G3ZJ49B,category_7252170e0eda5c0b
B07G43WHQT,category_7252170e0eda5c0b
B07G441LX6,category_7252170e0eda5c0b
B07G46YFT1,category_7252170e0eda5c0b
B07G47VR2T,category_7252170e0eda5c0b
B07G4FBWPR,category_7252170e0eda5c0b
B07G4H4PNT,category_7252170e0eda5c0b
B07G4NXHLD,category_7252170e0eda5c0b
B07G4QFFYY,category_7252170e0eda5c0b
B07G4VFCKD,category_7252170e0eda5c0b
B07G4YN54Y,category_7252170e0eda5c0b
B07G52YCJH,category_7252170e0eda5c0b
B07G5933WW,category_7252170e0eda5c0b
B07G5C22KS,category_7252170e0eda5c0b
B07G5JGHZP,category_7252170e0eda5c0b
B07G5KYR91,category_7252170e0eda5c0b
B07G5NMXPS,category_7252170e0eda5c0b
B07G5Q4CMT,category_7252170e0eda5c0b
B07G5Q4P1F,category_7252170e0eda5c0b
B07G5R2KK1,category_7252170e0eda5c0b
B07G5R9BKW,category_7252170e0eda5c0b
B07G5RVT49,category_7252170e0eda5c0b
B07G5W1K6V,category_7252170e0eda5c0b
B07G5XP5Z9,category_7252170e0eda5c0b
B07G5Y39CY,category_7252170e0eda5c0b
B07G5Y9GVB,category_7252170e0eda5c0b
B07G631936,category_7252170e0eda5c0b
B07G67RJJ7,category_7252170e0eda5c0b
B07G6FTK91,category_7252170e0eda5c0b
B07G6HYT6M,category_7252170e0eda5c0b
B07G6K514F,category_7252170e0eda5c0b
B07G6NNLXS,category_7252170e0eda5c0b
B07G73X1K7,category_7252170e0eda5c0b
B07G74D951,category_7252170e0eda5c0b
B07G759CM6,category_7252170e0eda5c0b
B07G7B5G5W,category_7252170e0eda5c0b
B07G7GFGYB,category_7252170e0eda5c0b
B07G7HRZ16,category_7252170e0eda5c0b
B07G7NTQ3T,category_7252170e0eda5c0b
B07G7P7RGD,category_7252170e0eda5c0b
B07G81SXZC,category_7252170e0eda5c0b
B07G847MB1,category_7252170e0eda5c0b
B07G849Q94,category_7252170e0eda5c0b
B07G8B2LXN,category_7252170e0eda5c0b
B07G8MHVXQ,category_7252170e0eda5c0b
B07G8NH118,category_7252170e0eda5c0b
B07G8VQ2D4,category_7252170e0eda5c0b
B07G8Z77WR,category_7252170e0eda5c0b
B07G919R8J,category_7252170e0eda5c0b
B07G98QK5B,category_7252170e0eda5c0b
B07G9C4NLR,category_7252170e0eda5c0b
B07G9DGY3G,category_7252170e0eda5c0b
B07G9GWFSM,category_7252170e0eda5c0b
B07G9LFSFH,category_7252170e0eda5c0b
B07G9MZ6VQ,category_7252170e0eda5c0b
B07G9QDLHR,category_7252170e0eda5c0b
B07G9QLR68,category_7252170e0eda5c0b
B07G9SCM8N,category_7252170e0eda5c0b
B07G9X2P5D,category_7252170e0eda5c0b
B07G9X7NLW,category_7252170e0eda5c0b
B07G9YBXJB,category_7252170e0eda5c0b
B07GB1JHF9,category_7252170e0eda5c0b
B07GB2WPLN,category_7252170e0eda5c0b
B07GB48JXH,category_7252170e0eda5c0b
B07GB53JJZ,category_7252170e0eda5c0b
B07GBHHTJD,category_7252170e0eda5c0b
B07GBKCB25,category_7252170e0eda5c0b
B07GBMD87Y,category_7252170e0eda5c0b
B07GC2LR37,category_7252170e0eda5c0b
B07GC51TYL,category_7252170e0eda5c0b
B07GCCHQTB,category_7252170e0eda5c0b
B07GCJJ4HT,category_7252170e0eda5c0b
B07GCJZBZB,category_7252170e0eda5c0b
B07GCLCRXX,category_7252170e0eda5c0b
B07GD6ZFMR,category_7252170e0eda5c0b
B07GD9C8D3,category_7252170e0eda5c0b
B07GDD8CXS,category_7252170e0eda5c0b
B07GDGCCBF,category_7252170e0eda5c0b
B07GDK7H84,category_7252170e0eda5c0b
B07GDL58LN,category_7252170e0eda5c0b
B07GDLSXZ2,category_7252170e0eda5c0b
B07GDLYJ61,category_7252170e0eda5c0b
B07GDMGHCG,category_7252170e0eda5c0b
B07GDQZ519,category_7252170e0eda5c0b
B07GDSV3R7,category_7252170e0eda5c0b
B07GDVK49B,category_7252170e0eda5c0b
B07GF4NJSS,category_7252170e0eda5c0b
B07GF6MS6J,category_7252170e0eda5c0b
B07GFC26HW,category_7252170e0eda5c0b
B07GFC55BN,category_7252170e0eda5c0b
B07GFDNV3K,category_7252170e0eda5c0b
B07GFJ291M,category_7252170e0eda5c0b
B07GFZCCBN,category_7252170e0eda5c0b
B07GG479G3,category_7252170e0eda5c0b
B07GGC31QL,category_7252170e0eda5c0b
B07GGH4M6D,category_7252170e0eda5c0b
B07GGM9XK3,category_7252170e0eda5c0b
B07GGNVYR7,category_7252170e0eda5c0b
B07GGPX94F,category_7252170e0eda5c0b
B07GGR6RGP,category_7252170e0eda5c0b
B07GGS5PRT,category_7252170e0eda5c0b
B07GGSPSC4,category_7252170e0eda5c0b
B07GGVNWW8,category_7252170e0eda5c0b
B07GGW98QH,category_7252170e0eda5c0b
B07GGYR3LJ,category_7252170e0eda5c0b
B07GH5RQXB,category_7252170e0eda5c0b
B07GHBML67,category_7252170e0eda5c0b
B07GHDLQR3,category_7252170e0eda5c0b
B07GHR3ZTV,category_7252170e0eda5c0b
B07GJ2JKKQ,category_7252170e0eda5c0b
B07GJ2SSQW,category_7252170e0eda5c0b
B07GJ2T66Z,category_7252170e0eda5c0b
B07GJ34TL3,category_7252170e0eda5c0b
B07GJ7W9LR,category_7252170e0eda5c0b
B07GJ88YVK,category_7252170e0eda5c0b
B07GJF11QL,category_7252170e0eda5c0b
B07GJL4D47,category_7252170e0eda5c0b
B07GJPLBS8,category_7252170e0eda5c0b
B07GJT74PY,category_7252170e0eda5c0b
B07GJWVWBH,category_7252170e0eda5c0b
B07GJX3RXZ,category_7252170e0eda5c0b
B07GK4Y1DP,category_7252170e0eda5c0b
B07GKDR351,category_7252170e0eda5c0b
B07GKPCRZB,category_7252170e0eda5c0b
B07GKSN7P2,category_7252170e0eda5c0b
B07GKVMJKZ,category_7252170e0eda5c0b
B07GKY6ZLV,category_7252170e0eda5c0b
B07GL2JJZZ,category_7252170e0eda5c0b
B07GL44NGS,category_7252170e0eda5c0b
B07GLCBSHS,category_7252170e0eda5c0b
B07GLCW4SP,category_7252170e0eda5c0b
B07GLDYHDF,category_7252170e0eda5c0b
B07GLN1BK6,category_7252170e0eda5c0b
B07GLZ73TC,category_7252170e0eda5c0b
B07GMTP68T,category_7252170e0eda5c0b
B07GNCNYFD,category_7252170e0eda5c0b
B07GND8DT5,category_7252170e0eda5c0b
B07GNF6B9G,category_7252170e0eda5c0b
B07GNJVL4T,category_7252170e0eda5c0b
B07GNYY6SK,category_7252170e0eda5c0b
B07GNZ2P6X,category_7252170e0eda5c0b
B07GP3FMSZ,category_7252170e0eda5c0b
B07GP5777P,category_7252170e0eda5c0b
B07GP7GSK7,category_7252170e0eda5c0b
B07GPBC2KG,category_7252170e0eda5c0b
B07GPQCSTB,category_7252170e0eda5c0b
B07GPZQFG1,category_7252170e0eda5c0b
B07GQ8W27R,category_7252170e0eda5c0b
B07GQC1BYK,category_7252170e0eda5c0b
B07GQJXFFY,category_7252170e0eda5c0b
B07GQKPRKR,category_7252170e0eda5c0b
B07GQKT62J,category_7252170e0eda5c0b
B07GQVQ1V5,category_7252170e0eda5c0b
B07GQXXDDP,category_7252170e0eda5c0b
B07GQZF21N,category_7252170e0eda5c0b
B07GQZSLCR,category_7252170e0eda5c0b
B07GR3H2Q4,category_7252170e0eda5c0b
B07GR87K96,category_7252170e0eda5c0b
B07GR8S1SQ,category_7252170e0eda5c0b
B07GRB3HX4,category_7252170e0eda5c0b
B07GRD9XYB,category_7252170e0eda5c0b
B07GRQGQPX,category_7252170e0eda5c0b
B07GRQRM2N,category_7252170e0eda5c0b
B07GRR2VVT,category_7252170e0eda5c0b
B07GRS74FN,category_7252170e0eda5c0b
B07GRSDKPL,category_7252170e0eda5c0b
B07GS6ZN3J,category_7252170e0eda5c0b
B07GS93SMP,category_7252170e0eda5c0b
B07GS93Z7C,category_7252170e0eda5c0b
B07GSCTQCN,category_7252170e0eda5c0b
B07GSDHZ48,category_7252170e0eda5c0b
B07GSDKJD5,category_7252170e0eda5c0b
B07GSF41R1,category_7252170e0eda5c0b
B07GSG5RVR,category_7252170e0eda5c0b
B07GSGSVYT,category_7252170e0eda5c0b
B07GSR2C18,category_7252170e0eda5c0b
B07GSRDFKZ,category_7252170e0eda5c0b
B07GT3YQPR,category_7252170e0eda5c0b
B07GT64HMP,category_7252170e0eda5c0b
B07GTK9C8N,category_7252170e0eda5c0b
B07GTN1VG8,category_7252170e0eda5c0b
B07GTQTKPY,category_7252170e0eda5c0b
B07GTQVVDJ,category_7252170e0eda5c0b
B07GTZ6PBF,category_7252170e0eda5c0b
B07GV1ZKZ5,category_7252170e0eda5c0b
B07GV42CXZ,category_7252170e0eda5c0b
B07GV6K2FB,category_7252170e0eda5c0b
B07GV6ZGNN,category_7252170e0eda5c0b
B07GV72DXM,category_7252170e0eda5c0b
B07GV973KL,category_7252170e0eda5c0b
B07GVBGRD8,category_7252170e0eda5c0b
B07GVFYY2T,category_7252170e0eda5c0b
B07GVHZ89G,category_7252170e0eda5c0b
B07GVKFYDN,category_7252170e0eda5c0b
B07GVMK4SH,category_7252170e0eda5c0b
B07GVRDDDG,category_7252170e0eda5c0b
B07GVT2NVH,category_7252170e0eda5c0b
B07GVTZ1CM,category_7252170e0eda5c0b
B07GWF1NY2,category_7252170e0eda5c0b
B07GWRFY1H,category_7252170e0eda5c0b
B07GX2MR8V,category_7252170e0eda5c0b
B07GX4PJ7S,category_7252170e0eda5c0b
B07GX63M9C,category_7252170e0eda5c0b
B07GX8N6VN,category_7252170e0eda5c0b
B07GX9RZNZ,category_7252170e0eda5c0b
B07GXBBQHZ,category_7252170e0eda5c0b
B07GXC9Z2J,category_7252170e0eda5c0b
B07GXD9X25,category_7252170e0eda5c0b
B07GXK5B46,category_7252170e0eda5c0b
B07GXKHN8Q,category_7252170e0eda5c0b
B07GXKNR9C,category_7252170e0eda5c0b
B07GXX6S1Y,category_7252170e0eda5c0b
B07GY1ZDFR,category_7252170e0eda5c0b
B07GYKXG62,category_7252170e0eda5c0b
B07GYR9TRX,category_7252170e0eda5c0b
B07GYS36DB,category_7252170e0eda5c0b
B07GZ4JX7S,category_7252170e0eda5c0b
B07GZ7W6Y3,category_7252170e0eda5c0b
B07GZ9CLTC,category_7252170e0eda5c0b
B07GZFHHM4,category_7252170e0eda5c0b
B07GZJ7B7K,category_7252170e0eda5c0b
B07GZJSG4X,category_7252170e0eda5c0b
B07GZSZSCB,category_7252170e0eda5c0b
B07GZWJ7KQ,category_7252170e0eda5c0b
B07GZXWJQ5,category_7252170e0eda5c0b
B07H164FQ6,category_7252170e0eda5c0b
B07H17G17J,category_7252170e0eda5c0b
B07H17M8P3,category_7252170e0eda5c0b
B07H18FWC2,category_7252170e0eda5c0b
B07H18QTMN,category_7252170e0eda5c0b
B07H1CQRBC,category_7252170e0eda5c0b
B07H1HM6X6,category_7252170e0eda5c0b
B07H1HVM8Z,category_7252170e0eda5c0b
B07H1J7PH7,category_7252170e0eda5c0b
B07H1VM5XX,category_7252170e0eda5c0b
B07H1WGZY8,category_7252170e0eda5c0b
B07H1YK9J7,category_7252170e0eda5c0b
B07H21MQ2H,category_7252170e0eda5c0b
B07H24VDXN,category_7252170e0eda5c0b
B07H24ZBWK,category_7252170e0eda5c0b
B07H26P2BZ,category_7252170e0eda5c0b
B07H272SXM,category_7252170e0eda5c0b
B07H28YWWT,category_7252170e0eda5c0b
B07H2D74PM,category_7252170e0eda5c0b
B07H2F1DND,category_7252170e0eda5c0b
B07H2GXCNR,category_7252170e0eda5c0b
B07H2MDXN1,category_7252170e0eda5c0b
B07H2P13S9,category_7252170e0eda5c0b
B07H2TR8R3,category_7252170e0eda5c0b
B07H2VBTT1,category_7252170e0eda5c0b
B07H33DXMZ,category_7252170e0eda5c0b
B07H36LHLC,category_7252170e0eda5c0b
B07H3BD7ZG,category_7252170e0eda5c0b
B07H3BDVGK,category_7252170e0eda5c0b
B07H3D9RCJ,category_7252170e0eda5c0b
B07H3G93SG,category_7252170e0eda5c0b
B07H3GSN5W,category_7252170e0eda5c0b
B07H3NL2JD,category_7252170e0eda5c0b
B07H3P59GV,category_7252170e0eda5c0b
B07H3P91LC,category_7252170e0eda5c0b
B07H3QCB3Z,category_7252170e0eda5c0b
B07H3TS88C,category_7252170e0eda5c0b
B07H42MXWT,category_7252170e0eda5c0b
B07H44DC49,category_7252170e0eda5c0b
B07H44H9TH,category_7252170e0eda5c0b
B07H4C3TPN,category_7252170e0eda5c0b
B07H4D35NF,category_7252170e0eda5c0b
B07H4KM6Q3,category_7252170e0eda5c0b
B07H4NLQL9,category_7252170e0eda5c0b
B07H4SJ671,category_7252170e0eda5c0b
B07H4W7CH3,category_7252170e0eda5c0b
B07H516HD6,category_7252170e0eda5c0b
B07H52VHT8,category_7252170e0eda5c0b
B07H53Q8HT,category_7252170e0eda5c0b
B07H5673NB,category_7252170e0eda5c0b
B07H5HC1RX,category_7252170e0eda5c0b
B07H5VPF9K,category_7252170e0eda5c0b
B07H687JX6,category_7252170e0eda5c0b
B07H695PF5,category_7252170e0eda5c0b
B07H6CFZL5,category_7252170e0eda5c0b
B07H6GNCHD,category_7252170e0eda5c0b
B07H6LR488,category_7252170e0eda5c0b
B07H6N2SWH,category_7252170e0eda5c0b
B07H6PN297,category_7252170e0eda5c0b
B07H6VGF6X,category_7252170e0eda5c0b
B07H6Y9HZM,category_7252170e0eda5c0b
B07H78GH8D,category_7252170e0eda5c0b
B07H78W2YW,category_7252170e0eda5c0b
B07H7FRN3D,category_7252170e0eda5c0b
B07H7HW5DD,category_7252170e0eda5c0b
B07H7MCYP6,category_7252170e0eda5c0b
B07H7VQ8JW,category_7252170e0eda5c0b
B07H7W42RC,category_7252170e0eda5c0b
B07H82GDLH,category_7252170e0eda5c0b
B07H84QVQC,category_7252170e0eda5c0b
B07H88L8BZ,category_7252170e0eda5c0b
B07H89HFGM,category_7252170e0eda5c0b
B07H8J2JCT,category_7252170e0eda5c0b
B07H8M2ZZR,category_7252170e0eda5c0b
B07H8TLFKX,category_7252170e0eda5c0b
B07H8TQCJL,category_7252170e0eda5c0b
B07H8V7QJH,category_7252170e0eda5c0b
B07H8VF1WT,category_7252170e0eda5c0b
B07H8Y5QT2,category_7252170e0eda5c0b
B07H8ZJDKG,category_7252170e0eda5c0b
B07H924BCV,category_7252170e0eda5c0b
B07H94414M,category_7252170e0eda5c0b
B07H96RVMC,category_7252170e0eda5c0b
B07H97T11T,category_7252170e0eda5c0b
B07H9B4S5Z,category_7252170e0eda5c0b
B07H9BCPPC,category_7252170e0eda5c0b
B07H9MJPLC,category_7252170e0eda5c0b
B07H9N3V39,category_7252170e0eda5c0b
B07H9NW9Q4,category_7252170e0eda5c0b
B07H9ZLQ95,category_7252170e0eda5c0b
B07HB2Z1N8,category_7252170e0eda5c0b
B07HB8J85S,category_7252170e0eda5c0b
B07HB9ZRQY,category_7252170e0eda5c0b
B07HBBWJLJ,category_7252170e0eda5c0b
B07HBDC97V,category_7252170e0eda5c0b
B07HBQCDLH,category_7252170e0eda5c0b
B07HBQZTNQ,category_7252170e0eda5c0b
B07HBV6JGH,category_7252170e0eda5c0b
B07HC7FV91,category_7252170e0eda5c0b
B07HC8T5PF,category_7252170e0eda5c0b
B07HCB4MW4,category_7252170e0eda5c0b
B07HCHKFJJ,category_7252170e0eda5c0b
B07HD5GVH1,category_7252170e0eda5c0b
B07HDFV5RP,category_7252170e0eda5c0b
B07HDM7ZLW,category_7252170e0eda5c0b
B07HDMKQJN,category_7252170e0eda5c0b
B07HDWJWVC,category_7252170e0eda5c0b
B07HF487QT,category_7252170e0eda5c0b
B07HF4N7M9,category_7252170e0eda5c0b
B07HF697MF,category_7252170e0eda5c0b
B07HFB5WFS,category_7252170e0eda5c0b
B07HFCNM6X,category_7252170e0eda5c0b
B07HFKQX8G,category_7252170e0eda5c0b
B07HG1JFFW,category_7252170e0eda5c0b
B07HG1SWB5,category_7252170e0eda5c0b
B07HG46D5S,category_7252170e0eda5c0b
B07HG57K77,category_7252170e0eda5c0b
B07HGHYNQY,category_7252170e0eda5c0b
B07HGN72M8,category_7252170e0eda5c0b
B07HGZ3XHC,category_7252170e0eda5c0b
B07HH18JK6,category_7252170e0eda5c0b
B07HH2GS8T,category_7252170e0eda5c0b
B07HH2SFJ6,category_7252170e0eda5c0b
B07HH458B6,category_7252170e0eda5c0b
B07HHCD6CC,category_7252170e0eda5c0b
B07HHCHF7Y,category_7252170e0eda5c0b
B07HHQJGVP,category_7252170e0eda5c0b
B07HHQTVLV,category_7252170e0eda5c0b
B07HHVVQZB,category_7252170e0eda5c0b
B07HHWP6YB,category_7252170e0eda5c0b
B07HHYTP8L,category_7252170e0eda5c0b
B07HHZWPLW,category_7252170e0eda5c0b
B07HJ13MSJ,category_7252170e0eda5c0b
B07HJ5WKTL,category_7252170e0eda5c0b
B07HJ7FWGM,category_7252170e0eda5c0b
B07HJ8155K,category_7252170e0eda5c0b
B07HJD1H2X,category_7252170e0eda5c0b
B07HJFVXV1,category_7252170e0eda5c0b
B07HJFZ12S,category_7252170e0eda5c0b
B07HJHZG87,category_7252170e0eda5c0b
B07HJSP83Y,category_7252170e0eda5c0b
B07HJXCN8Y,category_7252170e0eda5c0b
B07HK912DJ,category_7252170e0eda5c0b
B07HK9DY4X,category_7252170e0eda5c0b
B07HKGKXLB,category_7252170e0eda5c0b
B07HKHPJNB,category_7252170e0eda5c0b
B07HKKFT7T,category_7252170e0eda5c0b
B07HKX1C8B,category_7252170e0eda5c0b
B07HLC1JWM,category_7252170e0eda5c0b
B07HLJ4V9R,category_7252170e0eda5c0b
B07HLT11YM,category_7252170e0eda5c0b
B07HM2LDDC,category_7252170e0eda5c0b
B07HM897DD,category_7252170e0eda5c0b
B07HMBN23W,category_7252170e0eda5c0b
B07HMHG67H,category_7252170e0eda5c0b
B07HMJZKDM,category_7252170e0eda5c0b
B07HML88J1,category_7252170e0eda5c0b
B07HMLW4ZV,category_7252170e0eda5c0b
B07HMQQ97T,category_7252170e0eda5c0b
B07HMZB935,category_7252170e0eda5c0b
B07HNBWNSL,category_7252170e0eda5c0b
B07HNDWQFL,category_7252170e0eda5c0b
B07HNGM1FT,category_7252170e0eda5c0b
B07HNJTNQH,category_7252170e0eda5c0b
B07HNN8RR2,category_7252170e0eda5c0b
B07HNSGDJ1,category_7252170e0eda5c0b
B07HNT2ZYG,category_7252170e0eda5c0b
B07HNTJ4VJ,category_7252170e0eda5c0b
B07HNYN4T2,category_7252170e0eda5c0b
B07HPC9TLX,category_7252170e0eda5c0b
B07HPG71RP,category_7252170e0eda5c0b
B07HQ252R7,category_7252170e0eda5c0b
B07HQ36XYS,category_7252170e0eda5c0b
B07HQ4YBSS,category_7252170e0eda5c0b
B07HQ6WM8D,category_7252170e0eda5c0b
B07HQ7DMWJ,category_7252170e0eda5c0b
B07HQJDGXL,category_7252170e0eda5c0b
B07HQNVRRR,category_7252170e0eda5c0b
B07HQVZ397,category_7252170e0eda5c0b
B07HQZQHXT,category_7252170e0eda5c0b
B07HR15GMJ,category_7252170e0eda5c0b
B07HR6HZ6Q,category_7252170e0eda5c0b
B07HRFSGZQ,category_7252170e0eda5c0b
B07HRHJV8L,category_7252170e0eda5c0b
B07HRXBBCF,category_7252170e0eda5c0b
B07HRY6DZT,category_7252170e0eda5c0b
B07HRZLJ6S,category_7252170e0eda5c0b
B07HSQ7N8V,category_7252170e0eda5c0b
B07HSVXPVW,category_7252170e0eda5c0b
B07HT2SN5Y,category_7252170e0eda5c0b
B07HT698Y1,category_7252170e0eda5c0b
B07HV35KG8,category_7252170e0eda5c0b
B07HV42C4L,category_7252170e0eda5c0b
B07HVD1ZYV,category_7252170e0eda5c0b
B07HVPHJJK,category_7252170e0eda5c0b
B07HVQKH1H,category_7252170e0eda5c0b
B07HVRP37G,category_7252170e0eda5c0b
B07HVSQLPR,category_7252170e0eda5c0b
B07HVTXCJC,category_7252170e0eda5c0b
B07HVXMYHK,category_7252170e0eda5c0b
B07HWJT68B,category_7252170e0eda5c0b
B07HWPN9P8,category_7252170e0eda5c0b
B07HWQ7YD7,category_7252170e0eda5c0b
B07HWTDQ4W,category_7252170e0eda5c0b
B07HXN28YP,category_7252170e0eda5c0b
B07HXRFZQL,category_7252170e0eda5c0b
B07HXWG5SP,category_7252170e0eda5c0b
B07HY2QWTF,category_7252170e0eda5c0b
B07HY9QT12,category_7252170e0eda5c0b
B07HYC5RYC,category_7252170e0eda5c0b
B07HYF5F78,category_7252170e0eda5c0b
B07HYHGWH4,category_7252170e0eda5c0b
B07HYP9VK6,category_7252170e0eda5c0b
B07HZ2GTWC,category_7252170e0eda5c0b
B07HZ4RWB6,category_7252170e0eda5c0b
B07HZ597BH,category_7252170e0eda5c0b
B07HZ7T1SZ,category_7252170e0eda5c0b
B07HZHK7BT,category_7252170e0eda5c0b
B07J1K69M4,category_7252170e0eda5c0b
B07J1X61F6,category_7252170e0eda5c0b
B07J1XZ27C,category_7252170e0eda5c0b
B07J21B7WK,category_7252170e0eda5c0b
B07J2DL99M,category_7252170e0eda5c0b
B07J2F5V1Z,category_7252170e0eda5c0b
B07J2FSNT1,category_7252170e0eda5c0b
B07J2G3YB4,category_7252170e0eda5c0b
B07J2G5V5L,category_7252170e0eda5c0b
B07J2G8D5W,category_7252170e0eda5c0b
B07J2J4VZZ,category_7252170e0eda5c0b
B07J2LDRZ3,category_7252170e0eda5c0b
B07J2LP3B8,category_7252170e0eda5c0b
B07J2RN4KG,category_7252170e0eda5c0b
B07J2S28B4,category_7252170e0eda5c0b
B07J3H27BJ,category_7252170e0eda5c0b
B07J3X532T,category_7252170e0eda5c0b
B07J49V3H1,category_7252170e0eda5c0b
B07J4DJHJW,category_7252170e0eda5c0b
B07J4FMLYH,category_7252170e0eda5c0b
B07J4MJ6GQ,category_7252170e0eda5c0b
B07J4MLTFZ,category_7252170e0eda5c0b
B07J4S16ND,category_7252170e0eda5c0b
B07J4SW6K6,category_7252170e0eda5c0b
B07J4VQVVY,category_7252170e0eda5c0b
B07J4WF8SL,category_7252170e0eda5c0b
B07J5DDR1M,category_7252170e0eda5c0b
B07J5N3GSL,category_7252170e0eda5c0b
B07J5QPP6F,category_7252170e0eda5c0b
B07J5QSHXZ,category_7252170e0eda5c0b
B07J5RGMT3,category_7252170e0eda5c0b
B07J5VVXLF,category_7252170e0eda5c0b
B07J5Y8H5Z,category_7252170e0eda5c0b
B07J67BJD9,category_7252170e0eda5c0b
B07J6N9DGX,category_7252170e0eda5c0b
B07J6NXBQN,category_7252170e0eda5c0b
B07J6QVDYR,category_7252170e0eda5c0b
B07J6RXXD3,category_7252170e0eda5c0b
B07J6S3WZC,category_7252170e0eda5c0b
B07J6S4F59,category_7252170e0eda5c0b
B07J6S4LBH,category_7252170e0eda5c0b
B07J6SMBNQ,category_7252170e0eda5c0b
B07J6TVP7H,category_7252170e0eda5c0b
B07J9LDLTL,category_7252170e0eda5c0b
B07J9PS1RN,category_7252170e0eda5c0b
B07J9RPVD6,category_7252170e0eda5c0b
B07J9RTRCR,category_7252170e0eda5c0b
B07J9YH7J4,category_7252170e0eda5c0b
B07J9YV89W,category_7252170e0eda5c0b
B07JB553ZB,category_7252170e0eda5c0b
B07JB7PB7S,category_7252170e0eda5c0b
B07JB7YB96,category_7252170e0eda5c0b
B07JB8KQF6,category_7252170e0eda5c0b
B07JB91HQM,category_7252170e0eda5c0b
B07JBP4P6N,category_7252170e0eda5c0b
B07JBQZDKB,category_7252170e0eda5c0b
B07JBXY1JX,category_7252170e0eda5c0b
B07JC3NQ6W,category_7252170e0eda5c0b
B07JCDP7KV,category_7252170e0eda5c0b
B07JCJQ1Y8,category_7252170e0eda5c0b
B07JCR7YF9,category_7252170e0eda5c0b
B07JDBGBVN,category_7252170e0eda5c0b
B07JDDWWBL,category_7252170e0eda5c0b
B07JDJCW4B,category_7252170e0eda5c0b
B07JDKTKPW,category_7252170e0eda5c0b
B07JDPKZTV,category_7252170e0eda5c0b
B07JDPM5T8,category_7252170e0eda5c0b
B07JDTN3V8,category_7252170e0eda5c0b
B07JF4C4C2,category_7252170e0eda5c0b
B07JF4FJLR,category_7252170e0eda5c0b
B07JF6CP7T,category_7252170e0eda5c0b
B07JFGNBLF,category_7252170e0eda5c0b
B07JFSLR2W,category_7252170e0eda5c0b
B07JFW5YH8,category_7252170e0eda5c0b
B07JFYX2LN,category_7252170e0eda5c0b
B07JG4CTRG,category_7252170e0eda5c0b
B07JG4PXT3,category_7252170e0eda5c0b
B07JGBN63S,category_7252170e0eda5c0b
B07JGD2T2J,category_7252170e0eda5c0b
B07JGF25CP,category_7252170e0eda5c0b
B07JGKJKQV,category_7252170e0eda5c0b
B07JGMHY4S,category_7252170e0eda5c0b
B07JGP29PQ,category_7252170e0eda5c0b
B07JGQMXZ8,category_7252170e0eda5c0b
B07JGTHXRF,category_7252170e0eda5c0b
B07JGV7CV8,category_7252170e0eda5c0b
B07JH1Q5NG,category_7252170e0eda5c0b
B07JH4LX63,category_7252170e0eda5c0b
B07JH4X3MK,category_7252170e0eda5c0b
B07JH79FM5,category_7252170e0eda5c0b
B07JH7JPMJ,category_7252170e0eda5c0b
B07JHHJXMG,category_7252170e0eda5c0b
B07JHMBGGS,category_7252170e0eda5c0b
B07JHVCJF8,category_7252170e0eda5c0b
B07JHVXC4Z,category_7252170e0eda5c0b
B07JJ9NFFH,category_7252170e0eda5c0b
B07JJBT3C4,category_7252170e0eda5c0b
B07JJMYC9T,category_7252170e0eda5c0b
B07JJP1BW3,category_7252170e0eda5c0b
B07JJT5347,category_7252170e0eda5c0b
B07JJZ68N6,category_7252170e0eda5c0b
B07JJZ6H3Q,category_7252170e0eda5c0b
B07JK2SZS1,category_7252170e0eda5c0b
B07JK3WQMM,category_7252170e0eda5c0b
B07JK5RHMV,category_7252170e0eda5c0b
B07JK9DVLL,category_7252170e0eda5c0b
B07JKF8M15,category_7252170e0eda5c0b
B07JKL5R67,category_7252170e0eda5c0b
B07JKM4H2B,category_7252170e0eda5c0b
B07JKTCWTX,category_7252170e0eda5c0b
B07JKTT3RP,category_7252170e0eda5c0b
B07JKXCKWL,category_7252170e0eda5c0b
B07JKYKNQQ,category_7252170e0eda5c0b
B07JKZ9W8G,category_7252170e0eda5c0b
B07JL55SRY,category_7252170e0eda5c0b
B07JLHXQ9M,category_7252170e0eda5c0b
B07JLKW6W7,category_7252170e0eda5c0b
B07JLYNPCV,category_7252170e0eda5c0b
B07JM9L5B9,category_7252170e0eda5c0b
B07JMC5MSZ,category_7252170e0eda5c0b
B07JMJ27VP,category_7252170e0eda5c0b
B07JMMGRB1,category_7252170e0eda5c0b
B07JMNTB3K,category_7252170e0eda5c0b
B07JMP486Q,category_7252170e0eda5c0b
B07JMVZ9CM,category_7252170e0eda5c0b
B07JMWZGHR,category_7252170e0eda5c0b
B07JMXP5PH,category_7252170e0eda5c0b
B07JMZ9XZ6,category_7252170e0eda5c0b
B07JN3XW99,category_7252170e0eda5c0b
B07JN4LKJK,category_7252170e0eda5c0b
B07JN55KC8,category_7252170e0eda5c0b
B07JN7C7YK,category_7252170e0eda5c0b
B07JNFCM9M,category_7252170e0eda5c0b
B07JNFJSGS,category_7252170e0eda5c0b
B07JNH4QWC,category_7252170e0eda5c0b
B07JNJHZFM,category_7252170e0eda5c0b
B07JNN8F5W,category_7252170e0eda5c0b
B07JNQMLPW,category_7252170e0eda5c0b
B07JNQNDR6,category_7252170e0eda5c0b
B07JNTGFF4,category_7252170e0eda5c0b
B07JNTHSBS,category_7252170e0eda5c0b
B07JP6K2J5,category_7252170e0eda5c0b
B07JP7TZYT,category_7252170e0eda5c0b
B07JPB5R6D,category_7252170e0eda5c0b
B07JPZGPTV,category_7252170e0eda5c0b
B07JQ136H9,category_7252170e0eda5c0b
B07JQ1MKRG,category_7252170e0eda5c0b
B07JQ225ZM,category_7252170e0eda5c0b
B07JQ6Y3S3,category_7252170e0eda5c0b
B07JQ8KW3D,category_7252170e0eda5c0b
B07JQ9YGCK,category_7252170e0eda5c0b
B07JQGDBCF,category_7252170e0eda5c0b
B07JRHQWLH,category_7252170e0eda5c0b
B07JVCBBXS,category_7252170e0eda5c0b
B07JVMD169,category_7252170e0eda5c0b
B07JVMNPBD,category_7252170e0eda5c0b
B07JVNTL2C,category_7252170e0eda5c0b
B07JVPF7YZ,category_7252170e0eda5c0b
B07JVV8K45,category_7252170e0eda5c0b
B07JVVRPJS,category_7252170e0eda5c0b
B07JVW6ZTF,category_7252170e0eda5c0b
B07JW6ZCXP,category_7252170e0eda5c0b
B07JW8WR1P,category_7252170e0eda5c0b
B07JWGD7PR,category_7252170e0eda5c0b
B07JWGGLYT,category_7252170e0eda5c0b
B07JWHVS98,category_7252170e0eda5c0b
B07JWL2ZFJ,category_7252170e0eda5c0b
B07JX82D6X,category_7252170e0eda5c0b
B07JX9R5P4,category_7252170e0eda5c0b
B07JXYKD43,category_7252170e0eda5c0b
B07JY88PR4,category_7252170e0eda5c0b
B07JYBX8SK,category_7252170e0eda5c0b
B07JYF2DKD,category_7252170e0eda5c0b
B07JYNQHZC,category_7252170e0eda5c0b
B07JYQMGL3,category_7252170e0eda5c0b
B07JYS135T,category_7252170e0eda5c0b
B07JYVP676,category_7252170e0eda5c0b
B07JZ11Q8K,category_7252170e0eda5c0b
B07JZB5BYK,category_7252170e0eda5c0b
B07JZFPCRS,category_7252170e0eda5c0b
B07JZVMLDM,category_7252170e0eda5c0b
B07JZZFGM2,category_7252170e0eda5c0b
B07K16RT42,category_7252170e0eda5c0b
B07K18RG5C,category_7252170e0eda5c0b
B07K1BK8Y5,category_7252170e0eda5c0b
B07K1FGTLQ,category_7252170e0eda5c0b
B07K1JC9HG,category_7252170e0eda5c0b
B07K1LWBJH,category_7252170e0eda5c0b
B07K1MJSS8,category_7252170e0eda5c0b
B07K1QLXVG,category_7252170e0eda5c0b
B07K1SHM18,category_7252170e0eda5c0b
B07K1T9TQV,category_7252170e0eda5c0b
B07K1TG3FH,category_7252170e0eda5c0b
B07K1TWY42,category_7252170e0eda5c0b
B07K1ZVKJR,category_7252170e0eda5c0b
B07K2C9J2T,category_7252170e0eda5c0b
B07K2GH126,category_7252170e0eda5c0b
B07K2JQLRC,category_7252170e0eda5c0b
B07K2PMRFG,category_7252170e0eda5c0b
B07K2QPNCR,category_7252170e0eda5c0b
B07K2SM4JP,category_7252170e0eda5c0b
B07K2T6CFX,category_7252170e0eda5c0b
B07K2TNXVX,category_7252170e0eda5c0b
B07K2VNYG5,category_7252170e0eda5c0b
B07K2WZ69W,category_7252170e0eda5c0b
B07K2Y4ZGB,category_7252170e0eda5c0b
B07K37J5M7,category_7252170e0eda5c0b
B07K3MK4B5,category_7252170e0eda5c0b
B07K3NVZZ2,category_7252170e0eda5c0b
B07K3WK4PF,category_7252170e0eda5c0b
B07K41QCQX,category_7252170e0eda5c0b
B07K43HLWP,category_7252170e0eda5c0b
B07K43MGDV,category_7252170e0eda5c0b
B07K453HY5,category_7252170e0eda5c0b
B07K457G33,category_7252170e0eda5c0b
B07K45R9LR,category_7252170e0eda5c0b
B07K46154L,category_7252170e0eda5c0b
B07K46DL83,category_7252170e0eda5c0b
B07K4GZQDY,category_7252170e0eda5c0b
B07K4XLFC5,category_7252170e0eda5c0b
B07K54JG86,category_7252170e0eda5c0b
B07K5559YF,category_7252170e0eda5c0b
B07K5KKQPZ,category_7252170e0eda5c0b
B07K5ZC1ZR,category_7252170e0eda5c0b
B07K65DHY6,category_7252170e0eda5c0b
B07K67XBNK,category_7252170e0eda5c0b
B07K6C1429,category_7252170e0eda5c0b
B07K6D3D8P,category_7252170e0eda5c0b
B07K6DL9KW,category_7252170e0eda5c0b
B07K6DMX1T,category_7252170e0eda5c0b
B07K6FBWQ4,category_7252170e0eda5c0b
B07K6FKJPL,category_7252170e0eda5c0b
B07K6GHXYD,category_7252170e0eda5c0b
B07K6GKN19,category_7252170e0eda5c0b
B07K6HT1NK,category_7252170e0eda5c0b
B07K6JGZJB,category_7252170e0eda5c0b
B07K6LFQ3V,category_7252170e0eda5c0b
B07K6NQBS3,category_7252170e0eda5c0b
B07K6R7JH9,category_7252170e0eda5c0b
B07K723BZR,category_7252170e0eda5c0b
B07K78KXRK,category_7252170e0eda5c0b
B07K7CZJS3,category_7252170e0eda5c0b
B07K7JKDPR,category_7252170e0eda5c0b
B07K7T1XZ3,category_7252170e0eda5c0b
B07K7WR2D4,category_7252170e0eda5c0b
B07K7X1G6N,category_7252170e0eda5c0b
B07K7YGRDX,category_7252170e0eda5c0b
B07K7Z7HYB,category_7252170e0eda5c0b
B07K84K45Q,category_7252170e0eda5c0b
B07K85DQD7,category_7252170e0eda5c0b
B07K87S4KH,category_7252170e0eda5c0b
B07K8C8LRL,category_7252170e0eda5c0b
B07K8FMSQV,category_7252170e0eda5c0b
B07K8FVDXP,category_7252170e0eda5c0b
B07K8GWJCP,category_7252170e0eda5c0b
B07K8KVDYK,category_7252170e0eda5c0b
B07K8Q4QZX,category_7252170e0eda5c0b
B07K8QD282,category_7252170e0eda5c0b
B07K8WFJLH,category_7252170e0eda5c0b
B07K8WQQCL,category_7252170e0eda5c0b
B07K8WXL9V,category_7252170e0eda5c0b
B07K8X5VS4,category_7252170e0eda5c0b
B07K8YV7HB,category_7252170e0eda5c0b
B07K8Z8WYG,category_7252170e0eda5c0b
B07K9K679N,category_7252170e0eda5c0b
B07K9KDWB3,category_7252170e0eda5c0b
B07K9LWDV2,category_7252170e0eda5c0b
B07K9P269T,category_7252170e0eda5c0b
B07K9TV3LT,category_7252170e0eda5c0b
B07KB47L5F,category_7252170e0eda5c0b
B07KBG8CR5,category_7252170e0eda5c0b
B07KBZ41QM,category_7252170e0eda5c0b
B07KC13VPL,category_7252170e0eda5c0b
B07KC7NS6W,category_7252170e0eda5c0b
B07KC7ZZ3M,category_7252170e0eda5c0b
B07KCH7SHZ,category_7252170e0eda5c0b
B07KCJ2X81,category_7252170e0eda5c0b
B07KCJ8RPC,category_7252170e0eda5c0b
B07KCL1N51,category_7252170e0eda5c0b
B07KCQPBXK,category_7252170e0eda5c0b
B07KCR1CRH,category_7252170e0eda5c0b
B07KCRZ4WV,category_7252170e0eda5c0b
B07KCS8HJQ,category_7252170e0eda5c0b
B07KCSMM1N,category_7252170e0eda5c0b
B07KCX3GY5,category_7252170e0eda5c0b
B07KD6XFQZ,category_7252170e0eda5c0b
B07KD7T3J1,category_7252170e0eda5c0b
B07KD7WDT2,category_7252170e0eda5c0b
B07KDBGV4V,category_7252170e0eda5c0b
B07KDS56ZT,category_7252170e0eda5c0b
B07KDSV1NY,category_7252170e0eda5c0b
B07KDYT8XY,category_7252170e0eda5c0b
B07KF1C88P,category_7252170e0eda5c0b
B07KF6276H,category_7252170e0eda5c0b
B07KF8B569,category_7252170e0eda5c0b
B07KF8Q15D,category_7252170e0eda5c0b
B07KF9CM51,category_7252170e0eda5c0b
B07KFC9HDN,category_7252170e0eda5c0b
B07KFGWC8S,category_7252170e0eda5c0b
B07KFHBV4P,category_7252170e0eda5c0b
B07KFNG3KZ,category_7252170e0eda5c0b
B07KFPH3S7,category_7252170e0eda5c0b
B07KFRJYPJ,category_7252170e0eda5c0b
B07KFRL2Q1,category_7252170e0eda5c0b
B07KFT2G9C,category_7252170e0eda5c0b
B07KFV9GXF,category_7252170e0eda5c0b
B07KFZSRYG,category_7252170e0eda5c0b
B07KG12715,category_7252170e0eda5c0b
B07KG1TWP5,category_7252170e0eda5c0b
B07KG7J8N3,category_7252170e0eda5c0b
B07KGHL397,category_7252170e0eda5c0b
B07KGHWJXB,category_7252170e0eda5c0b
B07KGK8BFG,category_7252170e0eda5c0b
B07KGL3BTC,category_7252170e0eda5c0b
B07KGLKNB4,category_7252170e0eda5c0b
B07KGMG12Q,category_7252170e0eda5c0b
B07KGPH8QV,category_7252170e0eda5c0b
B07KGPJQ8Y,category_7252170e0eda5c0b
B07KGQ5ZSP,category_7252170e0eda5c0b
B07KGQ76M4,category_7252170e0eda5c0b
B07KGR63N6,category_7252170e0eda5c0b
B07KHJPLLB,category_7252170e0eda5c0b
B07KHKMY27,category_7252170e0eda5c0b
B07KHPL1TH,category_7252170e0eda5c0b
B07KJB2WS4,category_7252170e0eda5c0b
B07KJCBTM9,category_7252170e0eda5c0b
B07KJY2VGR,category_7252170e0eda5c0b
B07KK139SJ,category_7252170e0eda5c0b
B07KK15XWP,category_7252170e0eda5c0b
B07KK4GVM5,category_7252170e0eda5c0b
B07KK8C9TB,category_7252170e0eda5c0b
B07KK9V4RD,category_7252170e0eda5c0b
B07KKB6XM1,category_7252170e0eda5c0b
B07KKD84SN,category_7252170e0eda5c0b
B07KKGLYLS,category_7252170e0eda5c0b
B07KKJZQTF,category_7252170e0eda5c0b
B07KKKCSCB,category_7252170e0eda5c0b
B07KKMNLSZ,category_7252170e0eda5c0b
B07KKNPMQ2,category_7252170e0eda5c0b
B07KKNSH92,category_7252170e0eda5c0b
B07KKPG774,category_7252170e0eda5c0b
B07KKT242P,category_7252170e0eda5c0b
B07KKZNQZR,category_d6ac68cf358b59e5
B07KL5YNNS,category_7252170e0eda5c0b
B07KLMKTYW,category_7252170e0eda5c0b
B07KLR7WL1,category_7252170e0eda5c0b
B07KLX6RPG,category_7252170e0eda5c0b
B07KM1ZQ1H,category_7252170e0eda5c0b
B07KM2GWYV,category_7252170e0eda5c0b
B07KM31FV1,category_7252170e0eda5c0b
B07KM33WSV,category_7252170e0eda5c0b
B07KM5FG99,category_7252170e0eda5c0b
B07KMC2S9L,category_7252170e0eda5c0b
B07KMCJZVR,category_7252170e0eda5c0b
B07KMDSTJW,category_7252170e0eda5c0b
B07KMFK7JW,category_7252170e0eda5c0b
B07KN2HQDR,category_7252170e0eda5c0b
B07KN36H83,category_7252170e0eda5c0b
B07KN53HVT,category_7252170e0eda5c0b
B07KN5T2PC,category_7252170e0eda5c0b
B07KNCKPLM,category_7252170e0eda5c0b
B07KNHXJN5,category_7252170e0eda5c0b
B07KNKCQ31,category_7252170e0eda5c0b
B07KNLKNCR,category_7252170e0eda5c0b
B07KP2KT13,category_7252170e0eda5c0b
B07KP2YBBL,category_7252170e0eda5c0b
B07KP3WTFF,category_7252170e0eda5c0b
B07KPHRGFV,category_7252170e0eda5c0b
B07KPQC216,category_7252170e0eda5c0b
B07KPQGCZW,category_7252170e0eda5c0b
B07KPRSM6B,category_7252170e0eda5c0b
B07KPSNJNJ,category_7252170e0eda5c0b
B07KPWYB6C,category_7252170e0eda5c0b
B07KPYLS2P,category_7252170e0eda5c0b
B07KQ1T9B8,category_7252170e0eda5c0b
B07KQ2LCLQ,category_7252170e0eda5c0b
B07KQ4XNDV,category_7252170e0eda5c0b
B07KQ6GD2B,category_7252170e0eda5c0b
B07KQGC8YV,category_7252170e0eda5c0b
B07KQGN4J1,category_7252170e0eda5c0b
B07KQGSCJN,category_7252170e0eda5c0b
B07KQLFXPM,category_7252170e0eda5c0b
B07KQMYKJT,category_7252170e0eda5c0b
B07KQSD5W1,category_7252170e0eda5c0b
B07KQWMJQW,category_7252170e0eda5c0b
B07KQXLHHP,category_7252170e0eda5c0b
B07KR6J4Z3,category_7252170e0eda5c0b
B07KR78KZ1,category_7252170e0eda5c0b
B07KR9MTFG,category_7252170e0eda5c0b
B07KRDGDBK,category_7252170e0eda5c0b
B07KRMVX4Y,category_7252170e0eda5c0b
B07KRN5PTB,category_7252170e0eda5c0b
B07KRQBDL1,category_7252170e0eda5c0b
B07KRQN1F3,category_7252170e0eda5c0b
B07KRS235P,category_7252170e0eda5c0b
B07KRSN2J1,category_7252170e0eda5c0b
B07KS4T1ML,category_7252170e0eda5c0b
B07KS6Y9B2,category_7252170e0eda5c0b
B07KSP7LJC,category_7252170e0eda5c0b
B07KSW7X5G,category_7252170e0eda5c0b
B07KSX5XRW,category_7252170e0eda5c0b
B07KSYJ5X2,category_7252170e0eda5c0b
B07KSZKHR8,category_7252170e0eda5c0b
B07KT3PCLG,category_7252170e0eda5c0b
B07KT86LQ2,category_7252170e0eda5c0b
B07KTMJTJC,category_7252170e0eda5c0b
B07KTP3XN5,category_7252170e0eda5c0b
B07KV31WDS,category_7252170e0eda5c0b
B07KV5L538,category_7252170e0eda5c0b
B07KV8L79S,category_7252170e0eda5c0b
B07KVG6QCV,category_7252170e0eda5c0b
B07KVKH4L7,category_7252170e0eda5c0b
B07KVNF31J,category_7252170e0eda5c0b
B07KVRTM55,category_7252170e0eda5c0b
B07KW17R5B,category_7252170e0eda5c0b
B07KWFWRRV,category_7252170e0eda5c0b
B07KWJB4NY,category_7252170e0eda5c0b
B07KWK63PJ,category_7252170e0eda5c0b
B07KWKCGFG,category_7252170e0eda5c0b
B07KWKVCMG,category_7252170e0eda5c0b
B07KWKZT7K,category_7252170e0eda5c0b
B07KWLBY9H,category_7252170e0eda5c0b
B07KWSBT8Y,category_7252170e0eda5c0b
B07KWTQG79,category_7252170e0eda5c0b
B07KWXWV78,category_7252170e0eda5c0b
B07KX62HT1,category_7252170e0eda5c0b
B07KX7G6WT,category_7252170e0eda5c0b
B07KX9TN5Y,category_7252170e0eda5c0b
B07KXDTF6F,category_7252170e0eda5c0b
B07KXHQRJL,category_7252170e0eda5c0b
B07KXQGRSL,category_7252170e0eda5c0b
B07KXQW679,category_7252170e0eda5c0b
B07KXV8Y6W,category_7252170e0eda5c0b
B07KXVGHTV,category_7252170e0eda5c0b
B07KXVLQK3,category_7252170e0eda5c0b
B07KY3LM76,category_7252170e0eda5c0b
B07KY41SV6,category_7252170e0eda5c0b
B07KY94R13,category_7252170e0eda5c0b
B07KYG76HR,category_7252170e0eda5c0b
B07KYGVHJ5,category_7252170e0eda5c0b
B07KYHBSM1,category_7252170e0eda5c0b
B07KYK3RYL,category_7252170e0eda5c0b
B07KYLLX79,category_7252170e0eda5c0b
B07KYLZCKB,category_7252170e0eda5c0b
B07KYP5J1K,category_7252170e0eda5c0b
B07KYSTVFP,category_7252170e0eda5c0b
B07KYWXBDZ,category_7252170e0eda5c0b
B07KZHR2V1,category_7252170e0eda5c0b
B07KZLM6JT,category_7252170e0eda5c0b
B07KZQV76X,category_7252170e0eda5c0b
B07KZT15T8,category_7252170e0eda5c0b
B07KZWH65L,category_7252170e0eda5c0b
B07L11PGZ7,category_7252170e0eda5c0b
B07L16WJDR,category_7252170e0eda5c0b
B07L19P8Q9,category_7252170e0eda5c0b
B07L1BQ12Q,category_7252170e0eda5c0b
B07L1F994N,category_7252170e0eda5c0b
B07L1SFMC4,category_7252170e0eda5c0b
B07L1SX3KZ,category_7252170e0eda5c0b
B07L2BWVQY,category_7252170e0eda5c0b
B07L2GTF76,category_7252170e0eda5c0b
B07L2K6624,category_7252170e0eda5c0b
B07L2M5HTH,category_7252170e0eda5c0b
B07L2N727M,category_7252170e0eda5c0b
B07L2ZC5GS,category_7252170e0eda5c0b
B07L3C3WJK,category_7252170e0eda5c0b
B07L3CY4TJ,category_7252170e0eda5c0b
B07L3LGZ5B,category_7252170e0eda5c0b
B07L3M5QNK,category_7252170e0eda5c0b
B07L3N6RPY,category_7252170e0eda5c0b
B07L3QLQZT,category_7252170e0eda5c0b
B07L3QW6KV,category_7252170e0eda5c0b
B07L3R4LZC,category_7252170e0eda5c0b
B07L3V199Z,category_7252170e0eda5c0b
B07L42V9PK,category_7252170e0eda5c0b
B07L45QMLH,category_7252170e0eda5c0b
B07L46W7J4,category_7252170e0eda5c0b
B07L46XTP5,category_7252170e0eda5c0b
B07L49PZ4C,category_7252170e0eda5c0b
B07L4PB6VH,category_7252170e0eda5c0b
B07L4QCKXL,category_7252170e0eda5c0b
B07L4SGB1J,category_7252170e0eda5c0b
B07L4Z79MQ,category_7252170e0eda5c0b
B07L516BRF,category_7252170e0eda5c0b
B07L5DCNS5,category_7252170e0eda5c0b
B07L5DM44W,category_7252170e0eda5c0b
B07L5FM88B,category_7252170e0eda5c0b
B07L5KXD8X,category_7252170e0eda5c0b
B07L5MQNVD,category_7252170e0eda5c0b
B07L5ZXV3G,category_7252170e0eda5c0b
B07L6CZ8FH,category_7252170e0eda5c0b
B07L6KJM3Z,category_7252170e0eda5c0b
B07L6MTDJK,category_7252170e0eda5c0b
B07L6NFGT3,category_7252170e0eda5c0b
B07L6R84RJ,category_7252170e0eda5c0b
B07L6V5H5V,category_7252170e0eda5c0b
B07L6W5D7Z,category_7252170e0eda5c0b
B07L6WM2PB,category_7252170e0eda5c0b
B07L6XPQC5,category_7252170e0eda5c0b
B07L6Y7Y6F,category_7252170e0eda5c0b
B07L6Y9V9V,category_7252170e0eda5c0b
B07L72FR8Q,category_7252170e0eda5c0b
B07L75GJLB,category_7252170e0eda5c0b
B07L7B9KGR,category_7252170e0eda5c0b
B07L7DS2QQ,category_7252170e0eda5c0b
B07L7WLJNW,category_7252170e0eda5c0b
B07L84DGT3,category_7252170e0eda5c0b
B07L85852G,category_7252170e0eda5c0b
B07L88DWW1,category_7252170e0eda5c0b
B07L88RMK9,category_7252170e0eda5c0b
B07L89XL8M,category_7252170e0eda5c0b
B07L8BTG5Q,category_7252170e0eda5c0b
B07L8DLZGF,category_7252170e0eda5c0b
B07L8G1M1B,category_7252170e0eda5c0b
B07L8HPHTZ,category_7252170e0eda5c0b
B07L8KS6BD,category_7252170e0eda5c0b
B07L8M1RLR,category_7252170e0eda5c0b
B07L8NFZPX,category_7252170e0eda5c0b
B07L8PWT1P,category_7252170e0eda5c0b
B07L8TQDCY,category_7252170e0eda5c0b
B07L8V3WGN,category_7252170e0eda5c0b
B07L91LGYQ,category_7252170e0eda5c0b
B07L94K49H,category_7252170e0eda5c0b
B07L9F177Y,category_7252170e0eda5c0b
B07L9H8SWW,category_7252170e0eda5c0b
B07L9JJH11,category_7252170e0eda5c0b
B07L9L6Z98,category_7252170e0eda5c0b
B07L9LQ55V,category_7252170e0eda5c0b
B07L9LQD6K,category_7252170e0eda5c0b
B07L9S743L,category_7252170e0eda5c0b
B07L9XCMZR,category_7252170e0eda5c0b
B07LB539M2,category_7252170e0eda5c0b
B07LB6NDSK,category_7252170e0eda5c0b
B07LB85LBK,category_7252170e0eda5c0b
B07LBB69NY,category_7252170e0eda5c0b
B07LBBB7KB,category_7252170e0eda5c0b
B07LBD8RKW,category_7252170e0eda5c0b
B07LBDZG63,category_7252170e0eda5c0b
B07LBJXG5Y,category_7252170e0eda5c0b
B07LBK2LNL,category_7252170e0eda5c0b
B07LBMMSWD,category_7252170e0eda5c0b
B07LBSZWXK,category_7252170e0eda5c0b
B07LBT46Y7,category_7252170e0eda5c0b
B07LBZBQD3,category_7252170e0eda5c0b
B07LBZZSMR,category_7252170e0eda5c0b
B07LC4HJYT,category_7252170e0eda5c0b
B07LC9KRN9,category_7252170e0eda5c0b
B07LC9L4K4,category_7252170e0eda5c0b
B07LCBV7DT,category_7252170e0eda5c0b
B07LCF4BK5,category_7252170e0eda5c0b
B07LCL2B5Q,category_7252170e0eda5c0b
B07LCLLM2S,category_7252170e0eda5c0b
B07LCNGSBJ,category_7252170e0eda5c0b
B07LCXCYL7,category_7252170e0eda5c0b
B07LCZ4S7T,category_7252170e0eda5c0b
B07LD2KZJK,category_7252170e0eda5c0b
B07LD2NSGR,category_7252170e0eda5c0b
B07LD3M88C,category_7252170e0eda5c0b
B07LD62HVC,category_7252170e0eda5c0b
B07LD6H31F,category_7252170e0eda5c0b
B07LDYSM1P,category_7252170e0eda5c0b
B07LF4FKW2,category_7252170e0eda5c0b
B07LF6Q3HC,category_7252170e0eda5c0b
B07LF7GDPC,category_7252170e0eda5c0b
B07LFFGM8M,category_7252170e0eda5c0b
B07LFHZ6TD,category_7252170e0eda5c0b
B07LFJL4M8,category_7252170e0eda5c0b
B07LFT7YNC,category_7252170e0eda5c0b
B07LG1HC44,category_7252170e0eda5c0b
B07LGCPSYS,category_7252170e0eda5c0b
B07LGHV9LN,category_7252170e0eda5c0b
B07LGJ9GGP,category_7252170e0eda5c0b
B07LGS1RVM,category_7252170e0eda5c0b
B07LGT6WSF,category_7252170e0eda5c0b
B07LGY9HZS,category_7252170e0eda5c0b
B07LGZF4YV,category_7252170e0eda5c0b
B07LH5FZPJ,category_7252170e0eda5c0b
B07LHCG4SV,category_7252170e0eda5c0b
B07LHCVZDT,category_7252170e0eda5c0b
B07LHDLHVS,category_7252170e0eda5c0b
B07LHJJZN2,category_7252170e0eda5c0b
B07LHJK8D6,category_7252170e0eda5c0b
B07M5C12LS,category_7252170e0eda5c0b
B07M5HB65T,category_7252170e0eda5c0b
B07M5JL4FD,category_7252170e0eda5c0b
B07M5SMWCQ,category_7252170e0eda5c0b
B07M5SXQ4Q,category_7252170e0eda5c0b
B07M5T3G25,category_7252170e0eda5c0b
B07M638P3Y,category_7252170e0eda5c0b
B07M65N7NZ,category_7252170e0eda5c0b
B07M65SKFZ,category_7252170e0eda5c0b
B07M6J6BJ5,category_7252170e0eda5c0b
B07M6LK2RD,category_7252170e0eda5c0b
B07M6MNJFN,category_7252170e0eda5c0b
B07M6QNHT4,category_7252170e0eda5c0b
B07M6QPF4M,category_7252170e0eda5c0b
B07M6SGV4D,category_7252170e0eda5c0b
B07M6Z185S,category_7252170e0eda5c0b
B07M737CH7,category_7252170e0eda5c0b
B07M74HQXD,category_7252170e0eda5c0b
B07M75DH3L,category_7252170e0eda5c0b
B07M7BR7WJ,category_7252170e0eda5c0b
B07M7DTDW3,category_7252170e0eda5c0b
B07M7H6S8K,category_7252170e0eda5c0b
B07M7M2B8X,category_7252170e0eda5c0b
B07M7MVGF4,category_7252170e0eda5c0b
B07M7S42TJ,category_7252170e0eda5c0b
B07M7YB3WD,category_7252170e0eda5c0b
B07M7ZWSJ6,category_7252170e0eda5c0b
B07M81XYKL,category_7252170e0eda5c0b
B07M8348GG,category_7252170e0eda5c0b
B07M8V162P,category_7252170e0eda5c0b
B07M8VBCHS,category_7252170e0eda5c0b
B07M8WN7W2,category_7252170e0eda5c0b
B07M8Y9NMY,category_7252170e0eda5c0b
B07M8YYP8D,category_7252170e0eda5c0b
B07M95NSKM,category_7252170e0eda5c0b
B07M9679GJ,category_7252170e0eda5c0b
B07M9CFRMF,category_7252170e0eda5c0b
B07M9CGYGR,category_7252170e0eda5c0b
B07M9SM34B,category_7252170e0eda5c0b
B07M9ZQ3LQ,category_7252170e0eda5c0b
B07M9ZSMJW,category_7252170e0eda5c0b
B07MB1YYWK,category_7252170e0eda5c0b
B07MB33JQV,category_7252170e0eda5c0b
B07MB85BD7,category_7252170e0eda5c0b
B07MBFTFGZ,category_7252170e0eda5c0b
B07MBHXMPL,category_7252170e0eda5c0b
B07MBKP86B,category_7252170e0eda5c0b
B07MC2S3VR,category_7252170e0eda5c0b
B07MC98JDG,category_7252170e0eda5c0b
B07MC9RLFX,category_7252170e0eda5c0b
B07MCB36ST,category_7252170e0eda5c0b
B07MCMN6F8,category_7252170e0eda5c0b
B07MCNBL4W,category_7252170e0eda5c0b
B07MCSDLGT,category_7252170e0eda5c0b
B07MCTBWX8,category_7252170e0eda5c0b
B07MCWVMKR,category_7252170e0eda5c0b
B07MCYSN6Z,category_7252170e0eda5c0b
B07MCYVQF6,category_7252170e0eda5c0b
B07MCZBP1T,category_7252170e0eda5c0b
B07MD5LRSZ,category_7252170e0eda5c0b
B07MD79GK8,category_7252170e0eda5c0b
B07MDBVNJR,category_7252170e0eda5c0b
B07MDBY65G,category_7252170e0eda5c0b
B07MDH7Z2Q,category_7252170e0eda5c0b
B07MDHZTTX,category_7252170e0eda5c0b
B07MDP86Q4,category_7252170e0eda5c0b
B07MDQ1PQP,category_7252170e0eda5c0b
B07MDXV7B2,category_7252170e0eda5c0b
B07MDYV2DN,category_7252170e0eda5c0b
B07MF2Y244,category_7252170e0eda5c0b
B07MF438XF,category_7252170e0eda5c0b
B07MF4CNYD,category_7252170e0eda5c0b
B07MF65241,category_7252170e0eda5c0b
B07MF8NSG6,category_7252170e0eda5c0b
B07MF948LW,category_7252170e0eda5c0b
B07MF9P7PY,category_7252170e0eda5c0b
B07MFKB23V,category_7252170e0eda5c0b
B07MFQSV3W,category_7252170e0eda5c0b
B07MFQTQQZ,category_7252170e0eda5c0b
B07MFSPTMW,category_7252170e0eda5c0b
B07MFWCLWG,category_7252170e0eda5c0b
B07MFWCW5T,category_7252170e0eda5c0b
B07MFZNKY7,category_7252170e0eda5c0b
B07MG3Y5NQ,category_7252170e0eda5c0b
B07MGJBYMP,category_7252170e0eda5c0b
B07MGNHPRH,category_7252170e0eda5c0b
B07MGPBDBD,category_7252170e0eda5c0b
B07MGTYY5W,category_7252170e0eda5c0b
B07MGXSRB9,category_7252170e0eda5c0b
B07MGY11BH,category_7252170e0eda5c0b
B07MH4Z7J7,category_7252170e0eda5c0b
B07MH99JVT,category_7252170e0eda5c0b
B07MHH5PQ9,category_7252170e0eda5c0b
B07MHK2P15,category_7252170e0eda5c0b
B07MHLHLHY,category_7252170e0eda5c0b
B07MHPJX1W,category_7252170e0eda5c0b
B07MHQ4VDT,category_7252170e0eda5c0b
B07MHWJ4DG,category_7252170e0eda5c0b
B07MHY36R9,category_7252170e0eda5c0b
B07MJ3N52V,category_7252170e0eda5c0b
B07MJDJCTP,category_7252170e0eda5c0b
B07MJDY1Z6,category_7252170e0eda5c0b
B07MJGB9GW,category_7252170e0eda5c0b
B07MJLYK53,category_7252170e0eda5c0b
B07MJLZY5M,category_7252170e0eda5c0b
B07MK1SXHN,category_7252170e0eda5c0b
B07MK29MTV,category_7252170e0eda5c0b
B07MKM1XTS,category_7252170e0eda5c0b
B07MKMK43D,category_7252170e0eda5c0b
B07MKMM9GC,category_7252170e0eda5c0b
B07MKQFHPH,category_7252170e0eda5c0b
B07MKWGFJW,category_7252170e0eda5c0b
B07ML31XWH,category_7252170e0eda5c0b
B07ML35VWX,category_7252170e0eda5c0b
B07ML5333D,category_7252170e0eda5c0b
B07ML63WWZ,category_7252170e0eda5c0b
B07MLFQ8YF,category_7252170e0eda5c0b
B07MLG7V8Z,category_7252170e0eda5c0b
B07MLKHTKS,category_7252170e0eda5c0b
B07MLV279R,category_7252170e0eda5c0b
B07MLVPH9X,category_7252170e0eda5c0b
B07MM2W1X2,category_7252170e0eda5c0b
B07MM2W67N,category_7252170e0eda5c0b
B07MM3ZDKL,category_7252170e0eda5c0b
B07MM4MVR6,category_7252170e0eda5c0b
B07MM6MGXM,category_7252170e0eda5c0b
B07MMB6T1B,category_7252170e0eda5c0b
B07MMLYYTL,category_7252170e0eda5c0b
B07MMQPVSZ,category_7252170e0eda5c0b
B07MMSJH9Z,category_7252170e0eda5c0b
B07MMWXPLJ,category_7252170e0eda5c0b
B07MN14PMD,category_7252170e0eda5c0b
B07MN1D6K3,category_7252170e0eda5c0b
B07MN1VM44,category_7252170e0eda5c0b
B07MNSH8MB,category_7252170e0eda5c0b
B07MNV3PF4,category_7252170e0eda5c0b
B07MNXR7ZT,category_7252170e0eda5c0b
B07MNZ81KY,category_7252170e0eda5c0b
B07MNZF3W4,category_7252170e0eda5c0b
B07MP1ZJQS,category_7252170e0eda5c0b
B07MPCJQP9,category_7252170e0eda5c0b
B07MPCW95Y,category_7252170e0eda5c0b
B07MPF4CVL,category_7252170e0eda5c0b
B07MPFGSMJ,category_7252170e0eda5c0b
B07MPRVB76,category_7252170e0eda5c0b
B07MPRXLF4,category_7252170e0eda5c0b
B07MPS8Q17,category_7252170e0eda5c0b
B07MPVX78Y,category_7252170e0eda5c0b
B07MPWXW6J,category_7252170e0eda5c0b
B07MPXG7X5,category_7252170e0eda5c0b
B07MQ37KDC,category_7252170e0eda5c0b
B07MQ7C774,category_7252170e0eda5c0b
B07MQKB2Y7,category_7252170e0eda5c0b
B07MQQJP1H,category_7252170e0eda5c0b
B07MQR2PM1,category_7252170e0eda5c0b
B07MQSPHTQ,category_7252170e0eda5c0b
B07MQV1C57,category_7252170e0eda5c0b
B07MQVKR53,category_7252170e0eda5c0b
B07MQWPRPG,category_7252170e0eda5c0b
B07MQXB4PM,category_7252170e0eda5c0b
B07MR3PWVL,category_7252170e0eda5c0b
B07MR68V9D,category_7252170e0eda5c0b
B07MRF19Z3,category_7252170e0eda5c0b
B07MRFSGQL,category_7252170e0eda5c0b
B07MRH1PR3,category_7252170e0eda5c0b
B07MSB8WPS,category_7252170e0eda5c0b
B07MSG8FMZ,category_7252170e0eda5c0b
B07MSGRM38,category_7252170e0eda5c0b
B07MSKYL6H,category_7252170e0eda5c0b
B07MSS3BYH,category_7252170e0eda5c0b
B07MT2D86K,category_7252170e0eda5c0b
B07MT4SMT3,category_7252170e0eda5c0b
B07MT7NZZB,category_7252170e0eda5c0b
B07MT7RMC4,category_7252170e0eda5c0b
B07MTB1X8G,category_7252170e0eda5c0b
B07MTDH6M8,category_7252170e0eda5c0b
B07MTG74ZR,category_7252170e0eda5c0b
B07MTHQGYX,category_7252170e0eda5c0b
B07MTJZV88,category_7252170e0eda5c0b
B07MTK9CD3,category_7252170e0eda5c0b
B07MTPBFCJ,category_7252170e0eda5c0b
B07MTTG6QF,category_7252170e0eda5c0b
B07MTTHQQC,category_7252170e0eda5c0b
B07MTTRDFQ,category_7252170e0eda5c0b
B07MTVL79M,category_7252170e0eda5c0b
B07MTVQH9K,category_7252170e0eda5c0b
B07MTYQZRR,category_7252170e0eda5c0b
B07MTYXRT9,category_7252170e0eda5c0b
B07MV3BMHG,category_7252170e0eda5c0b
B07MV4X6X5,category_7252170e0eda5c0b
B07MV4YDWJ,category_7252170e0eda5c0b
B07MV59LJM,category_7252170e0eda5c0b
B07MV6H9J1,category_7252170e0eda5c0b
B07MVCMJ2L,category_7252170e0eda5c0b
B07MVKTQ53,category_7252170e0eda5c0b
B07MVTT8LB,category_7252170e0eda5c0b
B07MVVWPP4,category_7252170e0eda5c0b
B07MVXJCLR,category_7252170e0eda5c0b
B07MW1TBSN,category_7252170e0eda5c0b
B07MW3JNG8,category_7252170e0eda5c0b
B07MW3Y46Z,category_7252170e0eda5c0b
B07MWFSW38,category_7252170e0eda5c0b
B07MX4VCYD,category_7252170e0eda5c0b
B07MX8YSQH,category_7252170e0eda5c0b
B07MXB97J6,category_7252170e0eda5c0b
B07MXH4SSZ,category_7252170e0eda5c0b
B07MXHQJMB,category_7252170e0eda5c0b
B07MXPZQ14,category_7252170e0eda5c0b
B07MXTKG7W,category_7252170e0eda5c0b
B07MXWBY4M,category_7252170e0eda5c0b
B07MXXKGKN,category_7252170e0eda5c0b
B07MY9QBLL,category_7252170e0eda5c0b
B07MYGZP8T,category_7252170e0eda5c0b
B07MYJW4SR,category_7252170e0eda5c0b
B07MYKM23V,category_7252170e0eda5c0b
B07MYPNS83,category_7252170e0eda5c0b
B07MYPR8J9,category_7252170e0eda5c0b
B07MYS3JN7,category_7252170e0eda5c0b
B07MYWQ8L9,category_7252170e0eda5c0b
B07MYY3J4L,category_7252170e0eda5c0b
B07MZ2WQ69,category_7252170e0eda5c0b
B07MZ5N7X7,category_7252170e0eda5c0b
B07MZC7MFV,category_7252170e0eda5c0b
B07MZN7LZN,category_7252170e0eda5c0b
B07MZTVNX7,category_7252170e0eda5c0b
B07N12YD7F,category_7252170e0eda5c0b
B07N133RCG,category_7252170e0eda5c0b
B07N15C6ZP,category_7252170e0eda5c0b
B07N17DBDP,category_7252170e0eda5c0b
B07N183T45,category_7252170e0eda5c0b
B07N18TZWK,category_7252170e0eda5c0b
B07N1BZ93Y,category_7252170e0eda5c0b
B07N1C4SF7,category_7252170e0eda5c0b
B07N1F5QCL,category_7252170e0eda5c0b
B07N1GBQ9M,category_7252170e0eda5c0b
B07N1GD31X,category_7252170e0eda5c0b
B07N1J736K,category_7252170e0eda5c0b
B07N1JB242,category_7252170e0eda5c0b
B07N1JJ5DZ,category_7252170e0eda5c0b
B07N1R7N2W,category_7252170e0eda5c0b
B07N1VKWFZ,category_7252170e0eda5c0b
B07N1YRG4R,category_7252170e0eda5c0b
B07N1YT3Y3,category_7252170e0eda5c0b
B07N2H3156,category_7252170e0eda5c0b
B07N2LRSZS,category_7252170e0eda5c0b
B07N2MJ2KR,category_7252170e0eda5c0b
B07N2NGZTV,category_7252170e0eda5c0b
B07N2PW2PT,category_7252170e0eda5c0b
B07N317TFH,category_7252170e0eda5c0b
B07N36NMKJ,category_7252170e0eda5c0b
B07N37HH27,category_7252170e0eda5c0b
B07N3843TG,category_7252170e0eda5c0b
B07N386QFD,category_7252170e0eda5c0b
B07N38K4RW,category_7252170e0eda5c0b
B07N38Z4QD,category_7252170e0eda5c0b
B07N396L37,category_7252170e0eda5c0b
B07N3P1RWL,category_7252170e0eda5c0b
B07N3Q3RXN,category_7252170e0eda5c0b
B07N3S7XVW,category_7252170e0eda5c0b
B07N3V2583,category_7252170e0eda5c0b
B07N428LH3,category_7252170e0eda5c0b
B07N49YQ93,category_7252170e0eda5c0b
B07N4FNXT7,category_7252170e0eda5c0b
B07N4G46JZ,category_7252170e0eda5c0b
B07N4KCVXV,category_7252170e0eda5c0b
B07N4KVZ7F,category_7252170e0eda5c0b
B07N4L482N,category_7252170e0eda5c0b
B07N4PR4N9,category_7252170e0eda5c0b
B07N57TY3C,category_7252170e0eda5c0b
B07N5B5961,category_7252170e0eda5c0b
B07N5J639G,category_7252170e0eda5c0b
B07N5JYVQS,category_7252170e0eda5c0b
B07N63PZSR,category_7252170e0eda5c0b
B07N66683K,category_7252170e0eda5c0b
B07N666J4K,category_7252170e0eda5c0b
B07N67QGDM,category_7252170e0eda5c0b
B07N6BSLZX,category_7252170e0eda5c0b
B07N6GX596,category_7252170e0eda5c0b
B07N6JN34N,category_7252170e0eda5c0b
B07N6LCP6J,category_7252170e0eda5c0b
B07N6N7YRH,category_7252170e0eda5c0b
B07N6RSC4S,category_d6ac68cf358b59e5
B07N6V2QSN,category_d6ac68cf358b59e5
B07N78MRXX,category_7252170e0eda5c0b
B07N7DB68G,category_7252170e0eda5c0b
B07N7FGPQB,category_7252170e0eda5c0b
B07N7HLG4X,category_7252170e0eda5c0b
B07N7K6J6Q,category_7252170e0eda5c0b
B07N7LC69D,category_7252170e0eda5c0b
B07N7LLKHP,category_7252170e0eda5c0b
B07N7SGN6C,category_7252170e0eda5c0b
B07N82H3LK,category_7252170e0eda5c0b
B07N88NDHX,category_7252170e0eda5c0b
B07N8CM3SD,category_7252170e0eda5c0b
B07N8FJQYJ,category_7252170e0eda5c0b
B07N8G187V,category_7252170e0eda5c0b
B07N8G668N,category_7252170e0eda5c0b
B07N8LCY87,category_7252170e0eda5c0b
B07N9715WM,category_7252170e0eda5c0b
B07NBLP4GJ,category_7252170e0eda5c0b
B07NBPBP81,category_7252170e0eda5c0b
B07NBWHZJS,category_7252170e0eda5c0b
B07NBY3L1X,category_7252170e0eda5c0b
B07NBYM57S,category_7252170e0eda5c0b
B07NC3DP7T,category_7252170e0eda5c0b
B07NC4WPNQ,category_7252170e0eda5c0b
B07NC4XC3P,category_7252170e0eda5c0b
B07NCP4WV4,category_7252170e0eda5c0b
B07NCT2NKZ,category_7252170e0eda5c0b
B07ND4NK8G,category_7252170e0eda5c0b
B07ND65Q5F,category_7252170e0eda5c0b
B07NDJ3GQ7,category_7252170e0eda5c0b
B07NDJFR9W,category_7252170e0eda5c0b
B07NDL6NPT,category_7252170e0eda5c0b
B07NDLXGN2,category_7252170e0eda5c0b
B07NDPR8TV,category_7252170e0eda5c0b
B07NDSMD8D,category_7252170e0eda5c0b
B07NDSY5TP,category_7252170e0eda5c0b
B07NDXCXZT,category_7252170e0eda5c0b
B07NGCSZYY,category_7252170e0eda5c0b
B07NGFDN6G,category_7252170e0eda5c0b
B07NGLSSX7,category_7252170e0eda5c0b
B07NGPQQFK,category_7252170e0eda5c0b
B07NGPYTHZ,category_7252170e0eda5c0b
B07NGQ78LK,category_7252170e0eda5c0b
B07NHDDRVD,category_7252170e0eda5c0b
B07NJ574SJ,category_7252170e0eda5c0b
B07NJ736KN,category_7252170e0eda5c0b
B07NJ7VXBM,category_7252170e0eda5c0b
B07NJB9YWW,category_7252170e0eda5c0b
B07NJC78FP,category_7252170e0eda5c0b
B07NJM7PQ2,category_7252170e0eda5c0b
B07NKKF7L1,category_7252170e0eda5c0b
B07NKKRSRW,category_7252170e0eda5c0b
B07NKRGSD4,category_7252170e0eda5c0b
B07NLGMPLR,category_7252170e0eda5c0b
B07NLL6R1K,category_7252170e0eda5c0b
B07NM66B1M,category_7252170e0eda5c0b
B07NMC7WVX,category_7252170e0eda5c0b
B07NMG6ZHQ,category_7252170e0eda5c0b
B07NNNCQT9,category_7252170e0eda5c0b
B07NNPBB3W,category_7252170e0eda5c0b
B07NNV9HQS,category_7252170e0eda5c0b
B07NNXQXJX,category_7252170e0eda5c0b
B07NP44V8W,category_7252170e0eda5c0b
B07NP935W1,category_7252170e0eda5c0b
B07NPH6R9F,category_7252170e0eda5c0b
B07NPLJ42V,category_7252170e0eda5c0b
B07NPLNNR1,category_7252170e0eda5c0b
B07NPPD6Y4,category_7252170e0eda5c0b
B07NPS21L3,category_7252170e0eda5c0b
B07NPTQK2H,category_7252170e0eda5c0b
B07NPWK167,category_7252170e0eda5c0b
B07NPZM1VF,category_7252170e0eda5c0b
B07NQ5L6RD,category_7252170e0eda5c0b
B07NQ5NV63,category_7252170e0eda5c0b
B07NQ6XG1V,category_7252170e0eda5c0b
B07NQ7DWV3,category_7252170e0eda5c0b
B07NQ9P3Y2,category_7252170e0eda5c0b
B07NQBSXYT,category_7252170e0eda5c0b
B07NQCG26W,category_7252170e0eda5c0b
B07NQG4B7Z,category_7252170e0eda5c0b
B07NQJLLNH,category_7252170e0eda5c0b
B07NQMHWT2,category_7252170e0eda5c0b
B07NQPGKJ4,category_7252170e0eda5c0b
B07NQRCR6N,category_7252170e0eda5c0b
B07NR3VFSG,category_7252170e0eda5c0b
B07NRGFZL4,category_7252170e0eda5c0b
B07NRQR1DJ,category_7252170e0eda5c0b
B07NRVKKKV,category_7252170e0eda5c0b
B07NSP6TBW,category_7252170e0eda5c0b
B07NSPHL5V,category_7252170e0eda5c0b
B07NSR3CKR,category_7252170e0eda5c0b
B07NSTJG4Z,category_7252170e0eda5c0b
B07NSTKTQ7,category_7252170e0eda5c0b
B07NSVZD89,category_7252170e0eda5c0b
B07NTBG6HC,category_7252170e0eda5c0b
B07NTTMVTL,category_7252170e0eda5c0b
B07NTYQ8C8,category_7252170e0eda5c0b
B07NV7P27R,category_7252170e0eda5c0b
B07NV89BQM,category_7252170e0eda5c0b
B07NV8CJGG,category_7252170e0eda5c0b
B07NV8QLB3,category_7252170e0eda5c0b
B07NVBFWYS,category_7252170e0eda5c0b
B07NVDSJ9Q,category_7252170e0eda5c0b
B07NVFW87W,category_7252170e0eda5c0b
B07NVH11YY,category_7252170e0eda5c0b
B07NVR4SYY,category_7252170e0eda5c0b
B07NVRD1SS,category_7252170e0eda5c0b
B07NVSKVPM,category_7252170e0eda5c0b
B07NVT9ZWM,category_7252170e0eda5c0b
B07NVW2L62,category_7252170e0eda5c0b
B07NVWC8K3,category_7252170e0eda5c0b
B07NVYRWPM,category_7252170e0eda5c0b
B07NW7NCSX,category_7252170e0eda5c0b
B07NW8CRCX,category_7252170e0eda5c0b
B07NW8F6C4,category_7252170e0eda5c0b
B07NWYWLG7,category_7252170e0eda5c0b
B07NX13WN4,category_7252170e0eda5c0b
B07NX1CG34,category_7252170e0eda5c0b
B07NX1V4KF,category_7252170e0eda5c0b
B07NX293K3,category_7252170e0eda5c0b
B07NXD1BVL,category_7252170e0eda5c0b
B07NXPXLVY,category_7252170e0eda5c0b
B07NXQYVMH,category_7252170e0eda5c0b
B07NXS6YJ3,category_7252170e0eda5c0b
B07NXS7818,category_7252170e0eda5c0b
B07NXVN4ZV,category_7252170e0eda5c0b
B07NXW5397,category_7252170e0eda5c0b
B07NXZS42X,category_7252170e0eda5c0b
B07NY1NBQ3,category_7252170e0eda5c0b
B07NY1XQ12,category_7252170e0eda5c0b
B07NY2416W,category_7252170e0eda5c0b
B07NY3V22Y,category_7252170e0eda5c0b
B07NY3V9KG,category_7252170e0eda5c0b
B07NY3VG7F,category_7252170e0eda5c0b
B07NY5WNWW,category_7252170e0eda5c0b
B07NY6619X,category_7252170e0eda5c0b
B07NY6LS9C,category_7252170e0eda5c0b
B07NY6PB5T,category_7252170e0eda5c0b
B07NY6PLTJ,category_7252170e0eda5c0b
B07NY9YVZ1,category_7252170e0eda5c0b
B07NYBL47G,category_7252170e0eda5c0b
B07NYS5DNQ,category_7252170e0eda5c0b
B07NYXH11C,category_7252170e0eda5c0b
B07NYYSWPF,category_7252170e0eda5c0b
B07NZ2L89Y,category_7252170e0eda5c0b
B07NZ2LG26,category_7252170e0eda5c0b
B07NZ8PWWD,category_7252170e0eda5c0b
B07NZJRP4T,category_7252170e0eda5c0b
B07NZJVGJP,category_7252170e0eda5c0b
B07NZQ6XQX,category_7252170e0eda5c0b
B07NZVZ6G2,category_7252170e0eda5c0b
B07P131GF6,category_7252170e0eda5c0b
B07P13NB9M,category_7252170e0eda5c0b
B07P1583X4,category_7252170e0eda5c0b
B07P15BQ8K,category_7252170e0eda5c0b
B07P15J84Y,category_7252170e0eda5c0b
B07P15X9CD,category_7252170e0eda5c0b
B07P195L78,category_7252170e0eda5c0b
B07P19BBPS,category_7252170e0eda5c0b
B07P1DYJFX,category_7252170e0eda5c0b
B07P1FKZM4,category_7252170e0eda5c0b
B07P1K3K2X,category_7252170e0eda5c0b
B07P1L4319,category_7252170e0eda5c0b
B07P1RRG3L,category_7252170e0eda5c0b
B07P1TL934,category_7252170e0eda5c0b
B07P1WVF4D,category_7252170e0eda5c0b
B07P1XH26Z,category_7252170e0eda5c0b
B07P1YRYY2,category_7252170e0eda5c0b
B07P24H2K6,category_7252170e0eda5c0b
B07P25372S,category_7252170e0eda5c0b
B07P25FF6M,category_7252170e0eda5c0b
B07P25XN36,category_7252170e0eda5c0b
B07P269KRD,category_7252170e0eda5c0b
B07P26PZ7L,category_7252170e0eda5c0b
B07P2JN97X,category_7252170e0eda5c0b
B07P2MWWJB,category_7252170e0eda5c0b
B07P2X6F6L,category_7252170e0eda5c0b
B07P2Y63L5,category_7252170e0eda5c0b
B07P31S3DV,category_7252170e0eda5c0b
B07P37T41R,category_7252170e0eda5c0b
B07P38YTVL,category_7252170e0eda5c0b
B07P39JJWR,category_7252170e0eda5c0b
B07P3H39YQ,category_7252170e0eda5c0b
B07P41X3QL,category_7252170e0eda5c0b
B07P4CKNDS,category_7252170e0eda5c0b
B07P4LLZS6,category_7252170e0eda5c0b
B07P56BYX8,category_7252170e0eda5c0b
B07P56XY7V,category_7252170e0eda5c0b
B07P5BQ8HZ,category_7252170e0eda5c0b
B07P5FZ414,category_7252170e0eda5c0b
B07P5Q9LCB,category_7252170e0eda5c0b
B07P5QJFQ9,category_7252170e0eda5c0b
B07P62HQ2N,category_7252170e0eda5c0b
B07P6467M3,category_7252170e0eda5c0b
B07P68V69Z,category_7252170e0eda5c0b
B07P6DT1KV,category_7252170e0eda5c0b
B07P6HTW2V,category_7252170e0eda5c0b
B07P6LPN8T,category_7252170e0eda5c0b
B07P6PB69X,category_7252170e0eda5c0b
B07P6RGTHL,category_7252170e0eda5c0b
B07P6T3HYW,category_7252170e0eda5c0b
B07P6VJ982,category_7252170e0eda5c0b
B07P6WYBRK,category_7252170e0eda5c0b
B07P6ZZYNC,category_7252170e0eda5c0b
B07P72SMRH,category_7252170e0eda5c0b
B07P74SQT4,category_7252170e0eda5c0b
B07P76WJZY,category_7252170e0eda5c0b
B07P77XP44,category_7252170e0eda5c0b
B07P7FFHGY,category_7252170e0eda5c0b
B07P7G1C19,category_7252170e0eda5c0b
B07P7JHBVD,category_7252170e0eda5c0b
B07P7QJ1VY,category_7252170e0eda5c0b
B07P7QZHQ7,category_7252170e0eda5c0b
B07P7SQNKF,category_7252170e0eda5c0b
B07P7TZSFS,category_7252170e0eda5c0b
B07P7ZH9J1,category_7252170e0eda5c0b
B07P848H4M,category_7252170e0eda5c0b
B07P86T77H,category_7252170e0eda5c0b
B07P8JVCP9,category_7252170e0eda5c0b
B07P8KQSFK,category_7252170e0eda5c0b
B07P8N3FX9,category_7252170e0eda5c0b
B07P8PF1H4,category_7252170e0eda5c0b
B07P8QF4JN,category_7252170e0eda5c0b
B07P8VNG17,category_7252170e0eda5c0b
B07P8Y7BZB,category_7252170e0eda5c0b
B07P95RFCS,category_7252170e0eda5c0b
B07P99C1XX,category_7252170e0eda5c0b
B07P9FR45R,category_7252170e0eda5c0b
B07P9HKNCD,category_7252170e0eda5c0b
B07P9SF5V1,category_7252170e0eda5c0b
B07P9Z436W,category_7252170e0eda5c0b
B07PB3391H,category_7252170e0eda5c0b
B07PB8QHNF,category_7252170e0eda5c0b
B07PB8SK4G,category_7252170e0eda5c0b
B07PBLFR6Q,category_7252170e0eda5c0b
B07PBMDWBS,category_7252170e0eda5c0b
B07PBXN62J,category_7252170e0eda5c0b
B07PBYQSL1,category_7252170e0eda5c0b
B07PBYYL85,category_7252170e0eda5c0b
B07PBZNXM9,category_7252170e0eda5c0b
B07PC2CNK7,category_7252170e0eda5c0b
B07PCGSFGQ,category_7252170e0eda5c0b
B07PCQ916W,category_7252170e0eda5c0b
B07PCTDJPM,category_7252170e0eda5c0b
B07PD29HFQ,category_7252170e0eda5c0b
B07PDC42DD,category_7252170e0eda5c0b
B07PDNSLN1,category_7252170e0eda5c0b
B07PDTBJ3C,category_7252170e0eda5c0b
B07PF35LNH,category_7252170e0eda5c0b
B07PF3B3M4,category_7252170e0eda5c0b
B07PF93Y15,category_7252170e0eda5c0b
B07PFDJNLV,category_7252170e0eda5c0b
B07PFH92HN,category_7252170e0eda5c0b
B07PFJCF7S,category_7252170e0eda5c0b
B07PFJNVSY,category_7252170e0eda5c0b
B07PFP4WLL,category_7252170e0eda5c0b
B07PG2GF8D,category_7252170e0eda5c0b
B07PG5Q3WM,category_7252170e0eda5c0b
B07PG6WKWL,category_7252170e0eda5c0b
B07PG75KP5,category_7252170e0eda5c0b
B07PG81JZD,category_7252170e0eda5c0b
B07PG84Q36,category_7252170e0eda5c0b
B07PGDYPCD,category_7252170e0eda5c0b
B07PGFK63S,category_7252170e0eda5c0b
B07PGLQ6P2,category_7252170e0eda5c0b
B07PGM92LX,category_7252170e0eda5c0b
B07PGMCBGY,category_7252170e0eda5c0b
B07PGNMJ8C,category_7252170e0eda5c0b
B07PGP9Z3H,category_7252170e0eda5c0b
B07PGVTD65,category_7252170e0eda5c0b
B07PH16FSX,category_7252170e0eda5c0b
B07PH2KQ1F,category_7252170e0eda5c0b
B07PH6PVVP,category_7252170e0eda5c0b
B07PH7RN2X,category_7252170e0eda5c0b
B07PH8NHZN,category_7252170e0eda5c0b
B07PHC19TL,category_7252170e0eda5c0b
B07PHCDSQW,category_7252170e0eda5c0b
B07PHCHM6C,category_7252170e0eda5c0b
B07PHDPH64,category_7252170e0eda5c0b
B07PHGQDWX,category_7252170e0eda5c0b
B07PHJQ1TK,category_7252170e0eda5c0b
B07PHN6G34,category_7252170e0eda5c0b
B07PHNCYW8,category_7252170e0eda5c0b
B07PHQPFCT,category_7252170e0eda5c0b
B07PHR5FVV,category_7252170e0eda5c0b
B07PHSGN7X,category_7252170e0eda5c0b
B07PHY2TJT,category_7252170e0eda5c0b
B07PJ1Y85F,category_7252170e0eda5c0b
B07PJ7B61P,category_7252170e0eda5c0b
B07PJ7BKB4,category_7252170e0eda5c0b
B07PJFXQYL,category_7252170e0eda5c0b
B07PJG2PKZ,category_7252170e0eda5c0b
B07PJKS5M5,category_7252170e0eda5c0b
B07PJPKDT1,category_7252170e0eda5c0b
B07PJTDVX4,category_7252170e0eda5c0b
B07PK2BZKL,category_7252170e0eda5c0b
B07PK3PT1F,category_7252170e0eda5c0b
B07PK8SDNV,category_7252170e0eda5c0b
B07PKKMHWV,category_7252170e0eda5c0b
B07PKMMRKS,category_7252170e0eda5c0b
B07PL7NZNG,category_7252170e0eda5c0b
B07PLBSYVD,category_7252170e0eda5c0b
B07PLC139W,category_7252170e0eda5c0b
B07PLD383X,category_7252170e0eda5c0b
B07PLFYBML,category_7252170e0eda5c0b
B07PLHQJRL,category_7252170e0eda5c0b
B07PLP513J,category_7252170e0eda5c0b
B07PLWPWHM,category_7252170e0eda5c0b
B07PM2Y5T9,category_7252170e0eda5c0b
B07PM5F8J5,category_7252170e0eda5c0b
B07PM7LZPF,category_7252170e0eda5c0b
B07PM92X22,category_7252170e0eda5c0b
B07PMG864Z,category_7252170e0eda5c0b
B07PML32QW,category_7252170e0eda5c0b
B07PMP56SH,category_7252170e0eda5c0b
B07PMS2W1X,category_7252170e0eda5c0b
B07PMS7GBJ,category_7252170e0eda5c0b
B07PMTRBHX,category_7252170e0eda5c0b
B07PMXSLDB,category_7252170e0eda5c0b
B07PNCS1T1,category_7252170e0eda5c0b
B07PNJJRJR,category_7252170e0eda5c0b
B07PNLZH21,category_7252170e0eda5c0b
B07PNNN9PV,category_7252170e0eda5c0b
B07PNR6HVJ,category_7252170e0eda5c0b
B07PNRNKVT,category_7252170e0eda5c0b
B07PP3HPQB,category_7252170e0eda5c0b
B07PP3L652,category_7252170e0eda5c0b
B07PP5SY9P,category_7252170e0eda5c0b
B07PP96V9F,category_7252170e0eda5c0b
B07PPKRGXR,category_7252170e0eda5c0b
B07PPLRNDL,category_7252170e0eda5c0b
B07PPLWT1N,category_7252170e0eda5c0b
B07PPQKXP1,category_7252170e0eda5c0b
B07PPV5JFW,category_7252170e0eda5c0b
B07PQ6CP81,category_7252170e0eda5c0b
B07PQ9YFTZ,category_7252170e0eda5c0b
B07PQD58G4,category_7252170e0eda5c0b
B07PQGBFKY,category_7252170e0eda5c0b
B07PQKHLDQ,category_7252170e0eda5c0b
B07PQKMS73,category_7252170e0eda5c0b
B07PQTNHYP,category_7252170e0eda5c0b
B07PQW45FS,category_7252170e0eda5c0b
B07PQX1S3C,category_7252170e0eda5c0b
B07PQY1ZFP,category_7252170e0eda5c0b
B07PQYK2M4,category_7252170e0eda5c0b
B07PR3Y5SS,category_7252170e0eda5c0b
B07PR6728H,category_7252170e0eda5c0b
B07PR77ZBS,category_7252170e0eda5c0b
B07PR83XKY,category_7252170e0eda5c0b
B07PRF17R1,category_7252170e0eda5c0b
B07PRJMDMV,category_7252170e0eda5c0b
B07PRKKHRX,category_7252170e0eda5c0b
B07PRXND8G,category_7252170e0eda5c0b
B07PS1GXG8,category_7252170e0eda5c0b
B07PS2K763,category_7252170e0eda5c0b
B07PS2RP4H,category_7252170e0eda5c0b
B07PS5MZMB,category_7252170e0eda5c0b
B07PSJRRYS,category_7252170e0eda5c0b
B07PT76MWX,category_7252170e0eda5c0b
B07PT84RFM,category_7252170e0eda5c0b
B07PT99GWY,category_7252170e0eda5c0b
B07PTQHSQS,category_d6ac68cf358b59e5
B07PTRPMRT,category_7252170e0eda5c0b
B07PTY8YDH,category_7252170e0eda5c0b
B07PV3R2Y4,category_7252170e0eda5c0b
B07PV66W81,category_7252170e0eda5c0b
B07PV6WLYB,category_7252170e0eda5c0b
B07PVB71P6,category_7252170e0eda5c0b
B07PVF8XMR,category_7252170e0eda5c0b
B07PVGK338,category_7252170e0eda5c0b
B07PVH25MT,category_7252170e0eda5c0b
B07PVM3ZL7,category_7252170e0eda5c0b
B07PVMQFQB,category_7252170e0eda5c0b
B07PVPJGKF,category_7252170e0eda5c0b
B07PVQ2NFF,category_7252170e0eda5c0b
B07PVQT84S,category_7252170e0eda5c0b
B07PVW8TMS,category_7252170e0eda5c0b
B07PW1BVY8,category_7252170e0eda5c0b
B07PW3YJ69,category_7252170e0eda5c0b
B07PWBQMS4,category_7252170e0eda5c0b
B07PWD5G9X,category_7252170e0eda5c0b
B07PWJQXCB,category_7252170e0eda5c0b
B07PWW6WJ7,category_7252170e0eda5c0b
B07PWZKYCZ,category_7252170e0eda5c0b
B07PX9GHHB,category_7252170e0eda5c0b
B07PXFRS76,category_7252170e0eda5c0b
B07PXGRHV7,category_7252170e0eda5c0b
B07PXJ5HP6,category_7252170e0eda5c0b
B07PXM1KPF,category_7252170e0eda5c0b
B07PXSQPYP,category_7252170e0eda5c0b
B07PY68P5J,category_7252170e0eda5c0b
B07PY6KYSL,category_7252170e0eda5c0b
B07PYDRX18,category_7252170e0eda5c0b
B07PYFGRPS,category_7252170e0eda5c0b
B07PYKGQW3,category_7252170e0eda5c0b
B07PYNT7Q1,category_7252170e0eda5c0b
B07PYP1MTW,category_7252170e0eda5c0b
B07PYQMFN6,category_7252170e0eda5c0b
B07PYQX521,category_7252170e0eda5c0b
B07PYX4NZT,category_7252170e0eda5c0b
B07PZ7HK14,category_7252170e0eda5c0b
B07PZ9T867,category_7252170e0eda5c0b
B07PZF9LV7,category_7252170e0eda5c0b
B07PZJDX62,category_7252170e0eda5c0b
B07PZJS7X2,category_7252170e0eda5c0b
B07PZSX8QJ,category_7252170e0eda5c0b
B07PZYLD32,category_7252170e0eda5c0b
B07Q15G73M,category_7252170e0eda5c0b
B07Q1KK7FH,category_7252170e0eda5c0b
B07Q1NFLTL,category_7252170e0eda5c0b
B07Q1W4Q4Q,category_7252170e0eda5c0b
B07Q1XCX5F,category_7252170e0eda5c0b
B07Q1ZQM86,category_7252170e0eda5c0b
B07Q216S59,category_7252170e0eda5c0b
B07Q249M2F,category_7252170e0eda5c0b
B07Q257KP4,category_7252170e0eda5c0b
B07Q25VDSD,category_7252170e0eda5c0b
B07Q27YLJ7,category_7252170e0eda5c0b
B07Q2G3FSY,category_7252170e0eda5c0b
B07Q2G8WBV,category_7252170e0eda5c0b
B07Q2J5NYX,category_7252170e0eda5c0b
B07Q2PK2Q3,category_7252170e0eda5c0b
B07Q2TTDHZ,category_7252170e0eda5c0b
B07Q2VDHZM,category_7252170e0eda5c0b
B07Q2VF6GX,category_7252170e0eda5c0b
B07Q33TK21,category_7252170e0eda5c0b
B07Q36DG3K,category_7252170e0eda5c0b
B07Q39QNV9,category_7252170e0eda5c0b
B07Q3LRQPC,category_7252170e0eda5c0b
B07Q3NJZ5K,category_7252170e0eda5c0b
B07Q3Q4YCC,category_7252170e0eda5c0b
B07Q3TV77S,category_7252170e0eda5c0b
B07Q3XHQ89,category_7252170e0eda5c0b
B07Q4BKCDG,category_7252170e0eda5c0b
B07Q4K4G7M,category_7252170e0eda5c0b
B07Q4VWYK8,category_7252170e0eda5c0b
B07Q4YCBWD,category_7252170e0eda5c0b
B07Q51G7MQ,category_7252170e0eda5c0b
B07Q5CBFB2,category_7252170e0eda5c0b
B07Q656QTZ,category_7252170e0eda5c0b
B07Q69KHDK,category_7252170e0eda5c0b
B07Q6HYVZQ,category_7252170e0eda5c0b
B07Q6WC4XN,category_7252170e0eda5c0b
B07Q6Y3V1Y,category_d6ac68cf358b59e5
B07Q71PFS2,category_7252170e0eda5c0b
B07Q7GXWRL,category_7252170e0eda5c0b
B07Q7MPRD6,category_7252170e0eda5c0b
B07Q7MT81N,category_7252170e0eda5c0b
B07Q7P6HJP,category_7252170e0eda5c0b
B07Q7PSNV8,category_7252170e0eda5c0b
B07Q7QCR5Q,category_7252170e0eda5c0b
B07Q7R184Z,category_7252170e0eda5c0b
B07Q7WXG19,category_7252170e0eda5c0b
B07Q7ZGCT3,category_7252170e0eda5c0b
B07Q81H1C7,category_7252170e0eda5c0b
B07Q86595M,category_7252170e0eda5c0b
B07Q8F6HVV,category_7252170e0eda5c0b
B07Q8YRNCB,category_7252170e0eda5c0b
B07Q98YCC4,category_7252170e0eda5c0b
B07Q9HSC6Z,category_7252170e0eda5c0b
B07QB6WYZ1,category_7252170e0eda5c0b
B07QB7J1HT,category_7252170e0eda5c0b
B07QB96HW1,category_7252170e0eda5c0b
B07QBK9NJR,category_7252170e0eda5c0b
B07QBMR3PF,category_7252170e0eda5c0b
B07QBP1ZVV,category_7252170e0eda5c0b
B07QBQSFVZ,category_7252170e0eda5c0b
B07QBXSYWT,category_7252170e0eda5c0b
B07QBXWHDC,category_7252170e0eda5c0b
B07QC21M6S,category_7252170e0eda5c0b
B07QC72QSM,category_7252170e0eda5c0b
B07QC9811V,category_7252170e0eda5c0b
B07QCRKVH1,category_7252170e0eda5c0b
B07QD36GMP,category_7252170e0eda5c0b
B07QD4NS2H,category_7252170e0eda5c0b
B07QD5Q3LP,category_7252170e0eda5c0b
B07QDGGN8J,category_7252170e0eda5c0b
B07QDK7V8R,category_7252170e0eda5c0b
B07QDLX9TF,category_7252170e0eda5c0b
B07QDYQBC6,category_7252170e0eda5c0b
B07QF1TCLJ,category_7252170e0eda5c0b
B07QF3J61F,category_7252170e0eda5c0b
B07QF63H2M,category_7252170e0eda5c0b
B07QFC7CPX,category_7252170e0eda5c0b
B07QFC8J7S,category_7252170e0eda5c0b
B07QFDMBL9,category_7252170e0eda5c0b
B07QFJN2H6,category_7252170e0eda5c0b
B07QFS4T4H,category_7252170e0eda5c0b
B07QFT2R84,category_7252170e0eda5c0b
B07QFTTBP2,category_7252170e0eda5c0b
B07QG3TM23,category_7252170e0eda5c0b
B07QG494L5,category_7252170e0eda5c0b
B07QG5QZPG,category_7252170e0eda5c0b
B07QG9NDJ9,category_7252170e0eda5c0b
B07QGF3KWL,category_7252170e0eda5c0b
B07QGKK12K,category_7252170e0eda5c0b
B07QGRX75W,category_7252170e0eda5c0b
B07QH5QYLG,category_7252170e0eda5c0b
B07QHHFVQ3,category_7252170e0eda5c0b
B07QHPDH8S,category_7252170e0eda5c0b
B07QHRS7JC,category_7252170e0eda5c0b
B07QHSPHCV,category_7252170e0eda5c0b
B07QJ4KVJZ,category_7252170e0eda5c0b
B07QJFVNF7,category_7252170e0eda5c0b
B07QJYWMM4,category_7252170e0eda5c0b
B07QK618FC,category_7252170e0eda5c0b
B07QKD5HG4,category_7252170e0eda5c0b
B07QKGZWXP,category_7252170e0eda5c0b
B07QKHSGVW,category_7252170e0eda5c0b
B07QKMDRTG,category_7252170e0eda5c0b
B07QKV7VB7,category_7252170e0eda5c0b
B07QKVQV1Y,category_7252170e0eda5c0b
B07QKYM8LR,category_7252170e0eda5c0b
B07QKYX7QS,category_7252170e0eda5c0b
B07QL3KY5H,category_7252170e0eda5c0b
B07QL6BTST,category_7252170e0eda5c0b
B07QL8B4TQ,category_7252170e0eda5c0b
B07QLDG9FL,category_7252170e0eda5c0b
B07QLW14RP,category_7252170e0eda5c0b
B07QM5JHTQ,category_7252170e0eda5c0b
B07QM7WDNY,category_7252170e0eda5c0b
B07QM85V3Z,category_7252170e0eda5c0b
B07QMBMVQ7,category_7252170e0eda5c0b
B07QMCGTSS,category_7252170e0eda5c0b
B07QMCHCVF,category_7252170e0eda5c0b
B07QMCXT39,category_7252170e0eda5c0b
B07QMGXM6H,category_7252170e0eda5c0b
B07QMK2863,category_7252170e0eda5c0b
B07QMKBPKN,category_7252170e0eda5c0b
B07QMSJRX4,category_7252170e0eda5c0b
B07QMWGMCX,category_7252170e0eda5c0b
B07QMXMR6G,category_7252170e0eda5c0b
B07QMYNMBR,category_7252170e0eda5c0b
B07QMZB996,category_7252170e0eda5c0b
B07QN6VJZD,category_7252170e0eda5c0b
B07QN97MKJ,category_7252170e0eda5c0b
B07QNG585V,category_7252170e0eda5c0b
B07QNGTSYY,category_7252170e0eda5c0b
B07QNH7JTJ,category_7252170e0eda5c0b
B07QNHS3ZQ,category_7252170e0eda5c0b
B07QNJ3BGH,category_7252170e0eda5c0b
B07QNJQZRY,category_7252170e0eda5c0b
B07QNSGKCB,category_7252170e0eda5c0b
B07QNSS9XK,category_7252170e0eda5c0b
B07QNVPPH3,category_7252170e0eda5c0b
B07QNXT75B,category_7252170e0eda5c0b
B07QP7YTFN,category_7252170e0eda5c0b
B07QP9B6JL,category_7252170e0eda5c0b
B07QPG3RWG,category_7252170e0eda5c0b
B07QPLQY7V,category_7252170e0eda5c0b
B07QPPVVWL,category_7252170e0eda5c0b
B07QPS6DZT,category_7252170e0eda5c0b
B07QPW6QJM,category_7252170e0eda5c0b
B07QPW8BFW,category_7252170e0eda5c0b
B07QPY3MS3,category_7252170e0eda5c0b
B07QPYV57N,category_7252170e0eda5c0b
B07QPYYV11,category_7252170e0eda5c0b
B07QQ3FY1Q,category_7252170e0eda5c0b
B07QQ9D61Q,category_7252170e0eda5c0b
B07QQHPMCZ,category_7252170e0eda5c0b
B07QQNQVRV,category_7252170e0eda5c0b
B07QQRNQCX,category_7252170e0eda5c0b
B07QQVG77M,category_7252170e0eda5c0b
B07QR1Q2ZV,category_7252170e0eda5c0b
B07QR4ZVRD,category_7252170e0eda5c0b
B07QR83GPT,category_7252170e0eda5c0b
B07QR98ZB8,category_7252170e0eda5c0b
B07QRQ4KCV,category_7252170e0eda5c0b
B07QRQVXRD,category_7252170e0eda5c0b
B07QRR7JL2,category_7252170e0eda5c0b
B07QRX2R59,category_7252170e0eda5c0b
B07QRXDD3S,category_7252170e0eda5c0b
B07QS1Y8Y2,category_7252170e0eda5c0b
B07QS4BG2B,category_7252170e0eda5c0b
B07QS5PH4T,category_7252170e0eda5c0b
B07QS8JQTJ,category_7252170e0eda5c0b
B07QSBTFDD,category_7252170e0eda5c0b
B07QSCT4YB,category_7252170e0eda5c0b
B07QSQ4TL6,category_7252170e0eda5c0b
B07QT795F3,category_7252170e0eda5c0b
B07QT8RRZ7,category_7252170e0eda5c0b
B07QT9VNZ3,category_7252170e0eda5c0b
B07QTB2FMW,category_7252170e0eda5c0b
B07QTHXN1D,category_7252170e0eda5c0b
B07QTJ3F61,category_7252170e0eda5c0b
B07QTPVVNM,category_7252170e0eda5c0b
B07QTYVMVX,category_7252170e0eda5c0b
B07QTZHJJT,category_7252170e0eda5c0b
B07QV1BW1D,category_7252170e0eda5c0b
B07QV5FTNL,category_7252170e0eda5c0b
B07QV67KBC,category_7252170e0eda5c0b
B07QVH35SK,category_7252170e0eda5c0b
B07QVH7ZKQ,category_7252170e0eda5c0b
B07QVNRQ3K,category_7252170e0eda5c0b
B07QVNSJF7,category_7252170e0eda5c0b
B07QVQHCP4,category_7252170e0eda5c0b
B07QVWRV98,category_7252170e0eda5c0b
B07QVX41R9,category_7252170e0eda5c0b
B07QW4NJZ8,category_7252170e0eda5c0b
B07QW8FHGF,category_7252170e0eda5c0b
B07QWBJFGY,category_7252170e0eda5c0b
B07QWBWKVW,category_7252170e0eda5c0b
B07QWD6YLV,category_7252170e0eda5c0b
B07QWD851P,category_7252170e0eda5c0b
B07QWFT57T,category_7252170e0eda5c0b
B07QWK1714,category_7252170e0eda5c0b
B07QWM5DTG,category_7252170e0eda5c0b
B07QWNVLMB,category_7252170e0eda5c0b
B07QWP2NMR,category_7252170e0eda5c0b
B07QWPYV1N,category_7252170e0eda5c0b
B07QWQTQJ1,category_7252170e0eda5c0b
B07QWR1V1L,category_7252170e0eda5c0b
B07QWRBRZC,category_7252170e0eda5c0b
B07QWW8M5R,category_7252170e0eda5c0b
B07QX12JWH,category_7252170e0eda5c0b
B07QX72R91,category_7252170e0eda5c0b
B07QX8L3J4,category_7252170e0eda5c0b
B07QX8RYBN,category_7252170e0eda5c0b
B07QXDPCTK,category_7252170e0eda5c0b
B07QXH1YP6,category_7252170e0eda5c0b
B07QXJVGZG,category_7252170e0eda5c0b
B07QXNH4F2,category_7252170e0eda5c0b
B07QXP4WDK,category_7252170e0eda5c0b
B07QXR32KR,category_7252170e0eda5c0b
B07QXRHY92,category_7252170e0eda5c0b
B07QXZ2Z5N,category_7252170e0eda5c0b
B07QXZ51PN,category_7252170e0eda5c0b
B07QY116H7,category_7252170e0eda5c0b
B07QY8V5XT,category_7252170e0eda5c0b
B07QY9NHLC,category_7252170e0eda5c0b
B07QYD1J5C,category_7252170e0eda5c0b
B07QYM8CJ1,category_7252170e0eda5c0b
B07QYR6G8V,category_7252170e0eda5c0b
B07QYR99MB,category_7252170e0eda5c0b
B07QYVWDMN,category_7252170e0eda5c0b
B07QZ1JRZN,category_7252170e0eda5c0b
B07QZ3WZ48,category_7252170e0eda5c0b
B07QZBL9BX,category_7252170e0eda5c0b
B07QZD6MKD,category_7252170e0eda5c0b
B07QZG2PG9,category_7252170e0eda5c0b
B07QZR9TTY,category_7252170e0eda5c0b
B07R12ZK6Y,category_7252170e0eda5c0b
B07R13ZSV5,category_7252170e0eda5c0b
B07R151NNF,category_7252170e0eda5c0b
B07R1J65C2,category_7252170e0eda5c0b
B07R1J7HWS,category_7252170e0eda5c0b
B07R1K1SBD,category_7252170e0eda5c0b
B07R1N3H8K,category_7252170e0eda5c0b
B07R286SRM,category_7252170e0eda5c0b
B07R288M6V,category_7252170e0eda5c0b
B07R2DN9BB,category_7252170e0eda5c0b
B07R39TZRM,category_7252170e0eda5c0b
B07R3BZG9R,category_7252170e0eda5c0b
B07R3CL8PV,category_7252170e0eda5c0b
B07R3D849Z,category_7252170e0eda5c0b
B07R3JLXZ3,category_7252170e0eda5c0b
B07R3JN41P,category_7252170e0eda5c0b
B07R3QRZ1S,category_7252170e0eda5c0b
B07R3R2N5W,category_7252170e0eda5c0b
B07R3T3VVR,category_7252170e0eda5c0b
B07R3WGMLL,category_7252170e0eda5c0b
B07R41MMVQ,category_7252170e0eda5c0b
B07R43THC2,category_7252170e0eda5c0b
B07R4825XJ,category_7252170e0eda5c0b
B07R4DWNJ1,category_7252170e0eda5c0b
B07R4KT9YP,category_7252170e0eda5c0b
B07R4MNRBC,category_7252170e0eda5c0b
B07R4PZV7Q,category_7252170e0eda5c0b
B07R4SMTHC,category_7252170e0eda5c0b
B07R56JV2T,category_7252170e0eda5c0b
B07R593K9T,category_7252170e0eda5c0b
B07R5S9WGC,category_7252170e0eda5c0b
B07R5VYHRV,category_7252170e0eda5c0b
B07R5YK4QV,category_7252170e0eda5c0b
B07R65FBPH,category_7252170e0eda5c0b
B07R6DP8ZT,category_7252170e0eda5c0b
B07R6MXJ7B,category_7252170e0eda5c0b
B07R6P4L4G,category_7252170e0eda5c0b
B07R6QB81J,category_7252170e0eda5c0b
B07R6Z9H5B,category_7252170e0eda5c0b
B07R7824HB,category_7252170e0eda5c0b
B07R7MG97R,category_7252170e0eda5c0b
B07R7SK736,category_7252170e0eda5c0b
B07R7YWQKW,category_7252170e0eda5c0b
B07R81MF1N,category_7252170e0eda5c0b
B07R84X36Z,category_7252170e0eda5c0b
B07R86BJSS,category_7252170e0eda5c0b
B07R88MPS2,category_7252170e0eda5c0b
B07R8H9815,category_7252170e0eda5c0b
B07R8PYMHC,category_7252170e0eda5c0b
B07R8S77YV,category_7252170e0eda5c0b
B07R8TGRVK,category_7252170e0eda5c0b
B07R992JH7,category_7252170e0eda5c0b
B07R9RNDV5,category_7252170e0eda5c0b
B07R9SNPHT,category_7252170e0eda5c0b
B07R9V8RWQ,category_7252170e0eda5c0b
B07R9ZSV69,category_7252170e0eda5c0b
B07R9ZTHJR,category_7252170e0eda5c0b
B07RB731BV,category_7252170e0eda5c0b
B07RB78H29,category_7252170e0eda5c0b
B07RBJT142,category_7252170e0eda5c0b
B07RBP4Y75,category_7252170e0eda5c0b
B07RBQJN1F,category_7252170e0eda5c0b
B07RBWP6Y5,category_7252170e0eda5c0b
B07RBYW289,category_7252170e0eda5c0b
B07RC89L39,category_7252170e0eda5c0b
B07RCDWW9Q,category_7252170e0eda5c0b
B07RCGZH2R,category_7252170e0eda5c0b
B07RCYSFYC,category_7252170e0eda5c0b
B07RCZQJP5,category_7252170e0eda5c0b
B07RDG66K3,category_7252170e0eda5c0b
B07RDHSV39,category_7252170e0eda5c0b
B07RDP9RR9,category_7252170e0eda5c0b
B07RFB4YRW,category_7252170e0eda5c0b
B07RFF6RNN,category_7252170e0eda5c0b
B07RFKJZ5M,category_7252170e0eda5c0b
B07RG332M3,category_7252170e0eda5c0b
B07RG62P8H,category_7252170e0eda5c0b
B07RG63DLW,category_7252170e0eda5c0b
B07RG7624Y,category_7252170e0eda5c0b
B07RG9VYF6,category_7252170e0eda5c0b
B07RGB62RX,category_7252170e0eda5c0b
B07RGHMBNN,category_7252170e0eda5c0b
B07RGTK9B4,category_7252170e0eda5c0b
B07RGXDVCV,category_7252170e0eda5c0b
B07RGYFP5C,category_7252170e0eda5c0b
B07RHJ4MXV,category_7252170e0eda5c0b
B07RHMQBFJ,category_7252170e0eda5c0b
B07RHMY19T,category_7252170e0eda5c0b
B07RHRPY8F,category_7252170e0eda5c0b
B07RHS286G,category_7252170e0eda5c0b
B07RHZY5CP,category_7252170e0eda5c0b
B07RJ2XK14,category_7252170e0eda5c0b
B07RJ7VFBG,category_7252170e0eda5c0b
B07RJGX65C,category_7252170e0eda5c0b
B07RJLLF6Q,category_7252170e0eda5c0b
B07RJN9G6T,category_7252170e0eda5c0b
B07RJNJXBJ,category_7252170e0eda5c0b
B07RJT698Y,category_7252170e0eda5c0b
B07RJTXTL6,category_7252170e0eda5c0b
B07RK4S182,category_7252170e0eda5c0b
B07RK77157,category_7252170e0eda5c0b
B07RK7PB14,category_7252170e0eda5c0b
B07RK94D3J,category_7252170e0eda5c0b
B07RKJV8DP,category_7252170e0eda5c0b
B07RKKKT3T,category_7252170e0eda5c0b
B07RKN35L9,category_7252170e0eda5c0b
B07RKNP574,category_7252170e0eda5c0b
B07RKRLF6C,category_7252170e0eda5c0b
B07RKSP89N,category_7252170e0eda5c0b
B07RL43C2H,category_7252170e0eda5c0b
B07RLN4ZCC,category_7252170e0eda5c0b
B07RLQ4LV5,category_7252170e0eda5c0b
B07RLR7RBQ,category_7252170e0eda5c0b
B07RLSLBK2,category_7252170e0eda5c0b
B07RLW353S,category_7252170e0eda5c0b
B07RLYF64X,category_7252170e0eda5c0b
B07RLZTGGK,category_7252170e0eda5c0b
B07RM1C9GK,category_7252170e0eda5c0b
B07RM8YWSC,category_7252170e0eda5c0b
B07RMCP3Q5,category_7252170e0eda5c0b
B07RMH8RNQ,category_7252170e0eda5c0b
B07RMK5J45,category_7252170e0eda5c0b
B07RMV55TD,category_7252170e0eda5c0b
B07RMXZ14Y,category_7252170e0eda5c0b
B07RN1GC6K,category_7252170e0eda5c0b
B07RN6NTT8,category_7252170e0eda5c0b
B07RN7MY65,category_7252170e0eda5c0b
B07RN8TZ8R,category_7252170e0eda5c0b
B07RN8VZ4M,category_7252170e0eda5c0b
B07RN9J69Z,category_7252170e0eda5c0b
B07RNKG6GJ,category_7252170e0eda5c0b
B07RNWQDCV,category_7252170e0eda5c0b
B07RP3SNXV,category_7252170e0eda5c0b
B07RP6Q43W,category_7252170e0eda5c0b
B07RPB2SM9,category_7252170e0eda5c0b
B07RPDHQNN,category_7252170e0eda5c0b
B07RPQS1JJ,category_7252170e0eda5c0b
B07RPRFRP4,category_7252170e0eda5c0b
B07RPY5CP2,category_7252170e0eda5c0b
B07RQ5PVQ1,category_7252170e0eda5c0b
B07RQ7LD6H,category_7252170e0eda5c0b
B07RQ7TH9Z,category_7252170e0eda5c0b
B07RQGQPP5,category_7252170e0eda5c0b
B07RQJHC7N,category_7252170e0eda5c0b
B07RQLV6T9,category_7252170e0eda5c0b
B07RQQFGDT,category_7252170e0eda5c0b
B07RQQWJJC,category_7252170e0eda5c0b
B07RQR2YGT,category_7252170e0eda5c0b
B07RQX5ZJN,category_7252170e0eda5c0b
B07RQYT93N,category_7252170e0eda5c0b
B07RRB7DR4,category_d6ac68cf358b59e5
B07RRDYCZR,category_7252170e0eda5c0b
B07RRNPJNR,category_7252170e0eda5c0b
B07RRR8NMP,category_7252170e0eda5c0b
B07RRS23K1,category_7252170e0eda5c0b
B07RRVNQSV,category_7252170e0eda5c0b
B07RS2YZQQ,category_7252170e0eda5c0b
B07RS3SP79,category_7252170e0eda5c0b
B07RS4K97B,category_7252170e0eda5c0b
B07RS4Y5CS,category_7252170e0eda5c0b
B07RSJXHVW,category_7252170e0eda5c0b
B07RSPLLC2,category_7252170e0eda5c0b
B07RSS8R9T,category_7252170e0eda5c0b
B07RT2DD8V,category_7252170e0eda5c0b
B07RT42LP6,category_7252170e0eda5c0b
B07RT6LHKX,category_7252170e0eda5c0b
B07RT875NZ,category_7252170e0eda5c0b
B07RT8VJ8W,category_7252170e0eda5c0b
B07RT9BS8Y,category_7252170e0eda5c0b
B07RTPH35L,category_7252170e0eda5c0b
B07RTYJ8JN,category_7252170e0eda5c0b
B07RV1BMS7,category_7252170e0eda5c0b
B07RV36JRW,category_7252170e0eda5c0b
B07RV76HH3,category_7252170e0eda5c0b
B07RV86B18,category_7252170e0eda5c0b
B07RV98JFZ,category_7252170e0eda5c0b
B07RVB6WV7,category_7252170e0eda5c0b
B07RW3CRQZ,category_7252170e0eda5c0b
B07RW5R4RQ,category_7252170e0eda5c0b
B07RW78DS8,category_7252170e0eda5c0b
B07RW9NXVV,category_7252170e0eda5c0b
B07RWHRH5S,category_7252170e0eda5c0b
B07RWMY614,category_7252170e0eda5c0b
B07RWNW9GV,category_7252170e0eda5c0b
B07RWPS9MQ,category_7252170e0eda5c0b
B07RWY7GLY,category_7252170e0eda5c0b
B07RX2SX1Z,category_7252170e0eda5c0b
B07RX5C1K3,category_7252170e0eda5c0b
B07RX7FXB8,category_7252170e0eda5c0b
B07RXN9FGP,category_7252170e0eda5c0b
B07RXQQGBG,category_7252170e0eda5c0b
B07RXRN33M,category_7252170e0eda5c0b
B07RXST47T,category_7252170e0eda5c0b
B07RXWG1RD,category_7252170e0eda5c0b
B07RXZ2YBM,category_7252170e0eda5c0b
B07RY5MW2P,category_7252170e0eda5c0b
B07RY6BQVZ,category_7252170e0eda5c0b
B07RY6CS54,category_7252170e0eda5c0b
B07RY84T7X,category_7252170e0eda5c0b
B07RYB359R,category_7252170e0eda5c0b
B07RYFH668,category_7252170e0eda5c0b
B07RYM4J3R,category_7252170e0eda5c0b
B07RYMN8YH,category_7252170e0eda5c0b
B07RYN86RV,category_7252170e0eda5c0b
B07RYNWDDY,category_7252170e0eda5c0b
B07RYSDMZT,category_7252170e0eda5c0b
B07RYW4PJD,category_7252170e0eda5c0b
B07RYWSQDN,category_7252170e0eda5c0b
B07RZ4CGNZ,category_7252170e0eda5c0b
B07RZ4J45Y,category_7252170e0eda5c0b
B07RZ8Z53R,category_7252170e0eda5c0b
B07RZ97HGQ,category_7252170e0eda5c0b
B07RZ9QD39,category_7252170e0eda5c0b
B07RZF7G63,category_7252170e0eda5c0b
B07RZGGFC1,category_7252170e0eda5c0b
B07RZGSMPP,category_7252170e0eda5c0b
B07RZPFSB8,category_7252170e0eda5c0b
B07RZRRM1R,category_7252170e0eda5c0b
B07RZTHJ86,category_7252170e0eda5c0b
B07RZVTZNG,category_7252170e0eda5c0b
B07RZZLB84,category_7252170e0eda5c0b
B07S141T2R,category_7252170e0eda5c0b
B07S18GTXP,category_7252170e0eda5c0b
B07S1BTDCY,category_7252170e0eda5c0b
B07S1BTNB3,category_7252170e0eda5c0b
B07S1CGR7P,category_7252170e0eda5c0b
B07S1CJMS8,category_7252170e0eda5c0b
B07S1D8YQN,category_7252170e0eda5c0b
B07S1F9W97,category_7252170e0eda5c0b
B07S1M2F9G,category_7252170e0eda5c0b
B07S1NDL2X,category_7252170e0eda5c0b
B07S1PP58R,category_7252170e0eda5c0b
B07S1VGKLT,category_7252170e0eda5c0b
B07S1XH21J,category_7252170e0eda5c0b
B07S1ZK345,category_7252170e0eda5c0b
B07S21BZN4,category_7252170e0eda5c0b
B07S2CZ4QB,category_7252170e0eda5c0b
B07S2F6V3B,category_7252170e0eda5c0b
B07S2GJQ9T,category_7252170e0eda5c0b
B07S2HKRVM,category_7252170e0eda5c0b
B07S2J6MS9,category_7252170e0eda5c0b
B07S2KT3DL,category_7252170e0eda5c0b
B07S2XBBCN,category_7252170e0eda5c0b
B07S32LMX9,category_7252170e0eda5c0b
B07S33MCBZ,category_7252170e0eda5c0b
B07S37LFN7,category_7252170e0eda5c0b
B07S38C2XQ,category_7252170e0eda5c0b
B07S3SMF4P,category_7252170e0eda5c0b
B07S3T7CMR,category_7252170e0eda5c0b
B07S3VZQX1,category_7252170e0eda5c0b
B07S3XPSN5,category_7252170e0eda5c0b
B07S4298B7,category_7252170e0eda5c0b
B07S46B1QW,category_7252170e0eda5c0b
B07S46M5B4,category_7252170e0eda5c0b
B07S4GL3WV,category_7252170e0eda5c0b
B07S4MZC35,category_7252170e0eda5c0b
B07S51GK3Z,category_7252170e0eda5c0b
B07S536S6G,category_7252170e0eda5c0b
B07S5CB37Y,category_7252170e0eda5c0b
B07S5H2Q4F,category_7252170e0eda5c0b
B07S5HRR5R,category_7252170e0eda5c0b
B07S5KT452,category_7252170e0eda5c0b
B07S5Q9LLX,category_7252170e0eda5c0b
B07S6N9B3L,category_7252170e0eda5c0b
B07S6QJHVG,category_7252170e0eda5c0b
B07S7DD39G,category_7252170e0eda5c0b
B07S7GVL62,category_7252170e0eda5c0b
B07S7LW4HV,category_7252170e0eda5c0b
B07S7RMVW2,category_7252170e0eda5c0b
B07S7WDT1C,category_7252170e0eda5c0b
B07S81QMCV,category_7252170e0eda5c0b
B07S837WKC,category_7252170e0eda5c0b
B07S83MCHF,category_7252170e0eda5c0b
B07S88XC5S,category_7252170e0eda5c0b
B07S8K2NWT,category_7252170e0eda5c0b
B07S8KQCBC,category_7252170e0eda5c0b
B07S8ZT7J6,category_7252170e0eda5c0b
B07S94FGB7,category_7252170e0eda5c0b
B07S96L7GX,category_7252170e0eda5c0b
B07S9J6K3S,category_7252170e0eda5c0b
B07S9M5JGB,category_7252170e0eda5c0b
B07S9P7HZB,category_7252170e0eda5c0b
B07S9PNPBK,category_7252170e0eda5c0b
B07S9W3PPH,category_7252170e0eda5c0b
B07SB54CJZ,category_7252170e0eda5c0b
B07SBD6WHJ,category_7252170e0eda5c0b
B07SBDRNGD,category_7252170e0eda5c0b
B07SBJJD1K,category_7252170e0eda5c0b
B07SBL59QX,category_7252170e0eda5c0b
B07SBYDTSQ,category_7252170e0eda5c0b
B07SC1MSX2,category_7252170e0eda5c0b
B07SC5KD51,category_7252170e0eda5c0b
B07SC9R26L,category_7252170e0eda5c0b
B07SCKL9Y5,category_7252170e0eda5c0b
B07SCLZPR3,category_7252170e0eda5c0b
B07SCP23GZ,category_7252170e0eda5c0b
B07SCZMFFY,category_7252170e0eda5c0b
B07SD36NTP,category_7252170e0eda5c0b
B07SDBK69Q,category_7252170e0eda5c0b
B07SDBYKCR,category_7252170e0eda5c0b
B07SDGB6HY,category_7252170e0eda5c0b
B07SDSSJ82,category_7252170e0eda5c0b
B07SFH8BM6,category_7252170e0eda5c0b
B07SFLZ92Q,category_7252170e0eda5c0b
B07SFVXNRL,category_7252170e0eda5c0b
B07SFY6CKZ,category_7252170e0eda5c0b
B07SG13JV3,category_7252170e0eda5c0b
B07SG56X97,category_7252170e0eda5c0b
B07SG7TM27,category_7252170e0eda5c0b
B07SGBWSDD,category_7252170e0eda5c0b
B07SGDV2SV,category_7252170e0eda5c0b
B07SGFRDKV,category_7252170e0eda5c0b
B07SGGQWDJ,category_7252170e0eda5c0b
B07SGJMMMN,category_7252170e0eda5c0b
B07SGNZ86V,category_7252170e0eda5c0b
B07SGPHLRX,category_7252170e0eda5c0b
B07SH1HJVN,category_7252170e0eda5c0b
B07SHR5JCT,category_7252170e0eda5c0b
B07SHTYTZX,category_7252170e0eda5c0b
B07SHW6LB3,category_7252170e0eda5c0b
B07SHWKRVB,category_7252170e0eda5c0b
B07SHZ1MF2,category_7252170e0eda5c0b
B07SJ4RDJQ,category_7252170e0eda5c0b
B07SJCPZ3D,category_7252170e0eda5c0b
B07SJRFX79,category_7252170e0eda5c0b
B07SJZR3HK,category_7252170e0eda5c0b
B07SK1Y4NY,category_7252170e0eda5c0b
B07SKFD8HJ,category_7252170e0eda5c0b
B07SKJSD9S,category_7252170e0eda5c0b
B07SKR4B78,category_7252170e0eda5c0b
B07SKVTTS3,category_7252170e0eda5c0b
B07SL3JN44,category_7252170e0eda5c0b
B07SL8RNT4,category_7252170e0eda5c0b
B07SL9M4PM,category_7252170e0eda5c0b
B07SLHYGV3,category_7252170e0eda5c0b
B07SLMCCV5,category_7252170e0eda5c0b
B07SLRC3TQ,category_7252170e0eda5c0b
B07SLX8WKB,category_7252170e0eda5c0b
B07SM2V75Q,category_7252170e0eda5c0b
B07SM428Q8,category_7252170e0eda5c0b
B07SMMDTG5,category_7252170e0eda5c0b
B07SN1RW1F,category_7252170e0eda5c0b
B07SN2L9MF,category_7252170e0eda5c0b
B07SNPQMXB,category_7252170e0eda5c0b
B07SNRLP91,category_7252170e0eda5c0b
B07SNSWS5Y,category_7252170e0eda5c0b
B07SNWLMDD,category_7252170e0eda5c0b
B07SP8SQNG,category_7252170e0eda5c0b
B07SPBQG22,category_7252170e0eda5c0b
B07SPFJ93H,category_7252170e0eda5c0b
B07SPJK7JW,category_7252170e0eda5c0b
B07SPJQWHT,category_7252170e0eda5c0b
B07SPL9WKQ,category_7252170e0eda5c0b
B07SPRRL9C,category_7252170e0eda5c0b
B07SPRZCFV,category_7252170e0eda5c0b
B07SPVSKSD,category_7252170e0eda5c0b
B07SPWQMSX,category_7252170e0eda5c0b
B07SPZJKG9,category_7252170e0eda5c0b
B07SPZQPRS,category_7252170e0eda5c0b
B07SQ3YTNJ,category_7252170e0eda5c0b
B07SQ611Q4,category_7252170e0eda5c0b
B07SQ7JCKY,category_7252170e0eda5c0b
B07SQ7TQYJ,category_7252170e0eda5c0b
B07SQ81F6G,category_7252170e0eda5c0b
B07SQB13BY,category_7252170e0eda5c0b
B07SQH22VV,category_7252170e0eda5c0b
B07SQLJMXL,category_7252170e0eda5c0b
B07SQRKKK8,category_7252170e0eda5c0b
B07SQW5715,category_7252170e0eda5c0b
B07SQWT8KK,category_7252170e0eda5c0b
B07SQXRRZ3,category_7252170e0eda5c0b
B07SQXWW2W,category_7252170e0eda5c0b
B07SR16J1N,category_7252170e0eda5c0b
B07SR19WYH,category_7252170e0eda5c0b
B07SR1TF5F,category_7252170e0eda5c0b
B07SR1XGFX,category_7252170e0eda5c0b
B07SR2JJL7,category_7252170e0eda5c0b
B07SR2Q53X,category_7252170e0eda5c0b
B07SR86KTN,category_7252170e0eda5c0b
B07SRD13CZ,category_7252170e0eda5c0b
B07SRJMS1C,category_7252170e0eda5c0b
B07SRMXSK5,category_7252170e0eda5c0b
B07SRP86JB,category_7252170e0eda5c0b
B07SRZGGHQ,category_7252170e0eda5c0b
B07SS4G6B2,category_7252170e0eda5c0b
B07SS5WSCP,category_d6ac68cf358b59e5
B07SSFL9T5,category_7252170e0eda5c0b
B07SSJV5QG,category_7252170e0eda5c0b
B07SSKX9PL,category_7252170e0eda5c0b
B07SSVQ3BL,category_7252170e0eda5c0b
B07SSVSYLZ,category_7252170e0eda5c0b
B07SSWWR3N,category_7252170e0eda5c0b
B07SSXW29J,category_7252170e0eda5c0b
B07SSYL9HD,category_7252170e0eda5c0b
B07STGLQCQ,category_7252170e0eda5c0b
B07STKDGRK,category_7252170e0eda5c0b
B07STMMDPZ,category_7252170e0eda5c0b
B07STYP73C,category_7252170e0eda5c0b
B07STZ9GWV,category_7252170e0eda5c0b
B07SV1KNDY,category_7252170e0eda5c0b
B07SV347V2,category_7252170e0eda5c0b
B07SV6MP41,category_7252170e0eda5c0b
B07SVDDXNM,category_7252170e0eda5c0b
B07SVDGK4M,category_7252170e0eda5c0b
B07SVX3T23,category_7252170e0eda5c0b
B07SVZ85SJ,category_7252170e0eda5c0b
B07SW2QTTB,category_7252170e0eda5c0b
B07SW3BDSR,category_7252170e0eda5c0b
B07SW3C57W,category_7252170e0eda5c0b
B07SW672S8,category_7252170e0eda5c0b
B07SW6Z5J6,category_7252170e0eda5c0b
B07SW7D6ZR,category_7252170e0eda5c0b
B07SWFFT6P,category_7252170e0eda5c0b
B07SWZF3XQ,category_7252170e0eda5c0b
B07SX3FLKM,category_7252170e0eda5c0b
B07SX3JKQF,category_7252170e0eda5c0b
B07SX4LCH1,category_7252170e0eda5c0b
B07SXB2LDR,category_7252170e0eda5c0b
B07SXJ5BM9,category_7252170e0eda5c0b
B07SY84DPP,category_7252170e0eda5c0b
B07SYHZ3DM,category_7252170e0eda5c0b
B07SYXGW28,category_7252170e0eda5c0b
B07SYXPBTR,category_7252170e0eda5c0b
B07SYY1162,category_7252170e0eda5c0b
B07SZ65JQR,category_7252170e0eda5c0b
B07SZJ979W,category_7252170e0eda5c0b
B07SZKFY89,category_7252170e0eda5c0b
B07SZLB9WQ,category_7252170e0eda5c0b
B07SZN65KC,category_7252170e0eda5c0b
B07T14J4F5,category_7252170e0eda5c0b
B07T15LBGZ,category_7252170e0eda5c0b
B07T18DN8G,category_7252170e0eda5c0b
B07T1NTCMP,category_7252170e0eda5c0b
B07T1PF3QL,category_7252170e0eda5c0b
B07T1SNVWW,category_7252170e0eda5c0b
B07T1SXR1H,category_7252170e0eda5c0b
B07T1TPW4P,category_7252170e0eda5c0b
B07T1VJWJ3,category_7252170e0eda5c0b
B07T1YFM2X,category_7252170e0eda5c0b
B07T21RZRS,category_7252170e0eda5c0b
B07T23M5FQ,category_7252170e0eda5c0b
B07T24PZP1,category_7252170e0eda5c0b
B07T251R3N,category_7252170e0eda5c0b
B07T2FQ2L6,category_7252170e0eda5c0b
B07T2GW63V,category_7252170e0eda5c0b
B07T2HTQY6,category_7252170e0eda5c0b
B07T2MFBCN,category_7252170e0eda5c0b
B07T2YY9X8,category_7252170e0eda5c0b
B07T33PMCC,category_7252170e0eda5c0b
B07T34S1NT,category_7252170e0eda5c0b
B07T36BKJ8,category_7252170e0eda5c0b
B07T3CDP9B,category_7252170e0eda5c0b
B07T3P8XVL,category_7252170e0eda5c0b
B07T44YXRK,category_7252170e0eda5c0b
B07T4HFZZJ,category_7252170e0eda5c0b
B07T4T9GV3,category_7252170e0eda5c0b
B07T4YWVY5,category_7252170e0eda5c0b
B07T5458PD,category_7252170e0eda5c0b
B07T5JNJ58,category_7252170e0eda5c0b
B07T5VNMXY,category_d6ac68cf358b59e5
B07T5X557R,category_7252170e0eda5c0b
B07T5X8V5M,category_7252170e0eda5c0b
B07T624K9V,category_7252170e0eda5c0b
B07T62NWZX,category_7252170e0eda5c0b
B07T6688GW,category_7252170e0eda5c0b
B07T66QBBW,category_7252170e0eda5c0b
B07T6BCY83,category_7252170e0eda5c0b
B07T6CPG8X,category_7252170e0eda5c0b
B07T6H57PF,category_7252170e0eda5c0b
B07T6XS55H,category_7252170e0eda5c0b
B07T7DJ1FV,category_7252170e0eda5c0b
B07T7LMNWT,category_7252170e0eda5c0b
B07T7TYRX1,category_7252170e0eda5c0b
B07T81QM35,category_7252170e0eda5c0b
B07T82QSXQ,category_7252170e0eda5c0b
B07T84Q6PZ,category_7252170e0eda5c0b
B07T85X537,category_7252170e0eda5c0b
B07T89C6F6,category_7252170e0eda5c0b
B07T8D25TS,category_7252170e0eda5c0b
B07T8DXHBN,category_7252170e0eda5c0b
B07T8F28JZ,category_7252170e0eda5c0b
B07T8JRNLZ,category_7252170e0eda5c0b
B07T8LY2K5,category_7252170e0eda5c0b
B07T8RNCMV,category_7252170e0eda5c0b
B07T8TRQVH,category_7252170e0eda5c0b
B07T8YMBZY,category_7252170e0eda5c0b
B07T93TKQM,category_7252170e0eda5c0b
B07T93XK29,category_7252170e0eda5c0b
B07T96XPCK,category_7252170e0eda5c0b
B07T99P7SV,category_7252170e0eda5c0b
B07T9J17HC,category_7252170e0eda5c0b
B07T9LYSWR,category_7252170e0eda5c0b
B07T9PBTX5,category_7252170e0eda5c0b
B07TB1JXBX,category_7252170e0eda5c0b
B07TB5ZR4R,category_7252170e0eda5c0b
B07TB8D1RR,category_7252170e0eda5c0b
B07TBGGNYT,category_7252170e0eda5c0b
B07TBMD6GX,category_7252170e0eda5c0b
B07TBP7471,category_7252170e0eda5c0b
B07TC2WZ9V,category_7252170e0eda5c0b
B07TC5123G,category_7252170e0eda5c0b
B07TC5HL5R,category_7252170e0eda5c0b
B07TCCX5RZ,category_7252170e0eda5c0b
B07TCQP5G7,category_7252170e0eda5c0b
B07TCSFLXL,category_7252170e0eda5c0b
B07TCX27TX,category_7252170e0eda5c0b
B07TCYB8Y1,category_7252170e0eda5c0b
B07TD89Y2T,category_7252170e0eda5c0b
B07TD8R8BX,category_7252170e0eda5c0b
B07TDB2M5R,category_7252170e0eda5c0b
B07TDFDGZ8,category_7252170e0eda5c0b
B07TDHVJ5B,category_7252170e0eda5c0b
B07TDKG9Q5,category_7252170e0eda5c0b
B07TDN9PCN,category_7252170e0eda5c0b
B07TDZ9RSM,category_7252170e0eda5c0b
B07TF9Q7SW,category_7252170e0eda5c0b
B07TFCDDFV,category_7252170e0eda5c0b
B07TFCZFL9,category_7252170e0eda5c0b
B07TFHNP5P,category_7252170e0eda5c0b
B07TFHTBGW,category_7252170e0eda5c0b
B07TFJPN8L,category_7252170e0eda5c0b
B07TFLVKF9,category_7252170e0eda5c0b
B07TG74F1L,category_7252170e0eda5c0b
B07TG9GQYY,category_7252170e0eda5c0b
B07TGB5TX7,category_7252170e0eda5c0b
B07TGC2BK6,category_7252170e0eda5c0b
B07TGC7BV7,category_7252170e0eda5c0b
B07TGJDLLB,category_7252170e0eda5c0b
B07TGSM5N1,category_7252170e0eda5c0b
B07TGV5XZ2,category_7252170e0eda5c0b
B07THB17WH,category_7252170e0eda5c0b
B07THBZFXY,category_7252170e0eda5c0b
B07THFS93W,category_7252170e0eda5c0b
B07THGNYQS,category_7252170e0eda5c0b
B07THHZRQZ,category_7252170e0eda5c0b
B07THNHB6Q,category_7252170e0eda5c0b
B07THSTNNC,category_7252170e0eda5c0b
B07THTDH4B,category_7252170e0eda5c0b
B07THTWKKQ,category_7252170e0eda5c0b
B07THZS2PY,category_7252170e0eda5c0b
B07TJF9V79,category_7252170e0eda5c0b
B07TJGMX9T,category_7252170e0eda5c0b
B07TJP9CNR,category_7252170e0eda5c0b
B07TJQ6NN1,category_7252170e0eda5c0b
B07TJQZ7SD,category_7252170e0eda5c0b
B07TJX5BT5,category_7252170e0eda5c0b
B07TJZLW1N,category_7252170e0eda5c0b
B07TK3MXVF,category_7252170e0eda5c0b
B07TK4F86Y,category_7252170e0eda5c0b
B07TK7QWYW,category_7252170e0eda5c0b
B07TKD47FK,category_7252170e0eda5c0b
B07TKF3N2V,category_7252170e0eda5c0b
B07TKGDB52,category_7252170e0eda5c0b
B07TKJ4BX8,category_7252170e0eda5c0b
B07TKKLF3X,category_7252170e0eda5c0b
B07TKL1JWL,category_7252170e0eda5c0b
B07TKL9FFH,category_7252170e0eda5c0b
B07TKRK7MS,category_7252170e0eda5c0b
B07TKTMFHK,category_7252170e0eda5c0b
B07TKVL3SH,category_7252170e0eda5c0b
B07TLBPVM5,category_7252170e0eda5c0b
B07TLD6JKT,category_7252170e0eda5c0b
B07TLJHX9P,category_7252170e0eda5c0b
B07TLM87KX,category_7252170e0eda5c0b
B07TLMQ2QH,category_7252170e0eda5c0b
B07TLP6JZX,category_7252170e0eda5c0b
B07TLQ2HKL,category_7252170e0eda5c0b
B07TLSM2LM,category_7252170e0eda5c0b
B07TLVSR2P,category_7252170e0eda5c0b
B07TLWCVW1,category_7252170e0eda5c0b
B07TM27HRD,category_7252170e0eda5c0b
B07TMKCR6W,category_7252170e0eda5c0b
B07TMKXGNN,category_7252170e0eda5c0b
B07TMXZW5B,category_7252170e0eda5c0b
B07TMYHPPS,category_7252170e0eda5c0b
B07TN8P1VS,category_7252170e0eda5c0b
B07TNNXDW1,category_7252170e0eda5c0b
B07TNPVBPC,category_7252170e0eda5c0b
B07TNR63YS,category_7252170e0eda5c0b
B07TP53C8G,category_7252170e0eda5c0b
B07TP56TNL,category_7252170e0eda5c0b
B07TP5X7FV,category_7252170e0eda5c0b
B07TP5ZKC2,category_7252170e0eda5c0b
B07TP6RYVJ,category_7252170e0eda5c0b
B07TPM3YVK,category_7252170e0eda5c0b
B07TPRV19F,category_7252170e0eda5c0b
B07TQ2JZ43,category_7252170e0eda5c0b
B07TQCMP2R,category_7252170e0eda5c0b
B07TQF3LCV,category_7252170e0eda5c0b
B07TQFR922,category_7252170e0eda5c0b
B07TRDND6N,category_7252170e0eda5c0b
B07TRL257F,category_7252170e0eda5c0b
B07TRQ9VRN,category_7252170e0eda5c0b
B07TS3W9X4,category_7252170e0eda5c0b
B07TS5VYH7,category_7252170e0eda5c0b
B07TS7KV46,category_7252170e0eda5c0b
B07TS7MLM5,category_7252170e0eda5c0b
B07TSB7L6N,category_7252170e0eda5c0b
B07TSC36VB,category_7252170e0eda5c0b
B07TSC6F1D,category_7252170e0eda5c0b
B07TSD3GN1,category_7252170e0eda5c0b
B07TSD8JBJ,category_7252170e0eda5c0b
B07TSDB8MN,category_7252170e0eda5c0b
B07TSGTK3C,category_7252170e0eda5c0b
B07TSH4VF7,category_7252170e0eda5c0b
B07TSHBYNG,category_7252170e0eda5c0b
B07TSM6M6X,category_7252170e0eda5c0b
B07TSMMS1T,category_7252170e0eda5c0b
B07TT1CRJM,category_7252170e0eda5c0b
B07TT3WXKY,category_7252170e0eda5c0b
B07TT417WR,category_7252170e0eda5c0b
B07TT4L5LC,category_7252170e0eda5c0b
B07TT58BGL,category_7252170e0eda5c0b
B07TT9C4B7,category_7252170e0eda5c0b
B07TTB4NMH,category_7252170e0eda5c0b
B07TTB62BZ,category_7252170e0eda5c0b
B07TTHB62B,category_7252170e0eda5c0b
B07TTN7DHV,category_7252170e0eda5c0b
B07TTP8RSV,category_7252170e0eda5c0b
B07TTQ92RS,category_7252170e0eda5c0b
B07TTRBQ8D,category_7252170e0eda5c0b
B07TTRCVM4,category_7252170e0eda5c0b
B07TV1N2CG,category_7252170e0eda5c0b
B07TV65QF1,category_7252170e0eda5c0b
B07TVBJSX5,category_7252170e0eda5c0b
B07TVBV25P,category_7252170e0eda5c0b
B07TVF35X9,category_7252170e0eda5c0b
B07TVFLGKV,category_7252170e0eda5c0b
B07TVJ2JBC,category_7252170e0eda5c0b
B07TVPDLQH,category_7252170e0eda5c0b
B07TW8VZ48,category_7252170e0eda5c0b
B07TWBVWNW,category_7252170e0eda5c0b
B07TWD3Z7R,category_7252170e0eda5c0b
B07TWFW6DV,category_7252170e0eda5c0b
B07TWHDRDM,category_7252170e0eda5c0b
B07TWL31VQ,category_7252170e0eda5c0b
B07TWM2CXD,category_7252170e0eda5c0b
B07TWQ77N5,category_7252170e0eda5c0b
B07TWT176G,category_7252170e0eda5c0b
B07TXB63WJ,category_7252170e0eda5c0b
B07TXFKXG5,category_7252170e0eda5c0b
B07TXGF1TP,category_7252170e0eda5c0b
B07TXJTQXS,category_7252170e0eda5c0b
B07TXLX7TP,category_7252170e0eda5c0b
B07TXM5P3D,category_7252170e0eda5c0b
B07TXNGBXC,category_7252170e0eda5c0b
B07TXP37PJ,category_7252170e0eda5c0b
B07TXV49P8,category_7252170e0eda5c0b
B07TY43V2F,category_7252170e0eda5c0b
B07TY84MG1,category_7252170e0eda5c0b
B07TYB2CMQ,category_7252170e0eda5c0b
B07TYF6Z31,category_7252170e0eda5c0b
B07TYLWXWY,category_7252170e0eda5c0b
B07TYMGLJF,category_7252170e0eda5c0b
B07TYMQ3HN,category_7252170e0eda5c0b
B07TYQBVB4,category_7252170e0eda5c0b
B07TYV6KQS,category_7252170e0eda5c0b
B07TYVLSN2,category_7252170e0eda5c0b
B07TYX4VL7,category_7252170e0eda5c0b
B07TYXFF1C,category_7252170e0eda5c0b
B07TZ3JJG8,category_7252170e0eda5c0b
B07TZ4XDQV,category_7252170e0eda5c0b
B07TZ6HG31,category_7252170e0eda5c0b
B07TZBG34L,category_7252170e0eda5c0b
B07TZDCN35,category_7252170e0eda5c0b
B07TZKDG5K,category_7252170e0eda5c0b
B07TZM1HWZ,category_7252170e0eda5c0b
B07TZRCZ5Q,category_7252170e0eda5c0b
B07TZTF9GM,category_7252170e0eda5c0b
B07TZV16SS,category_7252170e0eda5c0b
B07TZZWF4W,category_7252170e0eda5c0b
B07V1L2RNP,category_7252170e0eda5c0b
B07V1NHQC5,category_7252170e0eda5c0b
B07V1XZYTQ,category_7252170e0eda5c0b
B07V23HBVY,category_7252170e0eda5c0b
B07V2B2M9J,category_7252170e0eda5c0b
B07V2BCSN8,category_7252170e0eda5c0b
B07V2D5SF4,category_7252170e0eda5c0b
B07V2XL1RT,category_7252170e0eda5c0b
B07V2Z16BP,category_7252170e0eda5c0b
B07V2Z25FL,category_7252170e0eda5c0b
B07V343YTT,category_7252170e0eda5c0b
B07V347MSD,category_7252170e0eda5c0b
B07V35C7L5,category_7252170e0eda5c0b
B07V3CF7Q8,category_7252170e0eda5c0b
B07V3D2417,category_7252170e0eda5c0b
B07V3HZ1HB,category_7252170e0eda5c0b
B07V3MNVQD,category_7252170e0eda5c0b
B07V3SYXLR,category_7252170e0eda5c0b
B07V3VRSQM,category_7252170e0eda5c0b
B07V3VSB1B,category_7252170e0eda5c0b
B07V3YDKMJ,category_7252170e0eda5c0b
B07V489X2M,category_7252170e0eda5c0b
B07V4DPHP1,category_7252170e0eda5c0b
B07V4H9R4P,category_7252170e0eda5c0b
B07V4K97Q5,category_7252170e0eda5c0b
B07V4RD7YL,category_7252170e0eda5c0b
B07V4VFZ5B,category_7252170e0eda5c0b
B07V54QQPT,category_7252170e0eda5c0b
B07V57KH5K,category_7252170e0eda5c0b
B07V5JHY3Y,category_7252170e0eda5c0b
B07V5KKRNB,category_7252170e0eda5c0b
B07V5L9GCJ,category_7252170e0eda5c0b
B07V5LN5PM,category_7252170e0eda5c0b
B07V5WXSFC,category_7252170e0eda5c0b
B07V5XRB14,category_7252170e0eda5c0b
B07V69NDQB,category_7252170e0eda5c0b
B07V6CMRPR,category_7252170e0eda5c0b
B07V6MRFYL,category_7252170e0eda5c0b
B07V6RQGRR,category_7252170e0eda5c0b
B07V6SGYD2,category_7252170e0eda5c0b
B07V6TGV43,category_7252170e0eda5c0b
B07V6TQZ5Q,category_7252170e0eda5c0b
B07V6VGNDS,category_7252170e0eda5c0b
B07V6VZ8RR,category_7252170e0eda5c0b
B07V711TWW,category_7252170e0eda5c0b
B07V73CSK3,category_7252170e0eda5c0b
B07V7DBBK4,category_7252170e0eda5c0b
B07V7DX7HF,category_7252170e0eda5c0b
B07V7NQNQ9,category_7252170e0eda5c0b
B07V7T6N64,category_7252170e0eda5c0b
B07V7YDDVJ,category_7252170e0eda5c0b
B07V7YZNFN,category_7252170e0eda5c0b
B07V8GH8D7,category_7252170e0eda5c0b
B07V8LQCZL,category_7252170e0eda5c0b
B07V9CQVY7,category_7252170e0eda5c0b
B07V9FVH7Z,category_7252170e0eda5c0b
B07V9JQJ93,category_7252170e0eda5c0b
B07V9KBWF5,category_7252170e0eda5c0b
B07V9ND6SX,category_7252170e0eda5c0b
B07V9NWY3K,category_7252170e0eda5c0b
B07V9RJD22,category_7252170e0eda5c0b
B07V9XYGKL,category_7252170e0eda5c0b
B07V9YH4KB,category_7252170e0eda5c0b
B07V9Z8RDB,category_7252170e0eda5c0b
B07VB383MX,category_7252170e0eda5c0b
B07VB45WQ6,category_7252170e0eda5c0b
B07VB4K9VD,category_7252170e0eda5c0b
B07VBCDDVK,category_7252170e0eda5c0b
B07VBDKBXP,category_7252170e0eda5c0b
B07VBFDQNL,category_7252170e0eda5c0b
B07VBWKM2C,category_7252170e0eda5c0b
B07VBZJFW2,category_7252170e0eda5c0b
B07VC1F7M5,category_7252170e0eda5c0b
B07VC1TYJC,category_7252170e0eda5c0b
B07VC627LZ,category_7252170e0eda5c0b
B07VC8HBZ4,category_7252170e0eda5c0b
B07VCBDSWX,category_7252170e0eda5c0b
B07VCJMN55,category_7252170e0eda5c0b
B07VCWY43T,category_7252170e0eda5c0b
B07VCXV1VT,category_7252170e0eda5c0b
B07VD45TNF,category_7252170e0eda5c0b
B07VD583K7,category_7252170e0eda5c0b
B07VD8F9HD,category_7252170e0eda5c0b
B07VD97XFX,category_7252170e0eda5c0b
B07VDBPY5C,category_7252170e0eda5c0b
B07VDD1L5C,category_7252170e0eda5c0b
B07VDD7S48,category_7252170e0eda5c0b
B07VDDLGR7,category_7252170e0eda5c0b
B07VDGPQ7F,category_7252170e0eda5c0b
B07VDJG55C,category_7252170e0eda5c0b
B07VDMZ1PW,category_7252170e0eda5c0b
B07VDSCQD2,category_7252170e0eda5c0b
B07VDZ2SSN,category_7252170e0eda5c0b
B07VDZL9FS,category_7252170e0eda5c0b
B07VDZMN83,category_7252170e0eda5c0b
B07VF3ZRTG,category_7252170e0eda5c0b
B07VFBD2F4,category_7252170e0eda5c0b
B07VFCLYGH,category_7252170e0eda5c0b
B07VFF79DT,category_7252170e0eda5c0b
B07VFNBP8G,category_7252170e0eda5c0b
B07VFNRS7Y,category_7252170e0eda5c0b
B07VFTBV8W,category_7252170e0eda5c0b
B07VFXC7QW,category_7252170e0eda5c0b
B07VG7DVBP,category_7252170e0eda5c0b
B07VGFPZLN,category_7252170e0eda5c0b
B07VGFQX9H,category_7252170e0eda5c0b
B07VGKDLKH,category_7252170e0eda5c0b
B07VGPQ8C3,category_7252170e0eda5c0b
B07VGS56Z7,category_7252170e0eda5c0b
B07VGTFVVY,category_7252170e0eda5c0b
B07VGTN3NS,category_7252170e0eda5c0b
B07VH275R3,category_7252170e0eda5c0b
B07VH3CG49,category_7252170e0eda5c0b
B07VH6RN29,category_7252170e0eda5c0b
B07VHDZRC2,category_7252170e0eda5c0b
B07VHGT6N9,category_7252170e0eda5c0b
B07VHHPJ33,category_7252170e0eda5c0b
B07VHKWXD4,category_7252170e0eda5c0b
B07VHLHYV9,category_7252170e0eda5c0b
B07VHM1HYL,category_7252170e0eda5c0b
B07VHXFXQQ,category_7252170e0eda5c0b
B07VJH9L81,category_7252170e0eda5c0b
B07VJKD32L,category_7252170e0eda5c0b
B07VJMKSMM,category_7252170e0eda5c0b
B07VK2QDGX,category_7252170e0eda5c0b
B07VKF4VNV,category_7252170e0eda5c0b
B07VKK6WK8,category_7252170e0eda5c0b
B07VKKLHS6,category_7252170e0eda5c0b
B07VKL2RX8,category_7252170e0eda5c0b
B07VKL628X,category_7252170e0eda5c0b
B07VKR9Q5D,category_7252170e0eda5c0b
B07VKT1WRY,category_7252170e0eda5c0b
B07VL2LHS7,category_7252170e0eda5c0b
B07VL78WSN,category_7252170e0eda5c0b
B07VL7KQM7,category_7252170e0eda5c0b
B07VL8CR1D,category_7252170e0eda5c0b
B07VL94RJG,category_7252170e0eda5c0b
B07VLCCM8S,category_7252170e0eda5c0b
B07VLCCMSL,category_7252170e0eda5c0b
B07VLF8MD2,category_7252170e0eda5c0b
B07VLJPMWV,category_7252170e0eda5c0b
B07VLPTVFZ,category_7252170e0eda5c0b
B07VMD7BNH,category_7252170e0eda5c0b
B07VMGV3SK,category_7252170e0eda5c0b
B07VMJR4F8,category_7252170e0eda5c0b
B07VML23WK,category_7252170e0eda5c0b
B07VMM6S3J,category_7252170e0eda5c0b
B07VMZTS1K,category_7252170e0eda5c0b
B07VN6483K,category_7252170e0eda5c0b
B07VN92WV4,category_7252170e0eda5c0b
B07VNCRQ63,category_7252170e0eda5c0b
B07VNJMPBQ,category_7252170e0eda5c0b
B07VNL5YM7,category_7252170e0eda5c0b
B07VNQMXD1,category_7252170e0eda5c0b
B07VNSNBMG,category_7252170e0eda5c0b
B07VPH13XR,category_7252170e0eda5c0b
B07VPLD6SV,category_7252170e0eda5c0b
B07VPQTKJV,category_7252170e0eda5c0b
B07VPSBN8Z,category_7252170e0eda5c0b
B07VPYXQ41,category_7252170e0eda5c0b
B07VQGPGQQ,category_7252170e0eda5c0b
B07VQVV2QN,category_7252170e0eda5c0b
B07VR4BH4N,category_7252170e0eda5c0b
B07VR7H8D8,category_7252170e0eda5c0b
B07VRBN6FJ,category_7252170e0eda5c0b
B07VRD5BQK,category_7252170e0eda5c0b
B07VRMVSFD,category_7252170e0eda5c0b
B07VS3Y7HH,category_7252170e0eda5c0b
B07VT1T9KL,category_7252170e0eda5c0b
B07VT3JKBX,category_7252170e0eda5c0b
B07VTLFWCW,category_7252170e0eda5c0b
B07VTRZXF1,category_7252170e0eda5c0b
B07VTT7ZLW,category_7252170e0eda5c0b
B07VV3JSY5,category_7252170e0eda5c0b
B07VV6P9P1,category_7252170e0eda5c0b
B07VV7FZ68,category_7252170e0eda5c0b
B07VV988QG,category_7252170e0eda5c0b
B07VV9LNRD,category_7252170e0eda5c0b
B07VVGZVN4,category_7252170e0eda5c0b
B07VVLJF9Q,category_7252170e0eda5c0b
B07VVPDZ9V,category_7252170e0eda5c0b
B07VVQHJSV,category_7252170e0eda5c0b
B07VVW484N,category_7252170e0eda5c0b
B07VW6G8BC,category_7252170e0eda5c0b
B07VW7XBBC,category_7252170e0eda5c0b
B07VWCX681,category_7252170e0eda5c0b
B07VWFLKB7,category_7252170e0eda5c0b
B07VWGYFLM,category_7252170e0eda5c0b
B07VWK5T4V,category_7252170e0eda5c0b
B07VWL6Q56,category_7252170e0eda5c0b
B07VWLSNYN,category_7252170e0eda5c0b
B07VWRKX93,category_7252170e0eda5c0b
B07VWZC1KH,category_7252170e0eda5c0b
B07VX7ZWQR,category_7252170e0eda5c0b
B07VX8ZNT6,category_7252170e0eda5c0b
B07VXB6Q98,category_7252170e0eda5c0b
B07VXCYQNP,category_7252170e0eda5c0b
B07VXFLLQJ,category_7252170e0eda5c0b
B07VXKV2CJ,category_7252170e0eda5c0b
B07VXTP6G5,category_7252170e0eda5c0b
B07VXTXV3W,category_7252170e0eda5c0b
B07VXYG8BG,category_7252170e0eda5c0b
B07VXZ1MMG,category_7252170e0eda5c0b
B07VYM83V7,category_7252170e0eda5c0b
B07VYMZP3Z,category_7252170e0eda5c0b
B07VYRKTWC,category_7252170e0eda5c0b
B07VYW3JC5,category_7252170e0eda5c0b
B07VYWTZYM,category_7252170e0eda5c0b
B07VYYKBBW,category_7252170e0eda5c0b
B07VZLXHYJ,category_7252170e0eda5c0b
B07W122B2X,category_7252170e0eda5c0b
B07W12LFYL,category_7252170e0eda5c0b
B07W13NWVR,category_7252170e0eda5c0b
B07W1G7RG7,category_7252170e0eda5c0b
B07W1HCNV7,category_7252170e0eda5c0b
B07W1J96ZY,category_7252170e0eda5c0b
B07W1JYP4D,category_7252170e0eda5c0b
B07W1VXKT7,category_7252170e0eda5c0b
B07W1WNDL6,category_7252170e0eda5c0b
B07W1X3C6X,category_7252170e0eda5c0b
B07W1YKG1H,category_7252170e0eda5c0b
B07W2VSBHJ,category_7252170e0eda5c0b
B07W397QG4,category_7252170e0eda5c0b
B07W39SF2Z,category_7252170e0eda5c0b
B07W3FLT7P,category_7252170e0eda5c0b
B07W3S62JJ,category_7252170e0eda5c0b
B07W3SKB1H,category_7252170e0eda5c0b
B07W41WCHJ,category_7252170e0eda5c0b
B07W46MJBW,category_7252170e0eda5c0b
B07W48ML7M,category_7252170e0eda5c0b
B07W48WCPZ,category_7252170e0eda5c0b
B07W4C1P7N,category_7252170e0eda5c0b
B07W4DHYLK,category_7252170e0eda5c0b
B07W4J5RV3,category_7252170e0eda5c0b
B07W4M45TL,category_7252170e0eda5c0b
B07W4N3M55,category_7252170e0eda5c0b
B07W4RFHWD,category_7252170e0eda5c0b
B07W4VVX84,category_7252170e0eda5c0b
B07W4X2PHS,category_7252170e0eda5c0b
B07W4XMJZ8,category_7252170e0eda5c0b
B07W51VQM6,category_7252170e0eda5c0b
B07W52915W,category_7252170e0eda5c0b
B07W55BCGZ,category_7252170e0eda5c0b
B07W5DH64X,category_7252170e0eda5c0b
B07W5L9P27,category_7252170e0eda5c0b
B07W5S82Y5,category_7252170e0eda5c0b
B07W5ZLXTY,category_7252170e0eda5c0b
B07W63PJL8,category_7252170e0eda5c0b
B07W66GN9K,category_7252170e0eda5c0b
B07W67VK1R,category_7252170e0eda5c0b
B07W6B2RPM,category_7252170e0eda5c0b
B07W6CWCSV,category_7252170e0eda5c0b
B07W6CYKBR,category_7252170e0eda5c0b
B07W6FNF4H,category_7252170e0eda5c0b
B07W6GP3GQ,category_7252170e0eda5c0b
B07W6MQTPP,category_7252170e0eda5c0b
B07W6RZP24,category_7252170e0eda5c0b
B07W6XN2TV,category_7252170e0eda5c0b
B07W6ZLCCH,category_7252170e0eda5c0b
B07W7CVRRY,category_7252170e0eda5c0b
B07W7HBZJF,category_7252170e0eda5c0b
B07W7RC3JK,category_7252170e0eda5c0b
B07W7TM11X,category_7252170e0eda5c0b
B07W7W2KQM,category_7252170e0eda5c0b
B07W7YJ379,category_7252170e0eda5c0b
B07W8MYS86,category_7252170e0eda5c0b
B07W8NCDYR,category_7252170e0eda5c0b
B07W8XVPMT,category_7252170e0eda5c0b
B07W9157SG,category_7252170e0eda5c0b
B07W925TKS,category_7252170e0eda5c0b
B07W93SXDX,category_7252170e0eda5c0b
B07W95JDDR,category_7252170e0eda5c0b
B07W96Y7PF,category_7252170e0eda5c0b
B07WBXRW8Z,category_7252170e0eda5c0b
B07WC1HL5Q,category_7252170e0eda5c0b
B07WC326QR,category_7252170e0eda5c0b
B07WC9YR9Z,category_7252170e0eda5c0b
B07WCNF9FF,category_7252170e0eda5c0b
B07WCS5Q59,category_7252170e0eda5c0b
B07WCS6Q51,category_7252170e0eda5c0b
B07WCT92KY,category_7252170e0eda5c0b
B07WDCY23G,category_7252170e0eda5c0b
B07WDHSFHD,category_7252170e0eda5c0b
B07WDQ87TH,category_7252170e0eda5c0b
B07WDTJ2MV,category_7252170e0eda5c0b
B07WDTKGFN,category_7252170e0eda5c0b
B07WDTWVN9,category_7252170e0eda5c0b
B07WF4VS9C,category_7252170e0eda5c0b
B07WF61GM3,category_7252170e0eda5c0b
B07WF7MHTL,category_7252170e0eda5c0b
B07WFC2FJ4,category_7252170e0eda5c0b
B07WFHJ3W9,category_7252170e0eda5c0b
B07WFJRRHB,category_7252170e0eda5c0b
B07WFLN93P,category_7252170e0eda5c0b
B07WFRZ61R,category_7252170e0eda5c0b
B07WFSQXL5,category_7252170e0eda5c0b
B07WFWNC4J,category_7252170e0eda5c0b
B07WFXB13H,category_7252170e0eda5c0b
B07WFY9CSC,category_7252170e0eda5c0b
B07WG1P564,category_7252170e0eda5c0b
B07WGD5T2M,category_7252170e0eda5c0b
B07WGJRZGB,category_7252170e0eda5c0b
B07WGKT7DL,category_7252170e0eda5c0b
B07WGNDVPD,category_7252170e0eda5c0b
B07WGQCSHY,category_d6ac68cf358b59e5
B07WGWM66W,category_7252170e0eda5c0b
B07WGX4HBL,category_7252170e0eda5c0b
B07WGZNGKB,category_7252170e0eda5c0b
B07WH1DDMP,category_7252170e0eda5c0b
B07WH6RDYV,category_7252170e0eda5c0b
B07WHFDV2G,category_7252170e0eda5c0b
B07WHGY75L,category_7252170e0eda5c0b
B07WHHKJ7Y,category_7252170e0eda5c0b
B07WHJ92KP,category_7252170e0eda5c0b
B07WHLZX6D,category_7252170e0eda5c0b
B07WHTLH35,category_7252170e0eda5c0b
B07WHXHYGG,category_7252170e0eda5c0b
B07WHXZHSQ,category_7252170e0eda5c0b
B07WJ1NGCC,category_7252170e0eda5c0b
B07WJ6SWH4,category_7252170e0eda5c0b
B07WJ9S78S,category_7252170e0eda5c0b
B07WJBMJL4,category_7252170e0eda5c0b
B07WJJ6SCC,category_7252170e0eda5c0b
B07WJJ9KJM,category_7252170e0eda5c0b
B07WJKQQ9M,category_7252170e0eda5c0b
B07WJRVJNT,category_7252170e0eda5c0b
B07WJRWYQ4,category_7252170e0eda5c0b
B07WK8ZKXF,category_7252170e0eda5c0b
B07WKFBYYP,category_7252170e0eda5c0b
B07WKH235H,category_7252170e0eda5c0b
B07WLCF6GG,category_7252170e0eda5c0b
B07WLKF6H7,category_7252170e0eda5c0b
B07WLKMPHQ,category_7252170e0eda5c0b
B07WLSHLX7,category_7252170e0eda5c0b
B07WN1XHNV,category_7252170e0eda5c0b
B07WN5J56Q,category_7252170e0eda5c0b
B07WN8KH6H,category_7252170e0eda5c0b
B07WN9CWXH,category_7252170e0eda5c0b
B07WND7PTD,category_7252170e0eda5c0b
B07WNFSK5C,category_7252170e0eda5c0b
B07WNGQMY6,category_7252170e0eda5c0b
B07WNGWQL4,category_7252170e0eda5c0b
B07WP1PMXB,category_7252170e0eda5c0b
B07WP33F8B,category_7252170e0eda5c0b
B07WP3CBHK,category_7252170e0eda5c0b
B07WP3W1H2,category_7252170e0eda5c0b
B07WP4RQW6,category_7252170e0eda5c0b
B07WP71WNC,category_7252170e0eda5c0b
B07WPBGN6M,category_7252170e0eda5c0b
B07WPBNBQF,category_7252170e0eda5c0b
B07WPRSMHG,category_7252170e0eda5c0b
B07WPTNNQH,category_7252170e0eda5c0b
B07WPWFVBV,category_7252170e0eda5c0b
B07WQSXTGT,category_7252170e0eda5c0b
B07WQTLFMN,category_7252170e0eda5c0b
B07WQV747T,category_7252170e0eda5c0b
B07WQW6BM8,category_7252170e0eda5c0b
B07WQWHBKC,category_7252170e0eda5c0b
B07WR16XM3,category_7252170e0eda5c0b
B07WR2SX55,category_7252170e0eda5c0b
B07WR6F1VN,category_7252170e0eda5c0b
B07WRNTTCD,category_7252170e0eda5c0b
B07WRX9445,category_7252170e0eda5c0b
B07WRYB6MT,category_7252170e0eda5c0b
B07WRYSHHR,category_7252170e0eda5c0b
B07WRZB5RN,category_7252170e0eda5c0b
B07WS2KQ6J,category_7252170e0eda5c0b
B07WS32T6Q,category_7252170e0eda5c0b
B07WSN1RN6,category_7252170e0eda5c0b
B07WSP7N5K,category_7252170e0eda5c0b
B07WSSX89L,category_7252170e0eda5c0b
B07WSSXN18,category_7252170e0eda5c0b
B07WSV6WQR,category_7252170e0eda5c0b
B07WSVKZNQ,category_7252170e0eda5c0b
B07WT2MKRK,category_7252170e0eda5c0b
B07WT352P6,category_7252170e0eda5c0b
B07WTPTJHT,category_7252170e0eda5c0b
B07WTTGX8C,category_7252170e0eda5c0b
B07WTZMSRD,category_7252170e0eda5c0b
B07WVBDLG9,category_7252170e0eda5c0b
B07WVC9GBT,category_7252170e0eda5c0b
B07WVWLZPW,category_7252170e0eda5c0b
B07WVYK2VS,category_7252170e0eda5c0b
B07WW2HC25,category_7252170e0eda5c0b
B07WW544V4,category_7252170e0eda5c0b
B07WW9G56P,category_7252170e0eda5c0b
B07WWBYP61,category_7252170e0eda5c0b
B07WWCFQJM,category_7252170e0eda5c0b
B07WWVTDYS,category_7252170e0eda5c0b
B07WWVXDZM,category_7252170e0eda5c0b
B07WWW4W6S,category_7252170e0eda5c0b
B07WWYBS46,category_7252170e0eda5c0b
B07WWYTKMK,category_7252170e0eda5c0b
B07WX1VL6F,category_7252170e0eda5c0b
B07WXGVY9W,category_7252170e0eda5c0b
B07WXKQBCP,category_7252170e0eda5c0b
B07WXPMB38,category_7252170e0eda5c0b
B07WY3T3PW,category_7252170e0eda5c0b
B07WYL9XKL,category_7252170e0eda5c0b
B07WZJZK56,category_7252170e0eda5c0b
B07WZKX3VY,category_7252170e0eda5c0b
B07WZP927R,category_7252170e0eda5c0b
B07WZQ5YL9,category_7252170e0eda5c0b
B07X112DDF,category_7252170e0eda5c0b
B07X13G3YV,category_7252170e0eda5c0b
B07X1MWSSK,category_7252170e0eda5c0b
B07X1NG7TG,category_7252170e0eda5c0b
B07X1PL4NQ,category_7252170e0eda5c0b
B07X1QCCS7,category_7252170e0eda5c0b
B07X1T1TPZ,category_7252170e0eda5c0b
B07X1T1XR2,category_7252170e0eda5c0b
B07X1TK3VS,category_7252170e0eda5c0b
B07X1W6D4D,category_7252170e0eda5c0b
B07X24CSCP,category_7252170e0eda5c0b
B07X27H88Q,category_7252170e0eda5c0b
B07X2D9T6V,category_7252170e0eda5c0b
B07X2JR1W1,category_7252170e0eda5c0b
B07X2K4D5V,category_7252170e0eda5c0b
B07X2LJG2C,category_7252170e0eda5c0b
B07X2MLF78,category_7252170e0eda5c0b
B07X2W14L3,category_7252170e0eda5c0b
B07X2X8WBW,category_7252170e0eda5c0b
B07X2Z26NH,category_7252170e0eda5c0b
B07X3GC54Y,category_7252170e0eda5c0b
B07X3LYMBB,category_7252170e0eda5c0b
B07X3MRNYM,category_7252170e0eda5c0b
B07X3QMQS6,category_7252170e0eda5c0b
B07X3R8Q87,category_7252170e0eda5c0b
B07X41WSG5,category_7252170e0eda5c0b
B07X43JQXD,category_7252170e0eda5c0b
B07X483BWL,category_7252170e0eda5c0b
B07X48TVTX,category_7252170e0eda5c0b
B07X4DZ6RS,category_7252170e0eda5c0b
B07X4VD9Q8,category_7252170e0eda5c0b
B07X4VHDGJ,category_7252170e0eda5c0b
B07X4VLHBD,category_7252170e0eda5c0b
B07X4VTHFT,category_7252170e0eda5c0b
B07X4ZSMXF,category_7252170e0eda5c0b
B07X5CXZHS,category_7252170e0eda5c0b
B07X5FQQJN,category_7252170e0eda5c0b
B07X5V6QLB,category_7252170e0eda5c0b
B07X5VW159,category_7252170e0eda5c0b
B07X62CLQ8,category_7252170e0eda5c0b
B07X6315YW,category_7252170e0eda5c0b
B07X64WFLV,category_7252170e0eda5c0b
B07X65LZP7,category_7252170e0eda5c0b
B07X6K52F8,category_7252170e0eda5c0b
B07X7HLPXG,category_7252170e0eda5c0b
B07X7KRSR4,category_7252170e0eda5c0b
B07X7KSRSC,category_7252170e0eda5c0b
B07X7PMP4K,category_7252170e0eda5c0b
B07X83LPMX,category_7252170e0eda5c0b
B07X85XJTY,category_7252170e0eda5c0b
B07X8HB2G5,category_7252170e0eda5c0b
B07X8LKR2B,category_7252170e0eda5c0b
B07X8PVDF9,category_7252170e0eda5c0b
B07X8RM3MQ,category_7252170e0eda5c0b
B07X8SQT89,category_7252170e0eda5c0b
B07X8SRZGT,category_7252170e0eda5c0b
B07X8Z9W22,category_7252170e0eda5c0b
B07X95BY4T,category_7252170e0eda5c0b
B07X985GP9,category_7252170e0eda5c0b
B07X9C5P9G,category_7252170e0eda5c0b
B07X9D894K,category_7252170e0eda5c0b
B07X9FS1P3,category_7252170e0eda5c0b
B07X9L2XZT,category_7252170e0eda5c0b
B07X9M1F9T,category_7252170e0eda5c0b
B07X9M2241,category_7252170e0eda5c0b
B07X9M87B9,category_7252170e0eda5c0b
B07X9R7WTL,category_7252170e0eda5c0b
B07X9VP8B8,category_7252170e0eda5c0b
B07X9WH8XM,category_7252170e0eda5c0b
B07X9ZJ6J6,category_7252170e0eda5c0b
B07XB34H5N,category_7252170e0eda5c0b
B07XB559VK,category_7252170e0eda5c0b
B07XBKGQKR,category_7252170e0eda5c0b
B07XBKQG22,category_7252170e0eda5c0b
B07XBLRHQ5,category_7252170e0eda5c0b
B07XBLRW21,category_7252170e0eda5c0b
B07XBRM2PG,category_7252170e0eda5c0b
B07XBS3Z1T,category_7252170e0eda5c0b
B07XBYZ921,category_7252170e0eda5c0b
B07XC626X6,category_7252170e0eda5c0b
B07XC66Y13,category_7252170e0eda5c0b
B07XC6HGSH,category_7252170e0eda5c0b
B07XC9FR64,category_7252170e0eda5c0b
B07XCK5X1P,category_7252170e0eda5c0b
B07XCM285N,category_7252170e0eda5c0b
B07XCMY8Q7,category_7252170e0eda5c0b
B07XCP3C88,category_7252170e0eda5c0b
B07XCVBQ7G,category_7252170e0eda5c0b
B07XCYW1L6,category_7252170e0eda5c0b
B07XD21LSW,category_7252170e0eda5c0b
B07XD5HRRY,category_7252170e0eda5c0b
B07XD6C3M1,category_7252170e0eda5c0b
B07XD8CFJN,category_7252170e0eda5c0b
B07XDCCFF9,category_7252170e0eda5c0b
B07XDH4GN9,category_7252170e0eda5c0b
B07XDHKQF8,category_7252170e0eda5c0b
B07XDJ4CXN,category_7252170e0eda5c0b
B07XDL4X8P,category_7252170e0eda5c0b
B07XDWHDQR,category_7252170e0eda5c0b
B07XDX6QQR,category_7252170e0eda5c0b
B07XF4FVF9,category_7252170e0eda5c0b
B07XFB6WTR,category_7252170e0eda5c0b
B07XFKZ874,category_7252170e0eda5c0b
B07XFMSC6M,category_7252170e0eda5c0b
B07XFS5N8N,category_7252170e0eda5c0b
B07XG33227,category_7252170e0eda5c0b
B07XG534JT,category_7252170e0eda5c0b
B07XG5JB77,category_7252170e0eda5c0b
B07XG5RM98,category_7252170e0eda5c0b
B07XGCJ1KD,category_7252170e0eda5c0b
B07XGGT2D7,category_7252170e0eda5c0b
B07XGPKK7P,category_7252170e0eda5c0b
B07XGQWCHG,category_7252170e0eda5c0b
B07XH2W9HX,category_7252170e0eda5c0b
B07XH6VT35,category_7252170e0eda5c0b
B07XH7VWFS,category_7252170e0eda5c0b
B07XJ839BJ,category_7252170e0eda5c0b
B07XJ8N7LH,category_7252170e0eda5c0b
B07XJ8NV3K,category_7252170e0eda5c0b
B07XJPSHYK,category_7252170e0eda5c0b
B07XJQB7L9,category_7252170e0eda5c0b
B07XJSTYM1,category_7252170e0eda5c0b
B07XJW8Y8G,category_7252170e0eda5c0b
B07XJXT1RN,category_7252170e0eda5c0b
B07XJY9TYZ,category_7252170e0eda5c0b
B07XJZ86J7,category_7252170e0eda5c0b
B07XKCGCR3,category_7252170e0eda5c0b
B07XKD8HHJ,category_7252170e0eda5c0b
B07XKSCNJN,category_7252170e0eda5c0b
B07XKWJRWQ,category_7252170e0eda5c0b
B07XKYMZC4,category_7252170e0eda5c0b
B07XLF51GD,category_7252170e0eda5c0b
B07XLHDG5P,category_7252170e0eda5c0b
B07XLJ847V,category_7252170e0eda5c0b
B07XLJZSF7,category_7252170e0eda5c0b
B07XLTRSZQ,category_7252170e0eda5c0b
B07XMCXZD7,category_7252170e0eda5c0b
B07XMHHG6M,category_7252170e0eda5c0b
B07XMJ13BN,category_7252170e0eda5c0b
B07XMKGDHC,category_7252170e0eda5c0b
B07XMN2VSK,category_7252170e0eda5c0b
B07XN27GG9,category_7252170e0eda5c0b
B07XNGPZNM,category_7252170e0eda5c0b
B07XNHXFRC,category_7252170e0eda5c0b
B07XNS942N,category_7252170e0eda5c0b
B07XNV7LBS,category_7252170e0eda5c0b
B07XNZ2DH5,category_7252170e0eda5c0b
B07XP2DW7C,category_7252170e0eda5c0b
B07XPG4JB4,category_7252170e0eda5c0b
B07XPN5NTT,category_7252170e0eda5c0b
B07XPW1K1Q,category_7252170e0eda5c0b
B07XQ3X28Z,category_7252170e0eda5c0b
B07XQ7BHLF,category_7252170e0eda5c0b
B07XQ9R4JN,category_7252170e0eda5c0b
B07XQCCXF8,category_7252170e0eda5c0b
B07XQHBJP7,category_7252170e0eda5c0b
B07XQJ8MDT,category_7252170e0eda5c0b
B07XQL8DCG,category_7252170e0eda5c0b
B07XQZ3HWL,category_7252170e0eda5c0b
B07XQZ4JSK,category_7252170e0eda5c0b
B07XR899Y1,category_7252170e0eda5c0b
B07XRFD8LG,category_7252170e0eda5c0b
B07XRJ9S8G,category_7252170e0eda5c0b
B07XRNTWN1,category_7252170e0eda5c0b
B07XRTBW19,category_7252170e0eda5c0b
B07XRWDM1Y,category_7252170e0eda5c0b
B07XRXQN9Z,category_7252170e0eda5c0b
B07XSGR3LG,category_7252170e0eda5c0b
B07XSJ7HY8,category_7252170e0eda5c0b
B07XSMHV2M,category_7252170e0eda5c0b
B07XSNRWZD,category_7252170e0eda5c0b
B07XT1CF8V,category_7252170e0eda5c0b
B07XTJWHM1,category_7252170e0eda5c0b
B07XTK84S9,category_7252170e0eda5c0b
B07XTN6YV2,category_7252170e0eda5c0b
B07XV2VJ8S,category_7252170e0eda5c0b
B07XVCGG5K,category_7252170e0eda5c0b
B07XVFKTDR,category_7252170e0eda5c0b
B07XVP3QZY,category_7252170e0eda5c0b
B07XVQBRXD,category_7252170e0eda5c0b
B07XWW5W71,category_7252170e0eda5c0b
B07XX2GMHJ,category_7252170e0eda5c0b
B07XX55537,category_7252170e0eda5c0b
B07XX662TV,category_7252170e0eda5c0b
B07XXCY2WC,category_7252170e0eda5c0b
B07XXNBK7G,category_7252170e0eda5c0b
B07XXSQ8LW,category_7252170e0eda5c0b
B07XYCRYCW,category_7252170e0eda5c0b
B07XYFH5DZ,category_7252170e0eda5c0b
B07XYJ24QK,category_7252170e0eda5c0b
B07XYK12YR,category_7252170e0eda5c0b
B07XYT1H1Z,category_7252170e0eda5c0b
B07XYT4CFN,category_7252170e0eda5c0b
B07XYVPQQK,category_7252170e0eda5c0b
B07XYZBQFL,category_7252170e0eda5c0b
B07XZ1Q72C,category_7252170e0eda5c0b
B07XZ81SKL,category_7252170e0eda5c0b
B07XZ8T32C,category_7252170e0eda5c0b
B07XZF5JRY,category_7252170e0eda5c0b
B07XZJHTCQ,category_7252170e0eda5c0b
B07XZMRVP5,category_7252170e0eda5c0b
B07Y179M1N,category_7252170e0eda5c0b
B07Y18V4BW,category_7252170e0eda5c0b
B07Y18V991,category_7252170e0eda5c0b
B07Y1CNMV1,category_7252170e0eda5c0b
B07Y1FJ4SR,category_7252170e0eda5c0b
B07Y1KD6RR,category_7252170e0eda5c0b
B07Y1QNHMT,category_7252170e0eda5c0b
B07Y1QWZZ1,category_7252170e0eda5c0b
B07Y1ZPJCP,category_7252170e0eda5c0b
B07Y24D292,category_7252170e0eda5c0b
B07Y28YKQ2,category_7252170e0eda5c0b
B07Y29DNFJ,category_7252170e0eda5c0b
B07Y2BTSS2,category_7252170e0eda5c0b
B07Y2Q7TDL,category_7252170e0eda5c0b
B07Y2R83BK,category_7252170e0eda5c0b
B07Y2WSDQ1,category_7252170e0eda5c0b
B07Y2ZT5M3,category_7252170e0eda5c0b
B07Y32G4XJ,category_7252170e0eda5c0b
B07Y3WCZSX,category_7252170e0eda5c0b
B07Y3XLRNS,category_7252170e0eda5c0b
B07Y41X3W3,category_7252170e0eda5c0b
B07Y44V6JB,category_7252170e0eda5c0b
B07Y45VB1G,category_7252170e0eda5c0b
B07Y4KTK2R,category_7252170e0eda5c0b
B07Y4P17JZ,category_7252170e0eda5c0b
B07Y4SYK78,category_7252170e0eda5c0b
B07Y4W4L35,category_7252170e0eda5c0b
B07Y53BQMZ,category_7252170e0eda5c0b
B07Y55Q71X,category_7252170e0eda5c0b
B07Y568QMP,category_7252170e0eda5c0b
B07Y56F217,category_7252170e0eda5c0b
B07Y56L7Q2,category_7252170e0eda5c0b
B07Y56NLN2,category_7252170e0eda5c0b
B07Y56X5WR,category_7252170e0eda5c0b
B07Y5DVDZ8,category_7252170e0eda5c0b
B07Y5G5JYL,category_7252170e0eda5c0b
B07Y5GPFS1,category_7252170e0eda5c0b
B07Y5NWDBD,category_7252170e0eda5c0b
B07Y5PJ729,category_7252170e0eda5c0b
B07Y5QW8Y5,category_7252170e0eda5c0b
B07Y5VPGGN,category_7252170e0eda5c0b
B07Y5XGWKF,category_7252170e0eda5c0b
B07Y63PY1M,category_7252170e0eda5c0b
B07Y64Y89D,category_7252170e0eda5c0b
B07Y6KMZ2R,category_7252170e0eda5c0b
B07Y6Z2ZLQ,category_7252170e0eda5c0b
B07Y7DZK3M,category_7252170e0eda5c0b
B07Y7PD6R8,category_7252170e0eda5c0b
B07Y7T6FQN,category_7252170e0eda5c0b
B07Y7TC1TL,category_7252170e0eda5c0b
B07Y828JJB,category_7252170e0eda5c0b
B07Y84GYB1,category_7252170e0eda5c0b
B07Y8531H7,category_7252170e0eda5c0b
B07Y868NHF,category_7252170e0eda5c0b
B07Y874HTH,category_7252170e0eda5c0b
B07Y8HDC1F,category_7252170e0eda5c0b
B07Y8MJ4WM,category_7252170e0eda5c0b
B07Y8R5VY8,category_7252170e0eda5c0b
B07Y8SFC1L,category_7252170e0eda5c0b
B07Y8TLKMX,category_7252170e0eda5c0b
B07Y8TLYPT,category_7252170e0eda5c0b
B07Y8V9QN8,category_7252170e0eda5c0b
B07Y8VNS9Y,category_7252170e0eda5c0b
B07Y8VSKKX,category_7252170e0eda5c0b
B07Y8VTXP1,category_7252170e0eda5c0b
B07Y994LG3,category_7252170e0eda5c0b
B07Y9CMDQG,category_7252170e0eda5c0b
B07Y9G7GNQ,category_7252170e0eda5c0b
B07Y9GC7PF,category_7252170e0eda5c0b
B07Y9H2L23,category_7252170e0eda5c0b
B07Y9HCJG6,category_7252170e0eda5c0b
B07Y9JG82G,category_7252170e0eda5c0b
B07Y9JZ7PT,category_7252170e0eda5c0b
B07Y9L68R9,category_7252170e0eda5c0b
B07Y9LMD6D,category_7252170e0eda5c0b
B07Y9MFNPZ,category_7252170e0eda5c0b
B07Y9R3RMV,category_7252170e0eda5c0b
B07Y9RL6P3,category_7252170e0eda5c0b
B07Y9RR68R,category_7252170e0eda5c0b
B07Y9SJTGD,category_7252170e0eda5c0b
B07Y9W555P,category_7252170e0eda5c0b
B07Y9X35CH,category_7252170e0eda5c0b
B07YB19L23,category_7252170e0eda5c0b
B07YB5BYM3,category_7252170e0eda5c0b
B07YBHMMTB,category_7252170e0eda5c0b
B07YBHN4QY,category_7252170e0eda5c0b
B07YBK2W39,category_7252170e0eda5c0b
B07YBLFFW5,category_7252170e0eda5c0b
B07YBQH45R,category_7252170e0eda5c0b
B07YBRBVCB,category_7252170e0eda5c0b
B07YBRXJCH,category_7252170e0eda5c0b
B07YC5BCZB,category_7252170e0eda5c0b
B07YC5XHVN,category_7252170e0eda5c0b
B07YC9GNKS,category_7252170e0eda5c0b
B07YCTCXPX,category_7252170e0eda5c0b
B07YCTQ4G2,category_7252170e0eda5c0b
B07YCWNJJF,category_7252170e0eda5c0b
B07YD6BLJX,category_7252170e0eda5c0b
B07YD6FTD3,category_7252170e0eda5c0b
B07YD9HWQS,category_7252170e0eda5c0b
B07YDCFXPV,category_7252170e0eda5c0b
B07YDD94GQ,category_7252170e0eda5c0b
B07YDDR7Y7,category_7252170e0eda5c0b
B07YDKZFJZ,category_7252170e0eda5c0b
B07YDLYYP3,category_7252170e0eda5c0b
B07YFJ4FK4,category_7252170e0eda5c0b
B07YFM5YLC,category_7252170e0eda5c0b
B07YFRD9ZH,category_7252170e0eda5c0b
B07YFT3VHS,category_7252170e0eda5c0b
B07YFV4TYG,category_7252170e0eda5c0b
B07YFVXJ1Z,category_7252170e0eda5c0b
B07YG2Z4C3,category_7252170e0eda5c0b
B07YG4PRTN,category_7252170e0eda5c0b
B07YGLJWZC,category_7252170e0eda5c0b
B07YHB1VL8,category_7252170e0eda5c0b
B07YHFCRYG,category_7252170e0eda5c0b
B07YHKTF2B,category_7252170e0eda5c0b
B07YHSXJP5,category_7252170e0eda5c0b
B07YHXR12V,category_7252170e0eda5c0b
B07YHZQG2P,category_7252170e0eda5c0b
B07YJ7CTVV,category_7252170e0eda5c0b
B07YJCW4J6,category_7252170e0eda5c0b
B07YJGYBXX,category_7252170e0eda5c0b
B07YJHYK58,category_7252170e0eda5c0b
B07YJTW6LH,category_7252170e0eda5c0b
B07YJVFWDB,category_7252170e0eda5c0b
B07YJVXN76,category_7252170e0eda5c0b
B07YJZS36B,category_7252170e0eda5c0b
B07YK71561,category_7252170e0eda5c0b
B07YK8MNN8,category_7252170e0eda5c0b
B07YKBY536,category_7252170e0eda5c0b
B07YKDG7VN,category_7252170e0eda5c0b
B07YKFLX29,category_7252170e0eda5c0b
B07YKFWGVG,category_7252170e0eda5c0b
B07YL4L81W,category_7252170e0eda5c0b
B07YL9XG1S,category_7252170e0eda5c0b
B07YM4J1MC,category_7252170e0eda5c0b
B07YM54GLC,category_7252170e0eda5c0b
B07YMW28BV,category_7252170e0eda5c0b
B07YN2X8HN,category_7252170e0eda5c0b
B07YNFFN7J,category_7252170e0eda5c0b
B07YNFGRCK,category_7252170e0eda5c0b
B07YNR6G5C,category_7252170e0eda5c0b
B07YNXP9P7,category_d6ac68cf358b59e5
B07YNXZKB9,category_7252170e0eda5c0b
B07YP2K4LF,category_7252170e0eda5c0b
B07YP7QJG9,category_7252170e0eda5c0b
B07YPN6NS3,category_7252170e0eda5c0b
B07YPW9VFB,category_7252170e0eda5c0b
B07YQ8DWGR,category_7252170e0eda5c0b
B07YQBN41R,category_7252170e0eda5c0b
B07YQBSXRD,category_7252170e0eda5c0b
B07YQCN4BV,category_7252170e0eda5c0b
B07YQG1Y2Z,category_7252170e0eda5c0b
B07YQJVCF7,category_7252170e0eda5c0b
B07YQQPV9Q,category_7252170e0eda5c0b
B07YQRNF9R,category_7252170e0eda5c0b
B07YQV4PH1,category_7252170e0eda5c0b
B07YQWV37N,category_7252170e0eda5c0b
B07YQXH9M6,category_7252170e0eda5c0b
B07YQYXVPH,category_7252170e0eda5c0b
B07YRC7JZG,category_7252170e0eda5c0b
B07YRG9L93,category_7252170e0eda5c0b
B07YRKGQQM,category_7252170e0eda5c0b
B07YRN53DK,category_7252170e0eda5c0b
B07YRPB99Z,category_7252170e0eda5c0b
B07YS23TCN,category_7252170e0eda5c0b
B07YS4FSDG,category_7252170e0eda5c0b
B07YS581P3,category_7252170e0eda5c0b
B07YS5GPFB,category_7252170e0eda5c0b
B07YS6NGS3,category_7252170e0eda5c0b
B07YSBG6FQ,category_7252170e0eda5c0b
B07YSC7V2R,category_7252170e0eda5c0b
B07YSVTQK3,category_7252170e0eda5c0b
B07YSZVQZD,category_7252170e0eda5c0b
B07YTPD82Y,category_7252170e0eda5c0b
B07YTXD8JB,category_7252170e0eda5c0b
B07YTYPL6R,category_7252170e0eda5c0b
B07YV3D72L,category_7252170e0eda5c0b
B07YV3W37J,category_7252170e0eda5c0b
B07YV8NMLL,category_7252170e0eda5c0b
B07YV9SPZZ,category_7252170e0eda5c0b
B07YW91WD7,category_7252170e0eda5c0b
B07YWQZF2V,category_7252170e0eda5c0b
B07YX3DZLX,category_7252170e0eda5c0b
B07YX8Q9H8,category_7252170e0eda5c0b
B07YXB7TJ4,category_7252170e0eda5c0b
B07YXDPQDF,category_7252170e0eda5c0b
B07YXKNLDT,category_7252170e0eda5c0b
B07YXNDBKY,category_7252170e0eda5c0b
B07YXY78NT,category_7252170e0eda5c0b
B07YY34SVQ,category_7252170e0eda5c0b
B07YY36MGZ,category_7252170e0eda5c0b
B07YY4LXW7,category_7252170e0eda5c0b
B07YY97FSG,category_7252170e0eda5c0b
B07YYBD5F5,category_7252170e0eda5c0b
B07YYGL9BJ,category_7252170e0eda5c0b
B07YYKZPPX,category_7252170e0eda5c0b
B07YYLHT4N,category_7252170e0eda5c0b
B07YYVJ26G,category_7252170e0eda5c0b
B07YZ1H6W1,category_7252170e0eda5c0b
B07YZ4PQ1V,category_7252170e0eda5c0b
B07YZK6787,category_7252170e0eda5c0b
B07Z1PB9HF,category_7252170e0eda5c0b
B07Z1RZWJJ,category_7252170e0eda5c0b
B07Z1XMHTB,category_7252170e0eda5c0b
B07Z24ZH7Y,category_7252170e0eda5c0b
B07Z29R2P7,category_7252170e0eda5c0b
B07Z2B1BXV,category_7252170e0eda5c0b
B07Z2JLTPK,category_7252170e0eda5c0b
B07Z2TJH47,category_7252170e0eda5c0b
B07Z354JTV,category_7252170e0eda5c0b
B07Z362XXK,category_7252170e0eda5c0b
B07Z36732X,category_7252170e0eda5c0b
B07Z3675KP,category_7252170e0eda5c0b
B07Z368LNW,category_7252170e0eda5c0b
B07Z36FF7X,category_7252170e0eda5c0b
B07Z36G8L7,category_7252170e0eda5c0b
B07Z3C2JV1,category_7252170e0eda5c0b
B07Z3DVGLN,category_7252170e0eda5c0b
B07Z3HYNW6,category_7252170e0eda5c0b
B07Z3KGHJJ,category_7252170e0eda5c0b
B07Z3LMY6Z,category_7252170e0eda5c0b
B07Z3RHS87,category_7252170e0eda5c0b
B07Z3SC7KT,category_7252170e0eda5c0b
B07Z3SMDZN,category_7252170e0eda5c0b
B07Z3SYNPH,category_7252170e0eda5c0b
B07Z3XTDQL,category_7252170e0eda5c0b
B07Z3YZ65X,category_7252170e0eda5c0b
B07Z45P1G9,category_7252170e0eda5c0b
B07Z48888M,category_7252170e0eda5c0b
B07Z4CVTRP,category_7252170e0eda5c0b
B07Z4F77RN,category_7252170e0eda5c0b
B07Z4H6PPP,category_7252170e0eda5c0b
B07Z4NZ3M6,category_7252170e0eda5c0b
B07Z4QNT9Z,category_7252170e0eda5c0b
B07Z4WNQRG,category_7252170e0eda5c0b
B07Z4XV2GB,category_7252170e0eda5c0b
B07Z5HHXCT,category_7252170e0eda5c0b
B07Z5HRYSY,category_7252170e0eda5c0b
B07Z5LHFQP,category_7252170e0eda5c0b
B07Z5M64HF,category_7252170e0eda5c0b
B07Z5MSKPW,category_7252170e0eda5c0b
B07Z5N4ZGQ,category_7252170e0eda5c0b
B07Z5P2PG5,category_7252170e0eda5c0b
B07Z5QSM7F,category_7252170e0eda5c0b
B07Z5X8YY6,category_7252170e0eda5c0b
B07Z5ZCJK8,category_7252170e0eda5c0b
B07Z68JTSB,category_7252170e0eda5c0b
B07Z6JL3BS,category_7252170e0eda5c0b
B07Z6L8DNC,category_7252170e0eda5c0b
B07Z6RVZL3,category_7252170e0eda5c0b
B07Z72Y13S,category_7252170e0eda5c0b
B07Z7J5WCV,category_7252170e0eda5c0b
B07Z7PVFFX,category_7252170e0eda5c0b
B07Z7YPJQ2,category_7252170e0eda5c0b
B07Z811YRG,category_7252170e0eda5c0b
B07Z818MLY,category_7252170e0eda5c0b
B07Z82BJNP,category_7252170e0eda5c0b
B07Z8H2V87,category_7252170e0eda5c0b
B07Z8J3TGD,category_7252170e0eda5c0b
B07Z8PV1KQ,category_7252170e0eda5c0b
B07Z9M8D97,category_7252170e0eda5c0b
B07Z9MQKS3,category_7252170e0eda5c0b
B07ZB6VJGY,category_7252170e0eda5c0b
B07ZBBMSVM,category_7252170e0eda5c0b
B07ZBJD759,category_7252170e0eda5c0b
B07ZBVMJV2,category_7252170e0eda5c0b
B07ZC5MT2K,category_7252170e0eda5c0b
B07ZCDSFDB,category_7252170e0eda5c0b
B07ZCH8931,category_7252170e0eda5c0b
B07ZCHM9SL,category_7252170e0eda5c0b
B07ZCHXRBJ,category_7252170e0eda5c0b
B07ZCJL6NQ,category_7252170e0eda5c0b
B07ZCP3LHB,category_7252170e0eda5c0b
B07ZCPJ43B,category_7252170e0eda5c0b
B07ZCPSDFN,category_7252170e0eda5c0b
B07ZCQX1VS,category_7252170e0eda5c0b
B07ZCRQV2R,category_7252170e0eda5c0b
B07ZCSXLK1,category_7252170e0eda5c0b
B07ZCT8Q73,category_7252170e0eda5c0b
B07ZCTZ673,category_7252170e0eda5c0b
B07ZD648WC,category_7252170e0eda5c0b
B07ZDFP33C,category_7252170e0eda5c0b
B07ZDLDMMS,category_7252170e0eda5c0b
B07ZDP58JQ,category_7252170e0eda5c0b
B07ZF6MPDN,category_7252170e0eda5c0b
B07ZF8Z12B,category_7252170e0eda5c0b
B07ZFJTM34,category_7252170e0eda5c0b
B07ZFZR2N4,category_7252170e0eda5c0b
B07ZG4MF77,category_7252170e0eda5c0b
B07ZG4THYZ,category_7252170e0eda5c0b
B07ZG73QXR,category_7252170e0eda5c0b
B07ZGHPZNB,category_7252170e0eda5c0b
B07ZGJ42XT,category_7252170e0eda5c0b
B07ZH13LYL,category_7252170e0eda5c0b
B07ZH2J8TM,category_7252170e0eda5c0b
B07ZH353VT,category_7252170e0eda5c0b
B07ZH3KDJC,category_7252170e0eda5c0b
B07ZH5T6KY,category_7252170e0eda5c0b
B07ZH8SVDY,category_7252170e0eda5c0b
B07ZH9C2G2,category_7252170e0eda5c0b
B07ZH9G36W,category_7252170e0eda5c0b
B07ZHBHCSX,category_7252170e0eda5c0b
B07ZHGNPZM,category_7252170e0eda5c0b
B07ZHK71QC,category_7252170e0eda5c0b
B07ZHN8SDJ,category_7252170e0eda5c0b
B07ZHP2WJX,category_7252170e0eda5c0b
B07ZHRBQCY,category_7252170e0eda5c0b
B07ZHYYJDW,category_7252170e0eda5c0b
B07ZJ335DQ,category_7252170e0eda5c0b
B07ZJ48HT7,category_7252170e0eda5c0b
B07ZJ59FZ4,category_7252170e0eda5c0b
B07ZJFC1GY,category_7252170e0eda5c0b
B07ZJFL1HJ,category_7252170e0eda5c0b
B07ZJTB6XB,category_7252170e0eda5c0b
B07ZJW55Z5,category_7252170e0eda5c0b
B07ZK5T97C,category_7252170e0eda5c0b
B07ZK6MQHY,category_7252170e0eda5c0b
B07ZK8J7Y3,category_7252170e0eda5c0b
B07ZKB5MTV,category_7252170e0eda5c0b
B07ZKDHFBW,category_7252170e0eda5c0b
B07ZKDRWP6,category_7252170e0eda5c0b
B07ZKGZ9W6,category_7252170e0eda5c0b
B07ZKN2VJJ,category_7252170e0eda5c0b
B07ZKZ8KPW,category_7252170e0eda5c0b
B07ZL3VD28,category_7252170e0eda5c0b
B07ZLW8PM8,category_7252170e0eda5c0b
B07ZM15J8Q,category_7252170e0eda5c0b
B07ZMGMN14,category_7252170e0eda5c0b
B07ZNGPZBD,category_7252170e0eda5c0b
B07ZNM5PZ8,category_7252170e0eda5c0b
B07ZNS2TQP,category_7252170e0eda5c0b
B07ZNW4BMB,category_7252170e0eda5c0b
B07ZP1TTBB,category_7252170e0eda5c0b
B07ZP7L2G4,category_7252170e0eda5c0b
B07ZPBQ2G5,category_7252170e0eda5c0b
B07ZPK3HSD,category_7252170e0eda5c0b
B07ZPPMG9G,category_7252170e0eda5c0b
B07ZPQ6V62,category_7252170e0eda5c0b
B07ZPQTH2M,category_7252170e0eda5c0b
B07ZQ1QXK7,category_7252170e0eda5c0b
B07ZQ3RMV4,category_7252170e0eda5c0b
B07ZQ54GHZ,category_7252170e0eda5c0b
B07ZQJJK7H,category_7252170e0eda5c0b
B07ZQNRP8C,category_7252170e0eda5c0b
B07ZQRX7FX,category_7252170e0eda5c0b
B07ZQSHBVR,category_7252170e0eda5c0b
B07ZQT14WM,category_7252170e0eda5c0b
B07ZRBM5G5,category_7252170e0eda5c0b
B07ZRC1477,category_7252170e0eda5c0b
B07ZRC2P3S,category_7252170e0eda5c0b
B07ZRCTX4C,category_7252170e0eda5c0b
B07ZRGQDW7,category_7252170e0eda5c0b
B07ZRJJR62,category_7252170e0eda5c0b
B07ZS3DKL5,category_7252170e0eda5c0b
B07ZS9M85V,category_7252170e0eda5c0b
B07ZTYQS49,category_7252170e0eda5c0b
B07ZV3G6K3,category_7252170e0eda5c0b
B07ZV42RT9,category_7252170e0eda5c0b
B07ZV6265R,category_7252170e0eda5c0b
B07ZVG1PQ4,category_7252170e0eda5c0b
B07ZVNLQYJ,category_7252170e0eda5c0b
B07ZVNVKSH,category_7252170e0eda5c0b
B07ZVQF8Q2,category_7252170e0eda5c0b
B07ZVSHZ9L,category_7252170e0eda5c0b
B07ZVXLZCY,category_7252170e0eda5c0b
B07ZWC6231,category_7252170e0eda5c0b
B07ZWTYC96,category_7252170e0eda5c0b
B07ZX4R33J,category_7252170e0eda5c0b
B07ZX5J8ZD,category_7252170e0eda5c0b
B07ZXHCMWD,category_7252170e0eda5c0b
B07ZXQL636,category_7252170e0eda5c0b
B07ZY7GP8Y,category_7252170e0eda5c0b
B07ZYHC19R,category_7252170e0eda5c0b
B07ZYMLPRV,category_7252170e0eda5c0b
B07ZYPL2RD,category_7252170e0eda5c0b
B07ZYY4QSX,category_7252170e0eda5c0b
B07ZZ3S7RD,category_7252170e0eda5c0b
B07ZZ8641H,category_7252170e0eda5c0b
B07ZZGW4YP,category_7252170e0eda5c0b
B08111CKNR,category_7252170e0eda5c0b
B08112SV31,category_7252170e0eda5c0b
B08113C7QV,category_7252170e0eda5c0b
B0811522SH,category_7252170e0eda5c0b
B08119KSDN,category_7252170e0eda5c0b
B0811DTMW9,category_7252170e0eda5c0b
B0811FN1QZ,category_7252170e0eda5c0b
B0811JMGY7,category_7252170e0eda5c0b
B0811LRDHV,category_7252170e0eda5c0b
B0811RTG8V,category_7252170e0eda5c0b
B08123DTJF,category_7252170e0eda5c0b
B08125NHPL,category_7252170e0eda5c0b
B0812FYBCG,category_7252170e0eda5c0b
B0812ZFVNM,category_7252170e0eda5c0b
B08136479P,category_7252170e0eda5c0b
B081378C8M,category_7252170e0eda5c0b
B0813F6K6X,category_7252170e0eda5c0b
B0813R9HC9,category_7252170e0eda5c0b
B0813XDYQ5,category_7252170e0eda5c0b
B0813XZYZ1,category_7252170e0eda5c0b
B0814TK2WW,category_7252170e0eda5c0b
B0814YYV4X,category_7252170e0eda5c0b
B0815WQK6H,category_7252170e0eda5c0b
B0815YHKGG,category_7252170e0eda5c0b
B081625C98,category_7252170e0eda5c0b
B08166YGL3,category_7252170e0eda5c0b
B0816CZ7XS,category_7252170e0eda5c0b
B0816H7C48,category_7252170e0eda5c0b
B0816RH7JN,category_7252170e0eda5c0b
B0816XW4CT,category_7252170e0eda5c0b
B08172PRXF,category_7252170e0eda5c0b
B08172YQL6,category_7252170e0eda5c0b
B081739S2H,category_7252170e0eda5c0b
B08176G997,category_7252170e0eda5c0b
B08177RCYQ,category_7252170e0eda5c0b
B0817B4DRC,category_7252170e0eda5c0b
B0817B6ZHX,category_7252170e0eda5c0b
B0817DZTH2,category_7252170e0eda5c0b
B0817GLDH7,category_7252170e0eda5c0b
B0817H99D1,category_7252170e0eda5c0b
B0817HYMTL,category_7252170e0eda5c0b
B0817J6DVG,category_7252170e0eda5c0b
B0817JQ29G,category_7252170e0eda5c0b
B0817LV5W4,category_7252170e0eda5c0b
B0817MS86G,category_7252170e0eda5c0b
B0817QYDMK,category_7252170e0eda5c0b
B0817SC7LR,category_7252170e0eda5c0b
B0817TSY5Y,category_7252170e0eda5c0b
B081824CXY,category_7252170e0eda5c0b
B0818PMM4K,category_7252170e0eda5c0b
B0818X6RDP,category_7252170e0eda5c0b
B08192SXNN,category_7252170e0eda5c0b
B0819317WP,category_7252170e0eda5c0b
B08193XFCW,category_7252170e0eda5c0b
B08194ZSFM,category_7252170e0eda5c0b
B081958WZ7,category_7252170e0eda5c0b
B081977NR3,category_7252170e0eda5c0b
B08197RXTQ,category_7252170e0eda5c0b
B0819L8DQR,category_7252170e0eda5c0b
B0819MGST9,category_7252170e0eda5c0b
B0819MZTCB,category_7252170e0eda5c0b
B0819N65ZW,category_7252170e0eda5c0b
B0819SMRQG,category_7252170e0eda5c0b
B081B7M2GR,category_7252170e0eda5c0b
B081BCHMLV,category_7252170e0eda5c0b
B081CB8WBC,category_7252170e0eda5c0b
B081CBNHBY,category_7252170e0eda5c0b
B081CFN79W,category_7252170e0eda5c0b
B081CK97GD,category_7252170e0eda5c0b
B081CKZ2L8,category_7252170e0eda5c0b
B081CT13NN,category_7252170e0eda5c0b
B081CXY3CY,category_7252170e0eda5c0b
B081D69G2Z,category_7252170e0eda5c0b
B081D6TYYX,category_7252170e0eda5c0b
B081D87QCJ,category_7252170e0eda5c0b
B081D94RZN,category_7252170e0eda5c0b
B081DBV79P,category_7252170e0eda5c0b
B081DFMBW8,category_7252170e0eda5c0b
B081DG438V,category_7252170e0eda5c0b
B081DHHD9G,category_7252170e0eda5c0b
B081DHXCP1,category_7252170e0eda5c0b
B081DJB4YZ,category_7252170e0eda5c0b
B081DJNW3F,category_7252170e0eda5c0b
B081DKWMG5,category_7252170e0eda5c0b
B081DMLK83,category_7252170e0eda5c0b
B081F3C68P,category_7252170e0eda5c0b
B081F7687G,category_7252170e0eda5c0b
B081FD1BM7,category_7252170e0eda5c0b
B081FKT7CB,category_7252170e0eda5c0b
B081G6KYKK,category_7252170e0eda5c0b
B081G8BMCV,category_7252170e0eda5c0b
B081GD56ZD,category_7252170e0eda5c0b
B081GHH8JJ,category_7252170e0eda5c0b
B081GPK6QR,category_7252170e0eda5c0b
B081GPTY2Y,category_7252170e0eda5c0b
B081GWGSHT,category_7252170e0eda5c0b
B081GWRF84,category_7252170e0eda5c0b
B081HD68FV,category_7252170e0eda5c0b
B081HDDRR8,category_7252170e0eda5c0b
B081HWZKS5,category_7252170e0eda5c0b
B081HX8GT4,category_7252170e0eda5c0b
B081HYHY6J,category_7252170e0eda5c0b
B081HYKV8X,category_7252170e0eda5c0b
B081HZ1GHX,category_7252170e0eda5c0b
B081HZ1GSR,category_7252170e0eda5c0b
B081HZL666,category_7252170e0eda5c0b
B081HZXYRX,category_7252170e0eda5c0b
B081J4WD6R,category_7252170e0eda5c0b
B081J8D1YP,category_7252170e0eda5c0b
B081JJQ9L1,category_7252170e0eda5c0b
B081JMMSB2,category_7252170e0eda5c0b
B081JRF9CR,category_7252170e0eda5c0b
B081JT7FW5,category_7252170e0eda5c0b
B081JYS7QJ,category_7252170e0eda5c0b
B081K5NZRX,category_7252170e0eda5c0b
B081K7P7DF,category_7252170e0eda5c0b
B081K9B1WN,category_7252170e0eda5c0b
B081K9M7VC,category_7252170e0eda5c0b
B081L8J1D8,category_7252170e0eda5c0b
B081LMS6V8,category_7252170e0eda5c0b
B081M3SZ5P,category_7252170e0eda5c0b
B081MSMHZ3,category_7252170e0eda5c0b
B081MT6GBY,category_7252170e0eda5c0b
B081MTLWD8,category_7252170e0eda5c0b
B081N2VVMP,category_7252170e0eda5c0b
B081N7TZ9M,category_7252170e0eda5c0b
B081NGYJJ2,category_7252170e0eda5c0b
B081NH5KNB,category_7252170e0eda5c0b
B081NJ9G4Z,category_7252170e0eda5c0b
B081NKP3JL,category_7252170e0eda5c0b
B081PH86BH,category_7252170e0eda5c0b
B081PKVWNP,category_7252170e0eda5c0b
B081PS98JF,category_7252170e0eda5c0b
B081Q1R963,category_7252170e0eda5c0b
B081Q3TPH8,category_7252170e0eda5c0b
B081Q8WLFG,category_7252170e0eda5c0b
B081QMZ6HJ,category_7252170e0eda5c0b
B081QT38P8,category_7252170e0eda5c0b
B081QTDCYV,category_7252170e0eda5c0b
B081QVZ8CV,category_7252170e0eda5c0b
B081QWH8JJ,category_7252170e0eda5c0b
B081R3PWV4,category_7252170e0eda5c0b
B081RCHWMS,category_7252170e0eda5c0b
B081RWMHPS,category_7252170e0eda5c0b
B081S686WV,category_7252170e0eda5c0b
B081S72QK6,category_7252170e0eda5c0b
B081S85MK3,category_7252170e0eda5c0b
B081S8CL2X,category_7252170e0eda5c0b
B081S9VW4G,category_7252170e0eda5c0b
B081SRQ2J1,category_7252170e0eda5c0b
B081T1BLLW,category_7252170e0eda5c0b
B081THSGTR,category_7252170e0eda5c0b
B081TQMZTL,category_7252170e0eda5c0b
B081TSLFTT,category_7252170e0eda5c0b
B081TSM4R3,category_7252170e0eda5c0b
B081TTCP3Q,category_7252170e0eda5c0b
B081TTPDHY,category_7252170e0eda5c0b
B081TWZZJJ,category_7252170e0eda5c0b
B081TXW6QY,category_7252170e0eda5c0b
B081V4JG57,category_7252170e0eda5c0b
B081V68J9W,category_7252170e0eda5c0b
B081VSM7L8,category_7252170e0eda5c0b
B081VYPWCF,category_7252170e0eda5c0b
B081W5XFX1,category_7252170e0eda5c0b
B081W75PZK,category_7252170e0eda5c0b
B081X2JRYR,category_7252170e0eda5c0b
B081XD2HRD,category_7252170e0eda5c0b
B081XVR2T5,category_7252170e0eda5c0b
B081XWS7S4,category_7252170e0eda5c0b
B081XZ8192,category_7252170e0eda5c0b
B081XZF94H,category_7252170e0eda5c0b
B081XZK2QB,category_7252170e0eda5c0b
B081XZWNV1,category_7252170e0eda5c0b
B081Y4Q7KL,category_7252170e0eda5c0b
B081YM3GS5,category_7252170e0eda5c0b
B081YNXZVN,category_7252170e0eda5c0b
B081YQ5DVB,category_7252170e0eda5c0b
B081YRVJNS,category_7252170e0eda5c0b
B081YZ2KMJ,category_7252170e0eda5c0b
B081ZCHSZJ,category_7252170e0eda5c0b
B081ZF4F9R,category_d6ac68cf358b59e5
B081ZLQ4TB,category_7252170e0eda5c0b
B081ZN3TD5,category_7252170e0eda5c0b
B081ZV4LQ2,category_7252170e0eda5c0b
B082149YDD,category_7252170e0eda5c0b
B0821P6QSG,category_7252170e0eda5c0b
B0821WX5VW,category_7252170e0eda5c0b
B08221DMH2,category_7252170e0eda5c0b
B08222H5N9,category_7252170e0eda5c0b
B082245PK2,category_7252170e0eda5c0b
B08227QCNL,category_7252170e0eda5c0b
B08228F339,category_7252170e0eda5c0b
B08229K7VC,category_7252170e0eda5c0b
B08229NCRY,category_7252170e0eda5c0b
B0822GW9ZZ,category_7252170e0eda5c0b
B0822N4VFS,category_7252170e0eda5c0b
B08233HP1P,category_7252170e0eda5c0b
B08234GR4T,category_7252170e0eda5c0b
B0823BFHRC,category_7252170e0eda5c0b
B0823DKFXH,category_7252170e0eda5c0b
B0823J1Y29,category_7252170e0eda5c0b
B0823TKZTJ,category_7252170e0eda5c0b
B0823WPN5Q,category_7252170e0eda5c0b
B0823Y7BS8,category_7252170e0eda5c0b
B0824KCQ3S,category_7252170e0eda5c0b
B0824N5XFC,category_7252170e0eda5c0b
B0824NWLM3,category_7252170e0eda5c0b
B0824RZR17,category_7252170e0eda5c0b
B0824VPH69,category_7252170e0eda5c0b
B0824VW3WQ,category_7252170e0eda5c0b
B08256Y999,category_7252170e0eda5c0b
B0825969HJ,category_7252170e0eda5c0b
B0825KC4SN,category_7252170e0eda5c0b
B0825MKY1F,category_7252170e0eda5c0b
B0825Q5X3G,category_7252170e0eda5c0b
B0825RZQ82,category_7252170e0eda5c0b
B0825V5RGK,category_7252170e0eda5c0b
B0825X1R3Z,category_7252170e0eda5c0b
B0826BMY47,category_7252170e0eda5c0b
B0826Q68CD,category_7252170e0eda5c0b
B082715N8K,category_7252170e0eda5c0b
B08277G2GY,category_7252170e0eda5c0b
B0827LWXPB,category_7252170e0eda5c0b
B082825MJH,category_7252170e0eda5c0b
B0828B2WRZ,category_7252170e0eda5c0b
B0828GPT3F,category_7252170e0eda5c0b
B0828KJHNX,category_7252170e0eda5c0b
B0828QPX25,category_7252170e0eda5c0b
B0828RW55R,category_7252170e0eda5c0b
B0828V3LH2,category_7252170e0eda5c0b
B0828W1FTR,category_7252170e0eda5c0b
B0828W2HXQ,category_7252170e0eda5c0b
B0828Y9FM1,category_7252170e0eda5c0b
B08292SVVM,category_7252170e0eda5c0b
B082939ZV3,category_7252170e0eda5c0b
B082971F71,category_7252170e0eda5c0b
B082998FMT,category_7252170e0eda5c0b
B0829DBVNM,category_7252170e0eda5c0b
B0829F9GX3,category_7252170e0eda5c0b
B0829HBB7T,category_7252170e0eda5c0b
B0829L38PY,category_7252170e0eda5c0b
B0829T85ZC,category_7252170e0eda5c0b
B0829V3N9L,category_7252170e0eda5c0b
B0829XFPLQ,category_7252170e0eda5c0b
B082B14HFS,category_7252170e0eda5c0b
B082B17X8H,category_7252170e0eda5c0b
B082B9KD5H,category_7252170e0eda5c0b
B082BDPQPC,category_7252170e0eda5c0b
B082BFL4K9,category_7252170e0eda5c0b
B082BJYV38,category_7252170e0eda5c0b
B082CFMZ88,category_7252170e0eda5c0b
B082CGQYRZ,category_7252170e0eda5c0b
B082CGWPVF,category_7252170e0eda5c0b
B082CHH56C,category_7252170e0eda5c0b
B082CJN8BN,category_7252170e0eda5c0b
B082CS6LTP,category_7252170e0eda5c0b
B082D4T8PM,category_7252170e0eda5c0b
B082D9TR1D,category_7252170e0eda5c0b
B082D9Z3LT,category_7252170e0eda5c0b
B082DBJXQ5,category_7252170e0eda5c0b
B082DC89J2,category_7252170e0eda5c0b
B082DHT83C,category_7252170e0eda5c0b
B082DJD9B5,category_7252170e0eda5c0b
B082DPZN9J,category_7252170e0eda5c0b
B082DR24C8,category_7252170e0eda5c0b
B082DYJWN7,category_7252170e0eda5c0b
B082F1C5LQ,category_7252170e0eda5c0b
B082F2XTMW,category_7252170e0eda5c0b
B082FBCPLX,category_7252170e0eda5c0b
B082FBHVZR,category_7252170e0eda5c0b
B082FQP5ND,category_7252170e0eda5c0b
B082FTL2X3,category_7252170e0eda5c0b
B082FTLS9Q,category_7252170e0eda5c0b
B082FTR1FC,category_7252170e0eda5c0b
B082FVJXPJ,category_7252170e0eda5c0b
B082FVWS2H,category_7252170e0eda5c0b
B082FXHHZ6,category_7252170e0eda5c0b
B082G1MMRV,category_7252170e0eda5c0b
B082GHZFB6,category_7252170e0eda5c0b
B082GVTVVD,category_7252170e0eda5c0b
B082H3FJN5,category_7252170e0eda5c0b
B082H4WX2L,category_7252170e0eda5c0b
B082H6QD4C,category_7252170e0eda5c0b
B082HB5TH6,category_7252170e0eda5c0b
B082HBNFLN,category_7252170e0eda5c0b
B082HFB7LL,category_7252170e0eda5c0b
B082HFSDPD,category_7252170e0eda5c0b
B082J44X3J,category_7252170e0eda5c0b
B082K3KKNJ,category_7252170e0eda5c0b
B082K86V48,category_7252170e0eda5c0b
B082KCFJC9,category_7252170e0eda5c0b
B082KFJS9H,category_7252170e0eda5c0b
B082KJHN4Z,category_7252170e0eda5c0b
B082KKPX39,category_7252170e0eda5c0b
B082KMJQ3X,category_7252170e0eda5c0b
B082KYQM2V,category_7252170e0eda5c0b
B082L3D8Z5,category_7252170e0eda5c0b
B082M8F8Z3,category_7252170e0eda5c0b
B082M8TSFD,category_7252170e0eda5c0b
B082MB7B12,category_7252170e0eda5c0b
B082MC34Q2,category_7252170e0eda5c0b
B082MSMY5V,category_7252170e0eda5c0b
B082MV6JPD,category_7252170e0eda5c0b
B082N21QDX,category_7252170e0eda5c0b
B082NJKPTH,category_7252170e0eda5c0b
B082NMCNQP,category_7252170e0eda5c0b
B082NPNPTS,category_7252170e0eda5c0b
B082NRPZ9G,category_7252170e0eda5c0b
B082NTN6MX,category_7252170e0eda5c0b
B082P6QVCV,category_7252170e0eda5c0b
B082PCR96K,category_7252170e0eda5c0b
B082PM5HQP,category_7252170e0eda5c0b
B082PMZXH7,category_7252170e0eda5c0b
B082PVST51,category_7252170e0eda5c0b
B082PW9YTT,category_7252170e0eda5c0b
B082Q129VY,category_7252170e0eda5c0b
B082QQBPFB,category_7252170e0eda5c0b
B082QSRTJZ,category_7252170e0eda5c0b
B082QYF1K8,category_7252170e0eda5c0b
B082QZDR7R,category_7252170e0eda5c0b
B082R6QQP8,category_7252170e0eda5c0b
B082RKQ8DN,category_7252170e0eda5c0b
B082S1T4KP,category_7252170e0eda5c0b
B082S1T9T2,category_7252170e0eda5c0b
B082S4MLP8,category_7252170e0eda5c0b
B082S82NTM,category_7252170e0eda5c0b
B082S8WW5G,category_7252170e0eda5c0b
B082SC7XMQ,category_7252170e0eda5c0b
B082SGYXMK,category_7252170e0eda5c0b
B082SKCFP5,category_7252170e0eda5c0b
B082SL5BJB,category_7252170e0eda5c0b
B082SZBH3V,category_7252170e0eda5c0b
B082SZSXR7,category_7252170e0eda5c0b
B082TW3YFH,category_7252170e0eda5c0b
B082TW71JL,category_7252170e0eda5c0b
B082TYJX2R,category_7252170e0eda5c0b
B082V7WKRR,category_7252170e0eda5c0b
B082V9GSMD,category_7252170e0eda5c0b
B082VGQMJV,category_7252170e0eda5c0b
B082VKP6BG,category_7252170e0eda5c0b
B082VNJDXG,category_7252170e0eda5c0b
B082VQQMKB,category_7252170e0eda5c0b
B082VWBP67,category_7252170e0eda5c0b
B082W1JY4M,category_7252170e0eda5c0b
B082W2TR37,category_7252170e0eda5c0b
B082WC7DSW,category_7252170e0eda5c0b
B082WGKWWF,category_7252170e0eda5c0b
B082WSXXND,category_7252170e0eda5c0b
B082WWDXR8,category_7252170e0eda5c0b
B082WXKC5K,category_7252170e0eda5c0b
B082WYQWGF,category_7252170e0eda5c0b
B082X1K7WB,category_7252170e0eda5c0b
B082X27FPS,category_7252170e0eda5c0b
B082X4K8JR,category_7252170e0eda5c0b
B082X4LN9K,category_7252170e0eda5c0b
B082X4M756,category_7252170e0eda5c0b
B082XCYLXN,category_7252170e0eda5c0b
B082XHLYZ5,category_7252170e0eda5c0b
B082XHP1FH,category_7252170e0eda5c0b
B082XN76J4,category_7252170e0eda5c0b
B082XQWMCG,category_7252170e0eda5c0b
B082XRJTWP,category_7252170e0eda5c0b
B082Y1RGHM,category_7252170e0eda5c0b
B082Y3Y7YK,category_7252170e0eda5c0b
B082Y4K56C,category_7252170e0eda5c0b
B082YF5CXZ,category_7252170e0eda5c0b
B082YLTYGJ,category_7252170e0eda5c0b
B082YM79LS,category_7252170e0eda5c0b
B082YNV551,category_7252170e0eda5c0b
B082YV7M1C,category_7252170e0eda5c0b
B082YW3TGT,category_7252170e0eda5c0b
B082YYQJ37,category_7252170e0eda5c0b
B082ZBXQ3P,category_7252170e0eda5c0b
B082ZPSCC2,category_7252170e0eda5c0b
B082ZQ28MY,category_7252170e0eda5c0b
B082ZQD3JN,category_7252170e0eda5c0b
B082ZW6PM8,category_7252170e0eda5c0b
B082ZW9QM2,category_7252170e0eda5c0b
B082ZXRRWP,category_7252170e0eda5c0b
B082ZZM9Z8,category_7252170e0eda5c0b
B082ZZZZ9W,category_7252170e0eda5c0b
B083122WRC,category_7252170e0eda5c0b
B08312P53K,category_7252170e0eda5c0b
B08314WBRN,category_7252170e0eda5c0b
B08319ZVQV,category_7252170e0eda5c0b
B0831GZJ3J,category_7252170e0eda5c0b
B0831K9HHT,category_7252170e0eda5c0b
B0832FBXNR,category_7252170e0eda5c0b
B0832G9V9W,category_7252170e0eda5c0b
B0832GQSH1,category_7252170e0eda5c0b
B0832J1F8V,category_7252170e0eda5c0b
B0832NCGFL,category_7252170e0eda5c0b
B0832QL6WT,category_7252170e0eda5c0b
B0832RV1LX,category_7252170e0eda5c0b
B08333SX2X,category_7252170e0eda5c0b
B08339WQLR,category_7252170e0eda5c0b
B0833K4L2G,category_7252170e0eda5c0b
B0833MFKV6,category_7252170e0eda5c0b
B0833PPXWR,category_7252170e0eda5c0b
B0833PWPVC,category_7252170e0eda5c0b
B0833QMQRF,category_7252170e0eda5c0b
B0833WV6VB,category_7252170e0eda5c0b
B08342YK4F,category_7252170e0eda5c0b
B08343FS9P,category_7252170e0eda5c0b
B0834LN8W3,category_7252170e0eda5c0b
B0834MPJQ2,category_7252170e0eda5c0b
B0834RSN2V,category_7252170e0eda5c0b
B0834ZH4MW,category_7252170e0eda5c0b
B083511LPW,category_7252170e0eda5c0b
B083518G2F,category_7252170e0eda5c0b
B0836GP8G5,category_7252170e0eda5c0b
B0836M4JN8,category_7252170e0eda5c0b
B0836MR16W,category_7252170e0eda5c0b
B0836RMRZ2,category_7252170e0eda5c0b
B0836X3MLZ,category_7252170e0eda5c0b
B0836Z4XPH,category_7252170e0eda5c0b
B08378WVBJ,category_7252170e0eda5c0b
B0837MYWSB,category_7252170e0eda5c0b
B0837PLYQ1,category_7252170e0eda5c0b
B08383FHW2,category_7252170e0eda5c0b
B08385XRLH,category_7252170e0eda5c0b
B0838X8DWM,category_7252170e0eda5c0b
B083968Z75,category_7252170e0eda5c0b
B08396YP2Z,category_7252170e0eda5c0b
B0839B1BXK,category_7252170e0eda5c0b
B0839CCQS5,category_7252170e0eda5c0b
B0839KCL9X,category_7252170e0eda5c0b
B083B75P8V,category_7252170e0eda5c0b
B083B8TXYK,category_7252170e0eda5c0b
B083B9PXHT,category_7252170e0eda5c0b
B083BHNL7L,category_7252170e0eda5c0b
B083BLZJ9M,category_7252170e0eda5c0b
B083BR4F1K,category_7252170e0eda5c0b
B083C12NKM,category_7252170e0eda5c0b
B083C5D4Q9,category_7252170e0eda5c0b
B083D2CMKJ,category_7252170e0eda5c0b
B083DFCQ3M,category_7252170e0eda5c0b
B083DJWHWC,category_7252170e0eda5c0b
B083DMKQRX,category_7252170e0eda5c0b
B083DQRX59,category_7252170e0eda5c0b
B083DS2W92,category_7252170e0eda5c0b
B083DZHCLG,category_7252170e0eda5c0b
B083FLKJ29,category_7252170e0eda5c0b
B083FS2K4V,category_7252170e0eda5c0b
B083FVFVL2,category_7252170e0eda5c0b
B083FWRPCJ,category_7252170e0eda5c0b
B083G3QJMC,category_7252170e0eda5c0b
B083GH1FMJ,category_7252170e0eda5c0b
B083GHXGBK,category_7252170e0eda5c0b
B083GLRQX7,category_7252170e0eda5c0b
B083H1KN22,category_7252170e0eda5c0b
B083HKXBCP,category_7252170e0eda5c0b
B083HMRW5X,category_7252170e0eda5c0b
B083HZ1NDD,category_7252170e0eda5c0b
B083HZSWBM,category_7252170e0eda5c0b
B083J1C4T1,category_7252170e0eda5c0b
B083J1CWX9,category_7252170e0eda5c0b
B083J1DQ2N,category_7252170e0eda5c0b
B083J458WQ,category_7252170e0eda5c0b
B083J4SKWS,category_7252170e0eda5c0b
B083J6ZYT1,category_7252170e0eda5c0b
B083JJ49NH,category_7252170e0eda5c0b
B083JK47MD,category_d6ac68cf358b59e5
B083JQ642R,category_7252170e0eda5c0b
B083JVWS29,category_7252170e0eda5c0b
B083JW57BT,category_7252170e0eda5c0b
B083JWFK8P,category_7252170e0eda5c0b
B083JZ8W9W,category_7252170e0eda5c0b
B083K1VRMT,category_7252170e0eda5c0b
B083K3VNNY,category_7252170e0eda5c0b
B083K5M31Q,category_7252170e0eda5c0b
B083K96CXM,category_7252170e0eda5c0b
B083KL4VTC,category_7252170e0eda5c0b
B083L4HRBP,category_7252170e0eda5c0b
B083LBP9Q9,category_7252170e0eda5c0b
B083LBYMHM,category_7252170e0eda5c0b
B083LCDKFM,category_7252170e0eda5c0b
B083LCZ8TV,category_7252170e0eda5c0b
B083LV8PXP,category_7252170e0eda5c0b
B083LW6P4Z,category_7252170e0eda5c0b
B083LWSGHY,category_7252170e0eda5c0b
B083LXRWPJ,category_7252170e0eda5c0b
B083MVD1MW,category_7252170e0eda5c0b
B083MWXZN9,category_7252170e0eda5c0b
B083N798QM,category_7252170e0eda5c0b
B083N9W4LJ,category_7252170e0eda5c0b
B083NBXMD3,category_7252170e0eda5c0b
B083NDJFTL,category_7252170e0eda5c0b
B083NDZXB3,category_7252170e0eda5c0b
B083NKNDXY,category_7252170e0eda5c0b
B083NN9DQ3,category_7252170e0eda5c0b
B083NNB81S,category_7252170e0eda5c0b
B083NNHR35,category_7252170e0eda5c0b
B083NVC5RB,category_7252170e0eda5c0b
B083NWDZKH,category_7252170e0eda5c0b
B083NXF32H,category_7252170e0eda5c0b
B083NXJQ8W,category_7252170e0eda5c0b
B083NYSBH8,category_7252170e0eda5c0b
B083NZ7ZYM,category_7252170e0eda5c0b
B083P22K5F,category_7252170e0eda5c0b
B083PQ2J34,category_7252170e0eda5c0b
B083PTGLMF,category_7252170e0eda5c0b
B083PV1NRN,category_7252170e0eda5c0b
B083PVBPMJ,category_7252170e0eda5c0b
B083PW2YS1,category_7252170e0eda5c0b
B083Q449XM,category_7252170e0eda5c0b
B083Q4SQ4P,category_7252170e0eda5c0b
B083Q4W82N,category_7252170e0eda5c0b
B083Q8Y5FM,category_7252170e0eda5c0b
B083QFZZ9J,category_7252170e0eda5c0b
B083QNXWLH,category_7252170e0eda5c0b
B083QXVMKK,category_7252170e0eda5c0b
B083R4W6J9,category_7252170e0eda5c0b
B083R58F9H,category_7252170e0eda5c0b
B083R7JHWV,category_7252170e0eda5c0b
B083RLBYSW,category_7252170e0eda5c0b
B083RVXQCB,category_7252170e0eda5c0b
B083RXJ6T4,category_7252170e0eda5c0b
B083S7KR3R,category_7252170e0eda5c0b
B083SBH4HJ,category_7252170e0eda5c0b
B083SGNFTH,category_7252170e0eda5c0b
B083SJ8W14,category_7252170e0eda5c0b
B083SL4BTW,category_7252170e0eda5c0b
B083SNZBY9,category_7252170e0eda5c0b
B083TDZ79C,category_7252170e0eda5c0b
B083THCBH2,category_7252170e0eda5c0b
B083TJN6TF,category_7252170e0eda5c0b
B083TK1VVJ,category_7252170e0eda5c0b
B083TLNBJJ,category_7252170e0eda5c0b
B083TNJ4HX,category_7252170e0eda5c0b
B083TPC3HN,category_7252170e0eda5c0b
B083TQ29WP,category_7252170e0eda5c0b
B083TQNRX4,category_7252170e0eda5c0b
B083TR4KK5,category_7252170e0eda5c0b
B083V2K5VK,category_7252170e0eda5c0b
B083V8WSRN,category_7252170e0eda5c0b
B083W1LVBF,category_7252170e0eda5c0b
B083WFDQGC,category_7252170e0eda5c0b
B083WMQYP7,category_7252170e0eda5c0b
B083WNLBZG,category_7252170e0eda5c0b
B083X5Q44Z,category_7252170e0eda5c0b
B083XFK8MR,category_7252170e0eda5c0b
B083XKSBLQ,category_7252170e0eda5c0b
B083XXD38X,category_7252170e0eda5c0b
B083XZ82WK,category_7252170e0eda5c0b
B083YTD2JR,category_7252170e0eda5c0b
B083Z3YWYN,category_7252170e0eda5c0b
B083Z4WVZL,category_7252170e0eda5c0b
B083ZFD8GT,category_7252170e0eda5c0b
B083ZKM3YB,category_7252170e0eda5c0b
B083ZLCDY9,category_7252170e0eda5c0b
B083ZMP89W,category_7252170e0eda5c0b
B083ZMRJMZ,category_7252170e0eda5c0b
B083ZTPPWV,category_7252170e0eda5c0b
B0841RR4JF,category_7252170e0eda5c0b
B0841SGFWB,category_7252170e0eda5c0b
B0841SWMQ2,category_7252170e0eda5c0b
B0841VJBGJ,category_7252170e0eda5c0b
B08421JG6R,category_7252170e0eda5c0b
B08421L6TH,category_7252170e0eda5c0b
B08424XHT3,category_7252170e0eda5c0b
B0842BMMQB,category_7252170e0eda5c0b
B0842CSNZ7,category_7252170e0eda5c0b
B0842DPS5Z,category_7252170e0eda5c0b
B0842JPZHV,category_7252170e0eda5c0b
B0842P1HT8,category_7252170e0eda5c0b
B0842W4TMB,category_7252170e0eda5c0b
B0842XJLVZ,category_7252170e0eda5c0b
B084327QK2,category_7252170e0eda5c0b
B0843GNY8V,category_7252170e0eda5c0b
B0843QKHGF,category_7252170e0eda5c0b
B0844QZ1KY,category_7252170e0eda5c0b
B0844SHSQF,category_7252170e0eda5c0b
B0845LNDJK,category_7252170e0eda5c0b
B0845MBD2X,category_7252170e0eda5c0b
B0845NP8L7,category_7252170e0eda5c0b
B0845PVDMK,category_7252170e0eda5c0b
B0845Q95R8,category_7252170e0eda5c0b
B0845SWT19,category_7252170e0eda5c0b
B08462PB75,category_7252170e0eda5c0b
B08469K824,category_7252170e0eda5c0b
B0846S1P6C,category_7252170e0eda5c0b
B0846YD4G4,category_7252170e0eda5c0b
B0847DHW1B,category_7252170e0eda5c0b
B0847FCWJP,category_7252170e0eda5c0b
B0848PHFBH,category_7252170e0eda5c0b
B0848SNDGZ,category_7252170e0eda5c0b
B0849RZK7Y,category_7252170e0eda5c0b
B0849S2YSY,category_7252170e0eda5c0b
B084BQHV6G,category_7252170e0eda5c0b
B084BRSS9J,category_7252170e0eda5c0b
B084BS87N4,category_7252170e0eda5c0b
B084C2C1C1,category_7252170e0eda5c0b
B084C32BGD,category_7252170e0eda5c0b
B084C3HZDV,category_7252170e0eda5c0b
B084C5TMT3,category_7252170e0eda5c0b
B084CTFH2F,category_7252170e0eda5c0b
B084CYD45C,category_7252170e0eda5c0b
B084D433NB,category_7252170e0eda5c0b
B084D7CYFN,category_7252170e0eda5c0b
B084D86YL8,category_7252170e0eda5c0b
B084F1R1FD,category_7252170e0eda5c0b
B084F255Q6,category_7252170e0eda5c0b
B084FLK26T,category_7252170e0eda5c0b
B084FPGPHJ,category_7252170e0eda5c0b
B084GFCMB7,category_d6ac68cf358b59e5
B084GFD9VC,category_7252170e0eda5c0b
B084GFGPJ8,category_7252170e0eda5c0b
B084GG9VYC,category_7252170e0eda5c0b
B084GGP5SQ,category_7252170e0eda5c0b
B084GMF29C,category_7252170e0eda5c0b
B084HMY7D1,category_7252170e0eda5c0b
B084JDMGTK,category_7252170e0eda5c0b
B084JLBN7C,category_7252170e0eda5c0b
B084JMX5MQ,category_7252170e0eda5c0b
B084JP7W8G,category_7252170e0eda5c0b
B084JT7MR6,category_7252170e0eda5c0b
B084KHRW84,category_7252170e0eda5c0b
B084KJ99RF,category_7252170e0eda5c0b
B084KJCQR8,category_7252170e0eda5c0b
B084KK54V3,category_7252170e0eda5c0b
B084KNBFBY,category_7252170e0eda5c0b
B084KVYFPP,category_7252170e0eda5c0b
B084L3DNH5,category_7252170e0eda5c0b
B084LPLQ41,category_7252170e0eda5c0b
B084M3RPYL,category_7252170e0eda5c0b
B084MBQ45S,category_7252170e0eda5c0b
B084NPCCF7,category_7252170e0eda5c0b
B084P1JPPN,category_7252170e0eda5c0b
B084P718RS,category_7252170e0eda5c0b
B084P9HCB4,category_7252170e0eda5c0b
B084Q921D4,category_7252170e0eda5c0b
B084QB5Q5G,category_7252170e0eda5c0b
B084QP946R,category_7252170e0eda5c0b
B084RDHF5V,category_7252170e0eda5c0b
B084RDLXV8,category_7252170e0eda5c0b
B084RJSW96,category_7252170e0eda5c0b
B084RJYF6Z,category_7252170e0eda5c0b
B084S46K3L,category_7252170e0eda5c0b
B084SRGVC7,category_7252170e0eda5c0b
B084T46WH6,category_7252170e0eda5c0b
B084TG5M2H,category_7252170e0eda5c0b
B084TRXL4N,category_7252170e0eda5c0b
B084TRZPB1,category_7252170e0eda5c0b
B084TS346N,category_7252170e0eda5c0b
B084TSDFFL,category_7252170e0eda5c0b
B084TSMPCD,category_7252170e0eda5c0b
B084TTWPGV,category_7252170e0eda5c0b
B084V3GCGN,category_7252170e0eda5c0b
B084V422KM,category_7252170e0eda5c0b
B084V8XPH8,category_7252170e0eda5c0b
B084VH7M49,category_7252170e0eda5c0b
B084VHZPQJ,category_7252170e0eda5c0b
B084VKC9KL,category_7252170e0eda5c0b
B084VLRKWZ,category_7252170e0eda5c0b
B084VVTP51,category_7252170e0eda5c0b
B084WN3DXY,category_7252170e0eda5c0b
B084WNY8VS,category_7252170e0eda5c0b
B084WPRJZ9,category_7252170e0eda5c0b
B084WQ51V4,category_7252170e0eda5c0b
B084XB553K,category_7252170e0eda5c0b
B084XBT2R3,category_7252170e0eda5c0b
B084YDM8ZK,category_7252170e0eda5c0b
B084YPN3XB,category_7252170e0eda5c0b
B084YSKC7F,category_7252170e0eda5c0b
B084YT14SS,category_7252170e0eda5c0b
B084YVBBH6,category_7252170e0eda5c0b
B084YYCPDM,category_7252170e0eda5c0b
B084Z6VB6R,category_7252170e0eda5c0b
B084Z7FK11,category_7252170e0eda5c0b
B084ZDBDNT,category_7252170e0eda5c0b
B084ZFMG2X,category_7252170e0eda5c0b
B084ZGW4XN,category_7252170e0eda5c0b
B084ZQPKYB,category_7252170e0eda5c0b
B084ZX6CXJ,category_7252170e0eda5c0b
B0851G2XPF,category_7252170e0eda5c0b
B0851Q6SSM,category_7252170e0eda5c0b
B0851SG8WD,category_7252170e0eda5c0b
B0851V7B9S,category_7252170e0eda5c0b
B0851X5VLT,category_7252170e0eda5c0b
B0851ZSHW6,category_7252170e0eda5c0b
B08521GL3S,category_7252170e0eda5c0b
B0852BDKVX,category_7252170e0eda5c0b
B0852Q4P32,category_7252170e0eda5c0b
B0852VHM8Q,category_7252170e0eda5c0b
B0852ZYWJ4,category_7252170e0eda5c0b
B0853ZXMXY,category_7252170e0eda5c0b
B08542NHH1,category_7252170e0eda5c0b
B08543WQLC,category_7252170e0eda5c0b
B08548FG2M,category_7252170e0eda5c0b
B08549F7PF,category_7252170e0eda5c0b
B0854BZHB2,category_7252170e0eda5c0b
B0854JLM3J,category_7252170e0eda5c0b
B0854Q5VQP,category_7252170e0eda5c0b
B0855FMYCM,category_7252170e0eda5c0b
B0855M2CPH,category_7252170e0eda5c0b
B0855MKBFD,category_7252170e0eda5c0b
B0855NF4QV,category_7252170e0eda5c0b
B0855QQYFW,category_7252170e0eda5c0b
B0855RHD4G,category_7252170e0eda5c0b
B0855VWTJQ,category_7252170e0eda5c0b
B0856QKVXF,category_7252170e0eda5c0b
B0856T5PYW,category_7252170e0eda5c0b
B0856YHMMN,category_7252170e0eda5c0b
B08571KK58,category_7252170e0eda5c0b
B08575Y9V3,category_7252170e0eda5c0b
B0858447B6,category_7252170e0eda5c0b
B08586T8FS,category_7252170e0eda5c0b
B085878963,category_7252170e0eda5c0b
B0858J1ZW1,category_7252170e0eda5c0b
B0858JCS76,category_7252170e0eda5c0b
B08595C6WY,category_7252170e0eda5c0b
B08598PYMJ,category_7252170e0eda5c0b
B08598TX7H,category_7252170e0eda5c0b
B08599GFYD,category_7252170e0eda5c0b
B0859H1PRL,category_7252170e0eda5c0b
B0859JFMPJ,category_7252170e0eda5c0b
B0859K6QZ1,category_7252170e0eda5c0b
B0859L4DKL,category_7252170e0eda5c0b
B0859M38PN,category_7252170e0eda5c0b
B0859RDF44,category_7252170e0eda5c0b
B0859SK38F,category_7252170e0eda5c0b
B085B624GT,category_7252170e0eda5c0b
B085BGYWJF,category_7252170e0eda5c0b
B085BHN8Q7,category_7252170e0eda5c0b
B085BQH965,category_7252170e0eda5c0b
B085BW6S6X,category_7252170e0eda5c0b
B085C16NY7,category_7252170e0eda5c0b
B085C6CQWH,category_7252170e0eda5c0b
B085C6RN9R,category_7252170e0eda5c0b
B085C7HG1K,category_7252170e0eda5c0b
B085CB2363,category_7252170e0eda5c0b
B085CBH122,category_7252170e0eda5c0b
B085CG8X9T,category_7252170e0eda5c0b
B085CL42L2,category_7252170e0eda5c0b
B085D7WV4J,category_7252170e0eda5c0b
B085DCP3YB,category_7252170e0eda5c0b
B085DDDQLW,category_7252170e0eda5c0b
B085DQ97KC,category_7252170e0eda5c0b
B085DSR2ZK,category_7252170e0eda5c0b
B085F37QL6,category_7252170e0eda5c0b
B085FSLSSZ,category_7252170e0eda5c0b
B085FWS1FP,category_7252170e0eda5c0b
B085FXK1GK,category_7252170e0eda5c0b
B085G25B97,category_7252170e0eda5c0b
B085G7M1PC,category_7252170e0eda5c0b
B085G85GJF,category_7252170e0eda5c0b
B085GGJJ5K,category_7252170e0eda5c0b
B085GLQSPJ,category_7252170e0eda5c0b
B085H8DHGK,category_7252170e0eda5c0b
B085H9MQDQ,category_7252170e0eda5c0b
B085H9Z2BS,category_7252170e0eda5c0b
B085HBB4DD,category_7252170e0eda5c0b
B085HBQ4ZS,category_7252170e0eda5c0b
B085HDJYX4,category_7252170e0eda5c0b
B085HH3K7S,category_7252170e0eda5c0b
B085HH6FRY,category_7252170e0eda5c0b
B085HN7GHL,category_7252170e0eda5c0b
B085HS86KX,category_7252170e0eda5c0b
B085J215D1,category_7252170e0eda5c0b
B085JYC2C4,category_7252170e0eda5c0b
B085KXT428,category_7252170e0eda5c0b
B085KY4KR6,category_7252170e0eda5c0b
B085L313F1,category_7252170e0eda5c0b
B085L3HFQ2,category_7252170e0eda5c0b
B085L4T9JH,category_7252170e0eda5c0b
B085L51Z1T,category_7252170e0eda5c0b
B085L59ST1,category_7252170e0eda5c0b
B085L74DSY,category_7252170e0eda5c0b
B085L7VQ2J,category_7252170e0eda5c0b
B085LBWFVS,category_7252170e0eda5c0b
B085LCMVYS,category_7252170e0eda5c0b
B085LFGGTL,category_7252170e0eda5c0b
B085M95TX2,category_7252170e0eda5c0b
B085MCFCPL,category_7252170e0eda5c0b
B085MCMZLX,category_7252170e0eda5c0b
B085MGY36V,category_7252170e0eda5c0b
B085MV4PFZ,category_7252170e0eda5c0b
B085MX1X1Q,category_7252170e0eda5c0b
B085NDJ9GS,category_7252170e0eda5c0b
B085NKBS5L,category_7252170e0eda5c0b
B085NLHH39,category_7252170e0eda5c0b
B085NQH5NC,category_7252170e0eda5c0b
B085NR79NV,category_7252170e0eda5c0b
B085P2KP7V,category_7252170e0eda5c0b
B085PVXMGB,category_7252170e0eda5c0b
B085PZBPVC,category_7252170e0eda5c0b
B085Q6GX6X,category_7252170e0eda5c0b
B085Q6RNHF,category_7252170e0eda5c0b
B085QLJR5R,category_7252170e0eda5c0b
B085RCRSTF,category_7252170e0eda5c0b
B085RGFYP1,category_7252170e0eda5c0b
B085RH56DY,category_7252170e0eda5c0b
B085RNPN5B,category_7252170e0eda5c0b
B085RQKWNF,category_7252170e0eda5c0b
B085RS991J,category_7252170e0eda5c0b
B085RV2558,category_7252170e0eda5c0b
B085RZGRR6,category_7252170e0eda5c0b
B085S19GQG,category_7252170e0eda5c0b
B085S29QP6,category_7252170e0eda5c0b
B085S2BY6F,category_7252170e0eda5c0b
B085S4T66X,category_7252170e0eda5c0b
B085S8GN59,category_7252170e0eda5c0b
B085SV3DQW,category_7252170e0eda5c0b
B085SW9WZ5,category_7252170e0eda5c0b
B085SZHSDQ,category_7252170e0eda5c0b
B085T34BZC,category_7252170e0eda5c0b
B085T3CB2N,category_7252170e0eda5c0b
B085T7YDDH,category_7252170e0eda5c0b
B085TBRTD4,category_7252170e0eda5c0b
B085TBXF1Z,category_7252170e0eda5c0b
B085TF6CGJ,category_7252170e0eda5c0b
B085TNLQM9,category_7252170e0eda5c0b
B085TPKMHG,category_7252170e0eda5c0b
B085TPPJZS,category_7252170e0eda5c0b
B085VD5FWM,category_7252170e0eda5c0b
B085VFGGFY,category_7252170e0eda5c0b
B085VFTLNN,category_7252170e0eda5c0b
B085VG72VW,category_7252170e0eda5c0b
B085VH99Y6,category_7252170e0eda5c0b
B085VJJ43P,category_7252170e0eda5c0b
B085VNJF45,category_7252170e0eda5c0b
B085VNVYR2,category_7252170e0eda5c0b
B085VSKGYH,category_7252170e0eda5c0b
B085VW51G2,category_7252170e0eda5c0b
B085VY3M9B,category_7252170e0eda5c0b
B085W34ZN3,category_7252170e0eda5c0b
B085W3J9BQ,category_7252170e0eda5c0b
B085W7TMX8,category_7252170e0eda5c0b
B085W82ZZD,category_7252170e0eda5c0b
B085WKHZ53,category_7252170e0eda5c0b
B085WLQRN7,category_7252170e0eda5c0b
B085WM34YM,category_7252170e0eda5c0b
B085WTH63F,category_7252170e0eda5c0b
B085WWD24L,category_7252170e0eda5c0b
B085WXQJ36,category_7252170e0eda5c0b
B085WYLMM5,category_7252170e0eda5c0b
B085WZG8WS,category_7252170e0eda5c0b
B085WZXHCG,category_7252170e0eda5c0b
B085XCLJPS,category_7252170e0eda5c0b
B085XMJZ9V,category_7252170e0eda5c0b
B085XMPBWJ,category_7252170e0eda5c0b
B085XPSMDW,category_7252170e0eda5c0b
B085XRD1QL,category_7252170e0eda5c0b
B085XWBD18,category_7252170e0eda5c0b
B085XXXJT2,category_7252170e0eda5c0b
B085XYCJY3,category_7252170e0eda5c0b
B085XYGP2L,category_7252170e0eda5c0b
B085XZ428Q,category_7252170e0eda5c0b
B085Y2VPN8,category_7252170e0eda5c0b
B085Y32D4F,category_7252170e0eda5c0b
B085Y57C8G,category_7252170e0eda5c0b
B085Y7MHB1,category_7252170e0eda5c0b
B085YDY9WM,category_7252170e0eda5c0b
B085Z796S6,category_7252170e0eda5c0b
B085Z7WRGZ,category_7252170e0eda5c0b
B085ZBQZX2,category_7252170e0eda5c0b
B085ZLKR35,category_7252170e0eda5c0b
B085ZTB1GM,category_7252170e0eda5c0b
B08619QGFH,category_7252170e0eda5c0b
B0861DB8M7,category_7252170e0eda5c0b
B0861R3JH8,category_7252170e0eda5c0b
B08624HQ49,category_7252170e0eda5c0b
B08625TTJL,category_7252170e0eda5c0b
B0862832XB,category_7252170e0eda5c0b
B0862BZYQP,category_7252170e0eda5c0b
B08633XD3G,category_7252170e0eda5c0b
B0863CRCMT,category_7252170e0eda5c0b
B0863D4N9L,category_7252170e0eda5c0b
B0863FZFPV,category_7252170e0eda5c0b
B0863GWS59,category_7252170e0eda5c0b
B0863MSN47,category_7252170e0eda5c0b
B0864181TB,category_7252170e0eda5c0b
B08641G6CS,category_7252170e0eda5c0b
B08643W68Q,category_7252170e0eda5c0b
B0865B18CL,category_7252170e0eda5c0b
B0865Q58ZS,category_7252170e0eda5c0b
B0865RQZRJ,category_7252170e0eda5c0b
B0865TTSM6,category_7252170e0eda5c0b
B0865V1LG4,category_7252170e0eda5c0b
B0865W7QNY,category_7252170e0eda5c0b
B0865XN118,category_7252170e0eda5c0b
B0865YGYRF,category_7252170e0eda5c0b
B0865ZVQ43,category_7252170e0eda5c0b
B086622JT6,category_7252170e0eda5c0b
B08662BMF9,category_7252170e0eda5c0b
B08662GJTS,category_7252170e0eda5c0b
B08663WY79,category_7252170e0eda5c0b
B08665V1RQ,category_7252170e0eda5c0b
B08669CF3B,category_7252170e0eda5c0b
B0866WKTYF,category_7252170e0eda5c0b
B0866WL9NT,category_7252170e0eda5c0b
B0867FF3TT,category_7252170e0eda5c0b
B0867LXPSM,category_7252170e0eda5c0b
B0867THWB3,category_7252170e0eda5c0b
B0867YW9X6,category_7252170e0eda5c0b
B0868DV1QX,category_7252170e0eda5c0b
B0868N73Q5,category_7252170e0eda5c0b
B0869127K2,category_7252170e0eda5c0b
B08693F5FN,category_7252170e0eda5c0b
B0869H3PPY,category_7252170e0eda5c0b
B086BMB4C1,category_7252170e0eda5c0b
B086BNJ3YK,category_7252170e0eda5c0b
B086BP6RY2,category_7252170e0eda5c0b
B086BT685W,category_7252170e0eda5c0b
B086BW1B2K,category_7252170e0eda5c0b
B086BW6XQ2,category_7252170e0eda5c0b
B086BX71TD,category_7252170e0eda5c0b
B086BYXTP3,category_7252170e0eda5c0b
B086C2F9S9,category_7252170e0eda5c0b
B086C5QML9,category_7252170e0eda5c0b
B086DJ3732,category_7252170e0eda5c0b
B086DJ6QKT,category_7252170e0eda5c0b
B086DP2TNJ,category_7252170e0eda5c0b
B086G6X92L,category_7252170e0eda5c0b
B086GL3TD7,category_7252170e0eda5c0b
B086GS47W1,category_7252170e0eda5c0b
B086GSJ7DX,category_7252170e0eda5c0b
B086GST51S,category_7252170e0eda5c0b
B086GVWJK8,category_7252170e0eda5c0b
B086H1SDW2,category_7252170e0eda5c0b
B086H1VGC9,category_7252170e0eda5c0b
B086H4C8QB,category_7252170e0eda5c0b
B086H6YYVM,category_7252170e0eda5c0b
B086H7369H,category_7252170e0eda5c0b
B086HB1QRN,category_7252170e0eda5c0b
B086HFGCVX,category_7252170e0eda5c0b
B086HLV1KS,category_7252170e0eda5c0b
B086HNMK6X,category_7252170e0eda5c0b
B086HP3D5Y,category_7252170e0eda5c0b
B086HRN773,category_7252170e0eda5c0b
B086HSS7VC,category_7252170e0eda5c0b
B086J2G1MX,category_7252170e0eda5c0b
B086J2ZV2T,category_7252170e0eda5c0b
B086JDDTKR,category_7252170e0eda5c0b
B086JJBF6L,category_7252170e0eda5c0b
B086JJVGG1,category_7252170e0eda5c0b
B086JQPY2P,category_7252170e0eda5c0b
B086JSNMP6,category_7252170e0eda5c0b
B086KTMXCV,category_7252170e0eda5c0b
B086KVG3CH,category_7252170e0eda5c0b
B086L1RNNH,category_7252170e0eda5c0b
B086L32587,category_7252170e0eda5c0b
B086L3S8TX,category_7252170e0eda5c0b
B086L7GY7Q,category_7252170e0eda5c0b
B086LD7F2Z,category_7252170e0eda5c0b
B086LJJ53J,category_7252170e0eda5c0b
B086LKGHZG,category_7252170e0eda5c0b
B086LKKF8N,category_7252170e0eda5c0b
B086LKR3BZ,category_7252170e0eda5c0b
B086MDSG5Q,category_7252170e0eda5c0b
B086MJ9N7B,category_7252170e0eda5c0b
B086MN9Y2S,category_7252170e0eda5c0b
B086MYJ57F,category_7252170e0eda5c0b
B086N181M1,category_7252170e0eda5c0b
B086N3KP81,category_7252170e0eda5c0b
B086P7JVR9,category_7252170e0eda5c0b
B086P9HY2K,category_7252170e0eda5c0b
B086P9JQKL,category_7252170e0eda5c0b
B086PDVDLL,category_7252170e0eda5c0b
B086PHJR4D,category_7252170e0eda5c0b
B086PJLWQ4,category_7252170e0eda5c0b
B086Q2PT5X,category_7252170e0eda5c0b
B086Q8R3B2,category_7252170e0eda5c0b
B086QFKYP8,category_7252170e0eda5c0b
B086QKC6JR,category_7252170e0eda5c0b
B086QLX8W5,category_7252170e0eda5c0b
B086QR3SC8,category_7252170e0eda5c0b
B086QW86VL,category_7252170e0eda5c0b
B086R1GRBL,category_7252170e0eda5c0b
B086RCLSZQ,category_7252170e0eda5c0b
B086S724MM,category_7252170e0eda5c0b
B086SBKZ5D,category_7252170e0eda5c0b
B086SDHD88,category_7252170e0eda5c0b
B086SK1MYS,category_7252170e0eda5c0b
B086SK8KF1,category_7252170e0eda5c0b
B086SKSNZL,category_7252170e0eda5c0b
B086SL8Z3P,category_7252170e0eda5c0b
B086SZHKFK,category_7252170e0eda5c0b
B086T29Q9W,category_7252170e0eda5c0b
B086TWHPHN,category_7252170e0eda5c0b
B086TZBMWJ,category_7252170e0eda5c0b
B086V16PX2,category_7252170e0eda5c0b
B086V56JDH,category_7252170e0eda5c0b
B086V5TXN5,category_7252170e0eda5c0b
B086V8QHCM,category_7252170e0eda5c0b
B086V9P4WR,category_7252170e0eda5c0b
B086VHFW8W,category_7252170e0eda5c0b
B086W2Y4VK,category_7252170e0eda5c0b
B086W68NFN,category_7252170e0eda5c0b
B086W69PGS,category_7252170e0eda5c0b
B086W6GQTK,category_7252170e0eda5c0b
B086W8BTSZ,category_7252170e0eda5c0b
B086W9FRGZ,category_7252170e0eda5c0b
B086WBJBHZ,category_7252170e0eda5c0b
B086WGH5J6,category_7252170e0eda5c0b
B086WMWDW1,category_7252170e0eda5c0b
B086WP8594,category_7252170e0eda5c0b
B086WQ16HQ,category_7252170e0eda5c0b
B086WTMG11,category_7252170e0eda5c0b
B086X453ZF,category_7252170e0eda5c0b
B086X8RD5Z,category_7252170e0eda5c0b
B086XGVRDR,category_7252170e0eda5c0b
B086Y789HL,category_7252170e0eda5c0b
B086Y93JJC,category_7252170e0eda5c0b
B086YFPLPJ,category_7252170e0eda5c0b
B086YHH2YD,category_7252170e0eda5c0b
B086YK6SN4,category_7252170e0eda5c0b
B086YL2SPT,category_7252170e0eda5c0b
B086YMNYF6,category_7252170e0eda5c0b
B086YNWRYG,category_7252170e0eda5c0b
B086YPYH1N,category_7252170e0eda5c0b
B086YQ672J,category_7252170e0eda5c0b
B086YQJQ4C,category_7252170e0eda5c0b
B086YRPT61,category_7252170e0eda5c0b
B086Z8VS4S,category_7252170e0eda5c0b
B086ZQG91H,category_7252170e0eda5c0b
B086ZQYV7D,category_7252170e0eda5c0b
B0871PQ7T3,category_7252170e0eda5c0b
B0871VHYSV,category_7252170e0eda5c0b
B0871W8XBZ,category_7252170e0eda5c0b
B0871XM3PV,category_7252170e0eda5c0b
B0871Z2X47,category_7252170e0eda5c0b
B0871ZTZSW,category_7252170e0eda5c0b
B08722DMPC,category_7252170e0eda5c0b
B0872598GW,category_7252170e0eda5c0b
B0872B8BFV,category_7252170e0eda5c0b
B0872DFZXT,category_7252170e0eda5c0b
B0872QP2FY,category_7252170e0eda5c0b
B0872RBCJ5,category_7252170e0eda5c0b
B0872SF6GZ,category_7252170e0eda5c0b
B0872TCPWB,category_7252170e0eda5c0b
B0872TFQVT,category_7252170e0eda5c0b
B0872V5XD8,category_7252170e0eda5c0b
B0872WBD8S,category_7252170e0eda5c0b
B0872YNFFL,category_7252170e0eda5c0b
B08732TR1J,category_7252170e0eda5c0b
B0873WRZX6,category_7252170e0eda5c0b
B087441N1Z,category_7252170e0eda5c0b
B08744HBFP,category_7252170e0eda5c0b
B08744SK15,category_7252170e0eda5c0b
B087462P4V,category_7252170e0eda5c0b
B08747T6J6,category_7252170e0eda5c0b
B087496541,category_7252170e0eda5c0b
B0874BDNQL,category_7252170e0eda5c0b
B0874GJ4NL,category_7252170e0eda5c0b
B0874R2JBB,category_7252170e0eda5c0b
B0874SR962,category_7252170e0eda5c0b
B0875J68SB,category_7252170e0eda5c0b
B0875QFBJW,category_7252170e0eda5c0b
B0875QY9LZ,category_7252170e0eda5c0b
B0875SR59W,category_7252170e0eda5c0b
B0875VQYPK,category_7252170e0eda5c0b
B0875X94DC,category_7252170e0eda5c0b
B0875ZBLWG,category_7252170e0eda5c0b
B0876GVL7B,category_7252170e0eda5c0b
B0876MQ61X,category_7252170e0eda5c0b
B0876NPZCD,category_7252170e0eda5c0b
B0876QJFQ1,category_7252170e0eda5c0b
B0876R1DP4,category_7252170e0eda5c0b
B0876WWWB2,category_7252170e0eda5c0b
B0876YR9LL,category_7252170e0eda5c0b
B0876YYL2H,category_7252170e0eda5c0b
B0876ZVLPQ,category_7252170e0eda5c0b
B08771W4J2,category_7252170e0eda5c0b
B087839TDJ,category_7252170e0eda5c0b
B0878KSP61,category_7252170e0eda5c0b
B0878QQGHF,category_7252170e0eda5c0b
B0878QRWCQ,category_7252170e0eda5c0b
B0878RLD7D,category_7252170e0eda5c0b
B0878S5NK7,category_7252170e0eda5c0b
B0878S9D58,category_7252170e0eda5c0b
B0878V2Z4F,category_7252170e0eda5c0b
B0878WPX5F,category_7252170e0eda5c0b
B0878XH5KS,category_7252170e0eda5c0b
B0878YG3T3,category_7252170e0eda5c0b
B0878YLHRC,category_7252170e0eda5c0b
B0878Z6S1N,category_7252170e0eda5c0b
B08792G63Z,category_7252170e0eda5c0b
B087931W67,category_7252170e0eda5c0b
B08793JJSZ,category_7252170e0eda5c0b
B08794RX88,category_7252170e0eda5c0b
B087954P3N,category_7252170e0eda5c0b
B08798375W,category_7252170e0eda5c0b
B0879F26LM,category_7252170e0eda5c0b
B0879HQ553,category_7252170e0eda5c0b
B0879Y4XLC,category_7252170e0eda5c0b
B087B31DNH,category_7252170e0eda5c0b
B087B54K7H,category_7252170e0eda5c0b
B087B5RJ2P,category_7252170e0eda5c0b
B087B86KCC,category_7252170e0eda5c0b
B087BC1TRW,category_7252170e0eda5c0b
B087BL2XJ5,category_7252170e0eda5c0b
B087BPHWC1,category_7252170e0eda5c0b
B087BPYPV5,category_7252170e0eda5c0b
B087BQ7MS8,category_7252170e0eda5c0b
B087BTQZ2T,category_7252170e0eda5c0b
B087BVMSJJ,category_7252170e0eda5c0b
B087BWPQ2C,category_7252170e0eda5c0b
B087C2DYGZ,category_7252170e0eda5c0b
B087C61XB2,category_7252170e0eda5c0b
B087C62M5M,category_7252170e0eda5c0b
B087CFV1CM,category_7252170e0eda5c0b
B087CG6WQY,category_7252170e0eda5c0b
B087CGSPJS,category_7252170e0eda5c0b
B087CJYZYN,category_7252170e0eda5c0b
B087CK2GB4,category_7252170e0eda5c0b
B087CLH16V,category_7252170e0eda5c0b
B087CPY8R2,category_7252170e0eda5c0b
B087CQDL37,category_7252170e0eda5c0b
B087CRZRBN,category_7252170e0eda5c0b
B087CSTC9S,category_7252170e0eda5c0b
B087CWJ13R,category_7252170e0eda5c0b
B087CXG979,category_7252170e0eda5c0b
B087D11WSQ,category_7252170e0eda5c0b
B087D5QFYT,category_7252170e0eda5c0b
B087D6YZDG,category_7252170e0eda5c0b
B087D876RV,category_7252170e0eda5c0b
B087D9PW1D,category_7252170e0eda5c0b
B087DYJQMS,category_7252170e0eda5c0b
B087DZFTNF,category_7252170e0eda5c0b
B087DZXLXT,category_7252170e0eda5c0b
B087F416ZH,category_7252170e0eda5c0b
B087F49G1Y,category_7252170e0eda5c0b
B087F93FPV,category_7252170e0eda5c0b
B087F9FBCW,category_7252170e0eda5c0b
B087FSGNV9,category_7252170e0eda5c0b
B087FW5M24,category_7252170e0eda5c0b
B087FYQJWD,category_7252170e0eda5c0b
B087FZ5BMK,category_7252170e0eda5c0b
B087FZK5MQ,category_7252170e0eda5c0b
B087G1RTFG,category_7252170e0eda5c0b
B087G4FRBD,category_7252170e0eda5c0b
B087G8S2K3,category_7252170e0eda5c0b
B087GB8ZRF,category_7252170e0eda5c0b
B087GBD8B2,category_7252170e0eda5c0b
B087GBV7KH,category_7252170e0eda5c0b
B087GHDL3M,category_7252170e0eda5c0b
B087GLHKT6,category_7252170e0eda5c0b
B087J6PP9X,category_7252170e0eda5c0b
B087JBNLP1,category_7252170e0eda5c0b
B087JCTCYX,category_7252170e0eda5c0b
B087JDDCGR,category_7252170e0eda5c0b
B087JDG3JB,category_7252170e0eda5c0b
B087JG7C91,category_7252170e0eda5c0b
B087JGLDTV,category_7252170e0eda5c0b
B087JGQXXW,category_7252170e0eda5c0b
B087JH8913,category_7252170e0eda5c0b
B087JJX81H,category_7252170e0eda5c0b
B087JNWY8B,category_7252170e0eda5c0b
B087JPY3JR,category_7252170e0eda5c0b
B087JQ6KG5,category_7252170e0eda5c0b
B087JQN3WB,category_7252170e0eda5c0b
B087JQQZK1,category_7252170e0eda5c0b
B087JR5FFN,category_7252170e0eda5c0b
B087JRBFFG,category_7252170e0eda5c0b
B087JY398G,category_7252170e0eda5c0b
B087LNG4ZH,category_7252170e0eda5c0b
B087LNHTRL,category_7252170e0eda5c0b
B087LPNRB1,category_7252170e0eda5c0b
B087LSBJ7Y,category_7252170e0eda5c0b
B087LVMFD2,category_7252170e0eda5c0b
B087LXMQMY,category_7252170e0eda5c0b
B087M13V1J,category_7252170e0eda5c0b
B087M2BCDV,category_7252170e0eda5c0b
B087M355N4,category_7252170e0eda5c0b
B087M5R9GY,category_7252170e0eda5c0b
B087M5W6C4,category_7252170e0eda5c0b
B087M6NMWP,category_7252170e0eda5c0b
B087M8BT8N,category_7252170e0eda5c0b
B087M8L3Q8,category_7252170e0eda5c0b
B087M8WSGB,category_7252170e0eda5c0b
B087M94FPF,category_7252170e0eda5c0b
B087MBBMYS,category_7252170e0eda5c0b
B087MW9D1Z,category_7252170e0eda5c0b
B087MY1C59,category_7252170e0eda5c0b
B087N16VZ3,category_7252170e0eda5c0b
B087N18XSG,category_7252170e0eda5c0b
B087N2TD86,category_7252170e0eda5c0b
B087N6D5F4,category_7252170e0eda5c0b
B087N7PF33,category_7252170e0eda5c0b
B087N9DSKZ,category_7252170e0eda5c0b
B087N9VPXR,category_7252170e0eda5c0b
B087NBV2MX,category_7252170e0eda5c0b
B087NCW92Q,category_7252170e0eda5c0b
B087NHCTZB,category_7252170e0eda5c0b
B087NHL8DD,category_7252170e0eda5c0b
B087NKM8N2,category_7252170e0eda5c0b
B087NLKW7N,category_7252170e0eda5c0b
B087NMGGRV,category_7252170e0eda5c0b
B087NNKRX8,category_7252170e0eda5c0b
B087NQCB49,category_7252170e0eda5c0b
B087NRM4N8,category_7252170e0eda5c0b
B087P1752B,category_7252170e0eda5c0b
B087P7QDQ5,category_7252170e0eda5c0b
B087P7SM1H,category_7252170e0eda5c0b
B087P8XDHH,category_7252170e0eda5c0b
B087P95B4V,category_7252170e0eda5c0b
B087P9JXBG,category_7252170e0eda5c0b
B087PHZ431,category_7252170e0eda5c0b
B087PJSWZX,category_7252170e0eda5c0b
B087PRPQKF,category_7252170e0eda5c0b
B087PTB3J3,category_7252170e0eda5c0b
B087PXGW32,category_7252170e0eda5c0b
B087Q3VFZG,category_7252170e0eda5c0b
B087Q4WSZ3,category_7252170e0eda5c0b
B087Q5Y6NR,category_7252170e0eda5c0b
B087Q6NPPD,category_7252170e0eda5c0b
B087Q711SP,category_7252170e0eda5c0b
B087Q78BMF,category_7252170e0eda5c0b
B087QCWCDH,category_7252170e0eda5c0b
B087QFYVM1,category_7252170e0eda5c0b
B087QGZXLP,category_7252170e0eda5c0b
B087QHKY8Q,category_7252170e0eda5c0b
B087QMJHFY,category_7252170e0eda5c0b
B087QMMV8M,category_7252170e0eda5c0b
B087QS1CNP,category_7252170e0eda5c0b
B087QSJDGZ,category_7252170e0eda5c0b
B087QTLV79,category_7252170e0eda5c0b
B087QV8PCB,category_7252170e0eda5c0b
B087QW46RX,category_7252170e0eda5c0b
B087QYN5LN,category_7252170e0eda5c0b
B087R1GTQY,category_7252170e0eda5c0b
B087R1PR5B,category_7252170e0eda5c0b
B087R3J79Z,category_7252170e0eda5c0b
B087R638B9,category_7252170e0eda5c0b
B087R6RGGL,category_7252170e0eda5c0b
B087R8YHD6,category_7252170e0eda5c0b
B087R8ZCNR,category_7252170e0eda5c0b
B087R96PLX,category_7252170e0eda5c0b
B087R9JXY5,category_7252170e0eda5c0b
B087R9KB6R,category_7252170e0eda5c0b
B087R9VM6L,category_7252170e0eda5c0b
B087RB67XK,category_7252170e0eda5c0b
B087RBNRXS,category_7252170e0eda5c0b
B087RBQRB6,category_7252170e0eda5c0b
B087RBVTTX,category_7252170e0eda5c0b
B087RFX5P1,category_7252170e0eda5c0b
B087RJ472S,category_7252170e0eda5c0b
B087RM142Z,category_7252170e0eda5c0b
B087RNKQ7J,category_7252170e0eda5c0b
B087RQ48VM,category_7252170e0eda5c0b
B087RQFQPP,category_7252170e0eda5c0b
B087RT6YJ8,category_7252170e0eda5c0b
B087SL73K2,category_7252170e0eda5c0b
B087T6X5NJ,category_7252170e0eda5c0b
B087T8H4RG,category_7252170e0eda5c0b
B087TCWPQJ,category_7252170e0eda5c0b
B087TJGS9S,category_7252170e0eda5c0b
B087TJRK94,category_7252170e0eda5c0b
B087TJVJL3,category_7252170e0eda5c0b
B087TLFQ7W,category_7252170e0eda5c0b
B087TLH1SH,category_7252170e0eda5c0b
B087TNLPCP,category_7252170e0eda5c0b
B087TT3GKH,category_7252170e0eda5c0b
B087TV4L62,category_7252170e0eda5c0b
B087TX32XZ,category_7252170e0eda5c0b
B087V29PWV,category_7252170e0eda5c0b
B087V2CSLQ,category_7252170e0eda5c0b
B087V34KRN,category_7252170e0eda5c0b
B087V4L3G3,category_7252170e0eda5c0b
B087V4L5YK,category_7252170e0eda5c0b
B087V5F58S,category_7252170e0eda5c0b
B087WSFRHW,category_7252170e0eda5c0b
B087WSP6FM,category_7252170e0eda5c0b
B087WVMSV5,category_7252170e0eda5c0b
B087WXB38R,category_7252170e0eda5c0b
B087X4B475,category_7252170e0eda5c0b
B087X51XPW,category_7252170e0eda5c0b
B087X8C4XZ,category_7252170e0eda5c0b
B087XBDNRL,category_7252170e0eda5c0b
B087YV51LT,category_7252170e0eda5c0b
B087YW7L2J,category_7252170e0eda5c0b
B087Z146Z6,category_7252170e0eda5c0b
B087Z1FGFD,category_7252170e0eda5c0b
B087Z1RYW1,category_7252170e0eda5c0b
B087Z21LBF,category_7252170e0eda5c0b
B087ZGFB1L,category_7252170e0eda5c0b
B087ZNKSB6,category_7252170e0eda5c0b
B087ZQK2G8,category_7252170e0eda5c0b
B087ZR1YPX,category_7252170e0eda5c0b
B08811D5RC,category_7252170e0eda5c0b
B08812TF66,category_7252170e0eda5c0b
B088145XD3,category_7252170e0eda5c0b
B088161WKH,category_7252170e0eda5c0b
B0881BQHTL,category_7252170e0eda5c0b
B0881CC6XF,category_7252170e0eda5c0b
B0881DCXTV,category_7252170e0eda5c0b
B0881F3T2F,category_7252170e0eda5c0b
B0881HJ65D,category_7252170e0eda5c0b
B0881HNW8B,category_7252170e0eda5c0b
B0881LCDYJ,category_7252170e0eda5c0b
B0881MBQQF,category_7252170e0eda5c0b
B0881X3FND,category_7252170e0eda5c0b
B0881XHZ99,category_7252170e0eda5c0b
B0882NM25L,category_7252170e0eda5c0b
B0882RN4N7,category_7252170e0eda5c0b
B0882RTN3Z,category_7252170e0eda5c0b
B0882S9F5H,category_7252170e0eda5c0b
B0882ST8NN,category_7252170e0eda5c0b
B0882VCX27,category_7252170e0eda5c0b
B0882WSXT7,category_7252170e0eda5c0b
B0882YDL1N,category_7252170e0eda5c0b
B0882YMDG8,category_7252170e0eda5c0b
B0882YSG4D,category_7252170e0eda5c0b
B08834NSNL,category_7252170e0eda5c0b
B08839P7FB,category_7252170e0eda5c0b
B08855SL72,category_7252170e0eda5c0b
B0885TKLP8,category_7252170e0eda5c0b
B08861F2X6,category_7252170e0eda5c0b
B0886211T9,category_7252170e0eda5c0b
B088633Q1B,category_7252170e0eda5c0b
B088648C88,category_7252170e0eda5c0b
B08864FN8F,category_7252170e0eda5c0b
B088685TMR,category_7252170e0eda5c0b
B088689TSM,category_7252170e0eda5c0b
B0886H3T5Y,category_7252170e0eda5c0b
B0886H7CBY,category_7252170e0eda5c0b
B0887SMJXP,category_7252170e0eda5c0b
B0887T5H2Y,category_7252170e0eda5c0b
B0887TP8DP,category_7252170e0eda5c0b
B0887VDDGQ,category_7252170e0eda5c0b
B0887WSTJ4,category_7252170e0eda5c0b
B0887X4LPT,category_7252170e0eda5c0b
B0887XL9Y7,category_7252170e0eda5c0b
B0887YFYQV,category_7252170e0eda5c0b
B0887ZJP8W,category_7252170e0eda5c0b
B0887ZYWQ7,category_7252170e0eda5c0b
B0888145DD,category_7252170e0eda5c0b
B08881TFNV,category_7252170e0eda5c0b
B088822YD7,category_7252170e0eda5c0b
B08883PHCZ,category_7252170e0eda5c0b
B08884FVSG,category_7252170e0eda5c0b
B08884HTZ5,category_7252170e0eda5c0b
B08884MFB7,category_7252170e0eda5c0b
B08885DQ5M,category_7252170e0eda5c0b
B088882DK9,category_7252170e0eda5c0b
B08888VSW3,category_7252170e0eda5c0b
B08889SB8Y,category_7252170e0eda5c0b
B0888CX245,category_7252170e0eda5c0b
B0888FRYYC,category_7252170e0eda5c0b
B0888J4X5K,category_7252170e0eda5c0b
B0888K3R7B,category_7252170e0eda5c0b
B0888LLZBW,category_7252170e0eda5c0b
B0888N5MHT,category_7252170e0eda5c0b
B0888TNR5S,category_7252170e0eda5c0b
B0888TZ9W6,category_7252170e0eda5c0b
B0889KQ173,category_7252170e0eda5c0b
B088B4KSW8,category_7252170e0eda5c0b
B088B5R2HL,category_7252170e0eda5c0b
B088B5ZQY9,category_7252170e0eda5c0b
B088B7V8JS,category_7252170e0eda5c0b
B088B89XN5,category_7252170e0eda5c0b
B088B9F3TD,category_7252170e0eda5c0b
B088BB6H25,category_7252170e0eda5c0b
B088BBVS9D,category_7252170e0eda5c0b
B088BBY21M,category_7252170e0eda5c0b
B088BCCTN6,category_7252170e0eda5c0b
B088BCF77J,category_7252170e0eda5c0b
B088BDR3B7,category_7252170e0eda5c0b
B088BFLMFT,category_7252170e0eda5c0b
B088BFYPJZ,category_7252170e0eda5c0b
B088BHF6M7,category_7252170e0eda5c0b
B088BJ4FH3,category_7252170e0eda5c0b
B088BJXTPM,category_7252170e0eda5c0b
B088BK685T,category_7252170e0eda5c0b
B088BKKQNR,category_7252170e0eda5c0b
B088BM38BZ,category_7252170e0eda5c0b
B088BM8TXF,category_7252170e0eda5c0b
B088BNFPM1,category_7252170e0eda5c0b
B088BP4XL6,category_7252170e0eda5c0b
B088BP86S8,category_7252170e0eda5c0b
B088BRFG4W,category_7252170e0eda5c0b
B088BTXM33,category_7252170e0eda5c0b
B088BWGKBJ,category_7252170e0eda5c0b
B088C3TZTZ,category_7252170e0eda5c0b
B088CR7Q5D,category_7252170e0eda5c0b
B088CRHVTX,category_7252170e0eda5c0b
B088CSM7BD,category_7252170e0eda5c0b
B088CT1KLD,category_7252170e0eda5c0b
B088CXNPHS,category_7252170e0eda5c0b
B088D29XYP,category_7252170e0eda5c0b
B088D4ZH5D,category_7252170e0eda5c0b
B088D5JRHY,category_7252170e0eda5c0b
B088D7BQJM,category_7252170e0eda5c0b
B088D7GCFL,category_7252170e0eda5c0b
B088D8G9JF,category_7252170e0eda5c0b
B088DDS28R,category_7252170e0eda5c0b
B088DJML9S,category_7252170e0eda5c0b
B088DK6ZS6,category_7252170e0eda5c0b
B088DK9SXF,category_7252170e0eda5c0b
B088DLTVQ9,category_7252170e0eda5c0b
B088DPK86T,category_7252170e0eda5c0b
B088DZKKSF,category_7252170e0eda5c0b
B088DZX7ZD,category_7252170e0eda5c0b
B088F852H3,category_7252170e0eda5c0b
B088F9FQLX,category_7252170e0eda5c0b
B088FDH9WW,category_7252170e0eda5c0b
B088FG8XWH,category_7252170e0eda5c0b
B088FGNW25,category_7252170e0eda5c0b
B088FKY3VD,category_7252170e0eda5c0b
B088FLBYWT,category_7252170e0eda5c0b
B088FMNM89,category_7252170e0eda5c0b
B088FP5M5Q,category_7252170e0eda5c0b
B088FR5VRF,category_7252170e0eda5c0b
B088FRJF91,category_7252170e0eda5c0b
B088FRSXZ5,category_7252170e0eda5c0b
B088FRXK3X,category_7252170e0eda5c0b
B088FRXV2M,category_7252170e0eda5c0b
B088FSBBXP,category_7252170e0eda5c0b
B088FSC5SL,category_7252170e0eda5c0b
B088FT9RXN,category_7252170e0eda5c0b
B088FTMTWX,category_7252170e0eda5c0b
B088FXWCTF,category_7252170e0eda5c0b
B088G1ZJHP,category_7252170e0eda5c0b
B088GMVYQX,category_7252170e0eda5c0b
B088GNYLLD,category_7252170e0eda5c0b
B088GP4R4H,category_7252170e0eda5c0b
B088GT3Q7Z,category_7252170e0eda5c0b
B088GVRV21,category_7252170e0eda5c0b
B088GW1CHP,category_7252170e0eda5c0b
B088GWCVVJ,category_7252170e0eda5c0b
B088GZ7V6H,category_7252170e0eda5c0b
B088H17TVF,category_7252170e0eda5c0b
B088H3RLJB,category_7252170e0eda5c0b
B088H4N7SM,category_7252170e0eda5c0b
B088H58GX7,category_7252170e0eda5c0b
B088H7DCCG,category_7252170e0eda5c0b
B088H95SXF,category_7252170e0eda5c0b
B088HJ2QZR,category_7252170e0eda5c0b
B088JPW67H,category_7252170e0eda5c0b
B088JQXNNG,category_7252170e0eda5c0b
B088JTNHZ7,category_7252170e0eda5c0b
B088JWX1QF,category_7252170e0eda5c0b
B088JX34F2,category_7252170e0eda5c0b
B088K216Y8,category_7252170e0eda5c0b
B088K6MV47,category_7252170e0eda5c0b
B088KDK939,category_7252170e0eda5c0b
B088KHBSVN,category_7252170e0eda5c0b
B088KHMZ3J,category_7252170e0eda5c0b
B088KL7C6X,category_7252170e0eda5c0b
B088LJ5MX9,category_7252170e0eda5c0b
B088LNGY1G,category_7252170e0eda5c0b
B088LPKXNH,category_7252170e0eda5c0b
B088LRTNSS,category_7252170e0eda5c0b
B088LRTWVC,category_7252170e0eda5c0b
B088LTKF7K,category_7252170e0eda5c0b
B088LX6R4L,category_7252170e0eda5c0b
B088LZKD24,category_7252170e0eda5c0b
B088M4Q7Y9,category_7252170e0eda5c0b
B088M4ZMG3,category_7252170e0eda5c0b
B088M5P8FN,category_7252170e0eda5c0b
B088MDYPWT,category_7252170e0eda5c0b
B088MF5VWW,category_7252170e0eda5c0b
B088MG4JDK,category_7252170e0eda5c0b
B088N6XQC5,category_7252170e0eda5c0b
B088N7NR5K,category_7252170e0eda5c0b
B088ND4V2R,category_7252170e0eda5c0b
B088NDSRXZ,category_7252170e0eda5c0b
B088NJKZZW,category_7252170e0eda5c0b
B088NKP77W,category_7252170e0eda5c0b
B088NMRTJ2,category_7252170e0eda5c0b
B088NPWS7K,category_7252170e0eda5c0b
B088NW51D8,category_7252170e0eda5c0b
B088P1QPGM,category_7252170e0eda5c0b
B088P2RY2X,category_7252170e0eda5c0b
B088P8V9G7,category_7252170e0eda5c0b
B088PBXLVP,category_7252170e0eda5c0b
B088PCC6RG,category_7252170e0eda5c0b
B088PHPF5B,category_7252170e0eda5c0b
B088PJ8WQ2,category_7252170e0eda5c0b
B088PL29MT,category_7252170e0eda5c0b
B088PM2SGD,category_7252170e0eda5c0b
B088PNB5QH,category_7252170e0eda5c0b
B088PNXC9W,category_7252170e0eda5c0b
B088PPBRN9,category_7252170e0eda5c0b
B088PPT4X2,category_7252170e0eda5c0b
B088PR9VMN,category_7252170e0eda5c0b
B088PRVQJL,category_7252170e0eda5c0b
B088PSK86N,category_7252170e0eda5c0b
B088PT3VTQ,category_7252170e0eda5c0b
B088PYN4VM,category_7252170e0eda5c0b
B088Q5Z6N7,category_7252170e0eda5c0b
B088QCW2Y5,category_7252170e0eda5c0b
B088QFFCJ8,category_7252170e0eda5c0b
B088QW1K91,category_7252170e0eda5c0b
B088QWMZX1,category_7252170e0eda5c0b
B088R374B1,category_7252170e0eda5c0b
B088R5YRMJ,category_7252170e0eda5c0b
B088R74CJZ,category_7252170e0eda5c0b
B088S9S9BD,category_7252170e0eda5c0b
B088SZVXRB,category_7252170e0eda5c0b
B088T94C5D,category_7252170e0eda5c0b
B088T9JLWG,category_7252170e0eda5c0b
B088T9VK3D,category_7252170e0eda5c0b
B088TBQMDS,category_7252170e0eda5c0b
B088TCP65S,category_7252170e0eda5c0b
B088TD236L,category_7252170e0eda5c0b
B088TGJFV8,category_7252170e0eda5c0b
B088TGQG2F,category_7252170e0eda5c0b
B088TNMKXW,category_7252170e0eda5c0b
B088TNNW8N,category_7252170e0eda5c0b
B088TTJ847,category_7252170e0eda5c0b
B088VXQMRL,category_7252170e0eda5c0b
B088W7M7T6,category_7252170e0eda5c0b
B088W9QDXY,category_7252170e0eda5c0b
B088WH68DH,category_7252170e0eda5c0b
B088WHYQFV,category_7252170e0eda5c0b
B088WJND7B,category_7252170e0eda5c0b
B088WK82Y8,category_7252170e0eda5c0b
B088WM6FXX,category_7252170e0eda5c0b
B088WNJC2L,category_7252170e0eda5c0b
B088WNY2Q6,category_7252170e0eda5c0b
B088WP7KYN,category_7252170e0eda5c0b
B088WS815S,category_7252170e0eda5c0b
B088WSDG52,category_7252170e0eda5c0b
B088WV7SQH,category_7252170e0eda5c0b
B088WW1MFS,category_7252170e0eda5c0b
B088WWBHJL,category_7252170e0eda5c0b
B088WWH6B1,category_7252170e0eda5c0b
B088WXH81B,category_7252170e0eda5c0b
B088WYMS73,category_7252170e0eda5c0b
B088X58ZV3,category_7252170e0eda5c0b
B088X67C26,category_7252170e0eda5c0b
B088YKPMWT,category_7252170e0eda5c0b
B088YNV96G,category_7252170e0eda5c0b
B088Z1FZGR,category_7252170e0eda5c0b
B088ZB4DTH,category_7252170e0eda5c0b
B088ZDJ4VB,category_7252170e0eda5c0b
B088ZDWNWS,category_7252170e0eda5c0b
B088ZHF5TW,category_7252170e0eda5c0b
B088ZN7P6R,category_7252170e0eda5c0b
B088ZNKBHC,category_7252170e0eda5c0b
B088ZPLPN8,category_7252170e0eda5c0b
B088ZQDY4K,category_7252170e0eda5c0b
B088ZT7RN7,category_7252170e0eda5c0b
B08911G32C,category_7252170e0eda5c0b
B08914K3HB,category_7252170e0eda5c0b
B0891V65QZ,category_7252170e0eda5c0b
B0891VSZH4,category_7252170e0eda5c0b
B0891VW823,category_7252170e0eda5c0b
B08924WXRQ,category_7252170e0eda5c0b
B08925W6DP,category_7252170e0eda5c0b
B089264C23,category_7252170e0eda5c0b
B089269PQG,category_7252170e0eda5c0b
B08928WBJJ,category_7252170e0eda5c0b
B0892B7JML,category_7252170e0eda5c0b
B0892CLCHS,category_7252170e0eda5c0b
B0892DYDD9,category_7252170e0eda5c0b
B0892F5JZG,category_7252170e0eda5c0b
B0892F88TJ,category_7252170e0eda5c0b
B0892G8R8Q,category_7252170e0eda5c0b
B0892GP12S,category_7252170e0eda5c0b
B0892HJDKP,category_7252170e0eda5c0b
B0892LX4LX,category_7252170e0eda5c0b
B0892NLZF2,category_7252170e0eda5c0b
B0892NWM6D,category_7252170e0eda5c0b
B0892P4FJY,category_7252170e0eda5c0b
B0892QXKXK,category_7252170e0eda5c0b
B0892X1C7X,category_7252170e0eda5c0b
B0892XT7J1,category_7252170e0eda5c0b
B0892ZFFFK,category_7252170e0eda5c0b
B0892ZZZTF,category_7252170e0eda5c0b
B08932GR6G,category_d6ac68cf358b59e5
B08933TQXK,category_7252170e0eda5c0b
B08937Q8SH,category_7252170e0eda5c0b
B0893F4GGH,category_7252170e0eda5c0b
B0893J6BP8,category_7252170e0eda5c0b
B0893RNX7G,category_7252170e0eda5c0b
B0893T27Q9,category_7252170e0eda5c0b
B0893Y6XKT,category_7252170e0eda5c0b
B0893Y71H7,category_7252170e0eda5c0b
B08941L3JN,category_7252170e0eda5c0b
B089494HTK,category_7252170e0eda5c0b
B08949HMF1,category_7252170e0eda5c0b
B08949RFGH,category_7252170e0eda5c0b
B0894D6S6P,category_7252170e0eda5c0b
B0894DMHDF,category_7252170e0eda5c0b
B0894JBJ71,category_7252170e0eda5c0b
B0894KSBZW,category_7252170e0eda5c0b
B0894LPRN2,category_7252170e0eda5c0b
B0894M16PN,category_7252170e0eda5c0b
B0894N26G9,category_7252170e0eda5c0b
B0894N8CXV,category_7252170e0eda5c0b
B0894NF8F9,category_7252170e0eda5c0b
B0894QQDFH,category_7252170e0eda5c0b
B0894RLDHQ,category_7252170e0eda5c0b
B0894Z81Y7,category_7252170e0eda5c0b
B0895CMRBP,category_7252170e0eda5c0b
B0895CTMZJ,category_7252170e0eda5c0b
B0895DP1BJ,category_7252170e0eda5c0b
B0895GKGWY,category_7252170e0eda5c0b
B0895HJ3JP,category_7252170e0eda5c0b
B0895LWLT3,category_7252170e0eda5c0b
B0895NG63H,category_7252170e0eda5c0b
B0895NYYJ5,category_7252170e0eda5c0b
B0895Q1J78,category_7252170e0eda5c0b
B0895SS9HX,category_7252170e0eda5c0b
B0895WC6BX,category_7252170e0eda5c0b
B0895XRT9S,category_7252170e0eda5c0b
B08965Q4GG,category_7252170e0eda5c0b
B0896XBLVL,category_7252170e0eda5c0b
B08972PX2X,category_7252170e0eda5c0b
B0897K8TN8,category_7252170e0eda5c0b
B0897NHTH5,category_7252170e0eda5c0b
B0897V7QF1,category_7252170e0eda5c0b
B0897VV65F,category_7252170e0eda5c0b
B0897W8X61,category_7252170e0eda5c0b
B0897WXSBF,category_7252170e0eda5c0b
B08999QT5N,category_7252170e0eda5c0b
B0899CQXL7,category_7252170e0eda5c0b
B0899DRZHL,category_7252170e0eda5c0b
B0899QNWYJ,category_7252170e0eda5c0b
B0899QRZPF,category_7252170e0eda5c0b
B0899R49G9,category_7252170e0eda5c0b
B0899WJG8J,category_7252170e0eda5c0b
B0899WZ34R,category_7252170e0eda5c0b
B0899XTY6D,category_7252170e0eda5c0b
B0899YG299,category_7252170e0eda5c0b
B089B7ZB7D,category_7252170e0eda5c0b
B089CJL4L7,category_7252170e0eda5c0b
B089CL475V,category_7252170e0eda5c0b
B089CQWW8S,category_7252170e0eda5c0b
B089CSF11Y,category_7252170e0eda5c0b
B089CTG6MJ,category_7252170e0eda5c0b
B089CXW14F,category_7252170e0eda5c0b
B089D16BWJ,category_7252170e0eda5c0b
B089D16BYC,category_7252170e0eda5c0b
B089D757DP,category_7252170e0eda5c0b
B089D7RD1R,category_7252170e0eda5c0b
B089DQM7HG,category_7252170e0eda5c0b
B089DW2K4M,category_7252170e0eda5c0b
B089F1BSJ5,category_7252170e0eda5c0b
B089FCG4HK,category_7252170e0eda5c0b
B089FQDTPS,category_7252170e0eda5c0b
B089FQW84F,category_7252170e0eda5c0b
B089FSCPQG,category_7252170e0eda5c0b
B089GD98RX,category_7252170e0eda5c0b
B089GFB571,category_7252170e0eda5c0b
B089GK1KHW,category_7252170e0eda5c0b
B089GVBJTK,category_7252170e0eda5c0b
B089GX9GXY,category_7252170e0eda5c0b
B089JJBKDY,category_7252170e0eda5c0b
B089JXZGH3,category_7252170e0eda5c0b
B089K1VB4G,category_7252170e0eda5c0b
B089K2G83P,category_7252170e0eda5c0b
B089K3923P,category_7252170e0eda5c0b
B089K3Z3GD,category_7252170e0eda5c0b
B089K4H1VK,category_7252170e0eda5c0b
B089K4HWNZ,category_7252170e0eda5c0b
B089K7W6NX,category_7252170e0eda5c0b
B089K8CK7C,category_7252170e0eda5c0b
B089K914F4,category_7252170e0eda5c0b
B089K97RQ6,category_7252170e0eda5c0b
B089KBMST6,category_7252170e0eda5c0b
B089KCQ64D,category_7252170e0eda5c0b
B089KCZJ4Y,category_7252170e0eda5c0b
B089KDCQLW,category_7252170e0eda5c0b
B089KGM15K,category_7252170e0eda5c0b
B089KHWPLP,category_7252170e0eda5c0b
B089KJ59TW,category_7252170e0eda5c0b
B089KRVGFZ,category_7252170e0eda5c0b
B089KVHTKS,category_7252170e0eda5c0b
B089LLQP6B,category_7252170e0eda5c0b
B089LNLFW3,category_7252170e0eda5c0b
B089LR2Y1S,category_7252170e0eda5c0b
B089LW8X8N,category_7252170e0eda5c0b
B089LYNCY6,category_7252170e0eda5c0b
B089LZ3VBX,category_7252170e0eda5c0b
B089M23MKM,category_7252170e0eda5c0b
B089M6BTVR,category_7252170e0eda5c0b
B089MDGS6P,category_7252170e0eda5c0b
B089MZNN5B,category_7252170e0eda5c0b
B089N8K858,category_7252170e0eda5c0b
B089NDD8V8,category_7252170e0eda5c0b
B089NJG212,category_d6ac68cf358b59e5
B089NL7HMY,category_7252170e0eda5c0b
B089NM94DX,category_7252170e0eda5c0b
B089NNRKKM,category_7252170e0eda5c0b
B089NQ4RCJ,category_7252170e0eda5c0b
B089NQ8L69,category_7252170e0eda5c0b
B089NQKX4G,category_7252170e0eda5c0b
B089NRBJ4Z,category_7252170e0eda5c0b
B089P3R4FD,category_7252170e0eda5c0b
B089PTD9Q5,category_7252170e0eda5c0b
B089PTZ2PQ,category_7252170e0eda5c0b
B089PW9SS2,category_7252170e0eda5c0b
B089PWG8TM,category_7252170e0eda5c0b
B089PXFWK2,category_7252170e0eda5c0b
B089PXGS9J,category_7252170e0eda5c0b
B089Q1BDLK,category_7252170e0eda5c0b
B089Q25ZLL,category_7252170e0eda5c0b
B089Q3GF7L,category_7252170e0eda5c0b
B089Q569F8,category_7252170e0eda5c0b
B089Q6J6XP,category_7252170e0eda5c0b
B089Q6KLHS,category_7252170e0eda5c0b
B089Q7HGYZ,category_7252170e0eda5c0b
B089Q7R7DP,category_7252170e0eda5c0b
B089Q8D9XH,category_7252170e0eda5c0b
B089QB9ZF9,category_7252170e0eda5c0b
B089QFMFW6,category_7252170e0eda5c0b
B089QHJDT6,category_7252170e0eda5c0b
B089QJWRHL,category_7252170e0eda5c0b
B089R2JK27,category_7252170e0eda5c0b
B089R4W2HG,category_7252170e0eda5c0b
B089R5LQP4,category_7252170e0eda5c0b
B089R7S73D,category_7252170e0eda5c0b
B089RH1RLM,category_7252170e0eda5c0b
B089RQ79QW,category_7252170e0eda5c0b
B089RRNP38,category_7252170e0eda5c0b
B089RXC716,category_7252170e0eda5c0b
B089RZXRVZ,category_7252170e0eda5c0b
B089S7MBW4,category_7252170e0eda5c0b
B089S8SRG4,category_7252170e0eda5c0b
B089S9LWK5,category_7252170e0eda5c0b
B089SHC91S,category_7252170e0eda5c0b
B089SHSCFT,category_7252170e0eda5c0b
B089SHTYKF,category_7252170e0eda5c0b
B089SJWDNS,category_7252170e0eda5c0b
B089SNHYBB,category_7252170e0eda5c0b
B089SQMGMB,category_7252170e0eda5c0b
B089SQTVDW,category_7252170e0eda5c0b
B089SR22D9,category_7252170e0eda5c0b
B089SRHQ15,category_7252170e0eda5c0b
B089SSWP25,category_7252170e0eda5c0b
B089STDWCS,category_7252170e0eda5c0b
B089SW68R5,category_7252170e0eda5c0b
B089T6PMP6,category_7252170e0eda5c0b
B089TZVX9H,category_7252170e0eda5c0b
B089VNZ21Z,category_7252170e0eda5c0b
B089VRNLMZ,category_7252170e0eda5c0b
B089VT36C8,category_7252170e0eda5c0b
B089VWZ6YY,category_7252170e0eda5c0b
B089W1Y3S6,category_7252170e0eda5c0b
B089W3N5WT,category_7252170e0eda5c0b
B089W5BPPX,category_7252170e0eda5c0b
B089W77F9P,category_7252170e0eda5c0b
B089W8M9XZ,category_7252170e0eda5c0b
B089XN9276,category_7252170e0eda5c0b
B089XZ25FQ,category_7252170e0eda5c0b
B089Y2MWWQ,category_7252170e0eda5c0b
B089Y3TWKR,category_7252170e0eda5c0b
B089Y5X16P,category_7252170e0eda5c0b
B089Y65MDD,category_7252170e0eda5c0b
B089YBW4Z2,category_7252170e0eda5c0b
B089YD5KQH,category_7252170e0eda5c0b
B089YF2ZV7,category_7252170e0eda5c0b
B089ZNHRTT,category_7252170e0eda5c0b
B089ZP8C1X,category_7252170e0eda5c0b
B089ZPT48V,category_7252170e0eda5c0b
B089ZYL3J8,category_7252170e0eda5c0b
B089ZZ1F85,category_7252170e0eda5c0b
B089ZZGRVF,category_7252170e0eda5c0b
B08B1177HM,category_7252170e0eda5c0b
B08B12F7VC,category_7252170e0eda5c0b
B08B12W146,category_7252170e0eda5c0b
B08B13CY5H,category_7252170e0eda5c0b
B08B14WCHR,category_7252170e0eda5c0b
B08B182XCL,category_7252170e0eda5c0b
B08B1CGDYC,category_7252170e0eda5c0b
B08B1F8T4M,category_7252170e0eda5c0b
B08B1FNMMQ,category_7252170e0eda5c0b
B08B1L8B2K,category_7252170e0eda5c0b
B08B1MNZWW,category_7252170e0eda5c0b
B08B1S336B,category_7252170e0eda5c0b
B08B2GRNBT,category_7252170e0eda5c0b
B08B2J8H5V,category_7252170e0eda5c0b
B08B2Q6BJ7,category_7252170e0eda5c0b
B08B36R5KJ,category_7252170e0eda5c0b
B08B3BK3D6,category_7252170e0eda5c0b
B08B3D2PXW,category_7252170e0eda5c0b
B08B3DQ6B1,category_7252170e0eda5c0b
B08B3G9ML7,category_7252170e0eda5c0b
B08B3GL1GL,category_7252170e0eda5c0b
B08B3LJP69,category_7252170e0eda5c0b
B08B3MSVQC,category_7252170e0eda5c0b
B08B3NG16S,category_7252170e0eda5c0b
B08B3QXBYM,category_7252170e0eda5c0b
B08B3R252P,category_7252170e0eda5c0b
B08B3SG4LT,category_7252170e0eda5c0b
B08B3TCMSQ,category_7252170e0eda5c0b
B08B3W3TKG,category_7252170e0eda5c0b
B08B3XM7SG,category_7252170e0eda5c0b
B08B41JW2F,category_7252170e0eda5c0b
B08B432CC4,category_7252170e0eda5c0b
B08B44R8DJ,category_7252170e0eda5c0b
B08B45XDT7,category_7252170e0eda5c0b
B08B466J2C,category_7252170e0eda5c0b
B08B46HDN9,category_7252170e0eda5c0b
B08B4CVJPP,category_7252170e0eda5c0b
B08B4HM1KD,category_7252170e0eda5c0b
B08B4LDKPL,category_7252170e0eda5c0b
B08B4N5BXZ,category_7252170e0eda5c0b
B08B4P69LK,category_7252170e0eda5c0b
B08B4PDJMW,category_7252170e0eda5c0b
B08B4QVTZD,category_7252170e0eda5c0b
B08B4RK2Y7,category_7252170e0eda5c0b
B08B4RN9WN,category_7252170e0eda5c0b
B08B59J88D,category_7252170e0eda5c0b
B08B5BZPRL,category_7252170e0eda5c0b
B08B5C8G2R,category_7252170e0eda5c0b
B08B5DJS5H,category_7252170e0eda5c0b
B08B5DQ1F8,category_7252170e0eda5c0b
B08B5GCLCS,category_7252170e0eda5c0b
B08B5J5NMF,category_7252170e0eda5c0b
B08B5MY5K5,category_7252170e0eda5c0b
B08B5NXXBS,category_7252170e0eda5c0b
B08B5PMBYV,category_7252170e0eda5c0b
B08B5SFTN2,category_7252170e0eda5c0b
B08B5XTVLW,category_7252170e0eda5c0b
B08B5ZZ9J7,category_7252170e0eda5c0b
B08B5ZZNLB,category_7252170e0eda5c0b
B08B61S5PL,category_7252170e0eda5c0b
B08B62377X,category_7252170e0eda5c0b
B08B64YH5R,category_7252170e0eda5c0b
B08B6BPPS1,category_7252170e0eda5c0b
B08B6BYKWR,category_7252170e0eda5c0b
B08B6DG6G8,category_7252170e0eda5c0b
B08B7S5GQP,category_7252170e0eda5c0b
B08B7VWGZW,category_7252170e0eda5c0b
B08B7WH5SG,category_7252170e0eda5c0b
B08B82CPBX,category_7252170e0eda5c0b
B08B833VX9,category_7252170e0eda5c0b
B08B83GH77,category_7252170e0eda5c0b
B08B84SM7B,category_7252170e0eda5c0b
B08B85L6CL,category_7252170e0eda5c0b
B08B868CFX,category_7252170e0eda5c0b
B08B86NLSQ,category_7252170e0eda5c0b
B08B86SL5D,category_7252170e0eda5c0b
B08B86YJBV,category_7252170e0eda5c0b
B08B87ND13,category_7252170e0eda5c0b
B08B87PGWQ,category_7252170e0eda5c0b
B08B8815RZ,category_7252170e0eda5c0b
B08B8B1HVG,category_7252170e0eda5c0b
B08B8DBGVV,category_7252170e0eda5c0b
B08B8GLQ4M,category_7252170e0eda5c0b
B08B8HYM7B,category_7252170e0eda5c0b
B08B8KVYM3,category_7252170e0eda5c0b
B08B8NQN5L,category_7252170e0eda5c0b
B08B8PHVQH,category_7252170e0eda5c0b
B08B8QS7JB,category_7252170e0eda5c0b
B08B8RNDGL,category_7252170e0eda5c0b
B08B8VZ826,category_7252170e0eda5c0b
B08B8X92QQ,category_7252170e0eda5c0b
B08BB3P4VQ,category_7252170e0eda5c0b
B08BBQ29N5,category_7252170e0eda5c0b
B08BBWYDRZ,category_7252170e0eda5c0b
B08BC536JK,category_7252170e0eda5c0b
B08BC5MMT1,category_7252170e0eda5c0b
B08BC6PXHC,category_7252170e0eda5c0b
B08BCBGV4Z,category_7252170e0eda5c0b
B08BCDNBV2,category_7252170e0eda5c0b
B08BCGGK9M,category_7252170e0eda5c0b
B08BCHJZQV,category_7252170e0eda5c0b
B08BCRBWT1,category_7252170e0eda5c0b
B08BCTCN25,category_7252170e0eda5c0b
B08BDBYY6J,category_7252170e0eda5c0b
B08BF4BKKM,category_7252170e0eda5c0b
B08BF5DZPR,category_7252170e0eda5c0b
B08BF9KS7J,category_7252170e0eda5c0b
B08BFC3J9F,category_7252170e0eda5c0b
B08BFLDZXX,category_7252170e0eda5c0b
B08BFPN1PY,category_7252170e0eda5c0b
B08BFQ61LS,category_7252170e0eda5c0b
B08BFW8TFM,category_7252170e0eda5c0b
B08BFWY3LQ,category_7252170e0eda5c0b
B08BFX8QBT,category_7252170e0eda5c0b
B08BG1D1PB,category_7252170e0eda5c0b
B08BG3ZJPP,category_7252170e0eda5c0b
B08BG5W5DW,category_7252170e0eda5c0b
B08BG6J5H3,category_7252170e0eda5c0b
B08BH8FMXT,category_7252170e0eda5c0b
B08BHJNRJC,category_7252170e0eda5c0b
B08BHLF31Y,category_7252170e0eda5c0b
B08BHPRVLQ,category_7252170e0eda5c0b
B08BHRZ9DM,category_7252170e0eda5c0b
B08BHSTLCJ,category_7252170e0eda5c0b
B08BHVNB9J,category_7252170e0eda5c0b
B08BHWLMB1,category_7252170e0eda5c0b
B08BHZCGJB,category_7252170e0eda5c0b
B08BJBYCYP,category_7252170e0eda5c0b
B08BJC3K8C,category_7252170e0eda5c0b
B08BJJP372,category_7252170e0eda5c0b
B08BJLCCWV,category_7252170e0eda5c0b
B08BJM6X9L,category_7252170e0eda5c0b
B08BJNFHS4,category_7252170e0eda5c0b
B08BJV6QV2,category_7252170e0eda5c0b
B08BK58ZTX,category_7252170e0eda5c0b
B08BK88QWP,category_7252170e0eda5c0b
B08BKN4GTQ,category_7252170e0eda5c0b
B08BL19YNN,category_7252170e0eda5c0b
B08BL3T8D1,category_7252170e0eda5c0b
B08BL4VDPD,category_7252170e0eda5c0b
B08BL88Q3X,category_7252170e0eda5c0b
B08BL8X74Z,category_7252170e0eda5c0b
B08BLCV1BQ,category_7252170e0eda5c0b
B08BLGL5VW,category_7252170e0eda5c0b
B08BLL5NKV,category_7252170e0eda5c0b
B08BLLPV2Q,category_7252170e0eda5c0b
B08BLLQRB2,category_7252170e0eda5c0b
B08BLR1L54,category_7252170e0eda5c0b
B08BLT11MR,category_7252170e0eda5c0b
B08BLVZKMV,category_7252170e0eda5c0b
B08BMY3XGG,category_7252170e0eda5c0b
B08BN8NBRW,category_7252170e0eda5c0b
B08BNC9T5S,category_7252170e0eda5c0b
B08BND2TSQ,category_7252170e0eda5c0b
B08BNDX6WH,category_7252170e0eda5c0b
B08BNGVW81,category_7252170e0eda5c0b
B08BNJSF6B,category_7252170e0eda5c0b
B08BNKYZBT,category_7252170e0eda5c0b
B08BNN688T,category_7252170e0eda5c0b
B08BNP7HXM,category_7252170e0eda5c0b
B08BNPLPHH,category_7252170e0eda5c0b
B08BNVWMSW,category_7252170e0eda5c0b
B08BNYRT7S,category_7252170e0eda5c0b
B08BPC9PCH,category_7252170e0eda5c0b
B08BPJZBRN,category_7252170e0eda5c0b
B08BQVJWZ9,category_7252170e0eda5c0b
B08BQXHM7V,category_7252170e0eda5c0b
B08BQY7GSP,category_7252170e0eda5c0b
B08BQYJBH8,category_7252170e0eda5c0b
B08BQYN2GB,category_7252170e0eda5c0b
B08BR7FPVG,category_7252170e0eda5c0b
B08BR9GYZ2,category_7252170e0eda5c0b
B08BR9Y7W5,category_7252170e0eda5c0b
B08BRDJLX1,category_7252170e0eda5c0b
B08BRKQNC3,category_7252170e0eda5c0b
B08BRXGFLD,category_7252170e0eda5c0b
B08BS38139,category_7252170e0eda5c0b
B08BS3WDPJ,category_7252170e0eda5c0b
B08BS4MD39,category_7252170e0eda5c0b
B08BT9DFK2,category_7252170e0eda5c0b
B08BTMG9XV,category_7252170e0eda5c0b
B08BTP7ZG4,category_7252170e0eda5c0b
B08BTS7HS6,category_7252170e0eda5c0b
B08BTVMKRJ,category_7252170e0eda5c0b
B08BTXRNVB,category_7252170e0eda5c0b
B08BV6F6BC,category_7252170e0eda5c0b
B08BWY8XXL,category_7252170e0eda5c0b
B08BWZHKCD,category_7252170e0eda5c0b
B08BXCYXYL,category_7252170e0eda5c0b
B08BXDX7D1,category_7252170e0eda5c0b
B08BXJW6JQ,category_7252170e0eda5c0b
B08BXLF7QX,category_7252170e0eda5c0b
B08BXMK1Y1,category_7252170e0eda5c0b
B08BXN485G,category_7252170e0eda5c0b
B08BXPRW8X,category_7252170e0eda5c0b
B08BXQRFNV,category_7252170e0eda5c0b
B08BXRGPKC,category_7252170e0eda5c0b
B08BXS8XGZ,category_7252170e0eda5c0b
B08BXTZ2RN,category_7252170e0eda5c0b
B08BXVGX6F,category_7252170e0eda5c0b
B08BXVJMRY,category_7252170e0eda5c0b
B08BY6DGFF,category_7252170e0eda5c0b
B08BYCHPJ1,category_7252170e0eda5c0b
B08BYD5T8R,category_7252170e0eda5c0b
B08BYDTYTD,category_7252170e0eda5c0b
B08BYFDVC1,category_7252170e0eda5c0b
B08BYJ9QK6,category_7252170e0eda5c0b
B08BYK1JP1,category_7252170e0eda5c0b
B08BYMP77C,category_7252170e0eda5c0b
B08BYNH7MB,category_7252170e0eda5c0b
B08BYVLDVN,category_7252170e0eda5c0b
B08BZ4SV5Q,category_7252170e0eda5c0b
B08BZ5TDSS,category_7252170e0eda5c0b
B08BZ6DG8N,category_7252170e0eda5c0b
B08BZ6K5CR,category_7252170e0eda5c0b
B08BZ7NN5V,category_7252170e0eda5c0b
B08BZHYDHC,category_7252170e0eda5c0b
B08BZJW62K,category_7252170e0eda5c0b
B08BZMDFJ4,category_7252170e0eda5c0b
B08BZNK7HC,category_7252170e0eda5c0b
B08C24Q6LB,category_7252170e0eda5c0b
B08C251K1R,category_7252170e0eda5c0b
B08C266W95,category_7252170e0eda5c0b
B08C26W2Q1,category_7252170e0eda5c0b
B08C29811V,category_7252170e0eda5c0b
B08C2CVD2Y,category_7252170e0eda5c0b
B08C2DGGN8,category_7252170e0eda5c0b
B08C2FXY3T,category_7252170e0eda5c0b
B08C2GDFYG,category_7252170e0eda5c0b
B08C2H9YQ2,category_7252170e0eda5c0b
B08C2HVJ78,category_7252170e0eda5c0b
B08C2JK6JJ,category_7252170e0eda5c0b
B08C2JSQ2M,category_7252170e0eda5c0b
B08C2LKTVW,category_7252170e0eda5c0b
B08C2MKH7C,category_7252170e0eda5c0b
B08C2PVPRS,category_7252170e0eda5c0b
B08C2PXJB9,category_7252170e0eda5c0b
B08C2QBYZF,category_7252170e0eda5c0b
B08C2R8WK5,category_7252170e0eda5c0b
B08C2TGQ4M,category_7252170e0eda5c0b
B08C2TGVFR,category_7252170e0eda5c0b
B08C2W9YVB,category_7252170e0eda5c0b
B08C373QKN,category_7252170e0eda5c0b
B08C37W1BV,category_7252170e0eda5c0b
B08C47JB9R,category_7252170e0eda5c0b
B08C4M8HMQ,category_7252170e0eda5c0b
B08C4PZFFN,category_7252170e0eda5c0b
B08C4SY3JJ,category_7252170e0eda5c0b
B08C4TVL3C,category_7252170e0eda5c0b
B08C4W9QFH,category_7252170e0eda5c0b
B08C51DZR6,category_7252170e0eda5c0b
B08C526V56,category_7252170e0eda5c0b
B08C52LHT4,category_7252170e0eda5c0b
B08C537VZB,category_7252170e0eda5c0b
B08C567LB8,category_7252170e0eda5c0b
B08C56HRSQ,category_7252170e0eda5c0b
B08C5767JM,category_7252170e0eda5c0b
B08C58QNCL,category_7252170e0eda5c0b
B08C5BH4QQ,category_7252170e0eda5c0b
B08C5LDCMP,category_7252170e0eda5c0b
B08C6XWLDK,category_7252170e0eda5c0b
B08C6Y3DK1,category_7252170e0eda5c0b
B08C72C56Z,category_7252170e0eda5c0b
B08C737JT8,category_7252170e0eda5c0b
B08C75BRPJ,category_7252170e0eda5c0b
B08C78FLF9,category_7252170e0eda5c0b
B08C7BCB6P,category_7252170e0eda5c0b
B08C7BP588,category_7252170e0eda5c0b
B08C7CGQLQ,category_7252170e0eda5c0b
B08C7D4KXG,category_7252170e0eda5c0b
B08C7GKQCY,category_7252170e0eda5c0b
B08C7KBGRT,category_7252170e0eda5c0b
B08C7LDTGH,category_7252170e0eda5c0b
B08C7M19CD,category_7252170e0eda5c0b
B08C7MKJTM,category_7252170e0eda5c0b
B08C7N2QG8,category_7252170e0eda5c0b
B08C7ND4LZ,category_7252170e0eda5c0b
B08C7QHDWM,category_7252170e0eda5c0b
B08C7TV6H9,category_7252170e0eda5c0b
B08C7VLW4B,category_7252170e0eda5c0b
B08C7WDDYV,category_7252170e0eda5c0b
B08C82H8QW,category_7252170e0eda5c0b
B08C8QJ2MR,category_7252170e0eda5c0b
B08C9F2VDL,category_7252170e0eda5c0b
B08C9HNMVY,category_7252170e0eda5c0b
B08C9HW7YD,category_7252170e0eda5c0b
B08C9K6CDZ,category_7252170e0eda5c0b
B08C9LMQYY,category_7252170e0eda5c0b
B08C9LPW7F,category_7252170e0eda5c0b
B08C9N2JSX,category_7252170e0eda5c0b
B08C9NRRFG,category_7252170e0eda5c0b
B08C9PJ14R,category_7252170e0eda5c0b
B08C9Q315F,category_7252170e0eda5c0b
B08C9R7SL1,category_7252170e0eda5c0b
B08C9TBSZT,category_7252170e0eda5c0b
B08C9ZQBN1,category_7252170e0eda5c0b
B08CB1RVFC,category_7252170e0eda5c0b
B08CB7G61Z,category_7252170e0eda5c0b
B08CB8YBLY,category_7252170e0eda5c0b
B08CBDZ3PS,category_7252170e0eda5c0b
B08CBF2KN7,category_7252170e0eda5c0b
B08CBFB2BY,category_7252170e0eda5c0b
B08CBSJ8QL,category_7252170e0eda5c0b
B08CBTSTBJ,category_7252170e0eda5c0b
B08CBVSF67,category_7252170e0eda5c0b
B08CBWQSCP,category_7252170e0eda5c0b
B08CBYBK84,category_7252170e0eda5c0b
B08CC39G63,category_7252170e0eda5c0b
B08CC5F15H,category_7252170e0eda5c0b
B08CCBGXJJ,category_7252170e0eda5c0b
B08CCN6F19,category_7252170e0eda5c0b
B08CCQ5NYJ,category_7252170e0eda5c0b
B08CCS6ZLM,category_7252170e0eda5c0b
B08CCTSYW6,category_7252170e0eda5c0b
B08CD7WH38,category_7252170e0eda5c0b
B08CDKF339,category_7252170e0eda5c0b
B08CDKLLR5,category_7252170e0eda5c0b
B08CDPZ7W7,category_7252170e0eda5c0b
B08CDQ4ZZP,category_7252170e0eda5c0b
B08CDR991M,category_7252170e0eda5c0b
B08CDRC5CB,category_7252170e0eda5c0b
B08CDY5RPW,category_7252170e0eda5c0b
B08CF3RZ5T,category_7252170e0eda5c0b
B08CF41PBG,category_7252170e0eda5c0b
B08CGCKZND,category_7252170e0eda5c0b
B08CGGR248,category_7252170e0eda5c0b
B08CGRCZQB,category_7252170e0eda5c0b
B08CGTCGS5,category_7252170e0eda5c0b
B08CGV3RR9,category_7252170e0eda5c0b
B08CGWHCNN,category_7252170e0eda5c0b
B08CH19GHQ,category_7252170e0eda5c0b
B08CH2J8XJ,category_7252170e0eda5c0b
B08CH2QJ5B,category_7252170e0eda5c0b
B08CH5358C,category_7252170e0eda5c0b
B08CH8W4PK,category_7252170e0eda5c0b
B08CHCCC4T,category_7252170e0eda5c0b
B08CHH8774,category_7252170e0eda5c0b
B08CK3BY9N,category_7252170e0eda5c0b
B08CK47LWN,category_7252170e0eda5c0b
B08CK5BPH3,category_7252170e0eda5c0b
B08CK5CBCN,category_7252170e0eda5c0b
B08CK8CQKS,category_7252170e0eda5c0b
B08CK9JQFV,category_7252170e0eda5c0b
B08CKCV9HD,category_7252170e0eda5c0b
B08CKD7YM2,category_7252170e0eda5c0b
B08CKFF7VT,category_7252170e0eda5c0b
B08CKGFT32,category_7252170e0eda5c0b
B08CKRX4RW,category_7252170e0eda5c0b
B08CMGC82Z,category_7252170e0eda5c0b
B08CMT8BD7,category_7252170e0eda5c0b
B08CMV7XW1,category_7252170e0eda5c0b
B08CMW33TW,category_7252170e0eda5c0b
B08CMXBHMX,category_7252170e0eda5c0b
B08CMY7XSF,category_7252170e0eda5c0b
B08CN3ZY9Z,category_7252170e0eda5c0b
B08CN5JHLD,category_7252170e0eda5c0b
B08CNHR5VY,category_7252170e0eda5c0b
B08CNM25YS,category_7252170e0eda5c0b
B08CPFC9BD,category_7252170e0eda5c0b
B08CR44YMJ,category_7252170e0eda5c0b
B08CR5DS6T,category_7252170e0eda5c0b
B08CR746CF,category_7252170e0eda5c0b
B08CR7KLV9,category_7252170e0eda5c0b
B08CRGYKWW,category_7252170e0eda5c0b
B08CRHMX31,category_7252170e0eda5c0b
B08CRL6H24,category_7252170e0eda5c0b
B08CRP78R8,category_7252170e0eda5c0b
B08CRWPRNZ,category_7252170e0eda5c0b
B08CS51NP7,category_7252170e0eda5c0b
B08CS74HTR,category_7252170e0eda5c0b
B08CS762PT,category_7252170e0eda5c0b
B08CS7P672,category_7252170e0eda5c0b
B08CS8YX4W,category_7252170e0eda5c0b
B08CSHLLLG,category_7252170e0eda5c0b
B08CSJGSXC,category_7252170e0eda5c0b
B08CSJTZ8F,category_7252170e0eda5c0b
B08CSSWYBZ,category_7252170e0eda5c0b
B08CSWMGQN,category_7252170e0eda5c0b
B08CSZGBVD,category_7252170e0eda5c0b
B08CTBH9BY,category_7252170e0eda5c0b
B08CTMZTTW,category_7252170e0eda5c0b
B08CTN4QZK,category_7252170e0eda5c0b
B08CV1Y56Q,category_7252170e0eda5c0b
B08CV2LYTG,category_7252170e0eda5c0b
B08CV2R2L1,category_7252170e0eda5c0b
B08CV39JCV,category_7252170e0eda5c0b
B08CV3Y4WN,category_7252170e0eda5c0b
B08CV625ZZ,category_7252170e0eda5c0b
B08CV8GHSD,category_7252170e0eda5c0b
B08CVGMFRB,category_7252170e0eda5c0b
B08CVH5B93,category_7252170e0eda5c0b
B08CVK8N5Y,category_7252170e0eda5c0b
B08CVMY4LF,category_7252170e0eda5c0b
B08CVN6R3L,category_7252170e0eda5c0b
B08CVPNQSQ,category_7252170e0eda5c0b
B08CVPVQ67,category_7252170e0eda5c0b
B08CVQXZD9,category_7252170e0eda5c0b
B08CVRHZ6F,category_7252170e0eda5c0b
B08CWX8XPB,category_7252170e0eda5c0b
B08CX44526,category_7252170e0eda5c0b
B08CX7BZXY,category_7252170e0eda5c0b
B08CXB2Z69,category_7252170e0eda5c0b
B08CXBSTTF,category_7252170e0eda5c0b
B08CXFBD6Y,category_7252170e0eda5c0b
B08CXFDDV8,category_7252170e0eda5c0b
B08CXKCCZD,category_7252170e0eda5c0b
B08CXKJ7TQ,category_7252170e0eda5c0b
B08CXLV7SX,category_7252170e0eda5c0b
B08CXN37JY,category_7252170e0eda5c0b
B08CXQFJK8,category_7252170e0eda5c0b
B08CXR85RQ,category_7252170e0eda5c0b
B08CXTP1FW,category_7252170e0eda5c0b
B08CXWTK1G,category_7252170e0eda5c0b
B08CXYS3SJ,category_7252170e0eda5c0b
B08CXYXWN3,category_7252170e0eda5c0b
B08CY71LFY,category_7252170e0eda5c0b
B08CZ18HCV,category_7252170e0eda5c0b
B08CZ2CCRZ,category_7252170e0eda5c0b
B08CZ4Y415,category_7252170e0eda5c0b
B08CZ5HJBN,category_7252170e0eda5c0b
B08CZ6CQJX,category_7252170e0eda5c0b
B08CZ6KMVM,category_7252170e0eda5c0b
B08CZ7MNPC,category_7252170e0eda5c0b
B08CZ9XHWW,category_7252170e0eda5c0b
B08CZBS396,category_7252170e0eda5c0b
B08CZCJJ22,category_7252170e0eda5c0b
B08CZCWZB4,category_7252170e0eda5c0b
B08CZKN7PM,category_7252170e0eda5c0b
B08CZLT49X,category_7252170e0eda5c0b
B08CZMP3B5,category_7252170e0eda5c0b
B08CZQVVFK,category_7252170e0eda5c0b
B08CZS4PJ7,category_7252170e0eda5c0b
B08CZY18F4,category_7252170e0eda5c0b
B08D11GT46,category_7252170e0eda5c0b
B08D2Z9JM5,category_7252170e0eda5c0b
B08D34P39V,category_7252170e0eda5c0b
B08D34WBJ3,category_7252170e0eda5c0b
B08D3711NW,category_7252170e0eda5c0b
B08D37XQW2,category_7252170e0eda5c0b
B08D3B6JCP,category_7252170e0eda5c0b
B08D3B9CJ2,category_7252170e0eda5c0b
B08D3FTCB3,category_7252170e0eda5c0b
B08D3FTMRH,category_7252170e0eda5c0b
B08D3GLMZH,category_7252170e0eda5c0b
B08D3H5DV4,category_7252170e0eda5c0b
B08D3HPXMC,category_7252170e0eda5c0b
B08D3PP86F,category_7252170e0eda5c0b
B08D3QZC6J,category_7252170e0eda5c0b
B08D4S6MJD,category_7252170e0eda5c0b
B08D4ZC1LK,category_7252170e0eda5c0b
B08D5TP4WY,category_7252170e0eda5c0b
B08D619LWK,category_7252170e0eda5c0b
B08D645TT7,category_7252170e0eda5c0b
B08D648B57,category_7252170e0eda5c0b
B08D65SYX2,category_7252170e0eda5c0b
B08D67H8SF,category_7252170e0eda5c0b
B08D687JWV,category_7252170e0eda5c0b
B08D69697G,category_7252170e0eda5c0b
B08D69VHVH,category_7252170e0eda5c0b
B08D6DHV74,category_7252170e0eda5c0b
B08D6GD4XY,category_7252170e0eda5c0b
B08D6GLYVW,category_7252170e0eda5c0b
B08D6JM69V,category_7252170e0eda5c0b
B08D6W125J,category_7252170e0eda5c0b
B08D6YDVVW,category_7252170e0eda5c0b
B08D72YQ8S,category_7252170e0eda5c0b
B08D73P577,category_7252170e0eda5c0b
B08D74S6SN,category_7252170e0eda5c0b
B08D75FFZM,category_7252170e0eda5c0b
B08D76XN7B,category_7252170e0eda5c0b
B08D7BX9S3,category_7252170e0eda5c0b
B08D7C1YXW,category_7252170e0eda5c0b
B08D7CFTTR,category_7252170e0eda5c0b
B08D7KTVXY,category_7252170e0eda5c0b
B08D7KYGCB,category_7252170e0eda5c0b
B08D7L3RNG,category_7252170e0eda5c0b
B08D7Q5J6Y,category_7252170e0eda5c0b
B08D82F4NC,category_7252170e0eda5c0b
B08D884BPX,category_7252170e0eda5c0b
B08D8GBC63,category_7252170e0eda5c0b
B08D8QKWRF,category_7252170e0eda5c0b
B08D8S46MK,category_7252170e0eda5c0b
B08D8TC6QM,category_7252170e0eda5c0b
B08D8V54H3,category_7252170e0eda5c0b
B08D8WDRBV,category_7252170e0eda5c0b
B08D94RYP9,category_7252170e0eda5c0b
B08D94TLDL,category_7252170e0eda5c0b
B08D95GJMC,category_7252170e0eda5c0b
B08D96CK3P,category_7252170e0eda5c0b
B08D9888J3,category_7252170e0eda5c0b
B08D9C13H9,category_7252170e0eda5c0b
B08D9C2ZZQ,category_7252170e0eda5c0b
B08D9DLRQZ,category_7252170e0eda5c0b
B08D9FYDLJ,category_7252170e0eda5c0b
B08D9H22JG,category_7252170e0eda5c0b
B08D9HLNB4,category_7252170e0eda5c0b
B08D9JGZXF,category_7252170e0eda5c0b
B08D9KDKZQ,category_7252170e0eda5c0b
B08D9KQYDC,category_7252170e0eda5c0b
B08D9KZVXZ,category_7252170e0eda5c0b
B08D9L413Q,category_7252170e0eda5c0b
B08D9LV1JK,category_7252170e0eda5c0b
B08D9M2W9P,category_7252170e0eda5c0b
B08D9NCH69,category_7252170e0eda5c0b
B08DBNLWVG,category_7252170e0eda5c0b
B08DBPTW9Z,category_7252170e0eda5c0b
B08DBWJXQY,category_7252170e0eda5c0b
B08DCFTZHW,category_7252170e0eda5c0b
B08DCHKT3M,category_7252170e0eda5c0b
B08DCKP814,category_7252170e0eda5c0b
B08DCP88S7,category_7252170e0eda5c0b
B08DCPL4BH,category_7252170e0eda5c0b
B08DCWKBPQ,category_7252170e0eda5c0b
B08DCY6PYY,category_7252170e0eda5c0b
B08DCYQ5HL,category_7252170e0eda5c0b
B08DD3BR87,category_7252170e0eda5c0b
B08DDBTZC8,category_7252170e0eda5c0b
B08DF7F72N,category_7252170e0eda5c0b
B08DF9G8M4,category_7252170e0eda5c0b
B08DFJYG3P,category_7252170e0eda5c0b
B08DFNMWLN,category_7252170e0eda5c0b
B08DFWL65J,category_7252170e0eda5c0b
B08DFYPHPB,category_7252170e0eda5c0b
B08DG2G65F,category_7252170e0eda5c0b
B08DG3MG8R,category_7252170e0eda5c0b
B08DG3QJWW,category_7252170e0eda5c0b
B08DG6H5K4,category_7252170e0eda5c0b
B08DHF5GLZ,category_7252170e0eda5c0b
B08DHGCJJW,category_7252170e0eda5c0b
B08DHGD14W,category_7252170e0eda5c0b
B08DHMPTJR,category_7252170e0eda5c0b
B08DHQ26ZN,category_7252170e0eda5c0b
B08DHQT8PC,category_7252170e0eda5c0b
B08DHSY75L,category_7252170e0eda5c0b
B08DHT15JP,category_7252170e0eda5c0b
B08DHYXBBH,category_7252170e0eda5c0b
B08DJ5384G,category_7252170e0eda5c0b
B08DJ78122,category_7252170e0eda5c0b
B08DJB4CF3,category_7252170e0eda5c0b
B08DJCT73X,category_7252170e0eda5c0b
B08DJXYGLN,category_7252170e0eda5c0b
B08DJZRM1M,category_7252170e0eda5c0b
B08DK4B5QV,category_7252170e0eda5c0b
B08DK4KDRY,category_7252170e0eda5c0b
B08DK84J18,category_7252170e0eda5c0b
B08DK85TBT,category_7252170e0eda5c0b
B08DKBK1C1,category_7252170e0eda5c0b
B08DKBNDB5,category_7252170e0eda5c0b
B08DKFV9SR,category_7252170e0eda5c0b
B08DKGPY5B,category_7252170e0eda5c0b
B08DKK7KXV,category_7252170e0eda5c0b
B08DKLPQXP,category_7252170e0eda5c0b
B08DKTMW9Z,category_7252170e0eda5c0b
B08DL1798S,category_7252170e0eda5c0b
B08DL367RV,category_7252170e0eda5c0b
B08DL7MJM5,category_7252170e0eda5c0b
B08DL9ZG48,category_7252170e0eda5c0b
B08DLF7J1M,category_7252170e0eda5c0b
B08DLFSSRP,category_7252170e0eda5c0b
B08DLL86H4,category_7252170e0eda5c0b
B08DLQCD8Q,category_7252170e0eda5c0b
B08DLTJTKF,category_7252170e0eda5c0b
B08DLTTC1J,category_7252170e0eda5c0b
B08DLWTQR5,category_7252170e0eda5c0b
B08DM5WVCR,category_7252170e0eda5c0b
B08DM6RH88,category_7252170e0eda5c0b
B08DM8YHT3,category_7252170e0eda5c0b
B08DMNPFZ3,category_7252170e0eda5c0b
B08DN9C62T,category_7252170e0eda5c0b
B08DNCL5H6,category_7252170e0eda5c0b
B08DNLJ7PQ,category_7252170e0eda5c0b
B08DNML1FR,category_7252170e0eda5c0b
B08DNP39N3,category_7252170e0eda5c0b
B08DNP7XCH,category_7252170e0eda5c0b
B08DNQKMS3,category_7252170e0eda5c0b
B08DNQTTQK,category_7252170e0eda5c0b
B08DNRC58N,category_7252170e0eda5c0b
B08DNS3BC5,category_7252170e0eda5c0b
B08DNTVXB9,category_7252170e0eda5c0b
B08DNV9J7F,category_7252170e0eda5c0b
B08DNXKP44,category_7252170e0eda5c0b
B08DNZ7G7Q,category_7252170e0eda5c0b
B08DP1R6B9,category_7252170e0eda5c0b
B08DP29CZ2,category_7252170e0eda5c0b
B08DP5757V,category_7252170e0eda5c0b
B08DQHWRJ5,category_7252170e0eda5c0b
B08DQN9D2B,category_7252170e0eda5c0b
B08DQPRVJW,category_7252170e0eda5c0b
B08DQYRN21,category_7252170e0eda5c0b
B08DQYRWP3,category_7252170e0eda5c0b
B08DR1P44T,category_7252170e0eda5c0b
B08DR3VH5W,category_7252170e0eda5c0b
B08DR7GFBL,category_7252170e0eda5c0b
B08DRB66W3,category_7252170e0eda5c0b
B08DRJXSY1,category_7252170e0eda5c0b
B08DRKFV9N,category_7252170e0eda5c0b
B08DRMFT36,category_7252170e0eda5c0b
B08DRX8MZ7,category_7252170e0eda5c0b
B08DT1DXT1,category_7252170e0eda5c0b
B08DTK49H3,category_7252170e0eda5c0b
B08DTKSLWG,category_7252170e0eda5c0b
B08DTNLT5V,category_7252170e0eda5c0b
B08DTP23Z6,category_7252170e0eda5c0b
B08DTQDQHZ,category_7252170e0eda5c0b
B08DTW2M99,category_7252170e0eda5c0b
B08DTXW5P2,category_7252170e0eda5c0b
B08DV19R48,category_7252170e0eda5c0b
B08DV1Y8FQ,category_7252170e0eda5c0b
B08DV31FF5,category_7252170e0eda5c0b
B08DV3L4X8,category_7252170e0eda5c0b
B08DV54FYF,category_7252170e0eda5c0b
B08DV5DK81,category_7252170e0eda5c0b
B08DV6T69H,category_7252170e0eda5c0b
B08DWC1LLW,category_7252170e0eda5c0b
B08DWVL7FK,category_7252170e0eda5c0b
B08DWW7BY8,category_7252170e0eda5c0b
B08DX5GRL3,category_7252170e0eda5c0b
B08DX6B4QN,category_7252170e0eda5c0b
B08DX7H39X,category_7252170e0eda5c0b
B08DX9P6V1,category_7252170e0eda5c0b
B08DXCV8GX,category_7252170e0eda5c0b
B08DXH7XGD,category_7252170e0eda5c0b
B08DXL9VR4,category_7252170e0eda5c0b
B08DXPSXRR,category_7252170e0eda5c0b
B08DXR1NW8,category_7252170e0eda5c0b
B08DXS2BK5,category_7252170e0eda5c0b
B08DXW5BQH,category_7252170e0eda5c0b
B08DXYMT45,category_7252170e0eda5c0b
B08DY2N7LF,category_7252170e0eda5c0b
B08DY3558Q,category_7252170e0eda5c0b
B08DY6SXXZ,category_7252170e0eda5c0b
B08DYD16VL,category_7252170e0eda5c0b
B08DYGZJVZ,category_7252170e0eda5c0b
B08DZ4DKN2,category_7252170e0eda5c0b
B08DZBPMQB,category_7252170e0eda5c0b
B08F1V8779,category_7252170e0eda5c0b
B08F1X9365,category_7252170e0eda5c0b
B08F1Z14L1,category_7252170e0eda5c0b
B08F1Z5KQS,category_7252170e0eda5c0b
B08F1ZPS71,category_7252170e0eda5c0b
B08F22M415,category_7252170e0eda5c0b
B08F27TZS2,category_7252170e0eda5c0b
B08F2FLCQK,category_7252170e0eda5c0b
B08F2MBYVL,category_7252170e0eda5c0b
B08F31LKVW,category_7252170e0eda5c0b
B08F322V79,category_7252170e0eda5c0b
B08F36KDQC,category_7252170e0eda5c0b
B08F38B71S,category_7252170e0eda5c0b
B08F3DGS3Y,category_7252170e0eda5c0b
B08F3DMHSZ,category_7252170e0eda5c0b
B08F3FMBL6,category_7252170e0eda5c0b
B08F3M668L,category_7252170e0eda5c0b
B08F3PFFMZ,category_7252170e0eda5c0b
B08F3VZK96,category_7252170e0eda5c0b
B08F3W12LQ,category_7252170e0eda5c0b
B08F432H9X,category_7252170e0eda5c0b
B08F45PW8Z,category_7252170e0eda5c0b
B08F4NK1X3,category_7252170e0eda5c0b
B08F4Q7K9T,category_7252170e0eda5c0b
B08F4Q8ZBR,category_7252170e0eda5c0b
B08F4S4TF6,category_7252170e0eda5c0b
B08F4S53FR,category_7252170e0eda5c0b
B08F4WH8LY,category_7252170e0eda5c0b
B08F4XZ8CM,category_7252170e0eda5c0b
B08F4ZWZ98,category_7252170e0eda5c0b
B08F51J6RT,category_7252170e0eda5c0b
B08F546J7D,category_7252170e0eda5c0b
B08F56PF98,category_7252170e0eda5c0b
B08F56RFLL,category_7252170e0eda5c0b
B08F574VSP,category_7252170e0eda5c0b
B08F57BW63,category_7252170e0eda5c0b
B08F59D9K4,category_7252170e0eda5c0b
B08F5BMBG3,category_7252170e0eda5c0b
B08F5CML9D,category_7252170e0eda5c0b
B08F6SR5P4,category_7252170e0eda5c0b
B08F6W8LGY,category_7252170e0eda5c0b
B08F75ZSQ3,category_7252170e0eda5c0b
B08F79Z1Q5,category_7252170e0eda5c0b
B08F7FX3RJ,category_7252170e0eda5c0b
B08F7K1JWZ,category_7252170e0eda5c0b
B08F7KXD84,category_7252170e0eda5c0b
B08F7L1XQY,category_7252170e0eda5c0b
B08F7LYJDC,category_7252170e0eda5c0b
B08F7NV1C6,category_7252170e0eda5c0b
B08F7S5852,category_7252170e0eda5c0b
B08F7TT8TJ,category_7252170e0eda5c0b
B08F7WFLCT,category_7252170e0eda5c0b
B08F91C96P,category_7252170e0eda5c0b
B08F9BKZJV,category_7252170e0eda5c0b
B08F9CP5JH,category_7252170e0eda5c0b
B08F9F7SXN,category_7252170e0eda5c0b
B08F9FSXDV,category_7252170e0eda5c0b
B08F9FWG8L,category_7252170e0eda5c0b
B08F9KWDLS,category_7252170e0eda5c0b
B08F9R6XRM,category_7252170e0eda5c0b
B08F9RGZKG,category_7252170e0eda5c0b
B08F9SCJ99,category_7252170e0eda5c0b
B08F9TQC4Q,category_7252170e0eda5c0b
B08F9W392G,category_7252170e0eda5c0b
B08F9XLRCK,category_7252170e0eda5c0b
B08F9Y77QQ,category_7252170e0eda5c0b
B08F9ZYK22,category_7252170e0eda5c0b
B08FB2T685,category_7252170e0eda5c0b
B08FB3RXBC,category_7252170e0eda5c0b
B08FB48Q39,category_7252170e0eda5c0b
B08FB4T6TB,category_7252170e0eda5c0b
B08FB6S5CR,category_7252170e0eda5c0b
B08FBF45NF,category_7252170e0eda5c0b
B08FBGRRPK,category_7252170e0eda5c0b
B08FBJ269X,category_7252170e0eda5c0b
B08FBJT3YZ,category_7252170e0eda5c0b
B08FBPPKV5,category_7252170e0eda5c0b
B08FBTH74K,category_7252170e0eda5c0b
B08FBY7VF4,category_7252170e0eda5c0b
B08FC2GCDL,category_7252170e0eda5c0b
B08FC4K8PM,category_7252170e0eda5c0b
B08FC6K2LX,category_7252170e0eda5c0b
B08FCB5HFZ,category_7252170e0eda5c0b
B08FCBXJFB,category_7252170e0eda5c0b
B08FCD7LQT,category_7252170e0eda5c0b
B08FCJF688,category_7252170e0eda5c0b
B08FCL1QGB,category_7252170e0eda5c0b
B08FCLFHJK,category_7252170e0eda5c0b
B08FCLKX9V,category_7252170e0eda5c0b
B08FCQ7BL9,category_7252170e0eda5c0b
B08FCV18Q4,category_7252170e0eda5c0b
B08FD36X79,category_7252170e0eda5c0b
B08FD5CGXG,category_7252170e0eda5c0b
B08FDBN7R4,category_7252170e0eda5c0b
B08FDCZVJS,category_7252170e0eda5c0b
B08FDFR2YK,category_7252170e0eda5c0b
B08FDMRRF7,category_7252170e0eda5c0b
B08FDS8WDX,category_7252170e0eda5c0b
B08FDW93SZ,category_7252170e0eda5c0b
B08FDZQ4KW,category_7252170e0eda5c0b
B08FF3BFYV,category_7252170e0eda5c0b
B08FF46CR9,category_7252170e0eda5c0b
B08FF898YR,category_7252170e0eda5c0b
B08FF8FDCY,category_7252170e0eda5c0b
B08FFH47TZ,category_7252170e0eda5c0b
B08FFJW792,category_7252170e0eda5c0b
B08FFK3RYQ,category_7252170e0eda5c0b
B08FFLTZVJ,category_7252170e0eda5c0b
B08FFRHLQN,category_7252170e0eda5c0b
B08FFVT6F8,category_7252170e0eda5c0b
B08FFYJN26,category_7252170e0eda5c0b
B08FFYPNZP,category_7252170e0eda5c0b
B08FG1T95N,category_7252170e0eda5c0b
B08FG3BP6C,category_7252170e0eda5c0b
B08FG8Q1CJ,category_7252170e0eda5c0b
B08FHBLKKQ,category_7252170e0eda5c0b
B08FHKQQ3T,category_7252170e0eda5c0b
B08FHRWGHZ,category_7252170e0eda5c0b
B08FHSC7BV,category_7252170e0eda5c0b
B08FHSRBBH,category_7252170e0eda5c0b
B08FHT2RB9,category_7252170e0eda5c0b
B08FHVTJ5Q,category_7252170e0eda5c0b
B08FHXF4YV,category_7252170e0eda5c0b
B08FJ2H8F9,category_7252170e0eda5c0b
B08FJ3BL9C,category_7252170e0eda5c0b
B08FJ5HPD5,category_7252170e0eda5c0b
B08FJ61MZX,category_7252170e0eda5c0b
B08FJ69VV5,category_7252170e0eda5c0b
B08FJ6GC4K,category_7252170e0eda5c0b
B08FJ812DY,category_7252170e0eda5c0b
B08FJFVBG3,category_7252170e0eda5c0b
B08FJGBS5T,category_7252170e0eda5c0b
B08FJHPJX3,category_7252170e0eda5c0b
B08FKPLJFS,category_7252170e0eda5c0b
B08FKWQMZ2,category_7252170e0eda5c0b
B08FLHJRCF,category_7252170e0eda5c0b
B08FLM5STB,category_7252170e0eda5c0b
B08FLWXKWZ,category_7252170e0eda5c0b
B08FLXJFY6,category_7252170e0eda5c0b
B08FM5FHYZ,category_7252170e0eda5c0b
B08FM65TK3,category_7252170e0eda5c0b
B08FM7MM96,category_7252170e0eda5c0b
B08FM7X161,category_7252170e0eda5c0b
B08FMGWGYW,category_7252170e0eda5c0b
B08FMMSRQ9,category_7252170e0eda5c0b
B08FMNB5M5,category_7252170e0eda5c0b
B08FMST5ND,category_7252170e0eda5c0b
B08FQMVY55,category_7252170e0eda5c0b
B08FQNPGVK,category_7252170e0eda5c0b
B08FQQJB7T,category_7252170e0eda5c0b
B08FQXGGHC,category_7252170e0eda5c0b
B08FR3QXYY,category_7252170e0eda5c0b
B08FR5BZM6,category_7252170e0eda5c0b
B08FR71K72,category_7252170e0eda5c0b
B08FRF776S,category_7252170e0eda5c0b
B08FRJZYZ6,category_7252170e0eda5c0b
B08FRK5GNY,category_7252170e0eda5c0b
B08FRQGYDF,category_7252170e0eda5c0b
B08FSH2RY1,category_7252170e0eda5c0b
B08FSR5KQQ,category_7252170e0eda5c0b
B08FSRG24Y,category_7252170e0eda5c0b
B08FSVT7TP,category_7252170e0eda5c0b
B08FSVXHP9,category_7252170e0eda5c0b
B08FSW3X4X,category_7252170e0eda5c0b
B08FSWY7FT,category_7252170e0eda5c0b
B08FSXDGF6,category_7252170e0eda5c0b
B08FSXMG3F,category_7252170e0eda5c0b
B08FSXY5YV,category_7252170e0eda5c0b
B08FSZX4L9,category_7252170e0eda5c0b
B08FT4R6YV,category_7252170e0eda5c0b
B08FT5KZ4M,category_7252170e0eda5c0b
B08FT662Z4,category_7252170e0eda5c0b
B08FT79KCC,category_7252170e0eda5c0b
B08FT7ZMGP,category_7252170e0eda5c0b
B08FT9XCY7,category_7252170e0eda5c0b
B08FTC49Q1,category_7252170e0eda5c0b
B08FTC8QX1,category_7252170e0eda5c0b
B08FTD39CF,category_7252170e0eda5c0b
B08FTG1565,category_7252170e0eda5c0b
B08FTHZZ19,category_7252170e0eda5c0b
B08FTJ93W5,category_7252170e0eda5c0b
B08FTLH7QK,category_7252170e0eda5c0b
B08FVZGZCH,category_7252170e0eda5c0b
B08FW1K4KB,category_7252170e0eda5c0b
B08FWJPDD7,category_7252170e0eda5c0b
B08FWKMBCY,category_7252170e0eda5c0b
B08FWN86MV,category_7252170e0eda5c0b
B08FWRK5JB,category_7252170e0eda5c0b
B08FWXC726,category_7252170e0eda5c0b
B08FWZJY16,category_7252170e0eda5c0b
B08FWZP7R4,category_7252170e0eda5c0b
B08FX5L5W4,category_7252170e0eda5c0b
B08FXPD8WV,category_7252170e0eda5c0b
B08FXV6T7Z,category_7252170e0eda5c0b
B08FY3D8T9,category_7252170e0eda5c0b
B08FY3WDDJ,category_7252170e0eda5c0b
B08FY41CX5,category_7252170e0eda5c0b
B08FYBCJYT,category_7252170e0eda5c0b
B08FYG7926,category_7252170e0eda5c0b
B08FYZ9VJY,category_7252170e0eda5c0b
B08FZ47MWN,category_7252170e0eda5c0b
B08FZ7B16S,category_7252170e0eda5c0b
B08FZB43ZK,category_7252170e0eda5c0b
B08FZMKK8X,category_7252170e0eda5c0b
B08FZXPWDL,category_7252170e0eda5c0b
B08FZZ1TWD,category_7252170e0eda5c0b
B08G12NQSG,category_7252170e0eda5c0b
B08G14L1YX,category_7252170e0eda5c0b
B08G172NT5,category_7252170e0eda5c0b
B08G1C624S,category_7252170e0eda5c0b
B08G1GSV3N,category_7252170e0eda5c0b
B08G1J2J61,category_7252170e0eda5c0b
B08G1JDK52,category_7252170e0eda5c0b
B08G1K36F1,category_7252170e0eda5c0b
B08G1XFT3Z,category_7252170e0eda5c0b
B08G39421M,category_7252170e0eda5c0b
B08G3GZF1V,category_7252170e0eda5c0b
B08G437D9L,category_7252170e0eda5c0b
B08G4BJ6TY,category_7252170e0eda5c0b
B08G4CHZR5,category_7252170e0eda5c0b
B08G4F2T86,category_7252170e0eda5c0b
B08G4JX8BR,category_7252170e0eda5c0b
B08G4K18VX,category_7252170e0eda5c0b
B08G4M51CC,category_7252170e0eda5c0b
B08G4MTQBX,category_7252170e0eda5c0b
B08G4MYFJR,category_7252170e0eda5c0b
B08G4N78RM,category_7252170e0eda5c0b
B08G4R81X2,category_7252170e0eda5c0b
B08G4VHYPK,category_7252170e0eda5c0b
B08G4VV646,category_7252170e0eda5c0b
B08G4VVFLP,category_7252170e0eda5c0b
B08G4ZK42V,category_7252170e0eda5c0b
B08G59BZ98,category_7252170e0eda5c0b
B08G5CNRJM,category_7252170e0eda5c0b
B08G5CZ4S4,category_7252170e0eda5c0b
B08G6NFGNM,category_7252170e0eda5c0b
B08G74HGKZ,category_7252170e0eda5c0b
B08G789MR3,category_7252170e0eda5c0b
B08G7WCRYQ,category_7252170e0eda5c0b
B08G7WN5BM,category_7252170e0eda5c0b
B08G81DGQL,category_7252170e0eda5c0b
B08G85G8FC,category_7252170e0eda5c0b
B08G86Z5QN,category_7252170e0eda5c0b
B08G89V97X,category_7252170e0eda5c0b
B08G8BQQZS,category_7252170e0eda5c0b
B08G8DQKCT,category_7252170e0eda5c0b
B08G8FYSZF,category_7252170e0eda5c0b
B08G8JRG6Z,category_7252170e0eda5c0b
B08G8KQ689,category_7252170e0eda5c0b
B08G8L4RY3,category_7252170e0eda5c0b
B08G8RZ5HZ,category_7252170e0eda5c0b
B08G9TPVNZ,category_7252170e0eda5c0b
B08GB17RFF,category_7252170e0eda5c0b
B08GB1VQZM,category_7252170e0eda5c0b
B08GB2SQPG,category_7252170e0eda5c0b
B08GBTMB53,category_7252170e0eda5c0b
B08GBY836B,category_7252170e0eda5c0b
B08GBYZR3R,category_7252170e0eda5c0b
B08GC18YRV,category_7252170e0eda5c0b
B08GC5MH1K,category_7252170e0eda5c0b
B08GC67NV7,category_7252170e0eda5c0b
B08GC6BVFK,category_7252170e0eda5c0b
B08GC778RJ,category_7252170e0eda5c0b
B08GC7HDHZ,category_7252170e0eda5c0b
B08GC7RZ6S,category_7252170e0eda5c0b
B08GC9KJVQ,category_7252170e0eda5c0b
B08GCB8ZH5,category_7252170e0eda5c0b
B08GCCZ7Z8,category_7252170e0eda5c0b
B08GCDZX6W,category_7252170e0eda5c0b
B08GCFP86J,category_7252170e0eda5c0b
B08GCJTQXW,category_7252170e0eda5c0b
B08GCKVMG5,category_7252170e0eda5c0b
B08GCN3D23,category_7252170e0eda5c0b
B08GCTHMPV,category_7252170e0eda5c0b
B08GCVN3D2,category_7252170e0eda5c0b
B08GF5K7WJ,category_7252170e0eda5c0b
B08GF9LFLB,category_7252170e0eda5c0b
B08GFDZHBT,category_7252170e0eda5c0b
B08GFG3B5H,category_7252170e0eda5c0b
B08GFHJPXP,category_7252170e0eda5c0b
B08GFQ1QRH,category_7252170e0eda5c0b
B08GFSNVH7,category_7252170e0eda5c0b
B08GFXY69V,category_7252170e0eda5c0b
B08GFZB4DT,category_7252170e0eda5c0b
B08GGC5B6Y,category_7252170e0eda5c0b
B08GH2HNYW,category_7252170e0eda5c0b
B08GH51QP5,category_7252170e0eda5c0b
B08GH5G5WY,category_7252170e0eda5c0b
B08GH5N7CH,category_7252170e0eda5c0b
B08GH6RYTR,category_7252170e0eda5c0b
B08GHBDNW8,category_7252170e0eda5c0b
B08GHCVCC8,category_7252170e0eda5c0b
B08GHS3TZL,category_7252170e0eda5c0b
B08GHXWP47,category_7252170e0eda5c0b
B08GHYQZQ8,category_7252170e0eda5c0b
B08GHZ2NHM,category_7252170e0eda5c0b
B08GJ8KRNM,category_7252170e0eda5c0b
B08GJ8R4RZ,category_7252170e0eda5c0b
B08GJGYRW6,category_7252170e0eda5c0b
B08GJP2PZ2,category_7252170e0eda5c0b
B08GJRTTBQ,category_7252170e0eda5c0b
B08GK5FR4K,category_7252170e0eda5c0b
B08GK5G5Y1,category_7252170e0eda5c0b
B08GK84Z3H,category_7252170e0eda5c0b
B08GK8FDHC,category_7252170e0eda5c0b
B08GK8LYX8,category_7252170e0eda5c0b
B08GK8YCGK,category_7252170e0eda5c0b
B08GKCCC3G,category_7252170e0eda5c0b
B08GKCJHTC,category_7252170e0eda5c0b
B08GKFRK1V,category_7252170e0eda5c0b
B08GKHF97N,category_7252170e0eda5c0b
B08GKHNQKJ,category_7252170e0eda5c0b
B08GKHT8TJ,category_7252170e0eda5c0b
B08GKK5JWS,category_7252170e0eda5c0b
B08GKKTPBQ,category_7252170e0eda5c0b
B08GKKV144,category_7252170e0eda5c0b
B08GKL32C9,category_7252170e0eda5c0b
B08GKN7C3D,category_7252170e0eda5c0b
B08GKN8WLW,category_7252170e0eda5c0b
B08GKNDPGC,category_7252170e0eda5c0b
B08GKNS6T8,category_7252170e0eda5c0b
B08GKV2WY6,category_7252170e0eda5c0b
B08GLB6GYN,category_7252170e0eda5c0b
B08GLCRQ85,category_7252170e0eda5c0b
B08GLD42D4,category_7252170e0eda5c0b
B08GLD788G,category_7252170e0eda5c0b
B08GLF16PV,category_7252170e0eda5c0b
B08GLFJFZV,category_7252170e0eda5c0b
B08GLPX4SS,category_7252170e0eda5c0b
B08GLQRYP8,category_7252170e0eda5c0b
B08GLRM6HT,category_7252170e0eda5c0b
B08GLTMDRZ,category_7252170e0eda5c0b
B08GLVPSSS,category_7252170e0eda5c0b
B08GLWLXG1,category_7252170e0eda5c0b
B08GM1W15P,category_7252170e0eda5c0b
B08GM2J8VL,category_7252170e0eda5c0b
B08GP3Q7B5,category_7252170e0eda5c0b
B08GP6Z9CX,category_7252170e0eda5c0b
B08GP8FND9,category_7252170e0eda5c0b
B08GP8RFSX,category_7252170e0eda5c0b
B08GP9X2ZY,category_7252170e0eda5c0b
B08GP9Y8SR,category_7252170e0eda5c0b
B08GPBTNG4,category_7252170e0eda5c0b
B08GPDDLMW,category_7252170e0eda5c0b
B08GPDF49N,category_7252170e0eda5c0b
B08GPF53QV,category_7252170e0eda5c0b
B08GPJRKTN,category_7252170e0eda5c0b
B08GPK75T8,category_7252170e0eda5c0b
B08GPKSYF7,category_7252170e0eda5c0b
B08GPKVV9V,category_7252170e0eda5c0b
B08GPL71GQ,category_7252170e0eda5c0b
B08GPN7GPS,category_7252170e0eda5c0b
B08GPS5Z2V,category_7252170e0eda5c0b
B08GPTKVG4,category_7252170e0eda5c0b
B08GQ17JXD,category_7252170e0eda5c0b
B08GQ23Q39,category_7252170e0eda5c0b
B08GQ6VP4G,category_7252170e0eda5c0b
B08GQ8WYT1,category_7252170e0eda5c0b
B08GQ9P4PV,category_7252170e0eda5c0b
B08GQJM95B,category_7252170e0eda5c0b
B08GQV1HZ6,category_7252170e0eda5c0b
B08GQZYCWT,category_7252170e0eda5c0b
B08GR16QS7,category_7252170e0eda5c0b
B08GRNDVVS,category_7252170e0eda5c0b
B08GRYYHD2,category_7252170e0eda5c0b
B08GS2D5NN,category_7252170e0eda5c0b
B08GS4QXWQ,category_7252170e0eda5c0b
B08GS97MR1,category_7252170e0eda5c0b
B08GSB113J,category_7252170e0eda5c0b
B08GSKKXHM,category_7252170e0eda5c0b
B08GSKRQKD,category_7252170e0eda5c0b
B08GSMB5SZ,category_7252170e0eda5c0b
B08GSMKFGF,category_7252170e0eda5c0b
B08GSNBQLW,category_7252170e0eda5c0b
B08GSRPBW5,category_7252170e0eda5c0b
B08GSRVDYD,category_7252170e0eda5c0b
B08GST17RP,category_7252170e0eda5c0b
B08GSTN2RS,category_7252170e0eda5c0b
B08GV7T4KG,category_7252170e0eda5c0b
B08GW49BFS,category_7252170e0eda5c0b
B08GWPSJ5M,category_7252170e0eda5c0b
B08GWS2ZQS,category_7252170e0eda5c0b
B08GWXVR1W,category_7252170e0eda5c0b
B08GX2MVFX,category_7252170e0eda5c0b
B08GX512TZ,category_7252170e0eda5c0b
B08GX6DLMQ,category_7252170e0eda5c0b
B08GX6GJCF,category_7252170e0eda5c0b
B08GX6JW68,category_7252170e0eda5c0b
B08GX8W948,category_7252170e0eda5c0b
B08GXV3C5Y,category_7252170e0eda5c0b
B08GY5ZY27,category_7252170e0eda5c0b
B08GY96F87,category_7252170e0eda5c0b
B08GYBH5CB,category_7252170e0eda5c0b
B08GYF5DMC,category_7252170e0eda5c0b
B08GYGLF3M,category_7252170e0eda5c0b
B08GYJ3GMB,category_7252170e0eda5c0b
B08GYK4KFN,category_7252170e0eda5c0b
B08GYRFWFT,category_7252170e0eda5c0b
B08GZ1HFFD,category_7252170e0eda5c0b
B08GZ5WX31,category_7252170e0eda5c0b
B08GZGC7PG,category_7252170e0eda5c0b
B08GZHCJK8,category_7252170e0eda5c0b
B08GZHSDTW,category_7252170e0eda5c0b
B08GZVSS2M,category_7252170e0eda5c0b
B08GZWJVR4,category_7252170e0eda5c0b
B08H12DZTS,category_7252170e0eda5c0b
B08H1625GB,category_7252170e0eda5c0b
B08H17LKDT,category_7252170e0eda5c0b
B08H1H5SNS,category_7252170e0eda5c0b
B08H1LFBTQ,category_7252170e0eda5c0b
B08H1QRHFG,category_7252170e0eda5c0b
B08H1TZ2W8,category_7252170e0eda5c0b
B08H1W2SYF,category_7252170e0eda5c0b
B08H1WRCWN,category_7252170e0eda5c0b
B08H1Y3VPL,category_7252170e0eda5c0b
B08H1Y6QS6,category_7252170e0eda5c0b
B08H1Y78MC,category_7252170e0eda5c0b
B08H2255N7,category_7252170e0eda5c0b
B08H226ZQJ,category_7252170e0eda5c0b
B08H237L2Q,category_7252170e0eda5c0b
B08H24DPCD,category_7252170e0eda5c0b
B08H25MVWF,category_7252170e0eda5c0b
B08H25RK1C,category_7252170e0eda5c0b
B08H2BP656,category_7252170e0eda5c0b
B08H2GD28H,category_7252170e0eda5c0b
B08H3P2F7Q,category_7252170e0eda5c0b
B08H4BWR7D,category_7252170e0eda5c0b
B08H4JL18Q,category_7252170e0eda5c0b
B08H4KMJ2N,category_7252170e0eda5c0b
B08H4QJ1M6,category_7252170e0eda5c0b
B08H4T3CMQ,category_7252170e0eda5c0b
B08H4VRFJC,category_7252170e0eda5c0b
B08H5194NZ,category_7252170e0eda5c0b
B08H52FGZX,category_7252170e0eda5c0b
B08H52YH2R,category_7252170e0eda5c0b
B08H5D5THF,category_7252170e0eda5c0b
B08H5GHRB2,category_7252170e0eda5c0b
B08H5HYM2P,category_7252170e0eda5c0b
B08H5MR96Y,category_7252170e0eda5c0b
B08H5PV2HM,category_7252170e0eda5c0b
B08H5RL69R,category_7252170e0eda5c0b
B08H5T3SMV,category_7252170e0eda5c0b
B08H5TB2VH,category_7252170e0eda5c0b
B08H7KBWXZ,category_7252170e0eda5c0b
B08H7VTZCX,category_7252170e0eda5c0b
B08H7YPS1Z,category_7252170e0eda5c0b
B08H81CG3W,category_7252170e0eda5c0b
B08H847KYM,category_7252170e0eda5c0b
B08H88VHF5,category_7252170e0eda5c0b
B08H88WJ4Y,category_7252170e0eda5c0b
B08H8H87X7,category_7252170e0eda5c0b
B08H8LK491,category_7252170e0eda5c0b
B08H8LN6NH,category_7252170e0eda5c0b
B08H8RWPT1,category_7252170e0eda5c0b
B08H8TNFVS,category_7252170e0eda5c0b
B08H9PP5TJ,category_7252170e0eda5c0b
B08H9Q1729,category_7252170e0eda5c0b
B08HC8G5T8,category_7252170e0eda5c0b
B08HCBJDWP,category_7252170e0eda5c0b
B08HCFS3J4,category_7252170e0eda5c0b
B08HCKD45N,category_7252170e0eda5c0b
B08HCKVN4G,category_7252170e0eda5c0b
B08HCLCWSM,category_7252170e0eda5c0b
B08HCLS91S,category_7252170e0eda5c0b
B08HCQ6N49,category_7252170e0eda5c0b
B08HCSBGTJ,category_7252170e0eda5c0b
B08HCSPSLD,category_7252170e0eda5c0b
B08HCYWK6J,category_7252170e0eda5c0b
B08HCZ5KGZ,category_7252170e0eda5c0b
B08HD23ND2,category_7252170e0eda5c0b
B08HD6NNXL,category_7252170e0eda5c0b
B08HDB6SNY,category_7252170e0eda5c0b
B08HDFYXY1,category_7252170e0eda5c0b
B08HG825DC,category_7252170e0eda5c0b
B08HG9ZYS5,category_7252170e0eda5c0b
B08HGKYCPZ,category_7252170e0eda5c0b
B08HGNB6WC,category_7252170e0eda5c0b
B08HGQT46C,category_7252170e0eda5c0b
B08HGRSGM7,category_7252170e0eda5c0b
B08HGXSGFL,category_7252170e0eda5c0b
B08HGYCVZH,category_7252170e0eda5c0b
B08HH1L9W4,category_7252170e0eda5c0b
B08HH9BBB2,category_7252170e0eda5c0b
B08HHCNSYK,category_7252170e0eda5c0b
B08HHQMNY1,category_7252170e0eda5c0b
B08HHQW3FQ,category_7252170e0eda5c0b
B08HJ3FRDK,category_7252170e0eda5c0b
B08HJ46Z4M,category_7252170e0eda5c0b
B08HJ4HDP4,category_7252170e0eda5c0b
B08HJ6VVCK,category_7252170e0eda5c0b
B08HJPFYVY,category_7252170e0eda5c0b
B08HJR4CM4,category_7252170e0eda5c0b
B08HJTWBGQ,category_7252170e0eda5c0b
B08HJV5NSG,category_7252170e0eda5c0b
B08HJV7TVR,category_7252170e0eda5c0b
B08HJWLRLW,category_7252170e0eda5c0b
B08HJYBFZV,category_7252170e0eda5c0b
B08HJYF3WW,category_7252170e0eda5c0b
B08HK1FJX6,category_7252170e0eda5c0b
B08HK52V9L,category_7252170e0eda5c0b
B08HK5WX81,category_7252170e0eda5c0b
B08HK6FYHJ,category_7252170e0eda5c0b
B08HK6QBWQ,category_7252170e0eda5c0b
B08HK74JWH,category_7252170e0eda5c0b
B08HKDYKSJ,category_7252170e0eda5c0b
B08HKGVJRZ,category_7252170e0eda5c0b
B08HL11QBP,category_7252170e0eda5c0b
B08HLB3YDM,category_7252170e0eda5c0b
B08HLF8Q8T,category_7252170e0eda5c0b
B08HLFTQ7P,category_7252170e0eda5c0b
B08HLFV3WM,category_7252170e0eda5c0b
B08HLGQGJ3,category_7252170e0eda5c0b
B08HLH71ZJ,category_7252170e0eda5c0b
B08HLHVTTH,category_7252170e0eda5c0b
B08HLKZQ8K,category_7252170e0eda5c0b
B08HLQTT4B,category_7252170e0eda5c0b
B08HLRNT89,category_7252170e0eda5c0b
B08HLSD26N,category_7252170e0eda5c0b
B08HLSKRL3,category_7252170e0eda5c0b
B08HLW69C2,category_7252170e0eda5c0b
B08HLY7CX9,category_7252170e0eda5c0b
B08HLYD5ZG,category_7252170e0eda5c0b
B08HLYM3L1,category_7252170e0eda5c0b
B08HLZD1NQ,category_7252170e0eda5c0b
B08HMBD7HQ,category_7252170e0eda5c0b
B08HMDHJZK,category_7252170e0eda5c0b
B08HMFTSBV,category_7252170e0eda5c0b
B08HMGH4JP,category_7252170e0eda5c0b
B08HMJY91D,category_7252170e0eda5c0b
B08HMLXW65,category_7252170e0eda5c0b
B08HMPGNVW,category_7252170e0eda5c0b
B08HMPXG6H,category_7252170e0eda5c0b
B08HMTH6Y6,category_7252170e0eda5c0b
B08HMXC13B,category_7252170e0eda5c0b
B08HMXS2RD,category_7252170e0eda5c0b
B08HN147NV,category_7252170e0eda5c0b
B08HN5L5PM,category_7252170e0eda5c0b
B08HN6MLMG,category_7252170e0eda5c0b
B08HN7HRTJ,category_7252170e0eda5c0b
B08HN822SN,category_7252170e0eda5c0b
B08HPG66Y1,category_7252170e0eda5c0b
B08HPK7GJ8,category_7252170e0eda5c0b
B08HPWM4QZ,category_7252170e0eda5c0b
B08HQ6VZPQ,category_7252170e0eda5c0b
B08HQCT1GP,category_7252170e0eda5c0b
B08HQFXTRC,category_7252170e0eda5c0b
B08HQLG8PV,category_7252170e0eda5c0b
B08HQNTL7J,category_7252170e0eda5c0b
B08HQQS8L4,category_7252170e0eda5c0b
B08HQWBDF5,category_7252170e0eda5c0b
B08HQYDQTJ,category_7252170e0eda5c0b
B08HR34NLV,category_7252170e0eda5c0b
B08HR51GN2,category_7252170e0eda5c0b
B08HR5PDN6,category_7252170e0eda5c0b
B08HR9BJNZ,category_7252170e0eda5c0b
B08HRHCZV2,category_7252170e0eda5c0b
B08HRJ7H18,category_7252170e0eda5c0b
B08HRJXVXF,category_7252170e0eda5c0b
B08HRL8XLZ,category_7252170e0eda5c0b
B08HRS4F8M,category_7252170e0eda5c0b
B08HRZHPTK,category_7252170e0eda5c0b
B08HS11TKY,category_7252170e0eda5c0b
B08HS25WTG,category_7252170e0eda5c0b
B08HS2SDR8,category_7252170e0eda5c0b
B08HS9VT5X,category_7252170e0eda5c0b
B08HSCS1RQ,category_7252170e0eda5c0b
B08HSH5VSW,category_7252170e0eda5c0b
B08HSK1T4Y,category_7252170e0eda5c0b
B08HSK5M7P,category_7252170e0eda5c0b
B08HSSPX1W,category_7252170e0eda5c0b
B08HSTDJP7,category_7252170e0eda5c0b
B08HSVZ9X5,category_7252170e0eda5c0b
B08HSXQWKF,category_7252170e0eda5c0b
B08HSZQHRY,category_7252170e0eda5c0b
B08HTYXYTM,category_7252170e0eda5c0b
B08HTZCKFK,category_7252170e0eda5c0b
B08HTZKMJ5,category_7252170e0eda5c0b
B08HV2DXZH,category_7252170e0eda5c0b
B08HV4F726,category_7252170e0eda5c0b
B08HV4HMN6,category_7252170e0eda5c0b
B08HV8LC4N,category_7252170e0eda5c0b
B08HVB6517,category_7252170e0eda5c0b
B08HVBNMJ2,category_7252170e0eda5c0b
B08HVCRC6D,category_7252170e0eda5c0b
B08HVDGKRQ,category_7252170e0eda5c0b
B08HVKSX5R,category_7252170e0eda5c0b
B08HVNGL1H,category_7252170e0eda5c0b
B08HVP4673,category_7252170e0eda5c0b
B08HVRP54L,category_7252170e0eda5c0b
B08HVSNLTS,category_7252170e0eda5c0b
B08HVYYG2H,category_7252170e0eda5c0b
B08HVZPCF6,category_7252170e0eda5c0b
B08HWCX93W,category_7252170e0eda5c0b
B08HWD7JHJ,category_7252170e0eda5c0b
B08HWFCBCD,category_7252170e0eda5c0b
B08HWFWP5X,category_7252170e0eda5c0b
B08HWH55LX,category_7252170e0eda5c0b
B08HWJ4DBY,category_7252170e0eda5c0b
B08HWQWRZH,category_7252170e0eda5c0b
B08HWTXYNW,category_7252170e0eda5c0b
B08HX21YB1,category_7252170e0eda5c0b
B08HX3S1VC,category_7252170e0eda5c0b
B08HX5J4P5,category_7252170e0eda5c0b
B08HXPFZPL,category_7252170e0eda5c0b
B08HXQD8HC,category_7252170e0eda5c0b
B08HXR8Y61,category_7252170e0eda5c0b
B08HXVR9FT,category_7252170e0eda5c0b
B08HY15HV8,category_7252170e0eda5c0b
B08HYDJTQG,category_7252170e0eda5c0b
B08HYGLL6K,category_7252170e0eda5c0b
B08HYHD678,category_7252170e0eda5c0b
B08HYKMMPJ,category_7252170e0eda5c0b
B08HYKZ5V5,category_7252170e0eda5c0b
B08HYPR25V,category_7252170e0eda5c0b
B08HZ5BFHD,category_7252170e0eda5c0b
B08HZ5Y8RY,category_7252170e0eda5c0b
B08HZ8DYLQ,category_7252170e0eda5c0b
B08HZ9CHGS,category_7252170e0eda5c0b
B08HZ9JNHC,category_7252170e0eda5c0b
B08HZB5Q7D,category_7252170e0eda5c0b
B08HZGTM8C,category_7252170e0eda5c0b
B08J2692VD,category_7252170e0eda5c0b
B08J2GS1DN,category_7252170e0eda5c0b
B08J2K2Z9X,category_7252170e0eda5c0b
B08J2KXMLS,category_7252170e0eda5c0b
B08J2LY93D,category_7252170e0eda5c0b
B08J3NC4P9,category_7252170e0eda5c0b
B08J3NH4S4,category_7252170e0eda5c0b
B08J3QLHXG,category_7252170e0eda5c0b
B08J3R7T7D,category_7252170e0eda5c0b
B08J3RNCJ1,category_7252170e0eda5c0b
B08J3TVNHM,category_7252170e0eda5c0b
B08J3TXYT8,category_7252170e0eda5c0b
B08J3VX89W,category_7252170e0eda5c0b
B08J3WHMTK,category_7252170e0eda5c0b
B08J3YTQT7,category_7252170e0eda5c0b
B08J42B7NS,category_7252170e0eda5c0b
B08J43HHFK,category_7252170e0eda5c0b
B08J4427TW,category_7252170e0eda5c0b
B08J44JFNW,category_7252170e0eda5c0b
B08J45S4NP,category_7252170e0eda5c0b
B08J46Q857,category_7252170e0eda5c0b
B08J491J17,category_7252170e0eda5c0b
B08J49TCX6,category_7252170e0eda5c0b
B08J4BQDNZ,category_7252170e0eda5c0b
B08J4CQ2RR,category_7252170e0eda5c0b
B08J4CSV3W,category_7252170e0eda5c0b
B08J4CZQKB,category_7252170e0eda5c0b
B08J4H7GRF,category_7252170e0eda5c0b
B08J6C6GX9,category_7252170e0eda5c0b
B08J6DNQBK,category_7252170e0eda5c0b
B08J6SKN1B,category_7252170e0eda5c0b
B08J6T87QC,category_7252170e0eda5c0b
B08J7G4VDK,category_7252170e0eda5c0b
B08J7GH9LV,category_7252170e0eda5c0b
B08J7R5HHX,category_7252170e0eda5c0b
B08J7TTP5L,category_7252170e0eda5c0b
B08J83P878,category_7252170e0eda5c0b
B08J8F9Y2R,category_7252170e0eda5c0b
B08JB4STFS,category_7252170e0eda5c0b
B08JB5PMHJ,category_7252170e0eda5c0b
B08JBRRRH2,category_7252170e0eda5c0b
B08JCCTSRK,category_7252170e0eda5c0b
B08JCDMKDJ,category_7252170e0eda5c0b
B08JCFC119,category_7252170e0eda5c0b
B08JCKGMFW,category_7252170e0eda5c0b
B08JCMFWBK,category_7252170e0eda5c0b
B08JCP9WTG,category_7252170e0eda5c0b
B08JCQ1FXK,category_7252170e0eda5c0b
B08JCS99LW,category_7252170e0eda5c0b
B08JCV2S2F,category_7252170e0eda5c0b
B08JCX3DL7,category_7252170e0eda5c0b
B08JCZBHX2,category_7252170e0eda5c0b
B08JCZH7XW,category_7252170e0eda5c0b
B08JCZNL2P,category_7252170e0eda5c0b
B08JD1WYGJ,category_7252170e0eda5c0b
B08JF8RD2M,category_7252170e0eda5c0b
B08JFBWGXX,category_7252170e0eda5c0b
B08JFBZYMM,category_7252170e0eda5c0b
B08JFF4PLP,category_7252170e0eda5c0b
B08JFWX9MR,category_7252170e0eda5c0b
B08JG79241,category_7252170e0eda5c0b
B08JG7CGLC,category_7252170e0eda5c0b
B08JG828SL,category_7252170e0eda5c0b
B08JG9LP3J,category_7252170e0eda5c0b
B08JGLSVJ5,category_7252170e0eda5c0b
B08JGLTRHB,category_7252170e0eda5c0b
B08JGMD3CD,category_7252170e0eda5c0b
B08JGZG78L,category_7252170e0eda5c0b
B08JH3SFRQ,category_7252170e0eda5c0b
B08JH916RK,category_7252170e0eda5c0b
B08JHNV58J,category_7252170e0eda5c0b
B08JHR7XWX,category_7252170e0eda5c0b
B08JHWGVM3,category_7252170e0eda5c0b
B08JHXF2DR,category_7252170e0eda5c0b
B08JHY1JR3,category_7252170e0eda5c0b
B08JJ5PJ9Q,category_7252170e0eda5c0b
B08JJTZJQ2,category_7252170e0eda5c0b
B08JK1S897,category_7252170e0eda5c0b
B08JL4NQ3Q,category_7252170e0eda5c0b
B08JLRYR52,category_7252170e0eda5c0b
B08JLSWNSS,category_7252170e0eda5c0b
B08JLVX69P,category_7252170e0eda5c0b
B08JLXKCJG,category_7252170e0eda5c0b
B08JLXLJGS,category_7252170e0eda5c0b
B08JM2VVTK,category_7252170e0eda5c0b
B08JM2Y43T,category_7252170e0eda5c0b
B08JP4NFTD,category_7252170e0eda5c0b
B08JP7VTMW,category_7252170e0eda5c0b
B08JP8NKQT,category_7252170e0eda5c0b
B08JPF6T2M,category_7252170e0eda5c0b
B08JPK6MKD,category_7252170e0eda5c0b
B08JPLLBDC,category_7252170e0eda5c0b
B08JPNF6ZS,category_7252170e0eda5c0b
B08JPPKZXF,category_7252170e0eda5c0b
B08JPRV9BF,category_7252170e0eda5c0b
B08JQ35VZF,category_7252170e0eda5c0b
B08JQ4J6D5,category_7252170e0eda5c0b
B08JQ66Y29,category_7252170e0eda5c0b
B08JQ7M3Q7,category_7252170e0eda5c0b
B08JQN33CD,category_7252170e0eda5c0b
B08JQN3QXS,category_7252170e0eda5c0b
B08JQS9FVP,category_7252170e0eda5c0b
B08JS431S6,category_7252170e0eda5c0b
B08JS7QFG6,category_7252170e0eda5c0b
B08JS84FFT,category_7252170e0eda5c0b
B08JSF4TGZ,category_7252170e0eda5c0b
B08JSSP7J2,category_7252170e0eda5c0b
B08JSVX3Y8,category_7252170e0eda5c0b
B08JT1SSXY,category_7252170e0eda5c0b
B08JT4WGB8,category_7252170e0eda5c0b
B08JTGR8GJ,category_7252170e0eda5c0b
B08JTH7FVD,category_7252170e0eda5c0b
B08JTLQQJH,category_7252170e0eda5c0b
B08JTNQFZY,category_7252170e0eda5c0b
B08JTPMLC5,category_7252170e0eda5c0b
B08JTR976X,category_7252170e0eda5c0b
B08JTTL8WR,category_7252170e0eda5c0b
B08JV1CW8Z,category_7252170e0eda5c0b
B08JV767TK,category_7252170e0eda5c0b
B08JVGGGZ7,category_7252170e0eda5c0b
B08JVK6CXK,category_7252170e0eda5c0b
B08JVK8B58,category_7252170e0eda5c0b
B08JVK9R59,category_7252170e0eda5c0b
B08JVKLQKS,category_7252170e0eda5c0b
B08JVLS8KL,category_7252170e0eda5c0b
B08JX7XL4J,category_7252170e0eda5c0b
B08JYCT3C7,category_7252170e0eda5c0b
B08JYGKL81,category_7252170e0eda5c0b
B08JYJ46TH,category_7252170e0eda5c0b
B08JYJVNYL,category_7252170e0eda5c0b
B08JYLTC1Z,category_7252170e0eda5c0b
B08JYMJR2G,category_7252170e0eda5c0b
B08JYPQJ14,category_7252170e0eda5c0b
B08JYRGMBG,category_7252170e0eda5c0b
B08JYVXC6T,category_7252170e0eda5c0b
B08JZ11R8L,category_7252170e0eda5c0b
B08K2FXZFF,category_7252170e0eda5c0b
B08K2G26VF,category_7252170e0eda5c0b
B08K2KG8YC,category_7252170e0eda5c0b
B08K2PB6WX,category_7252170e0eda5c0b
B08K2QFDZD,category_7252170e0eda5c0b
B08K2RMTD5,category_7252170e0eda5c0b
B08K2RQBDC,category_7252170e0eda5c0b
B08K2TW5L9,category_7252170e0eda5c0b
B08K2V6T4Y,category_7252170e0eda5c0b
B08K2VZ23H,category_7252170e0eda5c0b
B08K2XZ61B,category_7252170e0eda5c0b
B08K2ZRF29,category_7252170e0eda5c0b
B08K31F519,category_7252170e0eda5c0b
B08K31YWT5,category_7252170e0eda5c0b
B08K33YMND,category_7252170e0eda5c0b
B08K36BV31,category_7252170e0eda5c0b
B08K3BHPWY,category_7252170e0eda5c0b
B08K3D1FPW,category_7252170e0eda5c0b
B08K3XQDGD,category_7252170e0eda5c0b
B08K41B227,category_7252170e0eda5c0b
B08K435GRK,category_7252170e0eda5c0b
B08K48M53X,category_7252170e0eda5c0b
B08K4K93TV,category_7252170e0eda5c0b
B08K5JMSY2,category_7252170e0eda5c0b
B08K5NZTH9,category_7252170e0eda5c0b
B08K72B26Y,category_7252170e0eda5c0b
B08K77K977,category_7252170e0eda5c0b
B08K77PJXR,category_7252170e0eda5c0b
B08K77X4KV,category_7252170e0eda5c0b
B08K794HLZ,category_7252170e0eda5c0b
B08K79K1HP,category_7252170e0eda5c0b
B08K7B7PVJ,category_7252170e0eda5c0b
B08K7C8G4M,category_7252170e0eda5c0b
B08K7DYCGZ,category_7252170e0eda5c0b
B08K7GD1P3,category_7252170e0eda5c0b
B08K7HF5GY,category_7252170e0eda5c0b
B08K7HXW9V,category_7252170e0eda5c0b
B08K7J1HLB,category_7252170e0eda5c0b
B08K7K3YHQ,category_7252170e0eda5c0b
B08K7LMPS6,category_7252170e0eda5c0b
B08K7LXVXL,category_7252170e0eda5c0b
B08K7MKKT2,category_7252170e0eda5c0b
B08K7MR6HV,category_7252170e0eda5c0b
B08K7PDH18,category_7252170e0eda5c0b
B08K8G8XRF,category_7252170e0eda5c0b
B08K8NV5F1,category_7252170e0eda5c0b
B08K8P7LN6,category_7252170e0eda5c0b
B08K8PCZD1,category_7252170e0eda5c0b
B08K8T4M29,category_7252170e0eda5c0b
B08K93F4R4,category_7252170e0eda5c0b
B08K97DCYR,category_7252170e0eda5c0b
B08K97J97L,category_7252170e0eda5c0b
B08K9B8B4X,category_7252170e0eda5c0b
B08KCQFZG5,category_7252170e0eda5c0b
B08KD19GVL,category_7252170e0eda5c0b
B08KD5T55B,category_7252170e0eda5c0b
B08KD7DTVX,category_7252170e0eda5c0b
B08KD8MTL8,category_7252170e0eda5c0b
B08KDDWQL9,category_7252170e0eda5c0b
B08KDHBCXG,category_7252170e0eda5c0b
B08KDK84NH,category_7252170e0eda5c0b
B08KDPWV7S,category_7252170e0eda5c0b
B08KDRMQPV,category_7252170e0eda5c0b
B08KDST5T2,category_7252170e0eda5c0b
B08KFHVBWP,category_7252170e0eda5c0b
B08KFM3FWG,category_7252170e0eda5c0b
B08KFPNFK7,category_7252170e0eda5c0b
B08KFT1WYX,category_7252170e0eda5c0b
B08KFTWJQR,category_7252170e0eda5c0b
B08KFWQ6ZZ,category_7252170e0eda5c0b
B08KG526HJ,category_7252170e0eda5c0b
B08KGVMDZD,category_7252170e0eda5c0b
B08KH1TL7T,category_7252170e0eda5c0b
B08KH6P6C3,category_7252170e0eda5c0b
B08KHCMCFW,category_7252170e0eda5c0b
B08KHDWCN3,category_7252170e0eda5c0b
B08KHQ5PDX,category_7252170e0eda5c0b
B08KHTGBTR,category_7252170e0eda5c0b
B08KJF6Y6C,category_7252170e0eda5c0b
B08KLD4SVT,category_7252170e0eda5c0b
B08KP6QT48,category_7252170e0eda5c0b
B08KPGHRHJ,category_7252170e0eda5c0b
B08KPJ9N7H,category_7252170e0eda5c0b
B08KPKB7H8,category_7252170e0eda5c0b
B08KPXLNLH,category_7252170e0eda5c0b
B08KQ8BGHX,category_7252170e0eda5c0b
B08KQDP2X3,category_7252170e0eda5c0b
B08KR37RV9,category_7252170e0eda5c0b
B08KR3F1VK,category_d6ac68cf358b59e5
B08KR7G4Y5,category_7252170e0eda5c0b
B08KRGD645,category_7252170e0eda5c0b
B08KRQMDKM,category_7252170e0eda5c0b
B08KRRSRJJ,category_7252170e0eda5c0b
B08KRT47KY,category_7252170e0eda5c0b
B08KRTSBCX,category_7252170e0eda5c0b
B08KRZJV7J,category_7252170e0eda5c0b
B08KSJ74H7,category_7252170e0eda5c0b
B08KSN8CF1,category_7252170e0eda5c0b
B08KSQTD7Z,category_7252170e0eda5c0b
B08KSTDMLV,category_7252170e0eda5c0b
B08KT22DRG,category_7252170e0eda5c0b
B08KT37N68,category_7252170e0eda5c0b
B08KT3TR5T,category_7252170e0eda5c0b
B08KT4K2NH,category_7252170e0eda5c0b
B08KT5GGK5,category_7252170e0eda5c0b
B08KTCH8PL,category_7252170e0eda5c0b
B08KTCQ3D5,category_7252170e0eda5c0b
B08KTQ8KFZ,category_7252170e0eda5c0b
B08KTWVJCT,category_7252170e0eda5c0b
B08KTX7ND7,category_7252170e0eda5c0b
B08KTZCKNX,category_7252170e0eda5c0b
B08KVQLX1R,category_7252170e0eda5c0b
B08KVY5RF7,category_7252170e0eda5c0b
B08KVYL6N9,category_7252170e0eda5c0b
B08KVZ3PSB,category_7252170e0eda5c0b
B08KW15N2L,category_7252170e0eda5c0b
B08KWFLP1Y,category_7252170e0eda5c0b
B08KXKWRMD,category_7252170e0eda5c0b
B08KXP3L98,category_7252170e0eda5c0b
B08KXRVQDT,category_7252170e0eda5c0b
B08KXTCGRY,category_7252170e0eda5c0b
B08KY1V9NP,category_7252170e0eda5c0b
B08KY36DSN,category_7252170e0eda5c0b
B08KY5B2LB,category_7252170e0eda5c0b
B08KY5CR8G,category_7252170e0eda5c0b
B08KZLLK81,category_7252170e0eda5c0b
B08KZQKD4G,category_7252170e0eda5c0b
B08KZQMR2J,category_7252170e0eda5c0b
B08KZRXV5S,category_7252170e0eda5c0b
B08KZYKW62,category_7252170e0eda5c0b
B08L17FV58,category_7252170e0eda5c0b
B08L1LB1VT,category_7252170e0eda5c0b
B08L1R3NLG,category_7252170e0eda5c0b
B08L1RHGPS,category_7252170e0eda5c0b
B08L1TXZ8L,category_7252170e0eda5c0b
B08L23PP6T,category_7252170e0eda5c0b
B08L314HQW,category_7252170e0eda5c0b
B08L32GGQW,category_7252170e0eda5c0b
B08L34ZSXM,category_7252170e0eda5c0b
B08L364N13,category_7252170e0eda5c0b
B08L3BTSDG,category_7252170e0eda5c0b
B08L3QBHGQ,category_7252170e0eda5c0b
B08L3QKHRJ,category_d6ac68cf358b59e5
B08L3Z9W8M,category_7252170e0eda5c0b
B08L446JZN,category_7252170e0eda5c0b
B08L45SKQL,category_7252170e0eda5c0b
B08L49CB8Q,category_7252170e0eda5c0b
B08L4BDNZ3,category_7252170e0eda5c0b
B08L4D9FRL,category_7252170e0eda5c0b
B08L4HWK63,category_7252170e0eda5c0b
B08L4K9C2L,category_7252170e0eda5c0b
B08L4M1Q96,category_7252170e0eda5c0b
B08L4MCFHJ,category_7252170e0eda5c0b
B08L4NF3JG,category_7252170e0eda5c0b
B08L4RQ3MV,category_7252170e0eda5c0b
B08L4XFMD1,category_7252170e0eda5c0b
B08L4XNCCQ,category_7252170e0eda5c0b
B08L4ZZCDX,category_7252170e0eda5c0b
B08L539MBH,category_7252170e0eda5c0b
B08L5MZD4R,category_7252170e0eda5c0b
B08L5T7WQR,category_7252170e0eda5c0b
B08L5W1RZ5,category_7252170e0eda5c0b
B08L5XMLFZ,category_7252170e0eda5c0b
B08L5Y58KQ,category_7252170e0eda5c0b
B08L62C7LW,category_7252170e0eda5c0b
B08L635CHN,category_7252170e0eda5c0b
B08L65PH3B,category_7252170e0eda5c0b
B08L6BSC16,category_7252170e0eda5c0b
B08L6H9B1H,category_7252170e0eda5c0b
B08L6T3QDB,category_7252170e0eda5c0b
B08L79TKJS,category_7252170e0eda5c0b
B08L7MQ7G8,category_7252170e0eda5c0b
B08L7NWCVX,category_7252170e0eda5c0b
B08L7WJYQ5,category_7252170e0eda5c0b
B08L8KRGHD,category_7252170e0eda5c0b
B08L8N78F2,category_7252170e0eda5c0b
B08L8QPKR8,category_7252170e0eda5c0b
B08L8QXB8Q,category_7252170e0eda5c0b
B08L8R9JW3,category_7252170e0eda5c0b
B08L8RCW5V,category_7252170e0eda5c0b
B08L8RS81J,category_7252170e0eda5c0b
B08L8THDHW,category_7252170e0eda5c0b
B08L8X6Q5J,category_7252170e0eda5c0b
B08L92M1GC,category_7252170e0eda5c0b
B08L943R8F,category_7252170e0eda5c0b
B08L94VJ8Z,category_7252170e0eda5c0b
B08L95DX2H,category_7252170e0eda5c0b
B08L978R8B,category_7252170e0eda5c0b
B08L99168S,category_7252170e0eda5c0b
B08L99MFL8,category_7252170e0eda5c0b
B08L9BTJFM,category_7252170e0eda5c0b
B08L9CPQKH,category_7252170e0eda5c0b
B08L9DXV3C,category_7252170e0eda5c0b
B08L9HDTPV,category_7252170e0eda5c0b
B08L9KC69C,category_7252170e0eda5c0b
B08L9ZNBKT,category_7252170e0eda5c0b
B08L9ZYWQ6,category_7252170e0eda5c0b
B08LB57L5S,category_7252170e0eda5c0b
B08LB8V2W4,category_7252170e0eda5c0b
B08LCC6TFC,category_7252170e0eda5c0b
B08LCWH97Y,category_7252170e0eda5c0b
B08LD4PWDF,category_7252170e0eda5c0b
B08LD4TPMW,category_7252170e0eda5c0b
B08LD5HDHH,category_7252170e0eda5c0b
B08LD5LGV6,category_7252170e0eda5c0b
B08LD7BPCH,category_7252170e0eda5c0b
B08LD822B3,category_7252170e0eda5c0b
B08LD8WZ7C,category_7252170e0eda5c0b
B08LDNTCNH,category_7252170e0eda5c0b
B08LDQB35C,category_7252170e0eda5c0b
B08LDV5K5X,category_7252170e0eda5c0b
B08LDYS439,category_7252170e0eda5c0b
B08LG88SWS,category_7252170e0eda5c0b
B08LGC7JVS,category_7252170e0eda5c0b
B08LGFCN2W,category_7252170e0eda5c0b
B08LGFGZ4M,category_7252170e0eda5c0b
B08LGHPNY3,category_7252170e0eda5c0b
B08LGKQBWP,category_7252170e0eda5c0b
B08LGKS8Y3,category_7252170e0eda5c0b
B08LGVNGHK,category_7252170e0eda5c0b
B08LGXMXB8,category_7252170e0eda5c0b
B08LH247SK,category_7252170e0eda5c0b
B08LK4N2MZ,category_7252170e0eda5c0b
B08LK7P1YD,category_7252170e0eda5c0b
B08LKD9B8G,category_7252170e0eda5c0b
B08LKDQQ3B,category_7252170e0eda5c0b
B08LKDXV94,category_7252170e0eda5c0b
B08LKGWTC9,category_7252170e0eda5c0b
B08LKK4PJ2,category_7252170e0eda5c0b
B08LKL1NYT,category_7252170e0eda5c0b
B08LKNQHXZ,category_7252170e0eda5c0b
B08LKR5QVH,category_7252170e0eda5c0b
B08LKRM911,category_7252170e0eda5c0b
B08LKSGMNF,category_7252170e0eda5c0b
B08LL1S5KJ,category_7252170e0eda5c0b
B08LLCBZNT,category_7252170e0eda5c0b
B08LMDRH8M,category_7252170e0eda5c0b
B08LMFDN1H,category_7252170e0eda5c0b
B08LMN9V82,category_7252170e0eda5c0b
B08LMNV3VV,category_7252170e0eda5c0b
B08LMWJLSD,category_7252170e0eda5c0b
B08LMXLMGF,category_7252170e0eda5c0b
B08LMXS4MK,category_7252170e0eda5c0b
B08LMYL8HZ,category_7252170e0eda5c0b
B08LN3G273,category_7252170e0eda5c0b
B08LN923HL,category_7252170e0eda5c0b
B08LND2825,category_7252170e0eda5c0b
B08LNGMVW4,category_7252170e0eda5c0b
B08LPDDQJQ,category_7252170e0eda5c0b
B08LPDQXLC,category_7252170e0eda5c0b
B08LPMHWN7,category_7252170e0eda5c0b
B08LPMLDVJ,category_7252170e0eda5c0b
B08LPXXJVS,category_7252170e0eda5c0b
B08LQ1TT4H,category_7252170e0eda5c0b
B08LQZSNBN,category_7252170e0eda5c0b
B08LR99XXD,category_7252170e0eda5c0b
B08LS5ZMSL,category_7252170e0eda5c0b
B08LSCRTFS,category_7252170e0eda5c0b
B08LSMFSYN,category_7252170e0eda5c0b
B08LSSWYMS,category_7252170e0eda5c0b
B08LT11NLP,category_7252170e0eda5c0b
B08LTX6S6S,category_7252170e0eda5c0b
B08LTXTPRH,category_7252170e0eda5c0b
B08LV4NRTG,category_7252170e0eda5c0b
B08LV5PRMJ,category_7252170e0eda5c0b
B08LV68T1N,category_7252170e0eda5c0b
B08LV9GPSF,category_7252170e0eda5c0b
B08LVBRDC8,category_7252170e0eda5c0b
B08LVCLTLL,category_7252170e0eda5c0b
B08LVGC9ZQ,category_7252170e0eda5c0b
B08LVGJRC7,category_d6ac68cf358b59e5
B08LVGKKVJ,category_7252170e0eda5c0b
B08LVHB5W4,category_7252170e0eda5c0b
B08LVJ6RB9,category_7252170e0eda5c0b
B08LVLJH9R,category_7252170e0eda5c0b
B08LVSPBHJ,category_7252170e0eda5c0b
B08LW4Z57J,category_7252170e0eda5c0b
B08LW5ZM7X,category_7252170e0eda5c0b
B08LXJYHSN,category_7252170e0eda5c0b
B08LYFLYR1,category_7252170e0eda5c0b
B08LYHHDGH,category_7252170e0eda5c0b
B08LYKDS95,category_7252170e0eda5c0b
B08LYMYZMC,category_7252170e0eda5c0b
B08LYQZRVJ,category_7252170e0eda5c0b
B08LYSTWCW,category_7252170e0eda5c0b
B08LYT4Q2X,category_7252170e0eda5c0b
B08LYWPH8W,category_7252170e0eda5c0b
B08LYZY994,category_7252170e0eda5c0b
B08LZ76QML,category_7252170e0eda5c0b
B08LZ8HGZQ,category_7252170e0eda5c0b
B08LZCDV94,category_7252170e0eda5c0b
B08LZD4CNL,category_7252170e0eda5c0b
B08LZQ841J,category_7252170e0eda5c0b
B08LZS2LYF,category_7252170e0eda5c0b
B08M11YNV1,category_7252170e0eda5c0b
B08M12XM5J,category_7252170e0eda5c0b
B08M178XLY,category_7252170e0eda5c0b
B08M1MDVG7,category_7252170e0eda5c0b
B08M256NMN,category_7252170e0eda5c0b
B08M25N9MG,category_7252170e0eda5c0b
B08M2FC7JW,category_7252170e0eda5c0b
B08M2YY5HX,category_7252170e0eda5c0b
B08M35PHBF,category_7252170e0eda5c0b
B08M38WF6Q,category_7252170e0eda5c0b
B08M3P65B1,category_7252170e0eda5c0b
B08M3W87XM,category_7252170e0eda5c0b
B08M3ZQWRG,category_7252170e0eda5c0b
B08M43R4K8,category_7252170e0eda5c0b
B08M43V2HH,category_7252170e0eda5c0b
B08M46CSDN,category_7252170e0eda5c0b
B08M47VSH7,category_7252170e0eda5c0b
B08M4BYV4G,category_7252170e0eda5c0b
B08M4C9FXM,category_7252170e0eda5c0b
B08M4DQVR8,category_7252170e0eda5c0b
B08M4DWPQX,category_7252170e0eda5c0b
B08M4F6FCT,category_7252170e0eda5c0b
B08M4F8QNB,category_7252170e0eda5c0b
B08M4FGXHQ,category_7252170e0eda5c0b
B08M5C1LWL,category_7252170e0eda5c0b
B08M5C42GS,category_7252170e0eda5c0b
B08M5DXZDJ,category_7252170e0eda5c0b
B08M5FBJGH,category_7252170e0eda5c0b
B08M5JJ1G4,category_7252170e0eda5c0b
B08M5LZP6V,category_7252170e0eda5c0b
B08M5ND1J7,category_7252170e0eda5c0b
B08M5NM667,category_7252170e0eda5c0b
B08M5Q12FW,category_7252170e0eda5c0b
B08M5STTLV,category_7252170e0eda5c0b
B08M5VHFYF,category_7252170e0eda5c0b
B08M5W9LG2,category_7252170e0eda5c0b
B08M5XB4G5,category_7252170e0eda5c0b
B08M5YQBHC,category_7252170e0eda5c0b
B08M66PDBY,category_7252170e0eda5c0b
B08M6BSR5Z,category_7252170e0eda5c0b
B08M8SQ26J,category_7252170e0eda5c0b
B08M8YNCD5,category_7252170e0eda5c0b
B08M94976X,category_7252170e0eda5c0b
B08M977TLR,category_7252170e0eda5c0b
B08M98KQ9G,category_7252170e0eda5c0b
B08M9FWW4Y,category_7252170e0eda5c0b
B08M9GH9J8,category_7252170e0eda5c0b
B08M9LB931,category_7252170e0eda5c0b
B08M9M3NV6,category_7252170e0eda5c0b
B08M9QSGFL,category_7252170e0eda5c0b
B08M9TYVD1,category_7252170e0eda5c0b
B08M9VF9LM,category_7252170e0eda5c0b
B08M9X51Y8,category_7252170e0eda5c0b
B08M9YGRT1,category_7252170e0eda5c0b
B08MB8N4RJ,category_7252170e0eda5c0b
B08MB9M91S,category_7252170e0eda5c0b
B08MB9X1XS,category_7252170e0eda5c0b
B08MBB449Q,category_7252170e0eda5c0b
B08MBBJR9G,category_7252170e0eda5c0b
B08MBC424Z,category_7252170e0eda5c0b
B08MBCM9MN,category_7252170e0eda5c0b
B08MBCWTXZ,category_7252170e0eda5c0b
B08MBGPGMN,category_7252170e0eda5c0b
B08MBQGVJJ,category_7252170e0eda5c0b
B08MBV4TZ2,category_7252170e0eda5c0b
B08MBX2FXG,category_7252170e0eda5c0b
B08MCLM9V7,category_7252170e0eda5c0b
B08MCT8C27,category_7252170e0eda5c0b
B08MCWLRF7,category_7252170e0eda5c0b
B08MD1JKWN,category_7252170e0eda5c0b
B08MD2W7F6,category_7252170e0eda5c0b
B08MD5ZHBF,category_7252170e0eda5c0b
B08MD69CRV,category_7252170e0eda5c0b
B08MDQJNR7,category_7252170e0eda5c0b
B08MDQNC6D,category_7252170e0eda5c0b
B08MDT541Y,category_7252170e0eda5c0b
B08MF11767,category_7252170e0eda5c0b
B08MF2MLQK,category_7252170e0eda5c0b
B08MF3W9DZ,category_7252170e0eda5c0b
B08MFDJDKL,category_7252170e0eda5c0b
B08MFG3MDR,category_7252170e0eda5c0b
B08MFQ17GG,category_7252170e0eda5c0b
B08MFRSCTK,category_7252170e0eda5c0b
B08MHTVY3Q,category_7252170e0eda5c0b
B08MJ6RC5D,category_7252170e0eda5c0b
B08MJV7QGD,category_7252170e0eda5c0b
B08MJXQGMD,category_7252170e0eda5c0b
B08MKNY3HK,category_7252170e0eda5c0b
B08MKRTB18,category_7252170e0eda5c0b
B08MKTVK81,category_7252170e0eda5c0b
B08MKWRMR6,category_7252170e0eda5c0b
B08ML2TRPK,category_7252170e0eda5c0b
B08ML3YT4M,category_7252170e0eda5c0b
B08ML9ZM3H,category_7252170e0eda5c0b
B08MLDQZX4,category_7252170e0eda5c0b
B08MLFJBRV,category_7252170e0eda5c0b
B08MLJB1YQ,category_7252170e0eda5c0b
B08MMYXYFJ,category_7252170e0eda5c0b
B08MND74KW,category_7252170e0eda5c0b
B08MPF3G9D,category_7252170e0eda5c0b
B08MPR7FY2,category_7252170e0eda5c0b
B08MPW5VY2,category_7252170e0eda5c0b
B08MPXM9L1,category_7252170e0eda5c0b
B08MQ71PBV,category_7252170e0eda5c0b
B08MQBDXT9,category_7252170e0eda5c0b
B08MQCWRD6,category_7252170e0eda5c0b
B08MQFYRTN,category_7252170e0eda5c0b
B08MQPHZNR,category_7252170e0eda5c0b
B08MQSMDQ8,category_7252170e0eda5c0b
B08MRRNL18,category_7252170e0eda5c0b
B08MSYQ46L,category_7252170e0eda5c0b
B08MT17W3P,category_7252170e0eda5c0b
B08MTG4ZK9,category_7252170e0eda5c0b
B08MTNPDLH,category_7252170e0eda5c0b
B08MTSHVGS,category_7252170e0eda5c0b
B08MTXV6CJ,category_7252170e0eda5c0b
B08MVC5GXV,category_7252170e0eda5c0b
B08MVFKSQ8,category_7252170e0eda5c0b
B08MVHTZ84,category_7252170e0eda5c0b
B08MVKQ8QW,category_7252170e0eda5c0b
B08MVYXNYS,category_7252170e0eda5c0b
B08MVZHD6W,category_7252170e0eda5c0b
B08MW11V49,category_7252170e0eda5c0b
B08MW22P84,category_7252170e0eda5c0b
B08MW25XP9,category_7252170e0eda5c0b
B08MW9TP36,category_7252170e0eda5c0b
B08MWNX2G7,category_7252170e0eda5c0b
B08MWRBFHM,category_d6ac68cf358b59e5
B08MWRYNP2,category_7252170e0eda5c0b
B08MX3DQKL,category_7252170e0eda5c0b
B08MXJJJDM,category_7252170e0eda5c0b
B08MXJW85L,category_7252170e0eda5c0b
B08MYGN62J,category_7252170e0eda5c0b
B08MYT9ZT5,category_7252170e0eda5c0b
B08MYXNWLK,category_7252170e0eda5c0b
B08MZ55M3F,category_7252170e0eda5c0b
B08MZCT5NG,category_7252170e0eda5c0b
B08MZKBZX7,category_7252170e0eda5c0b
B08MZQ4H4N,category_7252170e0eda5c0b
B08MZS4V3X,category_7252170e0eda5c0b
B08MZZ9HCB,category_7252170e0eda5c0b
B08N17HDWY,category_7252170e0eda5c0b
B08N187R5T,category_7252170e0eda5c0b
B08N19WK3Y,category_7252170e0eda5c0b
B08N1BNTT6,category_7252170e0eda5c0b
B08N1D75GR,category_7252170e0eda5c0b
B08N1F33DY,category_7252170e0eda5c0b
B08N34JZJ2,category_7252170e0eda5c0b
B08N3VX7Z7,category_7252170e0eda5c0b
B08N3XB89N,category_7252170e0eda5c0b
B08N3XFRG7,category_7252170e0eda5c0b
B08N44NQSP,category_7252170e0eda5c0b
B08N4GTJ7J,category_7252170e0eda5c0b
B08N4HP4RW,category_7252170e0eda5c0b
B08N4LLKD8,category_7252170e0eda5c0b
B08N4MXD99,category_7252170e0eda5c0b
B08N4NPLJT,category_7252170e0eda5c0b
B08N5582MZ,category_7252170e0eda5c0b
B08N59FCXP,category_7252170e0eda5c0b
B08N59PWV6,category_7252170e0eda5c0b
B08N5FNVJ1,category_7252170e0eda5c0b
B08N5JSR1X,category_7252170e0eda5c0b
B08N5KMKH4,category_7252170e0eda5c0b
B08N5NDVGH,category_7252170e0eda5c0b
B08N5W9VHS,category_7252170e0eda5c0b
B08N5WYMHB,category_7252170e0eda5c0b
B08N61TCR9,category_7252170e0eda5c0b
B08N6426GW,category_7252170e0eda5c0b
B08N69G3XX,category_7252170e0eda5c0b
B08N69TKWN,category_7252170e0eda5c0b
B08N6CLJ6P,category_7252170e0eda5c0b
B08N6NXZ3B,category_7252170e0eda5c0b
B08N6Y564F,category_7252170e0eda5c0b
B08N9D8JFF,category_7252170e0eda5c0b
B08N9S8G9T,category_7252170e0eda5c0b
B08N9VK1X2,category_7252170e0eda5c0b
B08NB5K1N8,category_7252170e0eda5c0b
B08NC1H7RP,category_7252170e0eda5c0b
B08NC4378M,category_7252170e0eda5c0b
B08NCFSX17,category_7252170e0eda5c0b
B08NCHTZ1C,category_7252170e0eda5c0b
B08ND3YJRP,category_7252170e0eda5c0b
B08ND48KP6,category_7252170e0eda5c0b
B08ND5ND2Q,category_7252170e0eda5c0b
B08ND5V19M,category_7252170e0eda5c0b
B08ND6WZHD,category_7252170e0eda5c0b
B08ND729SK,category_7252170e0eda5c0b
B08ND9SL4Q,category_7252170e0eda5c0b
B08NDGPPMB,category_7252170e0eda5c0b
B08NDN9HTJ,category_7252170e0eda5c0b
B08NDVSQN7,category_7252170e0eda5c0b
B08NF3N544,category_7252170e0eda5c0b
B08NF9XDYF,category_7252170e0eda5c0b
B08NFC3G2Q,category_7252170e0eda5c0b
B08NFJ1Y5C,category_7252170e0eda5c0b
B08NFVWZNJ,category_7252170e0eda5c0b
B08NFY391S,category_7252170e0eda5c0b
B08NFZ1KLW,category_7252170e0eda5c0b
B08NG3BDZT,category_7252170e0eda5c0b
B08NGKHVYK,category_7252170e0eda5c0b
B08NGP9QF5,category_7252170e0eda5c0b
B08NHBF2X9,category_7252170e0eda5c0b
B08NHBMWSX,category_7252170e0eda5c0b
B08NHHZT4X,category_7252170e0eda5c0b
B08NHQ8RM2,category_7252170e0eda5c0b
B08NHTHD2G,category_7252170e0eda5c0b
B08NJL4BWB,category_7252170e0eda5c0b
B08NJLT3R9,category_7252170e0eda5c0b
B08NJMFXDS,category_7252170e0eda5c0b
B08NJQ9WZV,category_7252170e0eda5c0b
B08NJR6N42,category_7252170e0eda5c0b
B08NJRXN25,category_7252170e0eda5c0b
B08NJVGZFW,category_7252170e0eda5c0b
B08NK3VVFS,category_7252170e0eda5c0b
B08NK8K37Z,category_7252170e0eda5c0b
B08NNRQD3Y,category_7252170e0eda5c0b
B08NP2CBPX,category_7252170e0eda5c0b
B08NP9CL15,category_7252170e0eda5c0b
B08NPCV2SP,category_7252170e0eda5c0b
B08NPDH536,category_7252170e0eda5c0b
B08NPJJ9QY,category_7252170e0eda5c0b
B08NPJLYG1,category_7252170e0eda5c0b
B08NPP82X9,category_7252170e0eda5c0b
B08NPVHB4F,category_7252170e0eda5c0b
B08NPYNTL4,category_7252170e0eda5c0b
B08NSHH7NF,category_7252170e0eda5c0b
B08NSJH2WW,category_7252170e0eda5c0b
B08NSSH585,category_7252170e0eda5c0b
B08NSVY6GG,category_7252170e0eda5c0b
B08NSW6HCK,category_7252170e0eda5c0b
B08NT2HKR6,category_7252170e0eda5c0b
B08NT2TY61,category_7252170e0eda5c0b
B08NT53ZDG,category_7252170e0eda5c0b
B08NTJKY3F,category_7252170e0eda5c0b
B08NTJW8KY,category_7252170e0eda5c0b
B08NTLB7KM,category_7252170e0eda5c0b
B08NTLD6FH,category_7252170e0eda5c0b
B08NTPW8VS,category_7252170e0eda5c0b
B08NTTSZ2T,category_7252170e0eda5c0b
B08NTXHBFJ,category_7252170e0eda5c0b
B08NV96VTD,category_7252170e0eda5c0b
B08NVLNKDF,category_7252170e0eda5c0b
B08NVQS2NT,category_7252170e0eda5c0b
B08NVYP52F,category_7252170e0eda5c0b
B08NVYYJYL,category_7252170e0eda5c0b
B08NW62LPC,category_7252170e0eda5c0b
B08NW67Z2T,category_7252170e0eda5c0b
B08NW7CJLG,category_7252170e0eda5c0b
B08NWQQGNH,category_7252170e0eda5c0b
B08NWTN1XF,category_7252170e0eda5c0b
B08NWZ8DQ9,category_7252170e0eda5c0b
B08NWZJ3J8,category_7252170e0eda5c0b
B08NX1FQFR,category_7252170e0eda5c0b
B08NXF1LLZ,category_7252170e0eda5c0b
B08NXGDN2L,category_7252170e0eda5c0b
B08NXHSC32,category_7252170e0eda5c0b
B08NXP1DCV,category_7252170e0eda5c0b
B08NXTMN78,category_7252170e0eda5c0b
B08NXYJL2Q,category_7252170e0eda5c0b
B08NY44V58,category_7252170e0eda5c0b
B08NY4VFR2,category_7252170e0eda5c0b
B08NY5M5R6,category_7252170e0eda5c0b
B08NY6Y9W2,category_7252170e0eda5c0b
B08NY6YFQ2,category_7252170e0eda5c0b
B08NY9RH57,category_7252170e0eda5c0b
B08NYBK3R4,category_7252170e0eda5c0b
B08NYFFM13,category_7252170e0eda5c0b
B08NYFVJZM,category_7252170e0eda5c0b
B08NYKVZS8,category_7252170e0eda5c0b
B08NZCDCNR,category_7252170e0eda5c0b
B08NZQ47WR,category_7252170e0eda5c0b
B08P141G4G,category_7252170e0eda5c0b
B08P15FFNQ,category_7252170e0eda5c0b
B08P16PY4D,category_7252170e0eda5c0b
B08P17T9PL,category_7252170e0eda5c0b
B08P19Q85C,category_7252170e0eda5c0b
B08P1BYZYQ,category_7252170e0eda5c0b
B08P1CHJBZ,category_7252170e0eda5c0b
B08P1FYH2X,category_7252170e0eda5c0b
B08P1HLH6B,category_7252170e0eda5c0b
B08P1HM8JL,category_7252170e0eda5c0b
B08P1KVZ29,category_7252170e0eda5c0b
B08P1PJMYT,category_7252170e0eda5c0b
B08P1T3H78,category_7252170e0eda5c0b
B08P1X94FX,category_7252170e0eda5c0b
B08P26Y9TX,category_7252170e0eda5c0b
B08P27TL7P,category_7252170e0eda5c0b
B08P2BSLNX,category_7252170e0eda5c0b
B08P2JB862,category_7252170e0eda5c0b
B08P2JRY4R,category_7252170e0eda5c0b
B08P2PQM5B,category_7252170e0eda5c0b
B08P2VX4WB,category_7252170e0eda5c0b
B08P2VX78Y,category_7252170e0eda5c0b
B08P2WD9MM,category_7252170e0eda5c0b
B08P2ZX2LR,category_7252170e0eda5c0b
B08P33T36F,category_7252170e0eda5c0b
B08P364QKC,category_7252170e0eda5c0b
B08P38W5K2,category_7252170e0eda5c0b
B08P3NV5Q6,category_7252170e0eda5c0b
B08P3PMM88,category_7252170e0eda5c0b
B08P3SKL34,category_7252170e0eda5c0b
B08P44WYZT,category_7252170e0eda5c0b
B08P44Y6KT,category_7252170e0eda5c0b
B08P46MD3P,category_7252170e0eda5c0b
B08P47GF31,category_7252170e0eda5c0b
B08P491WZ6,category_7252170e0eda5c0b
B08P49YLB5,category_7252170e0eda5c0b
B08P4BT1J6,category_7252170e0eda5c0b
B08P4GDXYR,category_7252170e0eda5c0b
B08P4R1BV9,category_7252170e0eda5c0b
B08P4R6H4P,category_7252170e0eda5c0b
B08P4RCLH5,category_7252170e0eda5c0b
B08P53H9BV,category_7252170e0eda5c0b
B08P544XKX,category_7252170e0eda5c0b
B08P545LHF,category_7252170e0eda5c0b
B08P5735ZP,category_7252170e0eda5c0b
B08P5BNZL1,category_7252170e0eda5c0b
B08P5F12JV,category_7252170e0eda5c0b
B08P5G1FBK,category_7252170e0eda5c0b
B08P5GY1RD,category_7252170e0eda5c0b
B08P5JTVBD,category_7252170e0eda5c0b
B08P5Z7FP5,category_7252170e0eda5c0b
B08P63HX93,category_7252170e0eda5c0b
B08P6YZND5,category_7252170e0eda5c0b
B08P782B6X,category_7252170e0eda5c0b
B08P79TD4Q,category_7252170e0eda5c0b
B08P7CD3HK,category_7252170e0eda5c0b
B08P7JT22C,category_7252170e0eda5c0b
B08P7K767L,category_7252170e0eda5c0b
B08P7K8D72,category_7252170e0eda5c0b
B08P7LXKP7,category_7252170e0eda5c0b
B08P7N3JPJ,category_7252170e0eda5c0b
B08P7QWN1N,category_7252170e0eda5c0b
B08P7T2S42,category_7252170e0eda5c0b
B08P84JSB1,category_7252170e0eda5c0b
B08P88TGKT,category_7252170e0eda5c0b
B08P8DM5V5,category_7252170e0eda5c0b
B08P8GH2TZ,category_7252170e0eda5c0b
B08P9F3MK4,category_7252170e0eda5c0b
B08P9MP7L8,category_7252170e0eda5c0b
B08P9QCF71,category_7252170e0eda5c0b
B08P9XGMHW,category_7252170e0eda5c0b
B08PB5JWT3,category_7252170e0eda5c0b
B08PB7M76V,category_7252170e0eda5c0b
B08PBJHP56,category_7252170e0eda5c0b
B08PBJPQ83,category_7252170e0eda5c0b
B08PBLJ9DY,category_7252170e0eda5c0b
B08PBLQV6S,category_7252170e0eda5c0b
B08PBW3M7K,category_7252170e0eda5c0b
B08PC5V6BY,category_7252170e0eda5c0b
B08PCCGXTX,category_7252170e0eda5c0b
B08PCQXLZF,category_7252170e0eda5c0b
B08PCS17ZR,category_7252170e0eda5c0b
B08PCT1GK2,category_7252170e0eda5c0b
B08PCW3HH1,category_7252170e0eda5c0b
B08PD42FHX,category_7252170e0eda5c0b
B08PDB9JCX,category_7252170e0eda5c0b
B08PDD6CX1,category_7252170e0eda5c0b
B08PDRLNDV,category_7252170e0eda5c0b
B08PDT3DYJ,category_7252170e0eda5c0b
B08PDZ78YS,category_7252170e0eda5c0b
B08PDZGDDF,category_7252170e0eda5c0b
B08PF617KP,category_7252170e0eda5c0b
B08PFH491V,category_7252170e0eda5c0b
B08PFWQRRG,category_7252170e0eda5c0b
B08PHS33D9,category_7252170e0eda5c0b
B08PHXV1QY,category_7252170e0eda5c0b
B08PJZ82LD,category_7252170e0eda5c0b
B08PKFX6V4,category_7252170e0eda5c0b
B08PKG41BW,category_7252170e0eda5c0b
B08PKKMYRF,category_7252170e0eda5c0b
B08PKRH9JV,category_7252170e0eda5c0b
B08PKSZBZJ,category_7252170e0eda5c0b
B08PKY8Y4R,category_7252170e0eda5c0b
B08PL3PG1R,category_7252170e0eda5c0b
B08PLFZB89,category_7252170e0eda5c0b
B08PMPHMJK,category_7252170e0eda5c0b
B08PNMC4XT,category_7252170e0eda5c0b
B08PNNX9BT,category_7252170e0eda5c0b
B08PNT65CD,category_7252170e0eda5c0b
B08PNTL9XQ,category_7252170e0eda5c0b
B08PNVPB82,category_7252170e0eda5c0b
B08PNXDY6F,category_7252170e0eda5c0b
B08PNXY486,category_7252170e0eda5c0b
B08PNZGV2P,category_7252170e0eda5c0b
B08PP3NWXS,category_7252170e0eda5c0b
B08PPB3W6H,category_7252170e0eda5c0b
B08PPDLHWN,category_7252170e0eda5c0b
B08PPFKHTC,category_7252170e0eda5c0b
B08PPJGB8L,category_7252170e0eda5c0b
B08PPP211B,category_7252170e0eda5c0b
B08PPQ6KR6,category_7252170e0eda5c0b
B08PQC8LQ2,category_7252170e0eda5c0b
B08PQS6FN9,category_7252170e0eda5c0b
B08PSKWT96,category_7252170e0eda5c0b
B08PSS11NS,category_7252170e0eda5c0b
B08PTC19VY,category_7252170e0eda5c0b
B08PTJNY7V,category_7252170e0eda5c0b
B08PTT8WF6,category_7252170e0eda5c0b
B08PTWKF1C,category_7252170e0eda5c0b
B08PTWWMW9,category_7252170e0eda5c0b
B08PTZL95G,category_7252170e0eda5c0b
B08PV67KQR,category_7252170e0eda5c0b
B08PV7GDWQ,category_7252170e0eda5c0b
B08PVBHKR3,category_7252170e0eda5c0b
B08PW1Z96B,category_7252170e0eda5c0b
B08PW3BT9F,category_7252170e0eda5c0b
B08PW58RX8,category_7252170e0eda5c0b
B08PXNBBRN,category_7252170e0eda5c0b
B08PXY2ZN7,category_7252170e0eda5c0b
B08PYFNZ22,category_7252170e0eda5c0b
B08PYGTW7N,category_7252170e0eda5c0b
B08PYMT7BM,category_7252170e0eda5c0b
B08PYN4HRY,category_7252170e0eda5c0b
B08PYSJ1RR,category_7252170e0eda5c0b
B08PZ279YN,category_7252170e0eda5c0b
B08PZ4K7HF,category_7252170e0eda5c0b
B08PZ5BBSZ,category_7252170e0eda5c0b
B08PZ6JJTL,category_7252170e0eda5c0b
B08PZCCMBD,category_7252170e0eda5c0b
B08Q2RJ3JP,category_7252170e0eda5c0b
B08Q2TGWNZ,category_7252170e0eda5c0b
B08Q2WZMXX,category_7252170e0eda5c0b
B08Q2YLP63,category_7252170e0eda5c0b
B08Q33XVN5,category_7252170e0eda5c0b
B08Q363R7M,category_7252170e0eda5c0b
B08Q39G4MT,category_7252170e0eda5c0b
B08Q3B7YSX,category_7252170e0eda5c0b
B08Q3BBH6G,category_7252170e0eda5c0b
B08Q3F3L7S,category_7252170e0eda5c0b
B08Q3HY49Y,category_7252170e0eda5c0b
B08Q3ZWQSY,category_7252170e0eda5c0b
B08Q6T7PNK,category_7252170e0eda5c0b
B08Q7NBBSC,category_7252170e0eda5c0b
B08Q7PYHWC,category_7252170e0eda5c0b
B08Q7QWYJH,category_7252170e0eda5c0b
B08Q7RZZ94,category_7252170e0eda5c0b
B08Q7SSH3T,category_7252170e0eda5c0b
B08Q7T1N8G,category_7252170e0eda5c0b
B08Q834SM4,category_7252170e0eda5c0b
B08Q86CPGQ,category_7252170e0eda5c0b
B08QCHXJCZ,category_7252170e0eda5c0b
B08QCWK4RB,category_7252170e0eda5c0b
B08QCZVPQ6,category_7252170e0eda5c0b
B08QD2RNJT,category_7252170e0eda5c0b
B08QD4DT72,category_7252170e0eda5c0b
B08QD6BVBR,category_7252170e0eda5c0b
B08QDZSMFL,category_7252170e0eda5c0b
B08QF1SZL5,category_7252170e0eda5c0b
B08QHGB9Z2,category_7252170e0eda5c0b
B08QHYYW82,category_7252170e0eda5c0b
B08QJ2X6F4,category_7252170e0eda5c0b
B08QJ9GZV2,category_7252170e0eda5c0b
B08QM6LTX1,category_7252170e0eda5c0b
B08QM98BH2,category_7252170e0eda5c0b
B08QMGQ6MG,category_7252170e0eda5c0b
B08QMGXNQM,category_7252170e0eda5c0b
B08QMMY4VF,category_7252170e0eda5c0b
B08QMWPNFD,category_7252170e0eda5c0b
B08QN49C8N,category_7252170e0eda5c0b
B08QN66S5Q,category_7252170e0eda5c0b
B08QN7X4GQ,category_7252170e0eda5c0b
B08QQZPP67,category_7252170e0eda5c0b
B08QR3RR7G,category_7252170e0eda5c0b
B08QR3S6JQ,category_7252170e0eda5c0b
B08QR5NXZ7,category_7252170e0eda5c0b
B08QR5Q45Z,category_7252170e0eda5c0b
B08QR8CJ14,category_7252170e0eda5c0b
B08QRCK8ZF,category_7252170e0eda5c0b
B08QRFDWG5,category_7252170e0eda5c0b
B08QRG7LYJ,category_7252170e0eda5c0b
B08QRL7ZFP,category_7252170e0eda5c0b
B08QRMFKFY,category_7252170e0eda5c0b
B08QRPGCLT,category_7252170e0eda5c0b
B08QRQ7WPD,category_7252170e0eda5c0b
B08QS4D976,category_7252170e0eda5c0b
B08QSCRL3S,category_7252170e0eda5c0b
B08QTT5RKJ,category_7252170e0eda5c0b
B08QTW3RWM,category_7252170e0eda5c0b
B08QTY2SB7,category_7252170e0eda5c0b
B08QV1Q7M3,category_7252170e0eda5c0b
B08QV1YTY2,category_7252170e0eda5c0b
B08QV28D81,category_7252170e0eda5c0b
B08QV39MG5,category_7252170e0eda5c0b
B08QV3YML1,category_7252170e0eda5c0b
B08QVJ4NVD,category_7252170e0eda5c0b
B08QVL18BC,category_7252170e0eda5c0b
B08QVLR6Z4,category_7252170e0eda5c0b
B08QVQKQNM,category_7252170e0eda5c0b
B08QWK8TDF,category_7252170e0eda5c0b
B08QYV6R92,category_7252170e0eda5c0b
B08QYXZ1X1,category_7252170e0eda5c0b
B08QYY3BB4,category_7252170e0eda5c0b
B08QZ25KRK,category_7252170e0eda5c0b
B08QZ2VPZR,category_7252170e0eda5c0b
B08QZ5HPN6,category_7252170e0eda5c0b
B08QZ5YSRV,category_7252170e0eda5c0b
B08QZ7HSKB,category_7252170e0eda5c0b
B08QZFW639,category_7252170e0eda5c0b
B08QZGK7C2,category_7252170e0eda5c0b
B08QZN1ZQF,category_7252170e0eda5c0b
B08QZXPK8R,category_7252170e0eda5c0b
B08R197MCZ,category_7252170e0eda5c0b
B08R19C7X3,category_7252170e0eda5c0b
B08R1BKYCF,category_7252170e0eda5c0b
B08R1MS9Y8,category_7252170e0eda5c0b
B08R2FS146,category_7252170e0eda5c0b
B08R37DS96,category_7252170e0eda5c0b
B08R37JV6Y,category_7252170e0eda5c0b
B08R3CGT6J,category_7252170e0eda5c0b
B08R3GSHMW,category_7252170e0eda5c0b
B08R3J23M7,category_7252170e0eda5c0b
B08R3KHG94,category_7252170e0eda5c0b
B08R3L1FSZ,category_7252170e0eda5c0b
B08R3LSWYZ,category_7252170e0eda5c0b
B08R3SL7HF,category_7252170e0eda5c0b
B08R3XP7D8,category_7252170e0eda5c0b
B08R3ZHGL6,category_7252170e0eda5c0b
B08R582TRR,category_7252170e0eda5c0b
B08R5DJGZQ,category_7252170e0eda5c0b
B08R5FM17G,category_7252170e0eda5c0b
B08R5GTGVN,category_7252170e0eda5c0b
B08R5LQ18G,category_7252170e0eda5c0b
B08R5N7HJ3,category_7252170e0eda5c0b
B08R5NZ5TS,category_7252170e0eda5c0b
B08R5TQZCZ,category_7252170e0eda5c0b
B08R5Z9JXX,category_7252170e0eda5c0b
B08R6514YG,category_7252170e0eda5c0b
B08R66ZN2Z,category_7252170e0eda5c0b
B08R69KX2T,category_7252170e0eda5c0b
B08R6R1LNP,category_7252170e0eda5c0b
B08R6TV3S7,category_7252170e0eda5c0b
B08R6TZ6PN,category_7252170e0eda5c0b
B08R6WZ3YS,category_7252170e0eda5c0b
B08R78T1NG,category_7252170e0eda5c0b
B08R7CV9NV,category_7252170e0eda5c0b
B08R84PH5R,category_7252170e0eda5c0b
B08R87GSCL,category_7252170e0eda5c0b
B08R87V48F,category_7252170e0eda5c0b
B08R89BG4G,category_7252170e0eda5c0b
B08R89VPHJ,category_7252170e0eda5c0b
B08R8HX3VQ,category_7252170e0eda5c0b
B08R8JSNL8,category_7252170e0eda5c0b
B08R8PMFCT,category_7252170e0eda5c0b
B08R8RKVWG,category_7252170e0eda5c0b
B08R8STGXN,category_7252170e0eda5c0b
B08R8X6SHL,category_7252170e0eda5c0b
B08R9543VM,category_7252170e0eda5c0b
B08R9CDPPN,category_7252170e0eda5c0b
B08R9GXHFV,category_7252170e0eda5c0b
B08R9J8S7L,category_7252170e0eda5c0b
B08R9RQPG7,category_7252170e0eda5c0b
B08R9TQVVZ,category_7252170e0eda5c0b
B08RB3JLPY,category_7252170e0eda5c0b
B08RB41J6T,category_7252170e0eda5c0b
B08RBDB6ZT,category_7252170e0eda5c0b
B08RBT76ZP,category_7252170e0eda5c0b
B08RBTCJC4,category_7252170e0eda5c0b
B08RCDCX1Z,category_7252170e0eda5c0b
B08RCDDVGY,category_7252170e0eda5c0b
B08RCHRV4X,category_7252170e0eda5c0b
B08RCK4BKK,category_7252170e0eda5c0b
B08RCL1XZH,category_7252170e0eda5c0b
B08RD4SL4C,category_7252170e0eda5c0b
B08RD5HNTF,category_7252170e0eda5c0b
B08RD81HXF,category_7252170e0eda5c0b
B08RDDH6XL,category_7252170e0eda5c0b
B08RDF7XZT,category_7252170e0eda5c0b
B08RDH4SYX,category_7252170e0eda5c0b
B08RDLPD7X,category_7252170e0eda5c0b
B08RDNDJW5,category_7252170e0eda5c0b
B08RDP2VD9,category_7252170e0eda5c0b
B08RDS5G49,category_7252170e0eda5c0b
B08RDS67KF,category_7252170e0eda5c0b
B08RDSK37B,category_7252170e0eda5c0b
B08RDWX5LJ,category_7252170e0eda5c0b
B08RHDD9J2,category_7252170e0eda5c0b
B08RHF76L5,category_7252170e0eda5c0b
B08RHSKM2V,category_7252170e0eda5c0b
B08RHWSPVK,category_7252170e0eda5c0b
B08RHYN2PS,category_7252170e0eda5c0b
B08RJ53LN1,category_7252170e0eda5c0b
B08RJ6G48S,category_7252170e0eda5c0b
B08RJF1SCN,category_7252170e0eda5c0b
B08RJFJ1ST,category_7252170e0eda5c0b
B08RJJ44WP,category_7252170e0eda5c0b
B08RJSF13W,category_7252170e0eda5c0b
B08RJX9TJQ,category_7252170e0eda5c0b
B08RMN95FZ,category_7252170e0eda5c0b
B08RMRQ7YC,category_7252170e0eda5c0b
B08RMVPC6H,category_7252170e0eda5c0b
B08RMYKSP6,category_7252170e0eda5c0b
B08RN6WDVG,category_7252170e0eda5c0b
B08RN6XNDJ,category_7252170e0eda5c0b
B08RNF813G,category_7252170e0eda5c0b
B08RNGM8MV,category_7252170e0eda5c0b
B08RNHDJX1,category_7252170e0eda5c0b
B08RNNLCDH,category_7252170e0eda5c0b
B08RNQNFW1,category_7252170e0eda5c0b
B08RNSZD3N,category_7252170e0eda5c0b
B08RPF7RWL,category_7252170e0eda5c0b
B08RRVV2NB,category_7252170e0eda5c0b
B08RRX478D,category_7252170e0eda5c0b
B08RRY2LTM,category_7252170e0eda5c0b
B08RSJ4B3G,category_7252170e0eda5c0b
B08RSJDSSB,category_7252170e0eda5c0b
B08RWW79Z3,category_7252170e0eda5c0b
B08RXV9MTD,category_7252170e0eda5c0b
B08RY4MQF8,category_7252170e0eda5c0b
B08RY6ZN3V,category_7252170e0eda5c0b
B08RYGVFC5,category_7252170e0eda5c0b
B08RYHRB7S,category_7252170e0eda5c0b
B08RYPZM9X,category_7252170e0eda5c0b
B08RYRZB43,category_7252170e0eda5c0b
B08RZ17WG8,category_7252170e0eda5c0b
B08RZ1D65B,category_7252170e0eda5c0b
B08RZ5YWNF,category_7252170e0eda5c0b
B08S2RW6D1,category_7252170e0eda5c0b
B08S2X6W4D,category_7252170e0eda5c0b
B08S2YRTFM,category_7252170e0eda5c0b
B08S319GF7,category_7252170e0eda5c0b
B08S38Q9YV,category_7252170e0eda5c0b
B08S3CSQXQ,category_7252170e0eda5c0b
B08S3DFHW6,category_7252170e0eda5c0b
B08S3FW1GD,category_7252170e0eda5c0b
B08S3G2KM9,category_7252170e0eda5c0b
B08S3Q8HKH,category_7252170e0eda5c0b
B08S3V9DF5,category_7252170e0eda5c0b
B08S3X5WLJ,category_7252170e0eda5c0b
B08S3ZFZ8Z,category_7252170e0eda5c0b
B08S42DVFC,category_7252170e0eda5c0b
B08S45QTXT,category_7252170e0eda5c0b
B08S6Q5QM1,category_7252170e0eda5c0b
B08S6V35SF,category_7252170e0eda5c0b
B08S6YZL6X,category_7252170e0eda5c0b
B08S73LFVF,category_7252170e0eda5c0b
B08S76N23Q,category_7252170e0eda5c0b
B08S77TBV3,category_7252170e0eda5c0b
B08S7BFHH6,category_7252170e0eda5c0b
B08S7GH6DY,category_7252170e0eda5c0b
B08S7HBBV7,category_7252170e0eda5c0b
B08S7HQB3X,category_7252170e0eda5c0b
B08SB7J4D5,category_7252170e0eda5c0b
B08SBJFL6Q,category_7252170e0eda5c0b
B08SBKL8ST,category_7252170e0eda5c0b
B08SBR3ZFL,category_7252170e0eda5c0b
B08SC2B14Z,category_7252170e0eda5c0b
B08SC5RKX8,category_7252170e0eda5c0b
B08SC7H9VY,category_7252170e0eda5c0b
B08SC9NTBR,category_7252170e0eda5c0b
B08SCBJQYM,category_7252170e0eda5c0b
B08SCJ2B6P,category_7252170e0eda5c0b
B08SG2LRTK,category_7252170e0eda5c0b
B08SG2MBRY,category_7252170e0eda5c0b
B08SG8DTGR,category_7252170e0eda5c0b
B08SGB9MF8,category_7252170e0eda5c0b
B08SGNVBBY,category_7252170e0eda5c0b
B08SGXFM81,category_7252170e0eda5c0b
B08SHLM5C1,category_7252170e0eda5c0b
B08SHQFTB3,category_7252170e0eda5c0b
B08SHXX358,category_7252170e0eda5c0b
B08SHYYY1N,category_7252170e0eda5c0b
B08SJ5D32H,category_7252170e0eda5c0b
B08SJF5GTC,category_7252170e0eda5c0b
B08SJFWN9W,category_7252170e0eda5c0b
B08SJH5TWB,category_7252170e0eda5c0b
B08SJXYRTM,category_7252170e0eda5c0b
B08SJY9R25,category_7252170e0eda5c0b
B08SK2GTDL,category_7252170e0eda5c0b
B08SK31GWL,category_7252170e0eda5c0b
B08SKX1HY3,category_7252170e0eda5c0b
B08SL8NPHR,category_7252170e0eda5c0b
B08SL8YPTQ,category_7252170e0eda5c0b
B08SLB6JBX,category_7252170e0eda5c0b
B08SLFY8RZ,category_7252170e0eda5c0b
B08SLFYG6K,category_7252170e0eda5c0b
B08SLL9MVV,category_7252170e0eda5c0b
B08SLM87WF,category_7252170e0eda5c0b
B08SLQ6TND,category_7252170e0eda5c0b
B08SLVT3TF,category_7252170e0eda5c0b
B08SLXFLPS,category_7252170e0eda5c0b
B08SLZD81B,category_7252170e0eda5c0b
B08SM17PKH,category_7252170e0eda5c0b
B08SM32MN7,category_7252170e0eda5c0b
B08SMCGNFG,category_7252170e0eda5c0b
B08SMGK496,category_7252170e0eda5c0b
B08SMHBPJS,category_7252170e0eda5c0b
B08SMNN8ZH,category_7252170e0eda5c0b
B08SNWF58P,category_7252170e0eda5c0b
B08SNYVD81,category_7252170e0eda5c0b
B08SPSKY8G,category_7252170e0eda5c0b
B08SPX8551,category_7252170e0eda5c0b
B08SPXF6XD,category_7252170e0eda5c0b
B08SQ31H8P,category_7252170e0eda5c0b
B08SQ6VQ84,category_7252170e0eda5c0b
B08SQ9ZRKL,category_7252170e0eda5c0b
B08SQC3SJ2,category_7252170e0eda5c0b
B08SQDW3DJ,category_7252170e0eda5c0b
B08SQGVL2G,category_7252170e0eda5c0b
B08SQGXBR6,category_7252170e0eda5c0b
B08SQHKYMW,category_7252170e0eda5c0b
B08SQKBBP8,category_7252170e0eda5c0b
B08SQKL3YN,category_7252170e0eda5c0b
B08SQLK73W,category_7252170e0eda5c0b
B08SQMV3M8,category_7252170e0eda5c0b
B08SQP2HFG,category_7252170e0eda5c0b
B08SQPZSRS,category_7252170e0eda5c0b
B08SQS8SKZ,category_7252170e0eda5c0b
B08SQTJG6R,category_7252170e0eda5c0b
B08SQV8X5S,category_7252170e0eda5c0b
B08SQYCTPP,category_7252170e0eda5c0b
B08SR2MPT1,category_7252170e0eda5c0b
B08SR8C9BX,category_7252170e0eda5c0b
B08SSXQSVX,category_7252170e0eda5c0b
B08SVV2STX,category_7252170e0eda5c0b
B08SVX6JQF,category_7252170e0eda5c0b
B08SVY7FWZ,category_7252170e0eda5c0b
B08SVZMCNT,category_7252170e0eda5c0b
B08SW2ZZ9J,category_7252170e0eda5c0b
B08SW5PCSM,category_7252170e0eda5c0b
B08SW9KMD1,category_7252170e0eda5c0b
B08SWBHZVM,category_7252170e0eda5c0b
B08SWCKGNP,category_7252170e0eda5c0b
B08SWD7FWB,category_7252170e0eda5c0b
B08SWGSSNX,category_7252170e0eda5c0b
B08SWJ31BR,category_7252170e0eda5c0b
B08SZ7DRHY,category_7252170e0eda5c0b
B08T17MCXX,category_7252170e0eda5c0b
B08T19W9YZ,category_7252170e0eda5c0b
B08T1B233W,category_7252170e0eda5c0b
B08T1F96CQ,category_7252170e0eda5c0b
B08T1J95HY,category_7252170e0eda5c0b
B08T1JD9MR,category_7252170e0eda5c0b
B08T1P98HD,category_7252170e0eda5c0b
B08T1VKHRY,category_7252170e0eda5c0b
B08T1XVWTX,category_7252170e0eda5c0b
B08T1YJZSK,category_7252170e0eda5c0b
B08T22YYH2,category_7252170e0eda5c0b
B08T5M3BQ7,category_7252170e0eda5c0b
B08T5PXGNG,category_7252170e0eda5c0b
B08T5SMFMN,category_7252170e0eda5c0b
B08T5WRNCC,category_7252170e0eda5c0b
B08T5YWBV8,category_7252170e0eda5c0b
B08T5ZS7G3,category_7252170e0eda5c0b
B08T65GQH4,category_7252170e0eda5c0b
B08T67M2DX,category_7252170e0eda5c0b
B08T68V6JJ,category_7252170e0eda5c0b
B08T6928Y4,category_7252170e0eda5c0b
B08T69V2LH,category_7252170e0eda5c0b
B08T6L8FSP,category_7252170e0eda5c0b
B08T6LL33F,category_7252170e0eda5c0b
B08T6WH3ZM,category_7252170e0eda5c0b
B08T6WP5P6,category_7252170e0eda5c0b
B08T7GQCBY,category_7252170e0eda5c0b
B08T7J4Z84,category_7252170e0eda5c0b
B08T838VR5,category_7252170e0eda5c0b
B08T8D68R7,category_7252170e0eda5c0b
B08T8JT2KZ,category_7252170e0eda5c0b
B08T8QQKX7,category_7252170e0eda5c0b
B08T8SKWQZ,category_7252170e0eda5c0b
B08T8TNCDB,category_7252170e0eda5c0b
B08T8V45JP,category_7252170e0eda5c0b
B08T9SNJMW,category_7252170e0eda5c0b
B08TBFFHFM,category_7252170e0eda5c0b
B08TBFJSZB,category_7252170e0eda5c0b
B08TBFRT1H,category_7252170e0eda5c0b
B08TBHQ4DK,category_7252170e0eda5c0b
B08TBJ8F1N,category_7252170e0eda5c0b
B08TBKQWLZ,category_7252170e0eda5c0b
B08TBMYCXK,category_7252170e0eda5c0b
B08TBNFX1X,category_7252170e0eda5c0b
B08TBQXWSZ,category_7252170e0eda5c0b
B08TBSF17H,category_7252170e0eda5c0b
B08TBVTM73,category_7252170e0eda5c0b
B08TBW7QBX,category_7252170e0eda5c0b
B08TC27376,category_7252170e0eda5c0b
B08TC9KXYC,category_7252170e0eda5c0b
B08TC9ZPW2,category_7252170e0eda5c0b
B08TCBCZ4Y,category_7252170e0eda5c0b
B08TGCK4T1,category_7252170e0eda5c0b
B08TGPBVD1,category_7252170e0eda5c0b
B08TGRRHPB,category_7252170e0eda5c0b
B08TGSLYXF,category_7252170e0eda5c0b
B08TGZHTP4,category_7252170e0eda5c0b
B08TH62D44,category_7252170e0eda5c0b
B08THK35BV,category_7252170e0eda5c0b
B08TJ4JDVB,category_7252170e0eda5c0b
B08TKXJW67,category_7252170e0eda5c0b
B08TLK35Y1,category_7252170e0eda5c0b
B08TLXSZCH,category_7252170e0eda5c0b
B08TM1R8B5,category_7252170e0eda5c0b
B08TM348RX,category_7252170e0eda5c0b
B08TM6VSFZ,category_7252170e0eda5c0b
B08TMCBXR5,category_7252170e0eda5c0b
B08TMGWDKY,category_7252170e0eda5c0b
B08TMKLQMS,category_7252170e0eda5c0b
B08TMMPC49,category_7252170e0eda5c0b
B08TPSXYFX,category_7252170e0eda5c0b
B08TQ69LBN,category_7252170e0eda5c0b
B08TQBGR9N,category_7252170e0eda5c0b
B08TQGNMZV,category_7252170e0eda5c0b
B08TQHDQN5,category_7252170e0eda5c0b
B08TQQJ4F2,category_7252170e0eda5c0b
B08TQQL7M2,category_7252170e0eda5c0b
B08TQVBNWD,category_7252170e0eda5c0b
B08TR7CXQ7,category_7252170e0eda5c0b
B08TRFG2M4,category_7252170e0eda5c0b
B08TRPL3FP,category_7252170e0eda5c0b
B08TRS8RBS,category_7252170e0eda5c0b
B08TTG13XZ,category_7252170e0eda5c0b
B08TTP42Q1,category_7252170e0eda5c0b
B08TV67NGC,category_7252170e0eda5c0b
B08TVG4KW7,category_7252170e0eda5c0b
B08TW9NG6V,category_7252170e0eda5c0b
B08TWJPV2D,category_7252170e0eda5c0b
B08TWN9T9M,category_7252170e0eda5c0b
B08TWRLB5M,category_7252170e0eda5c0b
B08TWST33L,category_7252170e0eda5c0b
B08TWWKJ37,category_7252170e0eda5c0b
B08TWX7763,category_7252170e0eda5c0b
B08TY8G5SM,category_7252170e0eda5c0b
B08TZXNNLZ,category_7252170e0eda5c0b
B08TZYZ9H7,category_7252170e0eda5c0b
B08TZZQZJP,category_7252170e0eda5c0b
B08V11L8TF,category_7252170e0eda5c0b
B08V1257KB,category_7252170e0eda5c0b
B08V131NBS,category_7252170e0eda5c0b
B08V16DGX3,category_7252170e0eda5c0b
B08V16NT9W,category_7252170e0eda5c0b
B08V16R94D,category_7252170e0eda5c0b
B08V17J67W,category_7252170e0eda5c0b
B08V1B1VKQ,category_7252170e0eda5c0b
B08V1B3NBP,category_7252170e0eda5c0b
B08V1BGQ8C,category_7252170e0eda5c0b
B08V1JJ82J,category_7252170e0eda5c0b
B08V1L67V3,category_7252170e0eda5c0b
B08V1ZW8JX,category_7252170e0eda5c0b
B08V213KPX,category_7252170e0eda5c0b
B08V4DW48W,category_7252170e0eda5c0b
B08V4L6HGJ,category_7252170e0eda5c0b
B08V4PYYYB,category_7252170e0eda5c0b
B08V4Q1Z62,category_7252170e0eda5c0b
B08V4RY7RJ,category_7252170e0eda5c0b
B08V4SM18C,category_7252170e0eda5c0b
B08V4SPCLQ,category_7252170e0eda5c0b
B08V4VZR28,category_7252170e0eda5c0b
B08V55CC7T,category_7252170e0eda5c0b
B08V58Z474,category_7252170e0eda5c0b
B08V59BGT7,category_7252170e0eda5c0b
B08V5B1KWV,category_7252170e0eda5c0b
B08V5CZQGL,category_7252170e0eda5c0b
B08V5DYF6R,category_7252170e0eda5c0b
B08V5RXK9D,category_7252170e0eda5c0b
B08V8BX8SJ,category_d6ac68cf358b59e5
B08V8DVZZJ,category_7252170e0eda5c0b
B08V8GH9J3,category_7252170e0eda5c0b
B08V8GX3Z8,category_7252170e0eda5c0b
B08V8JDTLM,category_7252170e0eda5c0b
B08V8SNGFH,category_7252170e0eda5c0b
B08V8SPQKZ,category_7252170e0eda5c0b
B08V91GWFB,category_7252170e0eda5c0b
B08VC284G9,category_7252170e0eda5c0b
B08VD29BGV,category_7252170e0eda5c0b
B08VDBM45Y,category_7252170e0eda5c0b
B08VDJRRDZ,category_7252170e0eda5c0b
B08VDJZV7S,category_7252170e0eda5c0b
B08VDM9N9T,category_7252170e0eda5c0b
B08VDMRP4X,category_7252170e0eda5c0b
B08VDS79DD,category_7252170e0eda5c0b
B08VDTW6V6,category_7252170e0eda5c0b
B08VF14B75,category_7252170e0eda5c0b
B08VF373NX,category_7252170e0eda5c0b
B08VFLFMFB,category_7252170e0eda5c0b
B08VG22M7G,category_7252170e0eda5c0b
B08VGRLZLS,category_7252170e0eda5c0b
B08VGYCWQ7,category_7252170e0eda5c0b
B08VHGTHYH,category_7252170e0eda5c0b
B08VHSHDD2,category_7252170e0eda5c0b
B08VHTCCB5,category_7252170e0eda5c0b
B08VHTZKTY,category_7252170e0eda5c0b
B08VHY2P3W,category_7252170e0eda5c0b
B08VHYLZ1J,category_7252170e0eda5c0b
B08VHZ1BZ2,category_7252170e0eda5c0b
B08VJ2HCM8,category_7252170e0eda5c0b
B08VJ2T61V,category_7252170e0eda5c0b
B08VJ5H1RB,category_7252170e0eda5c0b
B08VJ751BV,category_7252170e0eda5c0b
B08VJDP6JK,category_7252170e0eda5c0b
B08VJGZLDZ,category_7252170e0eda5c0b
B08VJH97GB,category_7252170e0eda5c0b
B08VJHPXTY,category_7252170e0eda5c0b
B08VJLYD5K,category_7252170e0eda5c0b
B08VKYPGWF,category_7252170e0eda5c0b
B08VMTL6X7,category_7252170e0eda5c0b
B08VN62DHZ,category_7252170e0eda5c0b
B08VN9TXQ4,category_7252170e0eda5c0b
B08VNBVXDY,category_7252170e0eda5c0b
B08VNCJ747,category_7252170e0eda5c0b
B08VNDVNZS,category_7252170e0eda5c0b
B08VNGFYHD,category_7252170e0eda5c0b
B08VNHQY71,category_7252170e0eda5c0b
B08VNKMVKF,category_7252170e0eda5c0b
B08VNQFY83,category_7252170e0eda5c0b
B08VNQND9L,category_7252170e0eda5c0b
B08VNTNHGB,category_7252170e0eda5c0b
B08VNTR4SZ,category_7252170e0eda5c0b
B08VQY1Z1S,category_d6ac68cf358b59e5
B08VRDD9QV,category_7252170e0eda5c0b
B08VRNFR8W,category_7252170e0eda5c0b
B08VS2YLTM,category_7252170e0eda5c0b
B08VS62BKK,category_7252170e0eda5c0b
B08VS87CDR,category_7252170e0eda5c0b
B08VS89P2H,category_7252170e0eda5c0b
B08VSJQWMC,category_7252170e0eda5c0b
B08VVYQW5M,category_7252170e0eda5c0b
B08VW912VF,category_7252170e0eda5c0b
B08VWBFFR3,category_7252170e0eda5c0b
B08VWJGNPR,category_7252170e0eda5c0b
B08VWRX1MJ,category_7252170e0eda5c0b
B08VWTXZJC,category_7252170e0eda5c0b
B08VWV7ZL6,category_7252170e0eda5c0b
B08VWXKQKL,category_7252170e0eda5c0b
B08VX2D7SK,category_7252170e0eda5c0b
B08VZMDB2F,category_7252170e0eda5c0b
B08W1X343Z,category_7252170e0eda5c0b
B08W1YZ2NK,category_7252170e0eda5c0b
B08W22N185,category_7252170e0eda5c0b
B08W256VYJ,category_7252170e0eda5c0b
B08W282S12,category_7252170e0eda5c0b
B08W2ZFZBT,category_7252170e0eda5c0b
B08W38J9FB,category_7252170e0eda5c0b
B08W3PW2HF,category_7252170e0eda5c0b
B08W3R1LFJ,category_7252170e0eda5c0b
B08W3V6H22,category_7252170e0eda5c0b
B08W3WLN3M,category_7252170e0eda5c0b
B08W3WQPV2,category_7252170e0eda5c0b
B08W4PD1NB,category_7252170e0eda5c0b
B08W8QM3LG,category_7252170e0eda5c0b
B08W8RBL8G,category_7252170e0eda5c0b
B08W8Y5TZ9,category_7252170e0eda5c0b
B08WCG4JCC,category_7252170e0eda5c0b
B08WCTQYSX,category_d6ac68cf358b59e5
B08WF29DM9,category_7252170e0eda5c0b
B08WHBSK6R,category_7252170e0eda5c0b
B08WHQ8SB5,category_7252170e0eda5c0b
B08WHYM4K8,category_7252170e0eda5c0b
B08WJPY2SP,category_7252170e0eda5c0b
B08WKQ2KZ3,category_7252170e0eda5c0b
B08WL67Y7W,category_7252170e0eda5c0b
B08WN6D77J,category_7252170e0eda5c0b
B08WPS3QBL,category_7252170e0eda5c0b
B08WPXGXWH,category_7252170e0eda5c0b
B08WTSSJDL,category_7252170e0eda5c0b
B08WTXVSJT,category_7252170e0eda5c0b
B08WWMC8D3,category_7252170e0eda5c0b
B08WWPJLPL,category_7252170e0eda5c0b
B08WX14LDW,category_7252170e0eda5c0b
B08WX159BW,category_7252170e0eda5c0b
B08WX6R12X,category_7252170e0eda5c0b
B08WY9Q5B3,category_7252170e0eda5c0b
B08WYLMXX3,category_7252170e0eda5c0b
B08WYWN38S,category_7252170e0eda5c0b
B08WZ53VT6,category_7252170e0eda5c0b
B08WZ9C2K5,category_7252170e0eda5c0b
B08WZDLHHJ,category_7252170e0eda5c0b
B08X1DW195,category_7252170e0eda5c0b
B08X1G635W,category_7252170e0eda5c0b
B08X1GCK5G,category_7252170e0eda5c0b
B08X1MCPRN,category_7252170e0eda5c0b
B08X1MTB11,category_7252170e0eda5c0b
B08X1NY8T3,category_7252170e0eda5c0b
B08X21JLT6,category_7252170e0eda5c0b
B08X27QXKV,category_7252170e0eda5c0b
B08X2H53H5,category_7252170e0eda5c0b
B08X2KDBJT,category_7252170e0eda5c0b
B08X2MYLLY,category_7252170e0eda5c0b
B08X2RMBCZ,category_7252170e0eda5c0b
B08X2YTD32,category_7252170e0eda5c0b
B08X34FXFL,category_7252170e0eda5c0b
B08X3FRLVZ,category_7252170e0eda5c0b
B08X3QHDYP,category_7252170e0eda5c0b
B08X423NJ9,category_7252170e0eda5c0b
B08X42QVGR,category_7252170e0eda5c0b
B08X46Z2PC,category_7252170e0eda5c0b
B08X6JVGGG,category_7252170e0eda5c0b
B08X6TGWJG,category_7252170e0eda5c0b
B08X721P37,category_7252170e0eda5c0b
B08X73XGWF,category_7252170e0eda5c0b
B08X73XL2T,category_7252170e0eda5c0b
B08X75R4JL,category_7252170e0eda5c0b
B08X7G9K5T,category_7252170e0eda5c0b
B08X7JHQG5,category_7252170e0eda5c0b
B08X7JT8HG,category_7252170e0eda5c0b
B08X8SN5SV,category_7252170e0eda5c0b
B08X9YTMYS,category_7252170e0eda5c0b
B08XB1PSV5,category_7252170e0eda5c0b
B08XB3QWB1,category_7252170e0eda5c0b
B08XB5Q7QR,category_7252170e0eda5c0b
B08XB99KTD,category_7252170e0eda5c0b
B08XBBZPN6,category_7252170e0eda5c0b
B08XBR7Y6W,category_7252170e0eda5c0b
B08XC6MCC4,category_7252170e0eda5c0b
B08XH8P2F5,category_7252170e0eda5c0b
B08XHTWLR6,category_7252170e0eda5c0b
B08XJ448F1,category_7252170e0eda5c0b
B08XJ48PRL,category_7252170e0eda5c0b
B08XJKW7M5,category_7252170e0eda5c0b
B08XJSHGXN,category_7252170e0eda5c0b
B08XJV4TWM,category_7252170e0eda5c0b
B08XK3ST2Y,category_7252170e0eda5c0b
B08XK4GJ9T,category_7252170e0eda5c0b
B08XK59CXM,category_7252170e0eda5c0b
B08XK663BW,category_7252170e0eda5c0b
B08XKD8B62,category_7252170e0eda5c0b
B08XLR84VC,category_7252170e0eda5c0b
B08XMB8SGF,category_7252170e0eda5c0b
B08XMBHL8C,category_7252170e0eda5c0b
B08XMHSM5B,category_7252170e0eda5c0b
B08XMNGZH9,category_7252170e0eda5c0b
B08XMYMFKG,category_7252170e0eda5c0b
B08XMZXZHZ,category_7252170e0eda5c0b
B08XN28VQY,category_7252170e0eda5c0b
B08XNGMT2B,category_7252170e0eda5c0b
B08XNGR2XF,category_7252170e0eda5c0b
B08XP5GZY3,category_7252170e0eda5c0b
B08XPND3MQ,category_7252170e0eda5c0b
B08XQ3MNM4,category_7252170e0eda5c0b
B08XQ6SKWW,category_7252170e0eda5c0b
B08XQ71GSN,category_7252170e0eda5c0b
B08XQ76HYH,category_7252170e0eda5c0b
B08XQJLS9Y,category_7252170e0eda5c0b
B08XQNVBHQ,category_7252170e0eda5c0b
B08XQWTDYS,category_7252170e0eda5c0b
B08XT7C7F5,category_7252170e0eda5c0b
B08XTK4GN6,category_7252170e0eda5c0b
B08XTP92WG,category_7252170e0eda5c0b
B08XV31MQB,category_7252170e0eda5c0b
B08XW1H6YQ,category_7252170e0eda5c0b
B08XW4K7GZ,category_7252170e0eda5c0b
B08XW9MH3S,category_7252170e0eda5c0b
B08XWB6HDH,category_7252170e0eda5c0b
B08XWH5PV7,category_7252170e0eda5c0b
B08XWHQLG5,category_7252170e0eda5c0b
B08XWS5MRQ,category_7252170e0eda5c0b
B08XWSQHVB,category_7252170e0eda5c0b
B08XX7LJ86,category_7252170e0eda5c0b
B08XX7X1TJ,category_7252170e0eda5c0b
B08XX9QHQK,category_7252170e0eda5c0b
B08XXBVLWS,category_7252170e0eda5c0b
B08XXQFF1Y,category_7252170e0eda5c0b
B08XXTJFPK,category_7252170e0eda5c0b
B08XYC3PKF,category_7252170e0eda5c0b
B08XYJ7PVM,category_7252170e0eda5c0b
B08XYJBCG3,category_7252170e0eda5c0b
B08XYK8CBV,category_7252170e0eda5c0b
B08XYN2KGN,category_7252170e0eda5c0b
B08XYQR2X7,category_7252170e0eda5c0b
B08XYSRJ3Q,category_7252170e0eda5c0b
B08XZ7P35Y,category_7252170e0eda5c0b
B08XZ97HFY,category_7252170e0eda5c0b
B08XZHNHZ6,category_7252170e0eda5c0b
B08XZQVK57,category_7252170e0eda5c0b
B08Y1117CT,category_7252170e0eda5c0b
B08Y13HMLC,category_7252170e0eda5c0b
B08Y17JTQ8,category_7252170e0eda5c0b
B08Y19T44C,category_7252170e0eda5c0b
B08Y1DT67J,category_7252170e0eda5c0b
B08Y2Y3B9S,category_7252170e0eda5c0b
B08Y544GSL,category_7252170e0eda5c0b
B08Y55TNF2,category_7252170e0eda5c0b
B08Y5J14HY,category_7252170e0eda5c0b
B08Y5NT665,category_7252170e0eda5c0b
B08Y5XDCPF,category_7252170e0eda5c0b
B08Y66XSRG,category_7252170e0eda5c0b
B08Y6B91TF,category_7252170e0eda5c0b
B08Y6CZV7J,category_7252170e0eda5c0b
B08Y6D5VSY,category_7252170e0eda5c0b
B08Y6DQ1JW,category_7252170e0eda5c0b
B08Y6LLP16,category_7252170e0eda5c0b
B08Y74P56D,category_7252170e0eda5c0b
B08Y7NWR1J,category_7252170e0eda5c0b
B08Y7RKP5Z,category_7252170e0eda5c0b
B08Y87WY7F,category_7252170e0eda5c0b
B08Y88WNZ2,category_7252170e0eda5c0b
B08Y89FRDT,category_7252170e0eda5c0b
B08Y8JLJJ9,category_7252170e0eda5c0b
B08Y8JXKBG,category_7252170e0eda5c0b
B08Y8PK2DW,category_7252170e0eda5c0b
B08YD7R3GT,category_7252170e0eda5c0b
B08YD857XG,category_7252170e0eda5c0b
B08YD9ZT2W,category_7252170e0eda5c0b
B08YDDL568,category_7252170e0eda5c0b
B08YDJHHVT,category_7252170e0eda5c0b
B08YDK7JHM,category_7252170e0eda5c0b
B08YDNJTGF,category_7252170e0eda5c0b
B08YDPQ24D,category_7252170e0eda5c0b
B08YDRM6WC,category_7252170e0eda5c0b
B08YDT6XJW,category_7252170e0eda5c0b
B08YDVSCPV,category_7252170e0eda5c0b
B08YDYT3B5,category_7252170e0eda5c0b
B08YF3P61V,category_7252170e0eda5c0b
B08YJ65SQX,category_7252170e0eda5c0b
B08YJ6H14H,category_7252170e0eda5c0b
B08YJ741H4,category_7252170e0eda5c0b
B08YJKBV45,category_7252170e0eda5c0b
B08YJKN527,category_7252170e0eda5c0b
B08YJM9J63,category_7252170e0eda5c0b
B08YJTL1GT,category_7252170e0eda5c0b
B08YJY4CR7,category_7252170e0eda5c0b
B08YK3T822,category_7252170e0eda5c0b
B08YK41WML,category_7252170e0eda5c0b
B08YK8B89C,category_7252170e0eda5c0b
B08YMYRJ65,category_7252170e0eda5c0b
B08YMZ2MSV,category_7252170e0eda5c0b
B08YN3YD6L,category_7252170e0eda5c0b
B08YN4JBM7,category_7252170e0eda5c0b
B08YN59SQG,category_7252170e0eda5c0b
B08YNB5SHG,category_7252170e0eda5c0b
B08YNHBHRW,category_7252170e0eda5c0b
B08YNKB1PL,category_7252170e0eda5c0b
B08YNLB22C,category_7252170e0eda5c0b
B08YNM5CC4,category_7252170e0eda5c0b
B08YNMN8JH,category_7252170e0eda5c0b
B08YNPN8BY,category_7252170e0eda5c0b
B08YP8S5K5,category_7252170e0eda5c0b
B08YQH6ZX8,category_7252170e0eda5c0b
B08YQWN7GY,category_7252170e0eda5c0b
B08YQYRF3B,category_7252170e0eda5c0b
B08YRBM8VD,category_7252170e0eda5c0b
B08YRDWVVM,category_7252170e0eda5c0b
B08YRFY2HV,category_7252170e0eda5c0b
B08YRGBKN1,category_7252170e0eda5c0b
B08YRLQYB6,category_7252170e0eda5c0b
B08YRQR8SJ,category_7252170e0eda5c0b
B08YRX1R1S,category_7252170e0eda5c0b
B08YRYT16H,category_7252170e0eda5c0b
B08YS47RX6,category_7252170e0eda5c0b
B08YTC3KLG,category_7252170e0eda5c0b
B08YTFXJZW,category_7252170e0eda5c0b
B08YTT3ZKL,category_7252170e0eda5c0b
B08YV22F4T,category_7252170e0eda5c0b
B08YV88WYY,category_7252170e0eda5c0b
B08YVLKCG8,category_7252170e0eda5c0b
B08YWHZX5Q,category_7252170e0eda5c0b
B08YWJ5R3C,category_7252170e0eda5c0b
B08YWLZ8MW,category_7252170e0eda5c0b
B08YWMH5Y1,category_7252170e0eda5c0b
B08YWQ2D9K,category_7252170e0eda5c0b
B08YWXGRP8,category_7252170e0eda5c0b
B08YWYNN1G,category_7252170e0eda5c0b
B08YXDCYX9,category_7252170e0eda5c0b
B08YY4LM37,category_7252170e0eda5c0b
B08YY4M1V4,category_7252170e0eda5c0b
B08YY8GL7J,category_7252170e0eda5c0b
B08YYHVCXH,category_7252170e0eda5c0b
B08YYJYHC8,category_7252170e0eda5c0b
B08YYKC4RW,category_7252170e0eda5c0b
B08YYKTT3K,category_7252170e0eda5c0b
B08YYNHSSK,category_7252170e0eda5c0b
B08YYPHSN3,category_7252170e0eda5c0b
B08YYQNTQF,category_7252170e0eda5c0b
B08YYTTQ8S,category_7252170e0eda5c0b
B08YZ1147W,category_7252170e0eda5c0b
B08YZ3854D,category_7252170e0eda5c0b
B08YZ65HTV,category_7252170e0eda5c0b
B08Z32BGFV,category_7252170e0eda5c0b
B08Z34W825,category_7252170e0eda5c0b
B08Z35TSW3,category_7252170e0eda5c0b
B08Z36ZWVP,category_7252170e0eda5c0b
B08Z39FZNY,category_7252170e0eda5c0b
B08Z3DWDDC,category_7252170e0eda5c0b
B08Z3HRL9X,category_7252170e0eda5c0b
B08Z3HVJNQ,category_7252170e0eda5c0b
B08Z3NVZFW,category_7252170e0eda5c0b
B08Z3RV497,category_7252170e0eda5c0b
B08Z3Z6DVR,category_d6ac68cf358b59e5
B08Z4F1SK8,category_7252170e0eda5c0b
B08Z7376F1,category_7252170e0eda5c0b
B08Z7KDFRV,category_7252170e0eda5c0b
B08Z7NXKPC,category_7252170e0eda5c0b
B08Z7PLNYM,category_7252170e0eda5c0b
B08Z7RBP9S,category_7252170e0eda5c0b
B08Z7WMZ7G,category_7252170e0eda5c0b
B08Z82J51L,category_7252170e0eda5c0b
B08Z874S3M,category_7252170e0eda5c0b
B08ZBCGXSS,category_7252170e0eda5c0b
B08ZC8M6K6,category_7252170e0eda5c0b
B08ZCDYSC2,category_7252170e0eda5c0b
B08ZCGKGHR,category_7252170e0eda5c0b
B08ZCP8J63,category_7252170e0eda5c0b
B08ZCPVWDT,category_7252170e0eda5c0b
B08ZCQD15F,category_7252170e0eda5c0b
B08ZCRRHBF,category_7252170e0eda5c0b
B08ZCWHGCL,category_7252170e0eda5c0b
B08ZCZ1VPM,category_7252170e0eda5c0b
B08ZD17ZHM,category_7252170e0eda5c0b
B08ZD1D2PH,category_7252170e0eda5c0b
B08ZDTWL1B,category_7252170e0eda5c0b
B08ZH6GZ4H,category_7252170e0eda5c0b
B08ZH7CTSH,category_7252170e0eda5c0b
B08ZHHRF45,category_7252170e0eda5c0b
B08ZHKCWN7,category_7252170e0eda5c0b
B08ZHKP5GX,category_7252170e0eda5c0b
B08ZHNDYKK,category_7252170e0eda5c0b
B08ZHRB859,category_7252170e0eda5c0b
B08ZHXLKD7,category_7252170e0eda5c0b
B08ZHXS9SK,category_7252170e0eda5c0b
B08ZJNHRYB,category_7252170e0eda5c0b
B08ZJRD9LD,category_7252170e0eda5c0b
B08ZJVD2WJ,category_7252170e0eda5c0b
B08ZK6V1GR,category_7252170e0eda5c0b
B08ZL3RBGK,category_7252170e0eda5c0b
B08ZLS81N6,category_7252170e0eda5c0b
B08ZMB2Z1P,category_7252170e0eda5c0b
B08ZMNNQS1,category_7252170e0eda5c0b
B08ZMR22ST,category_7252170e0eda5c0b
B08ZMVBYTV,category_7252170e0eda5c0b
B08ZMXHPRL,category_7252170e0eda5c0b
B08ZMZ63PD,category_7252170e0eda5c0b
B08ZMZJ9XZ,category_7252170e0eda5c0b
B08ZN51T1L,category_7252170e0eda5c0b
B08ZN6ZSZV,category_7252170e0eda5c0b
B08ZNK7FX1,category_7252170e0eda5c0b
B08ZNKVTKQ,category_7252170e0eda5c0b
B08ZQS6KPC,category_7252170e0eda5c0b
B08ZRQND9P,category_7252170e0eda5c0b
B08ZRTC82N,category_7252170e0eda5c0b
B08ZRTSR2S,category_7252170e0eda5c0b
B08ZRWFS9N,category_7252170e0eda5c0b
B08ZRY3F14,category_7252170e0eda5c0b
B08ZS7X3CL,category_7252170e0eda5c0b
B08ZSJY3VW,category_7252170e0eda5c0b
B08ZSL19VK,category_7252170e0eda5c0b
B08ZSNVQVB,category_7252170e0eda5c0b
B08ZSRTZNS,category_7252170e0eda5c0b
B08ZSVYFMM,category_7252170e0eda5c0b
B08ZT264RT,category_7252170e0eda5c0b
B08ZT3R81J,category_7252170e0eda5c0b
B08ZV4VVMP,category_7252170e0eda5c0b
B08ZXPNDVH,category_7252170e0eda5c0b
B08ZXVP257,category_7252170e0eda5c0b
B08ZXYDK61,category_7252170e0eda5c0b
B08ZY25DHT,category_7252170e0eda5c0b
B08ZYDK11Z,category_7252170e0eda5c0b
B08ZYGMSZV,category_7252170e0eda5c0b
B08ZYJYB9K,category_7252170e0eda5c0b
B08ZYMTX18,category_7252170e0eda5c0b
B08ZYXV85F,category_7252170e0eda5c0b
B09125RKX1,category_7252170e0eda5c0b
B09127JBZN,category_7252170e0eda5c0b
B0912DXF6M,category_7252170e0eda5c0b
B0912FKMHL,category_7252170e0eda5c0b
B0912FRLSQ,category_7252170e0eda5c0b
B0912KBNQN,category_7252170e0eda5c0b
B0912VCZSN,category_7252170e0eda5c0b
B091315DRL,category_7252170e0eda5c0b
B09134Y98Z,category_7252170e0eda5c0b
B09137RFQ1,category_7252170e0eda5c0b
B0913KGH94,category_7252170e0eda5c0b
B0913MM3J3,category_7252170e0eda5c0b
B0914YPT4X,category_7252170e0eda5c0b
B09159JM3F,category_7252170e0eda5c0b
B0915D25TL,category_7252170e0eda5c0b
B0915GZB9W,category_7252170e0eda5c0b
B0915HRTVD,category_7252170e0eda5c0b
B0915PMSM9,category_7252170e0eda5c0b
B0915PWMCJ,category_7252170e0eda5c0b
B0915SPML7,category_7252170e0eda5c0b
B0915XFZX1,category_7252170e0eda5c0b
B091637GX9,category_7252170e0eda5c0b
B0916KK3ZL,category_7252170e0eda5c0b
B0916KQ739,category_7252170e0eda5c0b
B0916SCJQY,category_7252170e0eda5c0b
B09173CDZW,category_7252170e0eda5c0b
B091748MM2,category_7252170e0eda5c0b
B0917BC2LK,category_7252170e0eda5c0b
B091834S9J,category_7252170e0eda5c0b
B0918KK45T,category_7252170e0eda5c0b
B09193T31N,category_7252170e0eda5c0b
B09193X3KJ,category_7252170e0eda5c0b
B09196D1H3,category_7252170e0eda5c0b
B0919JDHX4,category_7252170e0eda5c0b
B0919R1CYT,category_7252170e0eda5c0b
B0919SX5DN,category_7252170e0eda5c0b
B091B62624,category_7252170e0eda5c0b
B091B63YMJ,category_7252170e0eda5c0b
B091BB8N19,category_7252170e0eda5c0b
B091BDGRX2,category_7252170e0eda5c0b
B091BMC9YK,category_7252170e0eda5c0b
B091BP9XRP,category_7252170e0eda5c0b
B091BR2F6Z,category_7252170e0eda5c0b
B091BWCCZ4,category_7252170e0eda5c0b
B091C4KLYY,category_7252170e0eda5c0b
B091C5CBS6,category_7252170e0eda5c0b
B091C8X44H,category_7252170e0eda5c0b
B091CYS6LZ,category_7252170e0eda5c0b
B091D7WX3J,category_7252170e0eda5c0b
B091DF3MPN,category_7252170e0eda5c0b
B091DJ6ZXR,category_7252170e0eda5c0b
B091DNNDSX,category_7252170e0eda5c0b
B091DP2DD1,category_7252170e0eda5c0b
B091DY58SZ,category_7252170e0eda5c0b
B091F5H1CQ,category_7252170e0eda5c0b
B091FF88WZ,category_7252170e0eda5c0b
B091FG7C73,category_7252170e0eda5c0b
B091FK8PKW,category_7252170e0eda5c0b
B091FL3R5L,category_7252170e0eda5c0b
B091FN8G4X,category_7252170e0eda5c0b
B091G89W6P,category_7252170e0eda5c0b
B091G9Q482,category_7252170e0eda5c0b
B091GZV31W,category_7252170e0eda5c0b
B091HFYNGW,category_7252170e0eda5c0b
B091HL4HHV,category_7252170e0eda5c0b
B091HXW9RK,category_7252170e0eda5c0b
B091J9PK3C,category_7252170e0eda5c0b
B091JQZC1S,category_7252170e0eda5c0b
B091KM1TV9,category_7252170e0eda5c0b
B091KRGHP8,category_7252170e0eda5c0b
B091KRZXQK,category_7252170e0eda5c0b
B091KVDNHM,category_7252170e0eda5c0b
B091MDV5LV,category_7252170e0eda5c0b
B091MG27GL,category_7252170e0eda5c0b
B091MR7RTW,category_7252170e0eda5c0b
B091MSY4SP,category_7252170e0eda5c0b
B091MVZW95,category_7252170e0eda5c0b
B091MWMXYD,category_7252170e0eda5c0b
B091PBDV66,category_7252170e0eda5c0b
B091PCDH7L,category_7252170e0eda5c0b
B091PQTD3K,category_7252170e0eda5c0b
B091PRFC97,category_7252170e0eda5c0b
B091PTTBKN,category_7252170e0eda5c0b
B091PV7Z57,category_7252170e0eda5c0b
B091PYJ8S2,category_7252170e0eda5c0b
B091PZDT56,category_7252170e0eda5c0b
B091SRVJLG,category_7252170e0eda5c0b
B091T621BJ,category_7252170e0eda5c0b
B091T7892N,category_7252170e0eda5c0b
B091T98MS7,category_7252170e0eda5c0b
B091TC3178,category_7252170e0eda5c0b
B091TCKYM6,category_7252170e0eda5c0b
B091TN4312,category_7252170e0eda5c0b
B091TNB3PZ,category_7252170e0eda5c0b
B091TNQTKB,category_7252170e0eda5c0b
B091TVFJPX,category_7252170e0eda5c0b
B091TX1RT3,category_7252170e0eda5c0b
B091TY71M5,category_7252170e0eda5c0b
B091V55X91,category_7252170e0eda5c0b
B091XRL99D,category_7252170e0eda5c0b
B091XVKC9K,category_7252170e0eda5c0b
B091XXK8HR,category_7252170e0eda5c0b
B091YCDWQS,category_7252170e0eda5c0b
B091YQ7YXH,category_7252170e0eda5c0b
B091YQMF3W,category_7252170e0eda5c0b
B091YVY9H3,category_7252170e0eda5c0b
B091YWB71G,category_7252170e0eda5c0b
B091Z242K7,category_7252170e0eda5c0b
B091Z7LTC1,category_7252170e0eda5c0b
B091ZCF4TM,category_7252170e0eda5c0b
B091ZXXV87,category_7252170e0eda5c0b
B0921CNWSZ,category_7252170e0eda5c0b
B0921M5D2L,category_7252170e0eda5c0b
B0921PR9B3,category_7252170e0eda5c0b
B0921SG7ZP,category_7252170e0eda5c0b
B0921VLH5N,category_7252170e0eda5c0b
B09226BGML,category_7252170e0eda5c0b
B09229SYGS,category_7252170e0eda5c0b
B09229VSS8,category_7252170e0eda5c0b
B0922B7GSB,category_7252170e0eda5c0b
B0922B96N8,category_7252170e0eda5c0b
B0922C9132,category_7252170e0eda5c0b
B0922L9348,category_7252170e0eda5c0b
B0922LYVR1,category_7252170e0eda5c0b
B0922MK9Y3,category_7252170e0eda5c0b
B0922RVB14,category_7252170e0eda5c0b
B0922SBNKZ,category_7252170e0eda5c0b
B0922Y1VNM,category_7252170e0eda5c0b
B092396HPQ,category_7252170e0eda5c0b
B0923L2M8V,category_7252170e0eda5c0b
B0923Y9SW4,category_7252170e0eda5c0b
B092432K9Z,category_7252170e0eda5c0b
B09247GYW9,category_7252170e0eda5c0b
B0924896KW,category_7252170e0eda5c0b
B0924GT395,category_7252170e0eda5c0b
B0924LZPSM,category_7252170e0eda5c0b
B0924QK1GB,category_7252170e0eda5c0b
B0924XN82L,category_7252170e0eda5c0b
B092587FLZ,category_7252170e0eda5c0b
B09258TP6J,category_7252170e0eda5c0b
B09259MQ2T,category_7252170e0eda5c0b
B0925H1Z5Z,category_7252170e0eda5c0b
B0925NXRPH,category_7252170e0eda5c0b
B0925PR18P,category_7252170e0eda5c0b
B0925SRMBP,category_7252170e0eda5c0b
B0925V6K96,category_7252170e0eda5c0b
B0926V2N5J,category_7252170e0eda5c0b
B09275MKYC,category_7252170e0eda5c0b
B0927P17FR,category_7252170e0eda5c0b
B0928665V4,category_7252170e0eda5c0b
B0928JPNSY,category_7252170e0eda5c0b
B0928PP6J6,category_7252170e0eda5c0b
B0928Q84FJ,category_7252170e0eda5c0b
B0928YFDYY,category_7252170e0eda5c0b
B0928ZBKFD,category_7252170e0eda5c0b
B0929CD3GJ,category_7252170e0eda5c0b
B0929CGNRV,category_7252170e0eda5c0b
B0929FX2GJ,category_7252170e0eda5c0b
B092C849DG,category_7252170e0eda5c0b
B092CKJZQJ,category_7252170e0eda5c0b
B092CRL1BR,category_7252170e0eda5c0b
B092CWMLMC,category_7252170e0eda5c0b
B092CZF3HW,category_7252170e0eda5c0b
B092D3D358,category_7252170e0eda5c0b
B092DJ1YTJ,category_7252170e0eda5c0b
B092DNM89Q,category_7252170e0eda5c0b
B092HBVC98,category_7252170e0eda5c0b
B092HKL4PZ,category_7252170e0eda5c0b
B092HQQ8XD,category_7252170e0eda5c0b
B092HVKQVN,category_7252170e0eda5c0b
B092HY9H9L,category_7252170e0eda5c0b
B092J438XZ,category_7252170e0eda5c0b
B092J63PW4,category_7252170e0eda5c0b
B092J79VFR,category_7252170e0eda5c0b
B092JHXJB9,category_7252170e0eda5c0b
B092JTM4NK,category_7252170e0eda5c0b
B092K6B4K6,category_7252170e0eda5c0b
B092L9LG84,category_7252170e0eda5c0b
B092LCPJ8W,category_7252170e0eda5c0b
B092LCRCY5,category_7252170e0eda5c0b
B092LFLBCR,category_7252170e0eda5c0b
B092LHL8W9,category_7252170e0eda5c0b
B092LJ3B3F,category_7252170e0eda5c0b
B092LM6KHN,category_d6ac68cf358b59e5
B092LRX9KY,category_7252170e0eda5c0b
B092LYG5WW,category_7252170e0eda5c0b
B092LZ2JRL,category_7252170e0eda5c0b
B092M29BFN,category_7252170e0eda5c0b
B092M4XYL7,category_7252170e0eda5c0b
B092MBF587,category_7252170e0eda5c0b
B092MBKPQ2,category_7252170e0eda5c0b
B092MDVK4T,category_7252170e0eda5c0b
B092MDX84M,category_7252170e0eda5c0b
B092MFT3RJ,category_7252170e0eda5c0b
B092MFV59J,category_7252170e0eda5c0b
B092MGWX7C,category_7252170e0eda5c0b
B092MJSLLG,category_7252170e0eda5c0b
B092MKFYJ3,category_7252170e0eda5c0b
B092MQ12RW,category_7252170e0eda5c0b
B092P8X833,category_7252170e0eda5c0b
B092PH1STY,category_7252170e0eda5c0b
B092PHBMDV,category_7252170e0eda5c0b
B092PQQVHD,category_7252170e0eda5c0b
B092PS3PYX,category_7252170e0eda5c0b
B092PSDZVQ,category_7252170e0eda5c0b
B092Q4KCZF,category_7252170e0eda5c0b
B092Q8VYG2,category_7252170e0eda5c0b
B092QD7V6P,category_7252170e0eda5c0b
B092QGMHCC,category_7252170e0eda5c0b
B092QJJ65F,category_7252170e0eda5c0b
B092QJRD5T,category_7252170e0eda5c0b
B092QLD121,category_7252170e0eda5c0b
B092QVB5W8,category_7252170e0eda5c0b
B092R35PL9,category_7252170e0eda5c0b
B092RDFCNY,category_7252170e0eda5c0b
B092RGDXQZ,category_7252170e0eda5c0b
B092RPCR8P,category_7252170e0eda5c0b
B092S8KWDH,category_7252170e0eda5c0b
B092SBVYVS,category_7252170e0eda5c0b
B092SD2JST,category_7252170e0eda5c0b
B092SDBRBX,category_7252170e0eda5c0b
B092SM44G1,category_7252170e0eda5c0b
B092TDYNBY,category_7252170e0eda5c0b
B092TGBYD4,category_7252170e0eda5c0b
B092TVC5N8,category_7252170e0eda5c0b
B092TZDKD3,category_7252170e0eda5c0b
B092TZLT8W,category_7252170e0eda5c0b
B092V4KDRG,category_7252170e0eda5c0b
B092V7ZQ9H,category_7252170e0eda5c0b
B092VDMLDP,category_7252170e0eda5c0b
B092VN2MCJ,category_7252170e0eda5c0b
B092VX6MRK,category_7252170e0eda5c0b
B092W64742,category_7252170e0eda5c0b
B092WWJHSW,category_7252170e0eda5c0b
B092YTVVNG,category_7252170e0eda5c0b
B092YVHLGD,category_7252170e0eda5c0b
B092YZVK5B,category_7252170e0eda5c0b
B092Z1GF6L,category_7252170e0eda5c0b
B092Z2VLXK,category_7252170e0eda5c0b
B092Z5V3SH,category_7252170e0eda5c0b
B092Z6B3GR,category_7252170e0eda5c0b
B092Z9X6QK,category_7252170e0eda5c0b
B092ZCP67F,category_7252170e0eda5c0b
B092ZKN4BK,category_7252170e0eda5c0b
B09315SN88,category_7252170e0eda5c0b
B0931XBYNW,category_7252170e0eda5c0b
B0932146Y3,category_7252170e0eda5c0b
B09323KPHH,category_7252170e0eda5c0b
B09326WZY4,category_7252170e0eda5c0b
B0932BGMGJ,category_7252170e0eda5c0b
B0932FP9NJ,category_7252170e0eda5c0b
B0932K5SG3,category_7252170e0eda5c0b
B0932T9VTL,category_7252170e0eda5c0b
B0932Y49L4,category_7252170e0eda5c0b
B09333Z2DP,category_7252170e0eda5c0b
B0933616FG,category_7252170e0eda5c0b
B09337LJ2F,category_7252170e0eda5c0b
B093392TT1,category_7252170e0eda5c0b
B0933HJVBG,category_7252170e0eda5c0b
B0933NGX56,category_7252170e0eda5c0b
B0934TCPS4,category_7252170e0eda5c0b
B09365C2BR,category_7252170e0eda5c0b
B0936DGZG5,category_7252170e0eda5c0b
B0936HBM7H,category_7252170e0eda5c0b
B0936JFGPR,category_7252170e0eda5c0b
B0936K4LJN,category_7252170e0eda5c0b
B0936VQV8H,category_7252170e0eda5c0b
B0936WP911,category_7252170e0eda5c0b
B093724Y1Z,category_7252170e0eda5c0b
B093734FLC,category_7252170e0eda5c0b
B09374H3PZ,category_7252170e0eda5c0b
B09374J6DC,category_7252170e0eda5c0b
B09379JR5L,category_7252170e0eda5c0b
B0938J5BYV,category_7252170e0eda5c0b
B0939T8MCG,category_7252170e0eda5c0b
B0939VNNXN,category_7252170e0eda5c0b
B093B29881,category_7252170e0eda5c0b
B093BFFS46,category_7252170e0eda5c0b
B093BJ5Q1Q,category_7252170e0eda5c0b
B093BNBS6J,category_7252170e0eda5c0b
B093BTV689,category_7252170e0eda5c0b
B093C57GFJ,category_7252170e0eda5c0b
B093CDVFPP,category_7252170e0eda5c0b
B093CDW2D5,category_7252170e0eda5c0b
B093CZFWYG,category_7252170e0eda5c0b
B093D5MSVT,category_7252170e0eda5c0b
B093D6SPBH,category_7252170e0eda5c0b
B093D71JF7,category_7252170e0eda5c0b
B093D7ZQQT,category_7252170e0eda5c0b
B093D8P3LN,category_7252170e0eda5c0b
B093D9RJCZ,category_7252170e0eda5c0b
B093DBFX3D,category_7252170e0eda5c0b
B093DBZM31,category_7252170e0eda5c0b
B093F5BWSH,category_7252170e0eda5c0b
B093F68MG4,category_7252170e0eda5c0b
B093FD4GWG,category_7252170e0eda5c0b
B093FJQ8YV,category_7252170e0eda5c0b
B093G9HJM9,category_7252170e0eda5c0b
B093GFB5WK,category_7252170e0eda5c0b
B093GKF6C1,category_7252170e0eda5c0b
B093GKPX83,category_7252170e0eda5c0b
B093GLSSLF,category_7252170e0eda5c0b
B093GNBTNZ,category_7252170e0eda5c0b
B093GQJ8TL,category_7252170e0eda5c0b
B093GR3N8W,category_7252170e0eda5c0b
B093GRLKB9,category_7252170e0eda5c0b
B093GSTGB8,category_7252170e0eda5c0b
B093GZ6VY8,category_7252170e0eda5c0b
B093GZF13Y,category_7252170e0eda5c0b
B093H62246,category_7252170e0eda5c0b
B093H7S5CL,category_7252170e0eda5c0b
B093H8ZWM9,category_7252170e0eda5c0b
B093K6KPJC,category_7252170e0eda5c0b
B093K85ZYD,category_7252170e0eda5c0b
B093KF1GB2,category_7252170e0eda5c0b
B093KF72F2,category_7252170e0eda5c0b
B093KJ4S49,category_7252170e0eda5c0b
B093KZHW2G,category_7252170e0eda5c0b
B093L49676,category_7252170e0eda5c0b
B093L5M2TF,category_7252170e0eda5c0b
B093L5VCHT,category_7252170e0eda5c0b
B093LT656W,category_7252170e0eda5c0b
B093P1415Z,category_7252170e0eda5c0b
B093P3H7R6,category_7252170e0eda5c0b
B093PKMBQZ,category_7252170e0eda5c0b
B093PWFBVR,category_7252170e0eda5c0b
B093PY86MQ,category_7252170e0eda5c0b
B093Q5B8DB,category_7252170e0eda5c0b
B093QLF6ZQ,category_7252170e0eda5c0b
B093RDP7C7,category_7252170e0eda5c0b
B093RSYVN1,category_7252170e0eda5c0b
B093RXH89Z,category_7252170e0eda5c0b
B093SDJJ4C,category_7252170e0eda5c0b
B093SL6KJ9,category_7252170e0eda5c0b
B093SLFJ3J,category_7252170e0eda5c0b
B093SSG9MD,category_7252170e0eda5c0b
B093TGBZ1T,category_7252170e0eda5c0b
B093V1C6Y4,category_7252170e0eda5c0b
B093V1G5LP,category_7252170e0eda5c0b
B093V6K45M,category_7252170e0eda5c0b
B093W24GN1,category_7252170e0eda5c0b
B093W9QC8S,category_7252170e0eda5c0b
B093WBG34F,category_7252170e0eda5c0b
B093WGFFQ7,category_7252170e0eda5c0b
B093WPZZ4L,category_7252170e0eda5c0b
B093WWPXPL,category_7252170e0eda5c0b
B093XJL6BW,category_7252170e0eda5c0b
B093XW9K1T,category_7252170e0eda5c0b
B093XXMVS8,category_7252170e0eda5c0b
B093Y5FQH5,category_7252170e0eda5c0b
B093YZLLC5,category_7252170e0eda5c0b
B093Z7BCWS,category_7252170e0eda5c0b
B093ZK26FX,category_7252170e0eda5c0b
B093ZM5F6S,category_7252170e0eda5c0b
B0941RLQK2,category_7252170e0eda5c0b
B0941YDPSW,category_7252170e0eda5c0b
B09424JWGY,category_7252170e0eda5c0b
B0942QTZF1,category_7252170e0eda5c0b
B0942XQRXN,category_7252170e0eda5c0b
B0943TKSQ9,category_7252170e0eda5c0b
B0943Y3Z8N,category_7252170e0eda5c0b
B09441G5NG,category_7252170e0eda5c0b
B09444WCR1,category_7252170e0eda5c0b
B0944SV8KL,category_7252170e0eda5c0b
B0945ZXR6S,category_7252170e0eda5c0b
B094616DBT,category_7252170e0eda5c0b
B09462QVYK,category_7252170e0eda5c0b
B09464V8BK,category_7252170e0eda5c0b
B09466575C,category_7252170e0eda5c0b
B0946HH6X4,category_7252170e0eda5c0b
B0946RW68T,category_7252170e0eda5c0b
B0946WB5SS,category_7252170e0eda5c0b
B09473GPV6,category_7252170e0eda5c0b
B0947RH5B2,category_7252170e0eda5c0b
B0947RNMRB,category_7252170e0eda5c0b
B0947S2B36,category_7252170e0eda5c0b
B0947VQB5B,category_7252170e0eda5c0b
B0948F5FB1,category_7252170e0eda5c0b
B0948MDQZK,category_7252170e0eda5c0b
B0948PLBTF,category_7252170e0eda5c0b
B0948WJ7DX,category_7252170e0eda5c0b
B0948YPFKS,category_7252170e0eda5c0b
B09497LWS2,category_7252170e0eda5c0b
B0949MF7TL,category_7252170e0eda5c0b
B0949RDSJ9,category_7252170e0eda5c0b
B094B6TMRH,category_7252170e0eda5c0b
B094BYVMWT,category_7252170e0eda5c0b
B094CBH5JN,category_7252170e0eda5c0b
B094CFH9PN,category_7252170e0eda5c0b
B094CWDZMK,category_7252170e0eda5c0b
B094CWK6ZR,category_7252170e0eda5c0b
B094D2XRZG,category_7252170e0eda5c0b
B094DB2PDJ,category_7252170e0eda5c0b
B094DRWXRW,category_7252170e0eda5c0b
B094DT397W,category_7252170e0eda5c0b
B094DVP9F9,category_7252170e0eda5c0b
B094F8XJS8,category_7252170e0eda5c0b
B094FB1FTZ,category_7252170e0eda5c0b
B094FCC5MF,category_7252170e0eda5c0b
B094FHBW4S,category_7252170e0eda5c0b
B094FHTN8T,category_7252170e0eda5c0b
B094FKK2YQ,category_7252170e0eda5c0b
B094FQQJS6,category_7252170e0eda5c0b
B094FR93SN,category_7252170e0eda5c0b
B094FRGDTJ,category_7252170e0eda5c0b
B094FTRJXF,category_7252170e0eda5c0b
B094G3MXRZ,category_7252170e0eda5c0b
B094GTZP2R,category_7252170e0eda5c0b
B094GZW7KD,category_7252170e0eda5c0b
B094HDGS6X,category_7252170e0eda5c0b
B094HRQY6Q,category_7252170e0eda5c0b
B094HS2RC9,category_7252170e0eda5c0b
B094HSN9TL,category_7252170e0eda5c0b
B094HST2BT,category_7252170e0eda5c0b
B094HV8G8D,category_7252170e0eda5c0b
B094HYL5GP,category_7252170e0eda5c0b
B094JFY5CK,category_7252170e0eda5c0b
B094JJJFHG,category_7252170e0eda5c0b
B094JJKVTJ,category_7252170e0eda5c0b
B094JKK2FD,category_7252170e0eda5c0b
B094JLJLPD,category_7252170e0eda5c0b
B094JN6S6Y,category_7252170e0eda5c0b
B094JN93GV,category_7252170e0eda5c0b
B094JNTPJY,category_7252170e0eda5c0b
B094KXD5MF,category_7252170e0eda5c0b
B094MQSRDL,category_7252170e0eda5c0b
B094MRW92B,category_7252170e0eda5c0b
B094N33FVC,category_7252170e0eda5c0b
B094N3PWCS,category_7252170e0eda5c0b
B094N511QB,category_7252170e0eda5c0b
B094N58XS3,category_7252170e0eda5c0b
B094N5T2Q4,category_7252170e0eda5c0b
B094N5XPWB,category_7252170e0eda5c0b
B094N5YWLS,category_7252170e0eda5c0b
B094N6P643,category_7252170e0eda5c0b
B094N78PD6,category_7252170e0eda5c0b
B094N8FGDW,category_7252170e0eda5c0b
B094NV5V8W,category_7252170e0eda5c0b
B094NVY7X2,category_7252170e0eda5c0b
B094NW9PRS,category_7252170e0eda5c0b
B094PFN5S2,category_7252170e0eda5c0b
B094PVL22Y,category_7252170e0eda5c0b
B094QK5NSZ,category_7252170e0eda5c0b
B094QL9YRK,category_7252170e0eda5c0b
B094QPWTHD,category_7252170e0eda5c0b
B094QV3NVP,category_7252170e0eda5c0b
B094QVRC5Z,category_7252170e0eda5c0b
B094QY4GHG,category_7252170e0eda5c0b
B094TB1PFK,category_7252170e0eda5c0b
B094V4NXGZ,category_7252170e0eda5c0b
B094V7YHQ1,category_7252170e0eda5c0b
B094V9WQ9F,category_7252170e0eda5c0b
B094VKBFK1,category_7252170e0eda5c0b
B094VLQRZG,category_7252170e0eda5c0b
B094VN67GG,category_7252170e0eda5c0b
B094VTJQT8,category_7252170e0eda5c0b
B094XL1LJQ,category_7252170e0eda5c0b
B094XMHDKL,category_7252170e0eda5c0b
B094XTTRWS,category_7252170e0eda5c0b
B094XX4BTX,category_7252170e0eda5c0b
B094XZ31JX,category_7252170e0eda5c0b
B094Y2H6VC,category_7252170e0eda5c0b
B094Y3HKD1,category_7252170e0eda5c0b
B094Y72MR6,category_7252170e0eda5c0b
B094YBXCFQ,category_7252170e0eda5c0b
B094YDPMC3,category_7252170e0eda5c0b
B094YXGR54,category_7252170e0eda5c0b
B094Z3W2G6,category_7252170e0eda5c0b
B094Z6NJLX,category_7252170e0eda5c0b
B0951LJ616,category_7252170e0eda5c0b
B0951XGR89,category_7252170e0eda5c0b
B095243B2S,category_7252170e0eda5c0b
B0952JFGC9,category_7252170e0eda5c0b
B0952L4BKQ,category_7252170e0eda5c0b
B09532QRJX,category_7252170e0eda5c0b
B09533Q4T9,category_7252170e0eda5c0b
B09537BN3K,category_7252170e0eda5c0b
B095398RFJ,category_7252170e0eda5c0b
B09539WWZT,category_7252170e0eda5c0b
B0953BP47D,category_7252170e0eda5c0b
B0953F4NR3,category_7252170e0eda5c0b
B0953L91LV,category_7252170e0eda5c0b
B0953Q4D9W,category_7252170e0eda5c0b
B0953X6LQ2,category_7252170e0eda5c0b
B0953XRVXX,category_7252170e0eda5c0b
B09563M2QR,category_7252170e0eda5c0b
B0956NZFHH,category_7252170e0eda5c0b
B0956T4PQL,category_7252170e0eda5c0b
B0956V8ZYX,category_7252170e0eda5c0b
B09572XV2N,category_7252170e0eda5c0b
B095754MNK,category_7252170e0eda5c0b
B09575Z451,category_7252170e0eda5c0b
B09577FHTS,category_7252170e0eda5c0b
B0957B87W1,category_7252170e0eda5c0b
B0957G93NC,category_7252170e0eda5c0b
B0957H4VSV,category_7252170e0eda5c0b
B0957L666N,category_7252170e0eda5c0b
B0957SGX7P,category_7252170e0eda5c0b
B0957TPWQJ,category_7252170e0eda5c0b
B0957VJ38P,category_7252170e0eda5c0b
B09581GQXQ,category_7252170e0eda5c0b
B095BG623N,category_7252170e0eda5c0b
B095BQKYP3,category_7252170e0eda5c0b
B095BSYVZ3,category_7252170e0eda5c0b
B095BWN271,category_7252170e0eda5c0b
B095BWYYBM,category_7252170e0eda5c0b
B095BY37Q8,category_7252170e0eda5c0b
B095BYS2S5,category_7252170e0eda5c0b
B095BZD8J4,category_7252170e0eda5c0b
B095C1N87V,category_7252170e0eda5c0b
B095C2SJNJ,category_7252170e0eda5c0b
B095C2T7R5,category_7252170e0eda5c0b
B095CCTCSN,category_7252170e0eda5c0b
B095CG99D8,category_7252170e0eda5c0b
B095CSRX9X,category_7252170e0eda5c0b
B095FSG75W,category_7252170e0eda5c0b
B095GJN7YX,category_7252170e0eda5c0b
B095GNFHRK,category_7252170e0eda5c0b
B095GS6SWK,category_7252170e0eda5c0b
B095GZSVWJ,category_7252170e0eda5c0b
B095HM21HF,category_7252170e0eda5c0b
B095HN3R9W,category_7252170e0eda5c0b
B095HP5QKJ,category_7252170e0eda5c0b
B095HXSTMN,category_7252170e0eda5c0b
B095J1ZWHY,category_7252170e0eda5c0b
B095JPBW5S,category_7252170e0eda5c0b
B095JZKMYN,category_7252170e0eda5c0b
B095K2DSNT,category_7252170e0eda5c0b
B095K36RWD,category_7252170e0eda5c0b
B095K6X721,category_7252170e0eda5c0b
B095K8ZLMX,category_7252170e0eda5c0b
B095KFXNV7,category_7252170e0eda5c0b
B095KGTD1R,category_7252170e0eda5c0b
B095KHGTJ9,category_7252170e0eda5c0b
B095KM466Y,category_7252170e0eda5c0b
B095KPC9QZ,category_7252170e0eda5c0b
B095L8WCNN,category_7252170e0eda5c0b
B095LCPL8F,category_7252170e0eda5c0b
B095LFZ6XV,category_7252170e0eda5c0b
B095LM4DPJ,category_7252170e0eda5c0b
B095LMH8N3,category_7252170e0eda5c0b
B095LS53ZM,category_7252170e0eda5c0b
B095MXPHV1,category_7252170e0eda5c0b
B095N2KRBY,category_7252170e0eda5c0b
B095NB5MF2,category_7252170e0eda5c0b
B095NKR9YL,category_7252170e0eda5c0b
B095NN4PVH,category_7252170e0eda5c0b
B095NP6WCB,category_7252170e0eda5c0b
B095NYJL6C,category_7252170e0eda5c0b
B095P5523C,category_7252170e0eda5c0b
B095P6Z9QK,category_7252170e0eda5c0b
B095P8B93H,category_7252170e0eda5c0b
B095PB68Y1,category_7252170e0eda5c0b
B095PB9TT2,category_7252170e0eda5c0b
B095PBQC7Y,category_7252170e0eda5c0b
B095PPKZ4C,category_7252170e0eda5c0b
B095PRS34M,category_7252170e0eda5c0b
B095RVQV9L,category_7252170e0eda5c0b
B095S1CZ3P,category_7252170e0eda5c0b
B095SC4J8T,category_7252170e0eda5c0b
B095SCKQV7,category_7252170e0eda5c0b
B095SCTCHC,category_7252170e0eda5c0b
B095SDVCSG,category_7252170e0eda5c0b
B095SJFWFG,category_7252170e0eda5c0b
B095SW6C8H,category_7252170e0eda5c0b
B095T1J5P4,category_7252170e0eda5c0b
B095VMFKLM,category_7252170e0eda5c0b
B095VY6RD4,category_7252170e0eda5c0b
B095WPDG8H,category_7252170e0eda5c0b
B095XCL9GH,category_7252170e0eda5c0b
B095XCZ9TW,category_7252170e0eda5c0b
B095XWHJTZ,category_7252170e0eda5c0b
B095XZG346,category_7252170e0eda5c0b
B095Y173P3,category_7252170e0eda5c0b
B095Y17SQG,category_7252170e0eda5c0b
B095YDFRYN,category_7252170e0eda5c0b
B095YF6HYP,category_7252170e0eda5c0b
B095YJ1T62,category_7252170e0eda5c0b
B095YJMPS3,category_7252170e0eda5c0b
B095YK98D9,category_7252170e0eda5c0b
B095YKWJ5G,category_7252170e0eda5c0b
B0961W77XJ,category_7252170e0eda5c0b
B0962D47DX,category_7252170e0eda5c0b
B0962TSPCD,category_7252170e0eda5c0b
B09634J2DV,category_7252170e0eda5c0b
B09634VHRN,category_7252170e0eda5c0b
B096389LWZ,category_7252170e0eda5c0b
B0963D5Q1K,category_7252170e0eda5c0b
B0963FNQK9,category_7252170e0eda5c0b
B0963LT3V4,category_7252170e0eda5c0b
B0963NVFZW,category_7252170e0eda5c0b
B0963T2MSF,category_7252170e0eda5c0b
B0964M973G,category_7252170e0eda5c0b
B0964NJ9F2,category_7252170e0eda5c0b
B0964NXSK3,category_7252170e0eda5c0b
B0964Q2MN4,category_7252170e0eda5c0b
B0964ZCKDG,category_7252170e0eda5c0b
B0964ZJZ1Y,category_7252170e0eda5c0b
B096545RTM,category_7252170e0eda5c0b
B09654WTW6,category_7252170e0eda5c0b
B09656B13N,category_7252170e0eda5c0b
B0965C3Y2F,category_7252170e0eda5c0b
B0965NHMWQ,category_7252170e0eda5c0b
B0965PLMTG,category_7252170e0eda5c0b
B096661RMC,category_7252170e0eda5c0b
B0966F9JZ1,category_7252170e0eda5c0b
B0966WY4BF,category_7252170e0eda5c0b
B09672F7QB,category_7252170e0eda5c0b
B0967898DF,category_7252170e0eda5c0b
B0967GQB27,category_7252170e0eda5c0b
B0967HWQ15,category_7252170e0eda5c0b
B0967JD2LV,category_7252170e0eda5c0b
B0967JV476,category_7252170e0eda5c0b
B0967MK1DT,category_7252170e0eda5c0b
B0968GG9BB,category_7252170e0eda5c0b
B0968LF1VW,category_7252170e0eda5c0b
B0968Q17SL,category_7252170e0eda5c0b
B0969B3R1N,category_7252170e0eda5c0b
B0969JBRRW,category_7252170e0eda5c0b
B0969V3Y7Z,category_7252170e0eda5c0b
B0969YN595,category_7252170e0eda5c0b
B096BJNC36,category_7252170e0eda5c0b
B096DD11W7,category_7252170e0eda5c0b
B096DGCQST,category_7252170e0eda5c0b
B096DM63T9,category_7252170e0eda5c0b
B096DVPRSF,category_7252170e0eda5c0b
B096DWBL6C,category_7252170e0eda5c0b
B096F2PG5X,category_7252170e0eda5c0b
B096F4D3GK,category_7252170e0eda5c0b
B096F76V6B,category_7252170e0eda5c0b
B096FDFV22,category_7252170e0eda5c0b
B096FFN2BZ,category_7252170e0eda5c0b
B096FLQKFV,category_7252170e0eda5c0b
B096G74NTH,category_7252170e0eda5c0b
B096JZDL9X,category_7252170e0eda5c0b
B096K8FP8L,category_7252170e0eda5c0b
B096K9P8GM,category_7252170e0eda5c0b
B096K9TNWJ,category_7252170e0eda5c0b
B096KDKMX5,category_7252170e0eda5c0b
B096KHWMYX,category_7252170e0eda5c0b
B096KP25GY,category_7252170e0eda5c0b
B096L2D5WJ,category_7252170e0eda5c0b
B096LDHLNM,category_7252170e0eda5c0b
B096LH8DDQ,category_7252170e0eda5c0b
B096LHKJ8X,category_7252170e0eda5c0b
B096LLPK8S,category_7252170e0eda5c0b
B096LQ1THD,category_7252170e0eda5c0b
B096LVYQHW,category_7252170e0eda5c0b
B096M4HFFR,category_7252170e0eda5c0b
B096M64Q72,category_7252170e0eda5c0b
B096MDRY16,category_7252170e0eda5c0b
B096MDTG2Z,category_7252170e0eda5c0b
B096MFSN9N,category_7252170e0eda5c0b
B096MFXYGD,category_7252170e0eda5c0b
B096NK7DN4,category_7252170e0eda5c0b
B096PFTMPH,category_7252170e0eda5c0b
B096Q7WZDX,category_7252170e0eda5c0b
B096QNFS2D,category_7252170e0eda5c0b
B096RRLDJ1,category_7252170e0eda5c0b
B096RZNN79,category_7252170e0eda5c0b
B096S15HSG,category_7252170e0eda5c0b
B096S2JQ6L,category_7252170e0eda5c0b
B096SJZZ61,category_7252170e0eda5c0b
B096TFKTJZ,category_7252170e0eda5c0b
B096TKRXN6,category_7252170e0eda5c0b
B096TLFYGC,category_7252170e0eda5c0b
B096TRNWS6,category_7252170e0eda5c0b
B096TT9Z7Y,category_7252170e0eda5c0b
B096V3FT99,category_7252170e0eda5c0b
B096VG4TZB,category_7252170e0eda5c0b
B096VGPG9F,category_7252170e0eda5c0b
B096VHRV5H,category_7252170e0eda5c0b
B096VJ4QSP,category_7252170e0eda5c0b
B096VJMD3Q,category_7252170e0eda5c0b
B096VKFCG1,category_7252170e0eda5c0b
B096W1P94W,category_7252170e0eda5c0b
B096W2XH6K,category_7252170e0eda5c0b
B096W8457T,category_7252170e0eda5c0b
B096WBB796,category_7252170e0eda5c0b
B096WZDBYM,category_7252170e0eda5c0b
B096X3L62X,category_7252170e0eda5c0b
B096X68252,category_7252170e0eda5c0b
B096XBWVD9,category_7252170e0eda5c0b
B096XG5F4Z,category_7252170e0eda5c0b
B096XGWLMY,category_7252170e0eda5c0b
B096XTF5T1,category_7252170e0eda5c0b
B096XZ9RM5,category_7252170e0eda5c0b
B096Y146JC,category_7252170e0eda5c0b
B096Z1PFXR,category_7252170e0eda5c0b
B096Z1X754,category_7252170e0eda5c0b
B096ZFBLXQ,category_7252170e0eda5c0b
B096ZJYMW7,category_7252170e0eda5c0b
B09712WZJJ,category_7252170e0eda5c0b
B09715497P,category_7252170e0eda5c0b
B097159K3F,category_7252170e0eda5c0b
B09719JJGL,category_7252170e0eda5c0b
B0971SNM5P,category_7252170e0eda5c0b
B0971Z28DS,category_7252170e0eda5c0b
B09723G53Y,category_7252170e0eda5c0b
B09727X156,category_7252170e0eda5c0b
B09729GQXF,category_7252170e0eda5c0b
B0972NF555,category_7252170e0eda5c0b
B0972QJKQQ,category_7252170e0eda5c0b
B0973HBNJM,category_7252170e0eda5c0b
B09747TST8,category_7252170e0eda5c0b
B0974GWS7Z,category_7252170e0eda5c0b
B0974GXCFD,category_7252170e0eda5c0b
B0974JC1W8,category_7252170e0eda5c0b
B09753SQ8C,category_7252170e0eda5c0b
B097545V9C,category_7252170e0eda5c0b
B09758QG59,category_7252170e0eda5c0b
B0975PTRW7,category_7252170e0eda5c0b
B09761TJQL,category_7252170e0eda5c0b
B09774XK6P,category_7252170e0eda5c0b
B09784YCMZ,category_7252170e0eda5c0b
B0978NWY6R,category_7252170e0eda5c0b
B0978Y7LQL,category_7252170e0eda5c0b
B09796CWYQ,category_7252170e0eda5c0b
B0979B1574,category_7252170e0eda5c0b
B0979HZQM5,category_7252170e0eda5c0b
B0979ZFCDL,category_7252170e0eda5c0b
B097B17K38,category_7252170e0eda5c0b
B097B41JKR,category_7252170e0eda5c0b
B097B9MP3X,category_7252170e0eda5c0b
B097BJV8KT,category_7252170e0eda5c0b
B097BN5VXR,category_7252170e0eda5c0b
B097BZY3BF,category_7252170e0eda5c0b
B097C641SG,category_7252170e0eda5c0b
B097C7PVV3,category_7252170e0eda5c0b
B097D1V288,category_7252170e0eda5c0b
B097DQPPQ4,category_7252170e0eda5c0b
B097DRYGTD,category_7252170e0eda5c0b
B097G4JTGM,category_7252170e0eda5c0b
B097G5V76Z,category_7252170e0eda5c0b
B097GLWZJ1,category_7252170e0eda5c0b
B097GMX4FF,category_7252170e0eda5c0b
B097GPJTV1,category_7252170e0eda5c0b
B097GW5VY6,category_7252170e0eda5c0b
B097H5BTP5,category_7252170e0eda5c0b
B097H5RGCD,category_7252170e0eda5c0b
B097H99PGX,category_7252170e0eda5c0b
B097HDVDSR,category_7252170e0eda5c0b
B097HF57V6,category_7252170e0eda5c0b
B097HHSC8V,category_7252170e0eda5c0b
B097JC74Q7,category_7252170e0eda5c0b
B097L6THFC,category_7252170e0eda5c0b
B097L88MZD,category_7252170e0eda5c0b
B097LPF9LV,category_7252170e0eda5c0b
B097LYWRVG,category_7252170e0eda5c0b
B097M68K46,category_7252170e0eda5c0b
B097M8LXTC,category_7252170e0eda5c0b
B097M9GLRJ,category_7252170e0eda5c0b
B097M9LMH1,category_7252170e0eda5c0b
B097MFPP38,category_7252170e0eda5c0b
B097MLD2QS,category_7252170e0eda5c0b
B097MV8KWZ,category_7252170e0eda5c0b
B097MX3NBS,category_7252170e0eda5c0b
B097N2CDPY,category_7252170e0eda5c0b
B097N4BB5X,category_7252170e0eda5c0b
B097N7XNH8,category_7252170e0eda5c0b
B097NB9YF4,category_7252170e0eda5c0b
B097NW3RKB,category_7252170e0eda5c0b
B097P8DFH7,category_7252170e0eda5c0b
B097PC1395,category_7252170e0eda5c0b
B097PDQ964,category_7252170e0eda5c0b
B097PHKLNQ,category_7252170e0eda5c0b
B097PHLRH7,category_7252170e0eda5c0b
B097QDS928,category_7252170e0eda5c0b
B097QVTQST,category_7252170e0eda5c0b
B097QXQKJQ,category_7252170e0eda5c0b
B097R3LJG3,category_7252170e0eda5c0b
B097R46CSY,category_7252170e0eda5c0b
B097R7S1WR,category_7252170e0eda5c0b
B097RGTN1D,category_7252170e0eda5c0b
B097S2NRWP,category_7252170e0eda5c0b
B097SPPSNZ,category_7252170e0eda5c0b
B097SWTLQB,category_7252170e0eda5c0b
B097T1CVZ9,category_7252170e0eda5c0b
B097T2F9HM,category_7252170e0eda5c0b
B097T3DVH3,category_7252170e0eda5c0b
B097VJFK2L,category_d6ac68cf358b59e5
B097XZB4LT,category_7252170e0eda5c0b
B097XZRQB8,category_7252170e0eda5c0b
B097Y8HSXD,category_7252170e0eda5c0b
B097YLJL1W,category_7252170e0eda5c0b
B097YXY5W2,category_7252170e0eda5c0b
B097Z4BCT8,category_7252170e0eda5c0b
B097ZBFNCK,category_7252170e0eda5c0b
B09821SVNW,category_7252170e0eda5c0b
B0982NZSCB,category_7252170e0eda5c0b
B0982WJNQ7,category_7252170e0eda5c0b
B0982WTMVN,category_7252170e0eda5c0b
B0982XCVTH,category_7252170e0eda5c0b
B0982Z2GGM,category_7252170e0eda5c0b
B098344QWX,category_7252170e0eda5c0b
B0983JYPX4,category_7252170e0eda5c0b
B09869D25S,category_7252170e0eda5c0b
B0986P2GSR,category_7252170e0eda5c0b
B0986RYWQM,category_7252170e0eda5c0b
B0986W973K,category_7252170e0eda5c0b
B0986WBVB1,category_7252170e0eda5c0b
B0987FBPHV,category_7252170e0eda5c0b
B098981YRS,category_7252170e0eda5c0b
B0989DTGRK,category_7252170e0eda5c0b
B0989H7ZT1,category_7252170e0eda5c0b
B0989S457N,category_7252170e0eda5c0b
B0989YSM8H,category_7252170e0eda5c0b
B098BFSQ6P,category_7252170e0eda5c0b
B098CG8NVN,category_7252170e0eda5c0b
B098CZRG2Z,category_7252170e0eda5c0b
B098D4L46X,category_7252170e0eda5c0b
B098D86BF5,category_7252170e0eda5c0b
B098DC5NVF,category_7252170e0eda5c0b
B098DCHBV4,category_7252170e0eda5c0b
B098DMKY6G,category_7252170e0eda5c0b
B098DNQLQ5,category_7252170e0eda5c0b
B098DQLZG9,category_7252170e0eda5c0b
B098DSGPR3,category_7252170e0eda5c0b
B098DTZPQB,category_7252170e0eda5c0b
B098DW27KX,category_7252170e0eda5c0b
B098DWSF1V,category_7252170e0eda5c0b
B098F3314C,category_7252170e0eda5c0b
B098F7JTS3,category_7252170e0eda5c0b
B098FBNSJN,category_7252170e0eda5c0b
B098GDR55Q,category_7252170e0eda5c0b
B098GMKW8D,category_7252170e0eda5c0b
B098J66138,category_7252170e0eda5c0b
B098J6KJL2,category_7252170e0eda5c0b
B098J95G2Q,category_7252170e0eda5c0b
B098JBBW45,category_7252170e0eda5c0b
B098JJ7KYM,category_7252170e0eda5c0b
B098JPD7K8,category_7252170e0eda5c0b
B098JX1V49,category_7252170e0eda5c0b
B098KBMWX2,category_7252170e0eda5c0b
B098KCD857,category_7252170e0eda5c0b
B098KLQNFG,category_7252170e0eda5c0b
B098M8MZ9T,category_7252170e0eda5c0b
B098N9YWVV,category_7252170e0eda5c0b
B098NSH4VC,category_7252170e0eda5c0b
B098NT3ZCZ,category_7252170e0eda5c0b
B098NYSLBH,category_7252170e0eda5c0b
B098P6MTCK,category_d6ac68cf358b59e5
B098PRJLNM,category_7252170e0eda5c0b
B098PVHCSJ,category_7252170e0eda5c0b
B098PY23L2,category_7252170e0eda5c0b
B098Q2T9T5,category_7252170e0eda5c0b
B098Q4SS34,category_7252170e0eda5c0b
B098QD1SS4,category_7252170e0eda5c0b
B098QKWX9K,category_7252170e0eda5c0b
B098SSJDD4,category_7252170e0eda5c0b
B098SXZKJ5,category_7252170e0eda5c0b
B098T2YQYS,category_7252170e0eda5c0b
B098T3PNGD,category_7252170e0eda5c0b
B098T9W72C,category_7252170e0eda5c0b
B098TF7F6D,category_7252170e0eda5c0b
B098VWQHWL,category_7252170e0eda5c0b
B098W1G4WK,category_7252170e0eda5c0b
B098W794X6,category_7252170e0eda5c0b
B098W9ZS8H,category_7252170e0eda5c0b
B098WX65J5,category_7252170e0eda5c0b
B098WZBJQQ,category_7252170e0eda5c0b
B098WZSS97,category_7252170e0eda5c0b
B0991F6TCD,category_7252170e0eda5c0b
B0991NS9KR,category_7252170e0eda5c0b
B0991XZKL8,category_7252170e0eda5c0b
B09921SYTZ,category_7252170e0eda5c0b
B09924J8QD,category_7252170e0eda5c0b
B09926PSVG,category_7252170e0eda5c0b
B09928Z8T6,category_7252170e0eda5c0b
B0992KLF9B,category_7252170e0eda5c0b
B09932DH19,category_7252170e0eda5c0b
B0993769V7,category_7252170e0eda5c0b
B09937PX5F,category_7252170e0eda5c0b
B0993FGVL9,category_7252170e0eda5c0b
B0993XGQR3,category_7252170e0eda5c0b
B0994THJWN,category_7252170e0eda5c0b
B0994THZFX,category_7252170e0eda5c0b
B099579FRS,category_7252170e0eda5c0b
B0995JQFVH,category_7252170e0eda5c0b
B0995SGNV5,category_7252170e0eda5c0b
B0995WLKZL,category_7252170e0eda5c0b
B0995ZK4HY,category_7252170e0eda5c0b
B0998CMTQZ,category_7252170e0eda5c0b
B0998L3D8G,category_7252170e0eda5c0b
B099937247,category_7252170e0eda5c0b
B09997QNSK,category_7252170e0eda5c0b
B09999NFJM,category_7252170e0eda5c0b
B099BLC99J,category_7252170e0eda5c0b
B099BMWSMK,category_7252170e0eda5c0b
B099DL86SF,category_7252170e0eda5c0b
B099DP56V1,category_7252170e0eda5c0b
B099F1WF4L,category_7252170e0eda5c0b
B099F97414,category_7252170e0eda5c0b
B099GH1JGR,category_7252170e0eda5c0b
B099GZ4P4Z,category_7252170e0eda5c0b
B099H4XFCV,category_7252170e0eda5c0b
B099K5ZNSS,category_7252170e0eda5c0b
B099K7YMYH,category_7252170e0eda5c0b
B099K8XJ9L,category_7252170e0eda5c0b
B099KD4RCN,category_7252170e0eda5c0b
B099KHN4ZK,category_7252170e0eda5c0b
B099KKM9NG,category_7252170e0eda5c0b
B099KLQZJY,category_7252170e0eda5c0b
B099KRH966,category_7252170e0eda5c0b
B099M85C6R,category_7252170e0eda5c0b
B099MSF9NB,category_7252170e0eda5c0b
B099N5NZMM,category_7252170e0eda5c0b
B099N7TTPN,category_7252170e0eda5c0b
B099NPCXFK,category_7252170e0eda5c0b
B099NRLXCK,category_7252170e0eda5c0b
B099NV6BSF,category_7252170e0eda5c0b
B099P2T5LZ,category_7252170e0eda5c0b
B099P56CN3,category_7252170e0eda5c0b
B099PBJCZB,category_7252170e0eda5c0b
B099PG4DLS,category_7252170e0eda5c0b
B099PKNG7D,category_7252170e0eda5c0b
B099PLWWQY,category_7252170e0eda5c0b
B099PMBHGG,category_7252170e0eda5c0b
B099PTXS7R,category_7252170e0eda5c0b
B099R6J7Z9,category_7252170e0eda5c0b
B099RNDSP3,category_7252170e0eda5c0b
B099RPBYT3,category_7252170e0eda5c0b
B099RRLL72,category_7252170e0eda5c0b
B099RY9FQ1,category_7252170e0eda5c0b
B099RYN6VW,category_7252170e0eda5c0b
B099RZZHYV,category_7252170e0eda5c0b
B099S4QWZK,category_7252170e0eda5c0b
B099TPM7BN,category_7252170e0eda5c0b
B099WBYJ67,category_7252170e0eda5c0b
B099WK7N3Z,category_7252170e0eda5c0b
B099WMKMFJ,category_7252170e0eda5c0b
B099X7YWPX,category_7252170e0eda5c0b
B099YXG6D6,category_7252170e0eda5c0b
B099YZNH3B,category_7252170e0eda5c0b
B099Z53Y4Y,category_7252170e0eda5c0b
B099ZBLX3Z,category_7252170e0eda5c0b
B099ZJ8T5Y,category_7252170e0eda5c0b
B099ZP5S2Q,category_7252170e0eda5c0b
B099ZR9FPW,category_7252170e0eda5c0b
B099ZS9XVW,category_7252170e0eda5c0b
B09B1LBFC2,category_7252170e0eda5c0b
B09B1RGBYF,category_7252170e0eda5c0b
B09B1RNVW6,category_7252170e0eda5c0b
B09B1YMM7Y,category_7252170e0eda5c0b
B09B22DLX6,category_7252170e0eda5c0b
B09B2KH4J4,category_7252170e0eda5c0b
B09B2MX7WF,category_7252170e0eda5c0b
B09B2RNHHH,category_7252170e0eda5c0b
B09B3GXY8F,category_7252170e0eda5c0b
B09B3JVP4D,category_7252170e0eda5c0b
B09B47FBLB,category_7252170e0eda5c0b
B09B47QQ1Y,category_7252170e0eda5c0b
B09B4XJ74G,category_7252170e0eda5c0b
B09B4Z3F57,category_7252170e0eda5c0b
B09B593RM5,category_7252170e0eda5c0b
B09B5ZLNY1,category_7252170e0eda5c0b
B09B6VGH2N,category_7252170e0eda5c0b
B09B77K3MG,category_7252170e0eda5c0b
B09B7K8PQQ,category_7252170e0eda5c0b
B09B82KQNY,category_7252170e0eda5c0b
B09B8JHZBZ,category_7252170e0eda5c0b
B09B98VTFL,category_7252170e0eda5c0b
B09B9NFFSM,category_7252170e0eda5c0b
B09B9TVXR2,category_7252170e0eda5c0b
B09B9VR2RK,category_7252170e0eda5c0b
B09BB1ZJ5L,category_7252170e0eda5c0b
B09BB2QR55,category_7252170e0eda5c0b
B09BC3SHHT,category_7252170e0eda5c0b
B09BCPV2GV,category_7252170e0eda5c0b
B09BCXPTDC,category_7252170e0eda5c0b
B09BDDXCBX,category_7252170e0eda5c0b
B09BDFS3KK,category_7252170e0eda5c0b
B09BF1R2QG,category_7252170e0eda5c0b
B09BF41KSN,category_7252170e0eda5c0b
B09BF816JP,category_7252170e0eda5c0b
B09BFHR5XT,category_7252170e0eda5c0b
B09BH5X2HC,category_7252170e0eda5c0b
B09BHFSPFG,category_7252170e0eda5c0b
B09BHNWDFB,category_7252170e0eda5c0b
B09BHNYYPW,category_7252170e0eda5c0b
B09BHR3TYZ,category_7252170e0eda5c0b
B09BHX3L14,category_7252170e0eda5c0b
B09BJ34DMN,category_7252170e0eda5c0b
B09BJBK7T1,category_7252170e0eda5c0b
B09BJHRLFG,category_7252170e0eda5c0b
B09BJK8WKP,category_7252170e0eda5c0b
B09BJRMQ2H,category_7252170e0eda5c0b
B09BJY3N9J,category_7252170e0eda5c0b
B09BKJM4Y3,category_7252170e0eda5c0b
B09BKLT7LY,category_7252170e0eda5c0b
B09BKVG62R,category_7252170e0eda5c0b
B09BLKD7FC,category_7252170e0eda5c0b
B09BLLC12R,category_7252170e0eda5c0b
B09BLLQ4X2,category_7252170e0eda5c0b
B09BMVRDL6,category_7252170e0eda5c0b
B09BMWCYRF,category_7252170e0eda5c0b
B09BMYXP2V,category_7252170e0eda5c0b
B09BN25Q6F,category_7252170e0eda5c0b
B09BN3ZQLM,category_7252170e0eda5c0b
B09BN471Q6,category_7252170e0eda5c0b
B09BN5TYK5,category_7252170e0eda5c0b
B09BN6ZLK2,category_7252170e0eda5c0b
B09BNCMCQW,category_7252170e0eda5c0b
B09BNDHBHF,category_7252170e0eda5c0b
B09BNFYSNK,category_7252170e0eda5c0b
B09BNNK3N3,category_7252170e0eda5c0b
B09BPZW3TN,category_7252170e0eda5c0b
B09BQJJT9L,category_7252170e0eda5c0b
B09BQR2499,category_7252170e0eda5c0b
B09BQZNKND,category_7252170e0eda5c0b
B09BRFYXDB,category_7252170e0eda5c0b
B09BTV1S45,category_7252170e0eda5c0b
B09BTZYQ5Y,category_7252170e0eda5c0b
B09BVBPVVB,category_7252170e0eda5c0b
B09BVY6SN2,category_7252170e0eda5c0b
B09BY2RQQS,category_7252170e0eda5c0b
B09BYVWW6R,category_7252170e0eda5c0b
B09BZ1LT9L,category_7252170e0eda5c0b
B09BZ895CW,category_7252170e0eda5c0b
B09BZWKBF4,category_7252170e0eda5c0b
B09BZXFZD4,category_7252170e0eda5c0b
B09C18HXXJ,category_7252170e0eda5c0b
B09C1FZHDY,category_7252170e0eda5c0b
B09C1HFW59,category_7252170e0eda5c0b
B09C1JHTNH,category_7252170e0eda5c0b
B09C1QTC8P,category_7252170e0eda5c0b
B09C1RMC6Y,category_7252170e0eda5c0b
B09C1RT865,category_7252170e0eda5c0b
B09C1S1XP7,category_7252170e0eda5c0b
B09C1T3WYK,category_7252170e0eda5c0b
B09C21SWNT,category_7252170e0eda5c0b
B09C288B34,category_7252170e0eda5c0b
B09C2ZW2GL,category_7252170e0eda5c0b
B09C31LCL2,category_7252170e0eda5c0b
B09C322LC5,category_7252170e0eda5c0b
B09C3CYDH2,category_7252170e0eda5c0b
B09C3K39L1,category_7252170e0eda5c0b
B09C4JV3XD,category_7252170e0eda5c0b
B09C5NFL4N,category_7252170e0eda5c0b
B09C5NQSC5,category_7252170e0eda5c0b
B09C5RP32L,category_7252170e0eda5c0b
B09C5SDQS4,category_7252170e0eda5c0b
B09C5VCDPW,category_7252170e0eda5c0b
B09C5WQ7G7,category_7252170e0eda5c0b
B09C7SR8R6,category_7252170e0eda5c0b
B09C7ZG546,category_7252170e0eda5c0b
B09C87M3NQ,category_7252170e0eda5c0b
B09C87ZC4N,category_7252170e0eda5c0b
B09C89TCMH,category_7252170e0eda5c0b
B09C8HQ3HN,category_7252170e0eda5c0b
B09CB17RKT,category_7252170e0eda5c0b
B09CD3N31K,category_7252170e0eda5c0b
B09CD8C9MR,category_7252170e0eda5c0b
B09CDC111F,category_7252170e0eda5c0b
B09CDC1758,category_7252170e0eda5c0b
B09CDFNLFR,category_7252170e0eda5c0b
B09CFRBBVK,category_7252170e0eda5c0b
B09CFZ9DZV,category_7252170e0eda5c0b
B09CG824DC,category_7252170e0eda5c0b
B09CGGM1PK,category_7252170e0eda5c0b
B09CGGZX7Q,category_7252170e0eda5c0b
B09CGJBSRL,category_7252170e0eda5c0b
B09CGKP8ZK,category_7252170e0eda5c0b
B09CGNXJ6B,category_7252170e0eda5c0b
B09CGX662L,category_7252170e0eda5c0b
B09CGXR1VS,category_7252170e0eda5c0b
B09CH39P18,category_7252170e0eda5c0b
B09CHC299W,category_7252170e0eda5c0b
B09CK1TH4N,category_7252170e0eda5c0b
B09CKT5P8C,category_7252170e0eda5c0b
B09CKY1C1S,category_7252170e0eda5c0b
B09CL2H2HJ,category_7252170e0eda5c0b
B09CL38Z9T,category_7252170e0eda5c0b
B09CL6KWLK,category_7252170e0eda5c0b
B09CL861WD,category_7252170e0eda5c0b
B09CLBHXLL,category_7252170e0eda5c0b
B09CMD6M2F,category_7252170e0eda5c0b
B09CN248HH,category_7252170e0eda5c0b
B09CN9BCN6,category_7252170e0eda5c0b
B09CNL34TP,category_7252170e0eda5c0b
B09CPCNQTT,category_7252170e0eda5c0b
B09CPMJKBS,category_7252170e0eda5c0b
B09CPSZW8P,category_7252170e0eda5c0b
B09CPT4H52,category_7252170e0eda5c0b
B09CPTC55K,category_7252170e0eda5c0b
B09CQ3Y97B,category_7252170e0eda5c0b
B09CS252MS,category_7252170e0eda5c0b
B09CT5S7J1,category_7252170e0eda5c0b
B09CTB3279,category_7252170e0eda5c0b
B09CTPYW59,category_7252170e0eda5c0b
B09CTS7Z8Q,category_7252170e0eda5c0b
B09CTTMDM9,category_7252170e0eda5c0b
B09CTYLD84,category_7252170e0eda5c0b
B09CY4BKF1,category_7252170e0eda5c0b
B09CY8P2D5,category_7252170e0eda5c0b
B09CYG872X,category_7252170e0eda5c0b
B09CYT7W58,category_7252170e0eda5c0b
B09CZ73M2G,category_7252170e0eda5c0b
B09CZG7JQH,category_7252170e0eda5c0b
B09D28NVV4,category_7252170e0eda5c0b
B09D2VRNMM,category_7252170e0eda5c0b
B09D35VWH9,category_7252170e0eda5c0b
B09D36NSPC,category_7252170e0eda5c0b
B09D3GHW4D,category_7252170e0eda5c0b
B09D3PW6C1,category_7252170e0eda5c0b
B09D6P13WC,category_7252170e0eda5c0b
B09D748HFR,category_7252170e0eda5c0b
B09D78JJDX,category_7252170e0eda5c0b
B09D7H3G2N,category_7252170e0eda5c0b
B09D7K8L7C,category_7252170e0eda5c0b
B09D7LW2GL,category_7252170e0eda5c0b
B09D7N6G8X,category_7252170e0eda5c0b
B09D8D6KWQ,category_7252170e0eda5c0b
B09D8MXWY4,category_7252170e0eda5c0b
B09D99QV16,category_7252170e0eda5c0b
B09D9P2DB2,category_7252170e0eda5c0b
B09D9XTKRG,category_7252170e0eda5c0b
B09DBH33GR,category_7252170e0eda5c0b
B09DCPJMRG,category_7252170e0eda5c0b
B09DD15ZDC,category_7252170e0eda5c0b
B09DD5TV6V,category_7252170e0eda5c0b
B09DFFR4L4,category_7252170e0eda5c0b
B09DHMW2ZR,category_7252170e0eda5c0b
B09DKFT8HY,category_7252170e0eda5c0b
B09DKJKLMN,category_7252170e0eda5c0b
B09DKT8YC2,category_7252170e0eda5c0b
B09DKX5BB6,category_7252170e0eda5c0b
B09DLCTR8V,category_7252170e0eda5c0b
B09DLG6G38,category_7252170e0eda5c0b
B09DLGHYJR,category_7252170e0eda5c0b
B09DP71VK3,category_7252170e0eda5c0b
B09DP99W3Z,category_7252170e0eda5c0b
B09DPBRJ1C,category_7252170e0eda5c0b
B09DPLJT1N,category_7252170e0eda5c0b
B09DPM8HBF,category_7252170e0eda5c0b
B09DPPTLTC,category_7252170e0eda5c0b
B09DS8XBX2,category_7252170e0eda5c0b
B09DSHWTHW,category_7252170e0eda5c0b
B09DSJ9KZ8,category_7252170e0eda5c0b
B09DSPTNN6,category_7252170e0eda5c0b
B09DSQ524Q,category_7252170e0eda5c0b
B09DSRR438,category_7252170e0eda5c0b
B09DSSCXZB,category_7252170e0eda5c0b
B09DSXW9TH,category_7252170e0eda5c0b
B09DTB2945,category_7252170e0eda5c0b
B09DTBP3H1,category_7252170e0eda5c0b
B09DV1Z24J,category_7252170e0eda5c0b
B09DVW8T9Y,category_7252170e0eda5c0b
B09DX75K4J,category_7252170e0eda5c0b
B09DXBSBQP,category_7252170e0eda5c0b
B09DXG2TGX,category_7252170e0eda5c0b
B09DXK7BB3,category_7252170e0eda5c0b
B09DY24FRK,category_7252170e0eda5c0b
B09DY6BTQP,category_7252170e0eda5c0b
B09DYMHJHZ,category_7252170e0eda5c0b
B09DYN8Z2Y,category_7252170e0eda5c0b
B09DYP474F,category_7252170e0eda5c0b
B09F1SDZD2,category_7252170e0eda5c0b
B09F2NN8DH,category_7252170e0eda5c0b
B09F39VMW6,category_7252170e0eda5c0b
B09F3LF24J,category_7252170e0eda5c0b
B09F5JSDXQ,category_7252170e0eda5c0b
B09F5Z4WJ5,category_7252170e0eda5c0b
B09F671Q9M,category_7252170e0eda5c0b
B09F6B5G9D,category_7252170e0eda5c0b
B09F92KSNG,category_7252170e0eda5c0b
B09F9PFBH6,category_7252170e0eda5c0b
B09F9Q8RBX,category_7252170e0eda5c0b
B09F9ZRF8V,category_7252170e0eda5c0b
B09FBQMPR9,category_7252170e0eda5c0b
B09FD6S7WS,category_7252170e0eda5c0b
B09FDD2K93,category_7252170e0eda5c0b
B09FDTDK3G,category_7252170e0eda5c0b
B09FDWVYR7,category_7252170e0eda5c0b
B09FF2T81C,category_7252170e0eda5c0b
B09FF97RHL,category_7252170e0eda5c0b
B09FFQT1KK,category_7252170e0eda5c0b
B09FFS291Y,category_7252170e0eda5c0b
B09FGD3SPR,category_7252170e0eda5c0b
B09FGHN41H,category_7252170e0eda5c0b
B09FGXMT44,category_7252170e0eda5c0b
B09FH4Y45F,category_7252170e0eda5c0b
B09FJ9JTJN,category_7252170e0eda5c0b
B09FJMSF9B,category_7252170e0eda5c0b
B09FJN8QJZ,category_7252170e0eda5c0b
B09FJNTC51,category_7252170e0eda5c0b
B09FJPYB18,category_7252170e0eda5c0b
B09FJQ9NXK,category_7252170e0eda5c0b
B09FJQZF34,category_7252170e0eda5c0b
B09FK4WRFD,category_7252170e0eda5c0b
B09FLFFKWG,category_7252170e0eda5c0b
B09FM1N4D7,category_7252170e0eda5c0b
B09FNTZFZZ,category_7252170e0eda5c0b
B09FP75NRG,category_7252170e0eda5c0b
B09FPFGLFF,category_7252170e0eda5c0b
B09FPLWLC2,category_7252170e0eda5c0b
B09FPPPQX9,category_7252170e0eda5c0b
B09FPTW3JT,category_7252170e0eda5c0b
B09FQ77FTT,category_7252170e0eda5c0b
B09FQC3MD2,category_7252170e0eda5c0b
B09FR54XLC,category_7252170e0eda5c0b
B09FS1913B,category_7252170e0eda5c0b
B09FSWZ668,category_7252170e0eda5c0b
B09FTHVW2H,category_7252170e0eda5c0b
B09FW4M7G8,category_7252170e0eda5c0b
B09FW5NVBD,category_7252170e0eda5c0b
B09FWCYD43,category_7252170e0eda5c0b
B09FWHZ44M,category_7252170e0eda5c0b
B09FWQJ51X,category_7252170e0eda5c0b
B09FZ4G22X,category_7252170e0eda5c0b
B09FZDVC47,category_7252170e0eda5c0b
B09FZR2QJW,category_7252170e0eda5c0b
B09FZZZDQ8,category_7252170e0eda5c0b
B09G2PFF1K,category_7252170e0eda5c0b
B09G2PRR5B,category_7252170e0eda5c0b
B09G31V2G5,category_7252170e0eda5c0b
B09G333HGN,category_7252170e0eda5c0b
B09G6RDR4J,category_7252170e0eda5c0b
B09G6S1F31,category_7252170e0eda5c0b
B09G6ZR8HJ,category_7252170e0eda5c0b
B09G95ZZR5,category_7252170e0eda5c0b
B09G99J6GF,category_7252170e0eda5c0b
B09G9RZ56B,category_7252170e0eda5c0b
B09G9VRGS1,category_7252170e0eda5c0b
B09G9Y2WG1,category_7252170e0eda5c0b
B09G9Z111M,category_7252170e0eda5c0b
B09GBF17CW,category_7252170e0eda5c0b
B09GF2H8VY,category_7252170e0eda5c0b
B09GFM3CPS,category_7252170e0eda5c0b
B09GFSSDQR,category_7252170e0eda5c0b
B09GG54NNX,category_7252170e0eda5c0b
B09GG6YGLN,category_7252170e0eda5c0b
B09GG6ZC85,category_7252170e0eda5c0b
B09GG7PS2Y,category_7252170e0eda5c0b
B09GG8RPQF,category_7252170e0eda5c0b
B09GGC6696,category_7252170e0eda5c0b
B09GGF4FND,category_7252170e0eda5c0b
B09GGJJJF1,category_7252170e0eda5c0b
B09GHF983M,category_7252170e0eda5c0b
B09GKYL77M,category_7252170e0eda5c0b
B09GKZ9VY4,category_7252170e0eda5c0b
B09GLGT4B9,category_7252170e0eda5c0b
B09GLKZR8P,category_7252170e0eda5c0b
B09GLVB1CF,category_7252170e0eda5c0b
B09GNWC26L,category_7252170e0eda5c0b
B09GNXK3N1,category_7252170e0eda5c0b
B09GP8KK8Z,category_7252170e0eda5c0b
B09GPH1TPH,category_7252170e0eda5c0b
B09GPW3CFL,category_7252170e0eda5c0b
B09GS985R2,category_7252170e0eda5c0b
B09GTV6WL6,category_7252170e0eda5c0b
B09GVBDY22,category_7252170e0eda5c0b
B09GVKL2K6,category_7252170e0eda5c0b
B09GVTDNFZ,category_7252170e0eda5c0b
B09GWFDCMN,category_7252170e0eda5c0b
B09GXMKV5H,category_7252170e0eda5c0b
B09GXN66HZ,category_7252170e0eda5c0b
B09GXP1898,category_7252170e0eda5c0b
B09GXPXW56,category_7252170e0eda5c0b
B09GXTWSC2,category_7252170e0eda5c0b
B09GXWB5NH,category_7252170e0eda5c0b
B09GY791PK,category_7252170e0eda5c0b
B09GYJ13MV,category_7252170e0eda5c0b
B09GYKCNBZ,category_7252170e0eda5c0b
B09GYLHWSN,category_7252170e0eda5c0b
B09H23ZGCH,category_7252170e0eda5c0b
B09H2CSKWH,category_7252170e0eda5c0b
B09H2XN16G,category_7252170e0eda5c0b
B09H3KC5RZ,category_7252170e0eda5c0b
B09H3NHJ8Z,category_7252170e0eda5c0b
B09H4HJSZM,category_7252170e0eda5c0b
B09H518NMG,category_7252170e0eda5c0b
B09H5MXF4L,category_7252170e0eda5c0b
B09H61PN51,category_7252170e0eda5c0b
B09H76PY5D,category_7252170e0eda5c0b
B09H777SDP,category_7252170e0eda5c0b
B09H7DFM7X,category_7252170e0eda5c0b
B09HBHMMT7,category_7252170e0eda5c0b
B09HBJNKGX,category_7252170e0eda5c0b
B09HBT2RF6,category_7252170e0eda5c0b
B09HBT4SMH,category_7252170e0eda5c0b
B09HBTGH1M,category_7252170e0eda5c0b
B09HC3R8B7,category_7252170e0eda5c0b
B09HGGBTV4,category_7252170e0eda5c0b
B09HGHZQJM,category_7252170e0eda5c0b
B09HGP6L1N,category_7252170e0eda5c0b
B09HGV3BSG,category_7252170e0eda5c0b
B09HGV9SBH,category_7252170e0eda5c0b
B09HGYS67R,category_7252170e0eda5c0b
B09HH5CZ8D,category_7252170e0eda5c0b
B09HHJZTQK,category_7252170e0eda5c0b
B09HK1FV2B,category_7252170e0eda5c0b
B09HMXY36F,category_7252170e0eda5c0b
B09HN6ZYNB,category_7252170e0eda5c0b
B09HN7MNHL,category_7252170e0eda5c0b
B09HNDNTYH,category_7252170e0eda5c0b
B09HQ2P7ZX,category_7252170e0eda5c0b
B09HQQ2PW4,category_7252170e0eda5c0b
B09HR5NMTQ,category_7252170e0eda5c0b
B09HR61SY7,category_7252170e0eda5c0b
B09HR6T1YK,category_7252170e0eda5c0b
B09HRJ6GXY,category_7252170e0eda5c0b
B09HS7V8XC,category_7252170e0eda5c0b
B09HT52PFJ,category_7252170e0eda5c0b
B09HT6WRQC,category_7252170e0eda5c0b
B09HTFVQSM,category_7252170e0eda5c0b
B09HTGG6CX,category_7252170e0eda5c0b
B09HV4RQRB,category_7252170e0eda5c0b
B09HVC4VZK,category_7252170e0eda5c0b
B09HX2ZSVW,category_7252170e0eda5c0b
B09HX6MFP4,category_7252170e0eda5c0b
B09HXDQB9K,category_7252170e0eda5c0b
B09HY39DHD,category_7252170e0eda5c0b
B09HY4THNK,category_7252170e0eda5c0b
B09HYQXRDM,category_7252170e0eda5c0b
B09J154XYX,category_7252170e0eda5c0b
B09J187NS4,category_7252170e0eda5c0b
B09J1ZSJQ9,category_7252170e0eda5c0b
B09J23HN55,category_7252170e0eda5c0b
B09J24DQ95,category_7252170e0eda5c0b
B09J2DHW8R,category_7252170e0eda5c0b
B09J2LTWLL,category_7252170e0eda5c0b
B09J3F1CQJ,category_7252170e0eda5c0b
B09J4PLF62,category_7252170e0eda5c0b
B09J4W9HXT,category_7252170e0eda5c0b
B09J5DX6VW,category_7252170e0eda5c0b
B09J6J3KMP,category_7252170e0eda5c0b
B09J7XS8DX,category_7252170e0eda5c0b
B09J7Z4XWX,category_7252170e0eda5c0b
B09J889KKD,category_7252170e0eda5c0b
B09J8P7868,category_7252170e0eda5c0b
B09J8Q35DD,category_7252170e0eda5c0b
B09JB765BC,category_7252170e0eda5c0b
B09JBJML38,category_7252170e0eda5c0b
B09JBLQP5Y,category_7252170e0eda5c0b
B09JBR5KFH,category_7252170e0eda5c0b
B09JC2GTVD,category_7252170e0eda5c0b
B09JC7F3SJ,category_7252170e0eda5c0b
B09JC8KTFS,category_7252170e0eda5c0b
B09JDH3FJ7,category_7252170e0eda5c0b
B09JFNN7VF,category_7252170e0eda5c0b
B09JGPSF3X,category_7252170e0eda5c0b
B09JJYHRGS,category_7252170e0eda5c0b
B09JK47PY2,category_7252170e0eda5c0b
B09JK8VKTR,category_7252170e0eda5c0b
B09JKB5Z4F,category_7252170e0eda5c0b
B09JKW2WCB,category_7252170e0eda5c0b
B09JLHLCGX,category_7252170e0eda5c0b
B09JLMG2JR,category_7252170e0eda5c0b
B09JMPXGC2,category_7252170e0eda5c0b
B09JNM1W22,category_7252170e0eda5c0b
B09JNP2PW3,category_7252170e0eda5c0b
B09JS12J9L,category_7252170e0eda5c0b
B09JSH2TXR,category_7252170e0eda5c0b
B09JSN2C5S,category_7252170e0eda5c0b
B09JYKTL7H,category_7252170e0eda5c0b
B09JZXY4YR,category_7252170e0eda5c0b
B09K36D44X,category_7252170e0eda5c0b
B09K36STVZ,category_7252170e0eda5c0b
B09K3874T8,category_7252170e0eda5c0b
B09K3PG6V9,category_7252170e0eda5c0b
B09K3Q9LDB,category_7252170e0eda5c0b
B09K3TR68Q,category_7252170e0eda5c0b
B09K3X9MBH,category_7252170e0eda5c0b
B09K3Y9L4D,category_7252170e0eda5c0b
B09K3YMW8H,category_7252170e0eda5c0b
B09K3Z86WR,category_7252170e0eda5c0b
B09K3ZF9CJ,category_7252170e0eda5c0b
B09K4FGRHF,category_7252170e0eda5c0b
B09K74XDFC,category_7252170e0eda5c0b
B09K79JJ12,category_7252170e0eda5c0b
B09K7FYW2H,category_7252170e0eda5c0b
B09K7JD445,category_7252170e0eda5c0b
B09K7JKV4C,category_7252170e0eda5c0b
B09K7WC7TX,category_7252170e0eda5c0b
B09K96Y5B6,category_7252170e0eda5c0b
B09K9JHDNX,category_7252170e0eda5c0b
B09KBWGDNZ,category_7252170e0eda5c0b
B09KH49XP8,category_7252170e0eda5c0b
B09KK7VZ3W,category_7252170e0eda5c0b
B09KKHGC44,category_7252170e0eda5c0b
B09KKXB1SZ,category_7252170e0eda5c0b
B09KKY1KHQ,category_7252170e0eda5c0b
B09KLJ2PSS,category_7252170e0eda5c0b
B09KLSYL8F,category_7252170e0eda5c0b
B09KMC2HP7,category_7252170e0eda5c0b
B09KMTQVWD,category_7252170e0eda5c0b
B09KNP8Y1Q,category_7252170e0eda5c0b
B09KNPXDRD,category_7252170e0eda5c0b
B09KNY8SFX,category_7252170e0eda5c0b
B09KQTJ33L,category_7252170e0eda5c0b
B09KR69XZQ,category_7252170e0eda5c0b
B09KRJN5QV,category_7252170e0eda5c0b
B09KS6GWZ4,category_7252170e0eda5c0b
B09KT4RJG6,category_7252170e0eda5c0b
B09KTGB26N,category_7252170e0eda5c0b
B09KTJP834,category_7252170e0eda5c0b
B09KTZHRXC,category_7252170e0eda5c0b
B09KVK5RH3,category_7252170e0eda5c0b
B09KX5N1DR,category_7252170e0eda5c0b
B09KX9PRYZ,category_7252170e0eda5c0b
B09KXBLNX1,category_7252170e0eda5c0b
B09KXF52L1,category_7252170e0eda5c0b
B09KXLC8WQ,category_7252170e0eda5c0b
B09KXWS7T4,category_7252170e0eda5c0b
B09KY9YWR4,category_7252170e0eda5c0b
B09KYJJ3D5,category_7252170e0eda5c0b
B09KZ7ZPBF,category_7252170e0eda5c0b
B09KZN8TMQ,category_7252170e0eda5c0b
B09KZPBLKS,category_7252170e0eda5c0b
B09KZRXC2W,category_7252170e0eda5c0b
B09KZYTNK9,category_7252170e0eda5c0b
B09L14SGKQ,category_7252170e0eda5c0b
B09L172469,category_7252170e0eda5c0b
B09L33VJCL,category_7252170e0eda5c0b
B09L3KLLVN,category_7252170e0eda5c0b
B09L47JBQ1,category_7252170e0eda5c0b
B09L5JSQHJ,category_7252170e0eda5c0b
B09L5Q3P7G,category_7252170e0eda5c0b
B09L6XXSHB,category_7252170e0eda5c0b
B09L7DLBR5,category_7252170e0eda5c0b
B09L7F3Y2K,category_7252170e0eda5c0b
B09L7JBNV9,category_7252170e0eda5c0b
B09L7KB9FG,category_7252170e0eda5c0b
B09L7QJ16J,category_7252170e0eda5c0b
B09L86Z9B8,category_7252170e0eda5c0b
B09L8DFV7H,category_7252170e0eda5c0b
B09LCJ1157,category_7252170e0eda5c0b
B09LCPQR5D,category_7252170e0eda5c0b
B09LDJDSL3,category_7252170e0eda5c0b
B09LF6YQKW,category_7252170e0eda5c0b
B09LGT3L6Z,category_7252170e0eda5c0b
B09LGVQ116,category_7252170e0eda5c0b
B09LH1J352,category_7252170e0eda5c0b
B09LH2S518,category_7252170e0eda5c0b
B09LH5JSSX,category_7252170e0eda5c0b
B09LHS6RGF,category_7252170e0eda5c0b
B09LKBK3T7,category_7252170e0eda5c0b
B09LKDWV16,category_7252170e0eda5c0b
B09LLKBZ3S,category_7252170e0eda5c0b
B09LM4P9NL,category_7252170e0eda5c0b
B09LPL8TT7,category_7252170e0eda5c0b
B09LRFBGKM,category_7252170e0eda5c0b
B09LRWP6DL,category_7252170e0eda5c0b
B09LTC6P2J,category_7252170e0eda5c0b
B09LTS9N3Q,category_7252170e0eda5c0b
B09LTTV41L,category_7252170e0eda5c0b
B09LV224SD,category_7252170e0eda5c0b
B09LYFD7DJ,category_7252170e0eda5c0b
B09LYGBBGC,category_7252170e0eda5c0b
B09LYJG25B,category_7252170e0eda5c0b
B09LYK4GSB,category_7252170e0eda5c0b
B09LYXN1DF,category_7252170e0eda5c0b
B09LZ17LYY,category_7252170e0eda5c0b
B09LZ2GXCM,category_7252170e0eda5c0b
B09M2LHB2R,category_7252170e0eda5c0b
B09M3Y179K,category_7252170e0eda5c0b
B09M6RM7C1,category_7252170e0eda5c0b
B09M7WQ55T,category_7252170e0eda5c0b
B09M84MXRL,category_7252170e0eda5c0b
B09M8S3MQL,category_7252170e0eda5c0b
B09M94KB4T,category_7252170e0eda5c0b
B09M9DT9GM,category_7252170e0eda5c0b
B09M9MFXZ5,category_7252170e0eda5c0b
B09MBKKT8M,category_7252170e0eda5c0b
B09MCHFHQP,category_7252170e0eda5c0b
B09MCRXPGK,category_7252170e0eda5c0b
B09MCTBQ24,category_7252170e0eda5c0b
B09MCW375W,category_7252170e0eda5c0b
B09MD16SW6,category_d6ac68cf358b59e5
B09MD5YTR9,category_7252170e0eda5c0b
B09MF1YYTT,category_7252170e0eda5c0b
B09MF7XKPR,category_7252170e0eda5c0b
B09MFNCXGY,category_7252170e0eda5c0b
B09MFR3RNP,category_7252170e0eda5c0b
B09MFSBJ79,category_7252170e0eda5c0b
B09MG2941G,category_7252170e0eda5c0b
B09MHJ9XRZ,category_7252170e0eda5c0b
B09MHXMH8X,category_7252170e0eda5c0b
B09MJ1HPL7,category_7252170e0eda5c0b
B09MK28YFK,category_7252170e0eda5c0b
B09MKLLL5J,category_7252170e0eda5c0b
B09MKM81F1,category_7252170e0eda5c0b
B09MKPGC82,category_7252170e0eda5c0b
B09MLC4RWF,category_7252170e0eda5c0b
B09MLFPPT4,category_7252170e0eda5c0b
B09MLRZWQ3,category_7252170e0eda5c0b
B09MLXVYBL,category_7252170e0eda5c0b
B09MMMTR5J,category_7252170e0eda5c0b
B09MMXRKSZ,category_7252170e0eda5c0b
B09MN1S1DC,category_7252170e0eda5c0b
B09MP27L18,category_7252170e0eda5c0b
B09MP2PQM1,category_7252170e0eda5c0b
B09MP4HBTN,category_7252170e0eda5c0b
B09MQ3MHBW,category_7252170e0eda5c0b
B09MR3Y89W,category_7252170e0eda5c0b
B09MS3D6B2,category_7252170e0eda5c0b
B09MS8N42F,category_7252170e0eda5c0b
B09MSYLCKQ,category_7252170e0eda5c0b
B09MTJDHMN,category_7252170e0eda5c0b
B09MTSC1TV,category_7252170e0eda5c0b
B09MVJLVHD,category_7252170e0eda5c0b
B09MW17ZQT,category_7252170e0eda5c0b
B09MZ11SRP,category_7252170e0eda5c0b
B09MZ2VCX6,category_7252170e0eda5c0b
B09MZQ9ZQJ,category_7252170e0eda5c0b
B09N12LNDZ,category_7252170e0eda5c0b
B09N1BKDXD,category_7252170e0eda5c0b
B09N1D3HLY,category_7252170e0eda5c0b
B09N1MD863,category_7252170e0eda5c0b
B09N1P4RGC,category_7252170e0eda5c0b
B09N2RSPMX,category_7252170e0eda5c0b
B09N3FZN6G,category_7252170e0eda5c0b
B09N3MR1D4,category_7252170e0eda5c0b
B09N6Y95PL,category_7252170e0eda5c0b
B09N8T42ZY,category_7252170e0eda5c0b
B09N8Y99Y8,category_7252170e0eda5c0b
B09N95CHVG,category_7252170e0eda5c0b
B09N9JV4TZ,category_7252170e0eda5c0b
B09N9M9156,category_7252170e0eda5c0b
B09N9R2SYZ,category_7252170e0eda5c0b
B09NBLXVJJ,category_7252170e0eda5c0b
B09NC88WTH,category_7252170e0eda5c0b
B09NCJHDX3,category_7252170e0eda5c0b
B09NDFHDDZ,category_7252170e0eda5c0b
B09NDHDB4H,category_7252170e0eda5c0b
B09NDK3QHB,category_7252170e0eda5c0b
B09NF4816L,category_7252170e0eda5c0b
B09NFLH72P,category_7252170e0eda5c0b
B09NFQTM73,category_7252170e0eda5c0b
B09NGX1259,category_7252170e0eda5c0b
B09NKC8TW7,category_7252170e0eda5c0b
B09NKQXJHN,category_7252170e0eda5c0b
B09NL18PBH,category_7252170e0eda5c0b
B09NLDJXL5,category_7252170e0eda5c0b
B09NLGKCV3,category_7252170e0eda5c0b
B09NLHWKZH,category_7252170e0eda5c0b
B09NLLKFM7,category_7252170e0eda5c0b
B09NLN9KPP,category_7252170e0eda5c0b
B09NLX7H9R,category_7252170e0eda5c0b
B09NMYLQLQ,category_7252170e0eda5c0b
B09NN3MPS2,category_7252170e0eda5c0b
B09NN699FT,category_7252170e0eda5c0b
B09NNCXG6V,category_7252170e0eda5c0b
B09NNDZ92B,category_7252170e0eda5c0b
B09NNFC9WT,category_7252170e0eda5c0b
B09NP32ZNQ,category_7252170e0eda5c0b
B09NPJJ3GF,category_7252170e0eda5c0b
B09NPLZ9MT,category_7252170e0eda5c0b
B09NPMQY88,category_7252170e0eda5c0b
B09NPT1R6X,category_7252170e0eda5c0b
B09NQ3KQ6S,category_7252170e0eda5c0b
B09NQFXL4K,category_7252170e0eda5c0b
B09NR73LWC,category_7252170e0eda5c0b
B09NRL1XHT,category_7252170e0eda5c0b
B09NRT2C72,category_7252170e0eda5c0b
B09NRXG6X9,category_7252170e0eda5c0b
B09NSCCZZY,category_7252170e0eda5c0b
B09NSG8VRM,category_7252170e0eda5c0b
B09NSK1NQH,category_7252170e0eda5c0b
B09NSM6654,category_7252170e0eda5c0b
B09NTLNB63,category_7252170e0eda5c0b
B09NTWK61L,category_7252170e0eda5c0b
B09NTWW52Y,category_7252170e0eda5c0b
B09NVN6WTC,category_7252170e0eda5c0b
B09NVQTGX6,category_7252170e0eda5c0b
B09NW89781,category_7252170e0eda5c0b
B09NXNDMCJ,category_7252170e0eda5c0b
B09NXNZBPN,category_7252170e0eda5c0b
B09NXZJV2J,category_7252170e0eda5c0b
B09NY4GKTR,category_7252170e0eda5c0b
B09NY569JG,category_7252170e0eda5c0b
B09NYH844B,category_7252170e0eda5c0b
B09NZQHHCZ,category_7252170e0eda5c0b
B09P12DNQ6,category_7252170e0eda5c0b
B09P1374LX,category_7252170e0eda5c0b
B09P13NRH4,category_7252170e0eda5c0b
B09P13VXSH,category_7252170e0eda5c0b
B09P1CFYHM,category_7252170e0eda5c0b
B09P1DQ6ZX,category_d6ac68cf358b59e5
B09P2RYVH4,category_7252170e0eda5c0b
B09P2Z8P95,category_7252170e0eda5c0b
B09P3QNL5B,category_7252170e0eda5c0b
B09P3ZMV55,category_7252170e0eda5c0b
B09P4GSWTQ,category_7252170e0eda5c0b
B09P4NZ13X,category_7252170e0eda5c0b
B09P4W3N3S,category_7252170e0eda5c0b
B09P4YRKHB,category_7252170e0eda5c0b
B09P53MXF1,category_7252170e0eda5c0b
B09P55KXSM,category_7252170e0eda5c0b
B09P582X6Q,category_7252170e0eda5c0b
B09P59K9GG,category_7252170e0eda5c0b
B09P5FV741,category_7252170e0eda5c0b
B09P621G8J,category_7252170e0eda5c0b
B09P6TC59D,category_7252170e0eda5c0b
B09P748D6T,category_7252170e0eda5c0b
B09P87Q9RL,category_7252170e0eda5c0b
B09P8JZ4H6,category_7252170e0eda5c0b
B09PB2JZ1C,category_7252170e0eda5c0b
B09PDHRM5C,category_7252170e0eda5c0b
B09PDW8CB5,category_7252170e0eda5c0b
B09PF8CM6L,category_7252170e0eda5c0b
B09PF8XDQ4,category_7252170e0eda5c0b
B09PFMFQ18,category_7252170e0eda5c0b
B09PFNS1GH,category_7252170e0eda5c0b
B09PFZ6QVL,category_7252170e0eda5c0b
B09PG3BH9L,category_7252170e0eda5c0b
B09PG763HT,category_7252170e0eda5c0b
B09PGKP5YB,category_7252170e0eda5c0b
B09PGSGDJ6,category_7252170e0eda5c0b
B09PGSLCQZ,category_7252170e0eda5c0b
B09PH88MYB,category_7252170e0eda5c0b
B09PH9H2Y7,category_7252170e0eda5c0b
B09PJMMN4T,category_7252170e0eda5c0b
B09PL6LQC3,category_7252170e0eda5c0b
B09PMQMJP5,category_7252170e0eda5c0b
B09PMTS7R4,category_7252170e0eda5c0b
B09PNRY7WP,category_7252170e0eda5c0b
B09PQSP1NL,category_7252170e0eda5c0b
B09PRCYP6F,category_7252170e0eda5c0b
B09PRJ872Z,category_7252170e0eda5c0b
B09PRJTSCP,category_7252170e0eda5c0b
B09PVNW774,category_7252170e0eda5c0b
B09PXFGSWY,category_7252170e0eda5c0b
B09PYGP4C9,category_7252170e0eda5c0b
B09PZVN1CX,category_7252170e0eda5c0b
B09Q356MPW,category_7252170e0eda5c0b
B09Q3X5YWR,category_7252170e0eda5c0b
B09Q8GF24M,category_7252170e0eda5c0b
B09Q8RXBVN,category_7252170e0eda5c0b
B09QC8GTN1,category_7252170e0eda5c0b
B09QGMPXCM,category_7252170e0eda5c0b
B09QGZG9MV,category_7252170e0eda5c0b
B09QJ2KCM3,category_7252170e0eda5c0b
B09QKXYTC7,category_7252170e0eda5c0b
B09QLL99W7,category_7252170e0eda5c0b
B09QLQLDFY,category_7252170e0eda5c0b
B09QMLWXDC,category_7252170e0eda5c0b
B09QPH3J2N,category_7252170e0eda5c0b
B09QPH7Z57,category_7252170e0eda5c0b
B09QQR236N,category_7252170e0eda5c0b
B09QRWMVV6,category_7252170e0eda5c0b
B09QRXFKG7,category_7252170e0eda5c0b
B09QV6D983,category_7252170e0eda5c0b
B09QW7BPMJ,category_7252170e0eda5c0b
B09QXCW4ZG,category_7252170e0eda5c0b
B09QXNRPFH,category_7252170e0eda5c0b
B09QXP4ZLN,category_7252170e0eda5c0b
B09QYDGPG7,category_7252170e0eda5c0b
B09QYZXNZS,category_7252170e0eda5c0b
B09R1R1S6S,category_7252170e0eda5c0b
B09R1VB1YH,category_7252170e0eda5c0b
B09R826BXF,category_7252170e0eda5c0b
B09R98HFY7,category_7252170e0eda5c0b
B09RB9YJ34,category_7252170e0eda5c0b
B09RGGRR3H,category_7252170e0eda5c0b
B09RKMJDBG,category_7252170e0eda5c0b
B09RMTF2ZY,category_7252170e0eda5c0b
B09RQC8J7T,category_7252170e0eda5c0b
B09RZNKZSJ,category_7252170e0eda5c0b
B09RZVDK6B,category_7252170e0eda5c0b
B09S1FN9F4,category_7252170e0eda5c0b
B09S2F8Z46,category_7252170e0eda5c0b
B09S2YVZTH,category_7252170e0eda5c0b
B09S31NFF9,category_7252170e0eda5c0b
B09S3FD1WC,category_7252170e0eda5c0b
B09S41344Y,category_7252170e0eda5c0b
B09S4RNKQ8,category_7252170e0eda5c0b
B09S7JWG9F,category_7252170e0eda5c0b
B09S8KYFS4,category_7252170e0eda5c0b
B09S9396WL,category_7252170e0eda5c0b
B09SBV8FRT,category_7252170e0eda5c0b
B09SCKDCQM,category_7252170e0eda5c0b
B09SCTY1YL,category_7252170e0eda5c0b
B09SCVNWBN,category_7252170e0eda5c0b
B09SDG4H6X,category_7252170e0eda5c0b
B09SDKHCYS,category_7252170e0eda5c0b
B09SFMNNCB,category_7252170e0eda5c0b
B09SG1HSG4,category_7252170e0eda5c0b
B09SGYN1Z4,category_7252170e0eda5c0b
B09SH2TY3Y,category_7252170e0eda5c0b
B09SJ2ZRG9,category_7252170e0eda5c0b
B09SLSYB1M,category_7252170e0eda5c0b
B09SM4M22V,category_7252170e0eda5c0b
B09SPCF7JZ,category_7252170e0eda5c0b
B09SPKTPLK,category_7252170e0eda5c0b
B09SPRG4KC,category_7252170e0eda5c0b
B09SQ2GH17,category_7252170e0eda5c0b
B09SQ7XGMQ,category_7252170e0eda5c0b
B09SSX1TRY,category_7252170e0eda5c0b
B09SSYW5T9,category_7252170e0eda5c0b
B09SWLX6S3,category_7252170e0eda5c0b
B09SYQHYXJ,category_7252170e0eda5c0b
B09T381H9X,category_7252170e0eda5c0b
B09T3L32T7,category_7252170e0eda5c0b
B09T5L3GF2,category_7252170e0eda5c0b
B09T6LSRH9,category_7252170e0eda5c0b
B09T6RDG1C,category_7252170e0eda5c0b
B09T95646M,category_7252170e0eda5c0b
B09T9DMW3D,category_7252170e0eda5c0b
B09TF2ZDMT,category_7252170e0eda5c0b
B09TGD9ZB9,category_7252170e0eda5c0b
B09THF7DXG,category_7252170e0eda5c0b
B09TK7PZYT,category_7252170e0eda5c0b
B09TKKPDYJ,category_7252170e0eda5c0b
B09TKPB3YN,category_7252170e0eda5c0b
B09TKSZCJB,category_7252170e0eda5c0b
B09TKTSWGN,category_7252170e0eda5c0b
B09TL2MF3Q,category_7252170e0eda5c0b
B09TQ3KVNN,category_7252170e0eda5c0b
B09TQK8GRH,category_7252170e0eda5c0b
B09TQMDSD1,category_7252170e0eda5c0b
B09TQNJWV2,category_7252170e0eda5c0b
B09TQYLSBB,category_7252170e0eda5c0b
B09TQYZTDV,category_7252170e0eda5c0b
B09TQZ9FKG,category_7252170e0eda5c0b
B09TR7YBZ1,category_7252170e0eda5c0b
B09TRWVDXT,category_7252170e0eda5c0b
B09TS1H16G,category_7252170e0eda5c0b
B09TSTRCRK,category_7252170e0eda5c0b
B09TSWRPYG,category_7252170e0eda5c0b
B09TSZ3F3V,category_7252170e0eda5c0b
B09TT3Z9SS,category_7252170e0eda5c0b
B09TT81T6S,category_7252170e0eda5c0b
B09TT8ZVPN,category_7252170e0eda5c0b
B09TT9K2JM,category_7252170e0eda5c0b
B09TVP3N3P,category_7252170e0eda5c0b
B09TVQ1FGY,category_7252170e0eda5c0b
B09TVRY3DY,category_7252170e0eda5c0b
B09TW3HF9Q,category_7252170e0eda5c0b
B09TW4LM3X,category_7252170e0eda5c0b
B09TXPWS4N,category_7252170e0eda5c0b
B09TZPZC5H,category_7252170e0eda5c0b
B09V17VGWR,category_7252170e0eda5c0b
B09V1VJ3TZ,category_7252170e0eda5c0b
B09V24W7P1,category_7252170e0eda5c0b
B09V3J1WPV,category_7252170e0eda5c0b
B09V4GV7BW,category_7252170e0eda5c0b
B09V4VC7BN,category_7252170e0eda5c0b
B09V4VD81Q,category_7252170e0eda5c0b
B09V4W3DZH,category_7252170e0eda5c0b
B09V4X71D9,category_7252170e0eda5c0b
B09V53HN1R,category_7252170e0eda5c0b
B09V56QPG6,category_7252170e0eda5c0b
B09V5MD3S1,category_7252170e0eda5c0b
B09V6Z76G3,category_7252170e0eda5c0b
B09V7GSMF7,category_7252170e0eda5c0b
B09V7L5GGV,category_7252170e0eda5c0b
B09V8H6NYS,category_7252170e0eda5c0b
B09VFK14KR,category_7252170e0eda5c0b
B09VGD31RY,category_7252170e0eda5c0b
B09VH7M73X,category_7252170e0eda5c0b
B09VM61MG8,category_7252170e0eda5c0b
B09VPC8TWM,category_7252170e0eda5c0b
B09VTMNJRD,category_7252170e0eda5c0b
B09W156JVC,category_7252170e0eda5c0b
B09W15H84K,category_7252170e0eda5c0b
B09W22KF4Z,category_7252170e0eda5c0b
B09W233T6H,category_7252170e0eda5c0b
B09W4DR9FH,category_7252170e0eda5c0b
B09W5D1MPH,category_7252170e0eda5c0b
B09W5NSHPF,category_7252170e0eda5c0b
B09W66MSPX,category_7252170e0eda5c0b
B09W7B688Q,category_7252170e0eda5c0b
B09W7X5FJB,category_7252170e0eda5c0b
B09W8912H4,category_7252170e0eda5c0b
B09W8FGN3R,category_7252170e0eda5c0b
B09W8VPNDZ,category_7252170e0eda5c0b
B09WB3WK57,category_7252170e0eda5c0b
B09WCRM6G4,category_7252170e0eda5c0b
B09WCSCJF8,category_7252170e0eda5c0b
B09WD7RCFM,category_7252170e0eda5c0b
B09WDVKDTL,category_7252170e0eda5c0b
B09WDW8RWW,category_7252170e0eda5c0b
B09WF92LF5,category_7252170e0eda5c0b
B09WHNW2HS,category_7252170e0eda5c0b
B09WMG8S8L,category_7252170e0eda5c0b
B09WMWQRMG,category_7252170e0eda5c0b
B09WMYLPW8,category_7252170e0eda5c0b
B09WPCFFZW,category_7252170e0eda5c0b
B09WR2JPTG,category_7252170e0eda5c0b
B09WRRCST5,category_7252170e0eda5c0b
B09WSVFSGJ,category_d6ac68cf358b59e5
B09WTYWVL8,category_7252170e0eda5c0b
B09WYBP9JK,category_7252170e0eda5c0b
B09WYCXJS6,category_7252170e0eda5c0b
B09WYPCG6H,category_7252170e0eda5c0b
B09WZ7TL69,category_7252170e0eda5c0b
B09WZPXQF8,category_7252170e0eda5c0b
B09X15Q65Z,category_7252170e0eda5c0b
B09X17NSB6,category_7252170e0eda5c0b
B09X1D2Z31,category_7252170e0eda5c0b
B09X2JC361,category_7252170e0eda5c0b
B09X62HYQ3,category_7252170e0eda5c0b
B09X75BDQT,category_7252170e0eda5c0b
B09X7G11G8,category_7252170e0eda5c0b
B09X8SWWTY,category_7252170e0eda5c0b
B09X9BG4FC,category_7252170e0eda5c0b
B09XBMRQVV,category_7252170e0eda5c0b
B09XDK1M4Q,category_7252170e0eda5c0b
B09XDK71WN,category_7252170e0eda5c0b
B09XF2RL1S,category_7252170e0eda5c0b
B09XH7WHV7,category_7252170e0eda5c0b
B09XHSYCRQ,category_7252170e0eda5c0b
B09XK9JBR7,category_7252170e0eda5c0b
B09XMTCK2Y,category_7252170e0eda5c0b
B09XQ731PP,category_7252170e0eda5c0b
B09XQB1S2F,category_7252170e0eda5c0b
B09XQTZD36,category_7252170e0eda5c0b
B09XT13187,category_7252170e0eda5c0b
B09XTJ491D,category_7252170e0eda5c0b
B09XTZQXGK,category_7252170e0eda5c0b
B09XVBW2DY,category_7252170e0eda5c0b
B09XWH1QNK,category_7252170e0eda5c0b
B09XYX4PDR,category_d6ac68cf358b59e5
B09XZ8L3TL,category_7252170e0eda5c0b
B09Y1B18VH,category_7252170e0eda5c0b
B09Y1BWYCR,category_7252170e0eda5c0b
B09Y1S3W4W,category_7252170e0eda5c0b
B09Y35D2R6,category_7252170e0eda5c0b
B09Y3Y4HB8,category_7252170e0eda5c0b
B09Y422C3W,category_7252170e0eda5c0b
B09Y5T21XX,category_7252170e0eda5c0b
B09Y5TKD5Q,category_7252170e0eda5c0b
B09Y5W9Q2H,category_7252170e0eda5c0b
B09Y92GKZ2,category_7252170e0eda5c0b
B09Y9CNQ8N,category_7252170e0eda5c0b
B09YDBRQKR,category_7252170e0eda5c0b
B09YGD9JW2,category_7252170e0eda5c0b
B09YH8L8CN,category_7252170e0eda5c0b
B09YKB7L66,category_7252170e0eda5c0b
B09YNZNLX3,category_7252170e0eda5c0b
B09YPSCQKW,category_7252170e0eda5c0b
B09YPV5K4B,category_7252170e0eda5c0b
B09YQ66DTD,category_7252170e0eda5c0b
B09YQXTLS1,category_7252170e0eda5c0b
B09YRBWQLC,category_7252170e0eda5c0b
B09YRCVDXB,category_7252170e0eda5c0b
B09YRQBY12,category_7252170e0eda5c0b
B09YRRJD83,category_7252170e0eda5c0b
B09YTSPV9Q,category_7252170e0eda5c0b
B09YV9T7ZQ,category_7252170e0eda5c0b
B09YVG9J81,category_7252170e0eda5c0b
B09YXTRKY5,category_7252170e0eda5c0b
B09YY9HP8T,category_7252170e0eda5c0b
B09YZ46Q7P,category_7252170e0eda5c0b
B09YZ4HQCB,category_7252170e0eda5c0b
B09Z1TJLF3,category_7252170e0eda5c0b
B09Z2SL9NJ,category_7252170e0eda5c0b
B09Z354HDV,category_7252170e0eda5c0b
B09Z4GR3SY,category_7252170e0eda5c0b
B09Z6DVMV1,category_7252170e0eda5c0b
B09Z6GT8WL,category_7252170e0eda5c0b
B09Z6P6Y7Q,category_7252170e0eda5c0b
B09Z6SMPQP,category_7252170e0eda5c0b
B09ZB7H343,category_d6ac68cf358b59e5
B09ZDY5X5P,category_7252170e0eda5c0b
B09ZJWHSN2,category_7252170e0eda5c0b
B09ZLR3VYM,category_7252170e0eda5c0b
B09ZLT8RD5,category_7252170e0eda5c0b
B09ZMH67LD,category_7252170e0eda5c0b
B09ZMJXYM4,category_7252170e0eda5c0b
B09ZNP3TSC,category_7252170e0eda5c0b
B09ZQR64R6,category_7252170e0eda5c0b
B09ZXCBC42,category_7252170e0eda5c0b
B09ZY5M157,category_7252170e0eda5c0b
B09ZYR83S5,category_7252170e0eda5c0b
B0B137LPYC,category_7252170e0eda5c0b
B0B13BK8QD,category_7252170e0eda5c0b
B0B17B5C6Y,category_7252170e0eda5c0b
B0B187RXDM,category_7252170e0eda5c0b
B0B18HPSFC,category_7252170e0eda5c0b
B0B18Q79VR,category_7252170e0eda5c0b
B0B19JLJSL,category_7252170e0eda5c0b
B0B1BR564M,category_7252170e0eda5c0b
B0B1CS4PYB,category_7252170e0eda5c0b
B0B1H4YBLN,category_7252170e0eda5c0b
B0B1H78PNW,category_7252170e0eda5c0b
B0B1HTB4Z8,category_7252170e0eda5c0b
B0B1HTDZF5,category_7252170e0eda5c0b
B0B1J7MVY5,category_7252170e0eda5c0b
B0B1LRSGM6,category_7252170e0eda5c0b
B0B1VPL8WV,category_7252170e0eda5c0b
B0B1ZSLFYQ,category_7252170e0eda5c0b
B0B1ZW9TDL,category_7252170e0eda5c0b
B0B1ZWXJNW,category_7252170e0eda5c0b
B0B2113364,category_7252170e0eda5c0b
B0B211BFRT,category_7252170e0eda5c0b
B0B212ZSWM,category_7252170e0eda5c0b
B0B213FPK4,category_7252170e0eda5c0b
B0B21HFTQC,category_7252170e0eda5c0b
B0B21MJBYT,category_7252170e0eda5c0b
B0B21VR3LZ,category_7252170e0eda5c0b
B0B23GCJ6J,category_7252170e0eda5c0b
B0B23TGQWC,category_7252170e0eda5c0b
B0B25662MQ,category_7252170e0eda5c0b
B0B25VPQR4,category_7252170e0eda5c0b
B0B27CJ2KJ,category_7252170e0eda5c0b
B0B27QZM59,category_7252170e0eda5c0b
B0B28HCH4C,category_7252170e0eda5c0b
B0B28RQYSG,category_7252170e0eda5c0b
B0B29HNY8F,category_7252170e0eda5c0b
B0B2GF9GKL,category_7252170e0eda5c0b
B0B2JJST7L,category_7252170e0eda5c0b
B0B2JQ1NH8,category_7252170e0eda5c0b
B0B2KSJPKP,category_7252170e0eda5c0b
B0B2L51YYB,category_7252170e0eda5c0b
B0B2LFCR9D,category_7252170e0eda5c0b
B0B2M2NFVD,category_7252170e0eda5c0b
B0B2MJSV1R,category_7252170e0eda5c0b
B0B2P2LJ7Q,category_7252170e0eda5c0b
B0B2P2SS2V,category_7252170e0eda5c0b
B0B2PDW7FN,category_7252170e0eda5c0b
B0B2PSBFLB,category_7252170e0eda5c0b
B0B2Q89N93,category_7252170e0eda5c0b
B0B2QDXQ7T,category_7252170e0eda5c0b
B0B2RZ4KLG,category_7252170e0eda5c0b
B0B2V1DZS1,category_7252170e0eda5c0b
B0B2VCC4SD,category_7252170e0eda5c0b
B0B2ZLTGGX,category_7252170e0eda5c0b
B0B2ZQKHCH,category_7252170e0eda5c0b
B0B31STTMR,category_7252170e0eda5c0b
B0B3218FNJ,category_7252170e0eda5c0b
B0B33ZVQ5Y,category_7252170e0eda5c0b
B0B354J9G5,category_7252170e0eda5c0b
B0B35M65HD,category_7252170e0eda5c0b
B0B37BKFV6,category_7252170e0eda5c0b
B0B38C21MS,category_7252170e0eda5c0b
B0B3CCHWZQ,category_7252170e0eda5c0b
B0B3DD5T8X,category_7252170e0eda5c0b
B0B3HFV5Y2,category_7252170e0eda5c0b
B0B3J8ZXJJ,category_7252170e0eda5c0b
B0B3MGGVHY,category_7252170e0eda5c0b
B0B3MYXT6L,category_7252170e0eda5c0b
B0B3MZ4T9F,category_7252170e0eda5c0b
B0B3NCHJ12,category_7252170e0eda5c0b
B0B3RMRLR4,category_7252170e0eda5c0b
B0B3WTNQMP,category_7252170e0eda5c0b
B0B4164FZP,category_7252170e0eda5c0b
B0B41Z7ZVL,category_7252170e0eda5c0b
B0B45W6MVC,category_7252170e0eda5c0b
B0B45YFNGN,category_7252170e0eda5c0b
B0B49CYRVM,category_7252170e0eda5c0b
B0B49K3FDQ,category_7252170e0eda5c0b
B0B4FGXMKG,category_7252170e0eda5c0b
B0B4FJ3BDS,category_7252170e0eda5c0b
B0B4H5KL2T,category_7252170e0eda5c0b
B0B4J36P7F,category_7252170e0eda5c0b
B0B4JPGX8P,category_7252170e0eda5c0b
B0B4M3W3XF,category_7252170e0eda5c0b
B0B4MR9BXN,category_7252170e0eda5c0b
B0B4N6PVW8,category_7252170e0eda5c0b
B0B4S73435,category_7252170e0eda5c0b
B0B4SFB7C7,category_7252170e0eda5c0b
B0B4VXRG24,category_7252170e0eda5c0b
B0B4WMQL8X,category_7252170e0eda5c0b
B0B4WRMKTY,category_7252170e0eda5c0b
B0B4X4GTGD,category_7252170e0eda5c0b
B0B4ZW767B,category_7252170e0eda5c0b
B0B53TMKHQ,category_7252170e0eda5c0b
B0B5697FTN,category_7252170e0eda5c0b
B0B56WP9F2,category_7252170e0eda5c0b
B0B5817S8X,category_7252170e0eda5c0b
B0B587M4NS,category_7252170e0eda5c0b
B0B587X39N,category_7252170e0eda5c0b
B0B587ZX6K,category_7252170e0eda5c0b
B0B58RNDLB,category_7252170e0eda5c0b
B0B593L7B8,category_7252170e0eda5c0b
B0B59MDVCN,category_7252170e0eda5c0b
B0B5BZ3GQH,category_7252170e0eda5c0b
B0B5GKLDK7,category_7252170e0eda5c0b
B0B5K32JZ9,category_7252170e0eda5c0b
B0B5KYFJ6S,category_7252170e0eda5c0b
B0B5L22RPL,category_7252170e0eda5c0b
B0B5MZ1LWC,category_7252170e0eda5c0b
B0B5N4QWH6,category_7252170e0eda5c0b
B0B5QDHHSB,category_7252170e0eda5c0b
B0B5QXVYNM,category_7252170e0eda5c0b
B0B5RCKJHX,category_7252170e0eda5c0b
B0B5RXXPM6,category_7252170e0eda5c0b
B0B5T8S7BH,category_7252170e0eda5c0b
B0B5W219Y6,category_7252170e0eda5c0b
B0B5X48DZR,category_7252170e0eda5c0b
B0B5XFVSXY,category_7252170e0eda5c0b
B0B5YNHX2R,category_7252170e0eda5c0b
B0B5YW1MZN,category_7252170e0eda5c0b
B0B62GY2RX,category_7252170e0eda5c0b
B0B62VQ719,category_7252170e0eda5c0b
B0B63HVTBW,category_7252170e0eda5c0b
B0B658SCDC,category_7252170e0eda5c0b
B0B67JVZ5Z,category_7252170e0eda5c0b
B0B67P9KDF,category_7252170e0eda5c0b
B0B681G7GK,category_7252170e0eda5c0b
B0B689HFGX,category_7252170e0eda5c0b
B0B68HRJ3V,category_7252170e0eda5c0b
B0B6BL8ZHX,category_7252170e0eda5c0b
B0B6C3VFBF,category_7252170e0eda5c0b
B0B6G5L6T6,category_7252170e0eda5c0b
B0B6H9C78Y,category_7252170e0eda5c0b
B0B6J9YTFF,category_7252170e0eda5c0b
B0B6JLCWH8,category_7252170e0eda5c0b
B0B6RFD7RC,category_7252170e0eda5c0b
B0B6ZM9XJN,category_7252170e0eda5c0b
B0B6ZPFFZN,category_7252170e0eda5c0b
B0B713MRFD,category_7252170e0eda5c0b
B0B7257SBC,category_7252170e0eda5c0b
B0B73CHSRX,category_7252170e0eda5c0b
B0B76DHV4J,category_7252170e0eda5c0b
B0B76JW868,category_7252170e0eda5c0b
B0B76MDD3C,category_7252170e0eda5c0b
B0B77LDV4B,category_7252170e0eda5c0b
B0B7B8PGQ3,category_7252170e0eda5c0b
B0B7JB92B9,category_7252170e0eda5c0b
B0B7MCJ618,category_7252170e0eda5c0b
B0B7QZL8K9,category_7252170e0eda5c0b
B0B7R6DY6L,category_7252170e0eda5c0b
B0B7RLVB42,category_7252170e0eda5c0b
B0B7S5LK1F,category_7252170e0eda5c0b
B0B7W4P7P1,category_7252170e0eda5c0b
B0B7WHWMC1,category_7252170e0eda5c0b
B0B7X7XPF5,category_7252170e0eda5c0b
B0B7ZVHJZL,category_7252170e0eda5c0b
B0B82ZRQ9W,category_7252170e0eda5c0b
B0B84PQ5BV,category_7252170e0eda5c0b
B0B8535PR3,category_7252170e0eda5c0b
B0B87SH493,category_7252170e0eda5c0b
B0B89FFWQH,category_7252170e0eda5c0b
B0B8BKK3CY,category_7252170e0eda5c0b
B0B8CT9MZQ,category_7252170e0eda5c0b
B0B8CW5FDJ,category_7252170e0eda5c0b
B0B8CX62R5,category_7252170e0eda5c0b
B0B8D137G7,category_7252170e0eda5c0b
B0B8F6MWFJ,category_7252170e0eda5c0b
B0B8FZQ6MV,category_7252170e0eda5c0b
B0B8G6RRPS,category_7252170e0eda5c0b
B0B8HJLX1K,category_7252170e0eda5c0b
B0B8HPCSQH,category_7252170e0eda5c0b
B0B8MHM2T4,category_7252170e0eda5c0b
B0B8RDMK5F,category_7252170e0eda5c0b
B0B8SFDJN9,category_7252170e0eda5c0b
B0B8Y9DGZS,category_7252170e0eda5c0b
B0B8YDGBXY,category_7252170e0eda5c0b
B0B8YGPQ47,category_7252170e0eda5c0b
B0B8YZ4M7L,category_7252170e0eda5c0b
B0B8Z5H3T7,category_7252170e0eda5c0b
B0B917RX76,category_7252170e0eda5c0b
B0B9192QZ4,category_7252170e0eda5c0b
B0B927953G,category_7252170e0eda5c0b
B0B94FXGK4,category_7252170e0eda5c0b
B0B94K35XS,category_7252170e0eda5c0b
B0B95YQ9HW,category_7252170e0eda5c0b
B0B96J78F8,category_7252170e0eda5c0b
B0B9777NNK,category_7252170e0eda5c0b
B0B97JLBDJ,category_7252170e0eda5c0b
B0B9FRZ9DP,category_7252170e0eda5c0b
B0B9JVXKLT,category_7252170e0eda5c0b
B0B9MYZY51,category_7252170e0eda5c0b
B0B9R8W7RR,category_7252170e0eda5c0b
B0B9RT88HR,category_7252170e0eda5c0b
B0B9SB6SZK,category_7252170e0eda5c0b
B0B9WH5V5H,category_7252170e0eda5c0b
B0B9WJ8S2T,category_7252170e0eda5c0b
B0BB6ZZYMY,category_7252170e0eda5c0b
B0BB8JLJLS,category_7252170e0eda5c0b
B0BBG2JM6F,category_7252170e0eda5c0b
B0BBMF565F,category_7252170e0eda5c0b
B0BBQWLX9P,category_7252170e0eda5c0b
B0BBXY8X1W,category_7252170e0eda5c0b
B0BC1RS4HN,category_7252170e0eda5c0b
B0BC2QR9SZ,category_7252170e0eda5c0b
B0BC2XLWML,category_7252170e0eda5c0b
B0BC3MQD29,category_7252170e0eda5c0b
B0BC3T32C7,category_7252170e0eda5c0b
B0BC6PB1GW,category_7252170e0eda5c0b
B0BC7WBCY5,category_7252170e0eda5c0b
B0BC87LQ7Q,category_7252170e0eda5c0b
B0BCFQJ9N7,category_7252170e0eda5c0b
B0BCFSS4P6,category_7252170e0eda5c0b
B0BCFSZ9FM,category_7252170e0eda5c0b
B0BCH9YBWS,category_7252170e0eda5c0b
B0BCVCF84G,category_7252170e0eda5c0b
B0BCVPQFKY,category_7252170e0eda5c0b
B0BCWP916G,category_7252170e0eda5c0b
B0BD255N47,category_7252170e0eda5c0b
B0BD2CMPGP,category_7252170e0eda5c0b
B0BD2PLNK1,category_7252170e0eda5c0b
B0BD53NGNJ,category_7252170e0eda5c0b
B0BD7MRZ2Z,category_7252170e0eda5c0b
B0BDDWBLKK,category_7252170e0eda5c0b
B0BDFSZV54,category_7252170e0eda5c0b
B0BDKCSBZL,category_7252170e0eda5c0b
B0BDKZFN4W,category_7252170e0eda5c0b
B0BDLD8VJR,category_7252170e0eda5c0b
B0BDS43R77,category_7252170e0eda5c0b
B0BDYXW42R,category_7252170e0eda5c0b
B0BF4NX34R,category_7252170e0eda5c0b
B0BF4SXB5H,category_7252170e0eda5c0b
B0BF5FP1DL,category_7252170e0eda5c0b
B0BF95SMGZ,category_7252170e0eda5c0b
B0BFBQCZ4K,category_7252170e0eda5c0b
B0BFGL32MG,category_7252170e0eda5c0b
B0BFGRJV4H,category_7252170e0eda5c0b
B0BFGRMH7W,category_7252170e0eda5c0b
B0BFHBVJHN,category_7252170e0eda5c0b
B0BFJ6KLH8,category_7252170e0eda5c0b
B0BFJKYLKX,category_d6ac68cf358b59e5
B0BFJXY7K8,category_7252170e0eda5c0b
B0BFLNDCGH,category_7252170e0eda5c0b
B0BFPZMMC2,category_7252170e0eda5c0b
B0BFR6SZ45,category_7252170e0eda5c0b
B0BFRRZQ8Y,category_7252170e0eda5c0b
B0BFWZMKWB,category_7252170e0eda5c0b
B0BG1K7KWW,category_d6ac68cf358b59e5
B0BG2S1XLD,category_7252170e0eda5c0b
B0BG7XK34B,category_7252170e0eda5c0b
B0BG8Q2939,category_7252170e0eda5c0b
B0BG9MJ9CC,category_7252170e0eda5c0b
B0BGGJYCG3,category_7252170e0eda5c0b
B0BGHK75XD,category_7252170e0eda5c0b
B0BGHKK3NK,category_7252170e0eda5c0b
B0BGK4F2N7,category_7252170e0eda5c0b
B0BGLG13YN,category_7252170e0eda5c0b
B0BGN39TF7,category_7252170e0eda5c0b
B0BGN62HJN,category_7252170e0eda5c0b
B0BGP26FMX,category_7252170e0eda5c0b
B0BGQQKWWY,category_7252170e0eda5c0b
B0BGS85M48,category_7252170e0eda5c0b
B0BGS9F2FM,category_7252170e0eda5c0b
B0BGT17QQG,category_7252170e0eda5c0b
B0BGXH92JS,category_7252170e0eda5c0b
B0BGY8PL52,category_7252170e0eda5c0b
B0BH1BSR6W,category_7252170e0eda5c0b
B0BH1MQYDV,category_7252170e0eda5c0b
B0BHFHN1BN,category_7252170e0eda5c0b
B0BHJ9767Z,category_7252170e0eda5c0b
B0BHKV6QNZ,category_7252170e0eda5c0b
B0BHL8C7MT,category_7252170e0eda5c0b
B0BHLF1RC9,category_7252170e0eda5c0b
B0BHLKF2JB,category_7252170e0eda5c0b
B0BHMF7WLF,category_7252170e0eda5c0b
B0BHMSKR4N,category_7252170e0eda5c0b
B0BHN7QY6N,category_7252170e0eda5c0b
B0BHNXPL2Q,category_7252170e0eda5c0b
B0BHPNJ6BS,category_d6ac68cf358b59e5
B0BHQHW3QY,category_7252170e0eda5c0b
B0BHT1YRYB,category_7252170e0eda5c0b
B0BHVQNT6M,category_7252170e0eda5c0b
B0BHW7CPBL,category_7252170e0eda5c0b
B0BHXZRJLC,category_7252170e0eda5c0b
B0BJ6FS9WQ,category_7252170e0eda5c0b
B0BJ6J83XR,category_7252170e0eda5c0b
B0BJ7SFPPQ,category_7252170e0eda5c0b
B0BJ995627,category_7252170e0eda5c0b
B0BJDVJ55N,category_7252170e0eda5c0b
B0BJJRVM3X,category_7252170e0eda5c0b
B0BJNSH1VK,category_7252170e0eda5c0b
B0BJQDS6MR,category_7252170e0eda5c0b
B0BJTWMSQD,category_7252170e0eda5c0b
B0BJTZMVNQ,category_7252170e0eda5c0b
B0BJZ61KGH,category_7252170e0eda5c0b
B0BK54CDH1,category_7252170e0eda5c0b
B0BKGM8XVS,category_7252170e0eda5c0b
B0BKJJXDM4,category_7252170e0eda5c0b
B0BKLCF1CL,category_7252170e0eda5c0b
B0BKPTK9HD,category_7252170e0eda5c0b
B0BKS9DWJ8,category_7252170e0eda5c0b
B0BKSYYCXS,category_7252170e0eda5c0b
B0BL2Q5PYZ,category_7252170e0eda5c0b
B0BL72NKCF,category_7252170e0eda5c0b
B0BLCBTKR3,category_7252170e0eda5c0b
B0BLFBCDDP,category_7252170e0eda5c0b
B0BLGS62FB,category_7252170e0eda5c0b
B0BLHC27K9,category_7252170e0eda5c0b
B0BLHL19ML,category_7252170e0eda5c0b
B0BLP2JW35,category_7252170e0eda5c0b
B0BLTPVXJP,category_7252170e0eda5c0b
B0BLTY8TJL,category_7252170e0eda5c0b
B0BLW7Q35M,category_7252170e0eda5c0b
B0BLY8LGGD,category_7252170e0eda5c0b
B0BLZ2LL8T,category_7252170e0eda5c0b
B0BM35X1LF,category_7252170e0eda5c0b
B0BM5KW5HF,category_7252170e0eda5c0b
B0BM9L6JD9,category_7252170e0eda5c0b
B0BMFB4YTC,category_7252170e0eda5c0b
B0BMGRL3V9,category_7252170e0eda5c0b
B0BMQV2W2X,category_7252170e0eda5c0b
B0BMT51ZGQ,category_7252170e0eda5c0b
B0BMV9DRY6,category_7252170e0eda5c0b
B0BN12F234,category_7252170e0eda5c0b
B0BN14T4WQ,category_7252170e0eda5c0b
B0BN57K19C,category_d6ac68cf358b59e5
B0BN5X4N5Y,category_7252170e0eda5c0b
B0BN5ZF4FV,category_7252170e0eda5c0b
B0BNHCS34J,category_7252170e0eda5c0b
B0BNJVGXFS,category_7252170e0eda5c0b
B0BNKHNWDW,category_7252170e0eda5c0b
B0BNPJMDFV,category_7252170e0eda5c0b
B0BNPLT1KF,category_7252170e0eda5c0b
B0BNQ5D7J2,category_7252170e0eda5c0b
B0BNWP5NC5,category_7252170e0eda5c0b
B0BNWSR278,category_7252170e0eda5c0b
B0BNWT2MSC,category_7252170e0eda5c0b
B0BP2VSDN5,category_7252170e0eda5c0b
B0BP7MYK2H,category_7252170e0eda5c0b
B0BP7PQWT8,category_7252170e0eda5c0b
B0BP8DXTD6,category_7252170e0eda5c0b
B0BP9KK48V,category_7252170e0eda5c0b
B0BPLX1SWF,category_7252170e0eda5c0b
B0BPM26ZFH,category_7252170e0eda5c0b
B0BPSFWMC8,category_7252170e0eda5c0b
B0BQJWFWYB,category_7252170e0eda5c0b
B0BQQ5L942,category_7252170e0eda5c0b
B0BQWTXV2Q,category_7252170e0eda5c0b
B0BR379JSC,category_7252170e0eda5c0b
B0BR38LJLD,category_7252170e0eda5c0b
B0BR4GL7Q6,category_7252170e0eda5c0b
B0BR5HN8C2,category_7252170e0eda5c0b
B0BR8B5BK5,category_7252170e0eda5c0b
B0BR96M4Y8,category_7252170e0eda5c0b
B0BRF7WLXF,category_7252170e0eda5c0b
B0BRPMZZJ3,category_7252170e0eda5c0b
B0BRQD5FH5,category_7252170e0eda5c0b
B0BRQXY4Y4,category_7252170e0eda5c0b
B0BRT436XR,category_7252170e0eda5c0b
B0BRT6CYBM,category_7252170e0eda5c0b
B0BS1R47M7,category_7252170e0eda5c0b
B0BTDT734J,category_7252170e0eda5c0b
B0BTLKDVRN,category_7252170e0eda5c0b
B0BTLTVR1X,category_7252170e0eda5c0b
B0BTM57FFG,category_7252170e0eda5c0b
B0BTV2K819,category_7252170e0eda5c0b
B0BV1KNVV4,category_7252170e0eda5c0b
B0BV36JZPN,category_7252170e0eda5c0b
B0BVH4KJ2J,category_7252170e0eda5c0b
B0BVQQ58G8,category_7252170e0eda5c0b
B0BVVX9Y6R,category_7252170e0eda5c0b
B0BWH5TSJ3,category_7252170e0eda5c0b
B0BX53H8XD,category_7252170e0eda5c0b
B0BXB4J297,category_7252170e0eda5c0b
B0BXHDQ2LZ,category_7252170e0eda5c0b
B0BXNQZW5C,category_7252170e0eda5c0b
B0BXT9PKCD,category_7252170e0eda5c0b
B0BXV3NHH3,category_7252170e0eda5c0b
B0BXXD1FZ4,category_7252170e0eda5c0b
B0BY3TFXWB,category_7252170e0eda5c0b
B0BY6BT7PH,category_7252170e0eda5c0b
B0BYB7XYL1,category_7252170e0eda5c0b
B0BYBJWZWZ,category_7252170e0eda5c0b
B0BYDRR4ZR,category_d6ac68cf358b59e5
B0BYJ8GH5M,category_7252170e0eda5c0b
B0BYRMZ2H7,category_7252170e0eda5c0b
B0BYX8SX6S,category_7252170e0eda5c0b
B0BYYPTLHX,category_7252170e0eda5c0b
B0BYZR3DMC,category_7252170e0eda5c0b
B0BZDJFZWF,category_7252170e0eda5c0b
B0BZGLDGM9,category_7252170e0eda5c0b
B0BZRQP3V6,category_7252170e0eda5c0b
B0C11XZMGR,category_7252170e0eda5c0b
B0C15M7T9R,category_7252170e0eda5c0b
B0C1T6Y8YM,category_7252170e0eda5c0b
B0C3GHPQ6R,category_7252170e0eda5c0b
B0C3LVTX2V,category_7252170e0eda5c0b
B0C4LR3NZT,category_7252170e0eda5c0b
B0C51JS17Q,category_d6ac68cf358b59e5
B0C52PWCV2,category_7252170e0eda5c0b
B0C58XKGCS,category_7252170e0eda5c0b
B0C5QT6HJC,category_7252170e0eda5c0b
B0C5S1BNNL,category_d6ac68cf358b59e5
B0C5V83YMB,category_7252170e0eda5c0b
B0C619KBLQ,category_7252170e0eda5c0b
B0C66529KC,category_d6ac68cf358b59e5
