product_id,feature_id
0977217213,feature_35dd99ec2fc57c68
0977217213,feature_bc5345155dc84fe3
097920500X,feature_3cf94e99d214f1c5
1598438263,feature_5144865582a20248
1610182464,feature_133061be56c5b2f8
1610182464,feature_53ded3cb5c5799b4
1610182464,feature_606b8ca31577269d
1610182464,feature_b70656ea5f9a945d
1610182464,feature_de42d47f6fb64f9b
1741666929,feature_28e72f24e3269832
1741666929,feature_488a0a1b1aba748a
1891129716,feature_829216bd0b6a44e4
1891129716,feature_d5b2d1858e11a113
1891129716,feature_ed715f1950bdf8d7
1891129716,feature_f4182241a7e2da3e
7458592737,feature_3d5c64b236f48df3
7458592737,feature_57f01df5108181a7
7458592737,feature_62f0c13c3dd6ab59
7458592737,feature_b91e5da186598e8a
7458592737,feature_fdbff6ea74b980fa
8674394329,feature_92724177d8a2e8c5
979077530X,feature_209c116df1b9db68
979077530X,feature_42091d61f2c4b7a5
B000052WYR,feature_035ed44c1969e5cc
B000052WYR,feature_2a55094db98869e8
B000052WYR,feature_3ef3789dc9386e58
B000052WYR,feature_742505cc30df1194
B0000537I2,feature_021c25ab0b354eb8
B0000537I2,feature_066c9a30cb2dc247
B0000537I2,feature_08d322ed281a2cc5
B0000537I2,feature_358b9c1d81cce381
B0000537I2,feature_6c8e64a653ed1435
B0000537I2,feature_850c838e3e12692e
B0000537I2,feature_9237fa2ceec425fb
B0000537I2,feature_92fbfade2e9c37f3
B0000537I2,feature_b3865959d1bd811e
B00005AUIC,feature_193f238162bd5bae
B00005AUIC,feature_324443461f88bbd6
B00005AUIC,feature_8aeb1971a9e5e83a
B00005AUIC,feature_a55d51cb569e832d
B00005AUIC,feature_bbb05c3b8d7caca6
B00005AUIC,feature_cfae769c1f9389bf
B00005AUIC,feature_fc50e190ba651ea9
B00006AG6Z,feature_043e36f7e2752911
B00006AG6Z,feature_4a756ca07e9487f4
B00006AG6Z,feature_57e3dabb901b27ed
B00006AG6Z,feature_6122c0f6e76f9a78
B00006AG6Z,feature_6f907b0d13de8024
B00006AG6Z,feature_75c4e8d2f22cc17c
B00006AG6Z,feature_7d08c2a7d7370aac
B00006AG6Z,feature_950cd0819bff0bd1
B00006AG6Z,feature_9e07218cac3f4558
B00006AG6Z,feature_ef309fcfd12aa4ed
B00006JUK6,feature_02c092986a3da37d
B00006JUK6,feature_1ff1d54393b88c4b
B00006JUK6,feature_2514148b730d6873
B00006JUK6,feature_4cb728e172e95c9e
B00006JUK6,feature_6adcef3f49cca42c
B00006JUK6,feature_7ad64b58afb11161
B00006JUK6,feature_947e08e3397f904c
B00006JUK6,feature_bdc5a3b5d1453b12
B00006JUK6,feature_d70108ebb82120a6
B00006JUK6,feature_f98168dd06f2c3e7
B00009RB11,feature_02c092986a3da37d
B00009RB11,feature_10f4429dff298068
B00009RB11,feature_604cb8feeb1b2e78
B00009RB11,feature_6b0273d8bbd09968
B00009RB11,feature_749ca29cb789d36e
B00009RB11,feature_9d639fd6eba50787
B00009RB11,feature_a627180c0e4ff455
B00009RB11,feature_d70108ebb82120a6
B00009RB11,feature_e657504371cbfde2
B00009RB11,feature_e9123d04e2efa407
B0000ZLF18,feature_0a66ca1ef9b2f6a8
B0000ZLF18,feature_3df86649f12ef6ab
B0000ZLF18,feature_539f64f8e5415fdf
B0000ZLF18,feature_73c51d585072fda1
B0000ZLF18,feature_76703e92b6f576e5
B0000ZLF18,feature_f20436e23e4f24a0
B00011JN5G,feature_072de80f726daa63
B00011JN5G,feature_1c1a90858e7f40ea
B00011JN5G,feature_70388abcdd15d3fc
B00011JN5G,feature_d21cb93b2d226757
B00011JN5G,feature_d537c524b8e17627
B00011JN5G,feature_f0a3b9a74e9bb246
B00013TBHE,feature_63ce4bf1d00516c3
B000143M46,feature_a01bb18627d8f8c3
B000143M46,feature_d4ee5641a616cff3
B00014FBC2,feature_44c405eb32df117c
B00014FBC2,feature_80dfe65018a04173
B00017YG6G,feature_c45728c478992777
B0001F3ULK,feature_14a6a4160fd10d83
B0001F3ULK,feature_775c3b8eb7867cba
B0001HYJW2,feature_02c092986a3da37d
B0001HYJW2,feature_224ecb2b8571319d
B0001HYJW2,feature_22f06fa7ac948abf
B0001HYJW2,feature_247d68da4937d4d0
B0001HYJW2,feature_4a3e9bee74c185e0
B0001HYJW2,feature_790fd398346fd994
B0001HYJW2,feature_b7910019d8c62f1e
B0001HYJW2,feature_c0c2d0c63371e016
B0001HYJW2,feature_c8640920c1cfc947
B0001HYJW2,feature_d70108ebb82120a6
B0001HYKBC,feature_02c092986a3da37d
B0001HYKBC,feature_24610bebee310ea0
B0001HYKBC,feature_25543089d82a5f8b
B0001HYKBC,feature_37b396e2c40ba74c
B0001HYKBC,feature_55443dfcd5cf0141
B0001HYKBC,feature_9a2cfef3ddfb66fd
B0001HYKBC,feature_af0673f2ea744d7a
B0001HYKBC,feature_aff3f8ef9c7bc43e
B0001HYKBC,feature_d70108ebb82120a6
B0001HYKBC,feature_e9365a971ff1f939
B0001UFEXW,feature_817c87cb1d436aba
B0001UFEXW,feature_aecdf134d308d1f1
B00020UR4C,feature_0cac079eb30a5a14
B00020UR4C,feature_125d4584117cd9c9
B00020UR4C,feature_1b0c5d23e073608e
B00020UR4C,feature_2fcb264b45dd349b
B00020UR4C,feature_36be00a95fc2a077
B00020UR4C,feature_6eeb591bb5bd05fb
B00020UR4C,feature_bcea1b9d573d4c4e
B00020UR4C,feature_c500f4dfd882cef7
B00020UR4C,feature_cd8912983b08f005
B00020UR4C,feature_e1072fadb7e5f687
B00025H5W4,feature_76a6427fd5fd9827
B00028EYWK,feature_7524861e815975ad
B00028NLKG,feature_24ac7182841b9c99
B00028NLKG,feature_8d2dfe8bb9ba3b71
B0002DHG48,feature_2df95bd48befce90
B0002DHG48,feature_5ac2de2fd1bb3527
B0002GFKYI,feature_27f7c567afbfeba7
B0002GFKYI,feature_680362703495eb47
B0002GFKYI,feature_6db8c1880d6f6c54
B0002GFKYI,feature_edba3fee7a4438cc
B0002GFKYI,feature_f5439adaccce1a9c
B00064A816,feature_17dde88014b33e9f
B00064A816,feature_2687a94fea678039
B00064A816,feature_558729032e154a2d
B00064A816,feature_c51f4cd368217f0b
B00067ZIPO,feature_1e343bdab1407aa5
B00067ZIPO,feature_4af0aa896417a4e2
B00067ZIPO,feature_d7332c9bc31ff44d
B00067ZIPO,feature_db169a6a910a42f0
B0006NXPMQ,feature_43a464fa055ec5a1
B0006ODSKY,feature_1126f361b4576151
B0006ODSKY,feature_12fe04fa971091bc
B0006ODSKY,feature_53fe06fe014faec3
B0006ODSKY,feature_7f97a2870eef9725
B0006ODSKY,feature_ba2daa738f247395
B0006ODSKY,feature_ed63e809ac68d18a
B0006PRV1U,feature_4dbc2b3ee124a31f
B0006ULJVI,feature_ccfd213b71476686
B00075MC2W,feature_9dc35e8993ba5c9d
B00075MC2W,feature_b17ffbe49cc5aaa0
B00075MC2W,feature_f83f2f531725a8c4
B00076HMSA,feature_4d04cccef9eabc52
B00076HMSA,feature_6752b81b4e168baa
B00076HMSA,feature_776cc22c3b2466ea
B00076HMSA,feature_8c2bc898531a6ad9
B00076HMSA,feature_c1e510f8f34b1205
B00078X2UU,feature_4e0b632e105416a9
B00078X2UU,feature_68dec5283133e1b3
B0007CHJGY,feature_17dde88014b33e9f
B0007CHJGY,feature_2687a94fea678039
B0007CHJGY,feature_558729032e154a2d
B0007CHJGY,feature_c51f4cd368217f0b
B0007XQ2W0,feature_1551a12ca08e9fae
B0007XQ2W0,feature_5134533d386f6305
B0007XQ2W0,feature_53568b70fe27bbc2
B0007XQ2W0,feature_def037c4663a889a
B0007XQ2W0,feature_fd4d449c6414149c
B0009EILPI,feature_10c722df2354f0cb
B0009EILPI,feature_6c6b4aba55abdd3b
B0009EILPI,feature_980553bbaa5cb11e
B0009EILPI,feature_f70a6e8059b37603
B0009MFUOU,feature_02c092986a3da37d
B0009MFUOU,feature_4b24316cb3729c17
B0009MFUOU,feature_5f98064c6ceb75c6
B0009MFUOU,feature_7f01ac7fc0220639
B0009MFUOU,feature_93712be30cc3db0a
B0009MFUOU,feature_d3132303ab7514bd
B0009MFUOU,feature_d70108ebb82120a6
B0009MFUOU,feature_f7a108ed88121db3
B0009MFUOU,feature_f8711ceab42ba7d8
B0009MFUOU,feature_fd46ff3f3e5b505f
B0009QZYI8,feature_938f7f4fa4b8b46b
B0009TAC14,feature_aa27253465e02ba3
B0009TAC14,feature_bbb4f318ad656313
B000AFILXS,feature_25479d90e0fe5216
B000AMG8E0,feature_6cda9ebfd79e7c93
B000AMG8E0,feature_b08b23e0d924fd4b
B000AMG8E0,feature_b1bc2523766e56fe
B000AMG8E0,feature_c107ee3aacb8a18a
B000AMG8E0,feature_d8988cfd42020df6
B000AMRIIK,feature_4898164e6fcf29d6
B000AMRIIK,feature_6c239d762b0c1795
B000AMRIIK,feature_823b75d49391704b
B000AMRIIK,feature_b5fcf3c1eb78c16a
B000AMRIIK,feature_bdd55fc08b8b5123
B000AMRIIK,feature_f44577e5942dacec
B000AYXBHA,feature_0aeaf317767e687a
B000AYXBHA,feature_d1fe94108db8ee87
B000AZ8KY8,feature_b7d6e40719b336dc
B000B12EAM,feature_1b9007ff9c0ea466
B000B12EAM,feature_34893e82b9f4fff6
B000B12EAM,feature_3b202cf07e767f79
B000B12EAM,feature_671897339d147039
B000B12EAM,feature_8c4a65e31d9de1d9
B000B83E3Q,feature_46ced18e8581b78d
B000B9P4OM,feature_2960109684d7c0f4
B000B9P4OM,feature_32e3fd5cb16d4efd
B000B9P4OM,feature_7992f16f5334108b
B000B9P4OM,feature_7bd3cfafd84393af
B000B9P4OM,feature_88bfa08247d4d3ff
B000B9P4OM,feature_fe5951e547bee1b3
B000BBPSFA,feature_122fdc4ca1c7c304
B000BBPSFA,feature_280ea4550eaba763
B000BBPSFA,feature_2829b199b17c9688
B000BBPSFA,feature_65737e5731c0f599
B000BBPSFA,feature_ac5811db1914150a
B000BBPSFA,feature_f650a3f37fc73823
B000BC1RZY,feature_0d52d1cd0b8979db
B000BC1RZY,feature_1cb442b6d601ad7e
B000BC1RZY,feature_29f8ddc333d1b171
B000BC1RZY,feature_69b66331d30c260a
B000BC1RZY,feature_d330a56bbde3ff44
B000BTAWMG,feature_68dec5283133e1b3
B000BTAWMG,feature_b28e950a46d60376
B000C1VY52,feature_68dec5283133e1b3
B000C1VY52,feature_b28e950a46d60376
B000CD3RD2,feature_09de116d19311468
B000CD3RD2,feature_38011e2469e520da
B000CD3RD2,feature_7d9eb73a48b28274
B000CD3RD2,feature_b461acfc4ad20220
B000CD3RD2,feature_ffa2949140acd3ec
B000CD7YGS,feature_a251ff33e7a63a0b
B000COKYTG,feature_338aaa687a661e1e
B000COKYTG,feature_3e1e5455d1edba2d
B000COKYTG,feature_57103a9726428418
B000COKYTG,feature_ccf37bfcb2380f14
B000E1ER9A,feature_61d669117fe8415a
B000E3FHJ2,feature_098f478952df6e14
B000E3FHJ2,feature_373854fb1a91c651
B000E3FHJ2,feature_6593ec8a27e10972
B000E3FHJ2,feature_9120ab7dc37835bd
B000E3FHJ2,feature_bd4f11b9504e2f4e
B000EFDKYE,feature_48b068c18e522735
B000EFDKYE,feature_7b93d441f31fb922
B000EFDKYE,feature_8e7ceeeb765ee4d5
B000EFDKYE,feature_cd49a53e92d44b91
B000EFDKYE,feature_e887115ab461a675
B000EFDKYE,feature_e98f83ddd3cab4fb
B000EH0EQ4,feature_0704c3aefc33a6d0
B000EH0EQ4,feature_4f3601599525458a
B000EH0EQ4,feature_bbf63cd1fb5f2f7a
B000EH0EQ4,feature_d9ec0a77bf280189
B000EVGPE0,feature_23d737f2a70f99bb
B000EVGPE0,feature_43cc47941f5efd1f
B000EVGPE0,feature_4750220978f75527
B000EVGPE0,feature_4a9f7ac678ee808c
B000F0BXLK,feature_1e29003a555046cd
B000F0BXLK,feature_4f1c69f8cfacf043
B000F0BXLK,feature_650e21a4f7b3df24
B000F0BXLK,feature_6b045fd864890853
B000F0BXLK,feature_9a53aca9e4ec76d0
B000F0BXLK,feature_b4b7861d0a6affd1
B000FG8SW6,feature_162b63dd9cfc51b3
B000FG8SW6,feature_76dae618c117c2b5
B000FI4S1E,feature_0c3980e04ffab6f4
B000FI4S1E,feature_462512a9afa86a2b
B000FI4S1E,feature_53d4b67df3d23a1f
B000FI4S1E,feature_93713d9a4e5085c7
B000FI4S1E,feature_b07382a9dd3b7cb0
B000FI4S1E,feature_b83a12b39f576b7a
B000FQ5NQ0,feature_77e8803ae368a62c
B000FQMTNK,feature_7f7a6d283231eebe
B000FQMTNK,feature_7fd484949b7a4b94
B000FQMTNK,feature_a35caed77cca238c
B000FUKK3C,feature_02c092986a3da37d
B000FUKK3C,feature_151528d7d7a2e33d
B000FUKK3C,feature_30b33b64dd2638ed
B000FUKK3C,feature_5f98064c6ceb75c6
B000FUKK3C,feature_604cb8feeb1b2e78
B000FUKK3C,feature_751d96bfb65aec14
B000FUKK3C,feature_93712be30cc3db0a
B000FUKK3C,feature_a0afd3b958c86581
B000FUKK3C,feature_d70108ebb82120a6
B000FUKK3C,feature_ebdd71a318f04e0c
B000G1C2AO,feature_e7c10837b26f4996
B000G386MU,feature_155e8bbb527f5192
B000G386MU,feature_3a08edf0b30c794d
B000G386MU,feature_3cacc319a54379ba
B000G386MU,feature_4c0b04a997902a88
B000G386MU,feature_679f1a99495d14a8
B000G386MU,feature_dec8b6b7627297e6
B000G6XJ3S,feature_1ceaabf33267d40b
B000G6XJ3S,feature_2fe504cb4ae72783
B000G6XJ3S,feature_40443ce0d89630e6
B000G6XJ3S,feature_6b27d1fa1c965c8c
B000G6XJ3S,feature_7e8b1a9d7b3660ea
B000G8LWZI,feature_22db6c2f72c972df
B000G8LWZI,feature_3b10fad702368dd4
B000G8LWZI,feature_3fbdd6b9a11d6e27
B000G8LWZI,feature_51a68fa3eab2c790
B000G8LWZI,feature_8169d7b83cfaccd6
B000G8LWZI,feature_8390f8c54eded1be
B000G8LWZI,feature_9ee59d75a5aa56e9
B000G8LWZI,feature_ad1acc2b8b1835f8
B000G8LWZI,feature_c945756ca7d701f9
B000G8LWZI,feature_de68dc299b9f4b4d
B000GAQS9G,feature_1a0c151b1191b819
B000GAQS9G,feature_874e25c2e52998f6
B000GAQS9G,feature_9d9524d7bfaff591
B000GAQS9G,feature_d3de2e4cd080a36c
B000GCHTH4,feature_02e255d29e460860
B000GCHTH4,feature_4ebacb6566c439bf
B000GCHTH4,feature_8d36f4c8474310ec
B000GCKANY,feature_0aa3da3446382636
B000GCKANY,feature_6082145b4debf611
B000GCKANY,feature_9540a5ddf62919c6
B000GCKANY,feature_b0d03750a3c6ee03
B000GD031C,feature_436932dcaa335280
B000GD031C,feature_5df7a1ce0b03dd7f
B000GD031C,feature_b5a2b97b2ba48c68
B000GD031C,feature_bd9f2e7972897f9a
B000GGFZ6W,feature_1ece5af9c4a97489
B000GGFZ6W,feature_32cc29b226e94a18
B000GGFZ6W,feature_744c9c5b66f944da
B000GGFZ6W,feature_ac9ebf0057ff1284
B000GGFZ6W,feature_c1958ef3abb2066b
B000GHVM6I,feature_25791b5544dca207
B000GHVM6I,feature_68dec5283133e1b3
B000GJ3EUS,feature_99b97ba9ccfcd036
B000H75DEE,feature_f00fefeb5cad2993
B000H7XZ7Q,feature_21a42bcf58269a2e
B000H7XZ7Q,feature_76039285d8450ba6
B000H7XZ7Q,feature_77cbaeb03fb88566
B000H7XZ7Q,feature_911e9ac1b617e807
B000H7XZ7Q,feature_fbea6c4289c68eec
B000H8UH1C,feature_92fcb9b574aeea3c
B000H8UH1C,feature_9f3fac0e9a0cc46f
B000H8UH1C,feature_acea45e66291f492
B000H8UH1C,feature_d9218bcd2d4f779a
B000HUNBXG,feature_39a01a80c77af4c4
B000HUNBXG,feature_3ec4fa6aec14bbfd
B000HUNBXG,feature_40f9f7a9f4f64af5
B000HUNBXG,feature_888e594718a07b32
B000HUNBXG,feature_d096f5c48a532a08
B000J29GRW,feature_0585ab0d0cce8463
B000J29GRW,feature_2c195a52c371a5a5
B000J29GRW,feature_3eec6017a1a58af4
B000J29GRW,feature_5955e3917bd477b0
B000J29GRW,feature_87794f3fe2a36364
B000J29GRW,feature_b11747f26afc250a
B000J29GRW,feature_d3dc7e639a13767f
B000J29GRW,feature_e4677b887e9758db
B000JIIOII,feature_05018bf84f24b1ff
B000JIIOII,feature_22fd5b13396e22ea
B000JIIOII,feature_66121401826a70e4
B000JIIOII,feature_fbea6c4289c68eec
B000JR6WTM,feature_61cc65e75bd57f9d
B000JR6WTM,feature_8754fa9f3a5be417
B000JR6WTM,feature_c5a1e02fc34985bc
B000KHIQ1I,feature_4f727fb1248f7a05
B000KHTDM4,feature_7c016c2a00cd3517
B000KHTDM4,feature_d450ce442d8ac2b0
B000KMCSG2,feature_022021340ed73639
B000KMCSG2,feature_02c092986a3da37d
B000KMCSG2,feature_0face0648f0bae7b
B000KMCSG2,feature_163d2657a2b6e766
B000KMCSG2,feature_2f20064ae7887465
B000KMCSG2,feature_7d5251dd16258872
B000KMCSG2,feature_7f24c868a88884e0
B000KMCSG2,feature_9ca4f41a279a3a56
B000KMCSG2,feature_a4edda77cede84d4
B000KMCSG2,feature_d70108ebb82120a6
B000LSZAPQ,feature_c9307ea9f756b8a8
B000LSZAPQ,feature_ff5b3eba38114929
B000LT6I8I,feature_37011cb0c5ae1d04
B000LT6I8I,feature_60a86a40c3ba7fdc
B000LT6I8I,feature_b4d106817190fc77
B000LZR5XE,feature_09fb9ebc19498bf4
B000LZR5XE,feature_27607efe54a12aed
B000LZR5XE,feature_4afd90340357f8eb
B000LZR5XE,feature_4d3480939b65a79d
B000LZR5XE,feature_75f64ce4ffa96bef
B000LZR5XE,feature_c3672539af222b5b
B000N0OSAK,feature_1f0f98f4c3efd26f
B000N0OSAK,feature_21b1d7a1d06b62af
B000N0OSAK,feature_23af0d9764a0e335
B000N0OSAK,feature_9b415e1b97510d6b
B000N0OSAK,feature_9ecac699988172e9
B000N0OSAK,feature_cc3b9ec6a7004648
B000N2YZQK,feature_5eeea2483ae382db
B000N2YZQK,feature_78ed1cd4633656aa
B000N2YZQK,feature_c6f540c85524a605
B000N9IQLS,feature_0843196a00c14999
B000N9IQLS,feature_41b2a98651ec94d2
B000N9IQLS,feature_a67c7ceba0ed2991
B000N9IQLS,feature_b31671fea42c992e
B000N9IQLS,feature_dca8032233f890c2
B000N9IQLS,feature_dd2a9e6b0ad2ad5f
B000NISIP8,feature_6281a473bd45aa42
B000NISIP8,feature_cec33cbdaae45a20
B000NQ0F3S,feature_fb9e95591d7314eb
B000NTDOAQ,feature_231f8d8c8e370da1
B000NTDOAQ,feature_8f9459f3093e7699
B000NTDOAQ,feature_92ba90978de4fd42
B000NTDOAQ,feature_e3ca49b8673c20ef
B000NVNOQI,feature_148b1a16c8843155
B000NVNOQI,feature_a81f1d573869460d
B000NVNOQI,feature_d36c7aabecd13bde
B000NVNOQI,feature_d78e1480d6ee3773
B000NVWFB8,feature_3e38cc2eca9b5f59
B000NVWFB8,feature_65428f775bb226ce
B000NVWFB8,feature_bf6ca6a334013b0d
B000NWD020,feature_6ad92cd2828c1054
B000NWD020,feature_a9a085d555e3fee5
B000NWD020,feature_e0d7836a1d8660b0
B000NYZE40,feature_839e671cd1afc84b
B000NYZE40,feature_c7beb6cd10801d3c
B000NYZE40,feature_d8829acd4aa59eda
B000NZXMUW,feature_0052299e2e6267dd
B000NZXMUW,feature_18969bd6880fb3c3
B000NZXMUW,feature_8903e0db49042d3a
B000NZXMUW,feature_adcf11f352db07d8
B000NZXMUW,feature_eb92bbd94e85e3a6
B000NZXMUW,feature_f36f19d2fe8b2c1a
B000OD26SW,feature_21a42bcf58269a2e
B000OD26SW,feature_3fd46e74e4d6c315
B000OD26SW,feature_7071cbc2c1cde63e
B000OD26SW,feature_77cbaeb03fb88566
B000OD26SW,feature_d267db26b1129d6c
B000OD26SW,feature_fbea6c4289c68eec
B000OIDASC,feature_1e18ea74a88f298f
B000OIDASC,feature_31b79aca6ca34637
B000OQFVLS,feature_1151d32d7caa32f5
B000OQFVLS,feature_45fed3c2ae0541c2
B000OQFVLS,feature_85a7127c27411638
B000OQFVLS,feature_8e7ceeeb765ee4d5
B000OQFVLS,feature_8edfcf086ab4598c
B000OQFVLS,feature_985efcae38c4001a
B000ORUQF8,feature_07c6507f254ba91e
B000ORUQF8,feature_07e094d6258463eb
B000ORUQF8,feature_21921645fb3ce875
B000ORUQF8,feature_21bdac2dafc56826
B000ORUQF8,feature_805c330ba878690d
B000ORUQF8,feature_d818783109448be0
B000OT3SKQ,feature_2ea8221364df8680
B000OT3SKQ,feature_71956e1323cf4423
B000OYNCUM,feature_3d48a65a4c3d5219
B000OYNCUM,feature_4a710d7654f8a61a
B000OYNCUM,feature_b96929ded052e405
B000PKS7AU,feature_476c05de4f71e7bb
B000PKS7AU,feature_5a36c77595a243c4
B000PKS7AU,feature_b56619b3f4b3c47e
B000PKS7AU,feature_c5d082082b36adc7
B000PKS7AU,feature_d613363e7eb89bef
B000PY8B98,feature_911e9ac1b617e807
B000PY8B98,feature_979d5da7a0ef3786
B000PY8B98,feature_b996ee55cc7ff97e
B000PY8B98,feature_c95370ca9234a1a6
B000PY8B98,feature_fcea3494cb5ce3ae
B000Q69R98,feature_035f9ea08fc7d96b
B000Q69R98,feature_84ed3ed4ab70205b
B000Q69R98,feature_a974614bc94aca40
B000Q69R98,feature_bb8d42d0fe5be82b
B000QB8VO0,feature_37dddb856b89e7d1
B000QB8VO0,feature_b49e46f1c41fa249
B000QB8VO0,feature_cb0fc09de56c8b21
B000RLVZ8I,feature_22fd5b13396e22ea
B000RLVZ8I,feature_66121401826a70e4
B000RLVZ8I,feature_ddcf23e6110ac407
B000RLVZ8I,feature_fbea6c4289c68eec
B000RWJ4LM,feature_051f38afb78e34c5
B000RWJ4LM,feature_0c9595a97d956734
B000RWJ4LM,feature_216954f7e3ab41af
B000RWJ4LM,feature_68532cdd2fb95d89
B000RWJ4LM,feature_6fb13f008136227d
B000RWJ4LM,feature_7c5ee12579c54c22
B000RWJ4LM,feature_8c3a6cdf59ca8fa1
B000RWJ4LM,feature_aaaacdb4defd6e71
B000RWJ4LM,feature_e15c91a99e48df97
B000SOLOOY,feature_30867ffb8aa99c93
B000SOLOOY,feature_870aa29296b4eeee
B000SOLOOY,feature_ba0aaecfcb12d513
B000SOLOOY,feature_bff81f9db383e321
B000SSQGXE,feature_aa9e962e9ea1350d
B000SSQGXE,feature_b373cb11a433f5ce
B000SSQGXE,feature_dc9cc627d4153501
B000TFLB36,feature_0f45092322b37a50
B000TFLB36,feature_193f238162bd5bae
B000TFLB36,feature_425d7f1a138ddd31
B000TFLB36,feature_43d50a2b85b9f705
B000TFLB36,feature_5cb98142bcbd98a7
B000TFLB36,feature_b3b75383afa4ee34
B000TFLB36,feature_b609d439f2c2f323
B000TFLB36,feature_c6eff35e644aa04b
B000TFLB36,feature_c8da128e43a8583e
B000TFLB36,feature_e276b08826f03687
B000TFW8WE,feature_2dd212369cf5bc6d
B000TFW8WE,feature_835458d0a7be94e9
B000TFW8WE,feature_86632df5ef0caefa
B000TN9QPI,feature_7b9f6e0710dcb7aa
B000TN9QPI,feature_958be73731c380e6
B000TN9QPI,feature_aa43478cdae4faa6
B000TN9QPI,feature_b362083e9f4ab83f
B000TN9QPI,feature_e526864150156f27
B000TTNEZA,feature_1585d000ec2c30c0
B000TTNEZA,feature_6a58055e0384ab73
B000UI9HHO,feature_17a76b2a2341b084
B000UI9HHO,feature_21526f432a672e36
B000UI9HHO,feature_52446ec7cbace465
B000UI9HHO,feature_647eb9ded22c6a58
B000UI9HHO,feature_90851663dcd2562b
B000UK4Y5M,feature_02c092986a3da37d
B000UK4Y5M,feature_0f45092322b37a50
B000UK4Y5M,feature_1235c5983723d8ab
B000UK4Y5M,feature_193f238162bd5bae
B000UK4Y5M,feature_43d50a2b85b9f705
B000UK4Y5M,feature_5cb98142bcbd98a7
B000UK4Y5M,feature_9cf5032f6273dfbb
B000UK4Y5M,feature_b609d439f2c2f323
B000UK4Y5M,feature_c6eff35e644aa04b
B000UK4Y5M,feature_e276b08826f03687
B000UOF16Y,feature_210e273f40ff4f13
B000UOF16Y,feature_5f52e6b849472002
B000UOF16Y,feature_75b617b960e23604
B000UOF16Y,feature_8d8fdef78116549c
B000UOF16Y,feature_a6eed76f05d930ab
B000UPUNZM,feature_624feee9017020c7
B000UPUNZM,feature_b531a3671585db5d
B000US5Q8I,feature_21526f432a672e36
B000US5Q8I,feature_52446ec7cbace465
B000US5Q8I,feature_647eb9ded22c6a58
B000US5Q8I,feature_65973be475bb4653
B000US5Q8I,feature_a085ae3d81c2c2a4
B000V5F2NO,feature_b9a5c8398130b6d7
B000V5F2NO,feature_ff293ea74e466afe
B000V5KL7G,feature_e2371fe3e15717a3
B000V9FQWM,feature_58d6b7553c25e9dc
B000V9FQWM,feature_d8dfed134fe488c7
B000VCCM58,feature_0ccce5255c861b48
B000VCCM58,feature_24f5ad8c3bff29d6
B000VCCM58,feature_b0a6ffead6468343
B000VCCM58,feature_bde2dd69e21ac422
B000VCCM58,feature_eac1324e4a5c9fde
B000VMGAD8,feature_e3dbc7a9a6c74b77
B000W0C07Y,feature_d8940db91f284898
B000W0C07Y,feature_d9890827a3b618e8
B000W0C07Y,feature_f99389a93f8bb9bf
B000WGRRRQ,feature_4f01923cc696a5c6
B000WGRRRQ,feature_7bfdd7dd5d52565b
B000WGRRRQ,feature_a12f633fa56ae7fd
B000WGRRRQ,feature_f26140bed56e91b7
B000WN45ZG,feature_0358fd5268959c02
B000WN45ZG,feature_39495486f6104840
B000WN45ZG,feature_3f6cae8ef2a78411
B000WN45ZG,feature_78eb87f447c3fb5f
B000WN45ZG,feature_92631427e3c6d372
B000WN45ZG,feature_c14b1bcc8ca59507
B000WS51FE,feature_d7ecd48542899b33
B000WZNZAA,feature_1b0c6bb80ece8bb3
B000WZNZAA,feature_1e87b482cf8e52b7
B000WZNZAA,feature_2249dbcff9b4455a
B000WZNZAA,feature_5be3fffaa7bf754c
B000WZNZAA,feature_8de1b0e53acd9f9d
B000WZNZAA,feature_a36b0f5f22de64e8
B000WZQ7D2,feature_5086f64249f32ca0
B000WZQ7D2,feature_6b21dee3573f5098
B000WZQ7D2,feature_89288a6036bf0422
B000WZQ7D2,feature_b5161d8aecbfe212
B000WZQ7D2,feature_cc2d0521314ffeed
B000WZQ7D2,feature_fc2621705c48fe67
B000XEVMQ4,feature_217a755e87581030
B000XEVMQ4,feature_596b0c3e99371151
B000XEVMQ4,feature_861d183ccd76bb03
B000XEVMQ4,feature_a3d072b42bca8f3f
B000XSDC7C,feature_54da3479788d9af5
B000XSDC7C,feature_918a22b29b334a29
B000XSDC7C,feature_9f50882295d3f0af
B000XSDC7C,feature_b7e23baf8335a4a7
B000XSDC7C,feature_c6124ef35c7b1261
B000XY8OVA,feature_8625ea2821ef95aa
B000Y3SIXE,feature_3a48e3782fa8feb8
B000Y3SIXE,feature_d94ede69becef21b
B000Y3SIXE,feature_dc0940a8d4505376
B000YD9MKM,feature_16ec20fb581669c4
B000YD9MKM,feature_675868a6d4f6b822
B000YD9MKM,feature_6fb9ae8b2cd5dd28
B000YD9MKM,feature_8c8855dd72f8f45d
B000YD9MKM,feature_dc73f1200744152d
B000YD9MKM,feature_ee12a488fcc71bf8
B000ZJUEGQ,feature_48f063e90a8ee7ed
B000ZJUEGQ,feature_4fa899b1e135c505
B000ZJUEGQ,feature_732bbc911eca028d
B000ZJUEGQ,feature_ba4c928d2df01fcf
B000ZJUEGQ,feature_cbb42d2115a82dc9
B000ZJUEGQ,feature_e8c6c13cd3ab6058
B000ZLYMLM,feature_06802e38d766ce93
B000ZLYMLM,feature_21a5a8c851157ca6
B000ZLYMLM,feature_5211b13c8a4c691d
B000ZLYMLM,feature_a176d3e8421c3d52
B000ZLYMLM,feature_bbbdf1a6aa32dd8d
B000ZLYMLM,feature_fedf8a5dc9749172
B00102JGFC,feature_1462025ecddfe655
B00102JGFC,feature_6a79ae1e63b46702
B00102JGFC,feature_cb164f849ad47ae7
B00102JGFC,feature_e456b6cf8c78ec0a
B0010DMNFQ,feature_1a59b4025f03c995
B00116W1NG,feature_71da1133c7eab0bd
B00116W1NG,feature_ee95fcba2d75c9df
B0011DN60Q,feature_185c3f8afb8f376f
B0011DN60Q,feature_6a4924b4b7dc5151
B0011DN60Q,feature_94cfb4a218373ce3
B0011TP6W6,feature_265dcf80f0e87896
B0011TP6W6,feature_779b68a54038fe90
B0011TP6W6,feature_8da675db9d7f8739
B0011TP6W6,feature_a185a89c2d14af92
B0011TP6W6,feature_b1f5a10691d53a02
B0011TP6W6,feature_dd3ade8ff92ea5b5
B0011UWUUQ,feature_5610753d467332ce
B0011UWUUQ,feature_85271a0d9a607614
B00124SH1W,feature_0739bf7da1abe189
B00124SH1W,feature_d9afbacedec5ed4b
B00124SH1W,feature_dce2258098806172
B001281404,feature_0c39ce9cb4a9d448
B001281404,feature_34cc84cd5b044271
B001281404,feature_b59c23ab36458f2f
B001281404,feature_d5f716d18883c639
B0012CFBXG,feature_2df861912a9ff5ef
B0012CFBXG,feature_2fc68cde613d098c
B0012CFBXG,feature_3e17ee17aa1d2c32
B0012CFBXG,feature_b2e357f91469b5c8
B0012CFBXG,feature_d8f151dd3b652a73
B0012CFBXG,feature_e785e9a7a4d67ac4
B0012KGZFQ,feature_268ddd5cecaf2fec
B0012KGZFQ,feature_dd8309b835b104ad
B0012OR2NG,feature_56a33eb3f00e2706
B0012OR2NG,feature_a1e7e840af66d108
B0012TTP7M,feature_182d6a2f95790477
B0012TTP7M,feature_68eab5cbd68ee754
B0012TTP7M,feature_6d336a6cbdc33c00
B0012TVBCE,feature_02c092986a3da37d
B0012TVBCE,feature_0f45092322b37a50
B0012TVBCE,feature_1235c5983723d8ab
B0012TVBCE,feature_193f238162bd5bae
B0012TVBCE,feature_43d50a2b85b9f705
B0012TVBCE,feature_5cb98142bcbd98a7
B0012TVBCE,feature_9cf5032f6273dfbb
B0012TVBCE,feature_b609d439f2c2f323
B0012TVBCE,feature_c6eff35e644aa04b
B0012TVBCE,feature_e276b08826f03687
B0012VV9LU,feature_031b92d19207e4b0
B0012WZSA2,feature_04930316e3d286a7
B0012WZSA2,feature_1860a5800f77d577
B0012WZSA2,feature_c6e1a22f0c51c4aa
B0014EWHKM,feature_2ba424ac9af53b28
B0014EWHKM,feature_54189f338f3eb8fd
B0014EWHKM,feature_7839f2c3849b4904
B0014EWHKM,feature_f89b1ed827f43c32
B0014Z844E,feature_114f1781895e03f7
B0014Z844E,feature_1e5e83a9f4b505c3
B0014Z844E,feature_63ec6fb00b2078b2
B0014Z844E,feature_9a048cf7ce6b8a8e
B0014Z844E,feature_d9836f63d9f833f2
B0014Z844E,feature_f632dbb4c79ca488
B001546R3E,feature_e79852cc1fda1cde
B00157BTMU,feature_07453f9a57f866be
B00157BTMU,feature_332b4a9c6d808273
B00157BTMU,feature_636f2041fdd011c7
B00157BTMU,feature_eb2927b867da9ab4
B00157BTMU,feature_f81d2700b274ecb7
B0015ACFG6,feature_2c258c8fd86b52c2
B0015ACFG6,feature_4ab957c3e6e19a94
B0015ACFG6,feature_d3be48356d6664ca
B0015R1W2M,feature_02c092986a3da37d
B0015R1W2M,feature_26aca7941a99d90e
B0015R1W2M,feature_2ea2a5123d13221d
B0015R1W2M,feature_3ce39614cc12e346
B0015R1W2M,feature_90002345629bd071
B0015R1W2M,feature_a95c6ac885979351
B0015R1W2M,feature_bfb5be34b66c3ea6
B0015R1W2M,feature_c9a2a191524f72df
B0015R1W2M,feature_d70108ebb82120a6
B0015R1W2M,feature_e70aea66f40f041e
B0015TEOFM,feature_9192e0c86fb3313d
B0015TEQT6,feature_e0064441e4544e88
B0015THZ3K,feature_a7b00d0000b25534
B0015THZ3K,feature_c0a5e3fc4e2e3708
B0015THZ3K,feature_c40b5a59e585b1fb
B0015THZ3K,feature_dba6074bc9858244
B0016A7RX6,feature_cee7209f865ad7dd
B0016A7RX6,feature_f48fbbda6d3e60ac
B0016Q733Y,feature_830ff4713872c676
B0016Q733Y,feature_9f50882295d3f0af
B0016Q733Y,feature_bbf63cd1fb5f2f7a
B00172Q590,feature_51bd9b30501f8079
B00176GTAG,feature_0f43a845f454e37b
B00176GTAG,feature_89f121a6efb9755b
B00176GTAG,feature_a5bb777a68749bed
B00176GTAG,feature_aa09f6cdef3a6487
B00176GTAG,feature_d2c283ce2828ce82
B00176GTAG,feature_dd71bca236a98f77
B0017JV5T8,feature_22e4737dd718f642
B0017JV5T8,feature_68dec5283133e1b3
B0017LUY98,feature_55d5f75d6e6cba5e
B0017LUY98,feature_68dec5283133e1b3
B0017LUY98,feature_9837339cc58a6e25
B0017MTBUA,feature_38011e2469e520da
B0017MTBUA,feature_45bd039afc08f564
B0017MTBUA,feature_7267fb756ce176ae
B0017MTBUA,feature_d597b3837586630a
B0017WUID4,feature_13cb061d12d6577f
B0017WUID4,feature_4516272142af60fb
B0017WUID4,feature_ace99fb81eb933d6
B0017WUID4,feature_d8962ac91e1f606d
B0018BYKQ0,feature_32e3fd5cb16d4efd
B0018BYKQ0,feature_374aa7faced6b6aa
B0018EBA24,feature_e684dc1ca1bb4f61
B0018EBA24,feature_e7f7515d6f1e380a
B0018JW4ZQ,feature_1ad41a9dee650251
B0018JW4ZQ,feature_6383ffd087b86204
B0018JW4ZQ,feature_7bb5eeb26c0ba912
B0018JW4ZQ,feature_9b79147a7d4779ba
B0018JW4ZQ,feature_9f50882295d3f0af
B0018JW4ZQ,feature_ac1e983fc8b798d5
B0018JW4ZQ,feature_b3a4bb6848075906
B0018JW4ZQ,feature_d8f7aa2732598076
B0018JW4ZQ,feature_ee352b392e8e58fd
B0018MZAN6,feature_75e1d5f224b1a7c7
B0018MZAN6,feature_99ad80545d77d926
B0018MZAN6,feature_ee54d34e5cdb8bce
B0018MZAN6,feature_f61bf416ee2d3a9b
B0018NPP80,feature_21526f432a672e36
B0018NPP80,feature_7b6ce57132a62513
B0018NPP80,feature_81f3f92993e337e2
B0018NPP80,feature_c2cffd10494704e7
B0018NPP80,feature_fc32803452d10fac
B0018NTNN8,feature_05c55e3e2fed0e7b
B0018NTNN8,feature_5febfb6e90e1876e
B0018NTNN8,feature_b17ffbe49cc5aaa0
B0018NTNN8,feature_f99389a93f8bb9bf
B0018Y3MA2,feature_2fb405be1a57b354
B0018Y3MA2,feature_428d0c672896a717
B0018Y3MA2,feature_82e6d5b5f41d8de5
B0018Y3MA2,feature_92e05ef0e0017aa9
B0018Y3MA2,feature_fb03c98eac3a68fd
B0018Y3MA2,feature_fc29529373d5c150
B00192MVIM,feature_50982a866bac4de6
B00192MVIM,feature_73811c1dd3dabf0f
B00192MVIM,feature_c310580da9a76988
B00192MVIM,feature_cc530554da6cf3ba
B00192MVIM,feature_ee4974ef7a0f3eee
B00192OGZS,feature_720189b5b22b7bfe
B00192OGZS,feature_be0a492775166386
B0019CK0IK,feature_2684aa932fb15104
B0019CK0IK,feature_c75bd481e3ac5709
B0019QE22G,feature_1e286ce5e7cdf031
B0019QE22G,feature_6dfe4ccaf8fd2c6a
B0019QHPYS,feature_1e286ce5e7cdf031
B0019QHPYS,feature_ddd80fcea28c8796
B0019R1FQG,feature_d33baa162e76bad3
B001A5S9S4,feature_bdf70a686d939404
B001AESBOC,feature_688c648d26b86129
B001AESBOC,feature_806e2e8766473617
B001ANMY5A,feature_04498e7b0eeb87de
B001ANMY5A,feature_06e1e7c7799be446
B001ANMY5A,feature_10397412ebd932dc
B001ANMY5A,feature_66c1d535a8c510f7
B001ANMY5A,feature_c0692047ab23b413
B001ANMY5A,feature_dc320070097ed6e0
B001ANMY6Y,feature_04498e7b0eeb87de
B001ANMY6Y,feature_10397412ebd932dc
B001ANMY6Y,feature_66c1d535a8c510f7
B001ANMY6Y,feature_c0692047ab23b413
B001ANMY6Y,feature_daf3fdcc74c149d7
B001ANMY6Y,feature_dc320070097ed6e0
B001ANMZT0,feature_0eae357da9211881
B001ANMZT0,feature_14e63cfdfbe1544a
B001ANMZT0,feature_7282d1998c03967c
B001ANMZT0,feature_73763e0144c2dd5b
B001ANMZT0,feature_9216521cf98d078b
B001ANMZT0,feature_d2e193af5739aba4
B001ANN2M4,feature_72843c7d7b00f3e4
B001ANN2M4,feature_b0f4b79407e939ca
B001ANN2M4,feature_e949586a9396492c
B001AQRSAS,feature_1feafa2e5dac787c
B001AQRSAS,feature_3bd3880b079cecd9
B001AQRSAS,feature_6c16a2e9139aa294
B001AQRSAS,feature_8528f09ee8fbcff8
B001AQRSAS,feature_aee9a23fbbd2dc9c
B001AQRSAS,feature_c46b01aa6835242e
B001AXI15C,feature_4bbdd3aa0282ec40
B001AYQRNY,feature_552f5fe3b1df7b92
B001AYQRNY,feature_933685d35ee57106
B001AYYWY0,feature_b8e14d2074488c6d
B001B68ZHW,feature_0a1309820b39d9ef
B001B68ZHW,feature_17e8d2e30072d272
B001B68ZHW,feature_237eb8f039ea7f88
B001B68ZHW,feature_7b8e66aa4eab5c26
B001B68ZHW,feature_9b1035b8e958dc40
B001B68ZHW,feature_e34600c1db06600b
B001CAYPCQ,feature_013a765062535842
B001CAYPCQ,feature_55401ad933e5482f
B001CAYPCQ,feature_b34dd0b649a6a653
B001CAYPCQ,feature_c8a97a3132469469
B001CAYPCQ,feature_e40e5838b5ccd45f
B001CAYPCQ,feature_fc5e2eeacb2206b8
B001CDGVWA,feature_05d90bfd18d79394
B001CDGVWA,feature_391405b0d6aead14
B001CDGVWA,feature_96ae67f391fce653
B001CL4O9E,feature_86d17a76d6873321
B001CL4O9E,feature_b55413e2d568d6ad
B001CL4O9E,feature_bcec00ae652df7c6
B001CL4O9E,feature_fe6f56f3a2f8f255
B001D1PSH0,feature_f3ff5bee8e20323f
B001DB6AWM,feature_39ee624f15e7e4ea
B001DB6AWM,feature_57c632204ddbac8e
B001DB6AWM,feature_73763e0144c2dd5b
B001DB6AWM,feature_8d3e12d337a39643
B001DB6AWM,feature_ad08759d18c90e33
B001DB6AWM,feature_d1eab7798d0b77de
B001E6OCC6,feature_1c51488c059cbceb
B001E6OCC6,feature_582febf6e1344355
B001E6OCC6,feature_5dd26f168185d25d
B001E6OCC6,feature_7a1a6934f814375b
B001E6OCC6,feature_c529d1c222400f4b
B001E96O2E,feature_0cf88f87047e8428
B001E96O2E,feature_656ef255b76edf5e
B001E96O2E,feature_6e907b52838755d5
B001E96O2E,feature_82831c06d58644e9
B001ECQ34U,feature_005623e07760c2ec
B001ECQ34U,feature_0c7d27c588110861
B001ECQ34U,feature_2e1cf76060404862
B001ECQ34U,feature_3a4cb834fa8aeb6c
B001ECQ34U,feature_c10f26bd33e3f410
B001ECQ34U,feature_edc0fa18eb53c5f4
B001ET77WK,feature_3362cb386bc55416
B001ET77WK,feature_369e013ffa361c61
B001ET77WK,feature_475ebdad259f2375
B001ET77WK,feature_6f56d4d0bd330265
B001ET77WK,feature_7bccbe8784c71396
B001ET77WK,feature_fdc1c11a9cf5554c
B001F41IXI,feature_36e80d99edef7530
B001F41IXI,feature_61786acfe244d090
B001F41IXI,feature_bb2df6696297f798
B001F41IXI,feature_d91f83098d53b8be
B001F41IXI,feature_e3ed255bc126d827
B001F41IXI,feature_f1dcfa466ca7bcd1
B001F5X9KM,feature_13635681b7eee767
B001F5X9KM,feature_2dec92d81791eaef
B001F5X9KM,feature_351c6d81147f8d00
B001F5X9KM,feature_70f2fff33233f9ba
B001F5X9KM,feature_cf9935fb71aad0a0
B001F5X9KM,feature_f725f2bab2c9c85c
B001FORJTA,feature_4cad14227318da79
B001FORJTA,feature_5f62345e5c8c55a7
B001FORJTA,feature_6d268d75ba697db2
B001FORJTA,feature_8b32294a641e999a
B001FORJTA,feature_c000feea2168af90
B001FORJTA,feature_d3f35dfadcabe7bc
B001FORJTA,feature_dcc5b070e3f1447a
B001FORJTA,feature_dd3ade8ff92ea5b5
B001FQMAIS,feature_9e6577fad5afb8de
B001FQMAIS,feature_bbfee49fda95ab78
B001FWXTMI,feature_5580ab728712ffaa
B001FWXTMI,feature_6576a4f4c73a39ec
B001FWXTMI,feature_95cae28c90e8e6df
B001FXBIXE,feature_25fe85e21db5e3ae
B001G15BE2,feature_c48efaad9a1b6554
B001G15BE2,feature_f1956f8e37096c7b
B001G74D22,feature_39fb232205440c38
B001G74D22,feature_7cfadae4bb9777a5
B001G74D22,feature_875056046f357418
B001G74D22,feature_b4d2ee736920c24c
B001G74D22,feature_bcd248bcb36d8205
B001G7PMRW,feature_1901e24b70ffc1ad
B001G7PMRW,feature_495be6ce6ed6340a
B001G7PMRW,feature_92b46c5e7ca9c295
B001G7PMRW,feature_ac55142bb8a127b3
B001G7PMRW,feature_b5b5d9e9ab47c241
B001G7PMRW,feature_c762321c4174d177
B001G7Q1HM,feature_31b05b7a56c6f410
B001G7Q1HM,feature_4b67af483f5bfa0b
B001G7Q1HM,feature_756cf2927b63b034
B001G7Q1HM,feature_95e67e8df4d5823f
B001HC54SS,feature_1bc54f62ad29aa3e
B001HC54SS,feature_3041cc33f965216c
B001HC54SS,feature_7c0bfba49cca478e
B001HC54SS,feature_acb2eca5f36e6c9d
B001IYQBGE,feature_2b679309c2d91a79
B001IYQBGE,feature_7d556f884bc1272e
B001IYQBGE,feature_82094c372f503dfd
B001IYQBGE,feature_a4104e52962534b7
B001IYQBGE,feature_cd2ab81fbfa21b1a
B001JA1CSE,feature_2d28a570319c7ae0
B001JA1CSE,feature_36d30d1ea9007b77
B001JA1CSE,feature_4289bb1e263cc273
B001JE325G,feature_0ef50379a1cbb1e2
B001JE325G,feature_1ca8513595ea5176
B001JE325G,feature_1ef811ea9bdfed18
B001JE325G,feature_21c240109f76fca4
B001JE325G,feature_2f69d71e59035532
B001JE325G,feature_538298d39c415b4b
B001JE325G,feature_69eef8d9e4d506ec
B001JE325G,feature_741307142b26adee
B001JE325G,feature_8a213e16ede09251
B001JE325G,feature_c31af58e9112a663
B001JJBE2E,feature_239661f16cac162d
B001JJBE2E,feature_2ca15ad3dcedc436
B001JJBE2E,feature_316f1c6666e6e8ff
B001JJBE2E,feature_7b8589f48ad9f696
B001JJBE2E,feature_8bef9dab05c734f3
B001JJBE2E,feature_9e6c46232b4eb61c
B001JKYW2C,feature_2ad0855f235cfd5b
B001JKYW2C,feature_3a567b56a106a32a
B001JKYW2C,feature_4325f438f455bd50
B001JKYW2C,feature_5c7b7867ea78fd52
B001JKYW2C,feature_6376927776389043
B001JKYW2C,feature_7f7cef3d5f6515a9
B001JY5SCQ,feature_106f73edb18f1bbb
B001JY5SCQ,feature_805b0719c07c0924
B001K80AYM,feature_72c5a292d691012b
B001KMC46A,feature_cd4308cbb2dab803
B001KYU582,feature_3e12786b5352833b
B001KYU582,feature_7b29a3f5b53f7fb4
B001KYU582,feature_88fa5f0747ab88dd
B001L1503Y,feature_68dec5283133e1b3
B001L1503Y,feature_dd74e86f33d50027
B001LGDG44,feature_9c487eb0a0a838a8
B001LNODSA,feature_3dcc72f7fd1409e1
B001LNODSA,feature_7ab4908537f3930e
B001LNODSA,feature_cc288acc249aa5c9
B001LNODSA,feature_dd5b90e9adea1605
B001LNODSA,feature_fa7f7bfcc9a66478
B001MA411G,feature_8849e14457047465
B001MA411G,feature_acf44f8a8d518edb
B001MP47WE,feature_09f1b5381b5efa3f
B001MP47WE,feature_3378244968f71b6e
B001MP47WE,feature_fcc88f5cddf59254
B001MP47WE,feature_febc8730130f2b3c
B001MU6G5U,feature_436cc666615ada07
B001MU6G5U,feature_c79c22cedb5ead95
B001N0QMF8,feature_09d485f99dc001eb
B001N0QMF8,feature_995769481479e071
B001NI4OXW,feature_0548640d9f209197
B001NI4OXW,feature_25e5a5d6bb348558
B001NI4OXW,feature_6f279186435a04fe
B001NI4OXW,feature_9717ad17ef4081fb
B001NI4OXW,feature_b531ce15a48bc2fa
B001NI4OXW,feature_ce0e6e3b57bdd9a6
B001OI5XV8,feature_06ca2508f15c0f41
B001OI5XV8,feature_15ebb3e7a4ea4f1f
B001OI5XV8,feature_b59ff4f76f3ffc92
B001OI5XV8,feature_f7555edd3f076e16
B001OI5XYA,feature_2a72a0c9154d8527
B001OI5XYA,feature_476fee0d638d4f98
B001OI5XYA,feature_d81a89570894c50a
B001PO6NYM,feature_29cb7afd6d4d08c1
B001PO6NYM,feature_5c3638d0598febad
B001PO6NYM,feature_71be6f5967354795
B001PO6NYM,feature_922b53681f2adeca
B001PO6NYM,feature_b0084182781fc6b2
B001PO6NYM,feature_d70463a69cf626ba
B001RHBJRS,feature_291087e169e7ac02
B001RMTCSQ,feature_77ddf40095df67a3
B001RMTCSQ,feature_83fba9956eaf876c
B001RMTCSQ,feature_8988390cb2392176
B001RMTCSQ,feature_d16fe32bb7aecc2a
B001RMTCSQ,feature_d30456df78f27fc4
B001RMTCSQ,feature_de07b2e230914af1
B001RVDIP0,feature_372a75b5298a6a80
B001RVDIP0,feature_d11a4992172237f5
B001RVDIP0,feature_f127b6e8382b5db4
B001RVDSW8,feature_305479ee490ff874
B001S9YE9A,feature_3add136a69af8cfb
B001S9YE9A,feature_3d84975b74f237f7
B001SAU6I2,feature_802ab5896d01f4a1
B001SAU6I2,feature_9d204f195fb76b6c
B001SAU6I2,feature_9d453de6df16577b
B001SAU6I2,feature_cf2f45693f04ffad
B001TAFANM,feature_06c626611bc5afbd
B001TAFANM,feature_6427b6dc0ff70afa
B001TAFANM,feature_64960fe36da75eed
B001TM4TZU,feature_e98b19d63456decc
B001TNODMS,feature_cb1d3a7471366708
B001TNODMS,feature_fd21a0bdc0086ba4
B001U2KUUM,feature_1607638f9ee9d8de
B001U2KUUM,feature_e2f4a471445f37c2
B001U2KUUM,feature_f5847ab0d5d3e626
B001U2KUUM,feature_f61e8208d55c3642
B001U788HO,feature_565511190fb5a929
B001U788HO,feature_914ef46d7efbabb2
B001UG8BTK,feature_228de09a2bc1c1ea
B001UG8BTK,feature_47e77bb0e8456442
B001UG8BTK,feature_5dde94bf67d000e8
B001UG8BTK,feature_7c388a005f636732
B001UG8BTK,feature_8c4be7f84a80c036
B001UG8BTK,feature_9fc562e9be54abdc
B001UG8BTK,feature_f7408b3979634272
B001UG8BTK,feature_fcae0ffc28e80523
B001UOKV9U,feature_3864750c4948fa40
B001V6SN5G,feature_66b33522bbe5fa7c
B001V9JYOW,feature_3d3b7616922e196c
B001V9JYOW,feature_91575371ebe99174
B001V9JYOW,feature_d66b7231009ddf48
B001V9QW0G,feature_fa5484c994e40a99
B001VEERLM,feature_440d12723e3021e9
B001VGG5UG,feature_53d8fff67db3233d
B001VGG5UG,feature_8005d1d33415dfce
B001VGG5UG,feature_bb729ea3bb817759
B001VGG5UG,feature_ea592ffb6b3db784
B001W2P11S,feature_31c7109de6e18cd2
B001W2P11S,feature_c8ee7b9a906b4b10
B001WULW22,feature_00624576151c6dfa
B001ZBC7UY,feature_0c758628a3f05111
B001ZBC7UY,feature_2f93015e1908b6fa
B001ZBC7UY,feature_38f8092a62227f51
B001ZBC7UY,feature_830c24778866493b
B001ZBC7UY,feature_a6aac962ee2b3f48
B001ZBC7UY,feature_aac118a2c8315d61
B001ZGRZGK,feature_a44396693331a455
B0020MM89W,feature_68dec5283133e1b3
B0020MM89W,feature_88dd5c9cdd2a070a
B00246EHKW,feature_12f0c57975c940ba
B00246EHKW,feature_213b3de844b72fce
B00246EHKW,feature_5de0021826df2d65
B00246EHKW,feature_8784de1566d8c091
B00246EHKW,feature_a50cdb56ea6452c4
B00246EHKW,feature_f04a95a0f5a6eb38
B0025V9120,feature_99dd79042c964edc
B0026P40QC,feature_0ee43b59cc59218d
B0026P40QC,feature_24e5973905167626
B0026P40QC,feature_28a5bd0e16138157
B0026P40QC,feature_a66a1a4a47839795
B0026P40QC,feature_ee8fc1d375fc9909
B0026P40QC,feature_fb52e494fa8286a2
B0026PZMFK,feature_bf4f51b813c78477
B00275N8BY,feature_2c1bc527a748cc5a
B00275N8BY,feature_2e3dc16a08a75f83
B00275N8BY,feature_51fd0d2e02391962
B00275N8BY,feature_83ec5dd46a4b3ec2
B00275N8BY,feature_f71fc612f506e8f4
B00286WV1U,feature_10ed91dc72e109e0
B00286WV1U,feature_8ced07c99747a5e1
B00286WV1U,feature_c80e58a179b7fb83
B00286WV1U,feature_dc9af7431bce2cb2
B00286WV1U,feature_e951a7f1d1e71273
B0029D48OU,feature_751fd425421f35e0
B0029D48OU,feature_b17ffbe49cc5aaa0
B0029F2HPU,feature_298ef2cddb80ef1b
B0029F2HPU,feature_41287d58578c8b03
B0029F2HPU,feature_9de9849c8ead6568
B0029F2HPU,feature_a2c24666baddadd3
B0029F2HPU,feature_a45e66ba3e030aab
B0029F2HPU,feature_cf19ec9efd2ccb5a
B0029MU020,feature_2882a4c2dd00f28d
B002BJ7P5Q,feature_701b846878a1eb8f
B002C67HXS,feature_6d0e29fa8e943caf
B002C6DN6I,feature_6d0e29fa8e943caf
B002C6G7O8,feature_7584d126e9bf8a98
B002C6G7O8,feature_86dcb5e76fde71f4
B002C6G7O8,feature_a45623e5f80ccfb6
B002C6G7O8,feature_e41f8a64a25c703b
B002C6G7O8,feature_f1ea0c83e57e469d
B002C6I98A,feature_6d0e29fa8e943caf
B002CT9D3C,feature_3b2339fa8c641f78
B002CT9D3C,feature_47b368c56dd82152
B002CT9D3C,feature_7fc83c6ff061a96b
B002CT9D3C,feature_fae7bba474605b93
B002CVTVV4,feature_0034b35b7e8c5d87
B002CVTVV4,feature_02c092986a3da37d
B002CVTVV4,feature_839c8b7f23b0d5c7
B002CVTVV4,feature_908baa246c5cc176
B002CVTVV4,feature_99deb42aa88c9283
B002CVTVV4,feature_aa6be91c2633af5e
B002CVTVV4,feature_b05a94c37bdf3bfc
B002CVTVV4,feature_b0a398b930ede671
B002CVTVV4,feature_d70108ebb82120a6
B002CVTVV4,feature_f1a004c3ba4d6b2f
B002CVTVVO,feature_0034b35b7e8c5d87
B002CVTVVO,feature_02c092986a3da37d
B002CVTVVO,feature_0ec72f98cc37d425
B002CVTVVO,feature_23291677aa404bd9
B002CVTVVO,feature_2f1589e468cb7646
B002CVTVVO,feature_316c1b4e70482b34
B002CVTVVO,feature_9d12b8704af59f44
B002CVTVVO,feature_bcaedbafa91ddb34
B002CVTVVO,feature_d591209529b07de3
B002CVTVVO,feature_d70108ebb82120a6
B002EA1W42,feature_71932bd80eae9945
B002EDCRLQ,feature_0ab60510ebe5cf51
B002EDCRLQ,feature_1a8757809a1979f1
B002EDCRLQ,feature_25970679144663f7
B002EDCRLQ,feature_446e7f4492aec84b
B002EDCRLQ,feature_9afd18a1543f2389
B002EDCRLQ,feature_d675115bf69d811c
B002EHQ3D0,feature_1df599c9abca3e96
B002EHQ3D0,feature_81ddfe166c100d9c
B002EHQ3D0,feature_84435f6ea95a7125
B002EHQ3D0,feature_9b2d93f22866b09e
B002EHQ3D0,feature_f754b866a5367e5c
B002EIZJDY,feature_0c3b68697cdf6da1
B002EIZJDY,feature_12877843463b75d5
B002EIZJDY,feature_342ff992e96bbb02
B002EIZJDY,feature_a974614bc94aca40
B002EIZJDY,feature_aa6b2c3f829630aa
B002EIZJDY,feature_f2ba1a5735fdb8e0
B002ESSD82,feature_1ffbcf780b1fc526
B002ESSD82,feature_53e0e16be085b34c
B002ESSD82,feature_588f9bae5350a53b
B002EV3JBU,feature_dce78c805e379e5f
B002F3MK1W,feature_9e58564b7ae50e0a
B002FCIQK2,feature_77d1f50547b33f28
B002GHZD70,feature_2d0c48e4ecb4f30d
B002GHZD70,feature_368a4cbbea438608
B002GHZD70,feature_af292443a480cb26
B002GHZD70,feature_e7fc611c7388b9b3
B002GZU38G,feature_25751877ab89fc6e
B002GZU38G,feature_2651b447aadd5b6e
B002GZU38G,feature_5ef1143d820079d0
B002GZU38G,feature_71983ab8721017ec
B002H64UFG,feature_3822744591b80e9b
B002HJPSJ0,feature_1d605f24158ded5e
B002HJPSJ0,feature_52ea0b1c35bd83f7
B002HJPSJ0,feature_6312996e9d937f15
B002HJPSJ0,feature_855e8b589a4d48c7
B002HMIMW2,feature_02c092986a3da37d
B002HMIMW2,feature_173d159eca407d81
B002HMIMW2,feature_29d1edf98da2fa39
B002HMIMW2,feature_56dca6af805a407e
B002HMIMW2,feature_716cf1ed963c2c36
B002HMIMW2,feature_bfb5be34b66c3ea6
B002HMIMW2,feature_d3105fb3659859ba
B002HMIMW2,feature_d70108ebb82120a6
B002HMIMW2,feature_dfb0f4b04c8236d8
B002HMIMW2,feature_fa1880fa06bd2184
B002HZWFPY,feature_606031c80cbb36ce
B002HZWFPY,feature_8e7ceeeb765ee4d5
B002HZWFPY,feature_df6c0b1682b64b0b
B002HZWFPY,feature_fdc506919834be1f
B002I9TZ0M,feature_6865f185bcb909e0
B002IAG1TY,feature_1024322298c0afa3
B002IAG1TY,feature_48bc0fb1918c8b4e
B002IAG1TY,feature_5d058c08b66e8098
B002IAG1TY,feature_6a93616f2f69c86c
B002IAG1TY,feature_be4205a25d01e992
B002KF1RRS,feature_3a709cb5ce7e4b86
B002KF1RRS,feature_78df4c4da2e27a15
B002KF1RRS,feature_a9823730f21be12b
B002LMUUPU,feature_7b6ac608660740c5
B002N5VROI,feature_1fd108fdf492c8ea
B002N5VROI,feature_3432887562e898d1
B002N5VROI,feature_8466501e1a5abd3d
B002N5VROI,feature_905cc35c5760293c
B002N5VROI,feature_a519059f05dc1541
B002N5VROI,feature_d62eea44098c3b38
B002NFVHB6,feature_a01d11afa82aa36a
B002OFR8XG,feature_77282c228b1c0ec5
B002OFR8XG,feature_c18efd850641bc2d
B002OMGNLC,feature_09aa9a770296bd74
B002OMGNLC,feature_298212efea5c8b55
B002OMGNLC,feature_b5674a60e35a6a2b
B002OMGNLC,feature_d51444bc56cdf109
B002RS2A2E,feature_b2663870333b618f
B002SQ0KD6,feature_35aecaea43a76605
B002SQ0KD6,feature_36e631788d12d37a
B002SQ0KD6,feature_3ff4403d054a2ffc
B002SQ0KD6,feature_556172abc5253ea7
B002SQ0KD6,feature_b0e719fa22ebb5e3
B002SQ0KD6,feature_ed603ea857e3ec0a
B002T5NMGS,feature_4125ea44f31ee520
B002T5NMGS,feature_4bbf9f0721a23c2f
B002T5NMGS,feature_72450017e3ab1803
B002T5NMGS,feature_809d50ed8b8a5310
B002T5NMGS,feature_9e68f95b40be308b
B002T5NMGS,feature_a40fd87181a78309
B002T8BP7I,feature_13d86b42f38c73b6
B002T8BP7I,feature_38de94c1de823a51
B002T8BP7I,feature_ca1781e221f51883
B002T8BP7I,feature_cc272afb7c7c8e65
B002T8BP7I,feature_f4618ced8f6e2d61
B002T8BP7I,feature_fd725e266ccad106
B002TSVE6K,feature_065f9e28d2ec9342
B002TSVE6K,feature_2e629af2a82087d7
B002TSVE6K,feature_9d0b3c2412b491c9
B002TSVE6K,feature_d04dd11f9b39d713
B002TT1AJA,feature_065f9e28d2ec9342
B002TT1AJA,feature_2e629af2a82087d7
B002TT1AJA,feature_9d0b3c2412b491c9
B002TT1AJA,feature_d04dd11f9b39d713
B002TTBT2S,feature_61d54c9801026742
B002U6VW5O,feature_219d9d021e8dbf6c
B002U6VW5O,feature_73ca68d835addbaa
B002U6VW5O,feature_a472d8f825eab619
B002U6VW5O,feature_b52e213f731ebfac
B002U6VW5O,feature_e5b53b03aa2c5bf1
B002U6VW5O,feature_e6aa04b9b7b7d1a7
B002UG5EZS,feature_2e0eece82b012c3d
B002UG5EZS,feature_5dfe668378ed67ad
B002UG5EZS,feature_6dfd4a6efa0cc875
B002UG5EZS,feature_f8196f9b2c9c6262
B002W701Z8,feature_55d5f75d6e6cba5e
B002W701Z8,feature_7f20e030cf68219c
B002WH5NWE,feature_4fe70c8a465eaf14
B002XF4OBQ,feature_4af6bb15a115dd09
B002XFAHJ4,feature_25a275e373cfef28
B002XFAHJ4,feature_6122bc07617920cd
B002XFAHJ4,feature_a0820bf40f19318d
B002XFAHJ4,feature_f7088ce7110f61ea
B002YPLR7O,feature_0d7c8a82299662e1
B002Z7FTZ2,feature_32e3fd5cb16d4efd
B002Z7FTZ2,feature_3771670fba0d1282
B002Z7FTZ2,feature_b819d94d7437ca45
B002ZF4SLA,feature_15b0758a1c0a4655
B002ZF4SLA,feature_164a58c80398fafa
B002ZF4SLA,feature_683200d45d1bd7eb
B002ZF4SLA,feature_89caff14bf8aa4c5
B002ZGQ998,feature_51d9a90d8dba5845
B002ZGQ998,feature_7fd40ed009642a93
B002ZGQ998,feature_9d9438d19916453c
B002ZGQ998,feature_b60ab65fad35d5ff
B002ZGQ998,feature_dc938b5f7f8906d4
B002ZGQ998,feature_f1543a14fa63c21e
B002ZP7S12,feature_1d4174e60206273b
B002ZP7S12,feature_8520c4904fada333
B002ZP7S12,feature_98ebdbc89e909ee3
B002ZUO8HE,feature_16d055361c663a52
B002ZUO8HE,feature_1871a94cc52f7c81
B002ZUO8HE,feature_5ac95f82c8b4e676
B002ZUO8HE,feature_a5dc7e9c4d1ba68e
B002ZUO8HE,feature_ba3d7d5d3b5bd030
B00308W4YY,feature_a238b7cd767f014b
B00308W4YY,feature_f05ceb4d49549220
B00310X8V4,feature_01de6d236d852364
B00310X8V4,feature_345470253b5f065d
B00310X8V4,feature_4690a3f032f4f26f
B00310X8V4,feature_87b26cd07917c348
B00310X8V4,feature_8808aaf35a33b8e4
B00316PIEI,feature_3a6977c06d27a16d
B00316PIEI,feature_3e8c31e8187ebd39
B00316PIEI,feature_546656f7249cb989
B00316PIEI,feature_8f8d4e643043407e
B00316PIEI,feature_dc14ebcc397faeef
B0031KI7XI,feature_b7b87714b75d64eb
B0031KI7XI,feature_cc11eabd858582b7
B00326GR9W,feature_15cd40bd674c0009
B00326GR9W,feature_43363faece86a8fc
B00326GR9W,feature_46283159be7c4afd
B00326GR9W,feature_7d27e227889ea8e9
B0032GCR4Q,feature_53e80b9d3b4b4109
B003326Y34,feature_0b947c2a43bae979
B003326Y34,feature_346bbc395c19a608
B003326Y34,feature_c3f01bce554f2a0b
B003326Y34,feature_e2629041d06ea0ce
B00355EOW2,feature_430efd3271166e9a
B00355EOW2,feature_7a4784ab08408ac6
B00355EOW2,feature_9ef734375be5b89b
B00355EOW2,feature_b87097c82bdcf7c6
B00355EOW2,feature_dc8eb8e069d9201a
B00355EOW2,feature_f2bb97758474fbea
B00355HFQE,feature_430efd3271166e9a
B00355HFQE,feature_929043b3f92444d5
B00355HFQE,feature_b87097c82bdcf7c6
B00355HFQE,feature_c48df74e76f1ecde
B00355HFQE,feature_dc8eb8e069d9201a
B00355HFQE,feature_f2bb97758474fbea
B0035B8ALM,feature_01daad5f9274c67e
B0035B8ALM,feature_3d1d98fcaa868351
B0035B8ALM,feature_625fe14853f096fb
B0035B8ALM,feature_ca1def3f1cbbaa57
B0035HQ0JU,feature_8f02158a4c5fb3a8
B0035HQ0JU,feature_9a46c517aa662af2
B0035HQ0JU,feature_bb05295258cdb208
B0035HQ0JU,feature_c62c1524ad9cb020
B0035HQ0JU,feature_ffc70ca4377f6105
B0035KR5K0,feature_2b932a93bdb1eeb6
B0035KR5K0,feature_38a9b342a0bb83e7
B0035KR5K0,feature_6eee52997956c0cb
B0035KR5K0,feature_e6215307c136459b
B0035KR5K0,feature_e910d58cdea52b91
B00375W3R8,feature_3ce92cbfcfb8a8df
B00375W3R8,feature_3fe3fd73fa434460
B00375W3R8,feature_40a3037c075f3c8a
B00375W3R8,feature_754730049d1b63d8
B00375W3R8,feature_b2bb196ce503b1cd
B00375W3R8,feature_d4f8d5df09d27476
B00375W3R8,feature_e09698cbdc471b8b
B00375W3R8,feature_f2badf31a176a8fb
B003771T8U,feature_dac270fdd9203233
B00384A3NY,feature_178d8024bf2706fd
B0038BGTFS,feature_6554a6ca62f67c07
B0038BGTFS,feature_be59e9a1e7c2393a
B0038BGTFS,feature_cb1851efd387e48e
B0038BGTFS,feature_cf01a5f5e8614e92
B0039IFLMC,feature_ae6410cd1091f825
B0039IFLMC,feature_b6abf9cde4edcfb5
B0039LRCWG,feature_1bea5b0db1ae8c21
B0039LRCWG,feature_3f1c49b69cbf60b6
B0039LRCWG,feature_5e03574966521eb4
B0039LRCWG,feature_bbe8378a2b60c498
B0039LRCWG,feature_d309f4d286fd9df5
B0039LRCWG,feature_e0ee2fd4036280d4
B003CIYY5E,feature_8b7c1d4f07b46cc9
B003CIYY5E,feature_ab3aade7ae5e5892
B003D1LAC0,feature_0e2f78108f7670cc
B003D1LAC0,feature_80748eca5fa821fc
B003D1LAC0,feature_832dfe8dffc9ecff
B003D1UTRC,feature_18657957b1469da4
B003D1UTRC,feature_1d0e3bf422f2a486
B003D1UTRC,feature_1d3c1638651a4c2f
B003D1UTRC,feature_9205d7162c4dbf7c
B003D1UTRC,feature_a794b6e18259f3e2
B003D1UTRC,feature_ad355ec1c39a072d
B003D8ZF7E,feature_0a98b183472b598a
B003D8ZF7E,feature_76269f4322864cec
B003D8ZF7E,feature_7fc83c6ff061a96b
B003D8ZF7E,feature_82df87d760cb036f
B003D8ZF7E,feature_934295966f3b4183
B003DPYGXG,feature_02c092986a3da37d
B003DPYGXG,feature_15fc170a48220777
B003DPYGXG,feature_23f62b976fbd9026
B003DPYGXG,feature_2c309fcd9aaa62f4
B003DPYGXG,feature_92dcc2b968059fac
B003DPYGXG,feature_a588f44e691493bd
B003DPYGXG,feature_c335df2c7d529973
B003DPYGXG,feature_eb4f26612019f6c4
B003DPYGXG,feature_fb2ff200b3c99d80
B003DWFIQ8,feature_bfa0c61956bb10fc
B003G9HABY,feature_0e5ce1e50ddff714
B003G9HABY,feature_f1b68121ecae47e8
B003GLS96M,feature_2ad83d794ae2f6ec
B003GLS96M,feature_902cd0beb8607067
B003GLS96M,feature_959ad2a8ef1593fa
B003GLS96M,feature_c5366d3d0e7c2045
B003GLS96M,feature_d151beb15b209d40
B003GLS96M,feature_daf04f751de0882b
B003H1T9T2,feature_2e58155a76df0b91
B003HH0CWO,feature_511fbe5eb2a9e943
B003IN74HI,feature_24cfc96d88c9ccfc
B003IN74HI,feature_54e65083e19c5ff1
B003IN74HI,feature_5ac7ae15cfe2c483
B003IN74HI,feature_91bcf34c5ac7c12c
B003IN74HI,feature_9fe8951017c384a6
B003JN6AUO,feature_4ee251690df7d4e5
B003JN6AUO,feature_96357ec0b58cdfc6
B003JN6AUO,feature_bcd113dc4359a49b
B003JN6AUO,feature_c6ef0d9e1b097e7e
B003JN6AUO,feature_e2a8f58b66f91ded
B003NTUON8,feature_ca584abeab84d027
B003O9RM9Q,feature_a4eff5a9eb7822a2
B003PP0CPU,feature_392bb2f48ed046e0
B003PP0CPU,feature_dc734216639dda56
B003QTR4Q0,feature_0e1110170e67ce22
B003QTR4Q0,feature_2eb523982b86ff5b
B003QTR4Q0,feature_533126bc5928731c
B003QTR4Q0,feature_6ac9bffc529a9d27
B003QTR4Q0,feature_8241f23ee2607604
B003QTR4Q0,feature_95797270a679390f
B003RXY882,feature_597c2a8903335cc8
B003RXY882,feature_8a5ba0acf5f7b776
B003S5LCGU,feature_e71cb30be8f71f0e
B003TJCBRO,feature_1a70db8538def6ac
B003TJCBRO,feature_379a3019acb2f180
B003TJCBRO,feature_8d9ac605719b2992
B003TJCBRO,feature_9eaeb065904c3c45
B003TJCBRO,feature_ac94e32cb7a5cd9c
B003TJCBRO,feature_bbcb59e809f32224
B003TL66EQ,feature_02c092986a3da37d
B003TL66EQ,feature_4b00bff16edc82c0
B003TL66EQ,feature_b17ffbe49cc5aaa0
B003TL66EQ,feature_b1ce02ad98e5f28a
B003TL66EQ,feature_cbd27a7a6430a6f1
B003TL66EQ,feature_e3c0fc4ff899d3cf
B003TN3A6Q,feature_bb3d73f12dca7fe2
B003TN3A6Q,feature_fe75bf3daa7e956a
B003TVKNUO,feature_7612c5d5145a2d55
B003TVKNUO,feature_89cf477e05bc10d5
B003TVKNUO,feature_9c4746cf31fac2cb
B003TVKNUO,feature_a44fd2702b30e3f1
B003USID1C,feature_3de6300563c5ba4e
B003USID1C,feature_3e1c6a95451281c9
B003USID1C,feature_465289e14992aba0
B003USID1C,feature_5a302bdb3f5cbc9b
B003V5B86Q,feature_11abc8f972f79e8f
B003V5B86Q,feature_29bc176b9eb2a428
B003V5B86Q,feature_c717d131ea48aab6
B003V5B86Q,feature_e0a3de0da3988628
B003V5B86Q,feature_fd578a8b47d626a0
B003VC6V7K,feature_09b1f8f5210308f6
B003VC6V7K,feature_22ebc5b227f93ec8
B003VC6V7K,feature_5235fb36493cf90a
B003VC6V7K,feature_7b6b09310738d41a
B003VC6V7K,feature_a01761d8b5596da0
B003VC6V7K,feature_cf31d08c2d80b0c9
B003X5P4UU,feature_39b4453696db600b
B003X5P4UU,feature_49619840edeedf70
B003X5P4UU,feature_999312f3df47606f
B003X5P4UU,feature_e3f1a725c93e9689
B003XDZ6F0,feature_13bcb65f157d18b9
B003XDZ6F0,feature_3582b70c058c9f1b
B003XDZ6F0,feature_8579da0f43bf627b
B003XDZ6F0,feature_cd5c18911fb167a7
B003XKGPQM,feature_55152586a5eb0d26
B003XKGPQM,feature_6c178a05e4eb843c
B003XKGPQM,feature_7937333d49d1f699
B003XKGPQM,feature_dd730cf86301f1d1
B003XKGPQM,feature_f43a50f082f645b2
B003XKGPQM,feature_ff9badd803155c15
B003YKWXM6,feature_6f99c7852fa5b225
B003YM9T2Q,feature_0692f522860632eb
B003YM9T2Q,feature_0ad85ebce8efdffe
B003YM9T2Q,feature_32b14b2fa6655137
B003YM9T2Q,feature_8f05665768fdf8a9
B003YM9T2Q,feature_a348e7b07d47db0f
B003YM9T2Q,feature_b1a1165c6a99922b
B003YM9T2Q,feature_d0278de5f6e5df29
B003YM9T2Q,feature_d6d4dd3b85e9c916
B003YM9T2Q,feature_dd0420c6747ed2c6
B003YM9T2Q,feature_e47c9239c2b9ebaa
B003ZWB5KY,feature_278ba8ac407cef80
B003ZWB5KY,feature_4f944542e06cd6f2
B003ZWB5KY,feature_bdf1b485765dea5a
B003ZWB5KY,feature_e6ebc2223d8c8fcc
B0041MJMGQ,feature_49a09170a243e684
B0041MJMGQ,feature_748e951aa67a5364
B0041MJMGQ,feature_9ffdf6f70bed29d2
B0041MJMGQ,feature_e352a08b4f9f60ba
B0041REXOC,feature_0da333625a6edbd1
B0041REXOC,feature_14fc30ca4d449cc8
B0041REXOC,feature_65f07cbebe033917
B0041REXOC,feature_e5160b50a8be5822
B0041RN7QW,feature_54da601699ca93b3
B0041RN7QW,feature_aefdce704199dff2
B0041RN7QW,feature_c6eddad6a69fe969
B0041RN7QW,feature_ead63858c29779fc
B0042344RG,feature_788d0c9130b67fb7
B0042344RG,feature_911fbe05aaf51f08
B0042R25KU,feature_1b932da2d1a9e4a9
B0042R25KU,feature_4d45bdf6f8381197
B0043MYVYC,feature_470a5cd0d663872d
B0043MYVYC,feature_581aed9f9a869cbc
B0043MYVYC,feature_8932957394987b25
B0043MYVYC,feature_ba2526eba0ff53a8
B0043MYVYC,feature_ca33c06c68f923da
B0043MYVYC,feature_ea4b22772cadc2c1
B0043XZXJI,feature_49bf9029a08aa6e7
B0043XZXJI,feature_b1ccd4c640ed967c
B0044WM6LG,feature_9e6e562ef2e5a34b
B0045DC75Y,feature_335bf9751a9630df
B0045DC75Y,feature_c0c522ccafff6e25
B0045DC75Y,feature_fc3e2c57e83a65b5
B0045P4TAI,feature_bb560594d528cff3
B0046VJK96,feature_627f3bf2027a9d99
B0046VJK96,feature_65893266e6103d21
B0046VJK96,feature_6a610ec1ce3bfa92
B0046VJK96,feature_a74b1937f6b670a8
B0047Q0UP8,feature_71b80ae1c05be883
B0047QJEUK,feature_71d74bf62e32aacf
B0047QJEUK,feature_76992be7c2dcf2f4
B0047QJEUK,feature_7f61b4caeaa265a0
B0047QJEUK,feature_85183e8700774cf4
B0047QJEUK,feature_9c290dd37ae63897
B0047QJEUK,feature_e14994e201c1f1c0
B0049VN7O2,feature_5e491b6ba402ef93
B004AN920W,feature_2b0622721203246e
B004BD4PNU,feature_0a76680e4207decf
B004BD4PNU,feature_3766dde43fb1d6fe
B004BD4PNU,feature_3a6a458c7b34a4c0
B004BD4PNU,feature_5a388bbe7e933363
B004BD4PNU,feature_b1ca4f944975ccdd
B004BD4PNU,feature_bcfdb9bc53014833
B004BISQ80,feature_02e2c03b7e0cdf27
B004BISQ80,feature_0a01ff7fe4744f83
B004BISQ80,feature_1d80d8f7185cec77
B004BISQ80,feature_4566cae84e7c5b72
B004BISQ80,feature_81000c40ab0c7586
B004BISQ80,feature_8321b06d55c8fa8f
B004BS09WG,feature_0077655d6de981f6
B004BS09WG,feature_05acb50757214426
B004BS09WG,feature_0727a00ad0caa3d1
B004BS09WG,feature_2627f7b01b6568c4
B004BS09WG,feature_5d6365407c1ab73c
B004BS09WG,feature_c426854da4266303
B004C6ZOC2,feature_fea747d572beb241
B004C7SQL2,feature_4672fde94f34c920
B004C7SQL2,feature_63aafdb7833ba217
B004C7SQL2,feature_e305dd9ea047d534
B004C7SQL2,feature_ec855905e69433af
B004CEK8NE,feature_2e75785a056dfe34
B004CEK8NE,feature_36522299c9d228f4
B004CEK8NE,feature_77e8f3207fd76062
B004CEK8NE,feature_a8cf4148103ae8a6
B004CEK8NE,feature_af76412adc002954
B004CEK8NE,feature_f213bde2fcc754cd
B004CGBN0Y,feature_a1df704371ffd5fc
B004CGBN0Y,feature_b07030772611d349
B004CGBN0Y,feature_be468c671bf5a020
B004CGBN0Y,feature_efcb82e03bb79145
B004CGBN0Y,feature_f0bc51dee349d6dd
B004CNMEKK,feature_121556b545e4df5e
B004CNMEKK,feature_88368261d154c7cd
B004CNMEKK,feature_8d951057b5229cae
B004CNMEKK,feature_b80f466659837401
B004DBS8KQ,feature_02c092986a3da37d
B004DBS8KQ,feature_06c626611bc5afbd
B004DBS8KQ,feature_394e444cd9b082fb
B004DBS8KQ,feature_44d72c517c574d2a
B004DBS8KQ,feature_4c66891048cc0a51
B004DBS8KQ,feature_50bf39a0dd0e9f3b
B004DBS8KQ,feature_6898acfa52625ae4
B004DBS8KQ,feature_d49506f7d9fecab5
B004DBS8KQ,feature_d70108ebb82120a6
B004DBS8KQ,feature_fa45b0fbb203041e
B004DJ0SP6,feature_58273c83ff32b2bb
B004DJ0SP6,feature_ec72ef6308e5f527
B004DPJJAK,feature_83559e2d2ccf135e
B004GCFBEI,feature_39d3682f5ffd2c9c
B004GCFBEI,feature_46dc3fc70a187630
B004GCFBEI,feature_815fa82bceda984f
B004GCFBEI,feature_cfb2c3f706697adf
B004GCFBEI,feature_db2651e64c311198
B004GCFBEI,feature_f320f1688ff7e20c
B004GNV6QO,feature_41fc5280b1ca7125
B004GNV6QO,feature_4f2d4190e835be01
B004GNV6QO,feature_68673108bc6ebb32
B004GNV6QO,feature_6d8fd2c39d3559de
B004GNV6QO,feature_cde4dc8ef915d12c
B004GNV6QO,feature_ebf88021630f6db2
B004GTP8JE,feature_4c3769f501297428
B004GTP8JE,feature_61d7f1b79014ff9e
B004GTP8JE,feature_e0019ba8eafee306
B004GTP8JE,feature_fc7e29d35700ce39
B004HXGN3O,feature_7252170e0eda5c0b
B004HXGN3O,feature_b38f33f8f17d1b36
B004IF69F8,feature_f1fa08c8374af234
B004K4RHQC,feature_811544a2fb4c35bf
B004K4RHQC,feature_8f8d2c795b73f391
B004K4RHQC,feature_e67ecf3f6ee91a72
B004K4RHQC,feature_ede35473ac043b68
B004KEML2M,feature_1665b6f28e3546d8
B004KEML2M,feature_7b1b29715ffceddf
B004KEML2M,feature_faa4b6a1a425d925
B004KEOHY2,feature_1e09451f6794b6e2
B004KEOHY2,feature_81640f5d18a28077
B004KEOHY2,feature_8ca027bf931f853c
B004KEOHY2,feature_aa6cbae054b8c6ce
B004KEOHY2,feature_c3338ee27a79ea7f
B004KG6RW0,feature_0548229111515f42
B004KG6RW0,feature_1ae3dc6223bdce8a
B004KG6RW0,feature_3972a0639cb809bc
B004KG6RW0,feature_6f1a7abd23b9c9c2
B004KG6RW0,feature_ae7f9d89ae9541f5
B004KG6RW0,feature_b1455bcda0530177
B004L152NE,feature_2592e49e45ccc711
B004L152NE,feature_988ae2ca0ff14921
B004L3ODFA,feature_121ab336938bc73a
B004L3ODFA,feature_3078da5e1c9e7786
B004L3ODFA,feature_3c63436e5eb6760b
B004L3ODFA,feature_7af6ea4c11531e9f
B004L3ODFA,feature_7d678df6154747f8
B004L3ODFA,feature_9431dc2cd9feb9b8
B004L3ODFA,feature_ed3f0a429902a578
B004L3ODFA,feature_ed429b896d70ff94
B004LPG0EK,feature_1496574eecedd63c
B004LPG0EK,feature_3df57d621b615e6f
B004LPG0EK,feature_5c8edd55f8a8546a
B004LPG0EK,feature_941236519782d438
B004LPG0EK,feature_a603036efe13cb57
B004LPG0EK,feature_a71a46c7bb1db134
B004LU0U46,feature_f257610980b8afab
B004MN67WQ,feature_01c7ed68f5597062
B004MN67WQ,feature_6f5a64f9506abf9d
B004MN67WQ,feature_a41bf09ebbdc8f5b
B004MN67WQ,feature_eac8a372d63e9782
B004MSZM7M,feature_0319a9214c5b67ff
B004MSZM7M,feature_0fb24861fddbf3ce
B004MSZM7M,feature_1b9e4c7b1cef185b
B004MSZM7M,feature_4f944542e06cd6f2
B004MSZM7M,feature_817bc4144684417e
B004MZJ44W,feature_4b200b33ae3eca3c
B004MZJ44W,feature_4f50c0c06f8780af
B004MZJ44W,feature_507b395f6c99c2ca
B004MZJ44W,feature_57fd70674fb440a9
B004MZJ44W,feature_6cb8257006836c6f
B004MZJ44W,feature_6f9e36ff4a41485b
B004MZJ44W,feature_a396ec6575036561
B004MZJ44W,feature_aeaa2381be53958d
B004MZJ44W,feature_d886a5ae6067b1bb
B004MZJ44W,feature_fd857fc932949f92
B004MZQ5GM,feature_e5bf970e99677030
B004NMXAVC,feature_e79852cc1fda1cde
B004Q0QCLQ,feature_5daeb56c428e2cc5
B004QJJANY,feature_639d7223f4474c09
B004QJJANY,feature_c4b6ac467fae2477
B004QJO4ZS,feature_639d7223f4474c09
B004QJO4ZS,feature_ccb135be5981a261
B004QR8UMI,feature_8eefcdc1170d6836
B004QR8UMI,feature_f23937ce6f977872
B004SBH88Y,feature_2601052d453d71ed
B004SBH88Y,feature_34bfa4c528a5d496
B004SBH88Y,feature_5cac58d4d849da90
B004SBH88Y,feature_7bd7f596d3dc06ec
B004SBH88Y,feature_cf1817b16aafd359
B004SBJBNO,feature_01cb2d8750a64bec
B004SBJBNO,feature_2aac0995e19e2415
B004SBJBNO,feature_9412cc01827aa760
B004SBJBNO,feature_e1b129f2638556ab
B004SBJBNO,feature_fb1ecfe9eece22a5
B004SKTM4I,feature_92a79029e57883e9
B004SKTM4I,feature_d3e671672a6bbe19
B004T4LCWS,feature_2950cee8e2d0e65a
B004T4LCWS,feature_bf8eb949dcac6275
B004T4LCWS,feature_e0e26f7519f62ca6
B004T4LCWS,feature_ff21b92eec1e5e55
B004T4O81U,feature_2950cee8e2d0e65a
B004T4O81U,feature_bf8eb949dcac6275
B004T4O81U,feature_e0e26f7519f62ca6
B004T4P3Z0,feature_6bd7ceba127b02a1
B004T4XJGK,feature_2950cee8e2d0e65a
B004T4XJGK,feature_bf8eb949dcac6275
B004T4XJGK,feature_e0e26f7519f62ca6
B004T4XJGK,feature_ff21b92eec1e5e55
B004TB6HVM,feature_2950cee8e2d0e65a
B004TB6HVM,feature_bf8eb949dcac6275
B004TB6HVM,feature_e0e26f7519f62ca6
B004TB6HVM,feature_ff21b92eec1e5e55
B004TBEA84,feature_2950cee8e2d0e65a
B004TBEA84,feature_bf8eb949dcac6275
B004TBEA84,feature_e0e26f7519f62ca6
B004TBEA84,feature_ff21b92eec1e5e55
B004TBMUU4,feature_49774ae13683b2cb
B004TBMUU4,feature_d4790f9775ef9954
B004UMG7MY,feature_177aec0e535a9061
B004UMG7MY,feature_21ca24aa2c15441c
B004UMG7MY,feature_86b5369dc34177a3
B004VH2OSO,feature_36e588d62b3561a6
B004XICGAM,feature_0fa3be32b2c23913
B004XICGAM,feature_1109130d8dc4a316
B004XICGAM,feature_9830e544302ec152
B004XICGAM,feature_a67fee00f5354f4e
B004XICGAM,feature_d3c905d61ca8eb23
B004XJ4H26,feature_4cf8765085783508
B004XJ4H26,feature_686fbd17058abbf5
B004XJ4H26,feature_9830e544302ec152
B004XJ4H26,feature_e5ad92976b40b232
B004XJ4H26,feature_fc91d403009acd8b
B004XO09YQ,feature_301c8a2c35fffef4
B004XO09YQ,feature_3b8439a9eae4a8a0
B004XO09YQ,feature_e0b0a9e4b16c9d48
B004Y00WIC,feature_31445a9edebcda02
B004Y00WIC,feature_a139edc687dd7a7c
B004Y00WIC,feature_a16cab8d8eea5d55
B004Y00WIC,feature_c1c29d60dabf1c72
B004Y00WIC,feature_dd832eb7a80eea59
B004Y8D82G,feature_2e0cbcda6639977e
B004YES3FC,feature_44b250234ed7fe6a
B004YES3FC,feature_4fd975b0b79f9e75
B004YES3FC,feature_c88a115c05437fee
B004YES3FC,feature_d4f9115cdefcbbe5
B004YES3FC,feature_e95b463c27dafe9d
B004YVDLLQ,feature_2737130ce5a4763d
B004YVDLLQ,feature_4cce0a7e3e9e54ff
B004YVDLLQ,feature_814c9be597bb46c0
B004YVDLLQ,feature_bebe29b75d846171
B004YVDLLQ,feature_df38fb9db76454d6
B004Z7RMNW,feature_020db3ab95dda315
B004Z7RMNW,feature_44b66218e3760e97
B004Z7RMNW,feature_a767734ad2b5eb97
B004Z7RMNW,feature_c1bbe35aa0eef79b
B004ZVXZE8,feature_1460336c6147cfc3
B004ZVXZE8,feature_3b2d97b1bde45d6a
B004ZVXZE8,feature_47b15ce363d31051
B004ZVXZE8,feature_48ec3bf014376395
B004ZVXZE8,feature_a6d890e099193dce
B004ZVXZE8,feature_f4f5d1d3bd4bed9f
B004ZWH3XG,feature_1ebdb930c4910390
B004ZWH3XG,feature_2ad053377222efdd
B004ZWH3XG,feature_6f40f118c7c35a78
B004ZWH3XG,feature_91ca1779c5ba65f7
B004ZWH3XG,feature_a2bd2c129c041669
B005150RUC,feature_f99e6c6b507f2e4d
B00528G05Y,feature_298f9d32bdc0906a
B00528G05Y,feature_47d75362a4dff40e
B00528G05Y,feature_fdc06d217c155112
B0052ADLQI,feature_b8b103314d68aa89
B0052SL5O0,feature_7548e67d40de2dd2
B0052SL5O0,feature_7be7076545e61f9d
B0052SL5O0,feature_a4ec6576bb8c03cc
B00567PA2U,feature_778e93e66bb1b1cb
B0056GQ6JW,feature_d9f5903926f9ed8d
B0057AT33S,feature_397eb56bfe959d8e
B0057AT33S,feature_4dc48f396a159158
B0057AT33S,feature_55ab3cc4ad5180f0
B0057AT33S,feature_9d440ca0dace4879
B0057AT33S,feature_b567796c57628992
B0057AT33S,feature_df32cd076b9f70f5
B0058NLLUM,feature_345137d6e0e3f969
B0058NLLUM,feature_63b27ff2c79eaea5
B0058NLLUM,feature_c226809ffc0556b6
B0058NLLUM,feature_fcb537fc919577e7
B0058WE96Q,feature_a86bd4635624e8c8
B005CRCDYM,feature_13699e9d119985c1
B005CRCDYM,feature_96dda6b0fb0f75d9
B005CRCDYM,feature_a1cb67ce86d8bf62
B005CRCDYM,feature_b98f507838381fb5
B005CRCDYM,feature_e57cf5ff89e5665b
B005CRCDYM,feature_eb789ad6c27dfa73
B005CZUQOS,feature_157d5c0ad00d5eab
B005D7BTQY,feature_dee5b47944d2b684
B005DT7YP2,feature_5ceb418b2a8fdadb
B005DT7YP2,feature_908bf7a9b4e53ec3
B005DT7YP2,feature_b9433d6cd572d22c
B005DT7YP2,feature_ec325cdf30dba863
B005DT7YP2,feature_f567ba1a84127e8f
B005ET2QA4,feature_2d5c546a836874bf
B005ET2QA4,feature_70efbe29c139ae33
B005ET2QA4,feature_eb8721e408d0b5b9
B005ET2QA4,feature_fdd40178e3297cd9
B005FFOL5U,feature_0003533551983998
B005FFOL5U,feature_1ab818d476d68280
B005FFOL5U,feature_541ebeea3e0d03ce
B005FFOL5U,feature_a437762cbf852b9c
B005FFOL5U,feature_b1c389bbf3502a7c
B005FFOL5U,feature_c073f0771d2c9080
B005FMW434,feature_c9cc97be91e5a9ec
B005GKVDQY,feature_5bd51833ff09cdea
B005GR3L2Q,feature_2572822aab28e3c9
B005GR3L2Q,feature_49be1a6a0ad1e318
B005GS3JWW,feature_0a7186894ff113c1
B005GS3JWW,feature_3edec4aacd594cd3
B005GS3JWW,feature_431293a920a35210
B005GS3JWW,feature_b1157f208543938f
B005GS3JWW,feature_d7597ee69a125740
B005GS3JWW,feature_dc3883e942466f1b
B005HEX4RA,feature_3794f7503d772e89
B005HEX4RA,feature_658cab56eddd7b57
B005HEX4RA,feature_9d6ae6017a9d83c4
B005HJBCLK,feature_09de6ddc746a30da
B005HJBCLK,feature_0bfb2c726e2939ca
B005HJBCLK,feature_6cbecc2284e4e266
B005HJBCLK,feature_b532de7e64e4ea8b
B005HJBCLK,feature_de41b43948adf505
B005IL1FGY,feature_0f08530b9fb4c232
B005IL1FGY,feature_83a9456d6ca52c13
B005IL1FGY,feature_c287877062b915df
B005IL1FGY,feature_e8601fa31ae7858e
B005IYZLWU,feature_0b3f2335a2fa0043
B005IYZLWU,feature_3c5e77c8edf78664
B005IYZLWU,feature_6320c9192c3dc2ad
B005IYZLWU,feature_ef88dddb0b3c343b
B005L955LE,feature_b80fdfd97f222dc8
B005L955LE,feature_e12fa38af795c941
B005LXXPN0,feature_8a04730fc62dcaa9
B005MINYGM,feature_0ffce78ae3dfde4e
B005MINYGM,feature_a981006400c88a43
B005MN8HQE,feature_02c092986a3da37d
B005MN8HQE,feature_312dcdd9e217dc68
B005MN8HQE,feature_7cc565633dca0d0a
B005MWNG8O,feature_92b29cbe8d9f4299
B005N56DG2,feature_4a45f34f64a6ee50
B005N56DG2,feature_5c51dbe0fc350135
B005N56DG2,feature_b1d0119170be91c4
B005N56DG2,feature_e1e3e948b1ffba76
B005N56DG2,feature_f573e1c4b8d7f011
B005NOIPF0,feature_04232b9c7a346179
B005NOIPF0,feature_3e9d73af1c706c6e
B005NOIPF0,feature_43daabb52ac228a9
B005NOIPF0,feature_7789879c59742f7e
B005NOIPF0,feature_b7096623cff00f11
B005NOIPF0,feature_e47ae82db2cabe5a
B005PBULXA,feature_4295dddab85097d4
B005PBULXA,feature_6008fc3b74b6adc4
B005PBULXA,feature_820a36eebc389863
B005PBULXA,feature_8ffd09dc34edbab2
B005PBULXA,feature_a24eb1fb3afbbc0f
B005PBULXA,feature_e5ce823f634dc363
B005PWE9PA,feature_e64bb451b70e9eeb
B005SU2HSK,feature_c20571ebdb24e45e
B005TP0PHO,feature_5e5e8bb9d5ceb695
B005TUB68G,feature_553e32de8e35092a
B005TUB68G,feature_8a7273ba7250cf14
B005TUB68G,feature_8d80f4f8b5301729
B005TUB68G,feature_c4665b7b394c296d
B005TUB68G,feature_d6769033f711d717
B005TUB68G,feature_f09c1b3fd1276f03
B005V6BZWU,feature_769558b18f5331bf
B005V6BZWU,feature_8844b5db858a3828
B005V6BZWU,feature_bfaffd97125fba20
B005V6BZWU,feature_c82f1a6057b4937e
B005V6BZWU,feature_ec1c29fb2e295749
B005VJI7FK,feature_3eeb35931fa3a33f
B005VJI7FK,feature_a042d6bd43e90952
B005VJI7FK,feature_ade3a98d6ae75f71
B005VJI7FK,feature_b9582a4e9c6c4fbb
B005XSZS92,feature_0d69e370cffae230
B005XSZS92,feature_1f21981ded4371d1
B005XSZS92,feature_747df2f5318be280
B005XSZS92,feature_89b8bc427fb2013e
B005XSZS92,feature_b574f5b4c0f97b96
B005XSZS92,feature_f8bdd5fa87b03d9f
B005YJ3KBI,feature_1821c1d0da1f79b2
B005YJ3KBI,feature_289266e18f981f11
B005YJ3KBI,feature_28a0049597b4c7fe
B005YJ3KBI,feature_3d921665459d8bc3
B005YJ3KBI,feature_76d2774157fb6fbf
B005YJ3KBI,feature_85574077ab2b2001
B005YJ3KBI,feature_9b4fb0a9f31fcec4
B005YJ3KBI,feature_9f2aa09548fd7527
B005YJ3KBI,feature_d85cc2fc1ba8d5e7
B005YJ3KBI,feature_e6aeee6d34d8d1bc
B005Z4DFO4,feature_fcc72dedc0054708
B005ZTSPIK,feature_31fb0d97bec3f796
B005ZTSPIK,feature_50dcb425d5e12c97
B005ZTSPIK,feature_7fed2230fe0a25e3
B005ZTSPIK,feature_a33e27930e28e4bc
B005ZTSPIK,feature_c97ce6e0f76fd5d4
B0063EMNZW,feature_03b5d2aa2bd2af1c
B0063EMNZW,feature_147e4709bc0a26ef
B0063EMNZW,feature_54c0ecd49b354d5d
B0063EMNZW,feature_55b29d0d09aa2eec
B0063EMNZW,feature_6196331e5391a0ab
B0063EMNZW,feature_75a03329ab0f0d94
B0063EMNZW,feature_a1bd355fd2867fd2
B0063EMNZW,feature_a7fcb3a9319df806
B0063EMNZW,feature_af69d50ce2d29166
B0063EMNZW,feature_ce041a8f03f1e1a8
B0063TKNI6,feature_ebd7549118797155
B006530MW2,feature_12741c51e3d4a100
B006530MW2,feature_1ca1c6cf56cf20d1
B006530MW2,feature_2738325a10cb21fb
B006530MW2,feature_998b1a4d82ab0fcd
B006530MW2,feature_f21984539e4bc9ef
B006530MW2,feature_f57c0d5ae3a74dda
B0066EYBL8,feature_6ddb2b0433569316
B0066EYBL8,feature_bb2a30e17db6dbec
B0066EYBL8,feature_d0d7c8a7e9b53f93
B0066EYBL8,feature_f9fb8e7112651d9f
B0068S0P5I,feature_4734cc38ede811f3
B00692OA2M,feature_02c092986a3da37d
B00692OA2M,feature_057fe00321076090
B00692OA2M,feature_34431323812a1945
B00692OA2M,feature_75947c030dadfca0
B00692OA2M,feature_999742a62fbb17a1
B00692OA2M,feature_c0a60c556d20f3dc
B00692OA2M,feature_edb19f9e3c7c9346
B00692OA2M,feature_f4c47226cdec1054
B006B6S2JI,feature_05d77aba3c6576a3
B006B6S2JI,feature_549868f899788760
B006B8HSUU,feature_6327cb7b50c3fa81
B006B8HSUU,feature_e4ec3eaac006cbc9
B006CRJO9I,feature_0abb0d75e3af1548
B006CRJO9I,feature_0f762fe21d411b10
B006CRJO9I,feature_25a79af052382e8c
B006CRJO9I,feature_42b90b4f50bddc9d
B006CRJO9I,feature_432efb106576a858
B006CRJO9I,feature_b50ecf30c2e7aac8
B006DAFQUU,feature_9e2c4c7ded707c82
B006DAFQUU,feature_bd10f8278bb313a9
B006GWIY9U,feature_3ea4764534425b53
B006I0BZNM,feature_013120293c169f45
B006I0BZNM,feature_6694a9e3f1d753d3
B006I0BZNM,feature_88b9396d65923b42
B006I0BZNM,feature_9c4888bb46102326
B006I0BZNM,feature_db4f517099d2366e
B006IBVV1W,feature_48919551c48f0cfc
B006J7TMSO,feature_48e453de0e9336c8
B006J7TMSO,feature_4a16b0a4a59955d5
B006J7TMSO,feature_50e63edb284e7846
B006J7TMSO,feature_57d205661dab51ba
B006J7TMSO,feature_93c4447b9c6607a0
B006J7TMSO,feature_b172fddebcf4a5ec
B006J7TMSO,feature_c0965424b7eace7c
B006J7TMSO,feature_edf34676627c3497
B006J7TMSO,feature_f26685f339169c25
B006MAIE0K,feature_2511e2b5f03dcf1f
B006MAIE0K,feature_63390d08c2e7e814
B006MAIE0K,feature_a17ad895a73f1c63
B006MAIE0K,feature_d2484ea43f21835e
B006MAIE0K,feature_f8529ce16a2d1940
B006N6Z58M,feature_297c3597bfb87c8f
B006N6Z58M,feature_3f4999917cbab1f7
B006N6Z58M,feature_475cf81d545fd07f
B006N6Z58M,feature_5c14defe4aa5f868
B006N6Z58M,feature_6819dcf227332509
B006N6Z58M,feature_b587c348896df6f0
B006N8HD12,feature_3d62afa08206af33
B006N8HD12,feature_55a9debd1266171a
B006N8HD12,feature_5ecdac28811cab83
B006N8HD12,feature_ac477bce60996b5c
B006N8HD12,feature_e54886a898a2528a
B006N8HD12,feature_e787a9e6e467fbd8
B006OO0CG8,feature_48d5babb6c5e10ff
B006P17RAO,feature_7272e5ff7537e058
B006P17RAO,feature_f4de44bcca75cdfc
B006QZO05O,feature_18a0bfd10002a4b5
B006QZO05O,feature_2b6a67120455481a
B006QZO05O,feature_6fecb92c087238ad
B006QZO05O,feature_a08553ce6572a313
B006R0ZEN0,feature_92ff4cf97c8c1635
B006RWG7WA,feature_23e368180478b1fd
B006RWG7WA,feature_2accdc127af9e6f5
B006RWG7WA,feature_5bf4eccc2bf6aab7
B006RWG7WA,feature_cd50b4541fb3980d
B006RWG7WA,feature_cf376715f81e34eb
B006UCOYQI,feature_0d9abd98e2277718
B006UCOYQI,feature_d8ff62530a634601
B006W9K3RI,feature_7a82b308e909e2a7
B006WG0FXI,feature_8a922e763f50594f
B006WG0FXI,feature_a8920c2b092a8872
B006WG0FXI,feature_e40f762bb30abf67
B006X3E676,feature_16b1eedc9dae3bc6
B006X3E676,feature_2674b4eb2f60c2e8
B006X3E676,feature_54f334e7b91cc946
B006X3E676,feature_6e21ab8ee5f607d8
B006X3E676,feature_9a219391a1ee756a
B006X3E676,feature_e5bf68d81f39c6e8
B006ZOQC34,feature_01ccd65d668830cd
B006ZOQC34,feature_21ca567302e929c0
B006ZOQC34,feature_2235b67f50f48ced
B006ZOQC34,feature_85057e91ffe0ca2e
B006ZOQC34,feature_bbddecec9f8e9ef1
B006ZOQC34,feature_d5dfab8f285fa48d
B006ZOQC34,feature_e85272cd7921d826
B006ZOQC34,feature_eaa4c65141e7960f
B0070P3FOQ,feature_5948cea86b5974ff
B0070P3FOQ,feature_68b8ac68e52d046f
B0070P3FOQ,feature_84edba050b2d3934
B0070P3FOQ,feature_fe2bd3eea5dc803e
B0071OP9RC,feature_8b76bd97d7f05c1a
B0071OP9RC,feature_d0c4c701ecf79d18
B0071OP9RC,feature_fc6332154c57453a
B0072KYMKK,feature_241b549b7a33a250
B0072KYMKK,feature_253980452c308d7c
B0072KYMKK,feature_470bc182b7d5bfb4
B0072KYMKK,feature_7b0cee343fb1b2ab
B0072KYMKK,feature_7c7585e58d83b9a0
B0072KYMKK,feature_abf6a1c7cce36e41
B0072Z0MM2,feature_202278d989abe964
B0072Z0MM2,feature_3c195e78817aa710
B0072Z0MM2,feature_6b8ae14046285d62
B0072Z0MM2,feature_8e1ba29b7ca9121f
B0072Z0MM2,feature_c23646d8880c8d8b
B0072Z0MM2,feature_ee26a444dadcd38e
B00733ZHNW,feature_6ed0c68895c18483
B00733ZHNW,feature_7cb4aa6eccd17d88
B00733ZHNW,feature_a5a4eca2ac7caf13
B00733ZHNW,feature_b029219bb8a756b4
B0073G75U2,feature_922d31e048613994
B0073G75U2,feature_97d6114b73e04868
B0073G75U2,feature_af9074428df868b3
B0073G75U2,feature_c4fcd9b2b68b3646
B0073G75U2,feature_ff84b93aa463fffd
B00757EGG0,feature_3a6e017f7594d36f
B00757EGG0,feature_4168399f74a46c1a
B00757EGG0,feature_4c6d4dd7b2425dc1
B00757EGG0,feature_87a568da3903eaa5
B00757EGG0,feature_c62687ff99e38d22
B00757EGG0,feature_cf899e8e022bd579
B00776E934,feature_6224ec8dbaf7619b
B00776E934,feature_af9c76599b15728a
B00776E934,feature_df207e78171bbbb7
B00776MDMI,feature_1fd0226cd5facd78
B00776MDMI,feature_29cced97720d931e
B00776MDMI,feature_59b4c6fefcfcc12c
B00776MDMI,feature_7fc977de34d0d3dd
B00776MDMI,feature_bd233297d0522463
B00776MDMI,feature_bfe079c6ade39f5f
B00776MDMI,feature_e296aa76f21c25d8
B0078OBBMW,feature_014da1291f64f717
B0078OBBMW,feature_160bd41cca9676fd
B0078OBBMW,feature_57ff387613de7e3a
B0078OBBMW,feature_9380c490114b0c21
B0078OBBMW,feature_b1649af37ba71719
B0078OBBMW,feature_f300a7341f4fb0bb
B0079HOHD8,feature_e08773677534ebea
B0079HQ45C,feature_d964167b4ee9f5d9
B007A9UFSQ,feature_053fec981aa88df2
B007A9UFSQ,feature_1cb913cc13178328
B007A9UFSQ,feature_4713c73d24ca4678
B007A9UFSQ,feature_5881a9ea979ed0c4
B007A9UFSQ,feature_89480fd0a340a0dd
B007A9UFSQ,feature_dd8b6a42b1d2a48e
B007B8TB40,feature_1a543b9aee95a820
B007B8TB40,feature_1dd620e869d32bd9
B007B8TB40,feature_78ec40bb33e79c59
B007B8TB40,feature_9f3895c7ab613705
B007B8TB40,feature_bdf566cc0e124e7b
B007B8TB40,feature_f8bd74ff6c1be48c
B007CCE4MY,feature_390786eeee661c88
B007CCE4MY,feature_8bba24508687908a
B007CCE4MY,feature_dbd74f454210cf47
B007CCE4MY,feature_dd0502b99cecb873
B007CIJZEA,feature_3b69de63ca3c7c92
B007CIJZEA,feature_4971ee776acc4be7
B007D1G8OG,feature_bc396b1839a009ba
B007FJQFP8,feature_af299f9276010ee7
B007FS6H84,feature_3e9a0e3d987a1aeb
B007FS6H84,feature_7ac1451c02fc9f03
B007FS6H84,feature_d0fbfab262b75938
B007FS6H84,feature_d2481dd6b8eed9a1
B007HL6YM8,feature_6cc383d60d63a892
B007HL6YM8,feature_b63adfe936bad28e
B007HL6YM8,feature_b6ac92146c890526
B007HL6YM8,feature_c542a3cd471305d6
B007HL6YM8,feature_d57a0d39e07c1a80
B007HU0BTQ,feature_8ebbb48a15ac3e0d
B007HU0BTQ,feature_c725dd683a2880cf
B007HU0BTQ,feature_d36eb98d047884b7
B007HU0BTQ,feature_e2241e2b533f1ca3
B007IAM4YU,feature_06191bf6d41f5941
B007IAM4YU,feature_086042222100da85
B007IAM4YU,feature_0b8785d635a96934
B007IAM4YU,feature_63b712a3a2e3066b
B007IAM4YU,feature_7e6ad46737e8548e
B007KL0TNU,feature_0499122ea0226fdc
B007KL0TNU,feature_ef77288bd9888bc8
B007MJKAUC,feature_b45712f4f3401e06
B007N3N9MS,feature_1368cd077057f9c5
B007N3N9MS,feature_68dec5283133e1b3
B007N3N9MS,feature_c9298261cd8eb5e0
B007N3N9MS,feature_ca9dee768c5903b8
B007N3N9MS,feature_eee005cca7349f9a
B007N4W810,feature_a16120c6947c2b6e
B007N7AOPE,feature_34c3b984e0665276
B007N7AOPE,feature_78fb85a6aa7da767
B007N7AOPE,feature_9830e544302ec152
B007N7AOPE,feature_99971fd4abc2daab
B007N7AOPE,feature_a98c5d33fb06b866
B007OMF59I,feature_62c4b5272234e15e
B007OMF59I,feature_d8c47e72f95d5629
B007OMF59I,feature_d9bd94bccbb505f2
B007OMF59I,feature_e208dad5384855f2
B007OMF59I,feature_e27c794d32211a03
B007OO9RZO,feature_7ba785f3f94471de
B007OUUBJY,feature_4c34e5a80f551216
B007PIYX8A,feature_1ce75cb105f70a6c
B007PIYX8A,feature_2f7414b62ddb099d
B007PIYX8A,feature_5c10e57dbcfd7017
B007PIYX8A,feature_d9cb5e0ae23930f8
B007PSETWA,feature_169f95b47849e7fb
B007PSETWA,feature_2488773be423492e
B007PSETWA,feature_324f1a88f34d52ea
B007PSETWA,feature_4f944542e06cd6f2
B007PSETWA,feature_7d3bc7adfecb9e6d
B007PSETWA,feature_b172fddebcf4a5ec
B007Q35I1U,feature_7d1421d720a8b7af
B007RW0QJE,feature_3310ee40183250d5
B007T7A7QY,feature_cc4ca705d8b348d2
B007TOLSSI,feature_013517c1305acfb1
B007TOLSSI,feature_12139e770e47a4fd
B007TOLSSI,feature_3cdd854323422a15
B007TOLSSI,feature_4f944542e06cd6f2
B007TOLSSI,feature_6a6eadedcde44a60
B007TOLSSI,feature_835eb805eb935c6e
B007TOLSSI,feature_892295931a845642
B007TOLSSI,feature_c0f87b32a0a0865a
B007TOLSSI,feature_c5c3a261c95bd409
B007TOLSSI,feature_d151c0568dddf239
B007VGPD76,feature_b5b75b075e0c49dc
B007VQEKY8,feature_b7f5a28dc2236057
B007VQEKY8,feature_fd5799818a5ae3d5
B007WA7DOM,feature_38a00347c081051c
B007WTHL5E,feature_0c29aef451afdfd6
B007WTHL5E,feature_8430341771e9aae3
B007WWQ39G,feature_49f66fcddbe3457a
B007WWQ39G,feature_5178e7696630d2cf
B007WWQ39G,feature_7270f21694697318
B007WWQ39G,feature_b18c3a0ed66b087a
B007WWQ39G,feature_d7391c2f2b4f3a4c
B007YV2R40,feature_13606cf33ffd646c
B007YV2R40,feature_5fadac4159bfb97f
B007YV2R40,feature_9600f15977c3251c
B007YV2R40,feature_ed7f50fd2a0e8993
B007YV2R40,feature_f25c5e69bc11b26e
B0080CECZY,feature_264d0a7717b08e81
B0080CECZY,feature_b328e5f88e78d0ec
B0080CECZY,feature_dc10d5a1cf13a5f1
B0080CECZY,feature_fdff11162065f021
B0081TMI6G,feature_0abaff5732ef5dc5
B0081TMI6G,feature_21cae1aa370415b6
B0081TMI6G,feature_3520fdde5984c719
B0081TMI6G,feature_570ddf09711587c1
B0081TMI6G,feature_c0ab0f8558625fbd
B0083KH868,feature_3c2908c0595afb5b
B0083UR6WO,feature_169f8afe3375b1b7
B0083UR6WO,feature_436675fab4e140b5
B0083UR6WO,feature_5eb26bea4cd96a71
B0083UR6WO,feature_a0e1bf05ca0aa1ff
B0083UR6WO,feature_bb588eaf56e0037d
B0083UR6WO,feature_eb826d89984fc547
B00853EO8I,feature_e89255ada77bc2ca
B00870XLDS,feature_0be51fde7c22e78e
B00870XLDS,feature_7ccf7ac89dcc312f
B00870XLDS,feature_c209f56a4afee664
B00870XLDS,feature_fb3950217edcee0e
B00870XLDS,feature_fb4b766408611b2c
B00879M1T4,feature_077f590d3d616a15
B00879M1T4,feature_31f28ff4f84c72df
B00879M1T4,feature_3a6183bd4e3e0caa
B00879M1T4,feature_6ee177b9d339d271
B00879M1T4,feature_8f4bf2293b3fffce
B00879M1T4,feature_e36cdec25d65bd94
B0087N3K0O,feature_7dc04886babf7c78
B0088XY1TM,feature_03be7e3eae72a49d
B0088XY1TM,feature_071ebecab1ca1e28
B0088XY1TM,feature_2d47ff8aab50e59a
B0088XY1TM,feature_6226c1698966de86
B0088XY1TM,feature_7cd23fc6cb19db35
B0088XY1TM,feature_ae31462930eb99e2
B00899F1V2,feature_053fec981aa88df2
B00899F1V2,feature_1cb913cc13178328
B00899F1V2,feature_4713c73d24ca4678
B00899F1V2,feature_5881a9ea979ed0c4
B00899F1V2,feature_89480fd0a340a0dd
B00899F1V2,feature_dd8b6a42b1d2a48e
B008BHR5WK,feature_0dad3ddcf939ce65
B008BHR5WK,feature_12c707dfbc9e3bee
B008BHR5WK,feature_4f09043d438b93d8
B008BHR5WK,feature_a260ea90f9645a20
B008BHR5WK,feature_a7118488d2e4ea8a
B008BHR5WK,feature_f3a530b3b1562491
B008C3NUPY,feature_6ac1d8f876da4895
B008C3NUPY,feature_7378cdbccb14ef8f
B008C3NUPY,feature_aed1546d59a8a90a
B008C3NUPY,feature_b2601468297ac96d
B008C3NUPY,feature_c3bec00ecf4fa7b2
B008CC4ASG,feature_000a3e7c7762b318
B008CC4ASG,feature_5c086990d1dc2bbb
B008CC4ASG,feature_9aaef84549f8066e
B008CC4ASG,feature_a04f56743e8e1af9
B008CC4ASG,feature_cb63bb44aac2e638
B008CC4ASG,feature_cc7d57e1cd63c951
B008H1II94,feature_da8607f56577f6a0
B008I7QEQG,feature_b7108f174376faa0
B008JGT2CE,feature_45c6322e922c5134
B008JGT2CE,feature_615f1296ff4ce981
B008JGT2CE,feature_b68bbbdd80a482c9
B008JGT2CE,feature_b7cf3acb1bf01f22
B008JGT2CE,feature_cd47c8d441acc63f
B008JGT2CE,feature_d06e97b0f4ac6310
B008JHO4E4,feature_2efded22b3e99c9a
B008JHO4E4,feature_341b890a5b084f0b
B008JHO4E4,feature_748b3319457f9eff
B008JHO4E4,feature_8e26ced5df6d83a4
B008JHO4E4,feature_e73b0634834b9861
B008K83W54,feature_093c7496698e6625
B008K83W54,feature_832b7234822a503a
B008KOCL28,feature_bd780d3aeb832e0c
B008KOCL28,feature_bfeaa05953ca0323
B008KOCL28,feature_cb8def5660ee7e14
B008KOCL28,feature_fb47bda8af538508
B008LF8IRS,feature_5e47cfc604b1b3a0
B008MPY9O8,feature_42fe58548bbba1cf
B008MPY9O8,feature_8f844aa83d88a171
B008MPY9O8,feature_f9b19705cad7d36d
B008N1M4YS,feature_4939d90ea2c9b44b
B008N1M4YS,feature_6570ee7a805e6fea
B008N1M4YS,feature_6f46cdaa86ecd9b0
B008N1M4YS,feature_7531d33970c027de
B008N1M4YS,feature_91a17429219fe319
B008N1M4YS,feature_e4ff4549eb06a601
B008O7C61W,feature_00fce1ebdaff00ba
B008O7C61W,feature_12b8aa6a876ab297
B008O7C61W,feature_2d7117ede12e82e3
B008O7C61W,feature_36d008eb2f6743ac
B008O7C61W,feature_557248d2bbe6d854
B008O7C61W,feature_81df276ab6916608
B008OLDYWI,feature_0578991da95525c8
B008OLDYWI,feature_500cc702d18e7129
B008OLDYWI,feature_683ebe2403bbbdec
B008OLDYWI,feature_7a402f9cd27e3708
B008OLDYWI,feature_89a5942e0d369c83
B008OLDYWI,feature_c592884f8e98cd02
B008OLJXL4,feature_7252170e0eda5c0b
B008OLJXL4,feature_849f649782f72bff
B008P06GSC,feature_17d913bdf97c984c
B008P06GSC,feature_24c08b7a45345a56
B008P06GSC,feature_403f587f115d5e67
B008P06GSC,feature_48308efb83607762
B008P06GSC,feature_7750d49662830b61
B008PGMS9C,feature_17cc98275e21a0a0
B008PGMS9C,feature_249264e0856e7fe0
B008PGMS9C,feature_5748752dc6ee66fb
B008PGMS9C,feature_b4ff8084216a30a8
B008PGMS9C,feature_c1aca273f11641f0
B008QSM704,feature_0634ff834acf1a3e
B008QSM704,feature_b47cbc44235078ad
B008RA16ZI,feature_085f005c65f3f105
B008RA16ZI,feature_42837e3557f26ccc
B008RA16ZI,feature_9b837f3208d9558f
B008RA16ZI,feature_af5211c75847deb6
B008RA16ZI,feature_ccb3ddd7f8c1803f
B008RA16ZI,feature_d3e8f9b59c763639
B008RDR7PS,feature_09efda18027e21ce
B008RDR7PS,feature_753532205770f7d9
B008RRDJPG,feature_32f3f38a5d595f8d
B008RRDJPG,feature_8262e30b5bdd4dc5
B008RRDJPG,feature_9bbf15de0125cd8d
B008RRDJPG,feature_b8cf0403522bf339
B008RRDJPG,feature_f4d274b2db36f04b
B008RS5ML4,feature_e458d9e80b26f4d0
B008U0RW7G,feature_a8ff6ffefe3602a0
B008U5QJYS,feature_05e84b95f066de23
B008U5QJYS,feature_22c41a2c1f529a3c
B008VZ3IHI,feature_2452e6e52a06f658
B008VZ3IHI,feature_60c89ae1587c9b7a
B008X5LQYS,feature_03f69f884a669567
B008X5LQYS,feature_5a8ae0ba659ba208
B008X5LQYS,feature_70f3dc1c4e6e2724
B008X5LQYS,feature_b4635197d686d1dd
B008X5LQYS,feature_bad366d8803b7c89
B008X5LQYS,feature_cf002e41941c9fa7
B008YRNKM6,feature_4f1e14f0406926d9
B00908EYA0,feature_24836c71420945a2
B00908EYA0,feature_560821168814f9e8
B00908EYA0,feature_8c110e74d1a7316e
B0091UWBTI,feature_28e8d2cc3a7572e5
B0091UWBTI,feature_5f0d28cef6faefdd
B0091UWBTI,feature_792954d575ca96c8
B0091UWBTI,feature_8004a28c377026f3
B0091UWBTI,feature_8241eb5c4b9463c9
B0091UWBTI,feature_c990be49c6e1e7fa
B0093T0630,feature_d2f3a788f3c175f5
B0096R5PGC,feature_4abd9bec6d62b7da
B0096R5PGC,feature_6cc383d60d63a892
B0096R5PGC,feature_b63adfe936bad28e
B0096R5PGC,feature_b6ac92146c890526
B0096R5PGC,feature_c542a3cd471305d6
B009AG5ZSC,feature_5ad1df8673a14a4a
B009AG5ZSC,feature_76058caa1bf934c2
B009AG5ZSC,feature_82ac9c353344cc3d
B009AG5ZSC,feature_87200477078a6f36
B009AG5ZSC,feature_b78386c06f3a270d
B009AG5ZSC,feature_fbb6201e958f003f
B009AYPOSA,feature_0f2476ce191d1cab
B009AYPOSA,feature_5d67f25b5fb8db9b
B009AYV2PE,feature_24ff35015bf381df
B009AYV2PE,feature_2862823e747823e9
B009AYV2PE,feature_31863b3058c90e10
B009AYV2PE,feature_79f398742279a174
B009AYV2PE,feature_82ac9c353344cc3d
B009AYV2PE,feature_9b9fdb58eaa38fdc
B009EAFH32,feature_018037c0acc2dcd1
B009EAFH32,feature_1298780c440efe7f
B009EAFH32,feature_993f17672fa7be76
B009EAFH32,feature_d4cc1a8667e7f512
B009EAJFTE,feature_018037c0acc2dcd1
B009EAJFTE,feature_1298780c440efe7f
B009EAJFTE,feature_993f17672fa7be76
B009EAJFTE,feature_d4cc1a8667e7f512
B009FGZTNI,feature_a5fdf064377ec256
B009FOA6GU,feature_1c1b478d8752a828
B009FOA6GU,feature_91742ff825515ebc
B009FOA6GU,feature_9aa01cfecc4365fe
B009FOA6GU,feature_d6d93f7bb09343c3
B009FOA6GU,feature_eff61d50a49b5bef
B009G4BYX8,feature_0630a0b7a2f5907a
B009G4BYX8,feature_08d91927cf097e41
B009G4BYX8,feature_0d70756b55afe7a7
B009G4BYX8,feature_30448d626f9d7b75
B009G4BYX8,feature_3c67aaa8f497c9b4
B009G4BYX8,feature_b9268eab8f2a7cf1
B009JK1BO6,feature_7252170e0eda5c0b
B009JK1BO6,feature_fd02001d3411cc1b
B009PEK8JU,feature_20216864373fe73b
B009PEK8JU,feature_64db31c526bf04f7
B009PEK8JU,feature_f60cc9e0d9b46bcf
B009QE8AB2,feature_021a8947532b95ce
B009QE8AB2,feature_179ea037a626eb25
B009QE8AB2,feature_1b26830cb1889694
B009QE8AB2,feature_ca6963662437bd58
B009RQVLRE,feature_9876e29d881e01c8
B009TCXBWY,feature_5a7a95f4fc1e90df
B009TCXBWY,feature_68babaf8f502ea2c
B009TCXBWY,feature_821795c68f5b031d
B009TCXBWY,feature_8868307c3d22cd81
B009U0565K,feature_1974429e662a0cc9
B009U0565K,feature_51ccdfdaa74c5b9f
B009U0565K,feature_8f1aa9581409495f
B009U0565K,feature_987a7b0149af6b47
B009U0565K,feature_cdbb8e30eb5d32f8
B009U0565K,feature_db03bd195da420af
B009UT9NKU,feature_38b80ecd590b8d7a
B009UT9NKU,feature_44b13a72923a3354
B009UT9NKU,feature_6beeb3aa06641c23
B009UT9NKU,feature_7def9a0970261c81
B009WUFLNU,feature_342e8f83321cfd16
B009WUFLNU,feature_c98597272064bbfd
B009Y80374,feature_abdd8fede3ad9b54
B009Y80374,feature_b410cc9487d93c90
B00A0BDAHY,feature_742cb4690781e662
B00A2SRH9C,feature_f7b51551379c9323
B00A4EPN1S,feature_2fa360977945b7bd
B00A4EPN1S,feature_690466fb69e02c09
B00A4EPN1S,feature_6ad0f75766137ed4
B00A4EPN1S,feature_8dda2b29370683ab
B00A4EPN1S,feature_a04b8e04a7a5774a
B00A4EPN1S,feature_a5ae994dd351c057
B00A53IM8E,feature_10a77f1fdb4ad25a
B00A53IM8E,feature_82c8aae80c2e55e2
B00A53IM8E,feature_c3a2392fdff6bdc3
B00A6YINXQ,feature_2e775678bc17ec0d
B00A6YINXQ,feature_94b8e21aab1018f5
B00A72F3LM,feature_00508f5b10fb5f6e
B00A72F3LM,feature_5a842a55383f013c
B00A72F3LM,feature_6532908802d3db41
B00A72F3LM,feature_81e767920cd1629f
B00A72F3LM,feature_a8f0ab5872873251
B00A72F3LM,feature_d9218bcd2d4f779a
B00A72F3LM,feature_ea4e289912a5688a
B00A72F3LM,feature_fe61187c6cc404ca
B00A7KLMOG,feature_0b417ef4e64cb435
B00A7KLMOG,feature_3657f579f1016792
B00A7KLMOG,feature_80afe017216fd8ab
B00A7KLMOG,feature_b13f42c8f00d2ad5
B00A7KLMOG,feature_f0fcf85e95865f61
B00A7R0K06,feature_17efce6d09c7533b
B00A7R0K06,feature_3dc26dcfafa98b0d
B00A7R0K06,feature_adc6e6ef96e8a0d1
B00A7R0K06,feature_bd9fdaf1e5b94929
B00A7R0K06,feature_d721fbee88d86858
B00A9LPMEY,feature_1ece9b2505bcf209
B00A9LPMEY,feature_9ae31e38fc7e674b
B00A9YXNTW,feature_48c3ce7d7e1fd4ef
B00A9YXNTW,feature_73c9d8aa88b0f01b
B00A9YXNTW,feature_9eb1cacfd520717e
B00A9YXNTW,feature_b3a6a9d8a0e49bd6
B00A9YXNTW,feature_cbad1c68cf61f675
B00A9YXNTW,feature_f4cce98e788d8ca2
B00ACOOKAK,feature_60f023cef57d8d41
B00ACOOKAK,feature_c64c5ad72aa391c8
B00ADLGVJA,feature_b6825f9ce1161029
B00AG3Y0A2,feature_5a842a55383f013c
B00AG3Y0A2,feature_81e767920cd1629f
B00AG3Y0A2,feature_96a6c9e60b2f188a
B00AG3Y0A2,feature_a8f0ab5872873251
B00AG3Y0A2,feature_acc7ce8bcd741fe9
B00AG3Y0A2,feature_d380dff0458e8a2a
B00AG3Y0A2,feature_d9218bcd2d4f779a
B00AG3Y0A2,feature_dd2d681f0da6c215
B00AKP21KM,feature_16b6df424ad1d71d
B00AKP21KM,feature_26a74c3fd0d489bd
B00AKP21KM,feature_2b863b7339acced4
B00AKP21KM,feature_8950c6b958a29985
B00AKP21KM,feature_9ecba33fb37be908
B00AKP21KM,feature_b0e9e50968324a90
B00ALI4KQG,feature_13ee35f5c76a80eb
B00ALI4KQG,feature_2f980646e05f419c
B00ALI4KQG,feature_be3b18727bbb5dc5
B00ALI4KQG,feature_d5fcf16b3c8cb4b1
B00ALI4KQG,feature_e1ff325fe2bcffe7
B00ANIQPZ8,feature_fe3b854270e31de6
B00AP2ZHJW,feature_3b0d73a55e2f9bc5
B00AP2ZHJW,feature_7252170e0eda5c0b
B00AP2ZHJW,feature_7f9f4cf2236ab0a3
B00AP2ZHJW,feature_afdd84e404d86a8f
B00AQ0RIJK,feature_f4d432ef19c61eff
B00AR86E82,feature_7fa6b2a9e1d07545
B00ASSFLVM,feature_85547e73d13dc34f
B00AU2B78M,feature_639d7223f4474c09
B00AU54WG8,feature_d33695abefcbb0d7
B00AV89DAO,feature_a74ebd8eafa25102
B00AV89DAO,feature_c4b29e347987661c
B00AWQUHQE,feature_8ade1f1010611851
B00AY76P0S,feature_6981680e1652465c
B00AY76P0S,feature_e64bb451b70e9eeb
B00AYU3UNK,feature_296898070b76c95e
B00AYU3UNK,feature_7d8dfe2949a1b57b
B00AYU3UNK,feature_bd689d53fd673900
B00AYU3UNK,feature_e060e14024783842
B00AZGAAQI,feature_4cc1e951fa6d5442
B00AZGAAQI,feature_4ddca9277b14a948
B00AZGAAQI,feature_60fb3256e5c7c88b
B00AZGAAQI,feature_740bd500edfdcbd5
B00AZPGUHC,feature_504a9c8b440247da
B00AZSK4S0,feature_2c348859086da773
B00AZSK4S0,feature_6500e2ea968d0a2d
B00AZSK4S0,feature_6d872a1d91531472
B00AZSK4S0,feature_702d6f6d4dbfde91
B00AZSK4S0,feature_a362509332f3ed31
B00AZSK4S0,feature_b05c7cfa96550169
B00AZSK4S0,feature_b91257c1327c72e7
B00AZSK4S0,feature_cb329146a0dd0d56
B00AZSK4S0,feature_e666e064d408b725
B00AZSK4S0,feature_f3297dcf6f8997ef
B00B0ARF52,feature_77464dc59050dbfa
B00B1EESZW,feature_06eff90cba9e07c3
B00B1EESZW,feature_a674ee55016409f1
B00B1EESZW,feature_b33460513159510c
B00B1EESZW,feature_d59a2912fa403ba7
B00B2DZ68U,feature_0c9dc5fbc3207686
B00B2DZ68U,feature_68519521d05346f5
B00B2DZ68U,feature_7fa5143671b0c99c
B00B2DZ68U,feature_935cc6b2b9be348c
B00B2DZ68U,feature_ae3e9ff287d11ba5
B00B2DZ68U,feature_eb1b2ce68d0b3bb7
B00B2FRVM2,feature_0dc45d743c80bdb3
B00B2FRVM2,feature_358b0910825ca807
B00B2FRVM2,feature_364a167f1119f7eb
B00B2FRVM2,feature_a83d3da4e1f6229f
B00B2RQ5F4,feature_0b62e588a1e68657
B00B2RQ5F4,feature_9abe852386f11763
B00B2RQ5F4,feature_a39acb478fd9bfb4
B00B2RQ5F4,feature_c0f3eb025833b917
B00B2RQ5F4,feature_cce4f06d142be000
B00B2RQ5F4,feature_d89146d476798001
B00B2RQ5F4,feature_f6a03a2bfe186a4d
B00B40B58G,feature_2c32c34dbb4b91d9
B00B40B58G,feature_7e88df3b2048f342
B00B40B58G,feature_bbe7b0c69ee8dde2
B00B40B58G,feature_d6a1585d2acd2115
B00B40B58G,feature_ee11a9bf2b0b97d7
B00B4VILQO,feature_20bf183cebe70c0b
B00B4VILQO,feature_750af261d41034bd
B00B4VILQO,feature_a299d479327b7fc1
B00B4VILQO,feature_cf92cb5aff9ea330
B00B4VILQO,feature_d3c08568bfbdf8c4
B00B53KQDW,feature_056814406e4c41a3
B00B70UCDW,feature_0c39ce9cb4a9d448
B00B70UCDW,feature_24fc72bcab12f6b4
B00B70UCDW,feature_3ac4b18eb20c05e1
B00B70UCDW,feature_5e88cae71bcadb3d
B00B70UCDW,feature_603914fff917f4c7
B00B70UCDW,feature_81672f9159375d39
B00BB8LBH6,feature_0fe0a4fc1f07e4d6
B00BDB2RLA,feature_28a3eaa3962bffd8
B00BDB2RLA,feature_445a36249478959f
B00BDB2RLA,feature_6ba80760898ada09
B00BDB2RLA,feature_711f530eac053f03
B00BDB2RLA,feature_91cead2ce3d4d4ca
B00BDB2RLA,feature_a59b7e6a2c0b25d7
B00BES4B4S,feature_1327916469a3a837
B00BES4B4S,feature_846c694e08965e24
B00BES4B4S,feature_b43ca8b2362e54e2
B00BES4B4S,feature_d272504791b7df1c
B00BH4N3IO,feature_56f0cd9b78b2ec82
B00BH4N3IO,feature_8241eb5c4b9463c9
B00BI4C0AK,feature_4b4034103a415043
B00BI4C0AK,feature_6cc383d60d63a892
B00BI4C0AK,feature_b63adfe936bad28e
B00BI4C0AK,feature_b6ac92146c890526
B00BI4C0AK,feature_c542a3cd471305d6
B00BISM79A,feature_3a9b2950aa5fd370
B00BISM79A,feature_63af1ebc10c8f5ef
B00BISM79A,feature_9e330fe52346dcc4
B00BISM79A,feature_add6d4d6d75bd853
B00BISM79A,feature_e9549c9bb3ba63d0
B00BJ7T7ZM,feature_ae5a3c0c9b05d00e
B00BL12HBM,feature_8ee3c58c11187e04
B00BLWQAYQ,feature_753532205770f7d9
B00BLWQAYQ,feature_d9512ceb374c8a17
B00BMICR32,feature_4ed0b7e6143d5a08
B00BN496E8,feature_78b466a156d5ad33
B00BNARG9O,feature_a6374fa8b41109b2
B00BPMYBQQ,feature_5610753d467332ce
B00BPMYBQQ,feature_85271a0d9a607614
B00BQ0TWNO,feature_29a6456b387dba14
B00BQ0TWNO,feature_8946826d8683d4ff
B00BQ0TWNO,feature_d579ffe46708d452
B00BQ0TWNO,feature_ebc09139a121efd7
B00BSE3ON2,feature_079bfba440e5b664
B00BSE3ON2,feature_3a236bbe23d64144
B00BSE3ON2,feature_50c1c1732581523b
B00BSE3ON2,feature_55ba72224ab8ce1b
B00BTQD5QA,feature_8da05b9ab902c2f3
B00BTYNQ7K,feature_bfdfda67ce18ca08
B00BUS8TTK,feature_230b827f2430286d
B00BUS8TTK,feature_b66dc00a84a56470
B00BUV454K,feature_22da9e7fc6e8ed75
B00BUV454K,feature_46f167441294fca3
B00BUV454K,feature_68c26947493facb7
B00BUV454K,feature_92c2dfc9516b8f63
B00BUV454K,feature_fe739256883ba1dc
B00BVU7CJ0,feature_5fdc2c7486035af7
B00BVU7CJ0,feature_7b74ffd888aaca70
B00BVU7CJ0,feature_cb329146a0dd0d56
B00BVU7CJ0,feature_ce9ac4e417ba8d76
B00BVU7CJ0,feature_e4f3eb86cfbb846e
B00BVU7CJ0,feature_e758281c3633ea3b
B00BX9KND6,feature_64994ff9cd248db6
B00BX9U7EG,feature_735e33077c74f39e
B00BXGVIII,feature_8f2ac4cb489ec4fa
B00BXGVIII,feature_ef29484651a803f4
B00BZ1TKTU,feature_41750bbc7666835d
B00C0W5WJU,feature_90ff4a8f26cb5ba3
B00C0YZBJE,feature_089712e930f627cb
B00C0YZBJE,feature_67e315f9c64e71a3
B00C0YZBJE,feature_ecb85f57e5c37222
B00C0YZBJE,feature_ece7ff0a12233ad5
B00C29026E,feature_26e2a4afc1a1d3db
B00C29026E,feature_747c7282c3585ce2
B00C2S1RBE,feature_570636aa0c3554dc
B00C2S1RBE,feature_649a51318d07e467
B00C2S1RBE,feature_7733de5be64cd453
B00C2S1RBE,feature_b652e4cea323aecd
B00C2TDTP0,feature_47ea3aa5781f17a2
B00C2TDTP0,feature_5c3e17dcf7cb6975
B00C2TDTP0,feature_64492f7a25459a4f
B00C2TDTP0,feature_9f6c3ff0c5f0f387
B00C2TDTP0,feature_a0593b423d086b15
B00C2TDTP0,feature_bf0ed4540f729893
B00C3N9WF6,feature_61a868287c3f0e70
B00C3SDJVY,feature_52e93ad8f460f0ea
B00C3SDJVY,feature_aca2c1ad5a170e90
B00C4VLHF0,feature_07453f9a57f866be
B00C4VLHF0,feature_16ac98cbe52c77d2
B00C4VLHF0,feature_342cf4cfc58afdab
B00C4VLHF0,feature_3e2a5a7e8326e319
B00C4VLHF0,feature_68528be9fb0ff6d2
B00C4VLHF0,feature_7918415fbd47c29b
B00C770JD2,feature_27923c58a0c7fd28
B00C770JD2,feature_2dd5591b66632dbb
B00C770JD2,feature_2de53860fa0f2dc1
B00C770JD2,feature_3a8696d0217de237
B00C770JD2,feature_3c4e982f4969e2cc
B00C770JD2,feature_4f944542e06cd6f2
B00C770JD2,feature_4fb6c262f8e20928
B00C770JD2,feature_80a99e693fcd3bce
B00C770JD2,feature_dee25dbfc67ad94b
B00C7L1O1O,feature_2447d3d89f515891
B00C7L1O1O,feature_657364ca4f0a463e
B00C7L1O1O,feature_a4b923172b4e6809
B00C7L1O1O,feature_d62ebf985bdf73c5
B00C7L1P6S,feature_31c4a7623b84a0be
B00C7L1P6S,feature_36629a6dd830191b
B00C7L1P6S,feature_71bd3c0601a11321
B00C7L1P6S,feature_84729f3b89a39682
B00C7TJT1S,feature_2890bbeedc992efa
B00C7TJT1S,feature_2b31e32dd0ca6059
B00C7TJT1S,feature_5157e42cc03dbf30
B00C7TJT1S,feature_cf9d1ffc6059e209
B00C7TJT1S,feature_e681507b971288e6
B00C7TJT1S,feature_f05f21a54d1892c2
B00C7XQYBW,feature_61b0df58f91b97d3
B00C7XQYBW,feature_e6543e3b5f572698
B00C9T0RA8,feature_95620be14a00c9cc
B00C9U27XC,feature_151073637b94f3f7
B00C9U27XC,feature_42e7f1e11468a75d
B00C9U27XC,feature_5b54f916972ed517
B00C9U27XC,feature_8e215237e12c045e
B00C9U27XC,feature_cb4ff84b1f3e69a4
B00C9U27XC,feature_ff523bd91102ef20
B00CB2F9AG,feature_138334851bb5f12e
B00CB2F9AG,feature_39ede5aa39926e6f
B00CB2F9AG,feature_5ac5f84ece76de2b
B00CB2F9AG,feature_6e27818c6d7423a1
B00CB2F9AG,feature_dedca2577d0691c0
B00CB2F9AG,feature_e30a740d05b32ced
B00CBL16QI,feature_03fb2bd99750138b
B00CBL16QI,feature_2d04fa5634d99977
B00CBL16QI,feature_57b17f6489f96616
B00CBL16QI,feature_7435aa599aa0b9c4
B00CBL16QI,feature_ba9803727e59bf86
B00CBL16QI,feature_d744f81ec879de0c
B00CCWTD7A,feature_25e43690b0232cec
B00CCWTD7A,feature_559187dab596b652
B00CCWTD7A,feature_b357b87b2c80737b
B00CCWTD7A,feature_dcfa10a8e938461e
B00CD4HYGO,feature_188c8035db8cd9ff
B00CD4HYGO,feature_19799c823f6e9650
B00CD4HYGO,feature_89e2c1ebbf57483d
B00CD4HYGO,feature_dce6e9f65c1df817
B00CF2P7AY,feature_e32da2e0fad587e5
B00CF2P7AY,feature_fbc8d0fdeced6877
B00CFBO9LS,feature_02d1bef430e8e325
B00CFBO9LS,feature_63bba201efd64b69
B00CFBO9LS,feature_78e52472946fe031
B00CFBO9LS,feature_a7846f43e84319e2
B00CGAHJNI,feature_07b251e5863b422e
B00CGAHJNI,feature_2b57e0f3b7e34310
B00CGAHJNI,feature_ac74482ac21dfd81
B00CGAHJNI,feature_c99ea85a27b70baa
B00CGJZBFW,feature_bf5c5e3276686759
B00CH6IQSI,feature_2feaf80edd1c2412
B00CH6IQSI,feature_5646b8fd44f46d60
B00CH6IQSI,feature_72bf58e2627f8d48
B00CH6IQSI,feature_8b6922c1db3515a5
B00CH6IQSI,feature_b449ed2d722bb521
B00CH6IQSI,feature_f28b9c4ee4354f3a
B00CHRRNKY,feature_12b5f85204cc1ecf
B00CHRRNKY,feature_b4beaf25b19cf775
B00CHXYEDC,feature_5a368cba562cda6b
B00CHXYEDC,feature_7859a1e8b49974f2
B00CHXYEDC,feature_93e26525e8e7b6a9
B00CHXYEDC,feature_adcd87b090416635
B00CHXYEDC,feature_c1dfdc4a0983eba2
B00CIIPV5Q,feature_239e7a8c505c0110
B00CIIPV5Q,feature_3c7c94ee557e309e
B00CIIPV5Q,feature_54b8f68c8857720a
B00CIIPV5Q,feature_6860547e67a0c3a4
B00CIIPV5Q,feature_e4ab5711e9021d17
B00CIIPV5Q,feature_eed581610a48d738
B00CKSBIRO,feature_14a1cb705fa86e52
B00CKSBIRO,feature_3777776b7e6848b3
B00CKSBIRO,feature_49257d19fe277861
B00CKSBIRO,feature_ea8c6c1ba9e4d983
B00CKSBIRO,feature_f1826df7c713f30e
B00CLAFXK4,feature_29d3ee6beb4cfe9c
B00CLAFXK4,feature_6e8fefc5f7025b99
B00CLAFXK4,feature_97ca588452f6fcdf
B00CLAFXK4,feature_b3b7b6fc570b0642
B00CM0WHXY,feature_2f5a899511e642f5
B00CMFKHW2,feature_c13437cd9929d24f
B00CMU0WYA,feature_456b2efe77978b7c
B00CMU0WYA,feature_4ce88bf06ab2d5aa
B00CMU0WYA,feature_55f442026631a1cf
B00CMU0WYA,feature_80a5705b0913afdf
B00CMU0WYA,feature_c51a235b0707fc2f
B00CMU0WYA,feature_d3fff945cef26b5b
B00CN08ZCK,feature_65020735db7919b5
B00CO98IH2,feature_7a0fc5f442b97647
B00CO98IH2,feature_b4d7285f52d8f6ab
B00CO98IH2,feature_d83b8c11e90a7a12
B00CO98IH2,feature_dcf39959c2fa4708
B00CO98IH2,feature_e7e6d8303bb065bd
B00CPT9CM6,feature_0c23091d1fece8fb
B00CPT9CM6,feature_fd69aad17ed8c3a7
B00CQ16CT4,feature_1c4820fecf833519
B00CQ16CT4,feature_203120be8123c5cb
B00CQ16CT4,feature_2c6eca15bbc47248
B00CQ16CT4,feature_5881c4125d60a33e
B00CQ16CT4,feature_77e7a7fdad61c96b
B00CQ16CT4,feature_ec105aae727f8899
B00CQURGYK,feature_0fb66362a738f244
B00CQURGYK,feature_406ff00f7864bc48
B00CQURGYK,feature_8e8ec42549282330
B00CQURGYK,feature_ec0d6757222f5b17
B00CQURGYK,feature_f62f57ec6677c68b
B00CS1K3FG,feature_53f7ba1198f1a19e
B00CS3T5YO,feature_15d2a622acd9be5c
B00CS3T5YO,feature_1dc1c21997692955
B00CS3T5YO,feature_3e4d16bf9e253fd6
B00CS3T5YO,feature_3f4f05523fc80053
B00CS3T5YO,feature_8f788224b735eca2
B00CS3T5YO,feature_ad9dee7b5914341d
B00CS3T5YO,feature_d41258ee170a8088
B00CS3T5YO,feature_f4171249333892e4
B00CS3T5YO,feature_fe76758091ab5eca
B00CS77A5G,feature_78a826fd70fa047a
B00CS77A5G,feature_e76621b55bdb88c6
B00CTBPDPK,feature_074e85f4ccbe7341
B00CTBPDPK,feature_08795e9916e02df9
B00CTBPDPK,feature_4b8e407221a04179
B00CTBPDPK,feature_7af52771335378a2
B00CTBPDPK,feature_b0c138a447851c62
B00CTBPDPK,feature_ffd314ca5d50a305
B00CTN8CY2,feature_42f6fc86271d25e7
B00CTN8CY2,feature_9043d2799a390282
B00CTN8CY2,feature_a8385495d558bc24
B00CTN8CY2,feature_cfd2ad69a9b4fa92
B00CTN8CY2,feature_d4ced9a37a0cd8fa
B00CTN8CY2,feature_f4575fe45fbe3b19
B00CTOQCCU,feature_4555277ac38f3830
B00CTOQCCU,feature_70a31cd2e66afdab
B00CTOQCCU,feature_b69b04dd02f64d2b
B00CTOQCCU,feature_c45b4998eaad7734
B00CTOQCCU,feature_da5c277454245206
B00CTOQCCU,feature_dda01540b9e37b7b
B00CUFVBZQ,feature_7571e0ae0f1384b7
B00CUFVBZQ,feature_f05a0538a47f5496
B00CVE2JTS,feature_164ac53ab931bd6d
B00CVE2JTS,feature_2fb89491d1db7463
B00CVE2JTS,feature_9447c6a183487a7c
B00CVE2JTS,feature_e175355a84ee4691
B00CX841J8,feature_50ab68958ad1b59b
B00CX841J8,feature_50ddfa38e4e32f50
B00CX841J8,feature_bbc9924dba76d082
B00CX841J8,feature_d1238a992a02097a
B00CX841J8,feature_e33f6fa0e05c6178
B00CX841J8,feature_f217b32097ea8605
B00CXY0VQE,feature_0292f1a625a860d3
B00CXY0VQE,feature_4e209adea38fe0fd
B00CYVUAA8,feature_0d4c47fe2182a497
B00CYVUAA8,feature_573ea779254d4213
B00CYVUAA8,feature_58b5119ba2fd79d7
B00CYVUAA8,feature_79a3ee190ee2f543
B00CYVUAA8,feature_896c1dfc7e7d1ba3
B00CYVUAA8,feature_e3267c16918a7b92
B00CZGTNSC,feature_1bf65beab4e2c8d0
B00CZGTNSC,feature_557409806d0c0e29
B00CZGTNSC,feature_a33b2c43487b82c3
B00D065QMI,feature_32e723dd3d572ac0
B00D065QMI,feature_891d9b25e65fc3c5
B00D62C2F0,feature_daa63c02f4cac691
B00DB81E0I,feature_d7a9593a8e8a3b5a
B00DB81E0I,feature_f1c9d5ca78e129fe
B00DHH1A3O,feature_1f66daee0e3dc6d0
B00DHH1A3O,feature_81f05189e8c2b084
B00DHH1A3O,feature_903a24ae17a67ca7
B00DHH1A3O,feature_cdc98d14d85a801a
B00DHH1A3O,feature_e4e7ef2f9a2fd8c0
B00DNKWP5M,feature_2c9f78ff6a3c61e9
B00DQBMN6E,feature_148cc73a7a79e860
B00DQBMN6E,feature_b2b63ba02848595d
B00DQVV612,feature_260c29dc7cb6c690
B00DQVV612,feature_343e933262ed619b
B00DQVV612,feature_98a8d58c04262225
B00DS1R8V2,feature_1c17964cbf125266
B00DS1R8V2,feature_75d70680e3f99091
B00DS1R8V2,feature_7dde576d0e7d826f
B00DS1R8V2,feature_8460deb25703a748
B00DS1R8V2,feature_c1590711f1c0345f
B00DS1R8V2,feature_c209f56a4afee664
B00DSW4VKC,feature_318f34448d1dd61b
B00DSW4VKC,feature_4390235b0c5c72f0
B00DSW4VKC,feature_67a67e10e99559c7
B00DSW4VKC,feature_f18a6251170ccb4a
B00DUD3P0Q,feature_3d9eb8e660cff078
B00DUD3P0Q,feature_42ff5704d86dff5a
B00DUD3P0Q,feature_7c708b6d72751608
B00DUD3P0Q,feature_9d1b43a92adff8d2
B00DUD3P0Q,feature_ae35026aad4b97a8
B00DUD3P0Q,feature_b109b9c1b77d3bf0
B00DUD3P0Q,feature_d0449e8607744984
B00DUD3P0Q,feature_fe4565883935ed44
B00DV995AS,feature_1b40f08ff5fe0271
B00DV995AS,feature_3df222f12404baeb
B00DV995AS,feature_64f8e83336d7baa5
B00DV995AS,feature_7489eb9bbe57b81d
B00DV995AS,feature_e5266f9d89de4db4
B00DV995AS,feature_ec302618c413f450
B00DW9JMGO,feature_67f21383d001c5b7
B00DW9JMGO,feature_8f7dae16091802be
B00DW9JMGO,feature_9944cbeb8b1b6b77
B00DW9JMGO,feature_bcbae8e255edfbbb
B00DW9JMGO,feature_ded5f60c5248af60
B00DW9JMGO,feature_fd4139baa77afb93
B00DZA6PWE,feature_0159aa3c83b160e8
B00DZA6PWE,feature_139ae5bd3c419038
B00DZA6PWE,feature_1a543b9aee95a820
B00DZA6PWE,feature_363c2590ee85f5c0
B00DZA6PWE,feature_4200577c7be20ba7
B00DZA6PWE,feature_69345e1b437e9d29
B00DZSLA12,feature_ac080124ab070244
B00E34OG1S,feature_2a574f6061e02321
B00E34OG1S,feature_51e3069819c8dec0
B00E34OG1S,feature_6b7a10800910ec26
B00E34OG1S,feature_c4e90791a21011dc
B00E34OG1S,feature_cc3409fdf49e00d7
B00E3G3Z6I,feature_9ee1bfe2e8f29510
B00E3G3Z6I,feature_e554e851c79cd73d
B00E4MM6B6,feature_11c531ff602bbf66
B00E4MM6B6,feature_aa52def046306625
B00E4WVU3Q,feature_64ed242539436432
B00E5EX8HY,feature_954751ddbd0e61fe
B00E5EX8HY,feature_a19ac7d90f216646
B00E5EX8HY,feature_e20cec44358cea9f
B00E5EX8HY,feature_faa52f7c32fac25d
B00E5EX8HY,feature_fea759dd1f348683
B00E84UPOU,feature_09a72a14b1517304
B00E84UPOU,feature_69b01923df9bcce6
B00E84UPOU,feature_a6ee472536b0042e
B00E84UPOU,feature_a721971c85bc15a8
B00E84UPOU,feature_c2e24c2f55e4b51a
B00E9R25OY,feature_229aef7fa384757a
B00E9R25OY,feature_5dca816af7e5f30f
B00E9R25OY,feature_82889d883d631615
B00E9R25OY,feature_896ef3ebbf8ad2a4
B00E9R25OY,feature_9f044d1ec09b0209
B00E9R25OY,feature_a4178872764e1645
B00EA0CQQ2,feature_1a18551eb7c153ca
B00EA0CQQ2,feature_4beea290b07b6340
B00EA0CQQ2,feature_526d4d870d0dcba2
B00EA0CQQ2,feature_e671555d7dfbc91a
B00EA0CQQ2,feature_e911418edd78752e
B00EA0CQQ2,feature_efdf228d267027ea
B00EBZD0PW,feature_0d554affd1bc8993
B00EBZD0PW,feature_bb22f630c2943d8c
B00EC7QIPS,feature_0034b35b7e8c5d87
B00EC7QIPS,feature_28bb089f282d6493
B00EC7QIPS,feature_41e0bef015c47f13
B00EC7QIPS,feature_694e63acf91bfd6d
B00EC7QIPS,feature_94d61e185664f8c6
B00EC7QIPS,feature_d54f0886b9c247f3
B00EC7QIPS,feature_dd44d6b3288d3647
B00EC7QIPS,feature_e79ac863f70332df
B00EC7QIPS,feature_f234a168a5a7247e
B00EC7QIPS,feature_f8cb64916e3e0271
B00EHD42K0,feature_753532205770f7d9
B00EHD42K0,feature_f594b81a68ad4981
B00EHFY582,feature_8561174418c821e5
B00EHM5JW6,feature_1be1a65519cf757b
B00EHM5JW6,feature_44e8e4eb34c3fcc5
B00EHM5JW6,feature_479dbd5bea95489c
B00EHM5JW6,feature_8b8a43e3c1970f04
B00ELXM3TI,feature_20bba1aa80d9df4e
B00ENSUY5G,feature_48d878e722529a0c
B00ENSUY5G,feature_570433666f1de4b4
B00ENSUY5G,feature_5c1f15b974a0c269
B00ENSUY5G,feature_6499c49cd6a033b6
B00ENSUY5G,feature_b6f20c6ee4f6bfbf
B00ENSUY5G,feature_c784fd44e6ec61c1
B00EO5JV48,feature_1f265a7082d8a863
B00EO5JV48,feature_2bbf2476e36b5215
B00EO5JV48,feature_352a62955937098a
B00EO5JV48,feature_38085ea1f72f95f0
B00EO5JV48,feature_728cddff2611d0ea
B00EO5JV48,feature_8b5323a508edf3e0
B00EO5JV48,feature_9276190292427d2a
B00EO5JV48,feature_ef7775781c11c8ea
B00EO5JV48,feature_f10dc0602be840bf
B00EO5JV48,feature_fc16f5ca59c783b7
B00EORAP4G,feature_98f09e74b8cbc6f4
B00EV0TDA8,feature_4224814c5ae377ae
B00EV0TDA8,feature_c0b622751ffd7f18
B00EV0TDA8,feature_e938ceb38f599d3b
B00EV0TDA8,feature_fa36dcdf339ca194
B00EW7J1HK,feature_43e3a4919060d6a2
B00EW7J1HK,feature_889ec6d9cfbd8c83
B00EW7J1HK,feature_cb5cdce4ffb5aca8
B00EW7J1HK,feature_f76cacb59b83d916
B00EY80Z0Y,feature_0f96b61e1e9570fb
B00EY80Z0Y,feature_aa4a18d61d152fa1
B00EY80Z0Y,feature_c12972612d75e5b9
B00EY80Z0Y,feature_c9ac3f6ea73864d5
B00EY80Z0Y,feature_c9bdc4e34466c9d5
B00EYNA7LG,feature_0ab60510ebe5cf51
B00EYNA7LG,feature_42b177f5507e0837
B00EYNA7LG,feature_4a1a14e0a846d17b
B00EYNA7LG,feature_98bf5ea80fa61539
B00EYNA7LG,feature_c2f99489062ca6a5
B00EYNHZQQ,feature_124d5c0fd4373388
B00EYNHZQQ,feature_5e4497e3e998116c
B00EYNHZQQ,feature_6ade11bab98e3930
B00EYNHZQQ,feature_a62a35dead305463
B00F519T2E,feature_61abbc4522caf786
B00F519T2E,feature_b9a2e34296acb45c
B00F52LQWY,feature_27835307f101e3b2
B00F77H1OY,feature_15efeff8b1645dec
B00F97J55K,feature_06c626611bc5afbd
B00F97J55K,feature_073da54ad35f8e7a
B00F97J55K,feature_28290a4c1f7881c6
B00F97J55K,feature_300406a35b0cf1b7
B00F97J55K,feature_394e444cd9b082fb
B00F97J55K,feature_b824da2aa002397e
B00F97Y8RA,feature_0bebd30e6217806e
B00F97Y8RA,feature_6057e6fc3a693378
B00F97Y8RA,feature_d127df875ecb8d78
B00F97Y8RA,feature_d9c37fe7d6580e9c
B00F97Y8RA,feature_e44f68a0c8d690ce
B00F97Y8RA,feature_fc1810d32e4300cf
B00FA6K4UU,feature_7119a8baf239ed19
B00FA6K4UU,feature_b5e5d41af08990cc
B00FCGXHEI,feature_0a0ddd740fd7f6ac
B00FCGXHEI,feature_1c4d4ef29491c3ef
B00FCGXHEI,feature_71ed38691d14750d
B00FCGXHEI,feature_9aeedcfbd923a9fb
B00FCGXHEI,feature_d437d73ec888db86
B00FCGXHEI,feature_ee59ecf0deb5ebae
B00FCQHYEW,feature_3c976b8e0d304050
B00FCQHYEW,feature_9dece6894908e95d
B00FCQHYEW,feature_df90ca5f321af96f
B00FCQHYEW,feature_e52995daf39fda73
B00FCQHYEW,feature_e9d66c93608474a1
B00FEHM8HM,feature_3835c4becefe1c6f
B00FEHM8HM,feature_634d886dbacffebe
B00FEHM8HM,feature_7632d7302be9e059
B00FEHM8HM,feature_97232034785d83cd
B00FEHM8HM,feature_b497dd7afced3cd0
B00FEHM8HM,feature_e4cbd3775af02258
B00FEYZO58,feature_20b272433a8b9845
B00FEYZO58,feature_2b28ef5a5e200a2a
B00FEYZO58,feature_7cc00b935b2b70b6
B00FEYZO58,feature_95fea39d3ff84cf3
B00FEYZO58,feature_9936584508b4fc08
B00FFZZ8OI,feature_06cc61891126013d
B00FFZZ8OI,feature_80c8f909e1a5fb6e
B00FFZZ8OI,feature_8f440e5db4f71bb0
B00FFZZ8OI,feature_e09407b9df49a081
B00FFZZ8OI,feature_eed24e28f1940832
B00FG0SX9O,feature_5bc3034f4588bb91
B00FG0SX9O,feature_833edbd0e345b67e
B00FG0SX9O,feature_bc546788a77066d1
B00FG0SX9O,feature_c63561acbd0d33bd
B00FG0SX9O,feature_d59823fbca4c46d3
B00FG0SX9O,feature_ffb4a4b5916992ea
B00FHB2US2,feature_1327916469a3a837
B00FHB2US2,feature_5db74e3ebeef05a5
B00FHB2US2,feature_6581d8a8950e5348
B00FHB2US2,feature_8b86fa127fc23ac2
B00FHB2US2,feature_b675407ace904fb3
B00FHB2US2,feature_e9de5182b34d8b3c
B00FJPUOFM,feature_13af11f422c8afb8
B00FJPUOFM,feature_1bb7be5139033a83
B00FJPUOFM,feature_3e93bf175d5cc4db
B00FJPUOFM,feature_438242c3363eaccd
B00FJPUOFM,feature_4bc007ac86f179de
B00FJPUOFM,feature_6128fd7403603c86
B00FJPUOFM,feature_787e6e4555e11476
B00FJPUOFM,feature_87f51d855890ed1c
B00FJPUOFM,feature_9e7226d5d3fd563f
B00FJPUOFM,feature_fe8e156ea722f1cd
B00FKSWNFM,feature_78c192ff4b2bfba4
B00FKSWNFM,feature_80b9c3862aa60822
B00FKSWNFM,feature_9dba50c0330e23f5
B00FKSWNFM,feature_b8b476868b58ea48
B00FL7J8GO,feature_60df715511ada258
B00FMV8ZU4,feature_7bd31a21faaa0a17
B00FMV8ZU4,feature_7f61b4caeaa265a0
B00FMV8ZU4,feature_a6983db5ed2ec267
B00FN3GF6M,feature_567ceddadc5f2c9e
B00FN3GF6M,feature_876e2395e7b14878
B00FN3GF6M,feature_964f89a8a1bf0d7f
B00FPQNEFM,feature_f05ceb4d49549220
B00FQI9HYG,feature_2056a1f14abd249d
B00FQI9HYG,feature_357df9f9f3a07039
B00FQI9HYG,feature_71cb729946c1ff92
B00FQI9HYG,feature_7f97a2870eef9725
B00FTP8OLS,feature_268ddd5cecaf2fec
B00FTP8OLS,feature_784f9301268674a4
B00FW6JXNM,feature_3cad5b062ffed6f5
B00FW6JXNM,feature_408d2d6c832e4d44
B00FW6JXNM,feature_7c0dcea50a4055a1
B00FW6JXNM,feature_b5d5c6ece92767d3
B00FW6JXNM,feature_d91b4de656fa3e32
B00FW6JXNM,feature_ffe95dfb318423b0
B00G0U5TZK,feature_607a36dbac5dc95c
B00G0U5TZK,feature_849c4cf1cb9b6c43
B00G0U5TZK,feature_a20058f3b89d1ecf
B00G0U5TZK,feature_aa6b2c3f829630aa
B00G0U5TZK,feature_d7c213076ae00462
B00G0U5TZK,feature_eb3719739e1055a7
B00G1WVKFK,feature_5003e6b186456f9c
B00G1WVKFK,feature_8dfb064ffee8ec67
B00G2BXTY0,feature_660920b221bdd4f2
B00G5DWSMY,feature_0816fa5151800e09
B00G5DWSMY,feature_14ef8355dff430a9
B00G5DWSMY,feature_ae468bbb3b8ca88b
B00G7TQU6Q,feature_27bdc708fb5afd07
B00G7TQU6Q,feature_fd5b7d2ae2de2caa
B00G92BDRM,feature_0a1b32aa14ea08d7
B00G92BDRM,feature_0c2de463ece64ecf
B00G92BDRM,feature_25d6ecc927ccd728
B00G92BDRM,feature_eeb2e49ba699c1fa
B00G9XOYMM,feature_05e044c98b0d1c24
B00G9XOYMM,feature_332f8f42a83deb91
B00G9XOYMM,feature_3894c81fecd28f7f
B00G9XOYMM,feature_82f5c3b7b8dc2d1b
B00G9XOYMM,feature_ea8338564dfaf23c
B00G9XOYMM,feature_f0dab22d11bf7ba4
B00GAXFYY8,feature_351df0097ad6686f
B00GAXFYY8,feature_36abd54d7de42a94
B00GAXFYY8,feature_3c080eb5c876eb9e
B00GBFRP7Y,feature_449b78f3e7130a55
B00GBFRP7Y,feature_4758b11658a520a1
B00GBFRP7Y,feature_5fcc0c1f56247aaa
B00GBFRP7Y,feature_7349ca9bff208bee
B00GBFRP7Y,feature_9045b565df3fe784
B00GBYNAJM,feature_19be48580f832e2a
B00GBYNAJM,feature_48bb32ae49562cf3
B00GBYNAJM,feature_4eabee21d5b002a8
B00GBYNAJM,feature_73c19d3e12197abf
B00GBYNAJM,feature_b20ab9c66623b17d
B00GBYNAJM,feature_f366e2ff37eb4b16
B00GC47D76,feature_a917ce386cda7076
B00GCB2B1M,feature_0077c82ca31374e7
B00GCB2B1M,feature_67b65d5c81bfb87f
B00GCB2B1M,feature_8f1af6f0f467a410
B00GCB2B1M,feature_aad0a553ad04401d
B00GCB2B1M,feature_bd2f6dc3b283f971
B00GCB2B1M,feature_e4f2baa2cc192b07
B00GEJEFZ2,feature_42b395b08d3a5b26
B00GEJEFZ2,feature_8b3c9c0e5a68bf1d
B00GEJEFZ2,feature_a0afbeae876fdb78
B00GEJEFZ2,feature_bf2fc6e22a9215b1
B00GF3ZEMK,feature_08b520203d82c0c5
B00GF3ZEMK,feature_21baadd665a92a56
B00GF3ZEMK,feature_4b280210ab1fac5b
B00GF3ZEMK,feature_6fdaf1226a48d623
B00GF3ZEMK,feature_d7b9b4d91b4361f2
B00GF3ZEMK,feature_d985190e5aedc13a
B00GF3ZEMK,feature_e7aa4cb3e74377ab
B00GGAP4GS,feature_266b8935d438eb8f
B00GGAP4GS,feature_575fac588bc0bdc5
B00GGAP4GS,feature_d26ba133b60a5b85
B00GGAP4GS,feature_ddd3cbaa6577145b
B00GGAP4GS,feature_ead37815a7739c34
B00GHZZSYK,feature_026c44fc70610d2d
B00GHZZSYK,feature_72ce3688e37bb224
B00GHZZSYK,feature_ae411461938507ef
B00GHZZSYK,feature_d90147eab4c5252a
B00GHZZSYK,feature_deeae7547241ca01
B00GHZZSYK,feature_f2f59920e9c4127a
B00GIX8Q72,feature_039f00841a2cc9c3
B00GIX8Q72,feature_0b991bf315da3c1a
B00GIX8Q72,feature_35a63b95eb35f662
B00GIX8Q72,feature_5cd913a2df05fd86
B00GIX8Q72,feature_923be66376d2c545
B00GKRP9W6,feature_1d40d4dfbe4eb4b4
B00GKRP9W6,feature_24004f19530fd662
B00GKRP9W6,feature_57656eefe5335572
B00GKRP9W6,feature_839efb48ce8e218d
B00GLNL4PK,feature_0229b4bc01aa99bd
B00GLP3II4,feature_5974396a0e341d1a
B00GLP3II4,feature_5e050784f9bc0414
B00GLP3II4,feature_8253e2a498e4caaa
B00GLP3II4,feature_cb329146a0dd0d56
B00GMB6HDU,feature_8e716e88ef067b1e
B00GMB6HDU,feature_8fddfa0a6fc1fe1f
B00GMB6HDU,feature_a3dea9f36cba3d45
B00GMB6HDU,feature_c702269483006964
B00GMOZY90,feature_237d628cca32cdf6
B00GMOZY90,feature_28a9039b2d4f823a
B00GMOZY90,feature_82e2690dd4de2627
B00GMOZY90,feature_97fa479fd0b68038
B00GMOZY90,feature_b1e175dbef8f751a
B00GMOZY90,feature_bfbb162cfe4a0924
B00GMP1826,feature_af1810a148697500
B00GMP2Y60,feature_7252170e0eda5c0b
B00GMP2Y60,feature_bad1c5dc1847a13b
B00GMP8DKQ,feature_a2abea6e2b6255c6
B00GMP8X24,feature_1821c1d0da1f79b2
B00GMP8X24,feature_289266e18f981f11
B00GMP8X24,feature_28a0049597b4c7fe
B00GMP8X24,feature_3d921665459d8bc3
B00GMP8X24,feature_76d2774157fb6fbf
B00GMP8X24,feature_85574077ab2b2001
B00GMP8X24,feature_9b4fb0a9f31fcec4
B00GMP8X24,feature_9f2aa09548fd7527
B00GMP8X24,feature_d85cc2fc1ba8d5e7
B00GMP8X24,feature_e6aeee6d34d8d1bc
B00GMPD3OC,feature_68a3b923d60e45b6
B00GMPD3OC,feature_7dcc0d22bd27d8e6
B00GMPD3OC,feature_82df87d760cb036f
B00GMPD3OC,feature_bd2f3638b8a2d78e
B00GMPD3OC,feature_f9ad143dc2f192a2
B00GMPR06Y,feature_1e7da56a72e7cc39
B00GMPR06Y,feature_2e1d18df63217b51
B00GMPR06Y,feature_4d44e167311215d7
B00GMPR06Y,feature_758c26d005b3600d
B00GMPYR9M,feature_332b9796c18fdb2f
B00GMPYR9M,feature_94c73a9de440d9e5
B00GMPYR9M,feature_993ea3b5534d20a7
B00GMPYR9M,feature_c10349d63b38f420
B00GMPYR9M,feature_d1208d2fbfe8ae44
B00GMPYR9M,feature_f6664aa285aa150e
B00GMT1MR8,feature_430ee525d5749949
B00GMT1MR8,feature_90e8bd7d469cb876
B00GMT1MR8,feature_9cf878894a28f04b
B00GMT1MR8,feature_f8a9fd7331fd6839
B00GMT1MR8,feature_fc8ce2b85b2845c8
B00GMT1MR8,feature_fd9193cb38571295
B00GNISFVY,feature_0f91c8e92b158c5d
B00GNISFVY,feature_0ffbb0c6107f73ac
B00GNISFVY,feature_1eaa8b3bae56eac8
B00GNISFVY,feature_4718d30dc8e7412b
B00GNISFVY,feature_72b96a369c7e8e63
B00GNISFVY,feature_75f5f2c3d59d769b
B00GNISFVY,feature_79dc5591ee9374c6
B00GNISFVY,feature_9a19e9e3bf8307ae
B00GNISFVY,feature_e595033633cc1b33
B00GNKLEKG,feature_0847aed60d4548d1
B00GNKLEKG,feature_11f5a3d185e1ce82
B00GNKLEKG,feature_1f4b4cef9375eebe
B00GNKLEKG,feature_2e646694005533f8
B00GNKLEKG,feature_4f944542e06cd6f2
B00GNKLEKG,feature_55f6161705cf0057
B00GNKLEKG,feature_76b72fe80f0cb657
B00GNKLEKG,feature_b172fddebcf4a5ec
B00GNKLEKG,feature_b5a7c84fc512b697
B00GNKLEKG,feature_d38c73acfaa05ddb
B00GQHBXV6,feature_8f59a6e6b702d208
B00GQMNWCO,feature_02e855a9a3d88252
B00GQMNWCO,feature_3b298fbb25142a70
B00GQMNWCO,feature_57dcd223ab138e44
B00GQMNWCO,feature_5b27e9a52cef7614
B00GQMNWCO,feature_5ef1e0d75796cfd1
B00GQMNWCO,feature_61cffadda0add153
B00GQMNWCO,feature_97912524f34763ab
B00GQMNWCO,feature_a04f4095ff00690e
B00GQMNWCO,feature_b849adf4a382338f
B00GQMNWCO,feature_e4913a45cbf96e1b
B00GSXJ2WK,feature_24e028097b1a5b51
B00GSXJ2WK,feature_8ae6a5b688aace31
B00GT046EQ,feature_1c8c50bd008958ff
B00GT046EQ,feature_2c593b55731c1a6d
B00GT046EQ,feature_626d08e32a56b735
B00GT046EQ,feature_70249ba3177d38cf
B00GVG1P56,feature_2d2156271d0a27e2
B00GVG1P56,feature_348729aa148c1296
B00GVG1P56,feature_f9a5c57a5d7a3bf2
B00GW5R4H4,feature_bd5d59380066c98d
B00GWAV7I6,feature_17ac8efbf8ef111f
B00GWAV7I6,feature_1c3073f0fc7a06d6
B00GWAV7I6,feature_2200d5b0445f5b7d
B00GWAV7I6,feature_54b878c1149c0ce8
B00GWAV7I6,feature_739168fb372e14a4
B00GWAV7I6,feature_7b63d80ca65f6cfd
B00GWAV7I6,feature_7d8cfeb8a6160115
B00GWAV7I6,feature_f1a41e3df77fe23d
B00GWAV7I6,feature_f69831e5f32143d7
B00GWICUQ6,feature_a3f5f72be66c630b
B00GWICUQ6,feature_d793712da5448361
B00H3CDBU4,feature_5185f81caa904a28
B00H3CDBU4,feature_93216e3c7b620ae6
B00H3CDBU4,feature_94fec59b55e483c1
B00H3CDBU4,feature_b3018966183e8601
B00H5LSJKA,feature_1eb8ca8f9d7aa101
B00H5LSJKA,feature_bb9803c2f31fbc5e
B00H5XEFX8,feature_0b0644101412eb9c
B00H5XEFX8,feature_1949a0d874e0b295
B00H5XEFX8,feature_254909e3daab4d27
B00H5XEFX8,feature_26a28dc2186a53a2
B00H5XEFX8,feature_4b854a7e9c73ecd1
B00H5XEFX8,feature_95edf626a80849f1
B00HA9GZ76,feature_350b8183a1e31cda
B00HA9GZ76,feature_a1f6d4af52b294ff
B00HA9GZ76,feature_d680a1f11320b2be
B00HA9GZ76,feature_dc656107a88628de
B00HAFXO06,feature_25b3e2a311bd6215
B00HAFXO06,feature_67848739033dd638
B00HAFXO06,feature_89110606dd606ea9
B00HAFXO06,feature_a2099b687e25f810
B00HAFXO06,feature_af3d1e35647315ba
B00HAFXO06,feature_bd53c3eabe52d4fc
B00HAHCMRA,feature_1cd60492844f8823
B00HAHCMRA,feature_a12c27d2d6137224
B00HAHCMRA,feature_fff1eedb8945d486
B00HAYOCZI,feature_1a9edbfa8dd0e64f
B00HC6LR2A,feature_030e853477b2663a
B00HC6LR2A,feature_7d20da417bee5765
B00HC6LR2A,feature_8d55b52143c327be
B00HC6LR2A,feature_ac6c4e0a514d847a
B00HC6LR2A,feature_d9c6ab0f8c47019b
B00HC6LR2A,feature_f9cc23e257674a1c
B00HE5KJE6,feature_2b5149dab2375c10
B00HE5KJE6,feature_353575a717bc9a43
B00HE5KJE6,feature_3e2fc45a6cf5bb82
B00HE5KJE6,feature_42ecd5a26dc5a448
B00HE5KJE6,feature_fb86f738d5894a99
B00HFEK72U,feature_3ec2171ca45383e3
B00HFEK72U,feature_7525c715b13dda09
B00HJVK3DC,feature_0cd68efcab79f85e
B00HJVK3DC,feature_75df49396ae8bc30
B00HJVK3DC,feature_823f7cae1e281aa7
B00HK8OK3I,feature_888ac708c5f6f46a
B00HK8OK3I,feature_8d8361432447b11c
B00HK8OK3I,feature_b26d3a252b8dd52e
B00HK8OK3I,feature_f39aaf620de4c6e3
B00HK95KCW,feature_0842a550231d925a
B00HK95KCW,feature_35fe3d274c2fda7a
B00HK95KCW,feature_61da34603122b595
B00HK95KCW,feature_85840adc9a28a600
B00HK95KCW,feature_b02147b586d70793
B00HKN2CB0,feature_71813ac5a74ac243
B00HKN2CB0,feature_a67830d8a5b42687
B00HKN2CB0,feature_cd2b2bcb4a654217
B00HKN2CB0,feature_fc485cb6b2841bae
B00HKN2CB0,feature_fe2aa09a6d383315
B00HLWOHFE,feature_16532773ec720584
B00HLWOHFE,feature_968e7abfb8428c11
B00HLWOHFE,feature_ee73f8d0c009bbdc
B00HLWOHFE,feature_fd9f3f248821d19b
B00HMT7KGO,feature_851999312f943969
B00HMT7KGO,feature_95716cc4d895a25d
B00HNXUON0,feature_09c726860f773109
B00HNXUON0,feature_2a7ef62019849d9f
B00HNXUON0,feature_5c6c2d9a76a4fef5
B00HNXUON0,feature_73ef5a74c4b782c4
B00HNXUON0,feature_93c13f53b0448b7c
B00HNXUON0,feature_cc901acadd17751d
B00HOHJQL6,feature_616509ee72e23245
B00HOHJQL6,feature_c161289ea9779363
B00HQ1CV6W,feature_5d5c06888aafc2fc
B00HQ1CV6W,feature_7bc40d38a3792db0
B00HQ1CV6W,feature_ca5aa04a06c173f7
B00HQ1CV6W,feature_f100020138bb3d3a
B00HQ1CV6W,feature_f4e0ee1debcfea4d
B00HQ1CV6W,feature_fb741f0ab18f9af7
B00HQ3N4I4,feature_196bfa15bf4e8f4f
B00HQ3N4I4,feature_41733960bec231d5
B00HQ3N4I4,feature_738e954626f840eb
B00HQ3N4I4,feature_8052159c1baa2b52
B00HQ3N4I4,feature_d8c1ba01935e284e
B00HR07720,feature_28c5b8ee877809a9
B00HR07720,feature_485c0d1ff6cb8db2
B00HR07720,feature_9a8ce7a8c06fde4a
B00HR07720,feature_a6f5dff8fd823f25
B00HR07720,feature_f315c6906bcd1e38
B00HR07720,feature_fe71cd1e65f76424
B00HS0EG9G,feature_267618d6bc9f58d3
B00HS0EG9G,feature_315bd4126be58483
B00HS0EG9G,feature_be0081a1791a132c
B00HS0EG9G,feature_ef8076c37ddb20f2
B00HS1HB2O,feature_fa45b6bd47ed51ec
B00HTCIE82,feature_81689d5ce3424316
B00HTCIE82,feature_89553b4c4861e785
B00HTCIE82,feature_b5a17c5d5f23ac2f
B00HUX7IFA,feature_22705168c0d6606a
B00HUX7IFA,feature_a934cef85384401c
B00HUX7IFA,feature_d6632aeb66ea2d8c
B00HYUXTRA,feature_2511e2b5f03dcf1f
B00HYUXTRA,feature_32d3920186e8e16b
B00HYUXTRA,feature_4f944542e06cd6f2
B00HYUXTRA,feature_60d06f406a16f316
B00HYUXTRA,feature_856af520a89e71c6
B00HYUXTRA,feature_b91257c1327c72e7
B00HYUXTRA,feature_c0154c45ac4ce404
B00HYUXTRA,feature_d475937680ff0056
B00HYUXTRA,feature_e4349b58c1213951
B00HYUXTRA,feature_f9b7d1e0f0e1bf66
B00HYZ87FY,feature_31f2fe6db053bf02
B00HZHDNSC,feature_6c719b015728b40c
B00HZHDNSC,feature_7b9f6e0710dcb7aa
B00HZHDNSC,feature_958be73731c380e6
B00HZHDNSC,feature_aa43478cdae4faa6
B00HZHDNSC,feature_e526864150156f27
B00HZO2AK2,feature_31229e893bb79376
B00HZO2AK2,feature_687ed4b00ee2d9d7
B00HZOJFCI,feature_563228f1a5148035
B00HZUVMAU,feature_147807a611ab73c3
B00HZUVMAU,feature_46cc262691aee9d2
B00HZUVMAU,feature_4875b375e532a0c6
B00HZUVMAU,feature_4bcaba2231491036
B00HZUVMAU,feature_50ba18b0cd890a91
B00HZUVMAU,feature_a9964d26d90723c3
B00I07Q9F0,feature_0b2af057ecce8728
B00I07Q9F0,feature_1b5109b4e80ee0f4
B00I07Q9F0,feature_8ff7a995e3d4d726
B00I07Q9F0,feature_a0621e1a76a2630d
B00I254ZDS,feature_06061a01e900292a
B00I254ZDS,feature_f6332537387dd0e4
B00I3PRAR0,feature_80a12d1ed562564d
B00I5RATY2,feature_5ac1da0f36a9f904
B00I5RATY2,feature_f114b0f4186a0256
B00I8B2286,feature_547b4831e155b046
B00I8B2286,feature_8533dff46b94733f
B00I8B2286,feature_93e237251c3b82cf
B00I8B2286,feature_de1be0243fb8c1c0
B00I9GQ5F6,feature_7042ef7c11b53a88
B00I9GQ5F6,feature_8c7d8f96d94ca9c5
B00IA7VTAU,feature_23d737f2a70f99bb
B00IA7VTAU,feature_43cc47941f5efd1f
B00IA7VTAU,feature_4750220978f75527
B00IA7VTAU,feature_4a9f7ac678ee808c
B00IAA3Q0S,feature_344c58329207c534
B00IAA3Q0S,feature_4d8d2e4ba361a496
B00IAA3Q0S,feature_d63a1ba0ca21767a
B00IAA6PO2,feature_b86a6048cd7ec1e6
B00IAUBDIA,feature_36da7cdb33d5c97a
B00IAUBDIA,feature_4a34aa62db2789ab
B00IAUBDIA,feature_79d2c1568db33124
B00IAUBDIA,feature_aea4abdc2f5bdb1e
B00IBIVHN2,feature_a4b66eee51d07768
B00IBIVHN2,feature_bdf6f4c2ce4cdac0
B00IBIVHN2,feature_fa3c086ab5463a89
B00IC8726C,feature_1471a86a180f892d
B00IC8726C,feature_7bf13c555b885731
B00IC8726C,feature_9df0caa6f3b3a078
B00IC8726C,feature_aa52def046306625
B00IC8726C,feature_d237ea955dcf3b8a
B00ID7BZJM,feature_d94cfb1f887a467b
B00IEYSJX4,feature_4dd725fe698d5b1c
B00IEYSJX4,feature_99fd66359517be91
B00IF2NMGO,feature_51db6df9a8536cba
B00IF2NMGO,feature_94dbc22a5ed738c3
B00IG0677G,feature_00c5225ffff4d16a
B00IG0677G,feature_f5f6ac1d32ac9e6c
B00IGHT1TA,feature_62615df6eddfb94a
B00IGHT1TA,feature_b6a29a06c5ef0cc4
B00IGHT1TA,feature_c25d84838b8a85c5
B00IIAJYEC,feature_2ba69bf66f9b5986
B00IIAJYEC,feature_4604a7b5d486d086
B00IIAJYEC,feature_773825e5f3b42d60
B00IIAJYEC,feature_97d05d0818474885
B00IIAJYEC,feature_9b5534c4c8a8fa79
B00IIAJYEC,feature_bd5c5902e7d306d4
B00IIAJYEC,feature_e063030b16bbd892
B00IIAJYEC,feature_e35745eb1f8eee09
B00IIAJYEC,feature_e4e3b1e7b8e97cdf
B00IIAJYEC,feature_ea0165023fb31edf
B00IIAK3AQ,feature_4604a7b5d486d086
B00IIAK3AQ,feature_6c2b9e299007ba58
B00IIAK3AQ,feature_773825e5f3b42d60
B00IIAK3AQ,feature_7f049c175c9b0b12
B00IIAK3AQ,feature_9b5534c4c8a8fa79
B00IIAK3AQ,feature_bd5c5902e7d306d4
B00IIAK3AQ,feature_d06d78e65e4ed23a
B00IIAK3AQ,feature_e063030b16bbd892
B00IIAK3AQ,feature_ea0165023fb31edf
B00IIAK3AQ,feature_fe0eacc4e6bd49b3
B00IIAKFI6,feature_47b718de0bd97da9
B00IIAKFI6,feature_7202aa5c2ea4f9ae
B00IIAKFI6,feature_773825e5f3b42d60
B00IIAKFI6,feature_8c9914c7f674316f
B00IIAKFI6,feature_97d05d0818474885
B00IIAKFI6,feature_9b5534c4c8a8fa79
B00IIAKFI6,feature_c17ae8adb388f5c0
B00IIAKFI6,feature_e4e3b1e7b8e97cdf
B00IIAKFI6,feature_ea0165023fb31edf
B00IIAKFI6,feature_ffda940d7bb6c63a
B00IIAKHUC,feature_06fc733d69361d1f
B00IIAKHUC,feature_0de55fa995f4a68f
B00IIAKHUC,feature_1d90562684e89cf7
B00IIAKHUC,feature_47b718de0bd97da9
B00IIAKHUC,feature_7202aa5c2ea4f9ae
B00IIAKHUC,feature_773825e5f3b42d60
B00IIAKHUC,feature_8df30ef0abea0f6b
B00IIAKHUC,feature_9b5534c4c8a8fa79
B00IIAKHUC,feature_c17ae8adb388f5c0
B00IIAKHUC,feature_ea0165023fb31edf
B00IIZ1JUO,feature_9b77e02875c60273
B00IJEZRMU,feature_30fec83449e12411
B00IJEZRMU,feature_37ec4a901cc5dcf1
B00IJEZRMU,feature_7fef088bdea7b906
B00IJEZRMU,feature_ae65a09bb61efc95
B00IK43G0Y,feature_64d7a3fa978a3086
B00IKCKOIS,feature_a4146093523d8dec
B00IKRKUPA,feature_1d37558bd9134cbf
B00IKRKUPA,feature_215c5a29a021cf55
B00IKRKUPA,feature_6c354b510690570a
B00IKRKUPA,feature_7c18ff25b1b6c1a2
B00IKRKUPA,feature_9a8c8676e81e52ce
B00IKRKUPA,feature_ee44265d3271055d
B00ILCC5P2,feature_9717ee0ee3b5304d
B00ILCC5P2,feature_adcf550f93b548c3
B00IMJJVR4,feature_04def5f67bddedf4
B00IMJJVR4,feature_c2bd6fb787d2c3a3
B00IMJJVR4,feature_d8ef2c7583016fda
B00IMJJVR4,feature_dbe5c29550ca1c29
B00IMJJVR4,feature_effcec95bcfe5c1e
B00INY7VI4,feature_b6a52ce71aef3e2c
B00IPM1IME,feature_023c7968a8a6f845
B00IPM1IME,feature_02f3646ab21c9873
B00IPM1IME,feature_1bceedd74118bd53
B00IPM1IME,feature_90d8d2877a96966a
B00IPM1IME,feature_a7167d7ad8217b7c
B00IPM1IME,feature_ebbf2b51ffa38b47
B00IPM1IME,feature_f761999402901c5c
B00IPM1IME,feature_fc9f401d04b24914
B00IPM1IME,feature_ff0f69540022fc65
B00IPM1IME,feature_ffa386e5038cb3bf
B00IRRUKDK,feature_64deb42b68e186ef
B00IRRUKDK,feature_8153c0595be4723b
B00IRRUKDK,feature_a230e4c41989ccbe
B00IRRUKDK,feature_d3ac8aba15d6bd31
B00IRRUKDK,feature_fd22d92ed6393a37
B00IRUN5NY,feature_05e5e526421e2a0a
B00IRUN5NY,feature_390774c8dbf56ea7
B00IRUN5NY,feature_63a1521a21ac2a98
B00IRUN5NY,feature_70aa4e276477b565
B00IRUN5NY,feature_888d01970bbeb525
B00IRUN5NY,feature_8e08271b29a2f385
B00ISCU1RE,feature_403135dca4fe7386
B00ISCU1RE,feature_5030a93a42263431
B00ISCU1RE,feature_5c2644edf3a6f3f2
B00ISCU1RE,feature_967a2f2cb130afcf
B00ISCU1RE,feature_9807a13055baafc0
B00ISCU1RE,feature_b7b68e943392190a
B00ISCU1RE,feature_b9f7e05c4f10145a
B00ISCU1RE,feature_bb99822a5ac6cd64
B00ISCU1RE,feature_be5ca52be6b497e5
B00ISCU1RE,feature_df429e7186125c5c
B00IT1YN8M,feature_1cbc7c09962d9529
B00IT1YN8M,feature_5ffac57de1bebc73
B00IT1YN8M,feature_9cd2d320f92cd486
B00IT1YN8M,feature_bf7c474e07abf58c
B00IT1YN8M,feature_eb759e1becfbd6d5
B00ITV1556,feature_553935fae5adf582
B00ITV1556,feature_8e67b23277f7d79a
B00ITV1556,feature_cb134880cf292e7e
B00ITV1556,feature_cfbffbf0cb363a7b
B00ITX69CS,feature_03d2f8e232682c2a
B00ITX69CS,feature_363520b3aef7ee9e
B00ITX69CS,feature_6ab412c0fb71927a
B00ITX69CS,feature_6e23a654497a0397
B00ITX69CS,feature_8229ec68a2106f2c
B00ITX69CS,feature_8653c2aff68a5e1b
B00ITX69CS,feature_a690981bcd6d3615
B00ITX69CS,feature_bd0f90dc7303155d
B00ITX69CS,feature_db810905074ce42f
B00ITX69CS,feature_f908eb6b53a57935
B00IUIHLII,feature_a73b4b16da453525
B00IUJHNYE,feature_79986758f2bd2313
B00IUXS3S0,feature_77e7a7fdad61c96b
B00IUXS3S0,feature_95366ff65fc3ffd0
B00IW58LHE,feature_b6b9920d201ad79a
B00IW5HMGU,feature_1a7e9f8e8c58fd89
B00IW5HMGU,feature_55f442026631a1cf
B00IW5HMGU,feature_64d4422a8c3fb372
B00IW5HMGU,feature_8c0f43cd2d5143bf
B00IW5HMGU,feature_91f31659bb696037
B00IW5HMGU,feature_c20de11c54f4ecba
B00IWA5TNI,feature_8901f73b15780f43
B00IWRL214,feature_616c4e43b66dc917
B00IWRL214,feature_7b01d3009a9c6aac
B00IWRL214,feature_83d0a87134f7c15d
B00IWRL214,feature_9e424769594ecf50
B00IWRL214,feature_aad0a553ad04401d
B00IWRL214,feature_bd2f6dc3b283f971
B00IXHH2XK,feature_39a3674f5fde5806
B00IXHH2XK,feature_7b01d3009a9c6aac
B00IXHH2XK,feature_953945630ef49f61
B00IXHH2XK,feature_9e424769594ecf50
B00IXHH2XK,feature_aad0a553ad04401d
B00IXHH2XK,feature_bd2f6dc3b283f971
B00IXXXC2E,feature_46b5f8750b33f595
B00IZHOVSW,feature_18fe233bbdb1fc81
B00IZHOVSW,feature_6ab2b5f115ea7486
B00IZHOVSW,feature_976b4a7f62cce54e
B00IZHOVSW,feature_ce030a53604c1795
B00IZUQ95C,feature_170f8cd0776ea70b
B00IZUQ95C,feature_90a106e1a47f7ce5
B00IZUQ95C,feature_941a7852ed1b635c
B00IZUQ95C,feature_b64a50b7bb73599a
B00IZUQ95C,feature_c9da7a86419b18b8
B00IZUQ95C,feature_f598ea6a1e7c11a1
B00J1TSNZU,feature_11ec8dd4ef1f0cb7
B00J1TSNZU,feature_57a88b3f4cf9eea6
B00J1TSNZU,feature_775fcc4327cbdab9
B00J1TSNZU,feature_9101214fabf24f3a
B00J1TSNZU,feature_a52fc73bb63e2304
B00J3UR1E6,feature_0bf464892bbc049c
B00J43PPHC,feature_0d9f6ace8beaf462
B00J43PPHC,feature_85d72b154cd9ed8a
B00J43PPHC,feature_e9bbed8b48cc0cdf
B00J5PPA6U,feature_30fbe76ce5ec51ac
B00J5PPA6U,feature_598043ef69aa04fc
B00J5PPA6U,feature_59f91fca8beff506
B00J5PPA6U,feature_a0ac97ffca0ac256
B00J5PPA6U,feature_b9ba4e43259e0c31
B00J5PPA6U,feature_e298b77149dbea22
B00J6CJSYM,feature_389c5054db619de4
B00J6CJSYM,feature_38a710c3708104fe
B00J6CJSYM,feature_5536dd2e58564577
B00J6CJSYM,feature_b1004ea9b43cae30
B00J6CJSYM,feature_cce0ea2890e234f1
B00J7LWZLU,feature_0bd4546858f78534
B00J7LWZLU,feature_8331106bc45b5eca
B00J7LX23A,feature_0703ca2e05f90b15
B00J7LX23A,feature_8331106bc45b5eca
B00J9CS49Y,feature_4b2be068484cd49c
B00J9CS49Y,feature_5f4207cbf5d877c4
B00J9CS49Y,feature_80ad50322ef79b66
B00J9CS49Y,feature_878f0d48703bdb99
B00J9CS49Y,feature_fb4bc37e2e5d1f87
B00JBC9TD2,feature_f052a2931a7ba4e0
B00JBWH3CG,feature_131f3555578c520c
B00JBWH3CG,feature_207a70c4637e1b3e
B00JBWH3CG,feature_6042a95f7cb42b99
B00JBWH3CG,feature_d0e46ce0010c956c
B00JDHXY7W,feature_175b787ba728bf8b
B00JDHXY7W,feature_6251a7c7d9af6674
B00JDHXY7W,feature_a5e535c527489805
B00JDHXY7W,feature_f4e07a96f4f9fbea
B00JE8IUNS,feature_06dbb8087775afa9
B00JE8IUNS,feature_3a61d3f44f4f3540
B00JE8IUNS,feature_99feaaa2f8347b97
B00JE8IUNS,feature_ae0499563cde0b99
B00JEER8EY,feature_19707de1a462dc82
B00JEER8EY,feature_5ce8b838a998075a
B00JEER8EY,feature_80830fe00912308a
B00JEER8EY,feature_d3a1372d7ed32149
B00JEER8EY,feature_e33d3e3c43d2fd9d
B00JEER8EY,feature_f7dcc1a46795ef81
B00JG69UBY,feature_161e6057717d3f65
B00JG69UBY,feature_44a0eedb69be0e0d
B00JG69UBY,feature_8e7ceeeb765ee4d5
B00JG69UBY,feature_a4dae2486e0617dc
B00JG69UBY,feature_c92911c29f30aea4
B00JG69UBY,feature_cb2644bf4ce69407
B00JGX8KI6,feature_64a63608f7b7c785
B00JJV8EFE,feature_bd183ccde02aa9f7
B00JJV8EFE,feature_c4ba2707730f5a93
B00JJV8EFE,feature_d5c40895023a9439
B00JJYQ4QC,feature_62df7f1f28126aca
B00JJYQ4QC,feature_bfed4c6737365ae6
B00JK38XUC,feature_3cb0cefc4fdcc063
B00JK38XUC,feature_a6839a40c7fa4294
B00JK38XUC,feature_aca0caf0f37e45f1
B00JK38XUC,feature_f3007c651bcf8ead
B00JMBK05I,feature_9042d81e7a97f28a
B00JMBK05I,feature_af62bb2c34e89144
B00JMBK05I,feature_bc0235bd1d015ebd
B00JMBK05I,feature_da188150f7f02365
B00JMI33BO,feature_55f442026631a1cf
B00JMI33BO,feature_55fb4df17b52dbf5
B00JMI33BO,feature_83dd2d15c8332b62
B00JMI33BO,feature_a985b9623644fed3
B00JMI33BO,feature_e66ae0fa3ccd390e
B00JO98YLK,feature_293fe6cf4160f28d
B00JO98YLK,feature_3c080eb5c876eb9e
B00JO98YLK,feature_87802fb687c79429
B00JO98YLK,feature_b4f4c41884c44fb1
B00JO98YLK,feature_da89502338dada6b
B00JO98YLK,feature_fd43b04a883cf6ad
B00JOVN0Z8,feature_42e2ad7f2cfa735b
B00JPNUKBM,feature_413ad4f6f7cad1b2
B00JPNUKBM,feature_48d878e722529a0c
B00JPNUKBM,feature_63a2bb605e6331bc
B00JPNUKBM,feature_6499c49cd6a033b6
B00JPNUKBM,feature_b6f20c6ee4f6bfbf
B00JPNUKBM,feature_c784fd44e6ec61c1
B00JRDEDJ0,feature_1db658785877cc17
B00JRDEDJ0,feature_907cd7e8a531d5a8
B00JRDEDJ0,feature_94002d9e1c02ebcf
B00JRDEDJ0,feature_b0610db566e19671
B00JRDEDJ0,feature_ec34337c3f952530
B00JRROP3K,feature_c1c5c04e4afb07d2
B00JRROP3K,feature_f6e1ea7bfd53a838
B00JRROY7W,feature_db483937d9737542
B00JTU1PHY,feature_1bdabf87adcdd845
B00JTU1PHY,feature_1d4ce0ad12ebbef6
B00JTU1PHY,feature_2264b46c3f031831
B00JTU1PHY,feature_351f6910fac092c5
B00JTU1PHY,feature_7ea26eadb6fd0e16
B00JTU1PHY,feature_ca445bfef3711f16
B00JWSFLNM,feature_1d9224304b91a611
B00JWSFLNM,feature_7ff1317ede96b7a9
B00JWSFLNM,feature_805ac9547989f27a
B00JWSFLNM,feature_84c43b56ccb7b2dd
B00JWSFLNM,feature_d5b1ddd974904f28
B00JWZ2PD4,feature_1b126ac0f626e7a4
B00JWZ2PD4,feature_374a247cf89d2f9a
B00JWZ2PD4,feature_468b7e9884ba7ea6
B00JWZ2PD4,feature_5a0b65adf37946a1
B00JWZ2PD4,feature_90f782686ff8d3d1
B00JWZ2PD4,feature_d7dec814c05a78e0
B00JXM52C2,feature_bc90aab639ee4797
B00JYKIODM,feature_098f95f6b57aca17
B00JYKIODM,feature_27091e4885a5d3d1
B00JYKIODM,feature_30a122e097eab1b2
B00JYKIODM,feature_ab8d7a9b18066439
B00JYKIODM,feature_d23a6d1bf6aeaf1a
B00JZK6E7E,feature_6f78efce73189198
B00JZK6E7E,feature_8c305ed141340ece
B00JZK6E7E,feature_b78e11e995159ea7
B00JZK6E7E,feature_d7a3b4c62138c6a6
B00JZK6E7E,feature_db3748bc999c8854
B00JZK6E7E,feature_f0f13308fc1626b1
B00JZK6OMY,feature_25cad83969f3f0bb
B00JZK6OMY,feature_35cd0e6ce19f921b
B00JZK6OMY,feature_3d51dc520d3852c9
B00JZK6OMY,feature_453555cb765b974f
B00JZK6OMY,feature_4ae46e1175139b8b
B00JZK6OMY,feature_bb68a00a33be51fd
B00JZKAUV0,feature_6087e62d389172e3
B00JZKAUV0,feature_a18775ce8fedb832
B00JZXSJ24,feature_c97f74e2ad4b60c1
B00K1GQKK2,feature_8948b990b77fd382
B00K1GQKK2,feature_a8da349fa885d4f1
B00K1GQKK2,feature_f4bac2f7c42822e6
B00K35DAS6,feature_ef9c011b18735324
B00K68ZYAM,feature_f961faf1dc836f10
B00K7R94FS,feature_0ebfffef661a366d
B00K7R94FS,feature_9f0298866a4dcdfd
B00K7R94FS,feature_e514a4042c139c7c
B00K7RP77M,feature_829a7f9ddecb6993
B00K7RP77M,feature_e3ae6a83a2478698
B00K7RP77M,feature_f6e23cde2ea930b0
B00K8PGVD2,feature_1356d9318d66dfb7
B00K8PGVD2,feature_86bc4cb259149dd8
B00K8PGVD2,feature_90e9f8d0541af96a
B00K8PGVD2,feature_c5675d423053ccb6
B00K96JVO6,feature_1dbb5ff1174f4e3c
B00K96JVO6,feature_5c1ad60cfad3c8d2
B00K96JVO6,feature_93c6a6f0b6dbe7f9
B00K96JVO6,feature_c96fa9d3e28e7307
B00KAFCQ5M,feature_410a6a0c0e01edd0
B00KAI92QU,feature_7252170e0eda5c0b
B00KAI92QU,feature_fd02001d3411cc1b
B00KBYQDI8,feature_68a41d9d46d89694
B00KBYQDI8,feature_a40605ef49d9ab8c
B00KBYQDI8,feature_a782720e71e6fa72
B00KBYQDI8,feature_a9531bc922c65fef
B00KBYQDI8,feature_be5f6f4510330e95
B00KC0F4CC,feature_5982b653edf62808
B00KC0F4CC,feature_59f8f8992001a6eb
B00KC0F4CC,feature_ba27ae1365c319cb
B00KC0F4CC,feature_cc7a688028a8931b
B00KFVYHZS,feature_066ed4ef7159c8a8
B00KFVYHZS,feature_c3f817e0df300e19
B00KFVYHZS,feature_c8df17d08c9e3fed
B00KFVYHZS,feature_cd7a7784954ad48b
B00KFVYHZS,feature_cf655cc4fb66a247
B00KFVYHZS,feature_efba10f495ca04df
B00KGB1QE2,feature_073b4fd650525509
B00KGB1QE2,feature_435d7bb5441976cb
B00KGB1QE2,feature_50088cee0358f930
B00KGB1QE2,feature_bb98a3a28c4c9c95
B00KGB1QE2,feature_fbf4126c9ed94c0c
B00KGCLGTQ,feature_0f48c667edc029a9
B00KGCLGTQ,feature_58331a622038c7d4
B00KGCLGTQ,feature_b104d582336700af
B00KGCLGTQ,feature_c79d17c78089f3f9
B00KGKW5AM,feature_515dede4b8f88938
B00KGKW5AM,feature_571a22eb03c202fd
B00KGKW5AM,feature_664d9e6a1bb5ac75
B00KGKW5AM,feature_7fe412521a506205
B00KGKW5AM,feature_ba7bcdfdc987b097
B00KH6164G,feature_619a675ef462cba1
B00KHYGS1Y,feature_1e19e1514711094b
B00KHYGS1Y,feature_7f7a41f0b14f0b18
B00KHYGS1Y,feature_95bffe96f96d669a
B00KHYGS1Y,feature_a667ecbdfe90efe3
B00KHYGS1Y,feature_e23374aa21cbcf6d
B00KHYGS1Y,feature_fc929c36af2fa46b
B00KHYHSH2,feature_1e19e1514711094b
B00KHYHSH2,feature_349ccf6515433a07
B00KHYHSH2,feature_6d3ad3ff5c88fe07
B00KHYHSH2,feature_71a7511a6b77da1f
B00KHYHSH2,feature_7f7a41f0b14f0b18
B00KHYHSH2,feature_da10a2de44a98080
B00KHYHSH2,feature_e23374aa21cbcf6d
B00KHYHSH2,feature_fc929c36af2fa46b
B00KIGNAU8,feature_08fb9375bacf230b
B00KIGNAU8,feature_7054f818145e3f7c
B00KIGNAU8,feature_7b4ebf15a6525409
B00KIGNAU8,feature_acbfbd925d045841
B00KIGNAU8,feature_c559752aa1710fb8
B00KIH29KE,feature_59208ea0065162c6
B00KIR3WEQ,feature_0d18690ed0e39ef9
B00KIR3WEQ,feature_dca8495f95fb2e31
B00KISJLWM,feature_0d18690ed0e39ef9
B00KISJLWM,feature_dca8495f95fb2e31
B00KJ6IINQ,feature_057cd50058117690
B00KJ6IINQ,feature_375da00212657e0f
B00KJ6IINQ,feature_3d6e150dcf97d1b1
B00KJ6IINQ,feature_447d726dde04e400
B00KJ6IINQ,feature_5e3c0819b5c0db80
B00KJ6IINQ,feature_656076db01f3e016
B00KJ6IINQ,feature_8fffff8b931c6a80
B00KJ6IINQ,feature_bdc64274a462dadb
B00KJ6IINQ,feature_d65157f526cd1252
B00KJ6IINQ,feature_f2d60ee8bc91b87c
B00KJRUQP8,feature_0defa8eb7b5f0600
B00KJRUQP8,feature_42f15ac4f64f363c
B00KLGCU4W,feature_0b018d80bf3bee3a
B00KLGCU4W,feature_163e9d4debfacb98
B00KLGCU4W,feature_b2e32e0a36e591dc
B00KLGCU4W,feature_d2298186da966515
B00KLGCU4W,feature_e6474a2af2074be3
B00KLGCU4W,feature_e72157de99b5d5e7
B00KMISTD0,feature_67ba044f1a5d5e52
B00KNALGH8,feature_85144809bb35f907
B00KOCHN9A,feature_0479b67715606cbd
B00KOCHN9A,feature_2da6fa3291c7ca48
B00KOCHN9A,feature_36632d9d3ae160a4
B00KOCHN9A,feature_66f41763a5f89714
B00KOCHN9A,feature_d022da8c998bca3a
B00KOCHN9A,feature_fa80319e410c4ca3
B00KOD0OVS,feature_16b3677917295b0c
B00KOD0OVS,feature_677e2346b6f25940
B00KOD0OVS,feature_6edd386ab0fdf5ac
B00KOD0OVS,feature_d6bd21e1b9b4f005
B00KOD0OVS,feature_e5d0e49155f08110
B00KPDZEF8,feature_0366c2b81d8e10e0
B00KPDZEF8,feature_0ff4ec3f11244b57
B00KPDZEF8,feature_acb87e7586084196
B00KPDZEF8,feature_f54607b9d9f94087
B00KRJDV2S,feature_03ca51f782c97a41
B00KRJDV2S,feature_3785518e521b9cd5
B00KRJDV2S,feature_410b9a4a616b6ad1
B00KRJDV2S,feature_46da58187bf78ce1
B00KRJDV2S,feature_4f944542e06cd6f2
B00KRJDV2S,feature_8d3e1e0f2f2b35e4
B00KRJDV2S,feature_b172fddebcf4a5ec
B00KRJDV2S,feature_d8e36804028dd8ec
B00KRJDV2S,feature_e30968766a1ec97d
B00KRJDV2S,feature_e7da6f3e1d6bc758
B00KV32GNA,feature_273b8e45f776bbf6
B00KV32GNA,feature_42e66e652ee25e1c
B00KV32GNA,feature_aa7b1e2dcb7d656a
B00KV32GNA,feature_df0498e74f7b1e77
B00KV32GNA,feature_e9387569379440d0
B00KV6GJH6,feature_623b82b9c816f80d
B00KV6GJH6,feature_6e3e2d2ea8079015
B00KV6GJH6,feature_6e7112c650febb6f
B00KV6GJH6,feature_81c7ba628f568535
B00KW4EF6Y,feature_6bca2be312aff8c6
B00KW4EF6Y,feature_91b80ef9ee86f8f3
B00KW4EF6Y,feature_92cd94d8f834567a
B00KW4EF6Y,feature_959d711cbe319181
B00KW4EF6Y,feature_cdcca000f04343db
B00KW4EF6Y,feature_eab8183d59e94d33
B00KWE5BPS,feature_3e99607e83562054
B00KXFD75M,feature_21af2bff7e33ac6d
B00KXFD75M,feature_24171edc10908701
B00KXFD75M,feature_39710721016fe700
B00KXFD75M,feature_b169cbd912744cc7
B00KXJ0JJU,feature_13dd3ecb4b68851b
B00KXJ0JJU,feature_493d19998b06447e
B00KXJ0JJU,feature_4f303026677c9d1f
B00KXJ0JJU,feature_aa9f6315acab935b
B00KXJ0JJU,feature_c6dd5ecbb2c1097f
B00KXJ0JJU,feature_cafa748c62470448
B00KZ28Y5G,feature_0cb051e56ee159ed
B00KZ28Y5G,feature_1db0325ef344ff57
B00KZ28Y5G,feature_50ae6de54b24852c
B00KZ28Y5G,feature_a5de2b31e90ddd90
B00KZ28Y5G,feature_cb2d95b9187a7baa
B00KZ28Y5G,feature_fa63b6be45038725
B00KZ2FAAS,feature_1c437feed405a2fa
B00KZ2FAAS,feature_39e7b885da10507a
B00KZ2FAAS,feature_8fc48d15426649fc
B00KZ2FAAS,feature_b452414ceeb56524
B00KZ2FAAS,feature_d5d426e05b76b8dc
B00KZSED8C,feature_1d83f9737638a31e
B00KZSED8C,feature_7252170e0eda5c0b
B00L02ZRFK,feature_0db4a787fad56c81
B00L02ZRFK,feature_4bd0b80626244068
B00L02ZRFK,feature_be59cbc8f5107310
B00L02ZRFK,feature_c050db07af8851b8
B00L02ZRFK,feature_e7741214d33fb0b1
B00L173G84,feature_8bb4117e6d694fed
B00L173G84,feature_c4217ca64f6630f9
B00L2QVAB4,feature_d5c99bfd03fefafa
B00L4HJX7O,feature_1d592f9732a470f9
B00L4HJX7O,feature_2ba941aa0a6dd2d6
B00L4HJX7O,feature_5517315492c6eea0
B00L4HJX7O,feature_6ad892217151eb4e
B00L4HJX7O,feature_7f3b60d6e77529b4
B00L4HJX7O,feature_b36d0828f501b88f
B00L5KKSLK,feature_031574ef8b2f1b26
B00L5KKSLK,feature_246de45f5894a9b6
B00L5KKSLK,feature_3341fde5bdae534c
B00L5KKSLK,feature_6d33575e988db425
B00L5KKSLK,feature_ac0ebf7883dada94
B00L5KKSLK,feature_f0992decb092b333
B00L5LVICC,feature_5915133d89dd10a7
B00L5LVICC,feature_752266061617bcca
B00L5LVICC,feature_ad94fbe8fbf1c6ca
B00L5LVICC,feature_b1d210096284a769
B00L5LVICC,feature_b874defde65503b7
B00L5LVICC,feature_fad49d2d43715e05
B00L5VIS2U,feature_22452aed9cf975dc
B00L5VIS2U,feature_65611304c9ac5dfc
B00L5VIS2U,feature_6d25cd4e70468a21
B00L5VIS2U,feature_8e7ceeeb765ee4d5
B00L5VIS2U,feature_e4d0c37aaa5208d8
B00L5VIS2U,feature_f7aca0aa1dfe8fa2
B00LBQ70WS,feature_41b302ec14d85d87
B00LBQ70WS,feature_628990f4cda06040
B00LBQ70WS,feature_85ef9dac4b46ea65
B00LBQ70WS,feature_c4f9b0563aa0d589
B00LBQ70WS,feature_e439ccba7d4a4e5e
B00LBQ70WS,feature_e79807a86107b0a3
B00LC2V3F6,feature_ac4e2bdede0473bf
B00LD8Q6YW,feature_09322c36be069418
B00LD8Q6YW,feature_32d4a0d556d11822
B00LD8Q6YW,feature_4c6fb42eb5f86824
B00LD8Q6YW,feature_56c410cfddf8ce21
B00LH1NFUI,feature_42449d35fd23187d
B00LH1NFUI,feature_8e9c3661413a7526
B00LH1NFUI,feature_a5838362515f53a4
B00LH1NFUI,feature_c308096714dcf60e
B00LH1NFUI,feature_e08617885682bb18
B00LH1NFUI,feature_f4ae449ce0df753f
B00LH6I3HI,feature_5201efc9e52cb654
B00LH6I3HI,feature_9e37fdc984407db7
B00LH6I3HI,feature_d7172e928b23b1e2
B00LH6I3HI,feature_e7483b1f04462321
B00LH6I3HI,feature_f81b1e93395e91ad
B00LHB5O8O,feature_5c635f49b18b3562
B00LHB5O8O,feature_fd02001d3411cc1b
B00LJ7D3RA,feature_6af7487f0a6c0fbc
B00LJMGM9G,feature_9ae3343933e2af9d
B00LJMGM9G,feature_b03d4d64b4e80723
B00LJMGM9G,feature_d6b8cec09047aa28
B00LK2ZM6O,feature_7252170e0eda5c0b
B00LK2ZM6O,feature_fd02001d3411cc1b
B00LKL4FP4,feature_03e33c12357fb4c3
B00LKL4FP4,feature_4f944542e06cd6f2
B00LKL4FP4,feature_51e29e9630743a0e
B00LKL4FP4,feature_817340db99c89d37
B00LKL4FP4,feature_9cc19f537fcb09e8
B00LKL4FP4,feature_b172fddebcf4a5ec
B00LKL4FP4,feature_b460bc6f97a6d390
B00LKL4FP4,feature_d8a470b99298075c
B00LKL4FP4,feature_d90415423dc46856
B00LKL4FP4,feature_f6474ac9c781bd64
B00LKO9IS0,feature_cbf1f6d12e742dae
B00LMG3UFS,feature_7fdba83a31ea22ed
B00LMUVQW8,feature_1e030d40dc19c060
B00LOSSMWU,feature_9eb2ddeb2a66dae8
B00LOSSMWU,feature_ef2af4eb575ec622
B00LPQX3SO,feature_2c67a2cc9f1f4e0c
B00LPQX3SO,feature_508ca4990aa61435
B00LPQX3SO,feature_55b32af027d2f461
B00LPQX3SO,feature_7f97a2870eef9725
B00LPQX3SO,feature_84918dae510e64bc
B00LPQX3SO,feature_c7d4cd2e52376058
B00LQDC4UE,feature_458bce95db12dec6
B00LQDC4UE,feature_5eff1b292052fb8f
B00LQDC4UE,feature_6df05ee17242e521
B00LQDC4UE,feature_dc99899102580ac7
B00LQDC4UE,feature_efe9c44a4f12b86f
B00LR1DBPW,feature_1d9d857c21d5b74f
B00LR1DBPW,feature_2350ef082429103d
B00LR1DBPW,feature_363e15ca87808093
B00LR1DBPW,feature_53771ba2621cdfbd
B00LR1DBPW,feature_5a512979ab181b7e
B00LR1DBPW,feature_6f47e9a70e0e290c
B00LR1DBPW,feature_7c4fb391aeebe931
B00LR1DBPW,feature_d3a803e8eee150c3
B00LR1DBPW,feature_eb879c4c56ef3777
B00LR1DBPW,feature_f1472bb76eb30b60
B00LTJV320,feature_019683d723dd59da
B00LTJV320,feature_1f60aa094aed43cc
B00LTJV320,feature_51a68fa3eab2c790
B00LTJV320,feature_562d33f644da63d9
B00LTJV320,feature_709a13c0e16f025c
B00LTJV320,feature_7c620b8a92919ab7
B00LTJV320,feature_7d81c6632f90891c
B00LTJV320,feature_c945756ca7d701f9
B00LTJV320,feature_dfaec2392fd4a449
B00LTJV320,feature_e1f5050de379ba22
B00LUL7BA0,feature_1d49032ca4695ffc
B00LUL7BA0,feature_97dbb717dd60af49
B00LUL7BA0,feature_a38364d978af2072
B00LUL7BA0,feature_b899fbb752a5e514
B00LUL7BA0,feature_f16a6096eee589b5
B00LUL7BC8,feature_1d49032ca4695ffc
B00LUL7BC8,feature_97dbb717dd60af49
B00LUL7BC8,feature_a38364d978af2072
B00LUL7BC8,feature_b899fbb752a5e514
B00LXISYDS,feature_59caa40a7e054d84
B00LXISYDS,feature_94297d526d67ab8f
B00LXISYDS,feature_94cfa2c586dbc3d6
B00LXISYDS,feature_aeccef2bac615395
B00LXISYDS,feature_c222b13ae1b0edcd
B00LXISYDS,feature_e5266f9d89de4db4
B00LYTABKK,feature_58e905f9589ea18f
B00LYTABKK,feature_6777f5db57569d23
B00LZ6O1VW,feature_0572591b1afbfd43
B00LZ6O1VW,feature_59caa40a7e054d84
B00LZ6O1VW,feature_93a3068bbaa4e217
B00LZ6O1VW,feature_b8da4f9da54b8bb1
B00LZ6O1VW,feature_de008dc39bda2eb6
B00LZ6O1VW,feature_e5266f9d89de4db4
B00M0YRNWC,feature_57ddd801ec2e545b
B00M6M2EFE,feature_0cc9dd1da68ba50c
B00M7OTWVA,feature_0f6b0ff2a998ef72
B00M7OTWVA,feature_6146d7bad1bb4cd6
B00M7OTWVA,feature_67275280ded8cc96
B00M7OTWVA,feature_c9fbba8c57da8702
B00M7OTWVA,feature_ee09ff4c71110549
B00M7OTWVA,feature_f3b31be78b693c68
B00M7QQWFC,feature_44eff4189ad3d9df
B00M7QQWFC,feature_553c147d120541c5
B00M7QQWFC,feature_c2c9536b19e25b17
B00M7QQWFC,feature_d8a1210c273eef50
B00M7QQWFC,feature_ffbef929220bab8b
B00MBG53SU,feature_145078d955182a74
B00MBG53SU,feature_358bd4156eaee07a
B00MBG53SU,feature_9f75462a436aa759
B00MBG53SU,feature_b97803c34764c97f
B00MBG53SU,feature_e07a242c62897ecd
B00MBG53SU,feature_f011bd04295394ca
B00MBYAPD0,feature_34c41943c28516ad
B00MBYAPD0,feature_36ecf2f2174894dd
B00MBYAPD0,feature_39d7db3657de1fac
B00MBYAPD0,feature_613d4f1f619af82e
B00MBYAPD0,feature_6636e011cb7ac133
B00MBYAPD0,feature_92d403b182ada5d9
B00MC9G5QK,feature_9126eb91d1d35387
B00MC9G5QK,feature_98db099f8616615c
B00MC9G5QK,feature_aaf0ffd20d9d6643
B00MC9G5QK,feature_f97977d62b40852c
B00MDNXFCW,feature_46f6f8ba6392f909
B00MEADT5M,feature_95ab6d3f4278c36b
B00MEADT5M,feature_b82116e598dc9ccc
B00MEADT5M,feature_b947466ce9fa15fb
B00MEADT5M,feature_d58c3e289c29dd14
B00MEB64BC,feature_1d4ce0ad12ebbef6
B00MEB64BC,feature_22c5d65f8b579548
B00MEB64BC,feature_309c871af8cdaf50
B00MEB64BC,feature_444479691619bd3c
B00MEB64BC,feature_ca445bfef3711f16
B00MEB64BC,feature_f24fe3b4db43a259
B00MEQP1S4,feature_452b409f39e78cbf
B00MEZ7FMK,feature_20a4cc518172663d
B00MEZ7FMK,feature_dc554fba8caae262
B00MGL98KE,feature_6d486fea8c94c39b
B00MGL98KE,feature_9cf70382c1bf0a5d
B00MGL98KE,feature_a5dc5237f5dcf071
B00MGL98KE,feature_ac5c10299b6cbbfd
B00MGL98KE,feature_bca5333237804598
B00MGL98KE,feature_c26169031fd6d65a
B00MGL98KE,feature_f56b9e6161ef0466
B00MGLADU8,feature_06efa9503046b2ff
B00MGLADU8,feature_7116540aa650b046
B00MGLADU8,feature_75e1234d3b6036fb
B00MGLADU8,feature_ac5c10299b6cbbfd
B00MGLADU8,feature_b1a04d38f90ea6bf
B00MGLADU8,feature_bca5333237804598
B00MGLADU8,feature_f56b9e6161ef0466
B00MGPR0DM,feature_a4d6550e2ae969a5
B00MLCRJN6,feature_1fd3a484e53112de
B00MLCRJN6,feature_554a6520f5cf6b9b
B00MLCRJN6,feature_b209629b51209e01
B00MLCRJN6,feature_e188eba9e13a13f4
B00MLCRJN6,feature_e2c0b4556cb48ad9
B00MLCRJN6,feature_e508a05a864126d9
B00MMI6ADE,feature_34b33e2e5bfdc885
B00MMI6ADE,feature_752bbaf176113a58
B00MMI6ADE,feature_99936673ed3ed44f
B00MMI6ADE,feature_ff1db5e2fa871c0d
B00MR1J29K,feature_08166338f4bf7e89
B00MR1J29K,feature_491ceade9777e42c
B00MR1J29K,feature_a8cabdb61d561a15
B00MR1J29K,feature_a94084e255d4f113
B00MR1J29K,feature_e1ca0fff134ff11e
B00MR32VEG,feature_06f94c1a3d880ea3
B00MR32VEG,feature_c71f9220a92c47f1
B00MU2361Q,feature_2cfe2fa4c4fa81a9
B00MU2361Q,feature_30101cfe190c23d2
B00MU2361Q,feature_ad3dddad60cbe890
B00MU2361Q,feature_db6f8114880f1e68
B00MU2361Q,feature_fd2e1c23f917524f
B00MVL4RXC,feature_0cca6afae9aa6c5e
B00MVL4RXC,feature_4048f9588db19861
B00MVL4RXC,feature_40fdee05b757ebb7
B00MVL4RXC,feature_9e74000d14faf51c
B00MVL4RXC,feature_b53699aef120882f
B00MVL4RXC,feature_ba2b50c8eb7ebb2a
B00MVL4RXC,feature_bdfdf9c04c672142
B00MVL4RXC,feature_d5170e59c8142938
B00MVL4RXC,feature_e6a97758c39f1e40
B00MWDLQ4M,feature_178c6753b825bfe2
B00MWDLQ4M,feature_4df464cffbf29a4f
B00MWDLQ4M,feature_824b2a8169043cdf
B00MWDLQ4M,feature_9a6617422dcd609c
B00MWDLQ4M,feature_ca885d6e66eca3ca
B00MWDRS0I,feature_116dc7726fffbc6d
B00MWDRS0I,feature_178c6753b825bfe2
B00MWDRS0I,feature_824b2a8169043cdf
B00MWDRS0I,feature_ca885d6e66eca3ca
B00MXVT71C,feature_1e10b3d3dc669b9a
B00MXVT71C,feature_34989eec73d66c4c
B00MXVT71C,feature_a43f0caadd60bd55
B00MXVT71C,feature_a6eed76f05d930ab
B00MXVT71C,feature_dc09904ec1929913
B00MXVT71C,feature_f36cebe6b7081e14
B00N31E4T6,feature_cce95d4f8bde45e2
B00N33K0R4,feature_1c5bd64d44db1658
B00N33K0R4,feature_865dc9a94998b3a6
B00N33K0R4,feature_8ba1c6646741814e
B00N33K0R4,feature_9f03d20f7138bf80
B00N33K0R4,feature_a0f95d52375c49ca
B00N33K0R4,feature_ec09494539693cb8
B00N4VI7WU,feature_5be48510f45fdcfe
B00N4VI7WU,feature_fd0bb0d347824a37
B00N86LOAS,feature_805817eebbaee646
B00NDOYLQY,feature_08e636c7aa442d32
B00NDOYLQY,feature_10a27a3ceaf0e97f
B00NDOYLQY,feature_26e02c63a59a37ed
B00NDOYLQY,feature_e458cdf50997e43e
B00NDOYLQY,feature_f56b9e6161ef0466
B00NFF02SM,feature_40256e92f0327492
B00NFF02SM,feature_ab650d711a1bc267
B00NFF02SM,feature_ac5c10299b6cbbfd
B00NFF02SM,feature_b01b3dee62c3f915
B00NFF02SM,feature_bca5333237804598
B00NFF02SM,feature_d1505b7f59a71c02
B00NFF02SM,feature_f56b9e6161ef0466
B00NFUD2MK,feature_53486b1c8c523743
B00NFUD2MK,feature_705ee04a86072b09
B00NFUD2MK,feature_7c14b0537045d886
B00NFUD2MK,feature_b4553dd789290514
B00NFUD2MK,feature_c9cc1d447d17df90
B00NFUDZRM,feature_11ae2e7d387a480a
B00NFUDZRM,feature_5517433bfb702d7f
B00NFUDZRM,feature_683446a1744654ff
B00NFUDZRM,feature_77a8764b8f58eec4
B00NFUDZRM,feature_c9cc1d447d17df90
B00NFUDZRM,feature_faccf0ce42650b20
B00NFUEJJU,feature_0abd94abec79002a
B00NFV151Y,feature_0abd94abec79002a
B00NFV151Y,feature_22fcd379b8506726
B00NFV151Y,feature_50d11c9e933eebaa
B00NFV151Y,feature_6ef1695e0db947e9
B00NFV151Y,feature_87a23d843edbba42
B00NFV151Y,feature_d440c91cbcd9fa97
B00NG02JXM,feature_0abd94abec79002a
B00NHLPPJA,feature_10af79ab49c73848
B00NHLPPJA,feature_1a3140e843c32ffd
B00NHLPPJA,feature_d7df2cbc07323b19
B00NHLPPJA,feature_df6383bdfb021547
B00NHLPPJA,feature_e5266f9d89de4db4
B00NHWSV9U,feature_023a2fc398f8484b
B00NHWSV9U,feature_4d9fc114024aa0f7
B00NHWSV9U,feature_5264336fcef5a9e5
B00NHWSV9U,feature_69d40e1277e1864c
B00NHWSV9U,feature_ac5c10299b6cbbfd
B00NHWSV9U,feature_bca5333237804598
B00NHWSV9U,feature_f56b9e6161ef0466
B00NIV9UDG,feature_0cb77f56b5c92952
B00NIV9UDG,feature_4982c1ed630e34fd
B00NIV9UDG,feature_8839a5a15c1d3431
B00NIV9UDG,feature_dbbac5bee8facef9
B00NJ0VY4O,feature_5023e5b9ccdd5948
B00NLM1MXS,feature_3a03bc6eb57450ff
B00NNLIHLM,feature_47faa4c6dd1cce36
B00NNLIHLM,feature_9ccd630b93a478c1
B00NNLIHLM,feature_ad1cda74be9f1dd7
B00NNLIHLM,feature_bcc704e16c5352ea
B00NNLIHLM,feature_e9d90b48733d3f1a
B00NNLIHLM,feature_f8343e721e6453f2
B00NNLK5LW,feature_1bdabf87adcdd845
B00NNLK5LW,feature_269ca46f26f97330
B00NNLK5LW,feature_4123b02c06d7f06f
B00NNLK5LW,feature_6a5616091c0d5b89
B00NNLK5LW,feature_c6321caaee8faf4f
B00NNLK5LW,feature_c86139c1bc78f24d
B00NNLURMY,feature_5318bc89d6e48cbe
B00NNLURMY,feature_67beab9a0a6b0587
B00NNLURMY,feature_8fdb9d58ceccafc0
B00NNLURMY,feature_ba2b50c8eb7ebb2a
B00NNLURMY,feature_d1029e61b130288d
B00NNLURMY,feature_f39f16c22363e4cf
B00NNLWGXW,feature_0d27e68ed02828e9
B00NNLWGXW,feature_211fea6a806bcba9
B00NNLWGXW,feature_30800b1c30f3d64f
B00NNLWGXW,feature_36a7f90c24a2b7b9
B00NNLWGXW,feature_4f944542e06cd6f2
B00NNLWGXW,feature_94bee5fd57daab29
B00NNLWGXW,feature_bd820acf4d7d6d64
B00NNLWGXW,feature_d6ac996563947b0e
B00NNLWGXW,feature_df84dcffccc56bcb
B00NNLWGXW,feature_eadf0595d08121a4
B00NOFU1IY,feature_2b6809970a3bf453
B00NOFU1IY,feature_421cbe4e871855f8
B00NOFU1IY,feature_4c8456e32d092c46
B00NOFU1IY,feature_aa948d96c8044e16
B00NOFU1IY,feature_d942f6b5f2acfac2
B00NOFU1IY,feature_de1210ac83a5452a
B00NONB0IG,feature_3daf8744b3c08998
B00NOQ0U8Y,feature_9f37aa3c5c2e6d0c
B00NOQ0U8Y,feature_af788311b709b2c1
B00NOQ0U8Y,feature_c025601d0a19149a
B00NOQ0U8Y,feature_c268e2a2b5281afc
B00NOQ0U8Y,feature_f56b9e6161ef0466
B00NQ44Y0O,feature_ef6700895ecb5a91
B00NUM3L9M,feature_1da8167953472fde
B00NV5SAQ2,feature_070ad905604b5f4a
B00NV5SAQ2,feature_28728efc905a05c1
B00NV5SAQ2,feature_2f946677024b96fc
B00NV5SAQ2,feature_4fb7529872326538
B00NV5SAQ2,feature_a29a780e30db698a
B00NV5SAQ2,feature_acfd1593676b1a39
B00NV5SRDI,feature_193037a46b57a3cf
B00NV5SRDI,feature_ae441c0ee02169e6
B00NV5SRDI,feature_ba2b50c8eb7ebb2a
B00NV5SRDI,feature_be0acfe6dc42b65b
B00NV5SRDI,feature_e2f7b6b0d8315c20
B00NV5ZLO6,feature_403324ce8dc631fe
B00NV5ZLO6,feature_721e06720e91aa7d
B00NV5ZLO6,feature_b8d9bd8e1c887739
B00NV5ZLO6,feature_df3b67938735ae56
B00NV5ZLO6,feature_ec26bcf271cebbd5
B00NV609NS,feature_09afcdc952fb3962
B00NV609NS,feature_18fe42b28d247f72
B00NV609NS,feature_1a1256b83405dcbd
B00NV609NS,feature_2e7ce61c10f97e06
B00NV609NS,feature_bc5e81a7349e41de
B00NV609NS,feature_d1c4d4e9aa160e34
B00NV69XHG,feature_5318bc89d6e48cbe
B00NV69XHG,feature_5abb6cd95a46a1f9
B00NV69XHG,feature_757f4a24a3914366
B00NV69XHG,feature_d1c4d4e9aa160e34
B00NV69XHG,feature_e2f7b6b0d8315c20
B00NWW31H2,feature_2bca66a862a915f5
B00NWW31H2,feature_2d134261adbfcca2
B00NWW31H2,feature_359568814145587d
B00NWW31H2,feature_ac5c10299b6cbbfd
B00NWW31H2,feature_ae917368e2d9f62b
B00NWW31H2,feature_bca5333237804598
B00NWW31H2,feature_f56b9e6161ef0466
B00NXJQAFO,feature_505ae2776285b03d
B00NXZA716,feature_4d717cbfe7f45b1b
B00O0CTXZM,feature_7b6d505db0e430df
B00O1NB3YO,feature_6f02fd66fc089214
B00O2BBC3W,feature_ad67ff99e28b0c3c
B00O2BBC3W,feature_b30e5373d4dc081c
B00O2BBC3W,feature_b7a03b07cd560629
B00O2BBC3W,feature_bb42f3abe795fd20
B00O2BBC3W,feature_c48f235ce95f8fa9
B00O4B7JZK,feature_16b9822ea9579870
B00O53EX1K,feature_20e4f3efca1698cc
B00O5B7RCE,feature_7532db04ffa442b3
B00O5B7RCE,feature_85e548b59b12a754
B00O5B7RCE,feature_c32f2ecf7c252832
B00O5B7RCE,feature_c74089b20d4d9df9
B00O5B7RCE,feature_d58f1b7821af515a
B00O5DBCU0,feature_2aeaa9a3fc2e2b2f
B00O5DBCU0,feature_60fe7799f72917c4
B00O5DBCU0,feature_72427591011d89b2
B00O5DBCU0,feature_8585008bf33c5390
B00O5DBCU0,feature_999eef2a5abdf250
B00O5DBCU0,feature_c32fddbef8109b35
B00O5FM0HW,feature_1b9f0a4370f05ddc
B00O6JV14A,feature_086a0153b86a18c2
B00O6JV14A,feature_8722ad76fd291b0c
B00O6JV14A,feature_bffbee914862885c
B00O6JV14A,feature_dedead6cdbed4734
B00O6JV14A,feature_f9834ab4828caaaf
B00O6NI3HY,feature_02c092986a3da37d
B00O6NI3HY,feature_23f62b976fbd9026
B00O6NI3HY,feature_846636479c354748
B00O6NI3HY,feature_a6b25f69908ecec0
B00O6NI3HY,feature_ae12b495dc7dd5c0
B00O6NI3HY,feature_b075dd06e0cbc474
B00O6NI3HY,feature_d3a83b60b78ab4a4
B00O6NI3HY,feature_e9245919aae77f6f
B00O7CXMU2,feature_1eef748d37bed268
B00O7CXMU2,feature_480eabdaf3109753
B00O7CXMU2,feature_7d5307dbed8a8621
B00O7CXMU2,feature_d7e5c89f9acbc4c3
B00O7CXMU2,feature_f569e6735c0023ca
B00O8G44I6,feature_85cc0f7f12de31db
B00O8G44I6,feature_c8d35dd8b4aebe6d
B00O8G44I6,feature_ea9a085364d9d83b
B00O8G44I6,feature_ef44c2409b1be4b8
B00O9TFVDE,feature_06614b87931a3bc7
B00O9TFVDE,feature_6c69a83f14d2194c
B00O9TFVDE,feature_9c3d557e6b193ecf
B00O9TFVDE,feature_ac5c10299b6cbbfd
B00O9TFVDE,feature_bca5333237804598
B00O9TFVDE,feature_d6b50f3e4ca62f80
B00O9TFVDE,feature_f56b9e6161ef0466
B00O9YV9WQ,feature_55af4aa865abaea5
B00O9YV9WQ,feature_86c33e737f8c4c06
B00O9YV9WQ,feature_8e4a8ef51ee83777
B00O9YV9WQ,feature_e65d0d8e3adf9c82
B00O9YVE7Q,feature_55af4aa865abaea5
B00O9YVE7Q,feature_86c33e737f8c4c06
B00O9YVE7Q,feature_8e4a8ef51ee83777
B00O9YVE7Q,feature_e65d0d8e3adf9c82
B00OCC844Q,feature_3c5657d18a28740f
B00OCC844Q,feature_4cc050cd92c9b8f0
B00OCC844Q,feature_6178391b261d4920
B00OCC844Q,feature_755d613800c321f8
B00OCC844Q,feature_b022e92645f22c01
B00OCE9T20,feature_2da8247f28a66eb3
B00OCE9T20,feature_d26807e072376321
B00ODGNIOC,feature_42c905b16800f016
B00ODGNIOC,feature_4f8490980e5ab4fe
B00ODGNIOC,feature_6175bab6fa80d424
B00ODGNIOC,feature_6a349d6ebe657a88
B00ODGNIOC,feature_9ac7c2978b5fecc3
B00ODGNIOC,feature_a5808811c37d0a3d
B00ODGNIOC,feature_ad96d959d8be78cf
B00ODGNIOC,feature_e0d668016d9ae156
B00ODGNIOC,feature_e36c9903c79ee60f
B00ODGNIOC,feature_e37ee44e59350e6e
B00OFTNDJ2,feature_2d9bb4a5b1401d5a
B00OGQH4BC,feature_39f50ae14383dcd0
B00OH1KDEG,feature_14404f2a602b1d8c
B00OH1KDEG,feature_33912231cace60cf
B00OH1KDEG,feature_4b38f56b06859de3
B00OH1KDEG,feature_664052ab6dc5d602
B00OH1KDEG,feature_b77abe7d6f285815
B00OH1KDEG,feature_c080da422108b21c
B00OI60OEO,feature_07cab319c3f63fb4
B00OI60OEO,feature_865549b9e62e11ee
B00OI60OEO,feature_96affab39542d906
B00OI60OEO,feature_f53dbf846ca2a768
B00OI684KA,feature_9463d0820bcd5ff1
B00OI684KA,feature_b46c582c3a0ee929
B00OI684KA,feature_d3cfcf93ce8e8a0d
B00OI684KA,feature_edcafd67591d436c
B00OIQ4OFO,feature_0100cf1bd5b98b3d
B00OIQ4OFO,feature_8ee24aaded5a1bea
B00OIQ4OFO,feature_946bbdf06cc917fa
B00OIQ4OFO,feature_ab4e034e27ccaf10
B00OIQ4OFO,feature_b9afb63a8a6aebfa
B00OIQ4OFO,feature_d36623f1e5ed4d68
B00OJAGLSC,feature_08dc458bde84d87b
B00OMORXKK,feature_7b88e7558abd3e16
B00OOE148A,feature_073b4fd650525509
B00OOE148A,feature_5380298ec359b78b
B00OOE148A,feature_7919050dddf69277
B00OOE148A,feature_df84dcffccc56bcb
B00OOE148A,feature_f44864a62a744c7b
B00OOE9LBM,feature_039aae6674c895b6
B00OOE9LBM,feature_2511e2b5f03dcf1f
B00OOE9LBM,feature_475b7d5ae63073b5
B00OOE9LBM,feature_b6b0073154e4a60c
B00OOE9LBM,feature_b9315323117d405e
B00OOE9LBM,feature_fabca5b67cf504af
B00OQ2JNIS,feature_02c092986a3da37d
B00OQ2JNIS,feature_23f62b976fbd9026
B00OQ2JNIS,feature_40e1f7ea429ad044
B00OQ2JNIS,feature_50f2a6ecd77d37b9
B00OQ2JNIS,feature_525fa39895fcaa1d
B00OQ2JNIS,feature_7d7df341ca9590ef
B00OQ2JNIS,feature_97bac9e2dd662ff4
B00OQ2JNIS,feature_c0566c145a571851
B00OQ2JNIS,feature_e1f3565e2f0062db
B00OQKCF0S,feature_41b1a1533f3c5469
B00OQKCF0S,feature_4ebef40b6c62689b
B00OQKCF0S,feature_9f50882295d3f0af
B00OQKCF0S,feature_c3338ee27a79ea7f
B00OQKFQWC,feature_41b1a1533f3c5469
B00OQKFQWC,feature_4ebef40b6c62689b
B00OQKFQWC,feature_9f50882295d3f0af
B00OQKFQWC,feature_c3338ee27a79ea7f
B00OQKQVG2,feature_314250c46123f8ee
B00OQKQVG2,feature_5bc0470e5f689726
B00OQKQVG2,feature_62bc6f3d8b81bd6b
B00OQKQVG2,feature_8facda40674461d4
B00OQKYYAM,feature_05dadbcc35cd350a
B00OQKYYAM,feature_2181c4b1b2be6e71
B00OQKYYAM,feature_3725d29a764d67c9
B00OQKYYAM,feature_4a32a7159404060d
B00OQKYYAM,feature_5bbad147f1204908
B00OQKYYAM,feature_84dd285659ae58e4
B00OQL04C8,feature_9c54521a8cf506d0
B00OT52M7G,feature_172158a1bcb4d4e9
B00OT52M7G,feature_193f238162bd5bae
B00OT52M7G,feature_1c4e33d7b2413bb2
B00OT52M7G,feature_368e07b324bb5050
B00OT52M7G,feature_3709492f02b65942
B00OT52M7G,feature_bcabb06bcafe4934
B00OT52M7G,feature_fd43352e6fa57fb5
B00OYVI9TK,feature_53bb744628499b3f
B00OYVI9TK,feature_599a7328be76710a
B00OYVI9TK,feature_b1629e0f2450e653
B00OYVI9TK,feature_d391badbc2c9c054
B00OYVI9TK,feature_e573f051cc74a110
B00P1M9TQS,feature_056478285bc3beb5
B00P1M9TQS,feature_24c933ca3959eaba
B00P1M9TQS,feature_508ca4990aa61435
B00P1M9TQS,feature_7f97a2870eef9725
B00P1M9TQS,feature_db4a00b3332582b0
B00P1M9TQS,feature_f3d491a0df7731d8
B00P2TJT38,feature_26f7644c12f8debe
B00P2TJT38,feature_37e3b010c1ad0a93
B00P2TJT38,feature_40bff63155bed7e5
B00P2TJT38,feature_5d7a9188c7e03108
B00P2TJT38,feature_6234686851d9a7d1
B00P2TJT38,feature_aa5dcb270e36140b
B00P4O17R2,feature_6ce7680342fd0d92
B00P6IBTFQ,feature_21b32997262f0bef
B00P6IBTFQ,feature_693e4fa8745ba5db
B00P6IBTFQ,feature_b7ffa0017f99eae3
B00P6IBTFQ,feature_f11c4c21e27277ae
B00P6L1OXA,feature_3dab8202bd91c0fa
B00P6L1OXA,feature_81fe3aeaa164f00d
B00P6L1OXA,feature_86a09695d0eb1d87
B00P6L1OXA,feature_c97bc6dab70d3b4c
B00P6L1OXA,feature_f541d601d7e1e1d2
B00P6L1OXA,feature_ffaebb04c787ad91
B00P6P2TIK,feature_a737e1c750b48461
B00P7MXJMW,feature_b30e73697e16fd9f
B00P8FHPJG,feature_4416796484925908
B00P8FHPJG,feature_5a659ee01caced2c
B00P8FHPJG,feature_9dafaea095f0b359
B00P8FHPJG,feature_faf40cdc2bdc472f
B00P93UO5O,feature_1bb6bc4c059536c5
B00P93UO5O,feature_87e7e272ed44816e
B00P93UO5O,feature_9abb6f2d108a4d7f
B00P93UO5O,feature_d946aa68bb5e1dbc
B00P93UO5O,feature_deb4af5965e63efa
B00P93UO5O,feature_fd29000ccdf08a45
B00P9H4LRM,feature_16f723e18c67c759
B00P9H4LRM,feature_28d55529d1411a61
B00P9H4LRM,feature_5979501622f70344
B00P9H4LRM,feature_6a5bb57ce1c8c84a
B00P9H4LRM,feature_ca0a4200f8d6fb58
B00P9H4LRM,feature_f3a1070db4d1b279
B00P9U2T8M,feature_0751b73e7384c3f9
B00P9U2T8M,feature_23f4e4072ddc7efa
B00P9U2T8M,feature_2cc67527f6a19723
B00P9U2T8M,feature_6979fde041046ec6
B00P9U2T8M,feature_6dc22c52d2ef6af3
B00P9U2T8M,feature_d96045db7ddb9007
B00PCVAI5E,feature_30fa23a633c2d5ff
B00PCVAI5E,feature_5a42a2cd6ae58d91
B00PCVAI5E,feature_8a9955aba5769a82
B00PCVAI5E,feature_9fbee359166d8d23
B00PCVAI5E,feature_a2e54b4651e9cffc
B00PCVAI5E,feature_c16f8e4b316e2362
B00PCVAI5E,feature_c6f299df88128c75
B00PCVAI5E,feature_d4108340ef53bc3b
B00PCVAI5E,feature_e5074cabf9b30397
B00PCVAI5E,feature_e546680ec10dfd94
B00PDRLY8W,feature_64cbebdfe0602f09
B00PDRLY8W,feature_76cb76c057e2e611
B00PEHLZ4O,feature_27264252e18e3aa0
B00PEHLZ4O,feature_972f6cb051f8face
B00PERBJJK,feature_0aa6b0b4b08580b3
B00PERBJJK,feature_1668caff06d4b570
B00PERBJJK,feature_6cb6c35eb46e5f45
B00PG4OX1C,feature_093037b2aea87aa9
B00PG4OX1C,feature_274a5f3101c505ef
B00PG4OX1C,feature_5209d973dc226be0
B00PG4OX1C,feature_a0cedd5b4b2a121c
B00PG4OX1C,feature_a127990a5b8991ac
B00PG4OX1C,feature_ee83809d80c62a23
B00PGGLADO,feature_09b225b91ffea7ec
B00PGS575E,feature_050186e9c3dd5dc0
B00PGS575E,feature_0a12eadb572b26e0
B00PGS575E,feature_7ab59c82e174f13b
B00PGS575E,feature_7c09905fbec58f74
B00PGS575E,feature_7dc0ad0cce20ae8b
B00PGS575E,feature_a725f6889e10adaf
B00PI8LB3E,feature_15cde966b0fdd654
B00PI8LB3E,feature_25772751f9bf9dc7
B00PI8LB3E,feature_5d4b271e4c51ca48
B00PI8LB3E,feature_981ff66493105982
B00PI8LB3E,feature_98a6bbf896f978fa
B00PI8LB3E,feature_d6e0d4bc78f17bf7
B00PIVAL0U,feature_045015f7f9cf85ca
B00PIVAL0U,feature_8f99333098b56e7f
B00PIVAL0U,feature_ab4c3dd30bd26ed1
B00PIVAL0U,feature_c5635784b759a76a
B00PML48JQ,feature_0653361efd5533d1
B00PML48JQ,feature_15461c8bc675a234
B00PML48JQ,feature_6d650c90dec23d5f
B00PML48JQ,feature_9b87eb197477e188
B00PMVKM28,feature_526e8a58562f4f3d
B00PN3PO5U,feature_05ec7ac5b0c29745
B00PN3PO5U,feature_81e4217ea73a3049
B00PN3PO5U,feature_91b8449dd20a37d3
B00PN3PO5U,feature_c37898be702eec17
B00PQNJI7M,feature_0357059854b46b92
B00PR47F4I,feature_2202d3445e10ef2a
B00PR47F4I,feature_38adb1121ab66712
B00PR47F4I,feature_3b29b9d68bff4af8
B00PR47F4I,feature_a54a5b045fcfc632
B00PR47F4I,feature_fa090ae3e18455ca
B00PSK39AU,feature_1ec318a713c3b86e
B00PSK39AU,feature_42722458c0cebf07
B00PSK39AU,feature_8bddd7bb06303e21
B00PSK39AU,feature_8c62ad9bdcc6a47f
B00PSK39AU,feature_95825f3c2b41209b
B00PSK39AU,feature_a9c7f54a4ccbafbc
B00PSRW17A,feature_fbbfad959bd36cda
B00PW5B8D6,feature_46a8b2af07e7ae1d
B00PWL82I4,feature_6859b97df071306b
B00Q1BNG6C,feature_227018a686950bed
B00Q1BNG6C,feature_353f60029302d275
B00Q1BNG6C,feature_4753da64f6ea4a6d
B00Q1BNG6C,feature_4dd626a69e7ab8b2
B00Q1BNG6C,feature_76bda25c02ddd948
B00Q1BNG6C,feature_809279fbfe005127
B00Q1BNG6C,feature_a3457ef717dda849
B00Q1BNG6C,feature_baccb84bef149ab0
B00Q1BNG6C,feature_bcbb5f9d15378766
B00Q1BNG6C,feature_f780169f32ab0056
B00Q2Q3LR0,feature_2c2d396c8942f707
B00Q2Q3LR0,feature_32d66e1a95647f89
B00Q2Q3LR0,feature_82f7c27840198bce
B00Q2Q3LR0,feature_9793bef64897f54f
B00Q2Q3LR0,feature_9b29b10a77bd5546
B00Q2QEEOY,feature_913bb573ebb4a754
B00Q4X97CO,feature_a3140639e1032f5c
B00Q5SL74O,feature_1962ef8d83e3e534
B00Q5SL74O,feature_53642fa92431d13b
B00Q5SL74O,feature_995b4840556773a0
B00Q5SL74O,feature_bdfa5534f10f8d6c
B00Q5SL74O,feature_c792ebc6e9125e4a
B00Q6WEUAC,feature_110ce0a2ef1c529a
B00Q6WEUAC,feature_3f71643dbf992767
B00Q6WEUAC,feature_4a9f007bf745b027
B00Q6WEUAC,feature_68002aff2d8e55cf
B00Q6WEUAC,feature_8aba3e8bbb0d059a
B00Q6WEUAC,feature_fee89f130c286847
B00Q78HSRM,feature_77069af72ff3cdf9
B00Q7N23U4,feature_28017791ab88532f
B00Q7N23U4,feature_2c44a06d9a6ed6fa
B00Q7N23U4,feature_80ded9619d97a763
B00Q7N23U4,feature_b21ad7c8c8fd4fea
B00Q7N23U4,feature_d1b44839c8fbc802
B00Q7N23U4,feature_ed708555c800ee13
B00Q7N55AY,feature_22d814bc5789af8d
B00Q7N55AY,feature_4efa30f95c1c86e7
B00Q7N55AY,feature_5e1e6dd100c9fd03
B00Q7N55AY,feature_c036163370028cdf
B00Q7N55AY,feature_c7006579078340b0
B00Q7N55AY,feature_dfb8dc0d015e4257
B00Q7NGAGC,feature_5684163c6f15936d
B00Q7NGAGC,feature_6b8f631148f3e109
B00Q7NGAGC,feature_a749fc02010d3124
B00Q7NGAGC,feature_da45b3fd7a238721
B00Q7NGAGC,feature_e339ce26cdef73c6
B00Q7NJ9A6,feature_3f867ecbc2f957db
B00Q7NJ9A6,feature_58b8ff3cf3441a8f
B00Q7NJ9A6,feature_909a7c4784c3e455
B00Q7NJ9A6,feature_a749fc02010d3124
B00Q7NJ9A6,feature_b3811ef66802bd82
B00Q7NJ9A6,feature_da45b3fd7a238721
B00QAVOCVG,feature_387c2725756b8519
B00QAVOCVG,feature_5044951761c4329d
B00QAVOCVG,feature_8a4aa0150e6fdc39
B00QAVOCVG,feature_8d6049a826c9c103
B00QF1VWQY,feature_0ab60510ebe5cf51
B00QF1VWQY,feature_12fe4b97e040286d
B00QF1VWQY,feature_2584d099658fb98d
B00QF1VWQY,feature_2c274807e33591b3
B00QF1VWQY,feature_468fd52a45378c34
B00QF1VWQY,feature_de9a8e1777e9d68d
B00QF41O1E,feature_c5639739014a5658
B00QL9IF5G,feature_76bfd499a5a06aea
B00QL9IF5G,feature_84c63b3a5e45072b
B00QL9IF5G,feature_9769621ddfbd4c96
B00QL9IF5G,feature_bd73927ae95bb22e
B00QL9IF5G,feature_e42da8586a0f7048
B00QL9IF5G,feature_e953881d9836a606
B00QL9IFD8,feature_76bfd499a5a06aea
B00QL9IFD8,feature_84c63b3a5e45072b
B00QL9IFD8,feature_9769621ddfbd4c96
B00QL9IFD8,feature_bd73927ae95bb22e
B00QL9IFD8,feature_e42da8586a0f7048
B00QL9IFD8,feature_e953881d9836a606
B00QMSAW0C,feature_1811f4054ab6dce2
B00QMSAW0C,feature_a304d68a4ebaa5f3
B00QMSAW0C,feature_ee54d34e5cdb8bce
B00QMSAW0C,feature_fa34f82cf0f52425
B00QMSAW0C,feature_fc6bf1e4875ef3b4
B00QSKU6Q4,feature_0cc449110cbdf4b9
B00QSKU6Q4,feature_15fd40cf9fd156b3
B00QSKU6Q4,feature_2ef95a78ed266c10
B00QSKU6Q4,feature_4640bc0821da5b6e
B00QSKU6Q4,feature_49eab7325e4d1bd2
B00QSKU6Q4,feature_745b66ac8ed1384b
B00QSKU6Q4,feature_bf65d0af56349cdd
B00QSKU6Q4,feature_c16b15a0158993ee
B00QSKU6Q4,feature_fd39ed896bd72984
B00QSSZT0E,feature_4e26edaba85da8b6
B00QTZTOPW,feature_4e30010d298466ca
B00QTZTOPW,feature_d04a6e8e16ff0ec6
B00QVBX3N8,feature_258fb07d625a0642
B00QVBX3N8,feature_46ebbe2d924975ed
B00QVBX3N8,feature_5fb194c7d49e8fd4
B00QVBX3N8,feature_6cee7a48d1f92ce6
B00QVBX3N8,feature_89e269e9fd5a6ec3
B00QVBX3N8,feature_905c716c58213fa7
B00QVBX3N8,feature_b530503ffffeceab
B00QVBX3N8,feature_bad56692c3793e27
B00QVBX3N8,feature_e13c56b9687cc3f7
B00QVBX3N8,feature_eb9d3b66f55414fc
B00QVN6H70,feature_60fb33613ded9619
B00QVN6H70,feature_ad67ff99e28b0c3c
B00QVN6H70,feature_b7a03b07cd560629
B00QVN6H70,feature_bb42f3abe795fd20
B00QVN6H70,feature_c48f235ce95f8fa9
B00QVVU4EO,feature_35e4e899529f8baf
B00QVVU4EO,feature_825cb8048e90e2e5
B00QVVU4EO,feature_bdc838106a5dea16
B00QVVU4EO,feature_c449d4a119ffdec1
B00QVVU4EO,feature_fc723eee328d5f0d
B00QVVU4EO,feature_fca865ad5759dfdd
B00QW1083K,feature_39d0a581b79e4276
B00QW1083K,feature_4a19762715f815f6
B00QW1083K,feature_61545235e76f7fd8
B00QW1083K,feature_62301267f1292424
B00R1TMCTK,feature_168fbe20926202ef
B00R1TMCTK,feature_4d004f75edf33f2e
B00R1TMCTK,feature_69c3ed8ffa6e300a
B00R1TMCTK,feature_85b3b2cce2de14ba
B00R1TMCTK,feature_9830e544302ec152
B00R4F8U92,feature_cb35d40c756679a7
B00R56T5C6,feature_d37fcf997cffcc2c
B00R7ZI7IS,feature_53df9569522e4a7f
B00R7ZI7IS,feature_d4b7553348a0731a
B00R8VLG70,feature_0206455130603969
B00R8VLG70,feature_14abc4e9f6f89735
B00R8VLG70,feature_40bc5175d257ef83
B00R8VLG70,feature_865cc42ba783cec2
B00R8VLG70,feature_e51781bb5f0e973d
B00R8VLG70,feature_edf1d4585ce0cbce
B00RAMHOZ0,feature_211da54f07096747
B00RAMHOZ0,feature_429f31b65ae3e961
B00RAMHOZ0,feature_aa556e019042a40c
B00RAMHOZ0,feature_da229fcbfeeded79
B00RAMHOZ0,feature_e376b3285b5b20d1
B00RES5OPC,feature_0246b3205f793c0c
B00RES5OPC,feature_06555daa3ca75aa4
B00RES5OPC,feature_4771fb299a2e9332
B00RES5OPC,feature_64e7889632ee2b4a
B00RES5OPC,feature_74b4b280254dfd34
B00RES5OPC,feature_9b398409f89388ce
B00RES5U88,feature_eea795647308135a
B00RIT53JO,feature_0202f79eddccc238
B00RIT53JO,feature_2c157862c88152f7
B00RIT53JO,feature_3e9da123e473fde2
B00RIT53JO,feature_665f46538f67587a
B00RIT53JO,feature_c7930609898d45e2
B00RIT53JO,feature_f56b9e6161ef0466
B00RIUVSN8,feature_54a64eb8b34e1645
B00RKFL9WQ,feature_19763e8f99702f2b
B00RKFL9WQ,feature_28b8dcf095a2ce5f
B00RKFL9WQ,feature_5ede0fcc0091f8b7
B00RKFL9WQ,feature_8922bc066f338ee1
B00RKFL9WQ,feature_c5b7ecd3d9527b50
B00RKFL9WQ,feature_d20c67daa761c129
B00RMM6OJU,feature_f12ed5f7cd349645
B00RON355I,feature_07cf69d30d05703e
B00RON355I,feature_297e6ef18f50928a
B00RON355I,feature_3fdabf6ca95be542
B00RON355I,feature_5873b3a3a0f6f576
B00RPJZMUM,feature_3dd535636183730c
B00RPJZMUM,feature_4d8618955a139db5
B00RPJZMUM,feature_88dd3dd6d2559fa7
B00RPJZMUM,feature_b4d701148f6b731a
B00RPJZMUM,feature_c7810770b7497793
B00RYBEE0K,feature_30c8caad501ce01d
B00RYBEE0K,feature_5571b80713a39c89
B00RYBEE0K,feature_579d5f06f1f2477b
B00RYBEE0K,feature_904afe1c9a578ddc
B00RYBEE0K,feature_97b09598568d5a61
B00RYBEE0K,feature_fb4611863feeecc1
B00RYH7AI2,feature_3afefa8afa9e81bb
B00RYH7AI2,feature_605ffc8374171723
B00RYH7AI2,feature_870e0bb4b96ebcdb
B00RYH7AI2,feature_96ba4ec5c4f9a00a
B00RYH7AI2,feature_bb9bdee09ddbca8d
B00RYH7AI2,feature_d46c37556710d632
B00S1IADKK,feature_05d90bfd18d79394
B00S1IADKK,feature_10afa2630f8adff4
B00S1IADKK,feature_64a6f3b432b0f69a
B00S1IADKK,feature_68dec5283133e1b3
B00S1IADKK,feature_81ea3774c3734949
B00S1IADKK,feature_bb19e51d8120bf6e
B00S81E1YY,feature_b263d27b940cdeee
B00S8HWWVC,feature_27fd56fcd2eed721
B00S8HWWVC,feature_cf5b7fb97ecc3c95
B00S8HWWVC,feature_d76b7c6726386811
B00S8STF3E,feature_11a7c29f7846af3c
B00S8STF3E,feature_17d22fab2aa310a9
B00S8STF3E,feature_1d15d51a0880477d
B00S8STF3E,feature_cfe27eba32ea7ba8
B00S8STF3E,feature_df59dcd579a2f26b
B00S8STF3E,feature_fd0f88ef645a6465
B00S9922ZA,feature_02e934e88177e522
B00S9922ZA,feature_10177cb20ae43607
B00S9922ZA,feature_177e66de71813236
B00S9922ZA,feature_8d674f5f6f0dc612
B00S9922ZA,feature_ad42cc12aeaec6e9
B00S9922ZA,feature_be325e3eaa012b88
B00S9922ZA,feature_cda64bf0c16a2cd1
B00S9922ZA,feature_dd90be651afc6cca
B00S9922ZA,feature_e30bde5048f047eb
B00S9922ZA,feature_eb4cffc9df5d67ac
B00SC7CNVM,feature_d7189d45995b23db
B00SCGMWLE,feature_5d18ed77369c5301
B00SCWGR00,feature_614a7bb73c7ab5df
B00SCWGR00,feature_80159db0f366e280
B00SCWGR00,feature_c38bb859016fd675
B00SCWGR00,feature_d5dae290a8857b73
B00SCWGR00,feature_f8a9e79ab5ed4508
B00SG38LT0,feature_0a9f1b63050898c2
B00SG38LT0,feature_0c395d7d23015f6c
B00SG38LT0,feature_275fbb3cf553df48
B00SG38LT0,feature_41302736f78fdb84
B00SG38LT0,feature_85ef9dac4b46ea65
B00SJKXAAA,feature_201373a696aa4e7b
B00SJKXAAA,feature_357336f3865bdb87
B00SJKXAAA,feature_3bcae279316396c6
B00SJKXAAA,feature_930ec960bc185d0c
B00SJKXAAA,feature_bc0971f3429467a4
B00SJKXAAA,feature_f56b9e6161ef0466
B00SJSKNHA,feature_462d8514708f2e03
B00SSCHYXI,feature_147fc906933de3ce
B00SSCHYXI,feature_81fb035e8ed653de
B00SSCHYXI,feature_eb2cfaa2c630f6cb
B00SSNS5BW,feature_0ab60510ebe5cf51
B00SSNS5BW,feature_1941e9d5beb3b6b1
B00SSNS5BW,feature_8be99287f3e2d813
B00SSNS5BW,feature_a0ad39198f1b65a3
B00SSNS5BW,feature_e1ab2d7bba441964
B00SV85U6C,feature_0e8c041807c9eb22
B00SV85U6C,feature_df1278d671e5154f
B00SX18P0K,feature_3de519b166f08446
B00SX18P0K,feature_51960970289df198
B00SX18P0K,feature_5d098af70318f652
B00SX18P0K,feature_8b55eaa153ce0651
B00SX18P0K,feature_a34f6353b034fac6
B00SX18P0K,feature_c3a539f238141231
B00SXWI1AI,feature_279aadb420cf1f41
B00SXWI1AI,feature_2bdca4788efd76e3
B00SXWI1AI,feature_7f97a2870eef9725
B00SXWI1AI,feature_821b1d3f0aed7334
B00SXWI1AI,feature_8c168096f7fd3f9f
B00SXWI1AI,feature_d88ed30bd17b10e4
B00SZ0Y6TI,feature_aa90c28769b75532
B00SZ5GNDA,feature_4e4264e4dcbb58e1
B00SZ5GNDA,feature_7435aa599aa0b9c4
B00SZ5GNDA,feature_e68a2b3a95d756aa
B00SZCHHG0,feature_24299afbc8e37028
B00SZCHHG0,feature_3df601d8ab2bc7af
B00SZCHHG0,feature_3fe1c4200b510794
B00SZCHHG0,feature_507164e5e7d74ee5
B00SZCHHG0,feature_5375f0ab63ec348a
B00SZCHHG0,feature_93d651e0eece0efb
B00T2HFC00,feature_07c292fd580fcdab
B00T2HFC00,feature_119c7218d8b8ea38
B00T2HFC00,feature_50e9838ec31533dc
B00T2HFC00,feature_86aa0e28f8b4767c
B00T2HFC00,feature_d2934b6b2d2bff4d
B00T2HFC00,feature_f07abad5c5f23853
B00T3HC5M2,feature_0fdba50c96757065
B00T3HC5M2,feature_14ffe7de790b7cea
B00T3HC5M2,feature_4804cf33468e1bb8
B00T3HC5M2,feature_d6e2beda1e7d8474
B00T3HC5M2,feature_ed50f0584a14d193
B00T45V7JU,feature_25d50e7b03bbd88c
B00T45V7JU,feature_61b267725c97b8f5
B00T45V7JU,feature_883811a1650ef1e8
B00T45V7JU,feature_a23e773e83e297ff
B00T45V7JU,feature_d7966f71602f5c9e
B00T45V7JU,feature_f9363649bf07a2a7
B00T460PA6,feature_3c6ee1d084802bc5
B00T460PA6,feature_4d292869035b8926
B00T460PA6,feature_5ac1a291f06f8c67
B00T460PA6,feature_d37dfaf90661e321
B00T4VM0QI,feature_3d28a39a61a5c541
B00T5JNB26,feature_3dffd0c7b608a0f8
B00T5JNB26,feature_74789315cf452538
B00T5JNB26,feature_9fab88f6e8861f30
B00T5JNB26,feature_9ffffb43fec4e14d
B00T5JNB26,feature_a098c96685ee56ac
B00T8RH6EE,feature_8dcd675e2d00e94d
B00T9NSPH4,feature_55a4fdca10edf5ab
B00TA30HK6,feature_0ce96bb0ca622dc2
B00TA30HK6,feature_1220d9174fb46490
B00TA30HK6,feature_2efa2c9bf2b6aba5
B00TA30HK6,feature_32cc69b98656587c
B00TA30HK6,feature_9193f341da256cd9
B00TA30HK6,feature_96e4d55e860d6eda
B00TA30HK6,feature_a107beaa3656a5c2
B00TA30HK6,feature_a790b1138fb997d0
B00TA30HK6,feature_c556c09ef209b238
B00TA30HK6,feature_eb7bd16f44b0acae
B00TAP453E,feature_04e65eb8b2597886
B00TAP453E,feature_0d892b8a7726bfd9
B00TBXUXPO,feature_5a9940bd50ab9724
B00TBXUXPO,feature_8f43ac8fee005464
B00TBXUXPO,feature_9dae821edaf0fc92
B00TBXUXPO,feature_9f054d822361b239
B00TBXUXPO,feature_b30838f039457dd1
B00TBXUXPO,feature_f6b13ee18a385626
B00TBXUYLM,feature_024f1cb8e40ed68b
B00TBXUYLM,feature_3a1e0569f4601530
B00TBXUYLM,feature_556bae22b5f66175
B00TBXUYLM,feature_ac8f94c84be4f232
B00TC5582Y,feature_837dac5618b64161
B00TC5582Y,feature_9ca0d1019696c7a5
B00TC5582Y,feature_b0f5e9efa40553dd
B00TFWBZ30,feature_0f545c62b53de417
B00TG27FYM,feature_5235b73ca046e1d2
B00TG27FYM,feature_6139579f23688408
B00TG27FYM,feature_c33e719ba22e1a11
B00TG27FYM,feature_e543cfe5eeef13af
B00TIHA0IS,feature_542fce762ccb9882
B00TIHA0IS,feature_6ad37b0dd495ed39
B00TIHA0IS,feature_a9b58f384cb700d0
B00TIHA0IS,feature_bfcff826cc2c0936
B00TIHA0IS,feature_f05ceb4d49549220
B00TIVU1B0,feature_39552f6e0840bee0
B00TIVU1B0,feature_8a2044bff298a705
B00TIVU1B0,feature_b5ed0606c893dcaf
B00TKIW3R6,feature_02dd1ddc55d05a50
B00TKIW3R6,feature_12724a7239ea3946
B00TKIW3R6,feature_1d6febd6b18c4f85
B00TKIW3R6,feature_2195f06400974e39
B00TKIW3R6,feature_622cff175f26912a
B00TKIW3R6,feature_6ba17a4193be7fef
B00TKIW3R6,feature_978ff31526630537
B00TKIW3R6,feature_9997f1bc5646863c
B00TKIW3R6,feature_d08133a8cb1acac1
B00TKIW3R6,feature_f6582fc28ee9f808
B00TNREDHW,feature_16d286976a2c42f0
B00TOX0ODM,feature_55654ff8463789e4
B00TOX0ODM,feature_617c5a205b97e868
B00TOX0ODM,feature_c0bd6e5f37b66824
B00TOX0ODM,feature_c6124ef35c7b1261
B00TOX0ODM,feature_ca2ee301a81ad323
B00TQDBSPI,feature_04b04d6c77ec5eda
B00TQDBSPI,feature_11e588f94cefb6ee
B00TQDBSPI,feature_16e9abe074ea00e9
B00TQDBSPI,feature_7663317f0d22290c
B00TQDBSPI,feature_f17dce3a3b067034
B00TTS7YBC,feature_af2c95760d0a059e
B00TUAMIHO,feature_291d651c69c9aaa4
B00TUAMIHO,feature_76bd22b7e9e75f7f
B00TUAMIHO,feature_893af71099f74120
B00TUAMIHO,feature_8cc11d77e459dd16
B00TUAMIHO,feature_9330e04932b722bb
B00TUDHZ5Q,feature_0654e694130cfa8d
B00TUDHZ5Q,feature_ca2b7247deb3ca48
B00TUDHZ5Q,feature_e6cd7f03b183bb83
B00TUDHZ5Q,feature_f609ad2fb025ad74
B00TZN4DK6,feature_4e81573d76f6ec38
B00TZN4DK6,feature_6b187f213273b376
B00TZN4DK6,feature_8df84761425bd555
B00TZN4DK6,feature_a64ad66301368451
B00TZN4DK6,feature_e01384ae4512eb29
B00TZN4DK6,feature_f68e6b8ff4c2bb52
B00U3ZFQVA,feature_03084a4c682acf93
B00U8QF5JW,feature_6046fab9c8849fa0
B00U8QF5JW,feature_63e1a1d97ec5ab76
B00U8QF5JW,feature_748c2c84d1d749c0
B00U8QF5JW,feature_9fdacd1772186891
B00U8QF5JW,feature_b1f0f2dbc0da7e89
B00U8QF5JW,feature_ba300b789a6ff19f
B00U9ELHM2,feature_85264bf3b21e6a10
B00UB63WF8,feature_6b078a3061f8b29c
B00UCMO2U0,feature_02c092986a3da37d
B00UCMO2U0,feature_31072e1c7f0da24a
B00UCMO2U0,feature_7d93f4ee94389aa2
B00UCMO2U0,feature_7f4ac3b88a960474
B00UCMO2U0,feature_8a53a4a8900efdd3
B00UCMO2U0,feature_948e704c7671c47f
B00UCMO2U0,feature_a2275eeece8b1f92
B00UCMO2U0,feature_b59c23ab36458f2f
B00UFPHFS0,feature_16c0ef3f1fa8aa2f
B00UFPHFS0,feature_3f474528354c7086
B00UFPHFS0,feature_ac3a47b5c423952f
B00UFPHFS0,feature_b72d86b4d8e7b588
B00UFPHFS0,feature_d126696a6c0fd184
B00UFVS0G0,feature_80d4f7414f60fc9b
B00UFVS0G0,feature_8b97dd0d09020bb8
B00UFVS0G0,feature_d5c82ae95c555e66
B00UFVS0G0,feature_dc39cc2a6727be94
B00UHDGK5Y,feature_0588fb66422cf9ca
B00UHDGK5Y,feature_0eabe5f91e6977fd
B00UHDGK5Y,feature_1c7186e25c65395e
B00UHDGK5Y,feature_3c3459a76948d0ac
B00UHDGK5Y,feature_b18a049f15534823
B00UHDGK5Y,feature_f56b9e6161ef0466
B00UHS32VO,feature_1013a2ac2e8f2eb3
B00UHS32VO,feature_5ec3b08c3243817d
B00UHS32VO,feature_84eb429f19b787bf
B00UHS32VO,feature_918ec59069297f1c
B00UHS32VO,feature_c6880528eb69d8af
B00UI0B7KE,feature_1fd87cc27611773c
B00UI0B7KE,feature_2a068166b66b009e
B00UI0B7KE,feature_4db58e84b106fe0a
B00UI0B7KE,feature_6cce2bc54bd1e64a
B00UI0B7KE,feature_c1493a064fe0a113
B00UI0B7KE,feature_e5d7e3ba68ffbabb
B00UJOSJ96,feature_5679ed8b1cb48483
B00UMR1C0S,feature_0e7c6a63d7705d33
B00UMR1C0S,feature_381f99ff8cf51d03
B00UMR1C0S,feature_7020ad4140d4f844
B00UMR1C0S,feature_885a94163703c5d5
B00UMR1C0S,feature_bfa5a61a8f4d7625
B00UOLD5IE,feature_15bb79ed2e19874d
B00UOLD5IE,feature_20bd7a268ac92fdf
B00UOLD5IE,feature_740e95c22d6d8c3c
B00UOLD5IE,feature_835b33b3a74a4fa3
B00UOLD5IE,feature_b1a510554c03f67f
B00USLI2O2,feature_07b4b03accce68be
B00USLI2O2,feature_24907754e053093b
B00USLI2O2,feature_4f944542e06cd6f2
B00USLI2O2,feature_78e25acac13a2210
B00USLI2O2,feature_7963404a665eca5e
B00USLI2O2,feature_9d4cc063f9f67b08
B00USLI2O2,feature_bfe5c2cc6e9e6c91
B00USLI2O2,feature_e72c89771f8c80a9
B00USLI2O2,feature_e8b1c88847c6c731
B00USLI2O2,feature_f00bb343ce76a0d1
B00UTJMVXG,feature_1027c5073cf81b10
B00UTJMVXG,feature_37426ad53993ce85
B00UTJMVXG,feature_5bfc1f24291e3fc0
B00UTJMVXG,feature_c2b47d60cce012a4
B00UTJMVXG,feature_cdfe93073d28e924
B00UTJMVXG,feature_e26019afb284c9b6
B00UXGUY7U,feature_62ba0ecf46918274
B00V5CDD9C,feature_3b7ed29a51618a7a
B00V5CDD9C,feature_672a69167f153baa
B00V5CDD9C,feature_bf8ef00a2200eb24
B00V5CDD9C,feature_f89a6e786c22fb66
B00VAJQW6Q,feature_0bf8f92532c10948
B00VDFCR52,feature_09b225b91ffea7ec
B00VE1KFE0,feature_0fea5337e32fb695
B00VE1KFE0,feature_52296a439d93dab9
B00VE1KFE0,feature_59c4aef0c8c2c650
B00VE1KFE0,feature_5b96d5b912b514ac
B00VE1KFE0,feature_73d09bc4a5c227fa
B00VE1KFE0,feature_91320abf3aadd9df
B00VE1KFE0,feature_ba6ad4feee1e5928
B00VE1KFE0,feature_be316d86e835ec03
B00VE1KFE0,feature_db56fe1f2303b74a
B00VE1KFE0,feature_ea608dea5a98a2e6
B00VF0HO9Y,feature_9756a8ff13280d46
B00VFU35EW,feature_4cca66bbfa91eb67
B00VFU35EW,feature_6de920ba2940632f
B00VG1G0SS,feature_0ab52a4f4cd4abd5
B00VG1G0SS,feature_c63d08270a7894c6
B00VG1G0SS,feature_ce37cbeb162805b6
B00VH5A4WQ,feature_82c3a5f07e5ebb27
B00VH5A4WQ,feature_9d9a5477652171bc
B00VH5A4WQ,feature_a63a535ce4db9aa7
B00VH5A4WQ,feature_ae392662685494ab
B00VH5A4WQ,feature_ae69706285cf16ef
B00VJZSJ3U,feature_4cbc2b5d4e9d073a
B00VJZSJ3U,feature_5fe1a4f977974637
B00VJZSJ3U,feature_612f88eec444a2c3
B00VJZSJ3U,feature_a57ddd18c9413592
B00VJZSJ3U,feature_a587c2cf3fca7522
B00VJZSJ3U,feature_f56b9e6161ef0466
B00VJZSJ3U,feature_fdfed27825ab8681
B00VRTX7NA,feature_859504fc5815f4ee
B00VRTX7NA,feature_8df6d1418691a87a
B00VRTX7NA,feature_9d4c88b4153fd219
B00VRTX7NA,feature_ad6c331b5ee31af1
B00VRTX7NA,feature_f2371db23f129571
B00VTSZFA2,feature_0b8ccc45245b6e3a
B00VTSZFA2,feature_5290302ed97a1683
B00VTSZFA2,feature_708095a2c906a0cb
B00VTSZFA2,feature_a9d0c53bab11f488
B00VTSZFA2,feature_cf8aedb3c49897d2
B00VTSZFA2,feature_f528bb0ce13b7eb6
B00VTVQ07G,feature_3deb6e4ec91703fc
B00VTVQ07G,feature_5290302ed97a1683
B00VTVQ07G,feature_708095a2c906a0cb
B00VTVQ07G,feature_7408e616adff5959
B00VTVQ07G,feature_a9d0c53bab11f488
B00VTVQ07G,feature_f528bb0ce13b7eb6
B00VU2ZT2G,feature_ba0c5630dd0c1f24
B00VVV8YW8,feature_204b73dfcb650fdb
B00VVV8YW8,feature_8f5943aaec34b92b
B00VVV8YW8,feature_a5dc7e9c4d1ba68e
B00W8NE4QI,feature_932617e0959bf4a4
B00W8NE4QI,feature_ccffbc5d698d0d8c
B00W9W18SK,feature_6993e1b20609b71f
B00W9W18SK,feature_71efb3e4b4d0a1f9
B00W9W18SK,feature_857af96a26edddbd
B00W9W18SK,feature_ca695e981fc99109
B00W9W18SK,feature_eb9d9a16e20bb725
B00WF6N7RA,feature_3d58a91117cc4648
B00WHIULXY,feature_dcb2cedfa446c5a8
B00WIKX7Q4,feature_62b0b8378618c363
B00WR1Y14Q,feature_a5a5da9e81fa58f1
B00WR1Y14Q,feature_fc2916401d6ad82f
B00WRJ72PS,feature_137507d56cf5fc8f
B00WRJ72PS,feature_2d30a11cba52a141
B00WRJ72PS,feature_2e6b497586aa31c3
B00WRJ72PS,feature_5b3324d7072dd92b
B00WRJ72PS,feature_849eb993946f46f0
B00WRJ72PS,feature_d7720a7eaeec8af6
B00WT7ZU5W,feature_394e444cd9b082fb
B00WT7ZU5W,feature_4614a39cb970b897
B00WT7ZU5W,feature_4afef3f3cfec29da
B00WT7ZU5W,feature_83e0e56d9354f089
B00WW8FM10,feature_429db9c8de29c143
B00WW8FM10,feature_98268e8e62477f54
B00WW8FM10,feature_b0e063c1ffd9d809
B00WW8FM10,feature_e04ba35af1a2e75a
B00WW8FM10,feature_f217abed281b3834
B00X1QHOD6,feature_68bd0c5a001355ea
B00XLQB2D4,feature_691a21488f5330ad
B00XLQB2D4,feature_7e10bcc3c6866645
B00XLQB2D4,feature_cc070577e0a6768c
B00XLQB2D4,feature_f2d7c175aaf5b6af
B00XLT4QPW,feature_481af9c3fb0d1aee
B00XLT4QPW,feature_6240af9d60e2aa95
B00XLT4QPW,feature_8ffe8a15a9c28b86
B00XLT4QPW,feature_a103301b8d9cfa2e
B00XLT4QPW,feature_a30473a4cb36e398
B00XLT4QPW,feature_b6bdd433460ae77b
B00XLT4QPW,feature_ba0ecb72d5137c7c
B00XLT4QPW,feature_c173600ea26646f6
B00XLT4QPW,feature_d7209595be382d41
B00XLT4QPW,feature_ee4d7744187007ca
B00XWNLIWG,feature_58134781adc4261c
B00XZ9YF4A,feature_3c6b6954b59d0719
B00Y14CKRW,feature_5c010faba6485e45
B00Y14CKRW,feature_5fa18eb9592cb052
B00Y14CKRW,feature_9c470a8bff146e48
B00Y14CKRW,feature_febfee7c979f9b04
B00Y71DURS,feature_2a0107faeef79f61
B00Y71DURS,feature_4a271ff49fd759c3
B00Y71DURS,feature_55b95ee6ef925a74
B00Y71DURS,feature_8d29311124e21931
B00Y71DURS,feature_e82b9b37a02ec753
B00Y9B042U,feature_2bd6a0181b377395
B00Y9B042U,feature_308f33680bfebafe
B00Y9B042U,feature_40940418479e65b7
B00Y9B042U,feature_8f62db50e2b891b2
B00Y9B042U,feature_98491808f8e3da25
B00Y9B042U,feature_ebbe97a09d668809
B00YB2CYFC,feature_1f8281e83a948bd6
B00YB2CYFC,feature_33985e1f74e27ee7
B00YB2CYFC,feature_73b7810a167a637a
B00YB2CYFC,feature_78bf375e1096a70a
B00YB2CYFC,feature_9a1708f31d3c52fa
B00YE966A6,feature_0866d2acbbadcf03
B00YE966A6,feature_212daeaf9a157dc0
B00YE966A6,feature_582e58267eb7e4b4
B00YE966A6,feature_81055b39abec5db6
B00YE966A6,feature_8f97c92e874b6ffb
B00YEETARW,feature_0eeaca6d171ff657
B00YEETARW,feature_1a9c8adde245c504
B00YEETARW,feature_2f020b3e981928ab
B00YEETARW,feature_4dcc4931dd5b4d5f
B00YEETARW,feature_79eaf1f2f29257ad
B00YEETARW,feature_d3310b74d8ae7a2b
B00YELTWOQ,feature_09ae4a99f3c08e1a
B00YELTWOQ,feature_87eb51a31dc577b4
B00YELTWOQ,feature_9527bc62618e0f4c
B00YELTWOQ,feature_b73e2670b41dd243
B00YELTWOQ,feature_b800bb8da5d8b8b3
B00YELTWOQ,feature_eb6932406dbeab4f
B00YGY600A,feature_d91d7fa87c25a3cd
B00YJUNPRC,feature_b15d1c7adbf12800
B00YNQB0WE,feature_da3357092b60cd74
B00YQB5WFW,feature_0c39ce9cb4a9d448
B00YQB5WFW,feature_631b901bbcbf4e3d
B00YQB5WFW,feature_a5870355d2d93de9
B00YQB5WFW,feature_d999fd8f28d64f70
B00YUYIOLY,feature_22f36582fff255e8
B00YUYIOLY,feature_b30e5373d4dc081c
B00YUYIOLY,feature_b73e00187fe6c758
B00YUYIOLY,feature_c48f235ce95f8fa9
B00YUYIOLY,feature_d6944d7f7c15e371
B00YZ3AB66,feature_1b4b9dd19a08a1ef
B00YZ3AB66,feature_44684a8766f90027
B00YZ3AB66,feature_8b4cb2dd449d1255
B00YZ3AB66,feature_b72f107823cae283
B00YZ3AB66,feature_c79aec68d66b7bc0
B00YZK8ZJE,feature_6d76d6987677a530
B00YZK8ZJE,feature_73ad1bebea856001
B00YZK8ZJE,feature_7cf5f19987c15787
B00YZK8ZJE,feature_9bd17bf536818bc5
B00YZK8ZJE,feature_d50ae696a2e51207
B00YZK8ZJE,feature_da19ec85e28b9d05
B00Z7GYAMQ,feature_14a7a2ec4af5a962
B00ZARBF20,feature_0645efab07243c05
B00ZARBF20,feature_e0d7836a1d8660b0
B00ZH485PG,feature_0675431b40a95fd5
B00ZH485PG,feature_32124072159b9df7
B00ZH485PG,feature_345cb24f60620e58
B00ZH485PG,feature_5959b25144a1742a
B00ZH485PG,feature_869d292f0b782746
B00ZH485PG,feature_db4f517099d2366e
B00ZI6S2CO,feature_ba4ffc92c91c245a
B00ZI6S2CO,feature_cc78deb7864cea9e
B00ZIMJXGC,feature_6327b19b989ebcd8
B00ZIMK5UA,feature_6327b19b989ebcd8
B00ZJ7DK24,feature_28f1c4ca15e4b835
B00ZQGA2CY,feature_3aef2dae08b1e9bb
B00ZQGA2CY,feature_594f97d1963cce58
B00ZQGA2CY,feature_70c3ffc40a2f4ab7
B00ZQGA2CY,feature_841ca43fe6ae5b6a
B00ZQGA2CY,feature_a0ab930d0def4cea
B00ZS4NBJ0,feature_657b81b2ff302724
B00ZS4NBJ0,feature_677e4299dca83fd7
B00ZS4NBJ0,feature_6ef79cbf45c8a581
B00ZS4NBJ0,feature_b90e5298586db653
B00ZS4NBJ0,feature_f0f3f03a3b72bedb
B00ZS4NBJ0,feature_f56b9e6161ef0466
B00ZS4NBJ0,feature_f90266e69434c249
B00ZSUMHUS,feature_2a9dedb3fb01896e
B00ZSUMHUS,feature_4a3ea880a75532ed
B00ZSUMHUS,feature_6ee7d115137f7ab9
B00ZSUMHUS,feature_c851164cabce65d4
B00ZSUMHUS,feature_d8deeb62fa38cd9a
B00ZSUMHUS,feature_e80af40bae4a3b16
B00ZUD6NNK,feature_3aad31fa90f8efae
B00ZUD6NNK,feature_baa524e2b2918597
B00ZUD6NNK,feature_bc1d7dd19232e098
B00ZUD6NNK,feature_cab6dea35f18dbfb
B00ZUD6NNK,feature_de94bae524d487ad
B00ZUD6NNK,feature_e4b5b3617be351be
B00ZUS7000,feature_157e712d99d7e9c8
B00ZZG77OQ,feature_510d7bef996ecfd9
B00ZZG77OQ,feature_6693aa2136d95417
B00ZZG77OQ,feature_a6e9e16a88f969ae
B00ZZG77OQ,feature_a7796eff23f21bb0
B00ZZG77OQ,feature_a8fa749e54979937
B00ZZG77OQ,feature_d8400e01d3e7cadb
B01034KQG0,feature_1f99b255dce97c3d
B01034KQG0,feature_279860191bbf7cdf
B01034KQG0,feature_2aa4adf5f1f5c6fa
B01034KQG0,feature_2c51a794c348b64f
B01034KQG0,feature_417721d5ac8aa041
B0104DLRR2,feature_3d91e2b1e8456164
B0104DLRR2,feature_4ae0628a2d77fb53
B0104DLRR2,feature_7f822cbaa6769bb4
B0104DLRR2,feature_9356e02a0015819e
B0104DLRR2,feature_d6c110c7fa7a2a17
B0104DLRR2,feature_f1ff75030f54229d
B0105P21SI,feature_49f809a1686965e9
B0105P21SI,feature_66f148b7067adbac
B0105P21SI,feature_8d20500da632a175
B0105P21SI,feature_9fb023e6dc90aafb
B0105P21SI,feature_f9b989c0617c66b4
B0105P21SI,feature_fba38bab5712816d
B010ASU9VQ,feature_1cbf449140eae227
B010ASU9VQ,feature_3608440e8903b686
B010ASU9VQ,feature_5de35b6ab451650a
B010ASU9VQ,feature_7a034fad3f88ece3
B010ASU9VQ,feature_b2eab837de484cfb
B010ASU9VQ,feature_f0c450b869c248af
B010B0BSN6,feature_069a3c67c7b26f23
B010B0BSN6,feature_247e4ba60bff4f66
B010B0BSN6,feature_42a0d99d369804f8
B010B0BSN6,feature_9c4423af5df5c976
B010B0BSN6,feature_fa47147ba23c0533
B010CCH0IA,feature_18a3a8b327045084
B010CCH0IA,feature_2a4bbf875e2cc288
B010CCH0IA,feature_6beb913ec409a3ea
B010CCH0IA,feature_6d5fc71b36038552
B010DBILF6,feature_26c4a1fce6507f8c
B010DBILF6,feature_333883edb4efbe45
B010DBILF6,feature_4d9f31f83c6f1887
B010DBILF6,feature_7472e25de3bb04c1
B010DBILF6,feature_92c7c0ab18fe90e2
B010DBILF6,feature_9af247a8f573b403
B010HL2EWS,feature_03d6a194f4b02abf
B010HL2EWS,feature_0e26f68790b38ad2
B010HL2EWS,feature_188bb5ae5b962bd5
B010HL2EWS,feature_3b80cc915083c6bd
B010HL2EWS,feature_4f944542e06cd6f2
B010HL2EWS,feature_6a891be1c7607671
B010HL2EWS,feature_9dc6863322a17b12
B010HL2EWS,feature_d04f6159dbd555ba
B010HL2EWS,feature_d4d1ccf215eb98d2
B010HL2EWS,feature_e5266f9d89de4db4
B010J8DJD2,feature_7031764831f0ed8f
B010J8DJD2,feature_8d994ae131535f55
B010J8DJD2,feature_cbb7192787e140e3
B010KQX3N4,feature_0764c8e76b81a61e
B010KQX3N4,feature_1131a1bf6aed671e
B010KQX3N4,feature_abee00a7b81614a7
B010LY87KO,feature_1f7bf41a84ff05d5
B010LY87KO,feature_6cc23029f097aeaf
B010LY87KO,feature_716797636e5cf453
B010LY87KO,feature_ae89d04dd7a25fa6
B010LY87KO,feature_c2a416a5d3456bbd
B010LY87KO,feature_f42a0b99a38a7949
B010PABBQQ,feature_647227bd63b1b2d0
B010PJYJIY,feature_2a54d02c1b5abc6c
B010PJYJIY,feature_310c6a332d7cd815
B010PJYJIY,feature_4bb40237d4303541
B010PJYJIY,feature_4ee793055872651e
B010PJYJIY,feature_5ec852190c57908d
B010PJYJIY,feature_7f8c69a564b35633
B010PJYJIY,feature_92c1cf5e2fa6e250
B010PJYJIY,feature_97c8e7818fa5883d
B010PJYJIY,feature_ba92ead9b026a87c
B010PJYJIY,feature_cef8edf165f7602f
B010Q0U0DK,feature_5174d05cdb2caed5
B010Q0U0DK,feature_78a842232d8bd7ac
B010Q0U0DK,feature_9e879109f14d0ceb
B010QO5TBE,feature_2de47e65619f0151
B010QO5TBE,feature_801597e32766f16d
B010QO5TBE,feature_8121f1e7572e1f80
B010QO5TBE,feature_a49f958ea63013a2
B010QO5TBE,feature_b9a57a4cdcb356b4
B010QXBXFG,feature_0305b4ed4921eacb
B010QXBXFG,feature_07f8433a98a8907d
B010QXBXFG,feature_6c0e4510393ebd81
B010QXBXFG,feature_91087613fa97e9bd
B010QXBXFG,feature_a824f5ccaad8f208
B010QXBXFG,feature_ed7480d5b3579f55
B010SJCTKQ,feature_0be967c420b814ce
B010SJCTKQ,feature_7e1dc057ce9de90a
B010SJCTKQ,feature_a26edaab602317b8
B010SJCTKQ,feature_bee7bf445bcd3bf1
B010U9R1CA,feature_66387fa49a9ce996
B010U9R1CA,feature_6a51c6534df59dd4
B010U9R1CA,feature_7bf64d2fd351cb98
B010U9R1CA,feature_b59c23ab36458f2f
B010U9R1CA,feature_fb43cff50436b358
B010UT9QPU,feature_16cc09a60f45aa2f
B010UT9QPU,feature_17fc679010f62699
B010UT9QPU,feature_c07e04b17a6fc6b8
B010W0KAR0,feature_152770283975317c
B010W0KAR0,feature_30de5094d7f82633
B010W0KAR0,feature_3b548b05b1f75b8f
B010W0KAR0,feature_930b0136bbb8feb5
B010W0KAR0,feature_9c470a8bff146e48
B010W0KAR0,feature_eb9d9a16e20bb725
B0115NNAAW,feature_09cbc1f26551db83
B0115NNAAW,feature_1a8ba00941dcca86
B0115NNAAW,feature_39668da5e03fd28f
B0115NNAAW,feature_3f866dcd1ef2c286
B0115NNAAW,feature_4aed710b80b0ee5b
B0115NNAAW,feature_81a206d0d59f70d0
B0117TKQUG,feature_04bdd7ab28223000
B0117TKQUG,feature_61b2b3da3011cf5f
B0117TKQUG,feature_b57a9c278464d01b
B0117TKQUG,feature_e081d732cacd8baa
B0117TKQUG,feature_f1244808a68493d3
B0117TKQVK,feature_04bdd7ab28223000
B0117TKQVK,feature_61b2b3da3011cf5f
B0117TKQVK,feature_b57a9c278464d01b
B0117TKQVK,feature_e081d732cacd8baa
B0117TKQVK,feature_f1244808a68493d3
B011MTR5QO,feature_48171a0a81352043
B011MTR5QO,feature_77e7a7fdad61c96b
B011MTR5QO,feature_cd0006f67db140e9
B011MTR5QO,feature_ea08c9290b61a269
B011MTR5QO,feature_fb75bfaa72c1e371
B0120O7F60,feature_43b597b7b1694655
B012B3DFKU,feature_4994c10e44e38e3d
B012B3DFKU,feature_b60fc686c09ba201
B012GJPEZ8,feature_29020780bb823cfa
B012GJPEZ8,feature_c8a426b0d4b17aa4
B012GJPEZ8,feature_cb6757978459ad46
B012GJPEZ8,feature_f1bddf499a34fc08
B012GJPEZ8,feature_fe3dd353d3d5c77e
B012GKBNFM,feature_0850ec58f9d42da9
B012GKBNFM,feature_306b58134fabe379
B012GKBNFM,feature_92a0c437231e91f1
B012GKBNFM,feature_c7d5f0c0f30bc01f
B012H0NKE8,feature_5a66c5c8e0de50dc
B012LNQM2I,feature_31192ebe4def34e9
B012LNQM2I,feature_6837e7ba47615e4c
B012LNQM2I,feature_82c19b0a55266330
B012LNQM2I,feature_8ce44940ee141f34
B012LNQM2I,feature_c0d033ab33241c82
B012MCRSOY,feature_14406e36566ebc02
B012MCRSOY,feature_22001dd11fdf8a84
B012MCRSOY,feature_43cc47941f5efd1f
B012MCRSOY,feature_673761bf2dd565e0
B012MCRSOY,feature_b8816e18e1b3e973
B012MCRSOY,feature_c7191d685e4ff337
B012NC4H06,feature_2d37a44e6868a996
B012NC4H06,feature_2e26fc130d2418fd
B012NC4H06,feature_a6d6d7089d9805ee
B012NC4H06,feature_c04d8e1f25b3fddf
B012NC4H06,feature_c34185a5f6300a5b
B012OJ7M3C,feature_7cc87f520b61d73c
B012V77VHE,feature_60ab295520d2614c
B012V77VHE,feature_6a0bc09033bf3006
B012V77VHE,feature_8e4cafb368450092
B012V77VHE,feature_9fbe50451681ce75
B012V77VHE,feature_c16675eac90483ad
B0131C3HWQ,feature_109ccf28e6bc6a74
B0131C3HWQ,feature_44105916e1c34bbd
B0131C3HWQ,feature_8ca554066ee88d0c
B0131C3HWQ,feature_9aa931956055e3f6
B0131C3HWQ,feature_9c63de46edf1846f
B0131C3HWQ,feature_a87e22fdab63f1c6
B0132SDO2W,feature_03e077525d59fd0f
B0132SDO2W,feature_0777af81d01b4ca1
B0132SDO2W,feature_346b0ca09353ec41
B0132SDO2W,feature_6760ce2ee116c0b7
B0132SDO2W,feature_dac53b4b860a3090
B0132SDO2W,feature_ebbf4d5d318f5a6b
B0132SDO2W,feature_f56b9e6161ef0466
B0137I69NI,feature_44d48f31fb1d42a0
B0137I69NI,feature_51c09310fb88126f
B0137I69NI,feature_c512d468f1d238c0
B0137I69NI,feature_ca8560eb98372835
B0137I69NI,feature_e4e040cd6b3effb0
B013GCHMH2,feature_118d55acfa61c4e6
B013GCHMH2,feature_206ad83559449b34
B013GCHMH2,feature_b657197ca7330d15
B013GCHMH2,feature_c683224233dbdea6
B013GCHMH2,feature_efae7e53f1395330
B013GPUEU6,feature_21acaec4f4c6c591
B013HEI4IU,feature_0a2e1ba019126c4e
B013HEI4IU,feature_315b39dc28e6d6b6
B013HEI4IU,feature_385f2abc3214c7fd
B013HEI4IU,feature_acf8b281fb788696
B013HEI4IU,feature_cd02bd12d02e64e2
B013HT6VDU,feature_1b82252f319229d0
B013HT6VDU,feature_2572dd4246035c82
B013HT6VDU,feature_38b9e9ac13a5676d
B013HT6VDU,feature_469b6fb1889d5c61
B013HT6VDU,feature_9ab97133554a591e
B013HT6VDU,feature_b29e8e5f847e46a3
B013HT6VDU,feature_c8bba98eed301c60
B013LOZ3XU,feature_123f8836c4fcf3e8
B013LOZ3XU,feature_50123750ceb54f64
B013LOZ3XU,feature_534ede58ba9eddb7
B013LOZ3XU,feature_aa0629fbdea81866
B013LOZ3XU,feature_b6c87f75bf043e18
B013LOZ3XU,feature_dadffe5c543c45b7
B013M6LNJU,feature_bd37b9f13241a931
B013OMEHWM,feature_38e04b8ee9ea555f
B013OMEHWM,feature_3bd18d3d3f61e5b7
B013OMEHWM,feature_503924c4fb61375d
B013OMEHWM,feature_57ace04f9fe26ffd
B013OMEHWM,feature_795396925d092851
B013OMEHWM,feature_a7690a45098dcda3
B013Q9HRW0,feature_58ede149ade1b980
B013Q9HRW0,feature_6e586fdca26e89fb
B013Q9HRW0,feature_a89a7df60cd23807
B013Q9HRW0,feature_f342f4a63acced8e
B013Q9HRW0,feature_ffe323edd3e1e5f1
B013QN7XBG,feature_7194632127883e16
B013QN7XBG,feature_863197e0ee07f421
B013QN7XBG,feature_871e6d313bc80e35
B013QN7XBG,feature_f9cddd0bc571f58e
B013S9U5E0,feature_461b4b61be06e6a7
B013S9U5E0,feature_5f69db5280b9156f
B013S9U5E0,feature_9b475eaf47f3d5f4
B013S9U5E0,feature_a683a005b16f6b6b
B013S9U5E0,feature_d45eaea06b703ef1
B013SRINXM,feature_56f803b48bd41e4b
B013SRINXM,feature_770dc7329697c2da
B013SRINXM,feature_ad282675848f6e97
B013SRINXM,feature_b25db32b708ba187
B013SRINXM,feature_b7735eec78475b15
B013SRINXM,feature_cb05862d7e1b047a
B013SRINXM,feature_ddeb4674d919af8b
B013SRINXM,feature_ee21bd7f22b66dfd
B013SRINXM,feature_f39f6c9c0bea7af4
B013TSB0OO,feature_1ef2556548b8adcd
B013TSB0OO,feature_699b9536224e9102
B013TSB0OO,feature_93c4c9dfca97dffd
B013TSB0OO,feature_9f70e75b16a8da9c
B013TSB0OO,feature_a7429fd284dc1c7b
B013VPQ298,feature_60ab295520d2614c
B013VPQ298,feature_6a0bc09033bf3006
B013VPQ298,feature_8e4cafb368450092
B013VPQ298,feature_9fbe50451681ce75
B013VPQ298,feature_c16675eac90483ad
B013YM3BT2,feature_0c4b90e142e2fe84
B013YM3BT2,feature_2dc54fc299a289af
B013YM3BT2,feature_4f944542e06cd6f2
B013YM3BT2,feature_866016c6f74cacd6
B013YM3BT2,feature_95c4c679b51735b9
B013YM3BT2,feature_cb13c815fc08ee69
B013YM3BT2,feature_cc68a48a3db83238
B013YM3BT2,feature_eb3bd3425df2b715
B013YM3BT2,feature_eb48a897639d2a7a
B013YM3BT2,feature_f8abebc0e56a03f0
B0142WR8MO,feature_51a72842a1a43a54
B0142WR8MO,feature_ef2e8830127a0f62
B0145Q5OLY,feature_09b225b91ffea7ec
B0145UGRTS,feature_0df1a13fff33d32c
B0145UGRTS,feature_51037467bc052231
B0145UGRTS,feature_68c04d82b832fbfb
B0145UGRTS,feature_7105e982a765b27c
B0145UGRTS,feature_87946bda82bfac56
B0145UGRTS,feature_8c4ffb335ec7cdd6
B0145UGRTS,feature_9b4fb0a9f31fcec4
B0145UGRTS,feature_c7aaba359502aea3
B0145UGRTS,feature_dca86c3bd3df0351
B0145UGRTS,feature_eb1585e2756a1aec
B0145XI8RO,feature_038f83a06894e92e
B0145XI8RO,feature_13dc3d28f1dd94ac
B0145XI8RO,feature_14ebdf0738654cd0
B0145XI8RO,feature_2020f16d056f4574
B0145XI8RO,feature_2fd584efce101343
B0145XI8RO,feature_7665383c00a22858
B0145XI8RO,feature_9b4aa52d967da945
B0145XI8RO,feature_b879d031dabcfd0d
B0145XI8RO,feature_c20edfc10ead516a
B0145XI8RO,feature_e2c9250939fb3a5c
B0147KM3ZI,feature_310c6a332d7cd815
B0147KM3ZI,feature_394e444cd9b082fb
B0147KM3ZI,feature_48e25f62f89d99f7
B0147KM3ZI,feature_9d132cc4f1dacf3b
B0147KM3ZI,feature_b33c653839c78140
B0147KM3ZI,feature_b9094224f802da83
B0149DT3WY,feature_4f85632984137915
B014C6ECEM,feature_278b97ef1d2326c0
B014C6ECEM,feature_71d068193e3c817b
B014C6ECEM,feature_cdfa17447a4d8b73
B014C6ECEM,feature_cf682d0bd579e229
B014GCS7MK,feature_79190c8047b0f291
B014GJUCYE,feature_25919216622f4a03
B014GJUCYE,feature_8b76c742753f4dbd
B014GJUCYE,feature_9e36ec60a283ced3
B014GJUCYE,feature_c2532eaf1eabfde4
B014GJUCYE,feature_e5266f9d89de4db4
B014GJUCYE,feature_ee407f7522bc77c1
B014GQVL0Q,feature_ae7a05ffffa7b965
B014HZ218M,feature_159fcde1ef114222
B014HZ218M,feature_33b3696acc2f8226
B014HZ218M,feature_5b52c8a63ff2d2b2
B014HZ218M,feature_dfdf3f49a50c5c76
B014HZ218M,feature_fc4cffca5f831875
B014IVX7G0,feature_6cb4dc28fd4eae49
B014IVX7G0,feature_98580f5be278b59f
B014IVX7G0,feature_992cbdfa2d691249
B014IVX7G0,feature_a1cb138d3b91c75f
B014IVX7G0,feature_c6b08253403358db
B014IVX7G0,feature_e5266f9d89de4db4
B014KT2EIC,feature_37d51f87b7df47c5
B014KT2EIC,feature_3b13b99608a6699a
B014KT2EIC,feature_7e9d58c48db97877
B014KT2EIC,feature_80b300ae7d9a04e3
B014KT2EIC,feature_aa47e6517a8f8873
B014KT2EIC,feature_ba966feac2d05932
B014KT2EIC,feature_cb329146a0dd0d56
B014KT2EIC,feature_d06d7a8bb679da34
B014KT2EIC,feature_e930cfdf49f44128
B014LOJYH0,feature_526816af8d6856db
B014LVLT7G,feature_81de9183fa9d3e4e
B014LVLT7G,feature_8f69bed08c98ef08
B014LVLT7G,feature_a65e8706f04d0cc9
B014LVLT7G,feature_aac01af586f352a4
B014LVLT7G,feature_f96e09c2c539f93b
B014OJPW1Y,feature_003dca837a5c7b31
B014OJPW1Y,feature_2db8f55f407ecd42
B014OJPW1Y,feature_329bd041e0b03465
B014OJPW1Y,feature_636f2b84f376c79c
B014OJPW1Y,feature_7a1742a903041cf0
B014OJPW1Y,feature_be462397754061ef
B014OJPW1Y,feature_c64d7806efc57eb5
B014OJPW1Y,feature_dcbd0c41cf6e7ace
B014OJPW1Y,feature_e3e1f04173506009
B014OJPW1Y,feature_eedb356e68dc3b2e
B014ORBVDE,feature_61e3864ffb302ff9
B014Q32GPS,feature_1f036b2a108cd561
B014Q32GPS,feature_30101cfe190c23d2
B014Q32GPS,feature_932d0fb37c6cf906
B014Q32GPS,feature_b6d71da85a16c69f
B014Q32GPS,feature_c8d058eb4adff118
B014RD3W50,feature_09f26e3b07b9538c
B014RD3W50,feature_53d30a2edd0f5ae0
B014RD3W50,feature_63219817451794d6
B014RD3W50,feature_8efbeac3b9c4d218
B014RD3W50,feature_e1223833e4f02922
B014RD3W50,feature_e5266f9d89de4db4
B014T3QBLK,feature_35a7e0892659d3ff
B014T3QBLK,feature_4ab6ce49678b9a31
B014T3QBLK,feature_5ad54f24b011c070
B014T3QBLK,feature_67b80b6613e20741
B014T3QBLK,feature_b4aab3fc611d1c39
B014T3QBLK,feature_f6ea940d08822974
B014Z8DG12,feature_2fb61e519527d62d
B015019IWO,feature_0efc011795d1b564
B015019IWO,feature_5c61b8f426a564d9
B015019IWO,feature_8ef3f1f4f4a64946
B015019IWO,feature_eb8de06426b5966f
B015019IWO,feature_f3fa105335fc25d7
B015019IWO,feature_fdffd1cb12215761
B0157RDONA,feature_008d1799db7fe875
B0157RDONA,feature_1f243bc424f48521
B0157RDONA,feature_3e5ec1adcfaf0584
B0157RDONA,feature_60afab42a3052cf1
B0157RDONA,feature_7ac1d002702c4388
B0157RDONA,feature_a78686406f34d170
B0157RDONA,feature_b701043c36b3ab86
B0157RDONA,feature_d3dff8f8b40d05c4
B0157RDONA,feature_e65343117da809ea
B0157RDONA,feature_ef5f3c4b3b6c8ee6
B0159TSREM,feature_04ca7f839e8c6741
B0159TSREM,feature_100d1e2891462c82
B0159TSREM,feature_63b8b5d55d1a771c
B0159TSREM,feature_a41363ba12cd73f4
B0159TSREM,feature_ca2354d685108eea
B0159TSREM,feature_f074d8ec89a4abb4
B015CYZC92,feature_57d468b42fc0b05a
B015CYZC92,feature_6ad37b0dd495ed39
B015CYZC92,feature_8af4682cb0c533b3
B015CYZC92,feature_a9b58f384cb700d0
B015CYZC92,feature_bfcff826cc2c0936
B015D0AJZM,feature_f02f93576bd2d010
B015D461V4,feature_30f01ac4448d1eab
B015D461V4,feature_3cb5036abca5b173
B015D461V4,feature_687188a9900f5c61
B015D461V4,feature_7c8f400992f0dc45
B015D461V4,feature_9f6d5a4b14887db1
B015D461V4,feature_af53976f1fd991e9
B015D461V4,feature_b07ec54d7586c433
B015D461V4,feature_b19d958b91e3c4a2
B015D461V4,feature_b5df61ae9281122f
B015D461V4,feature_e37e9b149d911ccb
B015D5UDH6,feature_0ef68e87cdc01cdc
B015D5UDH6,feature_50a363d1e30cfbb5
B015D5UDH6,feature_6b84178be9f4ecc5
B015D5UDH6,feature_b1db3c6d7da97df1
B015D5UDH6,feature_d5996f326113e204
B015D5UDH6,feature_e2aaa401c4eecd7b
B015G8UJ4W,feature_33bc2723b8e4c46e
B015IO4MOW,feature_04993ab0a64586ab
B015IO4MOW,feature_33f2b05d1510e172
B015IO4MOW,feature_352fa69cbc3f161a
B015IO4MOW,feature_4948f7157e261fc9
B015IO4MOW,feature_8b8085125972e80a
B015IO4MOW,feature_a25422ebed73a742
B015N6GYR8,feature_274a7fb62010a528
B015N6GYR8,feature_32387089f3aa40dd
B015N6GYR8,feature_71314fd8a93ec484
B015N6GYR8,feature_940296a1104fb418
B015N6GYR8,feature_a08b1f2c17bee32f
B015N6GYR8,feature_e1ea8e67da8a76c8
B015P0CB4W,feature_05c1d89b17167a4f
B015P0CB4W,feature_62621940efebc103
B015P0CB4W,feature_b9777c5f87d0517d
B015P0CB4W,feature_d795a453ad0b44f3
B015P0CB4W,feature_e585f1fc2cb967ef
B015P0CB4W,feature_f0dba05e345e70af
B015PBKWME,feature_47b8b2ee2192c196
B015PY41AA,feature_5f98142f6f491da5
B015QSOGC8,feature_0fc46e8b8cbcdb50
B015QSOGC8,feature_32f0ecd54d3c0b54
B015QSOGC8,feature_3ea52ef5888796a6
B015QSOGC8,feature_a1bbad0601766fb1
B015QSOGC8,feature_d9bb7b423517fed3
B015QSOGC8,feature_f0e053faaa92ee89
B015RYLUVQ,feature_5f30f4f4ee5214a1
B015Y3KXEA,feature_11f3e5fb1884656d
B015Y3KXEA,feature_56815506e7e2f0a3
B015Y3KXEA,feature_9c7116b3002198e3
B015Z4QCF2,feature_0d1f88bccdf7a9cf
B015Z4QCF2,feature_4a6af5816c09339c
B015Z4QCF2,feature_b5868654f321ffed
B015Z4QCF2,feature_d31f07ad8e1e7fa2
B015Z4QCF2,feature_fc497c79924c9771
B015Z4QCXO,feature_7bf8df495b3690bf
B015Z4QCXO,feature_f550cae8ea86749c
B0160I9OLQ,feature_53a2d531d35cdcc7
B0160I9OLQ,feature_a3c3f5ca70888b5a
B0160I9OLQ,feature_a70168f924c9eddd
B0160X3CZ0,feature_1341296058d39992
B0160X3CZ0,feature_23871aa63478e09a
B0160X3CZ0,feature_63260c0250925596
B0160X3CZ0,feature_9cbc21cc8121ac19
B0160X3CZ0,feature_dac51661c5ec364a
B0160X3CZ0,feature_f3b68e4872281a82
B0163J25BI,feature_3d9fbcd8d3617814
B0163J25BI,feature_4d7bb387b139f2d2
B0163J25BI,feature_96149bd146b43dee
B0163J25BI,feature_aff079f1203ea370
B0163S3A2C,feature_08a914e99d0c73e9
B01653OXOE,feature_44f6588d94ac6379
B01653OXOE,feature_4d5b237c9a742628
B01653OXOE,feature_b6dad9f70df1e937
B01660BU6U,feature_083cc24c4ef09ca2
B01660BU6U,feature_0f64141fe98120d1
B01660BU6U,feature_460e092052ee034e
B01660BU6U,feature_768a65f03ebf45c9
B01660BU6U,feature_78d77a727d8d7f7d
B01660BU6U,feature_a41ecae2128a95c1
B0166NSJHK,feature_0fc2eedab22c78ba
B0166NSJHK,feature_1de34b958d069624
B0166NSJHK,feature_73e571b876b358ea
B0166NSJHK,feature_9ef025c228af129b
B0166NSJHK,feature_a0a61e2ea2d676fa
B0166NSJHK,feature_b403beeb2c964aed
B0166NSJHK,feature_bd35195c4514b262
B0166NSJHK,feature_e22c627d1ea127d6
B0166NSJHK,feature_e79ba96af9c21cb2
B0166NSJHK,feature_e920c6171bf16f78
B0166R6XBU,feature_1fbf359f29e2a171
B0166R6XBU,feature_68988efc2272b1c2
B0166R6XBU,feature_75e1b7ee201c2323
B0166R6XBU,feature_c72b7d22fdd69230
B01690CEE4,feature_c31ae1c002eb2113
B0169KHSRC,feature_ef63b293d194b48a
B016AAOG5S,feature_805a45f5656fd7f0
B016AAOG5S,feature_95282324952cd834
B016APP4B8,feature_07f0fe3d678e2b47
B016APP4B8,feature_0da80c24c9339ac3
B016APP4B8,feature_4c833c4bc64deedd
B016APP4B8,feature_adcdbe4b365c42b2
B016APP4B8,feature_e9b16b1cf4b47028
B016APP4B8,feature_ed3fe59df2efe05c
B016DN5I9U,feature_009a01fc78e0ba98
B016DN5I9U,feature_1a836e70b6bdc293
B016DN5I9U,feature_553baaf770880bd5
B016DN5I9U,feature_6add53342a89c10b
B016DN5I9U,feature_956d3700c9f55122
B016DN5I9U,feature_de0054413809df01
B016E9PS20,feature_25a6158e118eccd9
B016E9PS20,feature_7802ddf79956f783
B016E9PS20,feature_95366ff65fc3ffd0
B016E9PS20,feature_b3dc95d22648fbe4
B016E9PS20,feature_cb846d009d4a4ac3
B016E9PS20,feature_ef92f4ac47a1fd4d
B016EZULGM,feature_199769a13cff28b5
B016EZULGM,feature_42606b926182b925
B016EZULGM,feature_5436b8aad696ccd7
B016EZULGM,feature_60b8af2e333f4ac4
B016EZULGM,feature_b6f5c9162073c02f
B016EZULGM,feature_dd10aec65e93de8e
B016LX97YE,feature_074ca59301c38d31
B016LX97YE,feature_2e0ae2188f0b3248
B016LX97YE,feature_8e37b5e5125ef670
B016LX97YE,feature_973015a361b7fd6f
B016LX97YE,feature_9f18f2bef3641faa
B016LX97YE,feature_e57350c556267816
B016OV1XEK,feature_03613a599d37e094
B016OV1XEK,feature_1a8394b1e5389160
B016OV1XEK,feature_2a2d8638dacbe432
B016OV1XEK,feature_3e24f61e6fb27942
B016OV1XEK,feature_a774e18dc269d009
B016OV1XEK,feature_ac1d24a6161976f1
B016QLV44W,feature_2e00c92af4eeb9d3
B016RMA77U,feature_096fcde596b1024d
B016RMA77U,feature_1881b5211aa0bf8a
B016RMA77U,feature_18b2d5643b4df98f
B016RMA77U,feature_3aba1d50e218c2ba
B016RMA77U,feature_5b9c3d399fc5795b
B016RMA77U,feature_68d0537e3513730d
B016RMA77U,feature_8341acb1615e65a4
B016RMA77U,feature_babec1df65567ff9
B016RMA77U,feature_e4d4fbbfe25fb11f
B016RMA77U,feature_f3be74b8bb19fc70
B016TNVK4Q,feature_060dc96f59e2ebc9
B016TNVK4Q,feature_8f95436642b914fa
B016TNVK4Q,feature_98e7700fbea91e6c
B016TNVK4Q,feature_e33d15a0f68cdfaa
B016TNVK4Q,feature_fb4b1270d028dd62
B016V17FMW,feature_41fb63b1ce19ace6
B016V17FMW,feature_44450a48b8d9216b
B016V17FMW,feature_540b3892bfe65cc2
B016V17FMW,feature_75d9351c11bac7fa
B016V17FMW,feature_848b63b0fc46f585
B016V17FMW,feature_8fcb4abc6ab4b3ec
B016ZRHH52,feature_40641cd9dc57a1af
B016ZRHH52,feature_43238d8d74772f91
B016ZRHH52,feature_6170688b03825d96
B016ZRHH52,feature_8c7804cb316d2a9f
B016ZRHH52,feature_98f6016b39974f52
B016ZRHH52,feature_fcaf4a49ecb305ab
B016ZTLRR4,feature_0bf80c7d672096c2
B016ZTLRR4,feature_81c0ba04a4d7310c
B016ZTLRR4,feature_8f7ef2cb56d17891
B016ZTLRR4,feature_949527fb1c339332
B016ZTLRR4,feature_dfc70d2a3bb05516
B0170DJ370,feature_43e6dbca9797b5e1
B0170DJ370,feature_4ca381e8d15596e1
B0170DJ370,feature_61d67ef9edb21696
B0171Y4JN6,feature_5a8b585f0f36a2b5
B0171Y4JN6,feature_6ad37b0dd495ed39
B0171Y4JN6,feature_7f1188a84b7b5f09
B0171Y4JN6,feature_a97cf32daad331d7
B0171Y4JN6,feature_fc13afc014e6ccb9
B01728D3RO,feature_233cb167b730033c
B01728D3RO,feature_3b4009cdf40eb949
B01728D3RO,feature_40e4f51301ee8cb1
B01728D3RO,feature_7adacbdf0f4228c2
B01728D3RO,feature_8b0a6f5397f3d42c
B01728D3RO,feature_91de7ca6867a8c52
B01728D3RO,feature_98e71f6aeea85bab
B01728D3RO,feature_a74fab5542840c36
B01728D3RO,feature_abca388e62cb71b8
B01728D3RO,feature_eefbf655a9501416
B0172H73HG,feature_3f04d9ec03fc9afa
B0172H73HG,feature_517f3b73ad656cde
B0172H73HG,feature_5bf98f3ecd07d2b8
B0172H73HG,feature_af33602a40b003fc
B0172H73HG,feature_f3b5301cdcb39d69
B0175LTX22,feature_1a3a2b474a43875b
B0176639X0,feature_1f805eb5cdeb31dc
B0176639X0,feature_208d474085a698b7
B0176639X0,feature_36e495db94ccc7d1
B0176639X0,feature_61d2808592ef8f63
B0176SG54I,feature_04445c2d1e12fb2b
B0176SG54I,feature_6aefb02fc168fdee
B0176SG54I,feature_a4dae2486e0617dc
B0176SG54I,feature_d424d1bc92a8eda2
B0178I16CW,feature_522c34986ce0c406
B0178JZSFC,feature_0be5b9d055a2d403
B0178JZSFC,feature_7303593c7b5bdf36
B0178JZSFC,feature_881baf83c618719d
B0178JZSFC,feature_aa89805fd42d4e56
B0178JZSFC,feature_e838864b2b3cde73
B0178WVZW4,feature_af70b025aa1b1d3f
B017ADL90E,feature_a259f325134c7d26
B017ADL90E,feature_bd1e06fef670648d
B017AF48VY,feature_1c1300d22de14b87
B017AF48VY,feature_30b4ef89560502c7
B017AF48VY,feature_66b3d7aeaf3db6de
B017AF48VY,feature_67d22eb8247294c5
B017AF48VY,feature_7e380f8b89d45f53
B017AF48VY,feature_7f327c68d31d7007
B017AF48VY,feature_ac3c0cc2ea8107c4
B017AF48VY,feature_ca72dd9877c4b6ca
B017AF48VY,feature_f480847a3f06d78c
B017AF48VY,feature_f4a0a3ca638e9cac
B017C6ILDW,feature_155d04621b2843d1
B017C6ILDW,feature_1914ce3ac50bf80d
B017C6ILDW,feature_1b177fbe442fc20f
B017C6ILDW,feature_41459b3ac1e9ccda
B017C6ILDW,feature_82f878c04415067b
B017C6ILDW,feature_99787a6a933d1b1d
B017C6IPIS,feature_155d04621b2843d1
B017C6IPIS,feature_1914ce3ac50bf80d
B017C6IPIS,feature_41459b3ac1e9ccda
B017C6IPIS,feature_4794a307e932f640
B017C6IPIS,feature_82f878c04415067b
B017C6IPIS,feature_99787a6a933d1b1d
B017DNFGRS,feature_1b027638288400fa
B017DNFGRS,feature_276be5c2015271a6
B017DNFGRS,feature_8fd2bb2c63a53b3a
B017DNFGRS,feature_b6226db1e1fc4f47
B017HNUCF0,feature_e57f40d2e84dc6b1
B017HYB31G,feature_1617c8c854e60ee4
B017HYB31G,feature_24dde36846b0799a
B017HYB31G,feature_3a6fde87930b9221
B017HYB31G,feature_5e483c3b7bfedd4d
B017HYB31G,feature_5f69105922ab8449
B017HYB31G,feature_66688f07f8199118
B017HYB31G,feature_6785cc227b95a23d
B017HYB31G,feature_962ff539f24ffa0e
B017HYB31G,feature_9b4fb0a9f31fcec4
B017HYB31G,feature_cf04043e02280958
B017HYB3QG,feature_f096a5fbed2de8d6
B017J17QQ8,feature_072a17764caa6631
B017J17QQ8,feature_0c9bb2fa700d2e90
B017J17QQ8,feature_3de025c1150d5c65
B017J17QQ8,feature_66546057b28a74fe
B017J17QQ8,feature_6b58e5377ead4ab2
B017J17QQ8,feature_82af726981b6652b
B017KQGW9E,feature_c9ac4dbbcbe8b794
B017M402PO,feature_0a077bdda18b8473
B017M402PO,feature_16660e40f5c67e7c
B017M402PO,feature_4b5ff7175f996f5b
B017M402PO,feature_9baa3c233d98ac9f
B017M402PO,feature_ef6e63e39d124167
B017MGE8Y8,feature_27af367559f9b75a
B017MGE8Y8,feature_58ad2bdb8902d4a3
B017MGE8Y8,feature_661615cf79472ee1
B017MGE8Y8,feature_90188fde48826cc8
B017MGE8Y8,feature_a3f208d1e1738395
B017MGE8Y8,feature_e690a2b226507260
B017MHHAVU,feature_1ec318a713c3b86e
B017MHHAVU,feature_47b70069db31edc8
B017MHHAVU,feature_79b8aab1648afc13
B017MHHAVU,feature_8bddd7bb06303e21
B017MHHAVU,feature_8c62ad9bdcc6a47f
B017MHHAVU,feature_c3442c8ad0f4f521
B017MTH7NE,feature_360456393c71baf4
B017MTH7NE,feature_3baf27459cd7c3fc
B017MTH7NE,feature_66ac2524fab77308
B017OW3TJA,feature_14ce3207c80996ea
B017OW3TJA,feature_3b1d44fcee7ac194
B017OW3TJA,feature_68a115d986bf48cd
B017OW3TJA,feature_7094178202a96da6
B017OW3TJA,feature_7b3c5a35f67b0469
B017OW3TJA,feature_b3c9fa26abfea2c4
B017OW3TJA,feature_ce5be8b59dd314e7
B017OW3TJA,feature_d0f8df50cd4b10bc
B017OW3TJA,feature_e1f8443239ecead8
B017OW3TJA,feature_f55ff254cac5a9df
B017POUOGI,feature_60c449868d161ff1
B017POUOGI,feature_93d72f8e8e2fce70
B017RPZG8Q,feature_235cc5e25df726ef
B017RPZG8Q,feature_2b99a1e510a53e3e
B017RPZG8Q,feature_3039237aa9f8e7c3
B017RPZG8Q,feature_3f853ad88c05133a
B017RPZG8Q,feature_4d3e74f0e33296f9
B017RPZG8Q,feature_8896508ce2708827
B017RPZG8Q,feature_bd23ad363d06b099
B017RPZG8Q,feature_d43ba2248008b780
B017RPZG8Q,feature_f1e005a1eefb835e
B017TRA3LC,feature_2acd69f07ac8ce0a
B017TRA3LC,feature_728d80b373c520ee
B017TRA3LC,feature_b73fe26b6af6f2a7
B017U2Z8BG,feature_304240a50e7104d3
B017U2Z8BG,feature_41ba646879bf631e
B017U2Z8BG,feature_6bdc8d7d3361dec4
B017U2Z8BG,feature_70aa4e276477b565
B017U2Z8BG,feature_a63f55c04c02cc3f
B017U2Z8BG,feature_e5266f9d89de4db4
B017UESP64,feature_d4e62df31f725cdd
B017UESP64,feature_d76c00dc583e9bad
B017UFHCPI,feature_0cc61e93344a0b09
B017UFHCPI,feature_75bf7965e5248217
B017UXLQGQ,feature_9609cd0d0002b205
B017WO0XEO,feature_9a9531f2828262bb
B017XZCJ7G,feature_84f04d9b0ebc6058
B017XZCJ7G,feature_983d64817880b7bc
B017XZCJ7G,feature_a5a19e9afb484c68
B017XZCJ7G,feature_bd396150f71e5cd5
B017XZCJ7G,feature_db818892354d4cfe
B017XZCJ7G,feature_f6b6aa1def79841f
B017Y1147A,feature_18f06bd149daf4a7
B017Y1147A,feature_5594af6704615005
B017Y1147A,feature_645782ac19f78b55
B017Y1147A,feature_a214d310a08c02e6
B017Y6EC38,feature_02da5dc982e0746a
B017Y6EC38,feature_0e373ddca564e846
B017Y6EC38,feature_296da5c7b2abeb3d
B017Y6EC38,feature_5c27fbc149a612dc
B017Y6EC38,feature_7d1d6cd20189462e
B017Y6EC38,feature_ec06eebfc1bbc0dd
B0181LWMXW,feature_1743d40b78864be1
B0181LWMXW,feature_3a12aca3926eb638
B0181LWMXW,feature_46b383520e399a67
B0181LWMXW,feature_71cfcc86f28573db
B0181LWMXW,feature_a824debc117542fb
B0181LWMXW,feature_cbb517a142c36a5c
B01849RRZO,feature_0f5cb6889eaf5e93
B01849RRZO,feature_636dbd30576891cc
B01849RRZO,feature_7d67a49790b09d0d
B01849RRZO,feature_a7069e0baddaa25b
B01849RRZO,feature_b68cf4f88a02daf2
B01849RRZO,feature_c9b3e59dd19fc97d
B01849SFFK,feature_afc2bc2a78dff405
B01850QOWE,feature_02dd1ddc55d05a50
B01850QOWE,feature_12724a7239ea3946
B01850QOWE,feature_6ba17a4193be7fef
B01850QOWE,feature_978ff31526630537
B01850QOWE,feature_f6582fc28ee9f808
B0185LCODG,feature_432672066790cefe
B0186IKCV4,feature_4022320782bd8d10
B0186IKCV4,feature_647bf776c0cb16ce
B0186IKCV4,feature_76fc0628592bf78b
B0186IKCV4,feature_ad1a7f636c113d2c
B0186IKCV4,feature_cfdc1ad75a92ed54
B01880U5XU,feature_b5531564fee0add9
B0189JZJLS,feature_046e33688fe4a1bf
B0189JZJLS,feature_0830b0505b884a82
B0189JZJLS,feature_0933ad3e72792f7a
B0189JZJLS,feature_19249d4cb43f6688
B0189JZJLS,feature_1f25e97003f79967
B0189JZJLS,feature_4e51af3bbd8d9cbd
B0189JZJLS,feature_591e12074e8fd69d
B0189JZJLS,feature_76130a72c339f0e9
B0189JZJLS,feature_d43ba2248008b780
B0189JZJLS,feature_d60f0ef55dd5c4fd
B0189N77SC,feature_508cb5ad4f363649
B0189N77SC,feature_7144468125ec2dfc
B0189N77SC,feature_9abccdb95d472f16
B0189N77SC,feature_d5a28afb654fd397
B0189N77SC,feature_f75fe376da82575c
B018CWYPZS,feature_40ab87a351a68280
B018CWYPZS,feature_5fafc68f0c89be4a
B018CWYPZS,feature_80f12fa7042604da
B018CWYPZS,feature_abfa4a92be12f0fd
B018CWYPZS,feature_d8be432cdcc10892
B018CWYPZS,feature_eb6a2bcf3e9adeaa
B018EMIT8K,feature_2ca46398df57841c
B018EMIT8K,feature_70f25ab8ae0f4f5c
B018EMIT8K,feature_7efa1e819360d9b5
B018EMIT8K,feature_b673d4548644a64d
B018F3NAAA,feature_7c7c2e37fca5e18e
B018F3NAAA,feature_8174145e4e029765
B018F3NAAA,feature_c856a5b0bf8decec
B018F3NAAA,feature_f6d7c8479b3a5fbb
B018HQK6FM,feature_654d987d1e3ed15f
B018HQK6FM,feature_a4c6dc908dcee662
B018HQK6FM,feature_b8c91008b60544c2
B018HQK6FM,feature_c4094173c2153a3b
B018HQK6FM,feature_d8758516efdb610b
B018IL4KT4,feature_4e0ade8f99379bd2
B018IL4KT4,feature_73f3d1921a381b6b
B018IL4KT4,feature_866016c6f74cacd6
B018IL4KT4,feature_a7bbb4a5e82b0fd6
B018IL4KT4,feature_cc68a48a3db83238
B018IL4KT4,feature_eb3bd3425df2b715
B018IW6ADM,feature_7667ec519adf7d61
B018IZUQTI,feature_0571bc50db8e4553
B018IZUQTI,feature_18bf6e58b4737191
B018IZUQTI,feature_1940b791a4907c3e
B018IZUQTI,feature_574d66394b5401c4
B018IZUQTI,feature_89eadaa3e757abf1
B018IZUQTI,feature_dd75a42b4249cf4b
B018OJM94S,feature_0997260a7a8c85cc
B018OJM94S,feature_1681ffde5aaf0884
B018OJM94S,feature_86f13e593a05ef4f
B018OJM94S,feature_898e3bd4856f6e1e
B018OJM94S,feature_ba37da90bb0addf9
B018OJM94S,feature_ee782280f9391fd7
B018RBMOB6,feature_2a16050047815b5d
B018RBMOB6,feature_361acb7fa526c900
B018RBMOB6,feature_447a82b12445e263
B018RBMOB6,feature_673a8dda30859606
B018RBMOB6,feature_aa62cc26e055f125
B018RBMOB6,feature_c1fa9a42cc92ac17
B018RFD75E,feature_f1af269558a436c4
B018T24L14,feature_5146aa4104dfc433
B018T5GR22,feature_26deb35c3c6c9a40
B018T5GR22,feature_28477250b00f5727
B018T5GR22,feature_59e610c2e7535623
B018T5GR22,feature_b3ced876e1688eca
B018T5GR22,feature_e2ebfe73daed808b
B018T5GR22,feature_f033d172be8657ce
B018U5HKKY,feature_0a7bc6206be13a8d
B018U5HKKY,feature_188bb5ae5b962bd5
B018U5HKKY,feature_4f944542e06cd6f2
B018U5HKKY,feature_5592a3814991a650
B018U5HKKY,feature_9ebcc65f8bb973ee
B018ZLUTTW,feature_523e4fe8afe7d580
B018ZLUTTW,feature_6991247534feab44
B0190B8J52,feature_a515b5bf38692a45
B0190NFLLA,feature_0ce709dda52d8587
B0190NFLLA,feature_4b3cb6690c683661
B0190NFLLA,feature_52d6365b479934cb
B0190NFLLA,feature_de7f80429df0d7ba
B0191Y89UI,feature_6fb9c4592b66547d
B0191Y89UI,feature_7e693b0302c5deb6
B0191Y89UI,feature_85841a03ce269d5f
B0191Y89UI,feature_a4b67c2176d663b0
B0192X0ASC,feature_957046780b3aae6b
B019CAZKTO,feature_1f11c504b6628d6f
B019H3S566,feature_8ff19f03e423a4c2
B019HII7PK,feature_20b9e6cfd47b5d69
B019HII7PK,feature_23db3aa3b511d5ef
B019HII7PK,feature_3cff02859a70f5f9
B019HII7PK,feature_77b0ae09c51dabbd
B019HII7PK,feature_7a30b19b3a1cbfed
B019HII7PK,feature_a8dae0936cc6e80c
B019HII7PK,feature_b6ed7f4c54127987
B019HII7PK,feature_cfdc1ad75a92ed54
B019HII7PK,feature_d3f4c02f27999ae4
B019HII7PK,feature_ee2220b9001bf621
B019HKROZM,feature_040b01d87c50e6e9
B019HKROZM,feature_19cad1aba641fc49
B019HKROZM,feature_772374f3471b8b39
B019HKROZM,feature_b584d93cefd40920
B019HKROZM,feature_f820d6139abc1e14
B019HX85RK,feature_0fdba50c96757065
B019HX85RK,feature_14ffe7de790b7cea
B019HX85RK,feature_4804cf33468e1bb8
B019HX85RK,feature_d6e2beda1e7d8474
B019HX85RK,feature_ed50f0584a14d193
B019MCTUSY,feature_273709677fb70bca
B019O1Y4R0,feature_8a6a6ab0ed83c4bd
B019PH787Q,feature_081905a7c54081e7
B019PH787Q,feature_0eed22c340927e29
B019PH787Q,feature_19b17eddda273cde
B019PH787Q,feature_6332d8e9af56f09c
B019PH787Q,feature_a45cfd62d6a0f689
B019PH787Q,feature_bf5ae54c1b6ca7bb
B019PH787Q,feature_cb199d9527beae1b
B019PH787Q,feature_e1bcbd5d835fc652
B019PH787Q,feature_ec688f349afaa83c
B019QYLW84,feature_81ba9e130c123c5b
B019QYLW84,feature_970f805fc27b7a6a
B019QYLW84,feature_b3d9f0c817d7c85c
B019QYLW84,feature_c27e5be139e5f604
B019QYLW84,feature_ea1f8f84c0a75c94
B019TAEA2U,feature_f040c1ff51e02c1d
B019TAEA3O,feature_f040c1ff51e02c1d
B019YPS3RS,feature_08a6cbc03ad06ac3
B019YPS3RS,feature_1bf683cb71c37c84
B019YPS3RS,feature_265254ba0a502a10
B019YPS3RS,feature_4fccb8c815f0e3c0
B019YPS3RS,feature_73d13effcb46662c
B019YPS3RS,feature_87269b866177421d
B019YPS3RS,feature_cd675f9a3692bdf4
B019YPS3RS,feature_eef1d1f9adee0f75
B019ZZ07SK,feature_05c4e985a1305329
B019ZZ07SK,feature_91ec7353f1bf0921
B019ZZ07SK,feature_a62a9799ad5afa4a
B019ZZ07SK,feature_cbdbe737340cde12
B019ZZ07SK,feature_efe8d415dd9c84a2
B01A2K7NKC,feature_632e7f3e5b568e8d
B01A2K7NKC,feature_7e64a4370fdf00ba
B01A2K7NKC,feature_e500ad577cc0e530
B01A2K7NKC,feature_eea1f9701d1b304e
B01A32KPT0,feature_0af501798fc35ed9
B01A32KPT0,feature_7b444bbc19ccb214
B01A32KPT0,feature_c7369b4ee385a210
B01A3I5IGE,feature_264f8cb1491cf9ae
B01A3I5IGE,feature_2ba67daf2a393916
B01A3I5IGE,feature_561d034c2a9e7870
B01A3I5IGE,feature_6148258513167abe
B01A3I5IGE,feature_9c77c6cf211f3a47
B01A3I5IGE,feature_c7059521bd5cc414
B01A4I1TR0,feature_615dbd8df7775d63
B01A56DLPO,feature_b63241edec8771d4
B01A56DLPO,feature_bfd557dddf621a24
B01A5YXRX2,feature_38ed6cea290e01ae
B01A5YXRX2,feature_64d068cb321d52c4
B01A5YXRX2,feature_9fef77064bc30c69
B01A5YXRX2,feature_a432644072d0fc07
B01A5YXRX2,feature_cd79af76d1c17f98
B01A5YXRX2,feature_ee3e7e2447092410
B01A78NCIG,feature_1287a8098cb44587
B01A78NCIG,feature_42494fef6cb24cc0
B01A78NCIG,feature_44ed343b62fd6bbe
B01A78NCIG,feature_5c405d6f6588ce32
B01A78NCIG,feature_85af368e65e6a48d
B01A78NCIG,feature_cc62dfa0a04067c4
B01A78NCIG,feature_d232c2d4ecf5c50d
B01A78NCIG,feature_db1e707b2c905d0b
B01A78NCIG,feature_eb8444a7a57132e4
B01A78NCIG,feature_f9e6aadfa4ea0fc6
B01A9ALCDE,feature_1006e8d7f337af4c
B01A9ALCDE,feature_14bba7f302704bc1
B01A9ALCDE,feature_17979771cfeb72ff
B01A9ALCDE,feature_5c50e502b918fcc7
B01A9ALCDE,feature_8608c15e3524c397
B01A9ALCDE,feature_a921c16c12ae5efc
B01A9ALCDE,feature_aba21d8e8a18e8f2
B01A9ALCDE,feature_bfde2af08ea05d9d
B01A9ALCDE,feature_d744259104846618
B01A9ALCDE,feature_d90f8198b879343b
B01A9MWODO,feature_23612cc626c166ff
B01A9MWODO,feature_23f2960227fa7964
B01A9MWODO,feature_7d7a649da320cfed
B01A9MWODO,feature_ba82b943c15fbdf4
B01A9MWODO,feature_d797bb004fb99322
B01AG8P0KK,feature_5325da342f3de2a4
B01AG8P0KK,feature_64aa416446fce7fe
B01AG8P0KK,feature_9b4fb0a9f31fcec4
B01AG8P0KK,feature_9b7a12c115b380de
B01AG8P0KK,feature_9d33d71c61a892cc
B01AG8P0KK,feature_b6726bbc230c49e9
B01AG8P0KK,feature_c4753e83735cb612
B01AG8P0KK,feature_e9f67f0a269d18d1
B01AG8P0KK,feature_ea4336b3485815f3
B01AG8P0KK,feature_eb21a70b43d52739
B01AGHHPGS,feature_ad39fc52e8634b21
B01AHJY4YQ,feature_05eb1b8721c85053
B01AHJY4YQ,feature_1fde22b18ca01af4
B01AHJY4YQ,feature_2a4097bd7dc7da56
B01AHJY4YQ,feature_5870cf36d2b1886a
B01AHJY4YQ,feature_7c2574d7cce05360
B01AHJY4YQ,feature_fab21dc89c87e5d9
B01AIITD9C,feature_65706998b8606444
B01AIITD9C,feature_6d3b1ebde03e7b7a
B01AIITD9C,feature_81de44fc24dac4c2
B01AIITD9C,feature_8751077b35e5ea97
B01AIITD9C,feature_a974614bc94aca40
B01AM2130Q,feature_012efb3feaace23b
B01AM2130Q,feature_0fa4705111bda6be
B01AM2130Q,feature_2c81b92a6faeee84
B01AM2130Q,feature_600e598d5e8d80c2
B01AM2130Q,feature_76da6aeda88d04a3
B01ARJZCM4,feature_982dc56b662535d7
B01ARJZCM4,feature_b6c3f27373778242
B01ARJZCM4,feature_cc68a48a3db83238
B01ARJZCM4,feature_ced148a2a6b62b88
B01ARJZCM4,feature_eb3bd3425df2b715
B01AUYRXSW,feature_d19b4c48b18a25bc
B01AWU8X7Y,feature_0332911f05f41ae6
B01AWU8X7Y,feature_66e451307d717998
B01AWU8X7Y,feature_9e504f4e6e2633b1
B01AWU8X7Y,feature_9fdefd39cd879a58
B01AWU8X7Y,feature_ada782bda543750c
B01AX8VRMI,feature_2d29bd4ba4e2648d
B01AX8VRMI,feature_655f266cf71ed668
B01AX8VRMI,feature_a6604ea59802c51b
B01AX8VRMI,feature_dbe10eca65719aae
B01AX8VRMI,feature_ddcb4c72eaf06896
B01AX8VRMI,feature_ed6f2614c5333e00
B01AXDODAG,feature_6d119961970f4561
B01AXDODAG,feature_6e564af4bfa95306
B01AXDODAG,feature_918db575398dffe2
B01AXDODAG,feature_bed5680589000a16
B01AXDODAG,feature_cb648139749bd2de
B01AYG1TKE,feature_f9e802950fce4035
B01AZXCX4M,feature_6fa83501f89b6a4c
B01AZXCX4M,feature_76717fce8cdea8f0
B01AZXCX4M,feature_7ac51cfd3c194dce
B01AZXCX4M,feature_ccd227c9da5f5e38
B01AZXCX4M,feature_ec1b731843bbe992
B01B26W9YA,feature_1ac278ee76cafb8c
B01B26W9YA,feature_3c53e270caf521f9
B01B26W9YA,feature_527a98fb93fa5ded
B01B26W9YA,feature_9ec4f1ae30aeec9c
B01B26W9YA,feature_a3ea12b40646deb6
B01B26W9YA,feature_f5b1e80c94a54ad3
B01B9YDM0A,feature_077b63a6e82f8966
B01B9YDM0A,feature_870255fa6d55b640
B01B9YDM0A,feature_92bc5287e449b21b
B01B9YDM0A,feature_976cc4e18c383707
B01B9YDM0A,feature_f78f710568a99306
B01B9ZU9KA,feature_1e87324a99bd31af
B01BA6E58K,feature_7010e306d5b2f537
B01BA6E58K,feature_73c878eb3f7b1845
B01BA6E58K,feature_9031d96d3892edb8
B01BA6E58K,feature_c32842eea1b15940
B01BA6E58K,feature_d03c0bfae9282807
B01BA6E58K,feature_f0d2b3035168985e
B01BCN67H8,feature_6d2478c8f149b856
B01BCYPF4S,feature_15092fd75f5c73f0
B01BCYPF4S,feature_4dfc43289aa8f36c
B01BCYPF4S,feature_5b15f81576457e7e
B01BCYPF4S,feature_bcf08d4ac93a03ec
B01BCYPF4S,feature_e5e2b1a59a383ec1
B01BCYPF4S,feature_f8f0af78b53744e8
B01BDZHH1K,feature_2d7290fdd6f192f8
B01BDZHH1K,feature_314d608608da201b
B01BDZHH1K,feature_9a2578ff578679bf
B01BDZHH1K,feature_d03c0bfae9282807
B01BDZHH1K,feature_e0d7836a1d8660b0
B01BDZHH1K,feature_eb3bad3b9bd361c0
B01BGSYRD0,feature_32310f51bf03aad8
B01BGSYRD0,feature_328c0da789d48649
B01BGSYRD0,feature_4e1badd6725883a1
B01BGSYRD0,feature_6cbb4d1c2ad37d79
B01BGSYRD0,feature_be42457d6ff8cc9d
B01BI52W06,feature_ca17e934e92157ce
B01BIKEFRE,feature_6d118c521f68ef1e
B01BIKEFRE,feature_b81cc6650da85ee1
B01BJ7W546,feature_59efaddad59c8cb5
B01BK1L3P8,feature_21a56be54b09046c
B01BK1L3P8,feature_3096f55aa6892a3b
B01BK1L3P8,feature_63f1eb4035f855db
B01BK1L3P8,feature_9ae4f8950cdd1a6b
B01BK1L3P8,feature_cece7add11fb1dc3
B01BK1L3P8,feature_fab7f9a2c00cdf60
B01BKWRE7S,feature_eedb9798f897c597
B01BLTXQBS,feature_9c94c1e979758c53
B01BLTXQBS,feature_e9f12db2257ffe1f
B01BLUSON2,feature_02a65d6a8c1d738c
B01BLUSON2,feature_61e6d6319c1f8b78
B01BLUSON2,feature_c533258de71169e8
B01BLUSON2,feature_d73ab63e5c297edd
B01BLUSON2,feature_e6d340050d88730b
B01BLUSON2,feature_e76446b25ff8c55c
B01BNHLX3G,feature_2f64cb64864bea72
B01BNHLX3G,feature_5f7de9f68f01f8bb
B01BNHLX3G,feature_77f071a06a53b01d
B01BNHLX3G,feature_a63d8c2afbd26127
B01BNHLX3G,feature_ade480e3af591236
B01BNHLX3G,feature_aed9f08e69117297
B01BOACXG8,feature_d46136a14cf067d0
B01BOACXG8,feature_da3f3974a2454581
B01BP5L8TA,feature_0c3a1629b3c3f684
B01BP5L8TA,feature_7d13e439de4d321d
B01BP5L8TA,feature_ee2e1c0eb0c968c0
B01BQY99KA,feature_976e743961d37832
B01BS532BE,feature_38b8213ef4b93d12
B01BS532BE,feature_4ac7c55a5e3106b9
B01BS54ZQK,feature_21df160e5c0b5b31
B01BS58G24,feature_416fc44452b7e4df
B01BS58G24,feature_551bda748a53e848
B01BS58G24,feature_6680704f41253a56
B01BS58G24,feature_95cde5551cd36ad1
B01BSYSROM,feature_83caa43fbc877ef5
B01BSYSROM,feature_8a7e3b74287c1d58
B01BV3SI0I,feature_0c34a1ce2cd63f17
B01BV3SI0I,feature_a32c1b583972750e
B01BV3SI0I,feature_a6031b463a215caa
B01BV3SI0I,feature_ff52a6d574479d19
B01BV5492M,feature_1bcb25859985fa21
B01BV5492M,feature_34e4145d7a13594c
B01BV5492M,feature_d43b3b20d73c085a
B01BV5492M,feature_f8990d9562038be5
B01BW4ZU16,feature_18070954dbf2b785
B01BW4ZU16,feature_26812321ac83a9c5
B01BW4ZU16,feature_83a5f527d2b9813e
B01BW4ZU16,feature_8bfb4176efda97f6
B01BW4ZU16,feature_a994d0c3e9b07000
B01BW4ZU16,feature_e4f76a8e4d7ead1c
B01BX9MR9I,feature_248d1e0f40d17315
B01C36DBPY,feature_06c626611bc5afbd
B01C36DBPY,feature_2ba1efc940803e71
B01C36DBPY,feature_4620b213c15efcac
B01C36DBPY,feature_8149ddb6450b5588
B01C36DBPY,feature_a9cf2bb49bd9cfd7
B01C36DBPY,feature_b7efbc511073a52d
B01C3S7J3M,feature_1f783ee4888a700b
B01C3S7J3M,feature_23fba390e3476e35
B01C3S7J3M,feature_e66c1c44c62e60b0
B01C4F5FK8,feature_13f8d643c1723cea
B01C4F5FK8,feature_29c961bf5d5e3d99
B01C4F5FK8,feature_764ffa261a13d1fe
B01C4F5FK8,feature_852a38dc1fb5c2fb
B01C4F5FK8,feature_fd5fd3e73ab61bf8
B01C5G5ITY,feature_3b11594496673685
B01C5K7JYM,feature_a324f4cee1dc864d
B01C6AAPDS,feature_c6b3dbc9cc4e7ac7
B01C6USE1S,feature_1bbba91aba160488
B01C6USE1S,feature_2782a297be0dadaa
B01C6USE1S,feature_382760374a136ddc
B01C6USE1S,feature_3b219783bc0bada2
B01C6USE1S,feature_539b5142733b81d7
B01C6USE1S,feature_5a5b7403a2bb5ae1
B01C6USE1S,feature_9a28f0f09898f0ad
B01C6USE1S,feature_a5c2265967517c7d
B01C6USE1S,feature_b3bf5023306f6af3
B01C6Z1LJA,feature_18e2f5b9bb402bb8
B01C6Z1LJA,feature_1eeb14b5e604efd5
B01C6Z1LJA,feature_335cce25ee5f3b9f
B01C6Z1LJA,feature_5291ae0e68d95367
B01C6Z1LJA,feature_7711b64416df1c46
B01C6Z1LJA,feature_80a2a667d4c3e231
B01C6Z1LJA,feature_ad6bf9d5e03ac53e
B01C6Z1LJA,feature_d74e37b4339416fc
B01C6Z1LJA,feature_d9218bcd2d4f779a
B01C6Z1LJA,feature_ff6de0e816b33bf4
B01C7532DM,feature_161206dc4a4ad979
B01C763HMW,feature_0c57555e8d7d0ab9
B01C763HMW,feature_206b30d943d0aedb
B01C763HMW,feature_2e63bd398465a263
B01C763HMW,feature_b03660e6ff962e66
B01C763HMW,feature_f8e37a6959a3c4fe
B01C763HMW,feature_faa741b74445f02e
B01C7Z98H6,feature_2d1d0728b3b52288
B01C8MIOMI,feature_20bc44df2bca9260
B01C8MIOMI,feature_3a339d878eb04431
B01C8MIOMI,feature_6de4cbdeb04a086f
B01C8MIOMI,feature_6f54770ea8440574
B01C8MIOMI,feature_a3a2c85ba4c9f2a1
B01C8MIOMI,feature_c12972612d75e5b9
B01C8XC068,feature_3cac84551721c84f
B01C8XC068,feature_cceb146cea2e9b26
B01CBZISK0,feature_178564775f81c3ff
B01CBZISK0,feature_4753d5727102ec2d
B01CBZISK0,feature_75bbf100f698b723
B01CBZISK0,feature_edd8d0dbaadd4318
B01CDKUHIE,feature_3954336701e968f3
B01CDKUHIE,feature_3bdcfcf61968317e
B01CDKUHIE,feature_88208788b7a1e94d
B01CDKUHIE,feature_b59c23ab36458f2f
B01CE0HP8I,feature_00c51b0957358975
B01CE0HP8I,feature_3714f5b38d42a5a6
B01CE0HP8I,feature_46bf851d7c47da1b
B01CE0HP8I,feature_67b5da2e9140f199
B01CE0HP8I,feature_7eaebb6ae0dc7bc6
B01CE0HP8I,feature_c707e143c246246a
B01CF4EPC2,feature_15e90d249b9d711d
B01CF4EPC2,feature_8e7ceeeb765ee4d5
B01CF4EPC2,feature_dd117e63fdc585be
B01CF4EPC2,feature_e710136f66735408
B01CI4CBEI,feature_2f08744262b9e6c7
B01CILZXWI,feature_69252694030e20f2
B01CIR3U4U,feature_80b1633752011e30
B01CKLYFSO,feature_9a339504cd18590a
B01CN0511M,feature_09d54e78f8333152
B01CN0511M,feature_0a1d960b2630075b
B01CN0511M,feature_39bd9005b6c78cf5
B01CN0511M,feature_a6f354cb25631eb5
B01COCGHFS,feature_11d34fbd562753b9
B01COCGHFS,feature_31d6d3e3b5e0374e
B01COCGHFS,feature_63341c32902316eb
B01COCGHFS,feature_71987d9bb0b13fed
B01COCGHFS,feature_83b57159c553c976
B01CPZLZJM,feature_12a821dea1aa62b1
B01CPZLZJM,feature_2b9f1caf0de6a800
B01CPZLZJM,feature_3d533d6e78135c71
B01CPZLZJM,feature_54c88b79c0ec24ef
B01CPZLZJM,feature_a79a2f5743bde645
B01CPZLZJM,feature_ff63bf910fb9a1a7
B01CQ1KPCS,feature_1dce2d379fc85220
B01CQ1KPCS,feature_3ec59bee51ca084a
B01CQ1KPCS,feature_57e15a3bd53b1e32
B01CQ1KPCS,feature_83c9d8762041c3e8
B01CQ1KPCS,feature_884acc3eee0dd56a
B01CQ1KPCS,feature_9bc2c6582f8829ea
B01CWSFRX2,feature_2f638e6fb683be29
B01CWSFRX2,feature_59eaed05545d775c
B01CWSFRX2,feature_5caa3c36c088b194
B01CWSFRX2,feature_686641d87527f55f
B01CWSFRX2,feature_a1d152f200cff279
B01CWSFRX2,feature_b172fddebcf4a5ec
B01CWSFRX2,feature_cb329146a0dd0d56
B01CWSFRX2,feature_de97381a75d84276
B01CWSFRX2,feature_e6e5bc29e7869477
B01CWSFRX2,feature_f652a72c66717992
B01CXO8MM8,feature_1bf38477d5322522
B01CXO8MM8,feature_3dc6f7557cfdb5a0
B01CXO8MM8,feature_4c61a0e6e1d2a44d
B01CXO8MM8,feature_580f4795f32d7ba0
B01CXO8MM8,feature_ac9181e82269a6be
B01CXO8MM8,feature_da5f51a102d85541
B01CZNI0KG,feature_59849eb6da4ca8aa
B01D5S4MRU,feature_1733a2fa4fa97920
B01D5S4MRU,feature_1ae4231fd5032591
B01D5S4MRU,feature_64141a4892e87454
B01D5S4MRU,feature_a60483d5f58c3e7b
B01D5S4MRU,feature_b2b874ad5de8be18
B01D6KH2TM,feature_555e0d82ecb4e707
B01D6KH2TM,feature_9322aa7a0b8e6db0
B01D6KH2TM,feature_c2f8ebc8bd725b07
B01D6KH2TM,feature_ca282d98737aaa80
B01D6P4AT2,feature_024f1cb8e40ed68b
B01D6P4AT2,feature_785954284b74ec5b
B01D6P4AT2,feature_9a339504cd18590a
B01D6P4AT2,feature_cfce15b4d075ec6a
B01D8BVBWS,feature_16a25a58dda5c110
B01D8BVBWS,feature_3435ad86b5059e52
B01D8BVBWS,feature_4f944542e06cd6f2
B01D8BVBWS,feature_719947c13d415fea
B01D8BVBWS,feature_7fe1c7a1c57e6185
B01D8BVBWS,feature_a68e1c98ac0e4c52
B01D8BVBWS,feature_b889984e5227f23e
B01D8BVBWS,feature_be108bd50f69b113
B01D8BVBWS,feature_df16c8fe31f1888a
B01D8BVBWS,feature_f9ff8f25bd9ff0ce
B01DABT1AU,feature_ee4423841dc3c01e
B01DB0POLK,feature_01800133df79191b
B01DB0POLK,feature_2b3e3bfdcffe70ee
B01DB0POLK,feature_5cf7b98852d36bcc
B01DB0POLK,feature_9c13764e8795e929
B01DB0POLK,feature_a05e528887b33c12
B01DB0POLK,feature_a8b6f52934242970
B01DB0POLK,feature_be9af80909bea5b3
B01DB0POLK,feature_cce58d743b0d49f7
B01DB0POLK,feature_d5db6a9669b558c1
B01DB0POLK,feature_fd03815309bbfa67
B01DCJMVGG,feature_2104ac77a866eb70
B01DEDXZBA,feature_1400d2e21384af8c
B01DEDXZBA,feature_2f9b6f76c7469f39
B01DEDXZBA,feature_3465d7fe91dbb6d4
B01DEDXZBA,feature_3c6d53fbea9d00c0
B01DEDXZBA,feature_46ca2baf7ccbfe1c
B01DEDXZBA,feature_87f5f1822e107280
B01DEDXZBA,feature_904a79964d3a4416
B01DEDXZBA,feature_960623bcd58233ef
B01DEDXZBA,feature_c2e88afb0648245c
B01DEDXZBA,feature_ec6c8d8e6d9005f2
B01DFSJG8A,feature_0ef92ef527e7b65b
B01DFSJG8A,feature_63765b92249aee62
B01DFSJG8A,feature_7bdf86698b1d5cda
B01DFSJG8A,feature_93202f04f521a1b0
B01DFSJG8A,feature_95dd70d4f39444fe
B01DFSJG8A,feature_d54ca1e2ba61d71d
B01DFSJG8K,feature_636cc852f54a5b78
B01DFSJG8K,feature_672270f564586c5b
B01DFSJG8K,feature_7bdf86698b1d5cda
B01DFSJG8K,feature_95dd70d4f39444fe
B01DFSJG8K,feature_b7e40fdb814f63d8
B01DFSJG8K,feature_d54ca1e2ba61d71d
B01DI6U9BW,feature_2ff81f409a6bc0b4
B01DI6U9BW,feature_31b315f3dd672d82
B01DI6U9BW,feature_953f6e663c0d2a85
B01DI6U9BW,feature_9b741faa19f4a85a
B01DI6U9BW,feature_b1e80089becd0a96
B01DI6U9BW,feature_cb410577834c6a34
B01DIJNXHQ,feature_170fc3e79899ec31
B01DIJNXHQ,feature_467040f217fe876d
B01DIJNXHQ,feature_67c5a86b320df24a
B01DIJNXHQ,feature_95a2d71beab62a34
B01DIJNXHQ,feature_d96363cf37d6067d
B01DIJNXHQ,feature_ff8bdc78827859fc
B01DITUWIO,feature_0072e0dc1be2b0b4
B01DITUWIO,feature_188bb5ae5b962bd5
B01DITUWIO,feature_299286fda7e08562
B01DITUWIO,feature_3252c7b09c3881f1
B01DITUWIO,feature_3277cc10ef20797e
B01DITUWIO,feature_50f62e14cbef29cd
B01DITUWIO,feature_677eee43ddfce5cc
B01DITUWIO,feature_7faf7081aaed61ea
B01DITUWIO,feature_8fc0ebfbcada8b73
B01DITUWIO,feature_f03b0fa060f6d281
B01DJNIZD8,feature_17ef638b4c3cf658
B01DJNIZD8,feature_2befe3401b25fe01
B01DJNIZD8,feature_4d40d88718a4b7b3
B01DJNIZD8,feature_d6f8bb32aaa624c5
B01DJNIZD8,feature_f458ec499618f107
B01DN6K390,feature_033d8e4ae805d203
B01DN6K390,feature_0e63eecef28a15e3
B01DN6K390,feature_61de571f4c2f424f
B01DN6K390,feature_b80e6b458a09388f
B01DN6K390,feature_f475b8fe07cf9a49
B01DTU7VM2,feature_1e6a8f544b581271
B01DTU7VM2,feature_29098deb9721e4bd
B01DTU7VM2,feature_a23e871ceed2e0cb
B01DTU7VM2,feature_c2e24c2f55e4b51a
B01DTU7VM2,feature_c36bc0504056c9ef
B01DUQT3T4,feature_0435a612efd7dfc7
B01DUQT3T4,feature_07e3bffd1eee09ba
B01DUQT3T4,feature_1c91a6d93c8578bd
B01DUQT3T4,feature_3684e0062c081386
B01DUQT3T4,feature_44966a06b3f79097
B01DUQT3T4,feature_81f93ad58634e3d1
B01DUQT3T4,feature_a13e29792dc84659
B01DUQT3T4,feature_a9935e294c6eacd8
B01DUQT3T4,feature_c6bd6c3a18d717c3
B01DUQT3T4,feature_e05fe37b26549aaa
B01DUTC76C,feature_0332911f05f41ae6
B01DUTC76C,feature_742e970dd042eb7c
B01DUTC76C,feature_83d66ea28bc398c9
B01DUTC76C,feature_96c078456d250560
B01DUTC76C,feature_a318427d0aee5920
B01DUXR8KS,feature_190aae067e906783
B01DUXR8KS,feature_4c6bac6652f39d47
B01DUXR8KS,feature_531ec5e4556bbe68
B01DUXR8KS,feature_53819f51f967f6a0
B01DUXR8KS,feature_cf38f636b0fbe801
B01DUXS1U4,feature_24fa3a9052249f2f
B01DUXS1U4,feature_8a44783420f794fc
B01DUXS1U4,feature_e4612580dbcfd237
B01DUXS1U4,feature_e57807e09511c64d
B01DUXS1U4,feature_f4c28e88568ec905
B01DUXS848,feature_0272e95e9149ba6f
B01DUXS848,feature_24aa7712af20c184
B01DUXS848,feature_33438a27435ab04a
B01DUXS848,feature_342ff992e96bbb02
B01DUXS848,feature_c77f5ae88341e3c6
B01DUXS848,feature_dcae94aa671892fa
B01DV84NIW,feature_286bc8910c485505
B01E1PQ4HW,feature_1acd26494477bd6c
B01E1PQ4HW,feature_1c02624b837a4f8a
B01E1PQ4HW,feature_38ff98b6c329e7b2
B01E1PQ4HW,feature_a3a8d7208f5d8f59
B01E1PQ4HW,feature_adc75a970a3ecd9d
B01E1SLKGO,feature_9455a43c34cfacea
B01E1SLKGO,feature_b654c6e71426b25e
B01E68O6BA,feature_14a31e1dbf48bf2d
B01E68O6BA,feature_2eddea0fcaa32902
B01E68O6BA,feature_6f8c901100cf3d35
B01E68O6BA,feature_7482f11ebce77632
B01E68O6BA,feature_b766b48cfa46c16a
B01E79OKY6,feature_2be48a3ad9a6feae
B01E79OKY6,feature_62089e14a19bdfca
B01E79OKY6,feature_a158ed65be281fcf
B01E79OKY6,feature_ab9907620ee6dfa4
B01E909944,feature_2e5db32493f51d03
B01E909944,feature_310b8c81049ff6b3
B01E909944,feature_50496f9165699805
B01E909A4S,feature_17a1c5dbc88237ee
B01E909A4S,feature_2e5db32493f51d03
B01E909A4S,feature_795a25994bdb2b7b
B01E909A4S,feature_c93662eaa8809324
B01E909A4S,feature_ee0a9bd98db2ead9
B01EAPT8FS,feature_0f5e0854a6b3a87c
B01EAPT8FS,feature_3731c2a6c13bf1ab
B01EAPT8FS,feature_41890fd3d019b958
B01EAPT8FS,feature_4f944542e06cd6f2
B01EAPT8FS,feature_7e134e2f6482d778
B01EAPT8FS,feature_84f667212f5465e1
B01EAPT8FS,feature_8cf82e7da9b55b98
B01EAPT8FS,feature_a07db498ef28e7f4
B01EAPT8FS,feature_c4868aceb2f6cf24
B01EAPT8FS,feature_c580adb71fb1b048
B01EB0DWHC,feature_04e4f6b159241a7e
B01EB0DWHC,feature_2873a64118d94140
B01EB0DWHC,feature_3ace8b4a370e6174
B01EB0DWHC,feature_5bb164ac38685266
B01EB0DWHC,feature_f092855f8b55a059
B01EB0DWHC,feature_fa8af1d1b172e2c2
B01EB3PYOS,feature_ad2f74d5af4a4c27
B01EEI9HRK,feature_311cee2904bfdc8d
B01EEI9HRK,feature_35195248ca1b906f
B01EEI9HRK,feature_576fa6033b7cde4b
B01EEI9HRK,feature_67cb3696ac415a08
B01EEI9HRK,feature_bffc4574c11b3583
B01EFOY8VS,feature_0ad75d366c2df21d
B01EFOY8VS,feature_809e55217adf8a46
B01EFOY8VS,feature_d2321e03ad639fa4
B01EFOY8VS,feature_df3961eeaf67e2c2
B01EFOY8VS,feature_ef6fd6d66c181f19
B01EHJNYES,feature_fcef7a9828a8029e
B01EI6P0J2,feature_235af21a85ccc2fe
B01EI6P0J2,feature_4e016ed238fadf5a
B01EI6P0J2,feature_5397123dcf14d597
B01EI6P0J2,feature_6cb4b27f97fd43af
B01EI6P0J2,feature_78ebc31c820057cc
B01EI6P0J2,feature_a44c9c4c14889909
B01EI6P0J2,feature_e0d7836a1d8660b0
B01EIE4PZO,feature_2005b188dcba4ebd
B01EINU626,feature_c16bad0399290a08
B01ENL20AE,feature_08ae85c3d6ce60c2
B01ENL20AE,feature_09e4caa49eaca5b0
B01ENL20AE,feature_205a43f6c11098ea
B01ENL20AE,feature_412c5a10daeaf1a9
B01ENL20AE,feature_5181d0f00e61160e
B01ENNR41M,feature_1236a2f4c068c6d9
B01ENNR41M,feature_1ebe05d9ce46e9c2
B01ENNR41M,feature_6c4d66e1a4b53b4c
B01ENNR41M,feature_6c67058a29d610d0
B01ENNR41M,feature_b5e246aa5f93cf84
B01ENNR41M,feature_e6350bcc3087ff92
B01ENT5PNK,feature_e88499d1dcccba18
B01EO64BBY,feature_00cee15e89dec37c
B01EO64BBY,feature_555931f8501c6910
B01EO64BBY,feature_961cc43d6521276c
B01EO64BBY,feature_bb1bc30397980465
B01EO64BBY,feature_d250f774d3c1238f
B01ER8L04A,feature_17a36fd485f670cc
B01ER8L04A,feature_39ede5aa39926e6f
B01ER8L04A,feature_6baf8f524d8be5e4
B01ER8L04A,feature_7d49c39da9908df0
B01ER8L04A,feature_a345136053315cdb
B01ER8L04A,feature_b6b43e2ae9dbb76e
B01ERJEGS6,feature_194b1aa402f65438
B01ERJEGS6,feature_aaa7e7115230b9db
B01ERYOMNK,feature_2e82d167b251139c
B01ERYOMNK,feature_5d20d63b5cd2ae28
B01ERYOMNK,feature_7b0b6ab1046a45cd
B01ERYOMNK,feature_a974614bc94aca40
B01ERYOMNK,feature_d106a5464075dc83
B01ERYOMNK,feature_e74557bb27d5f905
B01ETLBWYI,feature_244dd95396beb8bc
B01ETVT66Y,feature_15a1b07353d48e14
B01ETVT66Y,feature_24f343f5058cb4b9
B01ETVT66Y,feature_61f1a5130589d74d
B01ETVT66Y,feature_6587628e1eea1713
B01ETVT66Y,feature_785b3a09b32bb08a
B01ETVT66Y,feature_e3ef7c8fe148c174
B01ETZEUZW,feature_1bbf1f9efb764ffc
B01ETZEUZW,feature_5d5069aec03d727d
B01ETZEUZW,feature_9327dfb48bb3ed2a
B01ETZEUZW,feature_b105c3d74de9cef0
B01ETZEUZW,feature_d3f12176c9a6b048
B01ETZEUZW,feature_f265d2a2d71c8710
B01EUISB9Y,feature_03c84d2db150e56f
B01EUISB9Y,feature_6a641d52f384ebc9
B01EUISB9Y,feature_acc02cb109dce8d0
B01EUISB9Y,feature_b3b8a8f6f9f7dfba
B01EUISB9Y,feature_cdf9c4663766fafe
B01EUR8FX2,feature_09b3977c7e78bf94
B01EUR8FX2,feature_3c161a863046aa23
B01EUR8FX2,feature_6f9aca221493f315
B01EUR8FX2,feature_7caf836fff5fa2b9
B01EUR8FX2,feature_b3171f85b79e4eb3
B01EW5EGUS,feature_723ae0b52a723197
B01EW5EGUS,feature_b312428560622b86
B01F3OX5KO,feature_0f5cb6889eaf5e93
B01F3OX5KO,feature_636dbd30576891cc
B01F3OX5KO,feature_7d67a49790b09d0d
B01F3OX5KO,feature_a7069e0baddaa25b
B01F3OX5KO,feature_b68cf4f88a02daf2
B01F3OX5KO,feature_e8b7f0375c4a7ebf
B01F4N9MEC,feature_05e0271337469f52
B01F4N9MEC,feature_221c684cbf0dd4d7
B01F4N9MEC,feature_358a086c08713bf8
B01F4N9MEC,feature_9b1d3f7ab34c60e3
B01F6BEV2A,feature_05cacc21a62091ca
B01F6BEV2A,feature_827655b7b43a8884
B01F6BEV2A,feature_93caa594fbf59368
B01F6BEV2A,feature_977f21dc59afc0bb
B01F6BEV2A,feature_989b324520cc2c55
B01F6BEV2A,feature_a1c4f3ee72c937ec
B01F7RF9G0,feature_065b3027169d0595
B01F7RF9G0,feature_1134bf7c0bb989d1
B01F7RF9G0,feature_39f7dc3511255837
B01F7RF9G0,feature_4b2788d7082eaaed
B01F7RF9G0,feature_598e6302fd2a6591
B01F97QDW2,feature_3a2b2e72922092d8
B01F97QDW2,feature_414f8182ff88b4fb
B01F97QDW2,feature_71ec6d66a4607d89
B01F97QDW2,feature_78b667f613d258f0
B01F97QDW2,feature_fd36289484276fe6
B01F99RQQW,feature_1e70c4eae14629eb
B01F99RQQW,feature_54d6086020f29a44
B01F99RQQW,feature_588a8e8ab8722ad3
B01F99RQQW,feature_6581d016f3b1337b
B01F99RQQW,feature_9cd29dbfe9ee9abc
B01F99RQQW,feature_b1d3c9069c262f92
B01F9OQ6OK,feature_26cda8bb0ee2fd64
B01FCUNSHO,feature_3719da0073686d18
B01FCUNSHO,feature_8bdde0eb97a83a32
B01FCUNSHO,feature_8c701a05222121b2
B01FCUNSHO,feature_9df33c59afb25115
B01FCUNSHO,feature_b489b98de1c26dc9
B01FDGIIT0,feature_0da4503d7595f57f
B01FDGIIT0,feature_1a7642db0d23e092
B01FDGIIT0,feature_6a11501b568e71b6
B01FDGIIT0,feature_724dc03ab253909d
B01FDGIIT0,feature_771ddb4f52200cd6
B01FDGIIT0,feature_bad66d56f2af4559
B01FDIN9MO,feature_013de934661b3ee0
B01FDIN9MO,feature_0f48670a5115c730
B01FDIN9MO,feature_1011ac798967a118
B01FDIN9MO,feature_49b8883912658c87
B01FDIN9MO,feature_59f032d4cd63ef4e
B01FDIN9MO,feature_b91257c1327c72e7
B01FDIN9MO,feature_bec6c33f289ba70a
B01FDIN9MO,feature_d7b9ec971d944c60
B01FDIN9MO,feature_e8864eaa93448380
B01FFNB09G,feature_0c322f26e772e4a0
B01FFNB09G,feature_5959b25144a1742a
B01FFNB09G,feature_6be1df6120a4741d
B01FFNB09G,feature_8769a5013ebceb42
B01FFNB09G,feature_98f2cced8036284f
B01FFNB09G,feature_cb329146a0dd0d56
B01FFNB09G,feature_ce77099cc0c090e3
B01FFNB09G,feature_d445811897dee073
B01FFNB09G,feature_e0ac63fb402002c9
B01FFNB09G,feature_e2552f51d15c2c01
B01FFQEVNA,feature_5a2f1ebbfde18602
B01FHVAVFK,feature_0cf307b0bed7420f
B01FHVAVFK,feature_21c868c1c466bf34
B01FHVAVFK,feature_2a4b4885b4eeffe6
B01FHVAVFK,feature_5ef4da6851fb733a
B01FHVAVFK,feature_6199b4c7ebfd255e
B01FHVAVFK,feature_82a31c7eaa8f2810
B01FHVAVFK,feature_8992638159c66b38
B01FHVAVFK,feature_a76b1812d18a676f
B01FHVAVFK,feature_c05da5df9c81f6ad
B01FHVAVFK,feature_cd87e16e190d9383
B01FIL493Y,feature_1e9778eac7e13114
B01FO9NPT4,feature_7e4eaed2c02955b1
B01FPGE8F6,feature_ec9624c80320be0e
B01FRB7WBQ,feature_0e8a05a2fc1e01b1
B01FRB7WBQ,feature_11a5d12d10e57e31
B01FRB7WBQ,feature_1a3140e843c32ffd
B01FRB7WBQ,feature_645d333173631b06
B01FRB7WBQ,feature_879a4653c98efae0
B01FRB7WBQ,feature_8d4bc7995030de13
B01FSQ07OE,feature_07e6953b735d6bcb
B01FSQ07OE,feature_311ed8b35cbc28fd
B01FSQ07OE,feature_5d9894d6d8b6a046
B01FT959PM,feature_07059049683edd6a
B01FT959PM,feature_1c9181a189ff684c
B01FT959PM,feature_1fe03b78310ba433
B01FT959PM,feature_3422d162810cdfcb
B01FT959PM,feature_4f944542e06cd6f2
B01FT959PM,feature_52c1c543c156a9c3
B01FT959PM,feature_964c4d3a18a0257d
B01FT959PM,feature_b172fddebcf4a5ec
B01FT959PM,feature_be25ae0e21938087
B01FT959PM,feature_ccb9384733260cad
B01FTE3EWC,feature_871e4e4d1d4e503a
B01FTE3EWC,feature_8a14cf6921baa9e5
B01FTE3EWC,feature_9e4b68b303144681
B01FTE3EWC,feature_d5c1893938839e99
B01FTE3EWC,feature_e4829ae8b48829cc
B01FTE3EWC,feature_f8b3cc4b61def627
B01FTMJAL8,feature_596b9e96c09ddaff
B01FTMJAL8,feature_aa20a182431926bb
B01FTMJAL8,feature_aa46548b933f230b
B01FTMJAL8,feature_b78deba92a708c28
B01FTMJAL8,feature_e56f199a82b6dbb7
B01FTSUF52,feature_418f8457856801e8
B01FTSUF52,feature_ca013bb44b6d3139
B01FTSUF52,feature_d28878bd1d3ab7d0
B01FTSUF52,feature_e40cb5fa14b1c77d
B01FTSUF52,feature_f5ee7fd5b11c55f2
B01FTSUF52,feature_fcacd5e5d0d91762
B01FTSUWVY,feature_04ae589f79d83354
B01FTSUWVY,feature_1702098e06e486f1
B01FTSUWVY,feature_36a91ca838b98a96
B01FTSUWVY,feature_82ac9c353344cc3d
B01FX13TT4,feature_0983c95574f9fdfd
B01FX13TT4,feature_43fad6120c25858c
B01FX13TT4,feature_727f0c7d195d858f
B01FX13TT4,feature_b121dd7f254dbf07
B01FX13TT4,feature_dc7f9e0a86e45e6f
B01FX13TT4,feature_e7ee1224b1b4eba9
B01FYB1IDM,feature_6b0eec618116adb2
B01FYB1IDM,feature_9a494139ba972fb8
B01FYB1IDM,feature_e7ee26f708abcb9a
B01FYB1IDM,feature_f03acbf8f30d51b6
B01FYDDFP4,feature_0e71775af82cd36b
B01FYDDFP4,feature_a2abea6e2b6255c6
B01FYDDFP4,feature_a74b075a2e6cf369
B01FYDDFP4,feature_bf61839efbe6d7b1
B01FYDDFP4,feature_da94ecb82b0e3de3
B01FYFH01W,feature_16f357cfccd6c88f
B01FYFH01W,feature_29a9f295468e93f3
B01FYFH01W,feature_623cc92cdd4b4cfe
B01FYFH01W,feature_80ddb7192e542e3c
B01FZJ19KA,feature_25fead3ce763e3d1
B01FZJ19KA,feature_61482df52a2025a0
B01FZJ19KA,feature_9738f16769f19d87
B01FZJ19KA,feature_980bcd134f9aba7e
B01FZJ19KA,feature_d5c75576b57758cc
B01FZJ19KA,feature_e1fb18edf85033f4
B01G09YUSC,feature_2d4e567485fe025d
B01G09YUSC,feature_311cee2904bfdc8d
B01G09YUSC,feature_4512b2974797d9f5
B01G09YUSC,feature_b4f47075e37d3cf6
B01G09YUSC,feature_b670a47ee0fc50c4
B01G09YUSC,feature_bf29b88d306ed1d8
B01G1K2YPG,feature_0b9f9f649a0668b9
B01G1K2YPG,feature_6120f8cf433602d1
B01G1K2YPG,feature_67445f7245ef4825
B01G1K2YPG,feature_8ade736828244a20
B01G1K2YPG,feature_9faf80c1cb52216d
B01G1K2YPG,feature_ad6e487d31073e4b
B01G1K2YPG,feature_b172fddebcf4a5ec
B01G1K2YPG,feature_be977fbd23302885
B01G1K2YPG,feature_f1143d4de66cc5f8
B01G1K2YPG,feature_f541a00ff5b149ef
B01G2Z8RXI,feature_7851e50227011c02
B01G2Z8RXI,feature_a2907b4382a293d6
B01G2Z8RXI,feature_a39f7dd43f795c9d
B01G2Z8RXI,feature_cd55eaa2ebceea30
B01G2Z8RXI,feature_cfda98cabe2f5a62
B01G2Z8RXI,feature_ff8c4b35f955f672
B01G3O3SYQ,feature_1d9253d3827d6145
B01G3O3SYQ,feature_2149a5c493261c34
B01G3O3SYQ,feature_2f8cc7d6206c4975
B01G3O3SYQ,feature_8c8e0c81181816fe
B01G3O3SYQ,feature_8f32b0deb8761e54
B01G3O3SYQ,feature_92844b4d4bac0b05
B01G4ABQRA,feature_203c3c57f6716317
B01G4ABQRA,feature_37fde045158f144d
B01G4ABQRA,feature_80ecb408fec4e852
B01G4ABQRA,feature_b60cdef1411b3f56
B01G4ABQRA,feature_c0a3cf7fa8397b86
B01G4ABQRA,feature_cf44ee6c487bc1a7
B01G5ZLIO0,feature_071e06aa27926917
B01G5ZLIO0,feature_36bcb2d2cf7465dc
B01G5ZLIO0,feature_731acb334ea2d778
B01G5ZLIO0,feature_85a0e5fe12919930
B01G5ZLIO0,feature_92e5e75a14ad79ad
B01G5ZLIO0,feature_9d1a09bc2bf3648c
B01G716IO2,feature_492390ad24b926ca
B01G716IO2,feature_dc9b42b087f70f68
B01G7PK40W,feature_04d3ebb14e1a7494
B01G7PK40W,feature_ad46356777861e29
B01G7PK40W,feature_d7f0e2305f61f729
B01G7PK40W,feature_f4102eafa5eef15f
B01G7SVFO8,feature_26e3b0749835a717
B01G7SVFO8,feature_3f7ac395d6cfb360
B01G7SVFO8,feature_424ae32d34d36837
B01G7SVFO8,feature_58a529e0bbe0e6c2
B01G7SVFO8,feature_89795a0be8533011
B01G7SVFO8,feature_d30f00f41285ddcc
B01G8JW7PC,feature_b9e0e130cdc8c874
B01GBCXHUU,feature_54cb231dd351457c
B01GBSEYHY,feature_2a3166306a90b394
B01GBSEYHY,feature_7591fb2cb9058f6d
B01GBSEYHY,feature_a4edd52915147dfb
B01GBSEYHY,feature_b732e72ad8250318
B01GBSEYHY,feature_e70f9b4b771fb53c
B01GCV74HC,feature_0106736df7ed4a2e
B01GCV74HC,feature_6802919773a2674a
B01GCV74HC,feature_7ba796f1aef82203
B01GCV74HC,feature_952a198b2743eaa6
B01GCV74HC,feature_97bee760562e786a
B01GCV74HC,feature_bdce135bcc694761
B01GDM2Q8M,feature_13d136f797258f09
B01GDM2Q8M,feature_52d504b63e6c459b
B01GDM2Q8M,feature_5708b83895703905
B01GDM2Q8M,feature_95549d005ed21f8f
B01GDM2Q8M,feature_c5b07f87bc0d6e93
B01GDM2Q8M,feature_fc81bf3a6946c44f
B01GEUWC5U,feature_2027d64374e0e908
B01GEUWC5U,feature_9cdd55344acb0035
B01GEUWC5U,feature_c1fdaa27faaaafe5
B01GEUWC5U,feature_d623db0e32fb45db
B01GFUTJMS,feature_254e1be435bf8430
B01GFUTJMS,feature_39afbfabb126564e
B01GFUTJMS,feature_66e9947435f51850
B01GFUTJMS,feature_ae61ac16e0b13fc9
B01GFUTJMS,feature_d6e88f850e0226a2
B01GFUTJMS,feature_f0c991ee8e8cce0b
B01GGMC04E,feature_056e00df277a02fa
B01GGMC04E,feature_1a68dacce1cac0f0
B01GGMC04E,feature_6a19d03e359a7aef
B01GGMC04E,feature_816447fc10975db7
B01GGMC04E,feature_cc9b561a94dfc8b6
B01GJADPJM,feature_0f51fcab82d49c5e
B01GJQXRLC,feature_03a284dc3a5849d1
B01GJQXRLC,feature_18998d7c499617cc
B01GJQXRLC,feature_27cba68386189222
B01GJQXRLC,feature_4b1e102b6c6a8d0e
B01GJQXRLC,feature_75e2ac05e5680210
B01GJQXRLC,feature_b91257c1327c72e7
B01GJQXRLC,feature_e0c42f35c5fe3116
B01GJQXRLC,feature_e7be5ab135f3351a
B01GKB13FI,feature_267225a9a760be8b
B01GKB13FI,feature_2a96fdb7059f8da0
B01GKB13FI,feature_3c547ecb4b02b810
B01GKB13FI,feature_3df359d5bf0f7b9d
B01GKB13FI,feature_72590ba299d3a3dd
B01GKU6QQ0,feature_00ca8d113f5102e0
B01GKU6QQ0,feature_31837d8fedbc8544
B01GKU6QQ0,feature_41b9d21bf673694e
B01GKU6QQ0,feature_5abd94c464267fbc
B01GKU6QQ0,feature_bad33f23f3708de7
B01GKU6QQ0,feature_ffc05a595c64cf39
B01GL4HV64,feature_0d98ef8c0644f4c2
B01GL4HV64,feature_1b0bdc1a133a0d23
B01GL4HV64,feature_a884b35ba6556cae
B01GL4HV64,feature_ad002c455b81b4b3
B01GL4HV64,feature_d8e29320c4fc9264
B01GLH6NU6,feature_0668354eea8b87f9
B01GLH6NU6,feature_14c50cdebbee17c2
B01GLH6NU6,feature_5f6248c2536407f0
B01GLH6NU6,feature_615e2453c5f942ed
B01GLH6NU6,feature_ad4a073c363ad643
B01GO2IKNQ,feature_54b30bc578eaa4d1
B01GO2IKNQ,feature_63402439177c3fe1
B01GO2IKNQ,feature_68d999d65e2bb3a1
B01GO2IKNQ,feature_73c81a9d611e7712
B01GO2IKNQ,feature_810e9632a4df457e
B01GO2IKNQ,feature_92bde1aa28344b67
B01GO2IKNQ,feature_a539ab9f8ba3876e
B01GO2IKNQ,feature_e4088823b3a70144
B01GO2IKNQ,feature_e9a36fada55e7a4a
B01GO2IKNQ,feature_f1259ce8b655422a
B01GOXEAM0,feature_10889f4892748ea2
B01GOXEAM0,feature_16a069bbc6d5257d
B01GOXEAM0,feature_30c0b1850d3b0158
B01GOXEAM0,feature_368052b845464f10
B01GOXEAM0,feature_85660bc475cdd919
B01GOXEAM0,feature_9ffa82cbbe78a10d
B01GOXEAM0,feature_af50cc79adf78fd0
B01GOXEAM0,feature_c633f721fca37505
B01GOXEAM0,feature_cc203dc4cbf79d0d
B01GOXEAM0,feature_d03b254a0c6a43bd
B01GPY15IU,feature_689bf90ff93234cb
B01GPY15IU,feature_879419f6aff5fd8b
B01GPY15IU,feature_8978177b03dbfa6a
B01GPY15IU,feature_d04db2610185f650
B01GPY15IU,feature_d4685588be3c35f1
B01GPY15IU,feature_d54884fc090823b8
B01GQJF9H2,feature_40dbbdaf4e670042
B01GQJF9H2,feature_4512b6690603c631
B01GQJF9H2,feature_5f7ce4f83f941110
B01GQJF9H2,feature_650d47c32a21d191
B01GQJF9H2,feature_cc2a87599f5c6561
B01GR15NF2,feature_1e3090eab2860be0
B01GR15NF2,feature_c49fe8afd9d5d9df
B01GR15NF2,feature_e08c949eb3e97df0
B01GR2ICJA,feature_7379952ae8eb264c
B01GR42WTO,feature_0b8f998d748922cb
B01GR42WTO,feature_73643d289ca8e2e3
B01GR42WTO,feature_a4914b8d7bca7fa7
B01GR42WTO,feature_fd3a822fb19612c0
B01GR45I2W,feature_4f82c8793a3cfdb1
B01GR45I2W,feature_5c16f33a15687689
B01GR45I2W,feature_7329e45bfec8d94f
B01GR45I2W,feature_c832cf36dbbf585b
B01GR45I2W,feature_e46491f663d69ec9
B01GUAD0SW,feature_ea5a2f0f2cdd4f61
B01GW1BVGW,feature_018d5c8d0dca5a25
B01GW1BVGW,feature_19f0522a7ac41c73
B01GW1BVGW,feature_26c741b2b6124886
B01GW1BVGW,feature_26e86652f5fbfd92
B01GW1BVGW,feature_d77c494719166eeb
B01GW1BVGW,feature_ee8bd38338a20c67
B01GXPT79A,feature_d7146ae5c1b57e0c
B01GYEGH5C,feature_1c35565b1fe152c1
B01GYEGH5C,feature_2d71885515d425d0
B01GYEGH5C,feature_326a1991811d9a08
B01GYEGH5C,feature_875226a741cbcebc
B01GYEGH5C,feature_cc955c33a86bf6e1
B01GZXN3TK,feature_3df222f12404baeb
B01GZXN3TK,feature_44d718c2a7c57f52
B01GZXN3TK,feature_6d1054e38ebde82a
B01GZXN3TK,feature_8d9953203470bdd4
B01H1HPLTE,feature_1c6ccde9eb6e63d8
B01H1HPLTE,feature_5f795c57270c2ce1
B01H1HPLTE,feature_8f129a3df7ed6cec
B01H1HPLTE,feature_9c91aec9b7ee985c
B01H1HPLTE,feature_a38b5bedbe6476cc
B01H1HPLTE,feature_dddb098ecd7c90ba
B01H2U8GL0,feature_2f83dc334152f382
B01H2U8GL0,feature_7c55ae0b1146b6f1
B01H2U8GL0,feature_8427942bf361dec1
B01H2U8GL0,feature_88116a5a29520e69
B01H2U8GL0,feature_b5e761c23392be39
B01H3RPZVQ,feature_19a321bae24c985c
B01H3RPZVQ,feature_26c8722bd0b48bfe
B01H3RPZVQ,feature_6ebe07d5a828c6e4
B01H3RPZVQ,feature_746a3002db299eca
B01H3RPZVQ,feature_a441b4c5ccbba82e
B01H3RPZVQ,feature_ad44023c121f067f
B01H3U424Y,feature_0d70e8686771b220
B01H3U424Y,feature_59165811927a361a
B01H3U424Y,feature_79c967f4148bfdcc
B01H3U424Y,feature_d04b74083e84b7a1
B01H3U424Y,feature_e5fa9d5c466bf900
B01H3U424Y,feature_f013ceb2dad1ea6d
B01H5YB9EO,feature_ac0c7035d9eb952d
B01H66YDG2,feature_3ffcb9255ba56620
B01H855M7U,feature_37e59b1342f2f1bd
B01H855M7U,feature_e92b478abd1f4dfb
B01HALO3KY,feature_288272cefa1077e1
B01HALO3KY,feature_72a5bf259602b566
B01HALO3KY,feature_786c76a28fc751a0
B01HALO3KY,feature_bc8c9c5670063914
B01HALO3KY,feature_c0b9bb051b2ec8ab
B01HALO3KY,feature_c802c51909e49ed2
B01HB4Y9AO,feature_6beb70628f730e44
B01HB4Y9AO,feature_7baa043ded209168
B01HBZNEHW,feature_8a3edb5d8dd08823
B01HBZNEHW,feature_ba763264313c04da
B01HBZNEHW,feature_bbb05fc508422654
B01HBZNEHW,feature_eec82374d88cb980
B01HC8NA86,feature_00be19ebf39ce6d0
B01HC8NA86,feature_0664d34fc2323ae8
B01HC8NA86,feature_0cfb1d0f3c058fd6
B01HC8NA86,feature_aca703e5a593a708
B01HC8NA86,feature_f8e896e02688404e
B01HD88UXK,feature_213c6e849e147eea
B01HD88UXK,feature_21db926b262d4996
B01HD88UXK,feature_d9e8bdc9fca9df5e
B01HD88UXK,feature_f7da8639fe35e16f
B01HDPVUXK,feature_d77543ccd24eac7a
B01HED500A,feature_04abc17bb589b322
B01HED500A,feature_05f3dc75170c7eb1
B01HED500A,feature_0cff4af2eaeec285
B01HED500A,feature_3398389d8544250f
B01HED500A,feature_37091f2c6f801d6f
B01HED500A,feature_44b0fa553aba3365
B01HED500A,feature_4df6270c259bb06d
B01HED500A,feature_8a2238d18c41b0da
B01HED500A,feature_f1fad2b480d42f14
B01HED500A,feature_f77f6e7b819832ee
B01HFUXIGA,feature_05a075349f8cc5b8
B01HFUXIGA,feature_161d8dc94bffdc6b
B01HFUXIGA,feature_83dd9d6af43f8cbe
B01HFUXIGA,feature_a5fd4d068a1de25c
B01HFUXIGA,feature_bf37d9766a563f30
B01HFUXIGA,feature_c209f56a4afee664
B01HFUXIGA,feature_d85e04d6a1e34f8c
B01HG2G1TS,feature_02a284d079fb1bbe
B01HG2G1TS,feature_2350e90fd36a06c3
B01HG2G1TS,feature_6a4131d723a9ed93
B01HG2G1TS,feature_bb74533a9491a7c5
B01HG2G1TS,feature_e91b4011e91e1c24
B01HIQQ2R8,feature_0383424186327254
B01HIQQ2R8,feature_3d1f3214d203036f
B01HIQQ2R8,feature_5088c9d13c9e8ea8
B01HIQQ2R8,feature_5bdcc88ac045f0bd
B01HIQQ2R8,feature_6ef8a783d079b511
B01HIQQ2R8,feature_c507fe588581eeec
B01HM30K48,feature_34d65df449a59a25
B01HM30K48,feature_3d184340f5cb140a
B01HM30K48,feature_418c3eb1dbacbde2
B01HM30K48,feature_89316816fe165e92
B01HM30K48,feature_8a63563fb99de60d
B01HM30K48,feature_9b46b3670552c98f
B01HMGQ48G,feature_5088c9d13c9e8ea8
B01HMGQ48G,feature_6ef8a783d079b511
B01HMGQ48G,feature_b3ad7195c081534a
B01HMGQ48G,feature_bde927b29379d196
B01HMGQ48G,feature_e1f610747141e8a2
B01HMGQ48G,feature_eebe42d68df4d062
B01HMIXC9S,feature_5bcd465a8274cf62
B01HMIXC9S,feature_6f775574975c54f7
B01HMIXC9S,feature_92602b4eaa46112a
B01HMIXC9S,feature_cfd35f840fea45ad
B01HMIXC9S,feature_f6489cb9b75bd1c1
B01HN1XYAG,feature_e653405b3184fe68
B01HNQMJC0,feature_01595cd75bf63934
B01HNQMJC0,feature_43588b3f62f2a6e9
B01HNQMJC0,feature_871cf921a4a31ae7
B01HNQMJC0,feature_ec6ffe27f46310eb
B01HNQMJC0,feature_f3e23e2a8be0ee05
B01HNQMJC0,feature_fa3bd3a95b3d0643
B01HORDQ0C,feature_7aef1b635164b2e7
B01HORDQ0C,feature_9576fcdb57b57f69
B01HORI35A,feature_2ab13ad697fb9439
B01HORI35A,feature_51dd4650a549f60d
B01HPF1CPY,feature_0bcbb8269139f477
B01HPF1CPY,feature_0e7c4ac2c7b3945f
B01HPF1CPY,feature_106c3400dc377919
B01HPF1CPY,feature_37486df957264a21
B01HPF1CPY,feature_79db3193cd23a222
B01HPF1CPY,feature_a803a7b9f149d64a
B01HPF1CPY,feature_abe58f1e6f28a1a6
B01HPF1CPY,feature_bc67b316a290ff64
B01HPF1CPY,feature_cd5c48e0c06ae715
B01HPF1CPY,feature_e291e7e8693830b8
B01HPIPRQQ,feature_2b9414c41a129160
B01HPIPRQQ,feature_7846226238e1b4bf
B01HPIPRQQ,feature_7c25d528f3e8abd7
B01HPIPRQQ,feature_99c82b629a89e230
B01HPIPRQQ,feature_ae9483fbc2c5b1c5
B01HPIPRQQ,feature_af0fa789c04fbd08
B01HPIPRQQ,feature_ccb179e126255ceb
B01HPIPRQQ,feature_d89bd41b056b0113
B01HPIPRQQ,feature_e43d8d6c4f439c1a
B01HPIPRQQ,feature_fd4ae816ef5ab632
B01HPKBQFK,feature_1a38db4737a3e9d0
B01HPKBQFK,feature_502f8aa043f53864
B01HPKBQFK,feature_9d084e0149d39846
B01HPKBQFK,feature_b0456c4df9c5a26f
B01HPKBQFK,feature_bd05fb5424a35f1a
B01HPKBQFK,feature_d7b97a19744bc20a
B01HUCNQP6,feature_3e97668d37c3d476
B01HUCVJWS,feature_af149e3fdce01e47
B01HV6RAUI,feature_0e764c3f7086668d
B01HV6RAUI,feature_2a9fea72b0871d04
B01HV6RAUI,feature_2ab249f4c02c1227
B01HV6RAUI,feature_32fa829bfd4f2ec1
B01HV6RAUI,feature_48d1c5b11e52dad0
B01HV6RAUI,feature_713e4cdc0ff5e6b3
B01HV6RAUI,feature_86f64be2aa6926a2
B01HV6RAUI,feature_a0aef4cfd24cc5a9
B01HV6RAUI,feature_a8f9a03055217d56
B01HV6RAUI,feature_db7db109cabc8935
B01HXFAQIA,feature_01de53dbfcbd5527
B01HXFAQIA,feature_3273f9a56b2f157d
B01HXFAQIA,feature_515765265fdeebff
B01HXFAQIA,feature_a0f9780d2211f9dc
B01HXFAQIA,feature_cb60e069bbe0eae1
B01HYN6G4Y,feature_162461670413084b
B01HYN6G4Y,feature_3b6fdb0b07408eab
B01HYN6G4Y,feature_41deba839e49ec4c
B01HYN6G4Y,feature_79e2b3d705a5f5fd
B01HYN6G4Y,feature_7afee378830819ea
B01HYN6G4Y,feature_8c3be372da64922a
B01HYN6G4Y,feature_be792442f7f408c0
B01HYN6G4Y,feature_bec50885f4026cb3
B01HYN6G4Y,feature_f9735c7f8b8bf787
B01HYN6G4Y,feature_ff23ff394b57e680
B01I54JJB8,feature_05e0271337469f52
B01I54JJB8,feature_1a7d91a6b472ec02
B01I54JJB8,feature_53eeb491741e78eb
B01I54JJB8,feature_7fa220780937b7db
B01I54JJB8,feature_a0b0bb0e55e02055
B01I54JJB8,feature_d6c03818cc0a76cc
B01I54K0ES,feature_05e0271337469f52
B01I54K0ES,feature_1a7d91a6b472ec02
B01I54K0ES,feature_44eada6e5c20ddac
B01I54K0ES,feature_53eeb491741e78eb
B01I54K0ES,feature_c003a0e1f1ec6ce4
B01I54K0ES,feature_d6c03818cc0a76cc
B01I5TPOQW,feature_05e0271337469f52
B01I5TPOQW,feature_1a7d91a6b472ec02
B01I5TPOQW,feature_53eeb491741e78eb
B01I5TPOQW,feature_69fbc42bb2cccdca
B01I5TPOQW,feature_d6c03818cc0a76cc
B01I5TPOQW,feature_dfe8730e8c47eb03
B01I6JG852,feature_af481a197c264dfb
B01I7LQTAI,feature_9cdd2d16ba20efbf
B01I7LQTAI,feature_f4ddd32093f39da3
B01I8FPGTI,feature_6cd946f4dac38a79
B01I9TKRPG,feature_1c7e162aea98617d
B01I9TKRPG,feature_bbdee4313aaa11e7
B01I9TKRPG,feature_f068e0b114a74cdf
B01IA954Q2,feature_1857937f4d22287c
B01IA95RBE,feature_1979bb73bdb842f8
B01IA96JFM,feature_0fdd69489cc4dbcc
B01IA96JFM,feature_15c8836a35efd427
B01IA96JFM,feature_2d461e67e61b2f17
B01IA96JFM,feature_2d54d2b1301faa7c
B01IA96JFM,feature_adb9860ac81e6cf1
B01IA96JFM,feature_add6941b07bf1428
B01IA96JFM,feature_c0d32f6cb84868e2
B01IA96JFM,feature_e392b7d625985e78
B01IA96OJS,feature_1c2c537e68096a0d
B01IA97PJ6,feature_09226c580ac3a7bb
B01IA97PJ6,feature_0af8203c2e1b1e1b
B01IA97PJ6,feature_72378a631b34a5ed
B01IA97PJ6,feature_ce976c584c3971c0
B01IA97PJ6,feature_f5bfd7f90b0c490e
B01IA99FB2,feature_30740f488f313e48
B01IA99FB2,feature_367d3f923e02fd2c
B01IA99FB2,feature_8a9ce5ba2e0e0336
B01IA9CY3I,feature_05fcd0b05d52bc94
B01IA9CY3I,feature_25137bd6df9c3800
B01IA9CY3I,feature_353f5191a7ddd2af
B01IA9CY3I,feature_8a96a7665c486269
B01IA9CY3I,feature_ffb18a063bebd032
B01IA9DCQQ,feature_981590231e5915ef
B01IA9DHLG,feature_654d506407ff0913
B01IA9DHLG,feature_9db560b9eaf36a21
B01IA9DHLG,feature_d443cb74348ca97c
B01IA9EE2M,feature_5c04036f7584ce05
B01IA9F2HS,feature_1a64acebf1ff5ff4
B01IA9F2HS,feature_42fdd785a7cbd101
B01IA9F2HS,feature_d70b8a207270ed37
B01IA9G6XM,feature_05e0271337469f52
B01IA9G6XM,feature_05e9711892044c98
B01IA9G6XM,feature_5598e4e7c3d73d28
B01IA9G6XM,feature_92d889cbe1790bc5
B01IAC0XHY,feature_12d7125c1d7738ef
B01IAC0XHY,feature_13d3641a3b47c6fd
B01IAC0XHY,feature_4800a6b4fa55fa98
B01IAC0XHY,feature_9867a792de2ed9ff
B01IADVHDM,feature_c6fe05a64d896e7b
B01IADXLP4,feature_4df0347a5ecb1e04
B01IADXLP4,feature_584020b21eb1d77b
B01IADXLP4,feature_5b031537d403adf1
B01IADXLP4,feature_6266a19c8fa309fb
B01IADYY96,feature_203328d50c5a4e9b
B01IADYY96,feature_93bc3ec3e6ede0e7
B01IADYY96,feature_c0561b2a341ea738
B01IADYY96,feature_c0b9527d6698a0f8
B01IADYY96,feature_c937fa9c7bfbdec0
B01IADYY96,feature_e723e8478b7923c1
B01IAE1UVA,feature_f7ee803c724a1cef
B01IAE2CC6,feature_7a9e94ff4ef1db61
B01IAE2CC6,feature_ec954c818346f129
B01IAE2CC6,feature_f74a6ef69e059046
B01IAEKUB6,feature_0f6caa55aa9fdff0
B01IAEKUB6,feature_8211bbf25404654f
B01IAEKUB6,feature_cce20305de52cc7f
B01IAEKUB6,feature_f22a35d2497c7408
B01IAEKUB6,feature_fbb4f23c3100e1fb
B01IAEKUB6,feature_fddf7d15ec2b1859
B01IAEL9NE,feature_0abd94abec79002a
B01IAELAWE,feature_0abd94abec79002a
B01IAELPYC,feature_c0ffe31f312993db
B01IAELRK4,feature_9a2578ff578679bf
B01IAELRK4,feature_a4396dc7b747283d
B01IAELRK4,feature_d750f0e2de9ba543
B01IAEM27G,feature_9c1fd6ed8e265490
B01IAEUCBO,feature_563f6dd3da5e2c6b
B01IAEUCBO,feature_78dbf9fbd299100e
B01IAEUCBO,feature_9b4fb0a9f31fcec4
B01IAEUCBO,feature_b300fc4657981847
B01IAEUCBO,feature_c09fdc213c1059f2
B01IAEUCBO,feature_d493b94e2b54f694
B01IAEUCBO,feature_dc6048e0f0475b7a
B01IAEUCBO,feature_e5e708b82d136286
B01IAEUCBO,feature_e94e45e9c7271e01
B01IAEUCBO,feature_f1fb382a5f6bdd19
B01IAEZIQI,feature_d2f3b22baac5a255
B01IAFD238,feature_2f4e23209d4df12d
B01IAFD238,feature_733d0735c8394ec3
B01IAFD238,feature_882c4d63ec09df23
B01IAFD238,feature_b179a4724cc3cffe
B01IAFD238,feature_c3babcca91e65920
B01IAFD238,feature_c9f1598645774038
B01IAFJFMU,feature_2ab4f9a21bfcbf9a
B01IAFJFMU,feature_9dc6ec27533f88f7
B01IAFJFMU,feature_fff1eedb8945d486
B01IAFJK66,feature_29ed472632883cc1
B01IAFJK66,feature_8145260b8c73c975
B01IAFJK66,feature_fff1eedb8945d486
B01IAFKY8Y,feature_127c7cbaf97347b8
B01IAFKY8Y,feature_dfbc7bbb9734c2c9
B01IAFKY8Y,feature_ec11607a72ab8a7f
B01IAHYINE,feature_029762dd878ee432
B01IAHYINE,feature_2090f0633e363494
B01IAHYINE,feature_87d4667634aaca20
B01IBJIQIE,feature_57e3dabb901b27ed
B01IBJIQIE,feature_61cc0a4afeba3c6a
B01IBJIQIE,feature_70c35f63f7d9b3a0
B01IBJIQIE,feature_b6998ed7b5db952b
B01IBJIQIE,feature_b85e6d89d511de91
B01IBJIQIE,feature_fb72335744ba2f57
B01IBVVMBA,feature_c14fbe4a9b4f1b50
B01ICU2CU0,feature_b5ed4eeed91c5698
B01IDQSW48,feature_2161f51a2c2cecb0
B01IDQSW48,feature_254f75e738388206
B01IDQSW48,feature_38e7308115184915
B01IDQSW48,feature_4623529fefa5078b
B01IDQSW48,feature_9d19cb09fbee7fed
B01IDQSW48,feature_afbf0b04e261d2a8
B01IFP1NNE,feature_fe8a48e1c2ae60fa
B01IHM4080,feature_0965aca345fb92e1
B01IHM4080,feature_4ef6affa55c55dd3
B01IHM4080,feature_688477a5299a1260
B01IHM4080,feature_8f5817375eff1b29
B01IHM4080,feature_9f78fdbbf374e037
B01IHM4080,feature_e67f0aef2d688fe7
B01IKK8RBA,feature_072219c4e7a6d252
B01IKK8RBA,feature_6d3bb6a03a81b951
B01IKK8RBA,feature_a7d1ca73b8c6fc8e
B01IKK8RBA,feature_d0e24b0a67d7bfe6
B01IKK8RBA,feature_db50c528f7d6cd1e
B01INZDBGS,feature_19b7b6ba3290f940
B01INZDBGS,feature_3300924e34bbb10a
B01INZDBGS,feature_3c00457a140829ce
B01INZDBGS,feature_42ec12db63a2739f
B01INZDBGS,feature_6d6eae9bea76001f
B01INZDBGS,feature_c7870c2d4abf7063
B01IPM8RWM,feature_15e6350380b0070e
B01IPM8RWM,feature_2a87ab18aa159392
B01IPM8RWM,feature_451edad09b65925d
B01IPM8RWM,feature_5185c294fd96a7a2
B01IPM8RWM,feature_7e4b416821f930b1
B01IPM8RWM,feature_a78e92528069d104
B01IS55MZQ,feature_2be4012fbbc96709
B01IS55MZQ,feature_c558b4d69f6e9e5b
B01IVZR37S,feature_077416ce7853bff8
B01IVZR37S,feature_0b1bed7de16911df
B01IVZR37S,feature_500fc2f29d8ab847
B01IVZR37S,feature_cf493b5b6c88c8bc
B01IZODTNM,feature_3fdaabba14430dc3
B01IZODTNM,feature_75e5f175ab9ec3f2
B01IZODTNM,feature_7d068be7e6d2a489
B01IZODTNM,feature_ac82a7c44c3d77d6
B01IZODTNM,feature_e22ba8b87ffa3b02
B01IZODTNM,feature_ffbc8824640202f2
B01J17WRGC,feature_05a075349f8cc5b8
B01J17WRGC,feature_0df7460103d50fd1
B01J17WRGC,feature_48682f14cc003926
B01J17WRGC,feature_86ae49f11a7082a9
B01J17WRGC,feature_f723f55601c839c6
B01J2REJA8,feature_3df45b6355c15c2f
B01J2REJA8,feature_44b1245886fe7442
B01J2REJA8,feature_4fa150915a37cdad
B01J2REJA8,feature_5fbefb3c0f2b527d
B01J2REJA8,feature_ce2563942146d8a6
B01J2REJA8,feature_dcef849e022bdb6a
B01J38DFXS,feature_32ae8a8e6458adbc
B01J38DFXS,feature_84b5c27d61fa81d3
B01J38DFXS,feature_9a17f85c7477e4e2
B01J38DFXS,feature_afb5345249eef348
B01J38DFXS,feature_c7ae813614170676
B01J38DFXS,feature_d3c693285c9c1e55
B01J38DFXS,feature_f0630b408b89d9fb
B01J4LM0VM,feature_c70611c722187c0f
B01J9PDZAS,feature_2692d61175bb73b0
B01J9PDZAS,feature_866016c6f74cacd6
B01J9PDZAS,feature_cc68a48a3db83238
B01J9PDZAS,feature_d3680a82b2108d35
B01J9PDZAS,feature_eb3bd3425df2b715
B01JD0UH0U,feature_58cf627602292b00
B01JD0UH0U,feature_8aac4c74b9895e6b
B01JD0UH0U,feature_9c7116b3002198e3
B01JDBTPJS,feature_1910bf84b2d16ba4
B01JDBTPJS,feature_5fd956bf971855b0
B01JDBTPJS,feature_7b68a5efbb5fbaed
B01JDBTPJS,feature_966877b0c1ffab81
B01JF8IGK8,feature_0e07c0725c1ff5b4
B01JF8IGK8,feature_30166419a702ba47
B01JF8IGK8,feature_366a8edc167fcad8
B01JF8IGK8,feature_521fcca680755dbe
B01JF8IGK8,feature_966ea74f94fe9ab3
B01JIVNPYE,feature_77146b82aca41c08
B01JIVNPYE,feature_80aa09d5b8ff527a
B01JIVNPYE,feature_81fc14171367a5e7
B01JIVNPYE,feature_a158584881fa4ea9
B01JIVNPYE,feature_af8b2cd3b63f4d40
B01JIVNPYE,feature_f48c86efc0b45d9c
B01JJD5U62,feature_00deed2d0daa5692
B01JJD5U62,feature_1245871edc769500
B01JJD5U62,feature_18b72cb9881cd60a
B01JJD5U62,feature_1d2caa030e88832e
B01JJD5U62,feature_36f17abd657b81ef
B01JJD5U62,feature_43ed69b80e4acf3e
B01JJD5U62,feature_4634fd4acea41ba7
B01JJD5U62,feature_52912c99c311ef0d
B01JJD5U62,feature_bdfa9d898ae9ec34
B01JJD5U62,feature_cc9c3d241783ce20
B01JM7M806,feature_11b8a4ced9a47964
B01JM7M806,feature_34fe8c39a8cfd9de
B01JM7M806,feature_b2969789a3868dee
B01JM7M806,feature_dae054ac4fa41693
B01JM7M806,feature_fdfd6ba8b8d2119b
B01JMDTRUY,feature_2229c40599c1b9e1
B01JMDTRUY,feature_2a6fb8d744cba3c7
B01JMDTRUY,feature_335f63f02b14581f
B01JMDTRUY,feature_63a29cdf3703b802
B01JMDTRUY,feature_765ec1425ec1e7f0
B01JMDTRUY,feature_e2720078a3ae9d27
B01JO6ZPMI,feature_05a075349f8cc5b8
B01JO6ZPMI,feature_178ee0e43813679d
B01JO6ZPMI,feature_2403f11652841729
B01JO6ZPMI,feature_3d6b0605af6b52ba
B01JO6ZPMI,feature_3d8cf73527ec771f
B01JO6ZPMI,feature_40cf8e81f29c4f3a
B01JO6ZPMI,feature_857b075d709008fa
B01JO6ZPMI,feature_ba7fa7e314e21862
B01JO6ZPMI,feature_bcb2c7aa006417df
B01JO6ZPMI,feature_efa5dcc6179411bb
B01JROST7K,feature_128681ec39727d2b
B01JROST7K,feature_69b305db70645b1a
B01JROST7K,feature_958cec81b6f46286
B01JROST7K,feature_9f23d3cde08119c0
B01JROST7K,feature_b9ea78dfb4f1598d
B01JROST7K,feature_d275769ca4771c57
B01JROZUCC,feature_128681ec39727d2b
B01JROZUCC,feature_4b64b8765973f375
B01JROZUCC,feature_69b305db70645b1a
B01JROZUCC,feature_9f23d3cde08119c0
B01JROZUCC,feature_b9ea78dfb4f1598d
B01JROZUCC,feature_d275769ca4771c57
B01JTZ24UA,feature_01e37599757b333a
B01JTZ24UA,feature_0cf215f45fbde8b8
B01JTZ24UA,feature_6d2f8c61cb3099c1
B01JTZ24UA,feature_addad9bcae433357
B01JTZ24UA,feature_afd2575b9c5462e1
B01JV91BBW,feature_342ff992e96bbb02
B01JV91BBW,feature_9393c76dc5841d56
B01JV91BBW,feature_b0a6d52fe02afe85
B01JV91BBW,feature_d51288269920cd24
B01JVCJWZ6,feature_0da52d4bb6dbce3c
B01JVRX6VC,feature_126c9c180f4e6d30
B01JVRX6VC,feature_17d6e11b2fa3da1c
B01JVRX6VC,feature_904e98819dd7d754
B01JVRX6VC,feature_a7277d53d4fdcef8
B01JVRX6VC,feature_c199974f0a1aff2a
B01JVRX6VC,feature_e5266f9d89de4db4
B01JVS96OW,feature_126c9c180f4e6d30
B01JVS96OW,feature_67f215a360f204df
B01JVS96OW,feature_904e98819dd7d754
B01JVS96OW,feature_a7277d53d4fdcef8
B01JVS96OW,feature_c199974f0a1aff2a
B01JVS96OW,feature_e5266f9d89de4db4
B01JZVS4JS,feature_94eb1b1b37e98137
B01JZVS4JS,feature_97fb1174c0c4358a
B01JZVS4JS,feature_9df5ff983d55d3f0
B01JZVS4JS,feature_a97b91f045a9ed70
B01JZVS4JS,feature_b9fd32bcb461409c
B01JZVS4JS,feature_d0e98c93a65fef0d
B01K1GKNTU,feature_246bce71b1100eae
B01K1GKNTU,feature_3e835d13f7294b10
B01K1GKNTU,feature_4b0db7d438709237
B01K1GKNTU,feature_54902b98ee139642
B01K1GKNTU,feature_5fc41dc95b95342b
B01K1GKNTU,feature_84b17db45352304a
B01K1GKNTU,feature_c84b86da9e7542a5
B01K1W3OMC,feature_0ab0e81ede282086
B01K1W3OMC,feature_802674525d8a1af5
B01K1W3OMC,feature_94012d6e6dc5cbf9
B01K1W3OMC,feature_d37fe5a03ce1ff9d
B01K1W3OMC,feature_e58b101d960ff966
B01K8QC0PI,feature_51037467bc052231
B01K8QC0PI,feature_68c04d82b832fbfb
B01K8QC0PI,feature_7105e982a765b27c
B01K8QC0PI,feature_87946bda82bfac56
B01K8QC0PI,feature_8c4ffb335ec7cdd6
B01K8QC0PI,feature_9b4fb0a9f31fcec4
B01K8QC0PI,feature_c4db8bf5d1bbecb9
B01K8QC0PI,feature_c7aaba359502aea3
B01K8QC0PI,feature_dca86c3bd3df0351
B01K8QC0PI,feature_eb1585e2756a1aec
B01KBMMRAC,feature_5bcee8725cd33054
B01KF8K17S,feature_2bfa4bc70534af21
B01KF8K17S,feature_920d83450eb6e34c
B01KF8K17S,feature_9f50882295d3f0af
B01KF8K17S,feature_cca6212c56eab8d7
B01KLEASB0,feature_13eb2313eb716633
B01KLEASB0,feature_1fb75668968a0eb1
B01KLEASB0,feature_1fdfc4c17bcb63dd
B01KLEASB0,feature_75d8576afcd9d32b
B01KLEASB0,feature_86d89d7395f6e9e2
B01KLJVXDM,feature_1ac33bc799c6fa57
B01KLJVXDM,feature_3450eb0363e25fa9
B01KLJVXDM,feature_5bf4bb0f07b66947
B01KLJVXDM,feature_67adfa86a33e8492
B01KLJVXDM,feature_b171a322389fe96e
B01KM5VRSQ,feature_3acc6378429a0631
B01KM5VRSQ,feature_b7f2a36784366747
B01KM5VRSQ,feature_d029c0edbbd9dc23
B01KM5VRSQ,feature_e3d285add94eb879
B01KM5VRSQ,feature_e89770b8793dd9b6
B01KOBSI5I,feature_84a4dcec887b3e0d
B01KOBSI5I,feature_b35e1b2a4e542017
B01KOBSI5I,feature_f46d8af372bfab2d
B01KOBSI5I,feature_f4acbf9b3ba33959
B01KOBSI5I,feature_faba7fdfd7d378d7
B01KOBSI5I,feature_fe5ebb0f557d9ade
B01KU7ZGM4,feature_0c39ce9cb4a9d448
B01KU7ZGM4,feature_50efe864cc0bc0f6
B01KU7ZGM4,feature_932ed49701f0d78d
B01KU7ZGM4,feature_9dae207b7826d547
B01KU7ZGM4,feature_ba27d319e632bb82
B01KU7ZGM4,feature_fe2ce8b4118ca19e
B01KVRCZ9U,feature_a37457b9cc69d44e
B01KVRCZ9U,feature_a948578f6e7547c2
B01KVRCZ9U,feature_be0484f32f9ab70c
B01KVRCZ9U,feature_f9d3cea61478a11e
B01KXXLNN6,feature_2cb0869035602c8d
B01KXXLNN6,feature_7154567f66f7006c
B01KXXLNN6,feature_bbbee03594bb2be8
B01KXXLNN6,feature_d19d4849c90a7cdd
B01KXXLNN6,feature_dc35e871b0dd1ba3
B01KYROUBI,feature_5cd5d3d9bf2fff02
B01KYS5EVW,feature_8b33706789626c6d
B01L4LT0EK,feature_1ec5e5783573c4cb
B01L4LT0EK,feature_374ad4138f655778
B01L4LT0EK,feature_5855587da0f8b69a
B01L4LT0EK,feature_950cfd09c66556e8
B01L4LT0EK,feature_d9e09ddbeeb0e2f2
B01L4LT0EK,feature_ec7a4eb50ecde92c
B01L94SSHC,feature_13e832199da29705
B01L94SSHC,feature_1d9126e2fc2d0c95
B01L94SSHC,feature_1f5a826d1e677af0
B01L94SSHC,feature_4f89c8b7d57ca6c9
B01L94SSHC,feature_820d9a84b4344d6d
B01L94SSHC,feature_dd74e3730ad15b26
B01L94SSHC,feature_f1f1425b65e5770c
B01L94SSHC,feature_f90b708afd040962
B01L94SSHC,feature_f9a94b097f796f60
B01L94SSHC,feature_ffec43e0bb9c8759
B01LBUSDGA,feature_1c83f18cdbe41995
B01LBUSDGA,feature_3725fb0053d91359
B01LBUSDGA,feature_5cb9b994a5320fa0
B01LBUSDGA,feature_a4d168c5c19f5c44
B01LBUSDGA,feature_ed22a934eefbbef1
B01LE3GULY,feature_7ad89c1790d8ad97
B01LF8FVQS,feature_383600ed46531d49
B01LF8FVQS,feature_8e2bb509893d9dc9
B01LF8FVQS,feature_a28b6f3b78f749d5
B01LF8FVQS,feature_d76570aa00648247
B01LF8FVQS,feature_dde6814c4e575122
B01LFUCWKO,feature_3b3762da56341df3
B01LFUCWKO,feature_3c0da82d42efdc5a
B01LFUCWKO,feature_5d9eff2c4bf23648
B01LFUCWKO,feature_67e9d9fb5b74356d
B01LFUCWKO,feature_8085635eae1f6f65
B01LK627I0,feature_0cba7d42d3270f1a
B01LK627I0,feature_3f9df37b195edad1
B01LK627I0,feature_bf465931e5f54ea2
B01LK627I0,feature_c8bffb15509824b8
B01LKFPCGK,feature_c55ac48f2700b8ee
B01LMLJEWK,feature_291ce0c89b81068b
B01LNGUJEG,feature_437de0bdb0490e66
B01LNGUJEG,feature_481f83956fe75662
B01LNGUJEG,feature_6ca30d273d485c8e
B01LNGUJEG,feature_8285295cbfd93b3f
B01LNGUJEG,feature_ccf0df87debe147f
B01LSCJUEA,feature_7497349de94e9b25
B01LSCJUEA,feature_c46ea6b59dc465b4
B01LSCJUEA,feature_dba06f8ab2fb790c
B01LSCJUEA,feature_eec08df70ab05e3c
B01LVW42NJ,feature_a89a0653c23ab3e8
B01LW95RHN,feature_6a6195067e03f008
B01LW95RHN,feature_ba677d8b8a8d0533
B01LWMH7G2,feature_526a4982b22f7d81
B01LX1R596,feature_42cd0c415617d72d
B01LX1R596,feature_95876c78f4b6c6f6
B01LX1R596,feature_d88ed30bd17b10e4
B01LX1R596,feature_d9295871ea4c5c72
B01LX1R596,feature_e1343c5fc92f4f80
B01LX1R596,feature_e30372e2dfac57b6
B01LX8ZEDK,feature_5a124da70ef2397b
B01LX8ZEDK,feature_639f1a71d736dd3d
B01LX8ZEDK,feature_6e4fd8a877eccfa6
B01LX8ZEDK,feature_869c50f1531bacb1
B01LX8ZEDK,feature_c956037f4f54aa8d
B01LX8ZEDK,feature_fc1ff93eeb4f90b1
B01LXAXDSI,feature_2fb405be1a57b354
B01LXAXDSI,feature_4f005a8621624f72
B01LXAXDSI,feature_8ce739af0d3b3863
B01LXAXDSI,feature_bc33b0ddd85044c0
B01LXB2XBJ,feature_3c45a9a8e4587441
B01LXB2XBJ,feature_436b48912fe4d0ee
B01LXB2XBJ,feature_4bff68ce13d4f7c6
B01LXB2XBJ,feature_c294de6a9f6015b3
B01LXB2XBJ,feature_cf87094acc87e85f
B01LXB2XBJ,feature_d98eeade4a68a59a
B01LXJUR7N,feature_9b489f5c2d1b5ae8
B01LXQTVNE,feature_0f1df11a14a71ba2
B01LXQTVNE,feature_7f97a2870eef9725
B01LXQTVNE,feature_89aac8b1f3b95802
B01LXQTVNE,feature_a64b7305eed5fa5d
B01LXQTVNE,feature_d5a244a825c4b602
B01LXVXVJ7,feature_301ea1b78ad0870f
B01LXVXVJ7,feature_484a6b6110ecbdf5
B01LXVXVJ7,feature_a1b466ca13f16755
B01LXVXVJ7,feature_a8a164e44a6c4962
B01LXVXVJ7,feature_b1ca3e6a51385677
B01LXVXVJ7,feature_cc1493d89a311efc
B01LXVXVJ7,feature_fc5e0f3c5b003d64
B01LXYHF2G,feature_2d8c03b4d921429e
B01LXYHF2G,feature_6843c715fa4a049a
B01LXYHF2G,feature_69eaf5cf222478e5
B01LXYHF2G,feature_9d69dddb494f29db
B01LXYHF2G,feature_ce4bf6fda3a68035
B01LXYHF2G,feature_e1bf9e40a23a499e
B01LXYHF2G,feature_e86f7f597d0b0788
B01LXYHF2G,feature_fb569d447bf6b0aa
B01LXYHF2G,feature_fc0f9918e36345e5
B01LXYHF2G,feature_fef0bb80c3e13673
B01LY0P2KN,feature_17ba9685b0add12d
B01LY0P2KN,feature_64f3cb9543839d81
B01LY0P2KN,feature_7ae8a4a7e28f70cf
B01LY0P2KN,feature_83e885c080be07ab
B01LY0P2KN,feature_b90dd7a5fef8d41e
B01LY0P2KN,feature_cf712b2bc0dbb5ab
B01LY787Z0,feature_05f2565bac47d347
B01LY787Z0,feature_408691f70a7838d9
B01LY787Z0,feature_4f8da19e085aef35
B01LY787Z0,feature_5b14135f0eea9327
B01LY787Z0,feature_616c514374894491
B01LY787Z0,feature_6245e3364815ae36
B01LY787Z0,feature_69f83e09074c8932
B01LY787Z0,feature_760d0d0c723ce54b
B01LY787Z0,feature_7e6a13e775da2bb3
B01LY787Z0,feature_f3ff146d5c6e843b
B01LYFHVOU,feature_3730b7064832fba5
B01LYH7YN7,feature_2d9b1138f5558082
B01LYH7YN7,feature_3ef1e09bded3ee54
B01LYH7YN7,feature_439c77b267cfa730
B01LYH7YN7,feature_6b8662753c4264b1
B01LYH7YN7,feature_945afcc175d25103
B01LYH7YN7,feature_9d1ae8d92af261a7
B01LYH7YN7,feature_a9afc1880317bb8e
B01LYH7YN7,feature_b2ab77707afe1704
B01LYH7YN7,feature_b6bd67072a37fc57
B01LYH7YN7,feature_c5fdb2c512b885b9
B01LYLRKAD,feature_8aa1146a97f77291
B01LYWBNGJ,feature_0f60066bbc289d8b
B01LYWBNGJ,feature_16da0008d6c2dd3d
B01LYWBNGJ,feature_1f860f24e9493533
B01LYWBNGJ,feature_6047be3547252d7a
B01LYWBNGJ,feature_7d7c128beb53cb4e
B01LYWBNGJ,feature_ce45c177e41a3349
B01LYWBNGJ,feature_d450bfedb277823f
B01LYWBNGJ,feature_da14055a5ea01a51
B01LYWBNGJ,feature_e87a2c61f632f2f0
B01LYWBNGJ,feature_ef02162a092adb5d
B01LYWGTG0,feature_662725f69bd39f7d
B01LYWGTG0,feature_d2b959559083b9c6
B01LZGL9JB,feature_588580d573c0457a
B01LZGL9JB,feature_706144092d99b997
B01LZGL9JB,feature_a209ecb36e0b0a04
B01LZGL9JB,feature_ee861c72f59677fa
B01LZGL9JB,feature_fbcd5bf3d4f5475e
B01LZJ0RTY,feature_19197792608fa593
B01LZJ0RTY,feature_21554318c3361cca
B01LZJ0RTY,feature_4cc003eb9fec26f9
B01LZJ0RTY,feature_55ebcb5fa142e7d0
B01LZJ0RTY,feature_dcc7bc0b25b4fb31
B01LZJ0RTY,feature_f725d603e798eecc
B01LZJEYL3,feature_0f17941c227ee568
B01LZJEYL3,feature_28dca415c97577e7
B01LZJEYL3,feature_48bd089782b1dc32
B01LZJEYL3,feature_6321632c76070e96
B01LZJEYL3,feature_8dcfbc270414565c
B01LZJEYL3,feature_cc0f979332653be6
B01LZVM2IN,feature_6710079f653ea33e
B01M057IUT,feature_2c8a1501331d2ae9
B01M057IUT,feature_40b4bac29fd21bb5
B01M057IUT,feature_6f32e2d150fb386b
B01M057IUT,feature_9567fa1f14ee02de
B01M057IUT,feature_e456892880c31d42
B01M07CRQR,feature_04b878bcf556beb9
B01M07CRQR,feature_2a5321d69e4aa4f3
B01M07CRQR,feature_41e59c7389dc4f7f
B01M07CRQR,feature_4693443ba4d10826
B01M07CRQR,feature_6bf64de186a7110a
B01M07CRQR,feature_6bfef15b701ff7a9
B01M07CRQR,feature_95ae13c391a8ec6b
B01M07CRQR,feature_b6a86a2e91298af6
B01M07CRQR,feature_e241627518d78fb9
B01M07CRQR,feature_eb974a37b8318f0c
B01M0ZP3I6,feature_03a3a6f0649828c4
B01M0ZP3I6,feature_9c7116b3002198e3
B01M1B2TRO,feature_17ed25c3269edc9a
B01M1B2TRO,feature_43fc0dacf08bc32a
B01M1B2TRO,feature_5848b4000ee2fc1a
B01M1B2TRO,feature_66e9b7918a62dea5
B01M1B2TRO,feature_89c997f1d48fe0c7
B01M1B2TRO,feature_af727bf3060ef71a
B01M1F9QNC,feature_681e436556acf5a4
B01M1F9QNC,feature_8c32e57079f7a4e5
B01M1F9QNC,feature_a42d29ca3f99eead
B01M1F9QNC,feature_a7f071c02a5dfcf4
B01M1F9QNC,feature_bf81fe30fe1a3faf
B01M1MYFD3,feature_06d9d291cc58db5b
B01M1NUJZN,feature_05ee9d6cc2402146
B01M1NUJZN,feature_95eea5d1537d4137
B01M1NUJZN,feature_d0a0aef4a4508fde
B01M1NUJZN,feature_d21c96eb1b23d2da
B01M1NUJZN,feature_fd399a11327c74d9
B01M1NUJZN,feature_fd5b84bf2c8b238a
B01M1RBJO1,feature_18b7ac2ceda970bd
B01M1RBJO1,feature_2641dd2ea880ef87
B01M1RBJO1,feature_3e7864354704bc84
B01M1RBJO1,feature_7c31760c005eeb80
B01M1RBJO1,feature_ec7b1882f78c92ea
B01M1XWWM0,feature_517e17b0bfb55d8b
B01M1XWWM0,feature_6c64704409176fc1
B01M1XWWM0,feature_db16d875196c96c6
B01M1XWWM0,feature_e46cbcae21fa1493
B01M1XWWM0,feature_ea350469eaf5259c
B01M2AZ1X6,feature_506d0e967c0f1f03
B01M31RMBB,feature_53e2846db8c2a5de
B01M31RMBB,feature_9446df00646a4927
B01M31RMBB,feature_9dca77a93f7c43e5
B01M31RMBB,feature_fe1390d0998075a8
B01M3NRALA,feature_12a0ce7d765e1059
B01M3NRALA,feature_1961f4789c9172b4
B01M3NRALA,feature_3f08cde5e3f63388
B01M3NRALA,feature_89576f820f1d04c3
B01M3NRALA,feature_a69ee050e67c6071
B01M3NRALA,feature_c84643e285cd1c0a
B01M4LZ3FX,feature_4947468c59039583
B01M4LZ3FX,feature_9444a77ecaac2c7d
B01M4LZ3FX,feature_d74162a3ff2eac1c
B01M5FJ011,feature_8d22f7d73a9e6e13
B01M6W6KGF,feature_2202d3445e10ef2a
B01M6W6KGF,feature_38adb1121ab66712
B01M6W6KGF,feature_3b29b9d68bff4af8
B01M6W6KGF,feature_a54a5b045fcfc632
B01M6W6KGF,feature_fa090ae3e18455ca
B01M6ZM5PD,feature_08555b308fbb3746
B01M6ZM5PD,feature_11a6da38f75a6d0f
B01M6ZM5PD,feature_29dd5b0b23d46f45
B01M6ZM5PD,feature_2defe560e1c2d4c3
B01M6ZM5PD,feature_3211dbde399b78e7
B01M6ZM5PD,feature_40af79694eea83d5
B01M6ZM5PD,feature_447c41c5c7bfe130
B01M6ZM5PD,feature_7dd9f6e92a287e36
B01M6ZM5PD,feature_9ea5e77043de9385
B01M6ZM5PD,feature_c5e44e79df703392
B01M6ZNY42,feature_3b8299147e0b02be
B01M75BAJ2,feature_d24bf5ce61454a1c
B01M8G6XYB,feature_824b1554d49e95cc
B01M8G6XYB,feature_93b49eff98240780
B01M8G6XYB,feature_d20dd65ff9a98633
B01M97QYH3,feature_69548607ab0b8f7f
B01M9IT9KX,feature_ae5cf9cb6c4860a5
B01MA1PPXU,feature_24896c9144bbe022
B01MATMJXF,feature_2d5c65572711def3
B01MATMJXF,feature_62170468cc5212d6
B01MATMJXF,feature_78647f698331bd84
B01MATMJXF,feature_b172fddebcf4a5ec
B01MATMJXF,feature_d3bf1b383bf30d65
B01MATMJXF,feature_e59f5ad5c71cc202
B01MATMJXF,feature_fc66f28339eae61b
B01MATQHJE,feature_8ff8b61c8a33bf85
B01MATQHJE,feature_91b0763f2da3592d
B01MCV9VMA,feature_242450f05ddb1885
B01MCV9VMA,feature_8faca2e41760557c
B01MCV9VMA,feature_975d2bbb0b18cc74
B01MCV9VMA,feature_cc78deb7864cea9e
B01MEH6D3I,feature_342c46098f6c5ea4
B01MEH6D3I,feature_4936d25ae4fcb2c4
B01MFDDUVX,feature_0dace5bd6345e1ef
B01MFDDUVX,feature_431117420536a7c0
B01MFDDUVX,feature_43744d6a555bd804
B01MFDDUVX,feature_486495749b000f03
B01MFDDUVX,feature_5341e49ee519b013
B01MFDDUVX,feature_5368edd730c6e9ea
B01MFDDUVX,feature_5be94b2e274a765e
B01MFDDUVX,feature_5cef54059d56cffe
B01MFDDUVX,feature_7f62603e8011fc84
B01MFDDUVX,feature_ba32eb07eb7ccd68
B01MG01PMM,feature_06aed5e4c455b548
B01MG01PMM,feature_37bf38f153a69c40
B01MG01PMM,feature_64f3cb9543839d81
B01MG01PMM,feature_a3ae3571f8329859
B01MG01PMM,feature_b1baf4a8a2531741
B01MG01PMM,feature_e89770b8793dd9b6
B01MQDKHUH,feature_90e3b1d25916a00c
B01MQPWDMZ,feature_0c0e6ca1648e0476
B01MQPWDMZ,feature_3e1702e698883eb0
B01MQPWDMZ,feature_a6d5efb3f28c4508
B01MQPWDMZ,feature_dde86c09c9f69d42
B01MQPWDMZ,feature_e61eb76596cc275d
B01MQPWDMZ,feature_ecdb50211066a375
B01MQQ5GY1,feature_5330277c813af28e
B01MQQ5GY1,feature_a1d41cae24c0790e
B01MQX75DX,feature_2764e8da83b3422b
B01MQX75DX,feature_2dc54fc299a289af
B01MQX75DX,feature_4b188c86ee858917
B01MQX75DX,feature_4f944542e06cd6f2
B01MQX75DX,feature_866016c6f74cacd6
B01MQX75DX,feature_95c4c679b51735b9
B01MQX75DX,feature_cc68a48a3db83238
B01MQX75DX,feature_eb3bd3425df2b715
B01MQX75DX,feature_eb48a897639d2a7a
B01MQX75DX,feature_f8abebc0e56a03f0
B01MRVAFTZ,feature_008d1799db7fe875
B01MRVAFTZ,feature_5a3f06f64d55e9f1
B01MRVAFTZ,feature_76752e313622a2a8
B01MRVAFTZ,feature_9970cee130c52992
B01MRVAFTZ,feature_9e8ad17479161cf3
B01MRVAFTZ,feature_df6dc3884e49ea72
B01MRWMKUU,feature_0ae29bbda8eddaf3
B01MRWMKUU,feature_16a7515ce3911ac6
B01MRWMKUU,feature_18f9d40bb85504f8
B01MRWMKUU,feature_28bb9d01cd5d2c8f
B01MRWMKUU,feature_c090514bc1244d9f
B01MS5GGQO,feature_5de58cad737337d6
B01MSHC70L,feature_1dc5d5cac0d4ad06
B01MSHC70L,feature_7c2d7ad7d33e93b8
B01MSHC70L,feature_840a7bba7ba995ab
B01MSHC70L,feature_c805c84c66854fd7
B01MSHC70L,feature_fa0a8d2e007722e3
B01MSHC70L,feature_fd23dd235abc82f7
B01MSJI75O,feature_e9d5380881480733
B01MSJI75O,feature_ea962f669d25c032
B01MSM2ZHV,feature_c5b42f280f03f7ca
B01MSUESTJ,feature_4bc1990894c6d692
B01MSUESTJ,feature_741d78dda4cf2cc0
B01MSUESTJ,feature_b0d4dc49a83bb2c6
B01MSUESTJ,feature_c6f597943a4ad15b
B01MSUESTJ,feature_e98b69075f2c4556
B01MSY6JYS,feature_635a0fcbc5e6bc37
B01MT0675R,feature_152410fad7e68c84
B01MT0675R,feature_47d90f10954a4cea
B01MT0675R,feature_517ae3cfc50ddda7
B01MT0675R,feature_6b608347bec29235
B01MT0675R,feature_92a8170b460a4164
B01MT0675R,feature_fe613606f3d265e3
B01MTD1F2Q,feature_2aae1c1123fd1327
B01MTJTKRC,feature_1a3b0711f92e0f38
B01MTJTKRC,feature_410b2dc9853b23ea
B01MTJTKRC,feature_6705772e777cb790
B01MTJTKRC,feature_735ad571c189d7ba
B01MTJTKRC,feature_8dcb74d8118892e7
B01MTJTKRC,feature_911c8fd123b4f891
B01MTJTKRC,feature_b8b8c32980de93b0
B01MTJTKRC,feature_c2166a5b757d7b0a
B01MTJTKRC,feature_ce2c21e655106bd3
B01MTJTKRC,feature_f4cc7de2e84434ff
B01MTPJF9G,feature_071913c28522b493
B01MTPJF9G,feature_8e64c9802c51bd42
B01MUBDITE,feature_01191e2134d6f389
B01MUBDITE,feature_82f354a84d591c4b
B01MUBDITE,feature_833cf535a93ed2c7
B01MUBDITE,feature_955ce599da02df39
B01MUBDITE,feature_c00587b5b2c8ea29
B01MUBDITE,feature_e9185d594f0e3e28
B01MUBFGCE,feature_c4fe6758132cb276
B01MUEKLCI,feature_1be368fd9fb38d5e
B01MUEKLCI,feature_2f0c76c66fd63d9a
B01MUEKLCI,feature_769558b18f5331bf
B01MUEV3RJ,feature_2188163779e9b911
B01MUEV3RJ,feature_3a77efe0640bdbb3
B01MUEV3RJ,feature_60530172afc2fef3
B01MUEV3RJ,feature_7ec504fbc99d4a33
B01MUEV3RJ,feature_8485808482a54316
B01MUEV3RJ,feature_b0e1275d11d6ffa7
B01MXF3FAP,feature_34447d04a4bec821
B01MXF3FAP,feature_396ba521746e394f
B01MXF3FAP,feature_90e8f2f66c3f9284
B01MXF3FAP,feature_d159834cdf3cc52f
B01MXF3FAP,feature_fd93eb3262e7255c
B01MXOV0MS,feature_065adfd18ac56dbf
B01MXOV0MS,feature_a9ee40f383cdff23
B01MXSQV4U,feature_57d9561e51dfdac4
B01MXSQV4U,feature_69294e2084f30f63
B01MXSQV4U,feature_99c6c514cfa0c54d
B01MXSQV4U,feature_ab5701a01866e5df
B01MXSQV4U,feature_c2160533afbef36a
B01MXSQV4U,feature_f7703683799fa871
B01MYSKMTH,feature_4cdb4c4e2bf127e8
B01MYSKMTH,feature_6fe9cdcf5bcdc6b8
B01MYSKMTH,feature_9ab6ef70c335b47f
B01MYSKMTH,feature_a0dfa604fc3233c8
B01MYSKMTH,feature_af9a2ef71bfe4209
B01MYSKMTH,feature_bcb356ece83376e5
B01MYXU0JM,feature_24350ed8f962422a
B01MYXU0JM,feature_33760135f9651a73
B01MZ5XBGV,feature_2f4c0f3e3c990fee
B01MZ5XBGV,feature_7f1195d5eb75e4cf
B01MZ5XBGV,feature_c3e111de8d2439fd
B01MZ61IPO,feature_08a42a29381d2311
B01MZ61IPO,feature_2d3821e1f0068629
B01MZ61IPO,feature_543fc6af2943f7bb
B01MZ61IPO,feature_6dcabcbb004478e5
B01MZ61IPO,feature_7c178f8961032f6e
B01MZ61IPO,feature_a1035498a155363f
B01MZYX0FK,feature_e6be02598717fbc1
B01N02WZIX,feature_19af22e925e28d74
B01N02WZIX,feature_1fd3a484e53112de
B01N02WZIX,feature_50875f6897943b7f
B01N02WZIX,feature_8b9a02fe5ed7e74e
B01N02WZIX,feature_acd1ebbc271aa7e5
B01N02WZIX,feature_c49a641d9d6f0933
B01N0K7PED,feature_211fea6a806bcba9
B01N0K7PED,feature_4f944542e06cd6f2
B01N0K7PED,feature_546e1ddd223c3206
B01N0K7PED,feature_6c465687a1341157
B01N0K7PED,feature_91590c4a9b7edafe
B01N0K7PED,feature_e63b0a93a1fd3581
B01N0P56JQ,feature_4b63cb1a338ee5ca
B01N0P56JQ,feature_7535904acd5b104b
B01N0P56JQ,feature_c15f1c6235f4e691
B01N0P56JQ,feature_cd529031eb21cb54
B01N0P56JQ,feature_e4417b4c13ddbe1a
B01N0USYPL,feature_4513ef967029c0bc
B01N0USYPL,feature_6962d1e8b5bc36e1
B01N0USYPL,feature_7b9c72f37fba1f5e
B01N0USYPL,feature_926cddbd94c522c4
B01N0USYPL,feature_b3911a235d94bb45
B01N0USYPL,feature_ddc730b5e70a6705
B01N122VWL,feature_1f271838bc4581df
B01N122VWL,feature_3d977b826465c9f2
B01N122VWL,feature_45868a6ee7cf4998
B01N122VWL,feature_5df10b628ae743e8
B01N122VWL,feature_92101d73c919b933
B01N122VWL,feature_cf31fb158d6d47ed
B01N17Z8UJ,feature_a212c4d3c00dbc20
B01N1FB7E4,feature_1edfa4773498dbd8
B01N1FB7E4,feature_2ba325b70a15b284
B01N1FB7E4,feature_31a80866005645cc
B01N1FB7E4,feature_446bcec69ef41cd6
B01N1FB7E4,feature_66134603aff5385c
B01N1FB7E4,feature_75ab5430873f75b7
B01N1FB7E4,feature_77203213a1439175
B01N1FB7E4,feature_a8a190f913a5ae4e
B01N1FB7E4,feature_aed45a76b4e28671
B01N1FB7E4,feature_c4bc549f46fed83d
B01N1G9RLR,feature_88d2a8a1c3327593
B01N230BY3,feature_422e6024d2964778
B01N230BY3,feature_46d81cab141fa9ba
B01N230BY3,feature_61248ec3de2ec864
B01N230BY3,feature_e5e0b23ac4e544bc
B01N2BILUM,feature_465c011a57b259cd
B01N2BILUM,feature_505e414868a5340e
B01N2BILUM,feature_7eebe84143909626
B01N30M5A3,feature_19310e4567472924
B01N30M5A3,feature_228aa0e1933122b2
B01N30M5A3,feature_288272cefa1077e1
B01N30M5A3,feature_75da443d84d66107
B01N30M5A3,feature_9f8c9c1b1dc2c829
B01N30M5A3,feature_dfe29bfc7e8848ec
B01N384YIP,feature_963e9b0afc04efb8
B01N384YIP,feature_e9ca9b76f4775ff0
B01N384YIP,feature_f11c772c326a1c6e
B01N3LRPCY,feature_2e5c195aaadff0a6
B01N3LRPCY,feature_5690201b6019de8b
B01N3LRPCY,feature_875e9e2dccc6908f
B01N3LRPCY,feature_87d01dd0b19f3b6c
B01N3LRPCY,feature_b9daaeaeefe92ada
B01N3N45ID,feature_7e6868a118d3a8dc
B01N3OP12Z,feature_34e5b19bc7fc6451
B01N3OP12Z,feature_6958ba1b97b0887b
B01N3OP12Z,feature_79e7f0e362cba1d0
B01N3OP12Z,feature_844bb0d5a35ec2e2
B01N3OP12Z,feature_910b79906c49ab73
B01N3OP12Z,feature_add95b8a622860b5
B01N3OP12Z,feature_b2d9e58ac2d2adc1
B01N3OP12Z,feature_b84dfefc055d13f3
B01N3OP12Z,feature_d2134d88760f20b3
B01N3OP12Z,feature_ff92a13b44b399d3
B01N3SFXPH,feature_379344f2b0700560
B01N3SFXPH,feature_400aa37fb53d727a
B01N3SFXPH,feature_99054e6858546c1b
B01N4885PD,feature_a298ecb2e568b6bf
B01N4885PD,feature_bdad7c36ee768314
B01N4D1L4O,feature_614ba52e14d1cda6
B01N4IMJ86,feature_25f6682263b1a7b7
B01N4IMJ86,feature_2c8057ba06bbbc91
B01N4IMJ86,feature_53dfdfa38b452723
B01N4IMJ86,feature_6eb757d12cf030a8
B01N4IMJ86,feature_c209f56a4afee664
B01N4IMJ86,feature_df10129969bbe886
B01N4KWW5D,feature_8ce544571d14c053
B01N4PGNJC,feature_1c7691296a278453
B01N4PGNJC,feature_7e6171f9bb9063e9
B01N4PGNJC,feature_95b0d42948fc3c54
B01N4PGNJC,feature_b81028cdcc89cfb3
B01N4SHVCI,feature_464488e2d908ac04
B01N5753ON,feature_3d5115d87a43ee84
B01N5753ON,feature_5ac56d596910efd7
B01N5753ON,feature_7e9f9d232f6184d1
B01N5753ON,feature_bd38306ea85a5100
B01N5753ON,feature_c8216772c3344fe2
B01N5F8ZC8,feature_1b912312d92dc823
B01N5F8ZC8,feature_32b29c421a3aeff2
B01N5F8ZC8,feature_67bf3a69c66e8d33
B01N5F8ZC8,feature_9675c8b86552777b
B01N5F8ZC8,feature_9fb852f90834cfc0
B01N5F8ZC8,feature_c39162a2fbc88e7f
B01N5F8ZC8,feature_dd3a70fc2b507401
B01N5F8ZC8,feature_fbd4a3b94d52c2c9
B01N5K23BK,feature_25f6682263b1a7b7
B01N5K23BK,feature_2c8057ba06bbbc91
B01N5K23BK,feature_53dfdfa38b452723
B01N5K23BK,feature_6eb757d12cf030a8
B01N5K23BK,feature_c209f56a4afee664
B01N5K23BK,feature_df10129969bbe886
B01N5QHPH6,feature_e39f32b279a382ae
B01N5QHPH6,feature_e6a9c4f59f5a396c
B01N5SL2MJ,feature_0e9ed30268dca6e5
B01N5SL2MJ,feature_31ba935bce95388e
B01N5SL2MJ,feature_3aeafd2e21aed969
B01N5SL2MJ,feature_51204e055bb072c8
B01N5SL2MJ,feature_ed2ced370d301ff2
B01N5SL2MJ,feature_fb5fda03daf294f2
B01N65MB1S,feature_162de04ba395b312
B01N65MB1S,feature_4302802e3be615ca
B01N65MB1S,feature_699fd53d14534568
B01N65MB1S,feature_f3924ddd2a57ee78
B01N6K1S3K,feature_94ae02dded97de9b
B01N6U873R,feature_0e9ed30268dca6e5
B01N6U873R,feature_2db1ab05188a82b3
B01N6U873R,feature_c57806bf400b2265
B01N6U873R,feature_dcf03ba2211aea7d
B01N6UPD2H,feature_25cd56278c737010
B01N6UPD2H,feature_3eceafdbc4dbb01a
B01N6UPD2H,feature_6d28da7d382c76b6
B01N6UPD2H,feature_95b92546bae96823
B01N6UPD2H,feature_cf0a1f1f9ab82449
B01N79JW0L,feature_6dd3ee4bfe8d5a64
B01N79JW0L,feature_c6217b33a28361ee
B01N79JW0L,feature_c7614e507b828052
B01N79JW0L,feature_d843b550e96d81d6
B01N7GX3XP,feature_591efdf3b82da1b4
B01N7IOQES,feature_225f5fa080054776
B01N7IOQES,feature_469cad57f8fc8117
B01N7IOQES,feature_7651d49180c59c65
B01N7IOQES,feature_b1a4f8b9440999c0
B01N7IOQES,feature_ba2b50c8eb7ebb2a
B01N7IOQES,feature_e5266f9d89de4db4
B01N7NIC0K,feature_18d256eebd773a54
B01N7NIC0K,feature_b741fddd2efbea2e
B01N7ZCRC6,feature_6c11d5f2e8d9f02d
B01N81E03F,feature_834e5f9c48a30d92
B01N81E03F,feature_b6a24a97d71e3110
B01N81E03F,feature_d3df00dd94a93257
B01N81E03F,feature_eef7669a957193d3
B01N9G5GR1,feature_d6b33da24ed62cd6
B01N9OBQU2,feature_0f034f68af914e07
B01N9OBQU2,feature_12b208a1e7cb2fa8
B01N9OBQU2,feature_2995be38179aad8f
B01N9OBQU2,feature_3a89db29851092b5
B01N9OBQU2,feature_4f6528e5b5c7af9a
B01N9OBQU2,feature_5c4097975636ae3c
B01N9OBQU2,feature_932c2bd464ad7c06
B01N9OBQU2,feature_ae518f6cfc3d9741
B01N9OBQU2,feature_c63081bfc008b6d9
B01N9OBQU2,feature_e5030a961441f35b
B01N9VRVQZ,feature_230ef0de0bda27fa
B01N9VRVQZ,feature_31bef9e0acb84036
B01N9VRVQZ,feature_58ae2c295f32eb87
B01N9VRVQZ,feature_7a5d245488504e2c
B01N9VRVQZ,feature_ed2765b99e160ae8
B01NAQDKWJ,feature_48ede1bea2c9b22e
B01NAQDKWJ,feature_4c9434c80040f082
B01NAQDKWJ,feature_4ea7560978fa6552
B01NAQDKWJ,feature_6455cadec3405fbe
B01NAQDKWJ,feature_80d273eb0a6aeedb
B01NAQDKWJ,feature_98be7228c17b1767
B01NAQDKWJ,feature_c00ef242be01ea45
B01NAQDKWJ,feature_c657f0aaceec85d3
B01NAQDKWJ,feature_fe84cf1f40366a3d
B01NAQU2AI,feature_d4867fdab06e6b2a
B01NARYPLF,feature_273b2d18ad88e501
B01NARYPLF,feature_308056323536655b
B01NARYPLF,feature_3f967ad7c6d0f362
B01NARYPLF,feature_aa7b1e2dcb7d656a
B01NAWAYDG,feature_1e93b7072fb01eb7
B01NAWAYDG,feature_d67959dd39bfee20
B01NBJU3A5,feature_63aadabb16af10d0
B01NCKOUP8,feature_566bf35d9d42dd55
B01NCKOUP8,feature_58217792192cc894
B01NCKOUP8,feature_92c4ee97ee418d68
B01NCKOUP8,feature_964ad6707493a7c8
B01NCKOUP8,feature_975c34719974608d
B01NCKOUP8,feature_d9b652d1f9857e66
B01NCLPVS4,feature_14481983f84c5e43
B01NCLPVS4,feature_2cd41002473ea033
B01NCLPVS4,feature_7c71cf74f6de6663
B01NCLPVS4,feature_89a75cc4259b0f5a
B01NCLPVS4,feature_cb029c9929a44756
B01NCLPVS4,feature_f6b6226f2379b7a3
B01NCO21T1,feature_aecca5ff78425161
B01NGZCWP5,feature_23fbbb9fedeeb0c6
B01NGZCWP5,feature_c3a775159e5b086f
B01NH033FL,feature_1182aac3e43e890c
B01NH033FL,feature_7bb7e711164f8699
B01NH033FL,feature_7c9389cd7d25023b
B01NH033FL,feature_a5a83c51d998718c
B01NH033FL,feature_b6a639e1754abc42
B01NH033FL,feature_cbb517a142c36a5c
B06VSMTK9W,feature_2d24c921096d209c
B06VSMTK9W,feature_c08f8dd37716b798
B06VTPDMLY,feature_42bf067d450d6720
B06VTPDMLY,feature_8ada5e4e1b3c6d96
B06VTPDMLY,feature_9318824ff28243f1
B06VTPDMLY,feature_a5376928788922b0
B06VTPDMLY,feature_aada5382de5fde03
B06VTPDMLY,feature_aefb64d9eb9a4cbe
B06W2G5X2C,feature_55f422c33f21899d
B06WD67JFM,feature_288d8277f0b152e1
B06WD67JFM,feature_31eee288ef7a8e54
B06WD67JFM,feature_7a765446f9e19068
B06WD67JFM,feature_a6353ef5b1a17558
B06WD67JFM,feature_f902d0b0cbc6337e
B06WWGJ47M,feature_dbe37cd1f9715d66
B06X3VF1TC,feature_236eebb3e8262f89
B06X3VF1TC,feature_509ac48c0ecf5f5e
B06X3VF1TC,feature_61618644669e5184
B06X3VF1TC,feature_6b5a317403e4bc85
B06X3VF1TC,feature_96b40c2e2b32a6f6
B06X6MMDSV,feature_120cba42485422e8
B06X6MMDSV,feature_7b53e2ad6f0d5317
B06X6MMDSV,feature_94c0df5bf7d29eb8
B06X6MMDSV,feature_965e7b83e623eee7
B06X6MMDSV,feature_a766d1ceaed02e8e
B06X6MMDSV,feature_a962919530fe582d
B06X6MMDSV,feature_b8aa90d90136f861
B06X6MMDSV,feature_d0aebbc0f421dd2e
B06X6MMDSV,feature_fee15db2c0e0bd46
B06X6MTZZD,feature_95c3253b338bd57d
B06X9B7GCY,feature_1c5728940d31a7be
B06X9B7GCY,feature_1e32d967f21a220e
B06X9B7GCY,feature_33a893623cfa4c19
B06X9B7GCY,feature_7d0bcb7761e8bdef
B06X9B7GCY,feature_a07b9b578fde955e
B06X9BLS6B,feature_19abc71a19186f17
B06X9BLS6B,feature_5a6725c34d196f2f
B06X9BLS6B,feature_5fa2886bdff3bdf4
B06X9BLS6B,feature_64616dc5dad88495
B06X9BLS6B,feature_969265f64a506615
B06X9BLS6B,feature_e0416917096abf1d
B06X9Q5QPH,feature_18aa403cee595ebc
B06X9Q5QPH,feature_305988be12c82732
B06X9Q5QPH,feature_4531b2fb2de9690b
B06X9Q5QPH,feature_c491fab288220557
B06X9Q5QPH,feature_dbcde10ec006a5be
B06X9Q5QPH,feature_e68474a3fc57246b
B06XBHF42Q,feature_3c374bd71c9fceeb
B06XBHF42Q,feature_4be8c7c1abd86e3e
B06XBHF42Q,feature_6407fc3644848c10
B06XBHF42Q,feature_853770abb6a558c9
B06XBHF42Q,feature_9e6b8b277b820ec0
B06XBL3WD3,feature_1fe5fe0ccc33b606
B06XBL3WD3,feature_3fb52834f564a232
B06XBL3WD3,feature_a4bf4a28a3a4445e
B06XBL3WD3,feature_d47e4e5e79263b3c
B06XBL3WD3,feature_df428b8b6d6ff0c5
B06XC1MP4X,feature_6a7d0406aba162d2
B06XC1MP4X,feature_872390f168329dde
B06XC1MP4X,feature_c2e24c2f55e4b51a
B06XC1MP4X,feature_c98053b1fe36afb2
B06XC1MP4X,feature_d0cbd172c6af9e80
B06XC1MP4X,feature_e9a10139e01ac16f
B06XCNBRJK,feature_1f9c27062992e850
B06XCNBRJK,feature_2b1f59712058139e
B06XCNBRJK,feature_393ab8b40aa7ad2b
B06XCNBRJK,feature_44273ee25d80d115
B06XCNBRJK,feature_5f67d31e11a8c592
B06XCNBRJK,feature_851f58683d99fc8f
B06XD5THK8,feature_09bbae97ab748de9
B06XD5THK8,feature_253c54b255786b0a
B06XDGCD2B,feature_30b9d6051a947a68
B06XDGCD2B,feature_65a3abb4a9e952fe
B06XDGCD2B,feature_8c7c95c337e76687
B06XDGCD2B,feature_ba580a0fc400215d
B06XDGCD2B,feature_e4dd591b623d4578
B06XDQRTLB,feature_9706c0993e71243e
B06XF87XP7,feature_c622b4eec9a8d09e
B06XFMV3VP,feature_57d41c1bc6785a98
B06XFQK412,feature_06c1f7bbeccc0637
B06XFQK412,feature_072e6c6c2d69d42f
B06XFQK412,feature_141175821f1b725a
B06XFQK412,feature_62877977f1a50339
B06XFQK412,feature_64d6e74efaf29cc6
B06XFQK412,feature_b39f4b69da3ee2a5
B06XFQK412,feature_d1c56716acf1e6f1
B06XFQK412,feature_fc75c1594108b596
B06XFX6MR4,feature_39b703d61b2629d2
B06XFX6MR4,feature_3da1f3c47ce82a47
B06XFX6MR4,feature_40ba5f62092d317f
B06XFX6MR4,feature_5acc37fb868f99c6
B06XFX6MR4,feature_a0944a37519da937
B06XFX6MR4,feature_c80228735447f1e0
B06XFX6MR4,feature_d46aed6f6ef1f1f6
B06XFX6MR4,feature_eae9fb5707183fbf
B06XFX6MR4,feature_ec247a46c64019c9
B06XFX6MR4,feature_ee2aacaf62da8f75
B06XGNJXGL,feature_4f1f664c92763f46
B06XGSRY15,feature_0184535e0b9d6bcd
B06XGSRY15,feature_03d6a194f4b02abf
B06XGSRY15,feature_4492706f15302936
B06XGSRY15,feature_6634c97ef8ab3114
B06XGSRY15,feature_724bcc81922e1ba6
B06XGSRY15,feature_7f4515650f443cec
B06XGSRY15,feature_9b4fb0a9f31fcec4
B06XGSRY15,feature_c51441936d1676e7
B06XGSRY15,feature_d47d6d4dfd399200
B06XGSRY15,feature_e5c7fd475652ca27
B06XGX5772,feature_6a0743d6717bf3c8
B06XGX5772,feature_847f94b2b2e312f3
B06XHF4TK7,feature_a997676c83400115
B06XHNN74Y,feature_3d76b6d65db1b1ae
B06XHNN74Y,feature_93e236c8e1e09936
B06XHNN74Y,feature_ca1b8108faa43fa1
B06XHPHHR4,feature_0af02e1bf8c4fc92
B06XHPHHR4,feature_2804b46b1949735d
B06XHPHHR4,feature_2bf4ffd4f8800c58
B06XHPHHR4,feature_6a1c76fb281c5163
B06XHPHHR4,feature_7af04f19d6455dae
B06XHPHHR4,feature_b8e332edabab4480
B06XJ9HFTP,feature_76ecf543ce0ca4d7
B06XJS96PF,feature_0a2c13175656b8ec
B06XJS96PF,feature_0e11e96a34dd8cf7
B06XJS96PF,feature_3cfbba8be57012f9
B06XJS96PF,feature_49bd380df943c30a
B06XJS96PF,feature_659af94267d18bd9
B06XJS96PF,feature_86683d2a1b657208
B06XJS96PF,feature_871fd337c99df5f5
B06XJS96PF,feature_b5902b665e4197bf
B06XJS96PF,feature_bb2e3424b7908430
B06XJS96PF,feature_e875723d421f3a7b
B06XKB6CG6,feature_05d4b66d6bba517d
B06XKB6CG6,feature_558be755fc119c71
B06XKB6CG6,feature_750cc46e7ecc0449
B06XKB6CG6,feature_8371290d71a25ffd
B06XKB6CG6,feature_87450f5e315ec49b
B06XKB6CG6,feature_b0610db566e19671
B06XKMKNDD,feature_3a7e17fb30a49b84
B06XKMKNDD,feature_491eb0e6b2b38ff6
B06XKMKNDD,feature_73b4e03624c9dbe8
B06XKMKNDD,feature_7d7ea0c1ec86d62d
B06XKMKNDD,feature_b59c23ab36458f2f
B06XNLTVV2,feature_3c00e273c0e309db
B06XNLTVV2,feature_4109a4710253b9b8
B06XNLTVV2,feature_6c06c1b02688ed5e
B06XNLTVV2,feature_9a29887db72069e5
B06XNLTVV2,feature_e1921117d5b59806
B06XNNX313,feature_08b15066e0c3398b
B06XNNX313,feature_2136791b623bba1f
B06XNNX313,feature_4e839264b34f255f
B06XNNX313,feature_7651d49180c59c65
B06XNNX313,feature_c4b9d0ead63e1e1c
B06XNNX313,feature_c82d5807619d46e5
B06XP91S3G,feature_03d6a194f4b02abf
B06XP91S3G,feature_08906031b9a971f8
B06XP91S3G,feature_21ab51b789bb47b4
B06XP91S3G,feature_46f2b1be28159e82
B06XP91S3G,feature_491201b52365d7b5
B06XP91S3G,feature_5e01291ece55a33a
B06XP91S3G,feature_6636c20316022ac9
B06XP91S3G,feature_aa04fa966a1b3e21
B06XP91S3G,feature_c76ab5f40035884a
B06XP91S3G,feature_e9d52c037edb209a
B06XPVXY3T,feature_100a293e8eaca99b
B06XPVXY3T,feature_29b8ae8abe36cb4c
B06XPVXY3T,feature_6cc42ac9f946ecdb
B06XPVXY3T,feature_6cdd8aa56320d11a
B06XPVXY3T,feature_c0111ffa510d3f2c
B06XQH3T7L,feature_1df0c276e677c544
B06XQH3T7L,feature_3cbeb330d4f7aefc
B06XQH3T7L,feature_40a9a5a741dd35fd
B06XQH3T7L,feature_49cad3c47e22df07
B06XQH3T7L,feature_5c14b9ddea205b39
B06XQH3T7L,feature_85c10826f1b1512e
B06XQH3T7L,feature_99fb751b96672c2b
B06XQH3T7L,feature_ce4f0d76d2cd3273
B06XQH3T7L,feature_d0524eb5f1b4c8e1
B06XQH3T7L,feature_d4146435b0e208e1
B06XQNTLZZ,feature_3680731b74e9318b
B06XRKM64X,feature_2e7518805b94b607
B06XRKM64X,feature_4275649728cf7deb
B06XRKM64X,feature_86d3c10c5d91f0a8
B06XRKM64X,feature_8e518161d176830f
B06XRKM64X,feature_9e4b08cb13bb51ff
B06XS7G1GJ,feature_1801cf667c548296
B06XS7G1GJ,feature_ac6adb0f1df150da
B06XS7G1GJ,feature_d1b521befe2640b9
B06XS7G1GJ,feature_fd40a05664b58c51
B06XS7J2MQ,feature_0031cd00fbd78743
B06XS7J2MQ,feature_0697d6d8ef4df478
B06XS7J2MQ,feature_58c416900958f9b3
B06XS7J2MQ,feature_f7fb28745e55d4ab
B06XS7J2MQ,feature_fa1d7cd6fe752d7c
B06XSDMHFS,feature_275037d71bc4e0e4
B06XSDMHFS,feature_35fdb3755828344d
B06XSDMHFS,feature_c209f56a4afee664
B06XSDMHFS,feature_d4b455540583b4db
B06XSDMHFS,feature_e0a8d01e73c7b20b
B06XT7QPW9,feature_03a86b4d528241cd
B06XT7QPW9,feature_17ca78b6f53a5519
B06XT7QPW9,feature_2de691bbe631a47a
B06XT7QPW9,feature_61ffef2612f87a30
B06XT7QPW9,feature_6b2ec684482bc2f7
B06XT7QPW9,feature_747c5693c34efc98
B06XT7QPW9,feature_a0e66d67ebb529e6
B06XT7QPW9,feature_cf01f800e8846b9d
B06XT7QPW9,feature_d413f0942fa4032e
B06XT7QPW9,feature_f120695eaa1abe96
B06XT9B1JX,feature_6559a49207beafa2
B06XT9B1JX,feature_76a7d2b6bcd123e4
B06XT9B1JX,feature_9cfb12f5f0a83fbe
B06XT9B1JX,feature_9ffdf6f70bed29d2
B06XT9B1JX,feature_fd14520c2dd7dfaa
B06XTTHDBV,feature_66cc979952374c23
B06XTTHDBV,feature_66dce6849e9ab450
B06XTTHDBV,feature_818b6ae781806ff5
B06XTTHDBV,feature_f2535645548907be
B06XTTHDBV,feature_fffaed5ef992fc73
B06XTVFKDR,feature_eaced3252ce7d9cc
B06XVRW6H9,feature_00eebab3ac8a44b9
B06XVRW6H9,feature_2391c97d26fc2ef7
B06XVRW6H9,feature_528d6fbaafa30a22
B06XVRW6H9,feature_b4a5e4755bcbcc17
B06XVRW6H9,feature_d30bc7ae327da372
B06XWKC6VD,feature_02c092986a3da37d
B06XWKC6VD,feature_04d1e5d1c8bd6c43
B06XWKC6VD,feature_0650a8ce0064f216
B06XWKC6VD,feature_08d1a47b40a42f94
B06XWKC6VD,feature_294b77e57c288c95
B06XWKC6VD,feature_2cb0a31b86b3ddba
B06XWKC6VD,feature_33ae6c786686debe
B06XWKC6VD,feature_85515e958af64a56
B06XWKC6VD,feature_b624f19747a1ef5b
B06XWKC6VD,feature_f02df7e51f98c3b1
B06XWZS4LX,feature_1bc66b4971f45880
B06XWZS4LX,feature_26d8209377526ee5
B06XWZS4LX,feature_3500e8a219e8646a
B06XWZS4LX,feature_3d69d0d8a6986456
B06XWZS4LX,feature_58c0e9b83edecb3f
B06XWZS4LX,feature_5e1e0082bb05de64
B06XWZS4LX,feature_802ee4f8fd98298b
B06XWZS4LX,feature_a2680e481ee3130c
B06XWZS4LX,feature_a8565db1a0d35eda
B06XWZS4LX,feature_bb76fc2830ab625a
B06XX2QD5N,feature_86b1aa1cb38e5a65
B06XX9VHPM,feature_2c1c5ff930fd9a9a
B06XX9VHPM,feature_3357b325cef3ee1c
B06XX9VHPM,feature_801a39523d7ba534
B06XX9VHPM,feature_d83c3f75c42b5e6e
B06XXM5KH6,feature_d0152aaca9201c2f
B06XY6QYX5,feature_0f726b1eddb29fd4
B06XY6QYX5,feature_15056d1e368667d6
B06XY6QYX5,feature_26e2228d3398e001
B06XY6QYX5,feature_930ac9aaae95c173
B06XY6QYX5,feature_94bb0f6b1761eb4c
B06XY6QYX5,feature_9e0a9c6fc8140b4a
B06XY6QYX5,feature_b4fbe1aa6150254a
B06XY6QYX5,feature_caf42e4e92a61e99
B06XY6QYX5,feature_edc25dce76b3c10a
B06XY6QYX5,feature_f42513c9af806203
B06XYT84QH,feature_196cb09d04ac05ec
B06XYT84QH,feature_223741c29c8e1fee
B06XYT84QH,feature_62602a65696c68e4
B06XYT84QH,feature_bf74c36db57e25e3
B06XYT84QH,feature_e2ae683b6114437c
B06Y15N2MP,feature_1bcbc2b39f6c1925
B06Y15N2MP,feature_288b8227a7d0070a
B06Y15N2MP,feature_547f3f6b50757d12
B06Y15N2MP,feature_8bca03e34a5c9831
B06Y15N2MP,feature_d345b061a00caca4
B06Y15N2MP,feature_e5266f9d89de4db4
B06Y15N2MP,feature_eb204840608c5322
B06Y15N2MP,feature_fbf6b12cfbf87c2d
B06Y17MNTT,feature_35315c8cb9a58264
B06Y17MNTT,feature_4fb06864f67a4dda
B06Y17MNTT,feature_57225b72af513916
B06Y17MNTT,feature_77d74660f6ebe7cf
B06Y17MNTT,feature_918ac97863b6becd
B06Y1XCZ9S,feature_0138e8479346284f
B06Y1XCZ9S,feature_237f98e768382f03
B06Y1XCZ9S,feature_28034efc683e5ea4
B06Y1XCZ9S,feature_4475f141ae365692
B06Y1XCZ9S,feature_4cbb98f84d118600
B06Y1XCZ9S,feature_7ff990071c63252c
B06Y1XCZ9S,feature_82c256fbf56be074
B06Y1XCZ9S,feature_84dd8800ae071d76
B06Y1XCZ9S,feature_952c092858c971ab
B06Y1XCZ9S,feature_bfabed0a8069269c
B06Y2GBQ3H,feature_3886478c87156c58
B06Y2NWGJ4,feature_12dbce933ba4ec6f
B06Y2NWGJ4,feature_13d01da5fd64097c
B06Y2NWGJ4,feature_55210f4e534cc4a1
B06Y2NWGJ4,feature_899eaf9c99a8ae56
B06Y2NWGJ4,feature_96621e2388db0c08
B06Y2NWGJ4,feature_973e07e29fcc28e8
B06Y2NWGJ4,feature_bd2ad76dcc1ae9b7
B06Y4MKMMB,feature_7124f1a133193bd9
B06Y4MP5V1,feature_1f1c4dc97651f731
B06Y4MP5V1,feature_23f008248f4375d3
B06Y4MP5V1,feature_304e43f2d334ab4b
B06Y4MP5V1,feature_452c48e4eb65d318
B06Y4MP5V1,feature_e945735f58e8e15b
B06Y55PSL4,feature_0de6be1f5bdf7ab6
B06Y55PSL4,feature_2caf71c2327230c9
B06Y55PSL4,feature_37085009334c493a
B06Y55PSL4,feature_3f899e0b28dd9ce6
B06Y55PSL4,feature_7f8d8a01ffe8ca86
B06Y6DB748,feature_041196256d2830cd
B06ZY2KMMR,feature_046eb4c273afe123
B06ZY2KMMR,feature_8eba695cf455c996
B06ZY2KMMR,feature_d745be3bf5a8501e
B06ZY2KMMR,feature_fbceeca6034b2f63
B06ZYDTTJN,feature_4c6fa051c5b2aacc
B06ZYDTTJN,feature_704f35101195e9d4
B06ZYDTTJN,feature_92017d898b36ad45
B06ZYDTTJN,feature_c369a945fc5789af
B06ZYDTTJN,feature_cc88c3b4491cf977
B06ZYDTTJN,feature_e60ffd343fb49e78
B0711QH7P1,feature_2f60c6b874e9d035
B0711QH7P1,feature_48875db92c640775
B0711QH7P1,feature_574b8768f835ceb2
B0711QH7P1,feature_a552c4aae8b9bb4b
B0711QH7P1,feature_fcd3f48736bb3b31
B0713QST3L,feature_06007376d4f57152
B0713QST3L,feature_235cc5e25df726ef
B0713QST3L,feature_2e63cd535b6bc8b6
B0713QST3L,feature_303303987d2a6ea1
B0713QST3L,feature_6e08cda433601b0a
B0713QST3L,feature_964253e094c854ec
B071413GTH,feature_0d3f1273232374b0
B07149XBS2,feature_2a548b45bd4d508c
B07149XBS2,feature_3489b95fcbe49e36
B07149XBS2,feature_36ffa70119c581d1
B07149XBS2,feature_4f944542e06cd6f2
B07149XBS2,feature_73623ff4a3b96a86
B07149XBS2,feature_afd58ddd27525278
B07149XBS2,feature_b686397901f31d92
B07149XBS2,feature_b9e6526fe789fee7
B07149XBS2,feature_e930cfdf49f44128
B0716BLTN9,feature_409c0fdfe8221693
B0716BLTN9,feature_4805895ec9f1dc2f
B0716BLTN9,feature_5ce8e2613623a6fc
B0716BLTN9,feature_67510382869d4e62
B0716BLTN9,feature_849aa8ae53f933c1
B0716BLTN9,feature_95963d6da7a88b76
B0716BLTN9,feature_dfa32b3b59182515
B0716BLTN9,feature_e5eb4cb7a865d151
B0716BLTN9,feature_f784c48ca31abeb6
B0716BLTN9,feature_f9b53ff218d8f05d
B0716F1XMD,feature_51d9205f4d15ad7d
B0716F1XMD,feature_57594522ad5aad4e
B0716F1XMD,feature_8e64a184bcd21969
B0716F1XMD,feature_8f2cfe744c7559e8
B0716F1XMD,feature_91dbf4eefc43ffa3
B0716F1XMD,feature_b54fab02079f5da3
B0716HWMS9,feature_3d3a9c7d0b52a878
B0716HWMS9,feature_3ec1989e4124b22e
B0716HWMS9,feature_3f7d3fdd7a7d3be5
B0716HWMS9,feature_7c168982e543a1a3
B0716HWMS9,feature_ce805ad3db44e378
B0716J9THY,feature_7379952ae8eb264c
B0716Z2PZ5,feature_0be9545edf629e5f
B0716Z2PZ5,feature_2e20c41c63e221bc
B0716Z2PZ5,feature_4f944542e06cd6f2
B0716Z2PZ5,feature_601b1880503e34c2
B0716Z2PZ5,feature_80830a2b70b221d5
B0716Z2PZ5,feature_91d9e8b3619b3e38
B0716Z2PZ5,feature_92148eaaad51e670
B0716Z2PZ5,feature_c42646441ec8ef01
B0716Z2PZ5,feature_cfdaf1a7b61f0808
B0716Z2PZ5,feature_e84189fd3ae9604d
B0718Z1K15,feature_7fa02665160627af
B0718Z1K15,feature_c099126021824f6a
B07197537Q,feature_7fbd1e2b943db456
B07197537Q,feature_d1581d22c973f053
B071997YYL,feature_3943d41b74149169
B071997YYL,feature_70cde0f5ad8a219c
B071997YYL,feature_98bfe7e578e7e5cd
B071997YYL,feature_9d5a43374df81ea5
B0719B7F18,feature_48875db92c640775
B0719B7F18,feature_4b86ac2a2d923bc9
B0719B7F18,feature_ae8ba93120cfef05
B0719B7F18,feature_bfd52eab7f68d295
B0719B7F18,feature_fcd3f48736bb3b31
B071CXTMFV,feature_390f579ffd05c26b
B071CXTMFV,feature_af415dd8f9d05b9a
B071CXTMFV,feature_b9d991d0b5fa8dfe
B071CXTMFV,feature_bedae65dba2a1792
B071DTZ61D,feature_7379952ae8eb264c
B071DY9QL9,feature_7d80ac1a80e6a624
B071DY9QL9,feature_aa2feee13eecaffd
B071DY9QL9,feature_bd2b3ef46b720ca6
B071DY9QL9,feature_d0931326190de2a7
B071DY9QL9,feature_dbccc9c79792f192
B071F78NNF,feature_121b97ec3ed43e97
B071F78NNF,feature_16eecde8b62f37d1
B071F78NNF,feature_26c457efb69ea23f
B071F78NNF,feature_43972897070978f9
B071F78NNF,feature_4ed3b42a702e52b1
B071F78NNF,feature_d9b7bc9aa518482a
B071FFR2ZM,feature_1cd4f72a464ccca3
B071FFR2ZM,feature_20ab1a3d8dfcb278
B071FFR2ZM,feature_3285ec8951207834
B071FFR2ZM,feature_509b56d11dad6878
B071FFR2ZM,feature_825ba04af5a6a9b5
B071FFR2ZM,feature_99766d64c5403628
B071FFR2ZM,feature_9ba55a7371c9d537
B071FFR2ZM,feature_cb98706fc56e288e
B071FFR2ZM,feature_d4d17823e9962558
B071FFR2ZM,feature_e0954b312ec3a051
B071FT6RZ2,feature_10f317c1cc9f7109
B071FT6RZ2,feature_2d67dcd6586e789f
B071FT6RZ2,feature_4d0a3dd59877bd4c
B071FT6RZ2,feature_4f944542e06cd6f2
B071FT6RZ2,feature_55b80ea4e2ad28d4
B071FT6RZ2,feature_8118fa558e5cf899
B071FT6RZ2,feature_bd3c8702b81daa8f
B071FT6RZ2,feature_cb329146a0dd0d56
B071FT6RZ2,feature_eed7062ca23d6733
B071H6CW3N,feature_785958dc0ba0ff7f
B071H7GX5Z,feature_2ebdc50c704c3680
B071H7GX5Z,feature_f15c0139648fe2c8
B071HF7M1T,feature_3404e2df6722aaa0
B071HFJ77Y,feature_5af02ad17c1c7b65
B071J984BV,feature_0414bde2f710aecd
B071J984BV,feature_564132d5bc60e630
B071J984BV,feature_59635c393a67b289
B071J984BV,feature_bea51f36e7d8608e
B071J984BV,feature_cd85a16060d267d4
B071KGPSMY,feature_0c3b5ec3c13bf46f
B071KGPSMY,feature_41b8b9e95ff09ce9
B071KGPSMY,feature_72220dacba902940
B071KGPSMY,feature_72bec01a5a2368fa
B071KGPSMY,feature_a8be3a1377c908d7
B071KGPSMY,feature_b1fcb0825a83129a
B071KWP11V,feature_145ccc8747fb8d87
B071KWP11V,feature_196bfa15bf4e8f4f
B071KWP11V,feature_afadfd2e10d7b0a2
B071KWP11V,feature_bf74680db9704a88
B071KWP11V,feature_d8c1ba01935e284e
B071LBN8PR,feature_9dda23741401949f
B071NVNCMS,feature_237536971e1af443
B071NVNCMS,feature_23f62b976fbd9026
B071NVNCMS,feature_2b7a6b7664095b5a
B071NVNCMS,feature_4f47f724f94bc486
B071NVNCMS,feature_6b981208f4994d80
B071NVNCMS,feature_90b8b43c70e1b3dd
B071NVNCMS,feature_b2153db7e225a852
B071NVNCMS,feature_b681868dac064849
B071R2RMJ9,feature_17ccddda06fd6b9d
B071R2RMJ9,feature_24be5d45144874b3
B071R2RMJ9,feature_2db623fc79809d5f
B071R2RMJ9,feature_687f9f44ddeb00cd
B071R2RMJ9,feature_dcb703cfb3c5514b
B071V6T8Y7,feature_3b318b33c3afd068
B071V6T8Y7,feature_5e0945aee92d7e51
B071V6T8Y7,feature_9154dd0d219f36ce
B071V6T8Y7,feature_ae6133d775094963
B071V6T8Y7,feature_c658a0f7de7d0926
B071VW3G77,feature_6d410048d76416cf
B071VW3G77,feature_9fb1a6794e4a280d
B071VW3G77,feature_b6ea8f6307bb24e9
B071VW3G77,feature_b7f346cc8910dfb3
B071VW3G77,feature_c64256b7692ab5dd
B071VW3G77,feature_f94efa81be6a8d05
B071W99HCS,feature_9569364d0b33ef69
B071X55XSM,feature_0d3972372bc45ce2
B071X55XSM,feature_22aa3409dced1538
B071X55XSM,feature_782e80e95ef8cb5b
B071X55XSM,feature_977cd03d0b03e9e8
B071X9KBB2,feature_c5ef5cc0580dbc42
B071XQ355Y,feature_4e0e7782e5dcbb16
B071XQ355Y,feature_5e5e64ede9d35261
B071XQ355Y,feature_6e9eb7dc0a3d75f1
B071XQ355Y,feature_84ebd9f06459c599
B071XQ355Y,feature_e50dab2e52e49549
B071YTBK1R,feature_1e7399ea314d936f
B071YTBK1R,feature_348d7cc105b9e401
B071YTBK1R,feature_464decca45b20e72
B071YTBK1R,feature_618e26c4d04def00
B071YTBK1R,feature_93c6910d4eaf28cf
B071YTBK1R,feature_de25dbb14a35b093
B071YVXNVP,feature_13254329792a4f6e
B071YVXNVP,feature_515518da7e3ac429
B071YVXNVP,feature_687a61928bd057c6
B071YVXNVP,feature_69e29f5b237dd7aa
B071YVXNVP,feature_85c13f7107efed9f
B071YVXNVP,feature_b21948d6786b0312
B071YVXNVP,feature_b88c898f2c903219
B071YVXNVP,feature_bb01fc93966194ca
B071YVXNVP,feature_d35e8a6341284130
B071YVXNVP,feature_f0905b70b74c14eb
B071YWKG8S,feature_1e6b7b0dd4a89460
B071YWKG8S,feature_3d5d74249d2ff443
B071YWKG8S,feature_64cfece16025ebde
B071YWKG8S,feature_c3554f6ee09f96c7
B071YWKG8S,feature_ed0cc602a296c644
B071Z4DVQ6,feature_26308f4e69cad389
B071Z4DVQ6,feature_84a7b292e68390fa
B071Z4DVQ6,feature_8f09efea8ee73341
B071Z4DVQ6,feature_94a4e01e5927ed29
B071Z4DVQ6,feature_98e96df122824faa
B071Z4DVQ6,feature_a32e1f2ca57b537e
B071Z4DVQ6,feature_d6d27bd1696632c2
B071Z4DVQ6,feature_e303bebc745d80e5
B071Z4DVQ6,feature_e62fecbf775edfda
B071Z4DVQ6,feature_f4459b4a7041bb6c
B071ZDGJJW,feature_5a2e67308fa6798a
B071ZQY9QN,feature_2914fc077b310be8
B071ZQY9QN,feature_763b4bd351872c71
B071ZQY9QN,feature_7f00fc208d101aeb
B071ZQY9QN,feature_be9283ddab5f37a9
B071ZQY9QN,feature_dd4ec0dbaa249099
B071ZQY9QN,feature_f09d9890d3cb1cfa
B071ZRZTKG,feature_28ae565807a7fad1
B071ZRZTKG,feature_3cc4cd5ef8459ef6
B071ZRZTKG,feature_6634c97ef8ab3114
B071ZRZTKG,feature_8150eff4fb738814
B071ZRZTKG,feature_e02f0851b808c33f
B07215G82L,feature_2080ba9b6d38498d
B0721PYT45,feature_30c1b24915fe0317
B0721PYT45,feature_4e7dbbdf921804c2
B0721PYT45,feature_6970ca8519c07845
B0721PYT45,feature_8d37a752509a1bdc
B0721PYT45,feature_ced5c2a0052e2524
B0721PYT45,feature_d0963a58c98ecd7c
B0721R1H5R,feature_0be9545edf629e5f
B0721R1H5R,feature_2e20c41c63e221bc
B0721R1H5R,feature_4f944542e06cd6f2
B0721R1H5R,feature_601b1880503e34c2
B0721R1H5R,feature_80830a2b70b221d5
B0721R1H5R,feature_91d9e8b3619b3e38
B0721R1H5R,feature_92148eaaad51e670
B0721R1H5R,feature_c42646441ec8ef01
B0721R1H5R,feature_cfdaf1a7b61f0808
B0721R1H5R,feature_e84189fd3ae9604d
B0721TSX2Z,feature_1df48e799596da9f
B0721TSX2Z,feature_2ddc171e34c49e92
B0721TSX2Z,feature_425933bce24cf969
B0721TSX2Z,feature_c2eed1586541bb22
B0721TSX2Z,feature_d15fb055c441a6da
B0722QKQHW,feature_069fdf3c70d29fb9
B0722QKQHW,feature_5058c262277005dd
B0722QKQHW,feature_59114802b4042fd5
B0722QKQHW,feature_5b27e9a52cef7614
B0722QKQHW,feature_7736b3a84ba9c902
B0722QKQHW,feature_8bbbbee7793f5caf
B0722Y2WF5,feature_02c96e6be52a5167
B0722Y2WF5,feature_137024486c81a056
B0722Y2WF5,feature_4a737184c9eac919
B0722Y2WF5,feature_771127a41dfeccd1
B0722Y2WF5,feature_d3781c17abf290da
B0722Y2WF5,feature_e1c90a1d55f6908a
B0725JP3J3,feature_394e444cd9b082fb
B0725JP3J3,feature_66ea859df04eb51c
B0725JP3J3,feature_73b4e03624c9dbe8
B0725JP3J3,feature_a2abea6e2b6255c6
B0725JP3J3,feature_aecf9f9f226fbb30
B0725P5SBZ,feature_7830b7299e1fdc5e
B0725P5SBZ,feature_94277d174c0799df
B0725P5SBZ,feature_be6ff5f938d0cb26
B0725P5SBZ,feature_f351620f8f196b3a
B0725VFXGW,feature_9de89e8776cfb988
B0727S4CYN,feature_f8b5cedc15e60680
B072BKHJ7Z,feature_2e1dfdb433d00457
B072DV6YCR,feature_e6a18e5e380dd2ba
B072DXKJYG,feature_3c3bff021c1cabcc
B072DXKJYG,feature_6365ba47dffce7b9
B072DXKJYG,feature_66873609db1cee8d
B072DXKJYG,feature_ac8b284f59ea60d4
B072DXKJYG,feature_b213e80f078160c0
B072FTYFH4,feature_a3c0b988814a1cd7
B072J9V8KZ,feature_1af7501c0bf877b0
B072JG9WW8,feature_02c092986a3da37d
B072JG9WW8,feature_2177a723e6cbcc3a
B072JG9WW8,feature_235cc5e25df726ef
B072JG9WW8,feature_26228c839babb129
B072JG9WW8,feature_2b99a1e510a53e3e
B072JG9WW8,feature_355a6b8d30f1a519
B072JG9WW8,feature_3ccc21a159f52e3d
B072JG9WW8,feature_46f5733b99175aec
B072JG9WW8,feature_6b0ff5c4191ea7d4
B072JG9WW8,feature_9610591c85cecb2f
B072JW8MJH,feature_2a5be4f1ce340006
B072JW8MJH,feature_4f1df423ccf5ea58
B072JW8MJH,feature_5788447aa9c30fb4
B072JW8MJH,feature_f619c2475e8fdf5a
B072JW8MJH,feature_f7dfa1034912961f
B072KHB83F,feature_9d6db7c3f2a38a1c
B072L3Q32H,feature_13a0a5825ef2a408
B072L3Q32H,feature_b16fbad1bb81fea9
B072L3Q32H,feature_b270e4cf6545b801
B072L3Q32H,feature_c43f6ebfca6966f4
B072L3Q32H,feature_d0817c0ebfd27874
B072L3Q32H,feature_e77e6bcc5b071b22
B072MLQL6T,feature_1e124006c680a736
B072MLQL6T,feature_4f48f9c7d2812e50
B072MLQL6T,feature_5533290739bce07f
B072MLQL6T,feature_77fc2dc93aa15d25
B072MLQL6T,feature_843f58b234e3ab92
B072MLQL6T,feature_e5266f9d89de4db4
B072MQRT38,feature_1eb06d43f49285dd
B072MQRT38,feature_81bf71f833e11454
B072MQRT38,feature_84e75682c945a642
B072MQRT38,feature_a95391d95ff98c6c
B072MQRT38,feature_d584a3641f54844e
B072N5YMN1,feature_f85900a7977870da
B072N95X6P,feature_38ad3b692a32aea8
B072PY19RB,feature_bf868d90f3701737
B072TT9NGY,feature_15504fee9c85b325
B072TT9NGY,feature_2161559e60bd5655
B072TT9NGY,feature_31b474a2decbc896
B072TT9NGY,feature_3d0269f30dce160a
B072TT9NGY,feature_3dc5c7521bd3df7f
B072TT9NGY,feature_40d0a6141388a2ff
B072TT9NGY,feature_836c7cf320dab661
B072TT9NGY,feature_b87ff2341151de50
B072TT9NGY,feature_baa9d40f0db0cc86
B072TT9NGY,feature_cf4a006cd216275a
B072YSZ23V,feature_0b58c3909cdfb568
B072YSZ23V,feature_358a086c08713bf8
B072YSZ23V,feature_7399fa9e8c096a3c
B072YSZ23V,feature_a4bae9896b2ddf3a
B072YSZ23V,feature_ccb2fbb97cdcbbcf
B072YSZ23V,feature_e076f3a59f14a8c5
B0731CX62V,feature_ad1e15b72b5fad10
B0731CX62V,feature_bb2087e4b41dd6b0
B0731CX62V,feature_d626a266f8409705
B0731CX62V,feature_f122d5d3ad5ebef8
B0733NRX5R,feature_0fa402eb9b842f2c
B0733NRX5R,feature_1bdce76ba4530868
B0733NRX5R,feature_30c6e917bdfa745d
B0733NRX5R,feature_56c9efe1e4175b00
B0733NRX5R,feature_851e3bd6e6dacd92
B0733NRX5R,feature_bce8b6d692f58625
B073646RZF,feature_01cfe46fc0136316
B073646RZF,feature_4c8b971d63045c61
B073646RZF,feature_65b1724c08a1e324
B073646RZF,feature_71752951e8c2fe75
B073646RZF,feature_e8558c684e1ccbd3
B07375ZQF5,feature_bfa2881e7584a2e5
B0738HC483,feature_0f7cdf9fed45b1d2
B0738HC483,feature_2b5b84bce4e083b7
B0738HC483,feature_3f7816fd8d1c880e
B0738HC483,feature_58a9caa9d7c2b206
B0738HC483,feature_93697500aa1f8675
B0738HC483,feature_d5ea74a033fc4623
B073L3VP61,feature_bfa574681a59c008
B073L3VP61,feature_c60ffca8f680fbac
B073L3VP61,feature_e90b1e72883b00a9
B073L3VP61,feature_f779b89750761006
B073L3VP61,feature_fdf4e50495af9640
B073Q3NGF8,feature_1e4364f39ae190ba
B073Q3NGF8,feature_306f72502f0ea73a
B073Q3NGF8,feature_777fc3aee6da33bd
B073Q3NGF8,feature_b5116dd696c62c25
B073Q3NGF8,feature_e06981e0a9f13980
B073Q3NGF8,feature_f3788ca87deb1e6b
B073QF1XVX,feature_175d3595ca64e85e
B073QF1XVX,feature_1dd24cd87351c140
B073QF1XVX,feature_35cc5fb4727864fb
B073QF1XVX,feature_3ba85837db565245
B073QF1XVX,feature_5364b7d289360257
B073QF1XVX,feature_c2274b41162d472c
B073QR1BHH,feature_18c253a902ca0442
B073QR1BHH,feature_3a20a9427f3994ce
B073QR1BHH,feature_acce4913b19ca6c6
B073R5B6R8,feature_48e5aef5aa550def
B073R5B6R8,feature_6f4976f6559c8cb0
B073R5B6R8,feature_74931669f677af62
B073R5B6R8,feature_9465642d9b7e6e62
B073R5B6R8,feature_b4594d506c3257a7
B073R5B6R8,feature_b57b63ff53f088f5
B073R5B6R8,feature_f9cc913f653135c7
B073THC5FZ,feature_a73d0a7e5bbe9c00
B073V7X8BB,feature_73763e0144c2dd5b
B073V7X8BB,feature_95366ff65fc3ffd0
B073VDYFH7,feature_03d982e26ef6b1bb
B073VDYFH7,feature_0c7e5ff91ab2d58c
B073VDYFH7,feature_2b70b1a6c5229457
B073VDYFH7,feature_a40d374596b674a4
B073VDYFH7,feature_a7d9346ad2db3623
B073VQ2TRM,feature_143f9c478e995e2b
B073VQ2TRM,feature_749ec25520945a70
B073VQ2TRM,feature_a7918c1922494415
B073VQ2TRM,feature_aa00bb7c0e5504f0
B073VQ2TRM,feature_b4cef785b78d4a26
B073VQ2TRM,feature_b6ee2c5f27db442c
B073VQ2TRM,feature_c785475b2e336f8b
B073VQ2TRM,feature_d4790f9775ef9954
B073VSXPQX,feature_0b17392c2cf563e9
B073VSXPQX,feature_0b32efc156715b4e
B073VSXPQX,feature_1f02fe9d7325023d
B073VSXPQX,feature_1f1845cd05d732bf
B073VSXPQX,feature_4267f21f5ff8bb92
B073VSXPQX,feature_91f685fa224a575d
B073VSXPQX,feature_cbc6394353f04223
B073VSXPQX,feature_e3851cdb20c26cc8
B073VSXPQX,feature_eebb4c56080820b7
B073VSXPQX,feature_f7c862675d826d04
B073X75CRY,feature_d5def6e2b16bb4ae
B073XQN5PS,feature_196bfa15bf4e8f4f
B073XQN5PS,feature_1dbb9f0b099a8c5c
B073XQN5PS,feature_40757f32a063e34a
B073XQN5PS,feature_592b3de22dc617cc
B073XQN5PS,feature_6601220de21acd1a
B073XQN5PS,feature_d8c1ba01935e284e
B073ZD7M63,feature_1006e8d7f337af4c
B073ZD7M63,feature_2fb7c283f9766416
B073ZD7M63,feature_89f537dc6127a26b
B073ZD7M63,feature_abf64022c523e436
B073ZDHVT3,feature_1006e8d7f337af4c
B073ZDHVT3,feature_2fb7c283f9766416
B073ZDHVT3,feature_74841dbb470b666d
B073ZDHVT3,feature_abf64022c523e436
B074118QKV,feature_1259a1b2e35ca0f7
B074118QKV,feature_1a2b9b373a042670
B074118QKV,feature_747dc23bcbc39c4f
B074118QKV,feature_84f9259ee41081c4
B074118QKV,feature_91ab5710821a3d0a
B074118QKV,feature_9803fbd638cb93a5
B07413WHFM,feature_0b353a42d003d70e
B07413WHFM,feature_c751cc1aa67dbe79
B07417T6NQ,feature_03d6a194f4b02abf
B07417T6NQ,feature_05115c2767fd98de
B07417T6NQ,feature_211fea6a806bcba9
B07417T6NQ,feature_32f2044b375843fe
B07417T6NQ,feature_36fedcd51001da81
B07417T6NQ,feature_4e293742e6d44b7e
B07417T6NQ,feature_60d264b0c8897130
B07417T6NQ,feature_6c9ad13f4ebcd4c5
B07417T6NQ,feature_cce78b9c9ec7257e
B07417T6NQ,feature_d7f3cef48d050ea9
B0741GBYP8,feature_51d7027ee27947c5
B0741GBYP8,feature_64917280d6f87cda
B0741GBYP8,feature_a68923c3d98ec495
B0741GBYP8,feature_bdd785c77287ad90
B0741GBYP8,feature_d729f832b7387939
B0741GBYP8,feature_f865dadb5d061931
B0741HK33T,feature_4078246bb80cf086
B0741HK33T,feature_583c975ec93af7ed
B0741HK33T,feature_a831452df24365f1
B0741HK33T,feature_b78d656742499401
B0741HK33T,feature_bc99eb680c6c089b
B0741HK33T,feature_e890b5ec28434d01
B0741STPRL,feature_04c38d245f432633
B0741STPRL,feature_1bd211193ab4fb6a
B0741STPRL,feature_379e19783cc69e0e
B0741STPRL,feature_b8ebec1b51cc1e4f
B0741STPRL,feature_cb171cb054a84091
B0741STPRL,feature_de531268ac1143fd
B07423S3YD,feature_c09a75eeabf8f15b
B074488QZS,feature_055074cb5f11cff0
B074488QZS,feature_20b3b35253aafdb0
B074488QZS,feature_65e4703852bada85
B074488QZS,feature_d7b59042f3de4dee
B0745WF21T,feature_3692cb6ab634495f
B0745XM1HH,feature_0dc7b13ad317fd09
B07467PGP6,feature_0240d3fa73cf5d9f
B07467W8DR,feature_22a32037f7065edb
B07467W8DR,feature_a307fce561b47028
B07467W8DR,feature_d262ef763824b259
B07467W8DR,feature_fdd6cd9024f00059
B0747S72MB,feature_26d8e55df9edccda
B0747S72MB,feature_56ab9b185e21c671
B0747S72MB,feature_913288275a3d1d20
B0747S72MB,feature_a66f554b27bca42e
B0747S72MB,feature_b0d19d8f487771d6
B0747S72MB,feature_b87859fc94c21169
B0747S72MB,feature_beec35233e1c12fb
B0747S72MB,feature_cb329146a0dd0d56
B0747S72MB,feature_e4b1284d442f2a1a
B0748D8L8P,feature_4aaa6df261e31c2d
B0748D8L8P,feature_74019a62c94428ba
B0748D8L8P,feature_806ba6b2f1da0ef5
B0748D8L8P,feature_87e28aedbba91977
B0748D8L8P,feature_e459660dd5d4893a
B0748D8L8P,feature_e9e5a8120b4c8f40
B0748FVDSN,feature_196b26c7a6028a44
B0748FVDSN,feature_294ebe67270385f3
B0748FVDSN,feature_7bea9e96a653784f
B0748FVDSN,feature_ae5f36272c0c8f37
B0748FVDSN,feature_c2bc3a87281af403
B0748FVDSN,feature_d516dca0d40b57ec
B0748VGTLH,feature_0be9545edf629e5f
B0748VGTLH,feature_2e20c41c63e221bc
B0748VGTLH,feature_4f944542e06cd6f2
B0748VGTLH,feature_601b1880503e34c2
B0748VGTLH,feature_80830a2b70b221d5
B0748VGTLH,feature_91d9e8b3619b3e38
B0748VGTLH,feature_92148eaaad51e670
B0748VGTLH,feature_c42646441ec8ef01
B0748VGTLH,feature_cfdaf1a7b61f0808
B0748VGTLH,feature_e84189fd3ae9604d
B0748Y9989,feature_18e8ded16a497840
B0748Y9989,feature_229fc0a68dc0c42f
B0748Y9989,feature_2fcea4e0af75f41d
B0748Y9989,feature_9bb7bd25320db198
B0748Y9989,feature_be3141c4c110dd12
B0748Z4Q62,feature_0b56b4e9a1fb38da
B074929HRJ,feature_fe0fe735804956d4
B074B99TC8,feature_04657b541e2eeb0a
B074B99TC8,feature_723d8ca3487cfa09
B074B99TC8,feature_8f61890a3b13c069
B074B99TC8,feature_951df424d0ce90a0
B074B99TC8,feature_fa4e2574b4ad9383
B074CNJQNK,feature_1e4378438f3cff65
B074CNJQNK,feature_3b32e0e6abafced6
B074CNJQNK,feature_4856f41b7aacc287
B074CNJQNK,feature_64dced2425ea5980
B074CNJQNK,feature_c1f4ab7014cf86c1
B074CNJQNK,feature_f8062f6906eac436
B074CQC2NG,feature_1350f9b8d862de75
B074CQC2NG,feature_4d80beb3c258d5d5
B074CQC2NG,feature_6d9f19f19e0e4c3d
B074CQC2NG,feature_86cc1cfee40c4276
B074CQC2NG,feature_8e7ceeeb765ee4d5
B074CQC2NG,feature_94c897cd1a18e888
B074D4M65X,feature_223b4fa65d4fa6c6
B074DK128L,feature_0916077ecb915156
B074DK128L,feature_284e11e19bdec6db
B074DK128L,feature_312e18a6a4755f31
B074DK128L,feature_9981f5fbe55c4b37
B074DK128L,feature_d867415b890a44f0
B074DK128L,feature_f85e5f5fd54e47f0
B074FVZ7TN,feature_213d7fb21f110eee
B074FVZ7TN,feature_461191d40d8687c7
B074FVZ7TN,feature_91fab1e0b92fd440
B074FVZ7TN,feature_c0d57a72c569a121
B074FVZ7TN,feature_e18360eb28949b6b
B074FVZ7TN,feature_fc5f877f1c43dad6
B074HFPGVN,feature_0af02e1bf8c4fc92
B074HFPGVN,feature_2804b46b1949735d
B074HFPGVN,feature_2bf4ffd4f8800c58
B074HFPGVN,feature_4cb812e706d7b937
B074HFPGVN,feature_6a1c76fb281c5163
B074HFPGVN,feature_b8e332edabab4480
B074KL7LMT,feature_25fc0d431543d4b3
B074MG17XX,feature_25e58bda74241cce
B074MG17XX,feature_2d074bdf407f1065
B074MG17XX,feature_920596ee3e34376a
B074MG17XX,feature_b401c4fa643c99a3
B074MG17XX,feature_c450d8d21864d2d3
B074MG17XX,feature_cfcfd0328fc9e6fa
B074NG8FLT,feature_5dd5601ed7bade38
B074NG8FLT,feature_64fb15045c707cec
B074NG8FLT,feature_872de72e2fd24983
B074NG8FLT,feature_a5942c2edd1f8762
B074NG8FLT,feature_b34001abe9b08c49
B074PCK923,feature_37c2e5dc72af12b9
B074PCK923,feature_49d5afe08d217d50
B074PCK923,feature_54ca3dc1d89f5cab
B074PCK923,feature_66d0cd6004563d31
B074PCK923,feature_cc5a953a347059b4
B074PCK923,feature_eae5a983da316010
B074PCK923,feature_f09faba7d005c186
B074PCK923,feature_fc91dc275be6275a
B074PF6B9L,feature_69698273136ec059
B074PPM9QL,feature_96412593ad949ee4
B074PWBFML,feature_145b07e2ca6a01c1
B074PWBFML,feature_211fea6a806bcba9
B074PWBFML,feature_24dde36846b0799a
B074PWBFML,feature_39e6eba460ac87c3
B074PWBFML,feature_47fb5eb69aab9b2d
B074PWBFML,feature_54a550d7700f1c87
B074PWBFML,feature_561a0cb30f19fb00
B074PWBFML,feature_9b4fb0a9f31fcec4
B074PWBFML,feature_c58cbe0edfc0a2f1
B074PWBFML,feature_ece95a425ad83b33
B074PWN7GZ,feature_022bfe37d0159c8d
B074PWN7GZ,feature_20be5309688e8248
B074PWN7GZ,feature_67855c90cbbd348b
B074PWN7GZ,feature_9707dbf170506c70
B074PWN7GZ,feature_a18bea4b5ddcfa7d
B074PWN7GZ,feature_c02d9952b43efe1d
B074PWN7GZ,feature_db9a169ad1c56c0c
B074PWN7GZ,feature_e39ed9df8b581773
B074PWN7GZ,feature_f08a0d709f9f8ebe
B074PWN7GZ,feature_fa8686c6e2b511e1
B074PYFF9Q,feature_08a393372403d789
B074PYFF9Q,feature_37fd1b7791739500
B074PYFF9Q,feature_4a68ca3136cb1ec3
B074PYFF9Q,feature_adc0f0f1227cb931
B074PYFF9Q,feature_e55fb37e18c28d82
B074PYFF9Q,feature_eb910197580e367d
B074PZDL9X,feature_2565462e164d604f
B074PZDL9X,feature_4b5725e1253574c8
B074PZDL9X,feature_9b3d5dfe4fa3dcbe
B074PZDL9X,feature_e1ddae93e35e9608
B074PZDL9X,feature_e832383deb51b672
B074TVGC4W,feature_4c2aa4f6570866ca
B074TVGC4W,feature_9404058e50c8eb80
B074VC67WG,feature_008d8ce7282d54b1
B074VC67WG,feature_cada8218ed09a487
B074VC67WG,feature_cfb3c8d7e599cbd6
B074VT1PD1,feature_1b2086fffe8fe67f
B074VT1PD1,feature_420798c0539e9059
B074VT1PD1,feature_4e84ee339d54951d
B074VT1PD1,feature_8ca26e9a4f12dbde
B074VT1PD1,feature_c5cac2d699917b67
B074VT1PD1,feature_c8f41c405b77670f
B074W4SQPY,feature_03d6a194f4b02abf
B074W4SQPY,feature_0a115aba15180131
B074W4SQPY,feature_1a5c68dfecdac2e4
B074W4SQPY,feature_35d7912c05f22e55
B074W4SQPY,feature_39c3dd606f2c5e76
B074W4SQPY,feature_5ac40215a89c0bef
B074W4SQPY,feature_696eb16e64bff3c0
B074W4SQPY,feature_71449543cd877a6c
B074W4SQPY,feature_9b4fb0a9f31fcec4
B074W4SQPY,feature_b838cf58641ac69e
B074WG573J,feature_026598e7a82283d4
B074WG573J,feature_5eebf07702ebed33
B074WG573J,feature_8d25b2696b2e45cf
B074WG573J,feature_d104269db3d085df
B074WG573J,feature_df77d131cd6e6c54
B074WG573J,feature_fce02bd807eafb9d
B074WKKRGT,feature_0d972c0d8838538c
B074WKKRGT,feature_1b94639cb4f355cd
B074WKKRGT,feature_acceacd0551316e5
B074WKKRGT,feature_b62c09dea5285208
B074WKKRGT,feature_e0d59411ab5483ae
B074XCT682,feature_8aad4e87dd83a6be
B074XCT682,feature_b3afbf139b2c417d
B074Y99RJY,feature_49dd3eb44bfe8742
B07513DJSD,feature_1daefb0d9abe5c72
B07513DJSD,feature_24dd651af0cbd7ab
B07513DJSD,feature_409929a4ad2c9423
B07513DJSD,feature_42ddfd169b0c413b
B07513DJSD,feature_ae934ba70d0b2b2b
B0751616GL,feature_0cd397b4153c7673
B0751616GL,feature_58f9a18f21058f86
B0751616GL,feature_5f614d03eac2cefd
B0751616GL,feature_5f75dd3c94b03517
B0751616GL,feature_cba92507ea4a3b7d
B0754MLNDM,feature_cdad30048c5acfd7
B07562LQRM,feature_497b962a012e073c
B07562LQRM,feature_89f8d42e0a0b34be
B07562LQRM,feature_8afa6d028e72422f
B07562LQRM,feature_8fce92a720b65d34
B07562LQRM,feature_90985f102d8c2de5
B07562LQRM,feature_99b4e6141f952b4b
B0756W2D6R,feature_1327916469a3a837
B0757C1GZD,feature_0f2fc72429f3b76b
B0757C1GZD,feature_1b351084ebd7c2e6
B0757C1GZD,feature_3626a4467101be19
B0757C1GZD,feature_5826ae2f40c69499
B0757C1GZD,feature_7cb846a3074e51f9
B0757C1GZD,feature_d1055eb95d9cbafe
B0757V4V32,feature_a23a893044e4c556
B0757V4V32,feature_cefc669c77b3819f
B0757V4V32,feature_d0a096f967c7f8b7
B0757V4V32,feature_dd8ff085098865ac
B0757Z9V13,feature_001a7c0d03da5b74
B0757Z9V13,feature_300fcbe03f270b59
B0757Z9V13,feature_328a6ad3676c567b
B0757Z9V13,feature_69dae92f5bcb09f5
B0757Z9V13,feature_ab55fda50bb10620
B0757Z9V13,feature_f89241537660c6f2
B0758995TD,feature_062702288d85ff63
B0758995TD,feature_1c4489071f5338eb
B0758995TD,feature_37ef5b1142379413
B0758995TD,feature_6d1a318203040e35
B0758CGLTK,feature_12d43cb19ff9cbe8
B0758CGLTK,feature_28cc873275ef66fe
B0758CGLTK,feature_a24ab7c12f5130c7
B0758CGLTK,feature_b6e8dc4e095fdd40
B0758CGLTK,feature_bbbb4b2d92f85035
B0758CGLTK,feature_fbebb0ba82475d45
B0758J721Y,feature_12d43cb19ff9cbe8
B0758J721Y,feature_28cc873275ef66fe
B0758J721Y,feature_5065188135e6ba55
B0758J721Y,feature_b6e8dc4e095fdd40
B0758J721Y,feature_bbbb4b2d92f85035
B0758J721Y,feature_fbebb0ba82475d45
B0759P9MH1,feature_32b2472fcfeb90db
B0759P9MH1,feature_711e1bce1214fc68
B0759P9MH1,feature_860556ccca97b980
B0759P9MH1,feature_9b4fb0a9f31fcec4
B0759P9MH1,feature_d048cbec8aec0368
B0759P9MH1,feature_dbeae84cfa2c424b
B0759P9MH1,feature_e24a3a44bd3f7f8d
B0759P9MH1,feature_fe9323c8bdf5b67a
B075C1C7MM,feature_046c03b654d0b39d
B075C1C7MM,feature_385e785181253a63
B075C1C7MM,feature_515610e5eb4f7cb6
B075C1C7MM,feature_afe7ce4d75660290
B075C1C7MM,feature_d96f21bf1172544b
B075C1C7MM,feature_e886ffb32decc358
B075C621TG,feature_6d327898ecb37727
B075C775ZD,feature_7c9e4bfb4d4b9ed8
B075CZ65YD,feature_394c4654d176604d
B075CZ65YD,feature_459b7ee29681d402
B075CZ65YD,feature_6c7cb5d1c094625f
B075CZ65YD,feature_7e1fb811264c8411
B075CZ65YD,feature_841426ec24bb91b6
B075CZ65YD,feature_fbb44e778c394040
B075DCTJJW,feature_0f17ed8ccd24d172
B075DCTJJW,feature_91d4d4121d2d1a76
B075DCTJJW,feature_bd2f3638b8a2d78e
B075DCTJJW,feature_d3b48ca45c561cb8
B075F71KG2,feature_58b42dea29eaa6cf
B075F8KTLC,feature_02a3161333ce02e8
B075F8KTLC,feature_2642498a46e6dcdf
B075F8KTLC,feature_3586744132c96d3a
B075F8KTLC,feature_661429944b77ebec
B075F8KTLC,feature_787360d04198cbd8
B075F8KTLC,feature_7c0a1bf3a84d3eba
B075FCYDVT,feature_30cf3fa44a3e6d08
B075FCYDVT,feature_49499049bfe79996
B075FCYDVT,feature_52e25a3e480190c0
B075FCYDVT,feature_c684960e393c822c
B075FCYDVT,feature_df10412dd8cca0d6
B075FCYDVT,feature_f003464ca743403c
B075FM6YBK,feature_26aa929178edfd46
B075FM6YBK,feature_8085fa54077745b8
B075FM6YBK,feature_95ae873e5aa701cd
B075FM6YBK,feature_ec874af8cecbcc1b
B075FM6YBK,feature_fdf952e57063f5e6
B075FM6YBK,feature_ff26c675d7fe5d25
B075FZHCKD,feature_4f28ea1ee548cedb
B075G6TL2J,feature_3eb152ed6c88461c
B075G6TL2J,feature_9039f2a97a6fccb5
B075G6TL2J,feature_90a9ce43d93f154d
B075G6TL2J,feature_e01e66148905aeb6
B075G6TL2J,feature_f23643a8f1d51be0
B075G6TL2J,feature_f4e1cf211420741e
B075JCH8HL,feature_1983c6a94c4f47c9
B075JCH8HL,feature_2d1b7b175484e61e
B075JCH8HL,feature_5bc389dfb228531d
B075JCH8HL,feature_6f3ecb115e7bcd76
B075JCH8HL,feature_77a07cfff4a2e7f5
B075JCH8HL,feature_90397779d513d9e1
B075JCH8HL,feature_ab9e99bac7f218eb
B075JCH8HL,feature_b8dcc55f9a7d0859
B075JCH8HL,feature_c9c99424c40a9c1d
B075JCH8HL,feature_f30f4c31340c9d26
B075JM74MG,feature_06e1da03ce43b03a
B075JM74MG,feature_1b027638288400fa
B075JM74MG,feature_6cde3cb83b8a0659
B075JM74MG,feature_8fd2bb2c63a53b3a
B075JZFMLP,feature_05bf75651aae8e0c
B075JZFMLP,feature_242ecf6601b3125b
B075JZFMLP,feature_84aeb90b0eed22ca
B075JZFMLP,feature_8534cc39e5ac2e74
B075JZFMLP,feature_ddf77d3c9c325da8
B075JZFMLP,feature_df4a71f23b6b9e3e
B075KP9TN8,feature_4e5eb711521163c0
B075LSP5PR,feature_3bceb15025545b3c
B075LSP5PR,feature_441a471205ecb091
B075LSP5PR,feature_588e12d1ec06cc5f
B075LSP5PR,feature_735217649a68099c
B075LSP5PR,feature_7f2acf27f7196714
B075LSP5PR,feature_bfb5f93b64dabd86
B075NFQFQ5,feature_0966ba463fcb33af
B075NFQFQ5,feature_449035b8bab24121
B075NFQFQ5,feature_51368401a39b874a
B075NFQFQ5,feature_7f813cf39ccb1297
B075NFQFQ5,feature_890bb0452fdf61e4
B075NFQFQ5,feature_8ea67824d6329509
B075NFQFQ5,feature_bcaa5968314ad895
B075NFQFQ5,feature_c209f56a4afee664
B075NFQFQ5,feature_decd15eb9554a323
B075NFQFQ5,feature_efecfc3d8d0cd880
B075NR94MT,feature_02c092986a3da37d
B075NR94MT,feature_0846889977ba8e82
B075NR94MT,feature_0ab7d50c43a126f1
B075NR94MT,feature_4343eb74f5e7391e
B075NR94MT,feature_57cb64e08fa16ff9
B075NR94MT,feature_5e248dbf6890ea3e
B075NR94MT,feature_8b0712968610855a
B075NR94MT,feature_b172fddebcf4a5ec
B075NR94MT,feature_cb329146a0dd0d56
B075NR94MT,feature_d655100a60ba1fff
B075QNJTX5,feature_7d1e2bbf4b52b04d
B075QNJTX5,feature_7f2eea9aca529d92
B075QNJTX5,feature_83511a62d52620c2
B075QNJTX5,feature_87d458b3d3ca0809
B075QNJTX5,feature_c4602a86c683a038
B075RFK4BW,feature_1eb06d43f49285dd
B075RFK4BW,feature_81bf71f833e11454
B075RFK4BW,feature_a95391d95ff98c6c
B075RFK4BW,feature_b063354ec455a289
B075RFK4BW,feature_d584a3641f54844e
B075RKHZ6T,feature_183a143c6b05bf62
B075RKHZ6T,feature_2b1e8a7930ebe895
B075RKHZ6T,feature_a80a1602e23ecf50
B075RKHZ6T,feature_aa0e240b112afa3f
B075RKHZ6T,feature_ad71f4a4c08269fd
B075RKHZ6T,feature_d26c04d50231a2e6
B075WSPZ9L,feature_24dde36846b0799a
B075WSPZ9L,feature_475d5b5d60bb5dc6
B075WSPZ9L,feature_673b46b6b734bb82
B075WSPZ9L,feature_7fc669dae19a77ec
B075WSPZ9L,feature_8a01251caef2639d
B075WSPZ9L,feature_8a6624c2928812ce
B075WSPZ9L,feature_c39c8ee8c05920a0
B075WSPZ9L,feature_d3ce23783b5da46e
B075WSPZ9L,feature_edfe921a305c50cb
B075WSPZ9L,feature_f2fa779f7d5bcf8a
B075ZMXQ4F,feature_33c4fd643c659a0c
B075ZMXQ4F,feature_3a6aa006c760b68c
B075ZMXQ4F,feature_a7bb03c5ba2fd53e
B075ZMXQ4F,feature_e9cbd54a8707a9a4
B075ZMXQ4F,feature_f0862d3970166267
B076125G4M,feature_0dc856cff148a2b4
B076125G4M,feature_15df07614d3673ef
B076125G4M,feature_755546015389f30a
B076125G4M,feature_83df38b15cf761eb
B076125G4M,feature_88c190072dd8489b
B076125G4M,feature_a132f066985cf52c
B0763H9P6S,feature_1b1971e2058036e6
B0763H9P6S,feature_1da0f0894080265a
B0763H9P6S,feature_20da7b004b3ffa1d
B0763H9P6S,feature_bb97dcca8e6cf6e0
B0763H9P6S,feature_ec8ecee645c68df1
B0764YC1XG,feature_4037951dfd3b2d73
B0764YC1XG,feature_508e161e729dc7fe
B0764YC1XG,feature_93f04ee8eb656ae4
B0765NZ9Z3,feature_01689d03e93cfb10
B0765Z7XJC,feature_060050a1657e7c22
B0765Z7XJC,feature_2cab8323080a5543
B0765Z7XJC,feature_342d4049c1da9e11
B0765Z7XJC,feature_515fd0eaf78552bd
B0765Z7XJC,feature_96e1a8ab6ee6dcd6
B0765Z7XJC,feature_d4aec264f56f9e71
B0765Z7XJC,feature_dda95351440df7da
B0765Z7XJC,feature_e310fbf62f68d166
B0765Z7XJC,feature_e78917efc32b0a2e
B0765Z7XJC,feature_ea30ff411a3698af
B07667NHNK,feature_679e49c16e6353d9
B07667NHNK,feature_a3404013c7544b09
B07667NHNK,feature_a4a246fa5c94f69e
B0768VPMTV,feature_3170aaa0afb0bdd6
B0768VPMTV,feature_a55cd256c43064ce
B0768VPMTV,feature_a64a48d5d21c388b
B0768VPMTV,feature_d4280346e8714e67
B0768VPMTV,feature_f443b54829e7aa98
B0768VPMTV,feature_f6fe4cfb63d573ef
B076B1S4BB,feature_0997008e59c318de
B076B1S4BB,feature_308e1a4a8050bfda
B076B1S4BB,feature_35dddc5aaddf3bcb
B076B1S4BB,feature_9d3033d3d5585ffc
B076BSY22X,feature_1d1438fdcec14668
B076BSY22X,feature_773bd012a104e527
B076BSY22X,feature_964cc96032f8d77a
B076BSY22X,feature_be309d6a4effbf69
B076BSY22X,feature_c4bae31fa6020e61
B076BSY22X,feature_fc3224a4aa75c03f
B076BWZRLW,feature_58d4dd064e49c915
B076BWZRLW,feature_8e7ceeeb765ee4d5
B076BWZRLW,feature_90f1d29c73ed8c60
B076BWZRLW,feature_bab6586bcdd7c984
B076BWZRLW,feature_c47a00f3f135ac55
B076BWZRLW,feature_eda030fd18bc5380
B076BZW364,feature_1c39896276ec6e17
B076BZW364,feature_4d3e211ef8fb139d
B076BZW364,feature_87039182eb702680
B076BZW364,feature_f5728438bda93588
B076C3GR4M,feature_a28d92a70a3ae1cf
B076C7WXDR,feature_a28d92a70a3ae1cf
B076CGV8M2,feature_09675ce2a4b8c24c
B076CGV8M2,feature_3f2add9fadc0a23f
B076CGV8M2,feature_a974614bc94aca40
B076CHNMVM,feature_397b4fe8fd34da11
B076CHNMVM,feature_3eb9e7c9f4412d30
B076CHNMVM,feature_8439e97973f47ff7
B076CHNMVM,feature_85c51ae0894397a0
B076CHNMVM,feature_ae5ef73df27ab781
B076CP2FFB,feature_de070d491b0b09c0
B076F5PTCV,feature_03d6a194f4b02abf
B076F5PTCV,feature_0faffcab2eb9e602
B076F5PTCV,feature_16095b0675990e86
B076F5PTCV,feature_22072f3abaca0b0b
B076F5PTCV,feature_4f944542e06cd6f2
B076F5PTCV,feature_7bd526ff56848c34
B076F5PTCV,feature_be88d3aa67a0c7d2
B076F5PTCV,feature_c218e39efa2e1aae
B076F5PTCV,feature_d9b2b35ed41da83d
B076F5PTCV,feature_e8a9817a688090da
B076FLFKJK,feature_0e56d889bdd62de3
B076FLFKJK,feature_151ae4a7365e3947
B076FLFKJK,feature_3f5685f2fa480ec5
B076FLFKJK,feature_485beb660b5ddb21
B076FLFKJK,feature_8d594e09f6378e69
B076FLFKJK,feature_bba8885c3c29026d
B076FWM8MB,feature_3dcd9fce68e8e597
B076FWM8MB,feature_3f8d9c3f5f287ac6
B076FWM8MB,feature_4f944542e06cd6f2
B076FWM8MB,feature_8e757ae265c07438
B076FWM8MB,feature_9b4fb0a9f31fcec4
B076FWM8MB,feature_aea3ca8360ba5f7d
B076FWM8MB,feature_cb329146a0dd0d56
B076FWM8MB,feature_d1d691fa3b79e023
B076FWM8MB,feature_d85b8e5aabdebced
B076FWM8MB,feature_f6d38d1e81b4c545
B076H8DTGN,feature_1038c703a845857e
B076H8DTGN,feature_16a5ce087151064a
B076H8DTGN,feature_279c52ccdec666b6
B076H8DTGN,feature_286a1f9c699a2ea9
B076H8DTGN,feature_7b54ac26df975a43
B076H8DTGN,feature_88036d3a803bab6f
B076H8DTGN,feature_a84c49a84affe0ad
B076H8DTGN,feature_d1efbeaf4b6caaf2
B076H8DTGN,feature_d6153e54566174eb
B076H8DTGN,feature_e449d2b1fbe8ea08
B076HS6H1W,feature_0ab52a4f4cd4abd5
B076HS6H1W,feature_c63d08270a7894c6
B076HS6H1W,feature_ce37cbeb162805b6
B076HTPNNQ,feature_0af13522d1fcd52c
B076HTPNNQ,feature_44a6062a5f267ab3
B076HTPNNQ,feature_95b38bb7fdb6696a
B076HTPNNQ,feature_d0c08d3148c193e1
B076J9MKVT,feature_3da16f038db1a982
B076J9MKVT,feature_5ceff89afb377683
B076L7LBTN,feature_2ce1869c41bf752c
B076L7LBTN,feature_414902ba0e78cf9d
B076L7LBTN,feature_6c93e166c19a0baa
B076L7LBTN,feature_8fe72f76e0a8631e
B076L7LBTN,feature_dc04083d411d7d33
B076L7LBTN,feature_f561243879a1af02
B076MHQ594,feature_0cc68b2bcac05fc5
B076MHQ594,feature_17e77172cb32a53b
B076MHQ594,feature_4030a4f6c754fc8e
B076MHQ594,feature_78edbbaf2791bcd5
B076MHQ594,feature_7f97a2870eef9725
B076MHQ594,feature_8534dac07d9505e1
B076PQ64YP,feature_2797b1b98a9e3b2b
B076PQ64YP,feature_3bc294df7174742c
B076PQ64YP,feature_4010981857fb453c
B076PQ64YP,feature_406e39b957c698b9
B076PQ64YP,feature_5960f2460deb41a3
B076PQ64YP,feature_a3a0b37d5de44c4e
B076PQ64YP,feature_a5b4394985ad6b48
B076PQ64YP,feature_b22740141ba6547d
B076PQ64YP,feature_da69b0df097d0d2e
B076PQ64YP,feature_dcffd3ce19817b79
B076QNN489,feature_2346c7192061fe91
B076QNN489,feature_27696c20d9dda12c
B076QNN489,feature_54f5319ee78a77d7
B076QNN489,feature_553b6fa79ed4af06
B076QNN489,feature_6b66e817ec1dd62f
B076QNN489,feature_9732e0e5ff7d5e3d
B076TF7VD1,feature_3168af3d83564ef4
B076TF7VD1,feature_9edfa5a3f531e507
B076TF7VD1,feature_a4b7b7278ce08059
B076TF7VD1,feature_c6a93f0309727532
B076TF7VD1,feature_d5de09773fcf962d
B076Z7K7ML,feature_08944843637afcb0
B076Z7K7ML,feature_0e76750c49754611
B076Z7K7ML,feature_29569958feb74f9e
B076Z7K7ML,feature_3dd21b48f71d3be7
B076Z7K7ML,feature_55acd7f9a21e1e50
B076Z7K7ML,feature_8988e8d8b174c060
B076Z7K7ML,feature_98b8d05ce754f478
B076Z7K7ML,feature_c6e90c8b715a0378
B076Z7K7ML,feature_c9ddc43ef5429b7b
B076Z7K7ML,feature_d69c566ee0e38292
B076Z7XGNR,feature_22e01d8467bee0fb
B076Z7XGNR,feature_235c79bb72f7a655
B076Z7XGNR,feature_c258a987223a7242
B076Z7XGNR,feature_ced80856c6396363
B076ZLC4SR,feature_4f944542e06cd6f2
B076ZLC4SR,feature_5ec513af2fc73340
B076ZLC4SR,feature_7c8199ece42ea712
B076ZLC4SR,feature_8bb13b97eeab67b1
B076ZLC4SR,feature_9049168aaa27d25f
B076ZLC4SR,feature_9091a625b5741213
B076ZLC4SR,feature_b172fddebcf4a5ec
B076ZLC4SR,feature_b65174d7105f6d4e
B076ZLC4SR,feature_dc08dbfee2410146
B076ZLC4SR,feature_f975d85386a550c3
B076ZYN6GQ,feature_0f67a893194e456e
B076ZYN6GQ,feature_37890be754c3c5e0
B076ZYN6GQ,feature_44e1f6d4413815af
B076ZYN6GQ,feature_af52543bfccd62ab
B076ZYN6GQ,feature_e646653c5480d4bc
B0771NT64F,feature_02fd3fe76dcf6ad0
B0773DYKJY,feature_6635171c11c93f96
B0773DYKJY,feature_723a476eae9f9e95
B0773DYKJY,feature_7a3767e657d36125
B0773DYKJY,feature_8d33691e9bea8ca3
B0773DYKJY,feature_ea2b88331858fc40
B0773J7CZS,feature_2224f113ef21cd1b
B0773J7CZS,feature_5ad66db97ca6715a
B0773J7CZS,feature_5cd09e2e34c7152b
B0773J7CZS,feature_5ee8a32991537d4a
B0773J7CZS,feature_6d5a7e98a59c3a79
B0773J7CZS,feature_975df73c9385c772
B0773M4D4K,feature_0f4c19e351f2a96a
B0773M4D4K,feature_372d363036811017
B0773M4D4K,feature_562c239feda19e83
B0773M4D4K,feature_60581509a5a89738
B0773M4D4K,feature_7271cb9af1065699
B0773M4D4K,feature_9be8bebe911d98e5
B0773M4D4K,feature_ef76e5d262549bc2
B0773NBLF9,feature_0f4c19e351f2a96a
B0773NBLF9,feature_372d363036811017
B0773NBLF9,feature_562c239feda19e83
B0773NBLF9,feature_60581509a5a89738
B0773NBLF9,feature_7271cb9af1065699
B0773NBLF9,feature_9be8bebe911d98e5
B0773NBLF9,feature_ef76e5d262549bc2
B077412GLR,feature_20f9ef40a7924e9c
B077412GLR,feature_2131b188802273c8
B077412GLR,feature_47c5a2333bae1b7f
B077412GLR,feature_87c00b5669909632
B077412GLR,feature_cd8e8b3e71642b1d
B07766DJBH,feature_03eb6c813cd55ccf
B07766DJBH,feature_1d49ce9851f0762c
B07766DJBH,feature_7886f95200098bb2
B07766DJBH,feature_cf73db6712e5030b
B07766DJBH,feature_d19f1393c65ffe8d
B07766DJBH,feature_fbfdf93b636bd25f
B0776VGWX2,feature_119c8f02d093648d
B0776VGWX2,feature_1bc9f32cc30fa41e
B0776VGWX2,feature_2a40832cf59c4f40
B0776VGWX2,feature_4d02a6ee8360f50c
B0776VGWX2,feature_a85a6593f9d0db0c
B0776VGWX2,feature_af81b30d174fc9ee
B0776VGWX2,feature_cb18c81f9408e8bb
B0776VGWX2,feature_d59f554ac909dd14
B0776VGWX2,feature_d8b66b9baff2c4f4
B0776VGWX2,feature_e7098900d3c9d17d
B0777QHNLR,feature_651f109a62637882
B0777QHNLR,feature_9fa1f0e0a21e7894
B0777QHNLR,feature_ed85b88c9b590a53
B0777QHNLR,feature_eda273d009eaa760
B0777QHNLR,feature_fdc287793cb57329
B0777W6C4X,feature_3d0e28762fb8ae1c
B0777W6C4X,feature_583ae0dbae8f685b
B0777W6C4X,feature_893d7c60448f239b
B0777W6C4X,feature_914ac29c0581b22f
B0777W6C4X,feature_d40d9e2cbd48adb7
B0779BX3WM,feature_26e9eccaae058147
B0779BX3WM,feature_59d503854173970e
B0779BX3WM,feature_5d0d9b54d6fdc8a5
B0779BX3WM,feature_7c1b977f272fb7d0
B0779BX3WM,feature_df04d232cf8bc500
B077BMVM88,feature_071ef3e1694285ed
B077BMVM88,feature_1392b6ca87f8f579
B077BMVM88,feature_4009f520cb2518a4
B077BMVM88,feature_ca79706b15523674
B077BMVM88,feature_e011277d3722e8a2
B077BMVM88,feature_e65f8cdf53179c91
B077C2T253,feature_42e093d72730d705
B077C2T253,feature_536f3bb02da197bb
B077C2T253,feature_b0ed7ce5de315d5d
B077C2T253,feature_d6a18b851a597215
B077C2T253,feature_f3b9be4a26dc97d6
B077C7TJR3,feature_2c84217183dd12ec
B077C7TJR3,feature_3e445cd3eb165792
B077C7TJR3,feature_4b04a9968e75cc9f
B077C7TJR3,feature_50dc7262c18c7796
B077C7TJR3,feature_7984a6e738968715
B077C7TJR3,feature_d421d35b1c613362
B077C7TJR3,feature_dc6048e0f0475b7a
B077C7TJR3,feature_f5987bfce2b4ba33
B077C8CQ1K,feature_019c90e53a88226f
B077C8CQ1K,feature_114c690ba9ebe37f
B077C8CQ1K,feature_47163240861b1813
B077C8CQ1K,feature_83a38436682737dc
B077C8CQ1K,feature_c67db9ced5e54b1d
B077D5VWJN,feature_2e1ba957d9342249
B077D5VWJN,feature_a345c8f8784dfd58
B077D5VWJN,feature_b4971ec97f186368
B077D5VWJN,feature_b9533a75cb0d3b5a
B077D5VWJN,feature_fd741318605ac0c3
B077FGBFQD,feature_03d6a194f4b02abf
B077FGBFQD,feature_1b50178bf4295cab
B077FGBFQD,feature_1f29bc3fd75c7ca4
B077FGBFQD,feature_207825d97e4480b9
B077FGBFQD,feature_24b67babb87925bb
B077FGBFQD,feature_2825dfb62efa92da
B077FGBFQD,feature_3f3439e8339dc6ea
B077FGBFQD,feature_4f944542e06cd6f2
B077FGBFQD,feature_6dd13adc03e9eb45
B077FGBFQD,feature_d047ab05e583369f
B077KHY7CW,feature_2ae33a3434a4554b
B077KHY7CW,feature_60a1570d1373b05a
B077KHY7CW,feature_9d029d7a5cfcccf1
B077KHY7CW,feature_b7789be7feb31bdf
B077KHY7CW,feature_f75b138cfc70679b
B077NKPWWW,feature_5c45776d2b02e30c
B077NWTWG3,feature_0de3994d2e757da8
B077NWTWG3,feature_3d1f8501681aeee3
B077NWTWG3,feature_d062ac76173f28e3
B077NWTWG3,feature_e340582b853456c3
B077Q5F959,feature_363e766ecdc4e90c
B077Q5F959,feature_47349be6993887a6
B077Q5F959,feature_5b8e3e19a543b943
B077Q5F959,feature_7c7d1bf49c321bbb
B077Q5F959,feature_94a6805f042a3e50
B077Q5F959,feature_cd7008348b7dcac7
B077QPJCWH,feature_125262aeb4461d87
B077QPJCWH,feature_bb0767d61f7c5aa9
B077QPJCWH,feature_c9f472d3b57ff113
B077QPJCWH,feature_f83619f91417f828
B077T2R78Z,feature_073ed43f6a561129
B077T2R78Z,feature_1dc0861014d10172
B077T2R78Z,feature_31a56bf9cb368a12
B077T2R78Z,feature_606d9b8083f32b2c
B077T2R78Z,feature_8c2dfd14a5fd0cd4
B077T2R78Z,feature_a498ac575b1d0db2
B077T2R78Z,feature_b01ed8f4e99c6622
B077T2R78Z,feature_c10aa99d8c572bc0
B077T2R78Z,feature_d90c9e58411e5962
B077T2R78Z,feature_fb7fab4691e3002e
B077T83ZZF,feature_96b97a8a2b908ff7
B077T83ZZF,feature_aceff6c25fa8655a
B077X29MM2,feature_2d52fabf7bde30b2
B077X29MM2,feature_6f33a19444210060
B077X29MM2,feature_9bba5f8936e10015
B077X29MM2,feature_e5c7a2cc06c2c05a
B077XLH536,feature_5c3af9fef3d52e08
B077XP81B9,feature_11b4ab7003cef00c
B077XP81B9,feature_124a145cead5171b
B077XP81B9,feature_b21f3378673ec082
B077XP81B9,feature_db204851ea4655ff
B077XP81B9,feature_f46eb1a56b534268
B077Y3X741,feature_060c1ff993434852
B077Y3X741,feature_27623ae8a9aedd6b
B077Y3X741,feature_3cc98fcf096662df
B077Y3X741,feature_72eaae64660c51ef
B077Y3X741,feature_f665bfa8c938c5d5
B077Y3X741,feature_f7a4558390a5fa3c
B07811G7CX,feature_135623a578129731
B07811G7CX,feature_24bc3955ac0fc822
B07811G7CX,feature_3801fe753db6010c
B07811G7CX,feature_c4e449a79b275603
B07811G7CX,feature_cac68afff0c672e8
B07811G7CX,feature_da2c1a58e2d9f50e
B0781KG5FR,feature_0a39d7f9dbf76135
B0781KG5FR,feature_0ec33d45d625c13a
B0781KG5FR,feature_1fa08a90320cb93d
B0781KG5FR,feature_37dc3683f12ec98d
B0781KG5FR,feature_4f944542e06cd6f2
B0781KG5FR,feature_594786a0c59c3e5d
B0781KG5FR,feature_69c7c85e068ef2e1
B0781KG5FR,feature_751fae80a66bc8ad
B0781KG5FR,feature_7e6edc5290d10856
B0781KG5FR,feature_e2577c534d92c989
B0785W5QKM,feature_9e98fc7673ab1be4
B0788G7LYS,feature_1c88f432680371d3
B0788G7LYS,feature_1dc0861014d10172
B0788G7LYS,feature_27740a1e430b3064
B0788G7LYS,feature_4a62066a39e84594
B0788G7LYS,feature_7e210dc89215088c
B0788G7LYS,feature_f9e2fe71c80bf072
B0789759NC,feature_2dcc2ccf0e5d32a2
B0789759NC,feature_517daf036abbf0b5
B0789759NC,feature_62d7378e5d39dcd3
B0789759NC,feature_a46eac2fcb18c0e0
B0789759NC,feature_aa53470f68532345
B07897NSJ3,feature_053f1123a0e9cad2
B07897NSJ3,feature_6f34317faf433231
B07897NSJ3,feature_7761f0ee5a32f834
B07897NSJ3,feature_b068bdf4aa15ee71
B07897NSJ3,feature_fb5ab3840d916152
B078991F5Z,feature_064447e7f7b1e490
B078991F5Z,feature_44e0f2a9d4c909b6
B078991F5Z,feature_545fdd7b3827d516
B078991F5Z,feature_9f21936db596e043
B078991F5Z,feature_dee16d0e86e043d6
B078991F5Z,feature_ec9bbeb119ac6bf0
B078BXGW8L,feature_0299b25182e045f9
B078BXGW8L,feature_3f4d8ca6a7d964bf
B078BXGW8L,feature_78139d795b73c7a9
B078BXGW8L,feature_8258555fbd16d753
B078BXGW8L,feature_91eabff4738a851e
B078DFV6X1,feature_55dc771ca504069c
B078DFV6X1,feature_8844ad6db7781ea5
B078DFV6X1,feature_95bef06b5f317e92
B078DFV6X1,feature_a4e9dbc839929fe3
B078DFV6X1,feature_cb84a9c682923917
B078GZZ1LL,feature_08b366899a97c28f
B078H1Y4V1,feature_54a4baab6a3bcd18
B078HB1SMX,feature_30aab1026d2947d4
B078HB1SMX,feature_6b1f54dea14b4f72
B078HB1SMX,feature_899d4ef644a332c2
B078HB1SMX,feature_f9c71ebfa3266f8f
B078HJ5RZ9,feature_055106881e28e306
B078HJ5RZ9,feature_4fb4991aa86a8156
B078HJ5RZ9,feature_93ccaa01d760ccf9
B078HJ5RZ9,feature_e30372e2dfac57b6
B078HL31Z5,feature_b1dfdfe8eb427846
B078J18HQQ,feature_1766caf9a3bbdd60
B078J18HQQ,feature_51f1fc31382f64db
B078J18HQQ,feature_a02bc9972c174752
B078J18HQQ,feature_aafc17de665fe082
B078J18HQQ,feature_b7882d9a618d19a0
B078J18HQQ,feature_b841214b72db5f01
B078J18HQQ,feature_dc6048e0f0475b7a
B078J18HQQ,feature_efdc37b0dcf19b9e
B078J33QM5,feature_0bd6fe06e4c1b459
B078J33QM5,feature_1259a1b2e35ca0f7
B078J33QM5,feature_21debaebba7005de
B078J33QM5,feature_3901a681f3edab83
B078J33QM5,feature_41d71235bb8b4e8e
B078J33QM5,feature_569feed2cf153c7c
B078J33QM5,feature_a671a412ad5a5208
B078J33QM5,feature_c209f56a4afee664
B078J33QM5,feature_cb329146a0dd0d56
B078J33QM5,feature_dae427cc9fda9476
B078J4DY9F,feature_07d406c570e62af4
B078J4DY9F,feature_0ca4f8a793819a42
B078J4DY9F,feature_44e4089a1ab16ea8
B078J4DY9F,feature_61dfd19cdc9be147
B078J4DY9F,feature_872aeb2f434ed768
B078J4DY9F,feature_96e51db54315e8a1
B078J4DY9F,feature_a349bedd9d76618b
B078J4DY9F,feature_affeb3aa1771f22b
B078J4DY9F,feature_bb88ea855b49500b
B078J4DY9F,feature_ebe72a839e970cc6
B078JFH7QV,feature_074edd924c58dba1
B078JFH7QV,feature_98600136fcc7d384
B078JFH7QV,feature_d48c96573a14dc79
B078JFH7QV,feature_dbe0cc8bac368472
B078JFH7QV,feature_f2c5e1a04f7db8c7
B078JM3H3V,feature_268491a04754122a
B078JM3H3V,feature_5d6a82ac1c54add4
B078JM3H3V,feature_9398be8c269807ab
B078JM3H3V,feature_d42cfb41c7f159d6
B078JM3H3V,feature_dd257ef46c23def4
B078JM3H3V,feature_f83bebb84a044c57
B078JT1RWB,feature_db1b5cda3ce8c869
B078JWDCZ9,feature_1914150091845d81
B078JWDCZ9,feature_cd111bcb511ab17b
B078KTR1Y4,feature_3383188621d42998
B078KTR1Y4,feature_61a0ed9194eaef1e
B078KTR1Y4,feature_6556d3d23ed498d5
B078KTR1Y4,feature_84b0406ff87da5c0
B078KTR1Y4,feature_a5849741a4a7057e
B078KVJ6ZY,feature_10e2ef4e478d9c85
B078KVJ6ZY,feature_4f944542e06cd6f2
B078KVJ6ZY,feature_7e6edc5290d10856
B078KVJ6ZY,feature_88e4d89fe4e4c103
B078KVJ6ZY,feature_a7984ce5220facc0
B078KVJ6ZY,feature_aac74cf192485a97
B078KVJ6ZY,feature_db7ebd50704f2875
B078MDS92M,feature_77959ddb25f31433
B078MDS92M,feature_9a8082173e1380b8
B078MDS92M,feature_d7a449fd841801f1
B078PJDX3L,feature_09ec9353791a55ac
B078PJDX3L,feature_35ccc7c7f374c530
B078PJDX3L,feature_7bfbcf8da5f27e8b
B078PJDX3L,feature_a2c477723a58b86d
B078PJDX3L,feature_b172fddebcf4a5ec
B078PJDX3L,feature_bc6ef61b58521cc8
B078PJDX3L,feature_cb329146a0dd0d56
B078PJDX3L,feature_d0449e8607744984
B078PJDX3L,feature_e9a494e6a6e78a9f
B078PJDX3L,feature_f6211d57b4c4e431
B078S1GK5P,feature_0005e70d9955581c
B078S1GK5P,feature_0902b7740e436a5b
B078S1GK5P,feature_202a3b27deb693c0
B078S1GK5P,feature_5340b8adf11c4d18
B078S1GK5P,feature_6098e64efd5ff067
B078S1GK5P,feature_a7b739370b52a734
B078S1GK5P,feature_a877bc81a545dbc1
B078S1GK5P,feature_b6094440a4dbfdf6
B078S1GK5P,feature_ba46371fcc217997
B078S1GK5P,feature_e34564de04f2de99
B078SSN1CN,feature_80c8f909e1a5fb6e
B078SSN1CN,feature_8f440e5db4f71bb0
B078SSN1CN,feature_e09407b9df49a081
B078SSN1CN,feature_e59e6a192bd8486d
B078SSN1CN,feature_eed24e28f1940832
B078TQMVWD,feature_1e898010484dc941
B078TQMVWD,feature_583fd7320f11efd0
B078TQMVWD,feature_792545786f90e60a
B078TQMVWD,feature_ecbaf8bb42ef7511
B078W35Q61,feature_019a28b03b88e5d9
B078W35Q61,feature_15ceae2804693228
B078W35Q61,feature_1b173e63eb116557
B078W35Q61,feature_3b4eb77f10969aab
B078W35Q61,feature_4d6e1b6c4b2c41ba
B078W35Q61,feature_4f944542e06cd6f2
B078W35Q61,feature_d39a1dd147a62202
B078W35Q61,feature_d7e2e7d409a96779
B078W35Q61,feature_dbde615720283e35
B078W35Q61,feature_df34cbd53b1a9c3d
B078YQL1PC,feature_00a6168bffdb763d
B078YQL1PC,feature_0f2c9021f82d686b
B078YQL1PC,feature_174a41689d7ff349
B078YQL1PC,feature_50e1fafaffd013f1
B078YQL1PC,feature_52138f188c3e6ded
B078YQL1PC,feature_838dff81c653bd23
B078YQL1PC,feature_c3c027fe577b8032
B078YQL1PC,feature_ec7d1c5aad9c12c5
B078YQL1PC,feature_fc20c7bfc5cf39dc
B078Z1Y26B,feature_2b02cd6ca20f2569
B078Z1Y26B,feature_692bebd06ca84621
B078Z1Y26B,feature_81a3b3144ac00a33
B078Z1Y26B,feature_8fa2dd391adcb5b2
B078Z1Y26B,feature_b78a7aa9bccc6c47
B078Z6MGVW,feature_22484699cf7eb858
B078Z6MGVW,feature_58d22a25e3e7e297
B078Z6MGVW,feature_6366511bb06f87a9
B078Z6MGVW,feature_faf6f9f71bf08564
B078Z6MGVW,feature_ff61aa0e9ca1269e
B0792YP8Q5,feature_2bae052acf8f62a1
B0792YP8Q5,feature_526940bf79822752
B0792YP8Q5,feature_77d931f4e23d3cc1
B0792YP8Q5,feature_e391591ab3ec9f39
B0792YP8Q5,feature_edeff64d666ed9fa
B0793FRZH6,feature_469e7b0041822a48
B0793FRZH6,feature_7aa0c7cfb71b6e43
B0793FRZH6,feature_8044f874a57a7cef
B0793FRZH6,feature_909ab10a969965cb
B0793FRZH6,feature_c151437372139654
B0793FRZH6,feature_dfed5183dcd85f0e
B0793ZV5T5,feature_990e88140aa50cde
B0794MXH1S,feature_0351acece6522c0a
B0794MXH1S,feature_1770e87a981eafa2
B0794MXH1S,feature_1efda6b726d9e79e
B0794MXH1S,feature_6599d28b99e8187b
B0794MXH1S,feature_a05a517fb2e39b8d
B0794MXH1S,feature_d1751389262c776f
B0794T2HF9,feature_32f30fc2bfb72080
B07968N5GC,feature_0a335aff03d21192
B07968N5GC,feature_3edb0a530761ab5b
B07968N5GC,feature_8b0c9afa15690d91
B07968N5GC,feature_ae62c4914be957d7
B07968N5GC,feature_c22a9bc7315b83f1
B07968N5GC,feature_d62801f8f3620638
B079788PBL,feature_196bfa15bf4e8f4f
B079788PBL,feature_77c2f5e48880e557
B079788PBL,feature_8c2b7f8547f8e5a2
B079788PBL,feature_914bf61cdfcd874d
B079788PBL,feature_d8c1ba01935e284e
B0797K3P8Z,feature_654dd21296b2c484
B0797K3P8Z,feature_6d2231d412e605a1
B0797K3P8Z,feature_961c7b0102879548
B0797K3P8Z,feature_9adc5f4e012daf32
B0797K3P8Z,feature_b4a9c683272ab05c
B0797K3P8Z,feature_c3b51454241c8d07
B0797QLHND,feature_1b6740fa6ab1c755
B0797QLHND,feature_2c47499f768375e7
B0797QLHND,feature_3b900f05911c8469
B0797QLHND,feature_40ed95e120fa42ee
B0797QLHND,feature_479e30f005f8d204
B0797QLHND,feature_6de7f80c9866cbe2
B0797QLHND,feature_6f1802d8651cab8e
B0797QLHND,feature_8399781fd84a45b7
B0797QLHND,feature_a882c0823895adfd
B0797QLHND,feature_aa881470ded15dc0
B0798NSL1G,feature_03b6a9252db07dd3
B0798NSL1G,feature_133c0c4e81716ca1
B0798NSL1G,feature_20ba31821b079e7d
B0798NSL1G,feature_26aca7941a99d90e
B0798NSL1G,feature_47e4ca087c98dd39
B0798NSL1G,feature_58b641a3db177f37
B0798NSL1G,feature_8df4661defecdd14
B0798NSL1G,feature_b34e0fe7c8a075fc
B0798NSL1G,feature_c7d240b256885924
B0798NSL1G,feature_d09772be44b6741f
B0799MRQFM,feature_2ac5798b13f95024
B0799MRQFM,feature_3c97c913732f5c87
B0799MRQFM,feature_8d176227f0ea1f14
B0799MRQFM,feature_a11ac16d666ca053
B0799MRQFM,feature_b18c52d739b27b44
B0799MRQFM,feature_f57410cae3a1c445
B079BF941H,feature_0e5ce1e50ddff714
B079BF941H,feature_43fdcd9b28789564
B079BF941H,feature_5618a8730a32f7e9
B079BF941H,feature_c76245b60681a3bb
B079C62RV8,feature_4871f4b27e495f23
B079C62RV8,feature_f865f6df4b65ba94
B079CVXS2D,feature_22b47cd07cf38d3c
B079CVXS2D,feature_779eecfea2059a4c
B079D9K2ZY,feature_a7db0eda8728aac2
B079D9K2ZY,feature_fdaf87dab5ccdb80
B079H1V4PR,feature_02c092986a3da37d
B079H1V4PR,feature_2b6326585acf54cc
B079H1V4PR,feature_30b61caba948bd63
B079H1V4PR,feature_3ee8f3e23e6016d3
B079H1V4PR,feature_948e704c7671c47f
B079H1V4PR,feature_ae6208b7eb612a00
B079HHBWCT,feature_0e138be2549ec634
B079HHBWCT,feature_1432fc89bb0b7b34
B079HHBWCT,feature_16e440e414655e68
B079HHBWCT,feature_3d2d42b97701229a
B079HHBWCT,feature_c7afc36be62f94b9
B079HJWSFY,feature_1620f6e884a46b69
B079HJWSFY,feature_2fd59d957b684b45
B079HJWSFY,feature_3ec8fc967f043d8b
B079HJWSFY,feature_477f57ad4a493f3a
B079HJWSFY,feature_523383dea24373d6
B079HJWSFY,feature_5371714e70131213
B079HTT4NT,feature_0c560c27477a25f0
B079HTT4NT,feature_933f33b110c6f732
B079HTT4NT,feature_948c3bc02424e98b
B079HTT4NT,feature_96acf2aa5ee76256
B079HTT4NT,feature_9b4fb0a9f31fcec4
B079HTT4NT,feature_b172fddebcf4a5ec
B079HTT4NT,feature_cb329146a0dd0d56
B079HTT4NT,feature_d00432e46cbe6a70
B079HTT4NT,feature_e08f6258f89e62f7
B079HTT4NT,feature_e2c2eb1b5ff5e919
B079J121M3,feature_071922b5ff4587ef
B079J121M3,feature_197faaffa7c7d8dd
B079J121M3,feature_1a881d3c57f5edc0
B079J121M3,feature_2eeebd4a71d26fbc
B079J121M3,feature_476374e2a56efca6
B079J121M3,feature_9d5f478ace976ac1
B079J121M3,feature_bc692a6469c528c7
B079J121M3,feature_f3b9a0edc143b90a
B079JPNPF3,feature_15ffeb2bbf2c88a5
B079JPNPF3,feature_5487f2521d92de75
B079JPNPF3,feature_6a185c5ee496775a
B079JPNPF3,feature_ad5b071fdcac1d3b
B079JPNPF3,feature_c55a2843d71b7479
B079JPNPF3,feature_d64396a344a5864c
B079LVHSKZ,feature_4f48deb57b1ba416
B079LVHSKZ,feature_56725e3751c79ee9
B079LVHSKZ,feature_7a0929cd298af3d0
B079LVHSKZ,feature_9f964222df88bb37
B079LVHSKZ,feature_c5da3983e766cbec
B079LVHSKZ,feature_d66e79c2f84832f4
B079M2BW8R,feature_3e7899f838962199
B079M2BW8R,feature_4f48deb57b1ba416
B079M2BW8R,feature_56725e3751c79ee9
B079M2BW8R,feature_7a0929cd298af3d0
B079M2BW8R,feature_aa3c0531139895c5
B079M2BW8R,feature_d66e79c2f84832f4
B079N68DQ7,feature_e4891ce5890feef9
B079N68DQ7,feature_ee3cc2cb798f2a77
B079NPTM3D,feature_babe98c39ebee2bd
B079PH1X65,feature_020a79f1f3f7ef33
B079PM5VZH,feature_79264e10185c9429
B079PM5VZH,feature_fda5ddbd2b6678fc
B079QBHKC8,feature_3ec932dd904aaa64
B079QBHKC8,feature_45c4075078e18ab7
B079QBHKC8,feature_5b1096ac6fd246be
B079QBHKC8,feature_7c5ce32e3fecc9b6
B079QBHKC8,feature_93298b03656b1659
B079QBHKC8,feature_da85d5ae85f8bc2d
B079QW8TSQ,feature_3da5003c9ca118bc
B079QW8TSQ,feature_cfc8944d64e91107
B079R47NWB,feature_2559567a29fe85b4
B079R47NWB,feature_612936a6b649b8f4
B079R47NWB,feature_75d3966af391b31d
B079R47NWB,feature_9aa311adee8d209f
B079R47NWB,feature_c9511d2a44290ba5
B079R47NWB,feature_ced414498edb0bbe
B079VDV2LH,feature_b6e25e246792b3fa
B079VVP246,feature_10b6e1c2778484b5
B079VVP246,feature_1ad5966f0e48682f
B079VVP246,feature_847e97970e667d1a
B079VVP246,feature_98aa4008e44dad1f
B079VVP246,feature_bbffc78324c2a139
B079VVP246,feature_dfd6868a4781e61c
B079WBZRD8,feature_021e0e5f13a94786
B079WBZRD8,feature_106bd7087f777d4c
B079WBZRD8,feature_5e79463e1e234120
B079WBZRD8,feature_73763e0144c2dd5b
B079WBZRD8,feature_8f228b3c0a875791
B079WBZRD8,feature_de0ef77850423fcb
B079Y3Y3ZV,feature_04cf55c7567c74c8
B079Y3Y3ZV,feature_3ab33f25f68165c7
B079Y3Y3ZV,feature_4d66b39228cfaf5f
B079Y3Y3ZV,feature_637922fd8b673cc3
B079Y3Y3ZV,feature_6f2702896cada0ee
B079Y3Y3ZV,feature_89bfd9d286508baa
B079Y3Y3ZV,feature_9a0cbb0cc5d71129
B079Y3Y3ZV,feature_b2f40bc98e9a68c8
B079Y3Y3ZV,feature_cfc41e09eeea7a15
B079Y3Y3ZV,feature_e6f7cbb874f4a93f
B079Y8G5YB,feature_6aa1ab61c1db1798
B079Y8G5YB,feature_7dd17a2c3b171003
B079Y8G5YB,feature_9b9d191dd4dd2832
B079Y8G5YB,feature_e2eba026c8f8e4e0
B079Y8G5YB,feature_e5664849e0a9c33f
B079Y8G5YB,feature_f2ae8c06d787090d
B079ZC4BSW,feature_08f00a3af7480782
B079ZC4BSW,feature_1df1d2dcef44c46e
B079ZC4BSW,feature_2fb405be1a57b354
B079ZC4BSW,feature_d849220f6c356936
B079ZC4BSW,feature_d86f74ac0e1a15aa
B079ZG8SB4,feature_10caf6e5f293e148
B079ZG8SB4,feature_352f2efffdae676e
B079ZG8SB4,feature_388518b33c59a406
B079ZG8SB4,feature_92dd847f0a9ce24e
B079ZG8SB4,feature_c7982d9bc38e3df7
B079ZM69XL,feature_8a62bc8bbcf42924
B079ZM69XL,feature_b76dacbf88444177
B079ZM69XL,feature_bc57bad281084911
B079ZM69XL,feature_e4bd70212f9992a0
B07B2N36S5,feature_1b87f3bdd83651af
B07B2N36S5,feature_6355565b871ccb97
B07B2N36S5,feature_83c3f6706f462313
B07B2N36S5,feature_8a2c7aca13f9c8e2
B07B2N36S5,feature_9baae49a6294efe5
B07B2N36S5,feature_c97a833df900a1d2
B07B2N36S5,feature_e137f12d3951f994
B07B2N36S5,feature_e9452244dc368ae7
B07B2N36S5,feature_fda65f82593232d4
B07B2P9JQF,feature_017fd51438e11d3f
B07B2P9JQF,feature_16123cd72f1d48cc
B07B2P9JQF,feature_c75af2512cbf9517
B07B2P9JQF,feature_cbe52a4e3e26406a
B07B2P9JQF,feature_d02ec3a5bc905072
B07B2P9JQF,feature_e123c556beeb0536
B07B2Q53F2,feature_17f6009f0297dea2
B07B2Q53F2,feature_91ee68d7d18ea250
B07B2Q53F2,feature_c75af2512cbf9517
B07B2Q53F2,feature_e123c556beeb0536
B07B2Q53F2,feature_ed7f8df5af0bf9f6
B07B2Q53F2,feature_ff45ac80032dde00
B07B39GX1V,feature_17ee476f5a01bd55
B07B39GX1V,feature_2dc4e8313364eb8b
B07B39GX1V,feature_a7e25b51b30d3b53
B07B39GX1V,feature_bb579ec37d255353
B07B39GX1V,feature_c83f3aa9803ec71b
B07B39GX1V,feature_d868574eb517e8cc
B07B4KLSCC,feature_00599ec9655c3578
B07B4Z6QRB,feature_33ef21f34c5e3492
B07B4Z6QRB,feature_3a3bfd7a96f5d8c7
B07B4Z6QRB,feature_8a10006e90fe5d41
B07B4Z6QRB,feature_90158dc67b59d4bd
B07B4Z6QRB,feature_bc4aa4872a016013
B07B5LPMSK,feature_0c7d736c79518144
B07B5LPMSK,feature_30a196615dbfeb2e
B07B5LPMSK,feature_3e827f8a70edfdb9
B07B5LPMSK,feature_45d358169f58fcc5
B07B5LPMSK,feature_5ca2be92ef0b66a9
B07B5YVCDX,feature_798713ea78bd3dd3
B07B67G7PT,feature_07bc90ac81f19a47
B07B67G7PT,feature_26e889692aa51333
B07B67G7PT,feature_2a8368644c7bde8c
B07B67G7PT,feature_51ab36b5750cae27
B07B67G7PT,feature_743116629a095d0c
B07B6F7NJ5,feature_88d435ccec8ec13d
B07B6F7NJ5,feature_91339f802b02e275
B07B6F7NJ5,feature_a94205a10bf99915
B07B6F7NJ5,feature_aa1c0671aa9df138
B07B6F7NJ5,feature_bf5f927153abb635
B07B6S35X2,feature_2401665b9d934c00
B07B6S35X2,feature_25ea0be68271d5d8
B07B6S35X2,feature_7cada0ce88c85da4
B07B6S35X2,feature_9f1a3358a4b5ebcd
B07B6S35X2,feature_d38bb7e90f369202
B07B6TNHTD,feature_3ce93a4a56f7c5ed
B07B6TNHTD,feature_735d388cb699a805
B07B6TNHTD,feature_aab0381b5130570f
B07B6TNHTD,feature_c8cd2726e3dba160
B07B6TNHTD,feature_fd31af9ec19a222b
B07B7FXJFC,feature_065ae02b8e1abe33
B07B7FXJFC,feature_1ef86a5536472640
B07B7FXJFC,feature_8629e8d093d8f671
B07B7FXJFC,feature_8ef2d649ae7aa301
B07B7FXJFC,feature_9bb8d9eedb2fa483
B07B7FXJFC,feature_f09b617b30042d42
B07B7H9WBJ,feature_175ff3e33da95acd
B07B7H9WBJ,feature_1984e292588aa105
B07B7H9WBJ,feature_86f1a7f48b53a02d
B07B7H9WBJ,feature_a19f4d89c5b416b0
B07B7H9WBJ,feature_ab7a4eb8756507c7
B07B7H9WBJ,feature_da82844e24455861
B07B7H9WBJ,feature_f07127867c6605f8
B07B7XJM5N,feature_0f51444a1825ac81
B07B7XJM5N,feature_31980e8eb76f03ed
B07B7XJM5N,feature_3323ddf51619f038
B07B7XJM5N,feature_3f98efc3c8f2d14c
B07B7XJM5N,feature_776a25023ef27841
B07B7XJM5N,feature_8535aba06c5eaca5
B07B8GCRVY,feature_1eaf99045ef1ced3
B07B8GCRVY,feature_77308e6b2f8c251c
B07B8GCRVY,feature_7f5b3b1257b716bf
B07B8GCRVY,feature_c0b05020b383337e
B07B8GCRVY,feature_e6816da9fe30cd45
B07B8JFCC2,feature_0ab62311d975435b
B07B8JFCC2,feature_0e67ece36e3142c2
B07B8JFCC2,feature_22d504243168ccf3
B07B8JFCC2,feature_35cb88cc7b1ede6f
B07B8JFCC2,feature_391ad656fae3a0f4
B07B8JFCC2,feature_76654cc9c9394e8e
B07B8JFCC2,feature_773fc3a2a4d1bda4
B07B8JFCC2,feature_9e6e2f5230cd9c57
B07B8JFCC2,feature_adcac1138ef1c519
B07B8JFCC2,feature_d8e6a21c4caa3636
B07B8W7P2M,feature_0703bdb81a946b58
B07B8W7P2M,feature_43f5a5ef87a5a573
B07B8W7P2M,feature_73364fe287800223
B07B8W7P2M,feature_a174fbbe65ff0b11
B07B8Y1CB9,feature_4f67149819f105fb
B07B8Y1CB9,feature_7b164f859bbc465b
B07B8Y1CB9,feature_dbfb0c38a9d79906
B07B8Y1CB9,feature_e31e5c9ccd49e867
B07B8Y1CB9,feature_e701c93246112c34
B07B9WH6PL,feature_2fc28c2dc8dd671b
B07B9WH6PL,feature_3be625589c859f83
B07B9WH6PL,feature_4a4c14dcebd0e653
B07B9WH6PL,feature_6c1b3557b3054fb4
B07B9WH6PL,feature_89f5e2fab4d7d443
B07B9WH6PL,feature_8f95d37f95d7c2c9
B07B9WH6PL,feature_9b4fb0a9f31fcec4
B07B9WH6PL,feature_a6186f09b5bf6c12
B07B9WH6PL,feature_aef008e797274bf7
B07B9WH6PL,feature_b3449f29ff9c0783
B07BB1PHW7,feature_5ec86a42c3e5427e
B07BB1PHW7,feature_742230ff3d407401
B07BB1PHW7,feature_83ee6bf4e965a541
B07BB1PHW7,feature_8538cd9fb6308f8c
B07BB1PHW7,feature_ccf92682dadff83c
B07BB1PHW7,feature_e0f5a0ccb062452b
B07BB2LVXF,feature_1b0184c2e61d8e67
B07BB2LVXF,feature_253bfc4cd0329739
B07BB2LVXF,feature_6c53df91dd897c48
B07BB2LVXF,feature_80023be509e06fc8
B07BB2LVXF,feature_bbd03bb647ccb196
B07BB2SCKM,feature_1d8f2a494565d8ba
B07BB2SCKM,feature_20af9cb8334f804f
B07BB2SCKM,feature_44b0a6a68bff118c
B07BB2SCKM,feature_4dcd17218667b318
B07BB2SCKM,feature_c5c836fe3c7b59dc
B07BB2SCKM,feature_e52e05475cf1b951
B07BB3Q8Z2,feature_384894177e0453fa
B07BB3Q8Z2,feature_6f960292da3020c6
B07BB3Q8Z2,feature_7f97a2870eef9725
B07BB3Q8Z2,feature_b1736d3208df6055
B07BB3Q8Z2,feature_b68a7436aeba2ddb
B07BB3Q8Z2,feature_de5ebc4d568fc7d6
B07BCWHDP2,feature_072e9cb2d9fd2c92
B07BCWHDP2,feature_0baa00d756b61b2d
B07BCWHDP2,feature_738870c9cb396ee6
B07BCWHDP2,feature_8e7ceeeb765ee4d5
B07BCWHDP2,feature_bbacd4bb3157aab4
B07BCWHDP2,feature_e859c27598c653ff
B07BGGZQKM,feature_5eb402af61e94dd2
B07BGGZQKM,feature_65d5589f55f868a1
B07BGH86ZF,feature_273b2d18ad88e501
B07BGQGTHS,feature_273b2d18ad88e501
B07BGY2226,feature_2c21d6b19e2fe256
B07BGY2226,feature_3fa01b24d9d13ecd
B07BGY2226,feature_572c31f7c55f105e
B07BGY2226,feature_8130a2531947e0bf
B07BGY2226,feature_b68590dfe80b8734
B07BHM7WM2,feature_03f111650f3165ee
B07BHM7WM2,feature_211fea6a806bcba9
B07BHM7WM2,feature_3499b409ae14bf02
B07BHM7WM2,feature_7b419c2f637a5848
B07BHM7WM2,feature_8be95833594b4145
B07BHM7WM2,feature_8e36b7f5363ffae9
B07BHM7WM2,feature_b172fddebcf4a5ec
B07BHM7WM2,feature_cb329146a0dd0d56
B07BHM7WM2,feature_d9a1c21720727b19
B07BHM7WM2,feature_f52527a724f59597
B07BHVL1LD,feature_36a6b70459009344
B07BHVL1LD,feature_49115df177bb293f
B07BHVL1LD,feature_74657794cd3f2a3e
B07BHVL1LD,feature_ce8d5dee2c3fe77f
B07BHVL1LD,feature_d9aa1669ace59ea2
B07BJHPTPT,feature_32a745a61e9577bd
B07BJHPTPT,feature_47e1724047322fb3
B07BJHPTPT,feature_8316765c3b662168
B07BJHPTPT,feature_a625dd74ced41952
B07BJHPTPT,feature_dd5d9ff4db18f46a
B07BJHPTPT,feature_e6141b71fe957743
B07BJHPTPT,feature_ea48135aec37a6f4
B07BK8FKHT,feature_cededc9449410750
B07BKTH19G,feature_0c9a845ae8155f8c
B07BKTH19G,feature_262483d7f47188b2
B07BKTH19G,feature_47074b224641fff3
B07BKTH19G,feature_fc22eebfd8ca5f43
B07BKVZ3M7,feature_510726a8c4cebcbd
B07BKX1WZN,feature_215fb26fea240b7e
B07BKX1WZN,feature_769558b18f5331bf
B07BKX1WZN,feature_8931bfe00a1884a5
B07BKX1WZN,feature_9f2c2c757e77b2fa
B07BKX1WZN,feature_c6f2cd977a835da5
B07BKX1WZN,feature_fff1eedb8945d486
B07BL5DFGM,feature_24fbff63f68604e0
B07BL5DFGM,feature_2844cf970b07e878
B07BL5DFGM,feature_4c618907098494af
B07BL5DFGM,feature_57b0a5fdb80c9e6d
B07BL5DFGM,feature_5863bc4a454eef3b
B07BL5DFGM,feature_73072bb568620785
B07BL5DFGM,feature_9ab9693b8b50f9a9
B07BL5DFGM,feature_af2c816eed522560
B07BL5DFGM,feature_d1ad3a554429ab24
B07BLVYV1K,feature_6e8e702b53c5956e
B07BMG5FGB,feature_12abfefafbad15b7
B07BMG5FGB,feature_2c9125e58b682687
B07BMG5FGB,feature_7af197456fde2bba
B07BMG5FGB,feature_f535e07e566ad54a
B07BNC86QJ,feature_2559567a29fe85b4
B07BNC86QJ,feature_612936a6b649b8f4
B07BNC86QJ,feature_75d3966af391b31d
B07BNC86QJ,feature_9aa311adee8d209f
B07BNC86QJ,feature_c9511d2a44290ba5
B07BNC86QJ,feature_ced414498edb0bbe
B07BNF5KR6,feature_13273021e39a76c7
B07BNF5KR6,feature_17b9dcd62ea2569e
B07BNF5KR6,feature_4a2e15c4cd54e498
B07BNF5KR6,feature_56e974314967f5a5
B07BNF5KR6,feature_5aecec2d417b5053
B07BNF5KR6,feature_baaf5e4d279afc90
B07BNRVL6Z,feature_645bdc9fe9cd630a
B07BNRVL6Z,feature_a974614bc94aca40
B07BNRVL6Z,feature_b3a2432b4bd90fd0
B07BNRVL6Z,feature_c2e24c2f55e4b51a
B07BP1YYJR,feature_16b4e50acec71610
B07BP1YYJR,feature_640c8b8d50e3ad95
B07BP1YYJR,feature_a2a5b94c1c425d1f
B07BP1YYJR,feature_b00116ca355d7e67
B07BP1YYJR,feature_b2c2f33d65356932
B07BP1YYJR,feature_cc39c5d273a7dbac
B07BR79NVY,feature_1663061afa0dc233
B07BR79NVY,feature_30b2571e7996e0fd
B07BR79NVY,feature_3284e9794b66d9aa
B07BR79NVY,feature_9099387f63ac3f29
B07BR79NVY,feature_99ceffdc7b048baa
B07BR79NVY,feature_fb43710938dfd971
B07BS98LXY,feature_2a1440fc38c6971e
B07BS98LXY,feature_37061ea8fdfa3941
B07BS98LXY,feature_7618f5a67e0e4cb4
B07BS98LXY,feature_8bb1e8bfdd653aa3
B07BS98LXY,feature_8dba4f540b163c56
B07BS98LXY,feature_da6c5e5e877368f0
B07BSMFXZN,feature_4e5ee41fa70aed9d
B07BSMFXZN,feature_962f2267c10ff2d4
B07BSMFXZN,feature_bfa36e1d83a867b9
B07BSMR4PK,feature_5cd20d0954572c03
B07BSMR4PK,feature_a2c1331a1d3da68e
B07BSXRDZK,feature_a78dd03d65684e72
B07BSXRDZK,feature_b50abe6c5106fe41
B07BSXRDZK,feature_d4992ce146d2b218
B07BW9CGXX,feature_15cd4c0c00fc82f8
B07BW9CGXX,feature_29562982ae0de6c7
B07BW9CGXX,feature_48e725f8df93e491
B07BW9CGXX,feature_4ffac4abc5e5f8cc
B07BW9CGXX,feature_5aebf0c46074d2c1
B07BW9CGXX,feature_699ede5b2f217c64
B07BXK7W3P,feature_1be788249c611c9c
B07BXK7W3P,feature_28a8a3b69f2e7820
B07BXK7W3P,feature_51f114f64039f7a6
B07BXK7W3P,feature_adee5151820a601b
B07BXK7W3P,feature_b21b52dec2510dc9
B07BXK7W3P,feature_e3ecdeecd744ca73
B07C1JBJ5V,feature_054e86aa0220708b
B07C1JBJ5V,feature_62fa80d4d2884123
B07C1JBJ5V,feature_80d64c4e33b50bd3
B07C1JBJ5V,feature_9456f6d90eb50205
B07C1JBJ5V,feature_9bbff21ea59b99ce
B07C1JBJ5V,feature_beccb428d40fa508
B07C1LPC9S,feature_1d7fea347ba946e1
B07C1LPC9S,feature_2d728d641fb1d958
B07C1LPC9S,feature_8a463ef6e52d1e8f
B07C1LPC9S,feature_a197844a48bef16b
B07C1LPC9S,feature_d9ccf17f241b279e
B07C1LPC9S,feature_de81d5f8ec485a0a
B07C1NFSRZ,feature_08942cba9ac0aa09
B07C1NFSRZ,feature_2bb67061b4f8ccc9
B07C1NFSRZ,feature_470ee76b338dd1b7
B07C1NFSRZ,feature_b187f89c8b1b28d3
B07C1NFSRZ,feature_c9799d2a9ca74d2a
B07C1YQTGN,feature_0328ff7d4b4ac7a5
B07C1YQTGN,feature_0918b82c60d7a9e1
B07C1YQTGN,feature_8f7023b50502d93f
B07C1YQTGN,feature_a11402d116b5c58e
B07C1YQTGN,feature_bae71efba4b89ad1
B07C21MGBK,feature_2d74846e7889415e
B07C21PW82,feature_04c43b89d800630a
B07C21PW82,feature_327a778777201abd
B07C21PW82,feature_62c24c6fa884c3de
B07C21PW82,feature_9bc1dda614eb30d2
B07C21PW82,feature_ec28e676fc3aa115
B07C2YRT9P,feature_0edd9e564c16e736
B07C2YRT9P,feature_125353a42babc36b
B07C2YRT9P,feature_30a7e26f55e85019
B07C2YRT9P,feature_37fc54704f5f2710
B07C2YRT9P,feature_3f76f56a24931843
B07C2YRT9P,feature_48a26aaa8d17e189
B07C2YRT9P,feature_66334c9705de9784
B07C2YRT9P,feature_8e99d13578672dae
B07C2YRT9P,feature_9e76b3a29e4f7622
B07C2YRT9P,feature_e9b2d46e89f06c9d
B07C3CDVZ8,feature_37dccfa7a94768b0
B07C3CDVZ8,feature_7f3ec3217105415b
B07C3CDVZ8,feature_95b6a79e8121f4ed
B07C3CDVZ8,feature_d0d9e1fa1a16e721
B07C3CDVZ8,feature_fe2f18474645564f
B07C4J46JF,feature_21b77812299263c0
B07C4J46JF,feature_5d9f43c7353bd2ce
B07C4J46JF,feature_78f775f12e60749d
B07C4J46JF,feature_d4e1a355609567ed
B07C4J46JF,feature_ff0b994fa1da70ce
B07C4QL226,feature_f30b5204ec040d5b
B07C53CP1Q,feature_1d8002b61aa2db57
B07C53CP1Q,feature_1e87cdfb972087d7
B07C53CP1Q,feature_4f944542e06cd6f2
B07C53CP1Q,feature_65287d45d82e04be
B07C53CP1Q,feature_a1389d4b00adf551
B07C53CP1Q,feature_b8a25d2861308611
B07C53CP1Q,feature_c6f82d242dcb6e4f
B07C53CP1Q,feature_e26942388e6ce1c3
B07C53CP1Q,feature_ed3b1d07ad00b22a
B07C53CP1Q,feature_f84cfa333a962222
B07C57LVQ4,feature_1d8002b61aa2db57
B07C57LVQ4,feature_1e87cdfb972087d7
B07C57LVQ4,feature_2b0f5dbcac535265
B07C57LVQ4,feature_4f944542e06cd6f2
B07C57LVQ4,feature_65287d45d82e04be
B07C57LVQ4,feature_a1389d4b00adf551
B07C57LVQ4,feature_b8a25d2861308611
B07C57LVQ4,feature_c6f82d242dcb6e4f
B07C57LVQ4,feature_e26942388e6ce1c3
B07C57LVQ4,feature_ed3b1d07ad00b22a
B07C5W2PT2,feature_8eb3e738f93c8328
B07C5W2PT2,feature_9a6b6f23b7395891
B07C5W2PT2,feature_e42c672d80a733a5
B07C5W2PT2,feature_e5642f0400ba80c1
B07C5W2PT2,feature_e5f257a86d751695
B07C63RZTG,feature_800704e444123ee6
B07C6D1G5F,feature_07cc87b6b72fa1bf
B07C6D1G5F,feature_29efb38cb61e79c2
B07C6D1G5F,feature_569a8146400fa3c0
B07C6D1G5F,feature_623873793348ab05
B07C6D1G5F,feature_688f2e3524e02d94
B07C6D1G5F,feature_81151d01b4b73642
B07C6D1G5F,feature_8229052a5c59c570
B07C6D1G5F,feature_882ae182f69a68dc
B07C6D1G5F,feature_bfe2ecabc6a533bf
B07C6D1G5F,feature_d42cfb41c7f159d6
B07C9CRZYC,feature_b2775ea4f3af9f9c
B07C9D1FD7,feature_06f5a17e2234a141
B07C9D1FD7,feature_2b2d7cd18a3c86b5
B07C9D1FD7,feature_3b65e6503a29dc6e
B07C9D1FD7,feature_75a0be5922a96a29
B07C9D1FD7,feature_c23f773c5e39f169
B07C9D1FD7,feature_dbb9b02c907ac961
B07CBJ9ZJZ,feature_016f7f62315b29af
B07CBJ9ZJZ,feature_2979da0453a93306
B07CBJ9ZJZ,feature_57827be3110717ad
B07CBJ9ZJZ,feature_b25d71586d9fe882
B07CBSHQZB,feature_40780f71921fba64
B07CBSHQZB,feature_4da60960ed8d212f
B07CBSHQZB,feature_5086f66d2730f166
B07CBSHQZB,feature_af7783d702bd090c
B07CBSHQZB,feature_b59d2b8f7b58e5a6
B07CBSHQZB,feature_ea7f5560242e1831
B07CCFSJ47,feature_188bb5ae5b962bd5
B07CCFSJ47,feature_33d38514f0332700
B07CCFSJ47,feature_4133d3b35ecf2641
B07CCFSJ47,feature_425ad8e2e5c1c8ce
B07CCFSJ47,feature_44d1851c65fbea9f
B07CCFSJ47,feature_4f944542e06cd6f2
B07CCFSJ47,feature_6cb2ae6866598f55
B07CCFSJ47,feature_6d5d04d26d77bc29
B07CCFSJ47,feature_77d13e69c50def3e
B07CCFSJ47,feature_f8f475b0734ad966
B07CGSQJ83,feature_0cbab62cb26ee652
B07CGSQJ83,feature_3628d9e098812e94
B07CGSQJ83,feature_3830f2513e261243
B07CGSQJ83,feature_abce1c1de3c8aa56
B07CGSQJ83,feature_b1f336028af2f0f3
B07CH2C29H,feature_0818c6820c70f2c0
B07CH2C29H,feature_9d7f9487bcd9f793
B07CH2C29H,feature_a43d9ff0846e4b04
B07CH2C29H,feature_cfcfd9d6db3fa0e9
B07CH2C29H,feature_d521451e2ceff2f7
B07CJRMBM8,feature_3c1fc47db1146bdd
B07CJRMBM8,feature_856843a3aea4c6ee
B07CJRMBM8,feature_e1c22d478e8dc44f
B07CJRMBM8,feature_e6947231f3947bf6
B07CJRMBM8,feature_fc68e5ee9021c779
B07CJRMBM8,feature_ff2f66977bc02c20
B07CJWG8SP,feature_26fd27c363d5bf10
B07CJWG8SP,feature_3553f185d8b12684
B07CJWG8SP,feature_569d0668be1ccce5
B07CJWG8SP,feature_7c46e9d72d67c91d
B07CJWG8SP,feature_873f8bd47203f62d
B07CK78YR6,feature_38330efad659527c
B07CK78YR6,feature_5c9b513421c76383
B07CK78YR6,feature_7f71fa78ce7c2e48
B07CKTWB2N,feature_10c15e2151d0ee84
B07CKTWB2N,feature_b295e5d85d9adf88
B07CKTWB2N,feature_c3d9aefa9f8ff7f1
B07CKTWB2N,feature_f089894691b5a10a
B07CKTWB2N,feature_f6b078568aace3cb
B07CLBV68X,feature_62def59b5e638f12
B07CLBV68X,feature_c6d4b7a5414c051d
B07CLFCQM5,feature_335a3848702d7451
B07CLFCQM5,feature_c22cba00b00e8524
B07CMD7WLT,feature_1001b8e193f56f55
B07CMD7WLT,feature_20e3f101bcde5d1e
B07CMD7WLT,feature_4d47113118a8b11f
B07CMD7WLT,feature_70bfde38b82ebeb9
B07CMD7WLT,feature_a07aa750b7d73542
B07CMD7WLT,feature_dd8179c25c788451
B07CMDHSP4,feature_573c04c137b806a3
B07CMDHSP4,feature_9427a667b0ff2982
B07CMLZDJZ,feature_029baa47f5c7494f
B07CMLZDJZ,feature_12f18cd8ab473c45
B07CMLZDJZ,feature_25904b502a43ed0c
B07CMLZDJZ,feature_3517b47609b7d330
B07CMLZDJZ,feature_8b98b8f4571c022a
B07CMLZDJZ,feature_acf7cd0463835043
B07CMLZDJZ,feature_bfc27951cec87c71
B07CMLZDJZ,feature_d0e3e561b51440e6
B07CMLZDJZ,feature_f7ee495f7f7dbb47
B07CMLZDJZ,feature_f8f88f96dac3b9e1
B07CN2Q72W,feature_0f3008770413f8d9
B07CN2Q72W,feature_22d25308b2d9e87a
B07CN2Q72W,feature_8b62fa0a1c028d01
B07CN2Q72W,feature_a3f8be678a8f4f4a
B07CN2Q72W,feature_b955344b31c6b0ac
B07CNYD5D7,feature_0b4c083d2137db5a
B07CNYD5D7,feature_b5b876f3f8a1f661
B07CPS4G4F,feature_13f5339ab2410ac6
B07CPS4G4F,feature_510bc1b486ab29f5
B07CPS4G4F,feature_77296bc39bda0b19
B07CPS4G4F,feature_a306ff3b8cf1b721
B07CPS4G4F,feature_c2840d31109e5a01
B07CPS4G4F,feature_dd683aeffc5ffa88
B07CQT58TP,feature_ad5c0b3730498758
B07CQVFCZL,feature_03ac70b1154632d2
B07CQVFCZL,feature_56eddf179965d895
B07CQVFCZL,feature_768b40a01101900a
B07CQVFCZL,feature_b288f073b5f91df5
B07CQVFCZL,feature_b4fe57b07ebbd59a
B07CQVFCZL,feature_bedceccb137645ea
B07CQY882R,feature_da58498303619f50
B07CRNPF2R,feature_01da4dcb25461fda
B07CRNPF2R,feature_1907361f864cea51
B07CRNPF2R,feature_61ace84430b750c2
B07CRNPF2R,feature_833c1d42ddcc169e
B07CRNPF2R,feature_a25e96a8f7111def
B07CRNPF2R,feature_fdc7670eb05f71b1
B07CS221B1,feature_0bb77cc3276dabe9
B07CS221B1,feature_160438a7d7b4303b
B07CS221B1,feature_2a1d1a4d616e9663
B07CS221B1,feature_3150a6cb35caaac3
B07CS221B1,feature_3596ceff86db4ab2
B07CS221B1,feature_35a9a4de8b012ef3
B07CS221B1,feature_552b9c3a59db82fb
B07CS221B1,feature_86f9c81a5985b798
B07CS221B1,feature_de5c126bc990f99d
B07CS221B1,feature_e2ac65bc5bc42315
B07CSR9H8C,feature_15f94fb2f7afc84e
B07CSR9H8C,feature_3dbcc940eee27d7c
B07CSR9H8C,feature_6fa5a328c4135c22
B07CSR9H8C,feature_7ea30a4d731c9b42
B07CSR9H8C,feature_e1751a32f3ef5c98
B07CSR9H8C,feature_f21d6373f42c4783
B07CT2Y257,feature_199a6f542f7bfa2c
B07CT2Y257,feature_537b6a59066b5446
B07CT2Y257,feature_72c4544f7f918f03
B07CT2Y257,feature_ae232d27d520a5d4
B07CT2Y257,feature_d53a45bfbf71b7b2
B07CTH38TM,feature_7559bb858ca7b1b5
B07CTH38TM,feature_8f7e57308d89485b
B07CTH38TM,feature_be2629b018bf7a8d
B07CTH38TM,feature_e5266f9d89de4db4
B07CTH38TM,feature_ef0bd1d31d6f321b
B07CTW9JRM,feature_4412797263cfa792
B07CTW9JRM,feature_62366bbb96a76d75
B07CTW9JRM,feature_79ef0e402297c4a2
B07CTW9JRM,feature_9c45e46ca7c4df0e
B07CTW9JRM,feature_e7aae481b2eb904a
B07CV988JX,feature_1c49c246a3b33e5e
B07CV988JX,feature_3d299c5537908fd7
B07CV988JX,feature_6b7511a8af735a2c
B07CV988JX,feature_7eec78e98f81a5ac
B07CV988JX,feature_bffdeaa8b558b6d8
B07CV988JX,feature_e4ea35f59e07390f
B07CVJJST4,feature_d4696807ec90b6d7
B07CVK37PQ,feature_98cebcc3f63e1b32
B07CVK37PQ,feature_f6fc0ddccea64320
B07CVS9WH1,feature_eac2998b4d6cccc4
B07CW2MMDV,feature_2a6a8402d68c8dd4
B07CW2MMDV,feature_a0ab8820ee9f0cf8
B07CW2MMDV,feature_b22a53e7f9e04904
B07CW2MMDV,feature_b324ad7bc2efa786
B07CW2MMDV,feature_b48dc5c536fa7c70
B07CW2MMDV,feature_b7f173a0747eef86
B07CW2MMDV,feature_b9fb5575ab14eb17
B07CW2MMDV,feature_cbcd7d45bb944d14
B07CW2MMDV,feature_e26ac97be2bfd3c8
B07CW2MMDV,feature_ec66909de2e8a5c3
B07CYNNMXX,feature_17888753519dabe3
B07CYNNMXX,feature_3e21501c0952966c
B07CYNNMXX,feature_42542b3753e3a267
B07CYNNMXX,feature_461407b76e18cf01
B07CYNNMXX,feature_51d727f3cb18d242
B07CZD3LLB,feature_1e47cf4f472eea0e
B07CZD3LLB,feature_3df8e7fe45db5b86
B07CZD3LLB,feature_42b3b98e0052443a
B07CZD3LLB,feature_53c1ef89f17f974f
B07CZD3LLB,feature_5e334d87a61062c6
B07CZD3LLB,feature_84ac2069f57d1915
B07CZD84ZN,feature_2ad21a5f874a0b45
B07CZD84ZN,feature_2c9e6727b5d48921
B07CZD84ZN,feature_5f717eb4a0f7ed31
B07CZD84ZN,feature_7367f3ee719a433e
B07CZD84ZN,feature_8700ae36cae225ae
B07D2J9LHL,feature_2ec19193abc7b3f5
B07D2J9LHL,feature_309623750cbede00
B07D2J9LHL,feature_47ae49c66e1fb5a7
B07D2J9LHL,feature_55063867832690b0
B07D2J9LHL,feature_7ce66da4e61ce77d
B07D2J9LHL,feature_82c995f506331b6b
B07D2J9LHL,feature_9063b23f0ec68714
B07D2J9LHL,feature_a3827bb20d9aad00
B07D2J9LHL,feature_df1c318fafba6468
B07D324TZR,feature_00e774f9c87f1ff8
B07D324TZR,feature_1f48e1986d7c11ea
B07D324TZR,feature_1ffbd5c2ef242c54
B07D324TZR,feature_208d1f256ab66f96
B07D324TZR,feature_4657c3c649330259
B07D324TZR,feature_62cf67430aa5d5e8
B07D324TZR,feature_8bbaaa5e68a4357e
B07D324TZR,feature_b7eb77c0926e4a01
B07D324TZR,feature_f2dcfef6668f8e3f
B07D324TZR,feature_f58a85c9ba77284f
B07D3BQKL8,feature_3f0d3ae5c7cbc18f
B07D3BQKL8,feature_4083510f76f7bc81
B07D3BQKL8,feature_c9e17c27b3022fdd
B07D3JFMLX,feature_5318bc89d6e48cbe
B07D3JFMLX,feature_73a506f598ac58d6
B07D3JFMLX,feature_ba2b50c8eb7ebb2a
B07D3JFMLX,feature_c0d7306af8cdd780
B07D3JFMLX,feature_c6321caaee8faf4f
B07D3JFMLX,feature_d1029e61b130288d
B07D3ZXDRF,feature_07a374e15d5000cf
B07D3ZXDRF,feature_610302311f85f703
B07D3ZXDRF,feature_93d009a4e5c2486f
B07D3ZXDRF,feature_bd71cae602d82375
B07D3ZXDRF,feature_eea9585e6584871d
B07D4P4MD1,feature_15ec3b5fbfedc20c
B07D4P4MD1,feature_242b5c4374f63eee
B07D4P4MD1,feature_483ec8ea3d61c9d3
B07D4P4MD1,feature_7a82a72841dc46f4
B07D4P4MD1,feature_8b2ad721d107ce4d
B07D4P4MD1,feature_8d32e7b7b70aa471
B07D4P4MD1,feature_91bc335886c8fc8a
B07D4P4MD1,feature_9cca4b4f44a79a80
B07D4P4MD1,feature_b2eff85a05b90b21
B07D4P4MD1,feature_b964cc68d480cf6e
B07D4PFTM8,feature_0cca6810a7077810
B07D5GRY94,feature_a47ea34120214f61
B07D5JYH5S,feature_2863c065d5df17ca
B07D5JYH5S,feature_61f9daf564e8fd73
B07D5JYH5S,feature_961189dcb9d86f4d
B07D5JYH5S,feature_98fef76ee6a75f0a
B07D5JYH5S,feature_d30322ecd9ccfb7a
B07D5K8RDR,feature_172464dc8fd3ef22
B07D5K8RDR,feature_32e034eaf5da5816
B07D5K8RDR,feature_9661c66c333645d4
B07D5K8RDR,feature_d14fce8cc9e86e12
B07D5LZ25W,feature_0c694436386f6951
B07D5LZ25W,feature_25a0d9f2ca2f2cd3
B07D5LZ25W,feature_3945ea48dfd1dfa5
B07D5LZ25W,feature_4cc5cb81593f6678
B07D5LZ25W,feature_5b5ee1f9365f0a51
B07D5LZ25W,feature_841b59d0461662de
B07D61C6LM,feature_1eda6942b9a1e704
B07D61C6LM,feature_8ec9da699e995b21
B07D61C6LM,feature_b91617a4ed9d8bf6
B07D61C6LM,feature_cc58f2818fc65e82
B07D61C6LM,feature_fece1dae38267891
B07D78STS5,feature_1a0cf73d1ec649c4
B07D78STS5,feature_1c73f0bc7f6d7504
B07D78STS5,feature_2bde05bb8f37e9c3
B07D78STS5,feature_6a4060f4d918aeda
B07D78STS5,feature_7d4317adab999ab7
B07D78STS5,feature_82180807ffe76acf
B07D78STS5,feature_9c51f8d17f0f0982
B07D78STS5,feature_b172fddebcf4a5ec
B07D78STS5,feature_f4c5aff1973c6c8c
B07D7K73CG,feature_cad76935af9c2708
B07D7NKMHM,feature_0295abafad51d54b
B07D7NKMHM,feature_3c58b7ab98b2d89d
B07D7NKMHM,feature_48b92fc2f291a770
B07D7NKMHM,feature_80a507404ba0df92
B07D7NKMHM,feature_941ab1c18e31996a
B07D7NKMHM,feature_9e168a0bf69bfb97
B07D7NKMHM,feature_b1266574a0fa1ff6
B07D7NKMHM,feature_b5bd090d466da565
B07D7NKMHM,feature_b75381f00486e5b8
B07D7QC1DW,feature_318b82e208b6158d
B07D7QC1DW,feature_400681e7e52558b1
B07D7QC1DW,feature_40828ae769d63392
B07D7QC1DW,feature_97149eaa54aeaa59
B07D7QC1DW,feature_b59f694236a0b1ea
B07D9WHCTW,feature_39db4d5da454041d
B07D9WHCTW,feature_4a97418950081f17
B07D9WHCTW,feature_836353938c258a15
B07D9WHCTW,feature_977ce495dd999757
B07D9WHCTW,feature_cfc8929fbe602d53
B07D9WHCTW,feature_e6f5cae65bcce7fd
B07DCJSKL5,feature_233694912dae6baf
B07DCJSKL5,feature_6206111c9e07e7bc
B07DCJSKL5,feature_79b32620ca8cad75
B07DCJSKL5,feature_7f421b5b1490d050
B07DCJSKL5,feature_94db09ab8dd40dfb
B07DFRNF9K,feature_31d5b7fb9b28d5c4
B07DFRNF9K,feature_35b1a065ef8e97d1
B07DFRNF9K,feature_3b78f0ffa5dd713a
B07DFRNF9K,feature_44b5a1115ae9a885
B07DFRNF9K,feature_a542bb252d70309c
B07DFY38PG,feature_03d6a194f4b02abf
B07DFY38PG,feature_188bb5ae5b962bd5
B07DFY38PG,feature_2679f65ada68d6b8
B07DFY38PG,feature_41ae9ae55c411242
B07DFY38PG,feature_57077e98504c8948
B07DFY38PG,feature_dd5376daf8045b6c
B07DFY38PG,feature_f40a57af2a83853a
B07DFY38PG,feature_f6c071828ecab82e
B07DGKQWSB,feature_3b6a27e8201a89da
B07DGKQWSB,feature_506764d9ae9b96ae
B07DGKQWSB,feature_5e8cc3fa650789dc
B07DGKQWSB,feature_656726fd38c321e6
B07DGKQWSB,feature_f95d8e35367d3759
B07DGL23H5,feature_3b20c4cb1ab45078
B07DGL23H5,feature_61a3b9848fa46548
B07DGL23H5,feature_97b8f3732e3afd2a
B07DGL23H5,feature_a7a4813650de3061
B07DGL23H5,feature_dfa4bb41f8985809
B07DHVHHQC,feature_6f0a23c8508d02ba
B07DHWJS9G,feature_785958dc0ba0ff7f
B07DJ25Q5S,feature_2c47bf20c233a447
B07DJ25Q5S,feature_31b401b90795b331
B07DJ25Q5S,feature_3b22388808e65060
B07DJ25Q5S,feature_86217fe252899e2f
B07DJ25Q5S,feature_b3a6e583d92124a5
B07DJ25Q5S,feature_e8c81baec384d6b4
B07DJBBP6G,feature_08602a653c1cc46d
B07DJBBP6G,feature_15ef9487a61e9c04
B07DJBBP6G,feature_31a80866005645cc
B07DJBBP6G,feature_4760c3299b048268
B07DJBBP6G,feature_7610f2498dd03ec5
B07DJBBP6G,feature_a5b5918262d18ad8
B07DJBBP6G,feature_afb3b480df1ee1ea
B07DJBBP6G,feature_bd123f7142048190
B07DJBBP6G,feature_c3f8e7ef6563c5d0
B07DJBBP6G,feature_e5a65c8b88d55565
B07DL7SQSN,feature_03d6a194f4b02abf
B07DL7SQSN,feature_076f998d13d1e847
B07DL7SQSN,feature_211fea6a806bcba9
B07DL7SQSN,feature_284862066a76157c
B07DL7SQSN,feature_42ea67bb668ff0fb
B07DL7SQSN,feature_6f5140990236c2df
B07DL7SQSN,feature_7c0b628f638b366f
B07DL7SQSN,feature_c31051bc382f2f45
B07DL7SQSN,feature_e1b6de6fe0b2600a
B07DLGQBF5,feature_1f8c0b9dec0d8dbf
B07DLGQBF5,feature_274065eb974fdc91
B07DLGQBF5,feature_425454ff6c3b3aa0
B07DLGQBF5,feature_5503d986df722dd9
B07DLGQBF5,feature_c9526687e36bb995
B07DLK8QY6,feature_f2e04f2b35255e8a
B07DLS3Z7Q,feature_0e34e73772e72743
B07DLS3Z7Q,feature_1ca85fce2fa9cd86
B07DLS3Z7Q,feature_25aae281fcc06c39
B07DLS3Z7Q,feature_63a5cff12e4a8f53
B07DLS3Z7Q,feature_85e8a70448c8f637
B07DLS3Z7Q,feature_a451c1fbcf0eb13d
B07DLS3Z7Q,feature_c622b422ca1341b6
B07DLS3Z7Q,feature_d2005cc206ccbfde
B07DLS3Z7Q,feature_d2c7d133c4994dfd
B07DLS3Z7Q,feature_d564217284a2d965
B07DMGJVM5,feature_06fe488c8a064c94
B07DMGJVM5,feature_0b89bf9a5d2f67cb
B07DMGJVM5,feature_213b7cd3856723e9
B07DMGJVM5,feature_4a9f4cd41693bd98
B07DMGJVM5,feature_a58a075a9ff573cd
B07DMGJVM5,feature_b172fddebcf4a5ec
B07DMGJVM5,feature_e7535591241d03f6
B07DMQF75D,feature_68dec5283133e1b3
B07DMQF75D,feature_c3950db4d74622c5
B07DMSDHMQ,feature_05b7687768ed8410
B07DMSDHMQ,feature_51a69f15b8e38591
B07DMSDHMQ,feature_a3e132a2f3e9f160
B07DMSDHMQ,feature_a70265ab3b931dbe
B07DMSDHMQ,feature_ba99a4f40f1db27d
B07DMSDHMQ,feature_bb770a715f3d3fab
B07DMSDHMQ,feature_c162727726a96ef9
B07DMSDHMQ,feature_dbc0973b53f423b4
B07DMSDHMQ,feature_edb160f58f22c1ff
B07DMSDHMQ,feature_f02353237337d3ae
B07DN1351Q,feature_2519ab1c3628d883
B07DN1351Q,feature_28aa1d7b47f2f765
B07DN1351Q,feature_2f974e011049dbe0
B07DN1351Q,feature_31dd685e30bafb85
B07DN1351Q,feature_a7f0919c1bd746ec
B07DNDJ4W2,feature_0045b86a2aff671b
B07DNDJ4W2,feature_0cdf112197bb6b5d
B07DNDJ4W2,feature_4f944542e06cd6f2
B07DNDJ4W2,feature_5ef34af982206a31
B07DNDJ4W2,feature_69d920918206736e
B07DNDJ4W2,feature_7ccb816e2f25925f
B07DNDJ4W2,feature_a7688e2698f895a5
B07DNHS6FW,feature_33baa335b7b3b7fa
B07DNHS6FW,feature_4c743f2e78fd4551
B07DNHS6FW,feature_9522862c3fe105e5
B07DP6WT8R,feature_1a3921f67398869d
B07DP6WT8R,feature_2693f8b2181ac75a
B07DP6WT8R,feature_955fce618ba929cf
B07DP6WT8R,feature_a0f0e1bb6d462fb5
B07DP6WT8R,feature_b925010829297fff
B07DPBZLJX,feature_91c5ba0a1abaf5a5
B07DPKZPRH,feature_035993498f573d60
B07DPKZPRH,feature_0cd882ccb79fd333
B07DPKZPRH,feature_106bf21d49d308bf
B07DPKZPRH,feature_a9dfd21954ee08f8
B07DPKZPRH,feature_d8ccd7796b727d0e
B07DPM9ZNF,feature_6a1351c094aab83b
B07DPM9ZNF,feature_907ab29ef228bd60
B07DPM9ZNF,feature_92ad7d6783486d87
B07DPM9ZNF,feature_f61058b2f372e8c5
B07DPM9ZNF,feature_f73e60d92e8a9726
B07DQ6ZLLK,feature_2b7734a231eda895
B07DQ6ZLLK,feature_4378861fc538521a
B07DQ6ZLLK,feature_6b3569a41aba32fb
B07DQ6ZLLK,feature_79a4a8cb7b7f139d
B07DQ6ZLLK,feature_c6565e12bca050eb
B07DQGT2JH,feature_2b764abed3c6a4d0
B07DQGT2JH,feature_531cd814cb0b0301
B07DQGT2JH,feature_763bba5ae76d5844
B07DQGT2JH,feature_8d5db2559b1a2b99
B07DQGT2JH,feature_f11d8f384888e8c8
B07DRZLZQQ,feature_0bf836d0dcd6d6d8
B07DRZLZQQ,feature_146a86a82ee760d3
B07DRZLZQQ,feature_9eb22b1f46440686
B07DRZLZQQ,feature_9ffee9ee388012ed
B07DRZLZQQ,feature_b8c499dbbb0dc5fa
B07DRZLZQQ,feature_babb89168acc3110
B07DT1RXKK,feature_543b163000360418
B07DVZ3SFP,feature_01e47e86939d8c82
B07DVZ3SFP,feature_2e103b81af8530ba
B07DVZ3SFP,feature_60ad6c450f011bd4
B07DVZ3SFP,feature_64ae4e55e672f465
B07DVZ3SFP,feature_930ea21a6ab36022
B07DVZ3SFP,feature_f1dbc6cba714871f
B07DWMKCFD,feature_2b5210a0adb9d939
B07DWMKCFD,feature_6f08032b600bdbef
B07DWMKCFD,feature_8ec8c938cbd18ac5
B07DWMKCFD,feature_b172fddebcf4a5ec
B07DWMKCFD,feature_bb3c4ba074529b47
B07DWMKCFD,feature_cbdf6be19303edc1
B07DWMKCFD,feature_e9cebf2217f566a9
B07DWMKCFD,feature_ebbf577a3d4177bb
B07DWMKCFD,feature_ff7ee3d939b67d91
B07DXBN1DQ,feature_3527949bec01b79b
B07DXBN1DQ,feature_6a042e4254c86fc5
B07DXBN1DQ,feature_f0e7e8736dc3d59c
B07DXBN1DQ,feature_fbc9203c2bf2962b
B07DY1RDQR,feature_0c84128fc45f219c
B07DY1RDQR,feature_3dee6fd20d71385c
B07DY1RDQR,feature_7b6d6fa1aaa1f0f3
B07DY1RDQR,feature_cda24619ec2f9fd3
B07DY1RDQR,feature_d7b79bf547bc75bf
B07DY5H15G,feature_5822855f4b0cb258
B07DY5H15G,feature_625f5c5d14c8ef07
B07DY5H15G,feature_7a915e8457167683
B07DY5H15G,feature_8ddc86e7c2f68d5a
B07DY5H15G,feature_bf9ecc4aca0a305a
B07DY5H15G,feature_ee390d870f65e329
B07DZ1Y5TN,feature_457658d8f4da3cc4
B07DZ1Y5TN,feature_517fe8d526a1544c
B07DZ1Y5TN,feature_5628be085db34278
B07DZ1Y5TN,feature_82ac9c353344cc3d
B07DZ1Y5TN,feature_873d004c2feb0368
B07DZ1Y5TN,feature_9067a40989a2295e
B07DZ1Y5TN,feature_91bc7d44e301d981
B07DZ1Y5TN,feature_9e74abd5d57b1ea2
B07DZ1Y5TN,feature_a3b7b81f454f8c10
B07F1333Z6,feature_0a70c6093743fe63
B07F1333Z6,feature_16b1839e2e269678
B07F1333Z6,feature_77bb3b353503d7f9
B07F1333Z6,feature_92c12892e3d981e2
B07F1333Z6,feature_bc7186039fdbc593
B07F1333Z6,feature_fd2ceca3f33962d2
B07F18W9BT,feature_2f4badafa6e40314
B07F18W9BT,feature_43e945d5a57cfdbc
B07F18W9BT,feature_678803f3e7741038
B07F18W9BT,feature_8b1ee72d9df24dc6
B07F18W9BT,feature_99e9d3ceb6bb3748
B07F18W9BT,feature_d72ae2e969714824
B07F2F2F8P,feature_22082d6dcb275358
B07F2F2F8P,feature_5291ae0e68d95367
B07F2F2F8P,feature_6432b231a0890c40
B07F2F2F8P,feature_ec5c81539a461576
B07F3DNLSV,feature_8a958e6e9a5aafcc
B07F3F69FN,feature_e32c79968f5dbe1c
B07F3LH6WP,feature_32ef775c93032e43
B07F3LH6WP,feature_636c7ef9a6a2813c
B07F3LH6WP,feature_94dab2c7b4c5b19f
B07F3LH6WP,feature_ba40bb63c8f0ea8c
B07F3MX3W5,feature_9f606ac5fc7416ec
B07F45D9MN,feature_913c6dc0496ae404
B07F45D9MN,feature_9b36e70669284ace
B07F4F9K8J,feature_0ac0cb629940c97d
B07F4F9K8J,feature_37bc4e8447089818
B07F4F9K8J,feature_9c6f91e1c64cdcc4
B07F4F9K8J,feature_9d06478753dc1a15
B07F4F9K8J,feature_a4c4f20b01a2332c
B07F4F9K8J,feature_aab2282723edb4bd
B07F4F9K8J,feature_c1e0a24cad5fad3f
B07F4F9K8J,feature_e93600b82d70cf4a
B07F4F9K8J,feature_f922c9be1eefa467
B07F4F9K8J,feature_facae4a69461b379
B07F4HTWHK,feature_3168af3d83564ef4
B07F4HTWHK,feature_9edfa5a3f531e507
B07F4HTWHK,feature_a4b7b7278ce08059
B07F4HTWHK,feature_c6a93f0309727532
B07F4HTWHK,feature_d5de09773fcf962d
B07F5K5SHJ,feature_1108218291d83893
B07F5K5SHJ,feature_5658db0f0095ab5d
B07F5K5SHJ,feature_8631348bd1b93b5c
B07F5K5SHJ,feature_aa3f87ebd55e324d
B07F5K5SHJ,feature_b172fddebcf4a5ec
B07F5K5SHJ,feature_d10dff52cd89d638
B07F5K5SHJ,feature_ffa46368fae915ae
B07F5S1W6N,feature_0b9c9dd86ea206de
B07F5S1W6N,feature_11e9b0f3aed0b0b3
B07F5S1W6N,feature_24664e8c4c514852
B07F5S1W6N,feature_71aff3b61942ca6a
B07F5S1W6N,feature_a5702765e7410c8a
B07F5S1W6N,feature_a98d5a45c791e37f
B07F5S1W6N,feature_d0cd82c49afed677
B07F6B15NR,feature_3f34cf583075e9ff
B07F6B15NR,feature_46c0d2bc9df0978e
B07F6B15NR,feature_48efe9260e62e76a
B07F6B15NR,feature_4f944542e06cd6f2
B07F6B15NR,feature_547528ebf88747f7
B07F6B15NR,feature_84f1ef7a034bb77b
B07F6B15NR,feature_b172fddebcf4a5ec
B07F6B15NR,feature_cb329146a0dd0d56
B07F6B15NR,feature_ccf92546c9b4a390
B07F6B15NR,feature_f2629616bbb10dd5
B07F6DL8D7,feature_3168af3d83564ef4
B07F6DL8D7,feature_9edfa5a3f531e507
B07F6DL8D7,feature_a4b7b7278ce08059
B07F6DL8D7,feature_c6a93f0309727532
B07F6DL8D7,feature_d5de09773fcf962d
B07F72ZPP4,feature_4a7071e4bd012237
B07F72ZPP4,feature_a8b00d227afa25c5
B07F72ZPP4,feature_aa24ce81dfb7d5fc
B07F72ZPP4,feature_afe21152a22ac105
B07F72ZPP4,feature_b8d0746297083378
B07F72ZPP4,feature_c71b291c3e56df88
B07F7DHD7Z,feature_0f034f68af914e07
B07F7DHD7Z,feature_12b208a1e7cb2fa8
B07F7DHD7Z,feature_3a89db29851092b5
B07F7DHD7Z,feature_45283e0b2b6ea581
B07F7DHD7Z,feature_4f6528e5b5c7af9a
B07F7DHD7Z,feature_5c4097975636ae3c
B07F7DHD7Z,feature_932c2bd464ad7c06
B07F7DHD7Z,feature_ae518f6cfc3d9741
B07F7DHD7Z,feature_c63081bfc008b6d9
B07F7DHD7Z,feature_e5030a961441f35b
B07F7KMVJB,feature_23564c56328d84e5
B07F7KMVJB,feature_7862213012ca784a
B07F7KMVJB,feature_94569daeebee3ef4
B07F7KMVJB,feature_9f764e63c1059237
B07F7KMVJB,feature_cabae2853a7438d8
B07F7KMVJB,feature_eab941e82b3932d6
B07F89SJXZ,feature_3f5ce1954ac60e65
B07F89SJXZ,feature_48a3ea3bfd3fc7eb
B07F89SJXZ,feature_4fa2c13376084d76
B07F89SJXZ,feature_a6d3b38e2f47ad20
B07F89SJXZ,feature_aef23afb7e2029a0
B07F89SJXZ,feature_c09c255dacadc430
B07F8XP9PD,feature_1c7795305de2fe90
B07F8XP9PD,feature_40690141d84b8041
B07F8XP9PD,feature_67b5dbe3205b8166
B07F8XP9PD,feature_8358b0d5d5e1c8f7
B07F8XP9PD,feature_a7861c4dea93fbd1
B07F8XP9PD,feature_e92a4c079141b1d0
B07F91GLPT,feature_516234381978b6a0
B07F91GLPT,feature_58e285e020facc89
B07F91GLPT,feature_962a537d07e32a82
B07F91GLPT,feature_bda611659cdb8b79
B07F91GLPT,feature_e16e6878753ac790
B07F9GFWCP,feature_055cf72f31c725e7
B07F9GFWCP,feature_080012b06f14e7bd
B07F9GFWCP,feature_24088d9a1e3d0c15
B07F9GFWCP,feature_8fcae75d5ae1ee79
B07F9GFWCP,feature_9ce7a82ada102271
B07F9GFWCP,feature_b857a267896c1c5c
B07F9GFWCP,feature_c1dede82e5852686
B07F9GFWCP,feature_c2e24c2f55e4b51a
B07F9GFWCP,feature_c8ca7836a0e79cfe
B07F9GFWCP,feature_dd4484d2a3578570
B07FB52GSV,feature_168a154ae4b18862
B07FB52GSV,feature_40b99874c42228d7
B07FB52GSV,feature_4cb91b4acf743371
B07FB52GSV,feature_9faa64658f303237
B07FB52GSV,feature_a2ae5a3c00dbb984
B07FB52GSV,feature_a4b47874a0b2a24c
B07FBKKVMJ,feature_27f9d99cd0a4dd0b
B07FBKKVMJ,feature_32125a61d3ce65bd
B07FBKKVMJ,feature_93d4fd40362f184e
B07FBKKVMJ,feature_c52c7822945c8b0c
B07FBKKVMJ,feature_e7a66fae3145af39
B07FBKKVMJ,feature_eda63822d07bbd27
B07FCC4ZKP,feature_070fbb341e4bfef1
B07FCC4ZKP,feature_21b675289367f226
B07FCC4ZKP,feature_407224e82b7e3597
B07FCC4ZKP,feature_6ec7bee71f0bc7ff
B07FCC4ZKP,feature_82a8ba2f95538691
B07FCC4ZKP,feature_846c8952e5feaf91
B07FCC4ZKP,feature_9b4fb0a9f31fcec4
B07FCC4ZKP,feature_acb19f5c7988d6df
B07FCC4ZKP,feature_d3f24decac03cd53
B07FCC4ZKP,feature_d4df17102f33f531
B07FGVKQG7,feature_1bbbf7f7b0a7aa3a
B07FGVKQG7,feature_274fb22526296901
B07FGVKQG7,feature_28c2029339091efa
B07FGVKQG7,feature_5ae137c11dbe3819
B07FGVKQG7,feature_69705222466c6338
B07FGVKQG7,feature_7472e25de3bb04c1
B07FJLJD5R,feature_240349f8d78b70d3
B07FJLJD5R,feature_520d5358509c7860
B07FJLJD5R,feature_816e67e016a9f710
B07FJLJD5R,feature_e2ce907d584270c5
B07FJLJD5R,feature_fa1f188b02c4a56f
B07FJLK8GD,feature_0f3bbeb8b0f3004e
B07FJLK8GD,feature_6d6621ae65910a23
B07FJLK8GD,feature_a3946086efa28b46
B07FJLK8GD,feature_c29e7b7389c623d5
B07FJLK8GD,feature_dd92396ee378fe63
B07FJLK8GD,feature_ded0301849edb104
B07FKSBHHZ,feature_1327af878b13c27e
B07FKSBHHZ,feature_1a1eac49f5e49a1f
B07FKSBHHZ,feature_51442c89aa121817
B07FKSBHHZ,feature_81d9e295a20d2515
B07FKSBHHZ,feature_a75e148b11c8c868
B07FKSBHHZ,feature_ac1860b826720539
B07FKSBHHZ,feature_c4f9aa37069f359e
B07FKSBHHZ,feature_e12d17c26a23a7aa
B07FKSBHHZ,feature_e5e1cad42f28cb53
B07FKSBHHZ,feature_fb6e765bb4432153
B07FL7PMNM,feature_2776c6e50eb50faf
B07FL7PMNM,feature_31076dfb282dda0f
B07FL7PMNM,feature_7986db685d0d3c65
B07FL7PMNM,feature_b640af38a902d5cc
B07FL7PMNM,feature_be8e3b1e51a3f4f5
B07FL7PMNM,feature_dfe5f566b6239f0e
B07FLN8N5W,feature_2e021d4603b4a41f
B07FLN8N5W,feature_3a947e0565ea7366
B07FLN8N5W,feature_60f57636f97b7804
B07FLN8N5W,feature_78b1284c744ec78b
B07FLN8N5W,feature_aa0893595b055168
B07FLN8N5W,feature_b53a52eb4ab3a37f
B07FLVQW2S,feature_9a03380df6a63c01
B07FMH13N6,feature_23bc1b314daa306b
B07FMH13N6,feature_4133c6d7a1e85081
B07FMH13N6,feature_fe8402936ed5d72c
B07FMKWTTB,feature_6f85a0ff81bcfdc6
B07FMKWTTB,feature_8b09ed3f2ef16b42
B07FMKWTTB,feature_c5d5e5ed5905840c
B07FMKWTTB,feature_d55ce006df4cc6b2
B07FMKWTTB,feature_d9e2dfa33dd51e18
B07FMMW7W5,feature_0cf83cbf5a1fb604
B07FMMW7W5,feature_15eb3dcdf49bd015
B07FMMW7W5,feature_48e2662bd43512ae
B07FMMW7W5,feature_789b9a55a0540cc9
B07FMMW7W5,feature_918c76a316b50cf2
B07FMMW7W5,feature_e9a10139e01ac16f
B07FNQNG92,feature_07a0bf399fc025cf
B07FNQNG92,feature_32846c60b089bfe5
B07FNQNG92,feature_5bfe2cb61588adee
B07FNQNG92,feature_821a1c2608e6c447
B07FNQNG92,feature_ac76d4284cd01cff
B07FNQNG92,feature_f28dfae3d61d7d50
B07FP88Z44,feature_0870bfa975a033f5
B07FP88Z44,feature_1a5f59cb791a1587
B07FP88Z44,feature_214e9056d285f256
B07FP88Z44,feature_24dde36846b0799a
B07FP88Z44,feature_369d122d9d4581a8
B07FP88Z44,feature_5cd25bbca317e1d0
B07FP88Z44,feature_b1e79b73f3eddf62
B07FP88Z44,feature_d3cb390a14fcb31e
B07FP88Z44,feature_ee00e754d37bb571
B07FP88Z44,feature_ef39623295355382
B07FPG7MXW,feature_02c092986a3da37d
B07FPG7MXW,feature_22151c84e0e7d856
B07FPG7MXW,feature_6181dffcd6455db1
B07FPG7MXW,feature_66b76b032c20f3ad
B07FPG7MXW,feature_9062e66bfb79dd92
B07FPG7MXW,feature_bf08893438ef0f36
B07FPG7MXW,feature_d05cb7969d3bcd90
B07FPG7MXW,feature_dc6048e0f0475b7a
B07FPG7MXW,feature_dee56621c90a3da4
B07FPG7MXW,feature_ea1ff36cf8a58904
B07FPVLFGS,feature_0c39ce9cb4a9d448
B07FPVLFGS,feature_1d8002b61aa2db57
B07FPVLFGS,feature_521f1459db40fdb0
B07FPVLFGS,feature_ba1c953ab973027d
B07FQNKF5D,feature_21ecada55de78d9e
B07FQNKF5D,feature_6a6ff7f30a1acaa7
B07FQNKF5D,feature_7f4d8d56030602ec
B07FQNKF5D,feature_b570334ed0cec9c7
B07FQNKF5D,feature_d348ff3a3fbe1efb
B07FQNKF5D,feature_fa85ced0089dd147
B07FQZ9RBR,feature_c7cca76af6d18a6a
B07FSRRP9C,feature_f1fa9e5335738519
B07FVJBXHF,feature_008cda91e24aec62
B07FVJBXHF,feature_2c64690b4e1b529e
B07FVJBXHF,feature_75216586f0a59cb9
B07FVJBXHF,feature_b399835528aab033
B07FVJBXHF,feature_ec9aef4247fcf2e9
B07FVJBXHF,feature_eedaf6069f97dff1
B07FWCNXQS,feature_33ce499d26debbd7
B07FWCNXQS,feature_3a05db7b6a4bc323
B07FWCNXQS,feature_52128cc07f2bb3f7
B07FX823ZQ,feature_3c52aa5646ebd146
B07FX823ZQ,feature_617e31b9a6ac630a
B07FX823ZQ,feature_689800edf42248b4
B07FX823ZQ,feature_7be4f9986450a3a2
B07FX823ZQ,feature_7c641d48bf7d81d6
B07FXPVP9G,feature_82eb211566bf3daf
B07FYG86VD,feature_05ec72071d2e4e65
B07FYG86VD,feature_0f469eebeaf82ad3
B07FYG86VD,feature_1f9bc0449f1a30d2
B07FYG86VD,feature_d175ba506e45cd36
B07FYG86VD,feature_e6b0f9e75849b01e
B07FZC1ZQF,feature_796abb26e3b2b7da
B07FZJ57LQ,feature_22511d1f6518ab2c
B07FZJ57LQ,feature_243347a0efd4a07a
B07FZJ57LQ,feature_2efcb5157b9ee5db
B07FZJ57LQ,feature_77db024528589458
B07FZJ57LQ,feature_db7a56b67501de12
B07FZJ57LQ,feature_f35e99b3b9394fce
B07G26PRDS,feature_591843456798abd7
B07G26PRDS,feature_a0a13d870c6a571a
B07G2VH8PF,feature_3ce4a9350997912e
B07G2VH8PF,feature_9a27ca1c3d63e482
B07G2VH8PF,feature_d51a3381c4d9e5e6
B07G337HPJ,feature_188bb5ae5b962bd5
B07G337HPJ,feature_4934722d43d9b5c9
B07G337HPJ,feature_52c50c0f08aec405
B07G337HPJ,feature_98ad34877a97720e
B07G337HPJ,feature_9a3a638a0e493ce5
B07G337HPJ,feature_ad8842771e5655e3
B07G337HPJ,feature_d5ac1fc2c3103be7
B07G337HPJ,feature_df96f9332bbada2e
B07G337HPJ,feature_e01ad5d65e2b1fbe
B07G337HPJ,feature_e3326d12824cbe42
B07G375Q36,feature_388cb3946d63ca4e
B07G375Q36,feature_6214b4bc523a97cb
B07G375Q36,feature_a2ac973b70939ee7
B07G375Q36,feature_ac05e3b00dad3123
B07G375Q36,feature_b1af1b957739fb10
B07G375Q36,feature_e48cc2c6b019d06c
B07G3C19Y9,feature_08c0ec4c0face3fe
B07G3C19Y9,feature_109461668022bd8b
B07G3C19Y9,feature_18ddb766271c67ba
B07G3C19Y9,feature_2fbf56c8ea3dd311
B07G3C19Y9,feature_5024421a9af910d9
B07G3C19Y9,feature_b8606bbbc30ac2f1
B07G3FCHGL,feature_70ef87d28f5360ea
B07G3FCHGL,feature_83a84107c5e01286
B07G3FCHGL,feature_ac233ffc289c4e9a
B07G3FCHGL,feature_d5f06fba5b9482f3
B07G3FCHGL,feature_ebb2037b6b1f0f39
B07G3HB3QN,feature_6a4a5f6b2d210360
B07G46YFT1,feature_2ae1dd674a9339a7
B07G46YFT1,feature_6312e2b742fc93fe
B07G46YFT1,feature_6a37109c6cdf1239
B07G46YFT1,feature_95d0142afa4b20e4
B07G46YFT1,feature_cb329146a0dd0d56
B07G46YFT1,feature_cde4ca556b11546c
B07G46YFT1,feature_d0704c7bfb0c60b1
B07G46YFT1,feature_e5266f9d89de4db4
B07G46YFT1,feature_f46cf2a08ac59882
B07G46YFT1,feature_fb8a7e6d90f77caa
B07G4NXHLD,feature_3d83dc5a8d608fdf
B07G4NXHLD,feature_4ebef40b6c62689b
B07G4NXHLD,feature_779d1ce0bc3b70db
B07G4NXHLD,feature_b497d21c8f9311b5
B07G4NXHLD,feature_c74c5201e64737e4
B07G4VFCKD,feature_604e0b157af88db0
B07G4VFCKD,feature_62d201e12a6a4a48
B07G4VFCKD,feature_b3bbad62ead09aab
B07G4VFCKD,feature_d465ef52d3d820e7
B07G4VFCKD,feature_e36f5bf3e7e7c415
B07G4YN54Y,feature_a2bda2b47dc032fd
B07G4YN54Y,feature_cc020cfe0733df3b
B07G52YCJH,feature_218cedc6d9ba1a99
B07G52YCJH,feature_4672786afe9245cb
B07G52YCJH,feature_6768a8eee317115a
B07G52YCJH,feature_bc49d6c9d6d0aabc
B07G52YCJH,feature_c2ada7cbe65cdf17
B07G5R9BKW,feature_33f6b08556c23ffd
B07G5R9BKW,feature_632991c3baaeb9f6
B07G5R9BKW,feature_a7119410c177f9f4
B07G5R9BKW,feature_d9872287e54e66eb
B07G5R9BKW,feature_da1eed953e20290f
B07G5R9BKW,feature_f0bc85d66bbaf656
B07G631936,feature_0596e8c80d599920
B07G631936,feature_9c883bf488e97919
B07G631936,feature_a11ddc9999997059
B07G631936,feature_a7a7674c6958a32e
B07G631936,feature_f67590868578cc52
B07G919R8J,feature_1236213fc992cb3d
B07G919R8J,feature_19c64be41c3caa64
B07G919R8J,feature_462b9d47f444049f
B07G919R8J,feature_89f5a04e80dfaf5f
B07G919R8J,feature_936cbf2c15789df7
B07G919R8J,feature_dd5e0c1470967384
B07G9GWFSM,feature_159d9b644e13e362
B07G9GWFSM,feature_50bcad78830d5834
B07G9GWFSM,feature_53f2d6378d6ca69b
B07G9GWFSM,feature_75b4d50f5c6f7d78
B07G9GWFSM,feature_9f7bc8f7e1e3f783
B07G9GWFSM,feature_cb329146a0dd0d56
B07G9GWFSM,feature_d300844590b428bf
B07G9GWFSM,feature_e3fdcf27fe28dbdc
B07G9GWFSM,feature_e930cfdf49f44128
B07G9GWFSM,feature_f720ff83887db270
B07G9LFSFH,feature_06951f9a425eef3f
B07G9LFSFH,feature_55a83c632b0439fd
B07G9LFSFH,feature_56081e6ec5b98f37
B07G9LFSFH,feature_64ce6ee131f5b9b2
B07G9LFSFH,feature_7606e124488dc0e6
B07G9LFSFH,feature_834a81beee9ac339
B07G9LFSFH,feature_9ef0f4cec6968500
B07G9LFSFH,feature_b829fd36986e780a
B07G9LFSFH,feature_ea339c78ea04ffc5
B07G9LFSFH,feature_f2041a497b7c1b92
B07GC51TYL,feature_5b07d014e94582fe
B07GC51TYL,feature_603bdc001649bde1
B07GC51TYL,feature_722e955098765a19
B07GC51TYL,feature_859dc2b0837bb290
B07GC51TYL,feature_9fdfbeb94de4b4d1
B07GC51TYL,feature_d53643379685bd58
B07GGH4M6D,feature_54bbbdc9df50a5f3
B07GGH4M6D,feature_5b71f2d691c0047d
B07GGH4M6D,feature_6abee5aa2a31457d
B07GGH4M6D,feature_a57f6bfed1ffbdd6
B07GGH4M6D,feature_dbb1a8850d56c2cd
B07GGH4M6D,feature_e4ab20f20df9ba07
B07GGW98QH,feature_0a93702f77608d73
B07GGW98QH,feature_3f594ab236295ae2
B07GH5RQXB,feature_5f10c8a999b96c0d
B07GH5RQXB,feature_90360f87ba5a7953
B07GHBML67,feature_1e23364ff433d456
B07GHBML67,feature_36ea16d5eece5c41
B07GHBML67,feature_586e433169fc4cc9
B07GHBML67,feature_68e43cb1093efc38
B07GHBML67,feature_90482da9ec3647a1
B07GHBML67,feature_dafae25011546b5f
B07GJ2SSQW,feature_00a90edd0bb1670a
B07GJ2SSQW,feature_2930145358812e63
B07GJ2SSQW,feature_367bd539538bcced
B07GJ2SSQW,feature_493d160827782b39
B07GJ2SSQW,feature_4f944542e06cd6f2
B07GJ2SSQW,feature_69bb5e7db8c4e0f2
B07GJ2SSQW,feature_9e1346b6e198a9f5
B07GJ2SSQW,feature_a4574012b26dd6c1
B07GJ2SSQW,feature_e7a9dc1ba860f364
B07GJ2SSQW,feature_f21d6048968f19e8
B07GJ34TL3,feature_1de2c471b7327a56
B07GJ34TL3,feature_98c163a7f4a26191
B07GJ34TL3,feature_9de36a7b75cd0e21
B07GJ34TL3,feature_b37e8a8e0a8efd36
B07GJ34TL3,feature_c49a7ebb2116bfd2
B07GL2JJZZ,feature_58b0b8d175779264
B07GL2JJZZ,feature_754ba4d0fb4df9bb
B07GL2JJZZ,feature_a25370051afd283c
B07GL2JJZZ,feature_b854e0cefd61c749
B07GL2JJZZ,feature_bc0fc6f59dcc7f91
B07GMTP68T,feature_60c5b187a6560e5c
B07GMTP68T,feature_d0671471971865a2
B07GNCNYFD,feature_2800d1b910e97862
B07GNCNYFD,feature_64da599371d08a60
B07GNCNYFD,feature_726678d1ad6988f0
B07GNCNYFD,feature_73fe78131d8e2785
B07GNCNYFD,feature_79ec28cf24cfa3bf
B07GNCNYFD,feature_b21a62f2d18bebba
B07GND8DT5,feature_1a7fcb661b29d4c9
B07GND8DT5,feature_285b3f2c57bf387e
B07GND8DT5,feature_2cdeb35bfcefb28d
B07GND8DT5,feature_3167c959d9e153d7
B07GND8DT5,feature_3a2c8803ede2db22
B07GND8DT5,feature_521e468cb51d9fca
B07GND8DT5,feature_63d47100df235599
B07GND8DT5,feature_9c1be62d44b6b045
B07GND8DT5,feature_dc6048e0f0475b7a
B07GND8DT5,feature_f0b578a8c1c76271
B07GNJVL4T,feature_2d84f7d422a05e37
B07GNJVL4T,feature_523d820ce1c93195
B07GNJVL4T,feature_7ae700d1bfc630d3
B07GP7GSK7,feature_147bd1925fd54eaf
B07GP7GSK7,feature_1fd688b7991df091
B07GP7GSK7,feature_369a74767089e4af
B07GP7GSK7,feature_39273f731d3e3936
B07GP7GSK7,feature_68471cedb741658c
B07GP7GSK7,feature_9096f59ad3247f2a
B07GP7GSK7,feature_b172fddebcf4a5ec
B07GP7GSK7,feature_b91257c1327c72e7
B07GP7GSK7,feature_cb329146a0dd0d56
B07GP7GSK7,feature_f63b8ba8b33936b2
B07GR8S1SQ,feature_3864330d52fc7a97
B07GR8S1SQ,feature_3d6acdd17b4517d9
B07GR8S1SQ,feature_79ca7ab35919bf00
B07GR8S1SQ,feature_c825f4d99ed20236
B07GR8S1SQ,feature_f01035ade597edbd
B07GR8S1SQ,feature_f92597b20b07f8ae
B07GRD9XYB,feature_4f190474d9130b15
B07GRD9XYB,feature_6e1304bb3f5137aa
B07GRD9XYB,feature_7cc81cbc0e925464
B07GRD9XYB,feature_d4d864b1e94be54c
B07GSDKJD5,feature_42b2f78bdefc0a7c
B07GSDKJD5,feature_6d519978ec2c38a3
B07GSDKJD5,feature_a3c49fc26741fe35
B07GSDKJD5,feature_c41fd36a9ccd2c30
B07GSDKJD5,feature_ca93afef740647d7
B07GSDKJD5,feature_d3a32f0c1536b88e
B07GSG5RVR,feature_0142f446c2c64797
B07GSG5RVR,feature_344d3c173395ab58
B07GSG5RVR,feature_3c963124a633737c
B07GSG5RVR,feature_54f182a5988c3aa8
B07GSG5RVR,feature_6ece879950cff409
B07GSG5RVR,feature_8043c8aca58c3cf3
B07GSG5RVR,feature_b0a7068e76222ccd
B07GSG5RVR,feature_eca96572d89a663f
B07GSR2C18,feature_02c092986a3da37d
B07GSR2C18,feature_2bbe6d81aad1af4d
B07GSR2C18,feature_2fd7cea1f395bbf1
B07GSR2C18,feature_67592d9ce8e1d4bf
B07GSR2C18,feature_67e420527b9458f5
B07GSR2C18,feature_a07c302e3ceb1306
B07GSR2C18,feature_c6cb5ea1a5e18836
B07GSR2C18,feature_e479e432691ceb52
B07GSR2C18,feature_f3d5bc77763cddad
B07GSR2C18,feature_f4bc0a89107909df
B07GT3YQPR,feature_8b2c741601269570
B07GT64HMP,feature_06f317581eb722e1
B07GT64HMP,feature_6320c9192c3dc2ad
B07GT64HMP,feature_bb11eed1dc6382a4
B07GT64HMP,feature_f2a2d846646549d8
B07GTZ6PBF,feature_225ba6061d6690a8
B07GTZ6PBF,feature_46941e51037f4ceb
B07GTZ6PBF,feature_7b53c6c8b610ba8f
B07GTZ6PBF,feature_e4558aacba43aaa4
B07GTZ6PBF,feature_f4882d375139893e
B07GV1ZKZ5,feature_225ba6061d6690a8
B07GV1ZKZ5,feature_46941e51037f4ceb
B07GV1ZKZ5,feature_7b53c6c8b610ba8f
B07GV1ZKZ5,feature_e4558aacba43aaa4
B07GV1ZKZ5,feature_f4882d375139893e
B07GV6K2FB,feature_5cb7497efdcd9cf8
B07GV6K2FB,feature_6d17038b4b4e56b9
B07GV6K2FB,feature_99839ae76c78759c
B07GV6K2FB,feature_ab53fabd4e106e36
B07GV6K2FB,feature_aef1f4f487b51ef8
B07GV6K2FB,feature_baf0bd30bc07daaf
B07GV6K2FB,feature_be1652b1ec04c9cc
B07GV6K2FB,feature_d35eba36c866e213
B07GV6K2FB,feature_f32543fa1425d24f
B07GV6K2FB,feature_f6935d9196bf4c6c
B07GV72DXM,feature_4081178653660bde
B07GV72DXM,feature_a28534009f0dc9d5
B07GV72DXM,feature_a589e1a71b002995
B07GV72DXM,feature_d4bf58520cdd1995
B07GV72DXM,feature_efb78b1cc2bac5d6
B07GVRDDDG,feature_d7d99b380ef3d221
B07GVT2NVH,feature_d64ecf3c987e97ff
B07GX4PJ7S,feature_3e912aa8022292ff
B07GY1ZDFR,feature_0d0140c30f138591
B07GY1ZDFR,feature_3ae56f426a0f3fad
B07GY1ZDFR,feature_3b0307884277e46f
B07GY1ZDFR,feature_480b44601f6a023e
B07GY1ZDFR,feature_afaec2da8c41a4a0
B07GZ7W6Y3,feature_6aa308dd5fbe26e5
B07GZ7W6Y3,feature_7314953e13caf655
B07GZ7W6Y3,feature_8cce15d52103da49
B07GZ7W6Y3,feature_91c5097fd44adc8f
B07GZ7W6Y3,feature_a75ec43e23b5bafe
B07GZXWJQ5,feature_aefe78c42a9cbca5
B07H164FQ6,feature_87904dec3863a373
B07H164FQ6,feature_88738fd3d73ff420
B07H164FQ6,feature_8ae1df6572f376bd
B07H164FQ6,feature_e1a526bdc2577532
B07H164FQ6,feature_ee1685d8afaaac98
B07H18QTMN,feature_0d80300863b4df8e
B07H18QTMN,feature_33992213972791ea
B07H18QTMN,feature_4b4f1c45c6e7f9d2
B07H18QTMN,feature_4f9b8c14b33bcc89
B07H18QTMN,feature_594982e3f961c15b
B07H18QTMN,feature_5c90afdcc64cff4c
B07H18QTMN,feature_87932c7ac1d8a9fd
B07H18QTMN,feature_c20e35ab5b1cfa5f
B07H18QTMN,feature_c66e8df951510487
B07H18QTMN,feature_ed04fbd2301111a6
B07H1VM5XX,feature_956de43dd8d631d3
B07H272SXM,feature_0af02e1bf8c4fc92
B07H272SXM,feature_2804b46b1949735d
B07H272SXM,feature_2bf4ffd4f8800c58
B07H272SXM,feature_4cb812e706d7b937
B07H272SXM,feature_6a1c76fb281c5163
B07H272SXM,feature_b8e332edabab4480
B07H2MDXN1,feature_2b6e54d53c2ccc2c
B07H2MDXN1,feature_41f6924f872e0c80
B07H2MDXN1,feature_59fc283c2ab0bde9
B07H2MDXN1,feature_70e03bbc5fe1d74f
B07H2MDXN1,feature_e0af360bc6cc9383
B07H2MDXN1,feature_ebf8b879558ab82d
B07H2P13S9,feature_0226a84c2da6f6f7
B07H2P13S9,feature_3ae1273c5ec5fab7
B07H2P13S9,feature_41a96e0bbcb6639b
B07H2P13S9,feature_836707f52354f019
B07H2P13S9,feature_9e2ad4b74f45dbd6
B07H3BD7ZG,feature_58d4a1fcc3d08870
B07H3BD7ZG,feature_5a69b8319a86ddcc
B07H3BD7ZG,feature_82b8c82212f7c452
B07H3BD7ZG,feature_b3903dabba337129
B07H3BD7ZG,feature_e574c28adca9587e
B07H516HD6,feature_21c978968c5d544e
B07H516HD6,feature_23ddbd8749a97acc
B07H516HD6,feature_5dea9b3be75fec8b
B07H516HD6,feature_6298ac84c66de3aa
B07H516HD6,feature_62c9e8ecda817532
B07H516HD6,feature_7a7c50c4e5df622c
B07H516HD6,feature_9773de604e64c028
B07H516HD6,feature_9be032d0909cac69
B07H516HD6,feature_db258dc716d116fc
B07H516HD6,feature_fc2f513912c72995
B07H52VHT8,feature_2202d3445e10ef2a
B07H52VHT8,feature_4e4264e4dcbb58e1
B07H52VHT8,feature_bd026c90fc4b153f
B07H52VHT8,feature_f24a34020b38fd21
B07H695PF5,feature_1c354525e29a2452
B07H695PF5,feature_1c850aacf5d1fef6
B07H695PF5,feature_352646e030c9f6ee
B07H695PF5,feature_47284352520dc1e2
B07H695PF5,feature_82ac9c353344cc3d
B07H695PF5,feature_9067a40989a2295e
B07H695PF5,feature_981615d5e85e3811
B07H695PF5,feature_aa5dcb270e36140b
B07H695PF5,feature_ba1bcac83bfc56b5
B07H695PF5,feature_c9e55ab824eb41a7
B07H6VGF6X,feature_1148f39ec1f5666a
B07H6VGF6X,feature_40b69822419072cf
B07H6VGF6X,feature_867e4a6086a291cb
B07H6VGF6X,feature_9bbb934fbc3e0d7d
B07H6VGF6X,feature_a7e4698ae920bbd3
B07H6VGF6X,feature_abc1238a47414680
B07H6VGF6X,feature_acfc4e7f407fd373
B07H6VGF6X,feature_d705b419ffeb715e
B07H6Y9HZM,feature_09b3e72b1c10470a
B07H6Y9HZM,feature_6531116eef176640
B07H6Y9HZM,feature_a8656ed221c2244c
B07H6Y9HZM,feature_aec1ecc755f822f4
B07H6Y9HZM,feature_d125bb98d2f8e492
B07H8M2ZZR,feature_1895a60739aa0793
B07H8Y5QT2,feature_6a5d06524a634621
B07H8Y5QT2,feature_cbfe6d6580c8fe1c
B07H8Y5QT2,feature_e8642128a0d38428
B07H8Y5QT2,feature_e9800a837dc71d85
B07H8Y5QT2,feature_ea098eb54ceaf894
B07H9BCPPC,feature_12689d198159a004
B07H9BCPPC,feature_13130dedf839dda7
B07H9BCPPC,feature_61512ea493248935
B07H9BCPPC,feature_907dea5b435a419a
B07H9BCPPC,feature_bcd0b268bfb3b59e
B07H9N3V39,feature_532246903a7180b4
B07H9N3V39,feature_668de33039691718
B07H9N3V39,feature_790696bbb752f795
B07H9N3V39,feature_cffc8bcc1f61e8a7
B07H9N3V39,feature_ed3f16c029a4097b
B07HB8J85S,feature_0500030046a556c7
B07HB8J85S,feature_11f0d2cfb49fe81b
B07HB8J85S,feature_1d8002b61aa2db57
B07HB8J85S,feature_1e87cdfb972087d7
B07HB8J85S,feature_4359f4d7a58f11bd
B07HB8J85S,feature_4f944542e06cd6f2
B07HB8J85S,feature_a1389d4b00adf551
B07HB8J85S,feature_c6f82d242dcb6e4f
B07HB8J85S,feature_d7169ce2e05dbd8b
B07HB8J85S,feature_f84cfa333a962222
B07HB9ZRQY,feature_0032254fb09f1b06
B07HC7FV91,feature_22d22eeffc2d339d
B07HC7FV91,feature_82b86fad2b82603f
B07HC7FV91,feature_8dcce56c773f3793
B07HC7FV91,feature_cec8a8e7e624134b
B07HC7FV91,feature_cfa2f247c92538b0
B07HFB5WFS,feature_1c450a7e5fcfade3
B07HFB5WFS,feature_3ef0754eaf8f839c
B07HFB5WFS,feature_465aa1e20e3da72e
B07HFB5WFS,feature_776251ec3b8c6cec
B07HFB5WFS,feature_8274f7197618250c
B07HFB5WFS,feature_8af294e5f48e33f7
B07HFB5WFS,feature_ac3a01821ac59cda
B07HFB5WFS,feature_ad517a76af96919c
B07HFB5WFS,feature_c182392c321be19d
B07HFB5WFS,feature_f9fa4cfedfd274a9
B07HFKQX8G,feature_39d92e462fbb7395
B07HFKQX8G,feature_9e91bac6d4bad6e7
B07HGHYNQY,feature_537b894f742c378c
B07HGHYNQY,feature_597bf2b16ee6c8c8
B07HGHYNQY,feature_7c87f41fbc6b63bb
B07HGHYNQY,feature_c4a4ddd0400419ae
B07HGHYNQY,feature_d2b396c25af35c27
B07HGHYNQY,feature_e776543aa18305ed
B07HH2SFJ6,feature_20bd160a7935a64b
B07HH2SFJ6,feature_aa62cc26e055f125
B07HK9DY4X,feature_1ab83bb58851b955
B07HK9DY4X,feature_8afedbfbeeec916a
B07HK9DY4X,feature_8fc37703fe219189
B07HK9DY4X,feature_9e789a784def755e
B07HK9DY4X,feature_a37f5077178e9945
B07HK9DY4X,feature_b885b3009ccc7b86
B07HKGKXLB,feature_056117bdc45121bd
B07HKGKXLB,feature_132f454cde744f8a
B07HKGKXLB,feature_b7de6e1f6b030a38
B07HKGKXLB,feature_ba2b50c8eb7ebb2a
B07HKGKXLB,feature_d7df2cbc07323b19
B07HKGKXLB,feature_e43e7fe8a72ff581
B07HKKFT7T,feature_4d660b13caa87dbc
B07HKKFT7T,feature_653b304654f6ec58
B07HKKFT7T,feature_b1ec34c6049d35bd
B07HKKFT7T,feature_b4e28dc3fa87381c
B07HKKFT7T,feature_c2f1fb2e1b62be9c
B07HML88J1,feature_4efa87b1939cce9b
B07HMZB935,feature_197228a0aea1bcf3
B07HMZB935,feature_42201e0ff7058d99
B07HMZB935,feature_4aee95ef13a9ed38
B07HMZB935,feature_9821278ff1bcf95f
B07HMZB935,feature_b788b75e7b982b8b
B07HMZB935,feature_ebdd988a5d8eac27
B07HNDWQFL,feature_82846bd17d290dcd
B07HPC9TLX,feature_16df2dc9c513dc9e
B07HPC9TLX,feature_1729a784cf04b23f
B07HPC9TLX,feature_1ce50e86ce5594fc
B07HPC9TLX,feature_27e9c7cea50bc60a
B07HPC9TLX,feature_6636ef7ee9c9f21b
B07HPC9TLX,feature_87bf42d3bf46754d
B07HPC9TLX,feature_b73590db0b292a43
B07HPC9TLX,feature_b8b4a057d0c0d5a5
B07HPC9TLX,feature_be0adb294b295df8
B07HPC9TLX,feature_e2fda6c877084082
B07HQ252R7,feature_393e7d9674b1ee75
B07HQ252R7,feature_b22d5b707e785e7f
B07HQ252R7,feature_bfee67bf518df404
B07HQ252R7,feature_e617588314c1fd63
B07HQ252R7,feature_f9a3df4205fb2bff
B07HQ4YBSS,feature_5070075a7c2f8b41
B07HQ4YBSS,feature_b2ccc1502d4f437e
B07HQ4YBSS,feature_c4c3658e184fb56c
B07HQ4YBSS,feature_cae55f34560d1a71
B07HQ4YBSS,feature_db5405eac761addd
B07HR15GMJ,feature_5e050784f9bc0414
B07HR15GMJ,feature_8ce3fca5abc56348
B07HSQ7N8V,feature_1d3f61630d1807f6
B07HSQ7N8V,feature_351678e02b56b977
B07HSQ7N8V,feature_90478142f7ca914f
B07HSQ7N8V,feature_91b33d6590d02da6
B07HSQ7N8V,feature_cb329146a0dd0d56
B07HSQ7N8V,feature_dac26fee38fc70dc
B07HSQ7N8V,feature_ea5cbd4cb503cda3
B07HV35KG8,feature_1a02ea8080130779
B07HV35KG8,feature_1d78260337f7d688
B07HV35KG8,feature_9913415764dd91f1
B07HV35KG8,feature_c10fd8610a371aaf
B07HV35KG8,feature_d00a63e4a639c7cf
B07HVRP37G,feature_35291ff90a166edc
B07HVRP37G,feature_39c53436e767e8a8
B07HVRP37G,feature_7205dbb325ec232a
B07HVRP37G,feature_a4dcf8e5a1571757
B07HVRP37G,feature_b34a976ddad39155
B07HWTDQ4W,feature_0255581fe7d33fc7
B07HWTDQ4W,feature_254f046b9f43ae90
B07HWTDQ4W,feature_39b9051216693212
B07HWTDQ4W,feature_52aa3bf9d29271e8
B07HWTDQ4W,feature_56f5ade12fce15c9
B07HWTDQ4W,feature_f960d3fe44ebdb25
B07HXWG5SP,feature_54bcb3f4272e568b
B07HY2QWTF,feature_6c7c6a1a6a022db8
B07HYC5RYC,feature_06c626611bc5afbd
B07HYC5RYC,feature_4ca8077c8c8598df
B07HYC5RYC,feature_501b402d21e02dbb
B07HYC5RYC,feature_79cb69ab75860131
B07HYC5RYC,feature_941c8b54be559226
B07HYC5RYC,feature_e7addf4970aab337
B07HYP9VK6,feature_050748deb3b6f3b4
B07HYP9VK6,feature_748c2c84d1d749c0
B07HYP9VK6,feature_a109d93f817288e8
B07HYP9VK6,feature_dd7c2f3116273182
B07HYP9VK6,feature_e9cbdf28e0652aac
B07HZ4RWB6,feature_2664d0edec3fd1bd
B07HZ4RWB6,feature_3a692a3bd9ab7983
B07HZ4RWB6,feature_42beeac1fd50d05d
B07HZ4RWB6,feature_4fe9be93bb717569
B07HZ4RWB6,feature_edf0a4e2c601cf61
B07HZ7T1SZ,feature_a5f0ae035a7a1161
B07J21B7WK,feature_473fa406781b2104
B07J21B7WK,feature_62b45c0a45e3d5c0
B07J21B7WK,feature_75a4ebb66cb46422
B07J21B7WK,feature_eb5aa920f990f6bb
B07J21B7WK,feature_f74e16aa050001e8
B07J2G3YB4,feature_01c7ed68f5597062
B07J2G3YB4,feature_02f1306740ec15f8
B07J2G3YB4,feature_12f6d5ce9e97290a
B07J2G3YB4,feature_1863240979b27a32
B07J2G3YB4,feature_1c370dba1bd4a670
B07J2G3YB4,feature_5b39adf60ab2ce93
B07J2G3YB4,feature_75c3b6a8db94c0e9
B07J2G3YB4,feature_7c5521e1f25ebe08
B07J2G3YB4,feature_87fb9281f9794892
B07J2G3YB4,feature_9361926204c4db42
B07J2RN4KG,feature_482ecdc42f8d8d77
B07J2RN4KG,feature_4f5db178f4d0d04c
B07J2RN4KG,feature_62559a3d3d528113
B07J2RN4KG,feature_75d3f05da9f782e1
B07J2RN4KG,feature_7ea7e0a04c5b47db
B07J2RN4KG,feature_a17e1fa3209245e7
B07J2RN4KG,feature_d8e1a56011dc136d
B07J2RN4KG,feature_e831cfce0c32407a
B07J2RN4KG,feature_f548f163467dae7f
B07J3H27BJ,feature_187bd7fc5f3a71d9
B07J3H27BJ,feature_6329f86e3450ec7b
B07J3H27BJ,feature_7fee600ac4662853
B07J3H27BJ,feature_85c64488014b3e1e
B07J3H27BJ,feature_bd98dc01bcc22a8b
B07J3H27BJ,feature_e0799e640021c61e
B07J49V3H1,feature_0de6e4c726572a5b
B07J49V3H1,feature_a05448371bf329e8
B07J49V3H1,feature_a5adf7323fd5957c
B07J49V3H1,feature_d048eacf32c0d504
B07J49V3H1,feature_d3fdc03aab64dc63
B07J49V3H1,feature_ee98f6a2882ec9b3
B07J4DJHJW,feature_4515a6c564eaf69c
B07J4DJHJW,feature_84638a14ffe2e5fc
B07J4DJHJW,feature_8acb75557b3496d5
B07J4DJHJW,feature_95d1ac09d411485b
B07J4DJHJW,feature_96d91a67d9d172d0
B07J4DJHJW,feature_e815c1a9805768aa
B07J4MLTFZ,feature_062cd9acb31d6a7f
B07J4MLTFZ,feature_0d3b934019bd89cc
B07J4MLTFZ,feature_7084e2ab83db3ec8
B07J4MLTFZ,feature_77d7a3ca6995bdc3
B07J4MLTFZ,feature_f74a23756260e68e
B07J4MLTFZ,feature_fec49932cf5f55fb
B07J4S16ND,feature_1db0325ef344ff57
B07J4S16ND,feature_3180e604274b85ba
B07J4S16ND,feature_4ebacb6566c439bf
B07J4S16ND,feature_a6e28b56c5f976bb
B07J4S16ND,feature_d88ed30bd17b10e4
B07J4S16ND,feature_ec9d893c6447e94a
B07J5N3GSL,feature_42b177f5507e0837
B07J5N3GSL,feature_5f86df2f88b1923e
B07J5N3GSL,feature_6e1196d2d46ca56b
B07J5N3GSL,feature_769984e56f31f1e9
B07J5N3GSL,feature_7e54792321598f94
B07J5N3GSL,feature_b935ce5d2ace5c02
B07J5QPP6F,feature_c4255cdf187fc5ef
B07J5QSHXZ,feature_21cc9faf5ecc4c00
B07J5QSHXZ,feature_6e1196d2d46ca56b
B07J5QSHXZ,feature_7b7328d6f94ad562
B07J5QSHXZ,feature_7d36bc053fae4b9b
B07J5QSHXZ,feature_e93af7d99148a6eb
B07J5QSHXZ,feature_fa206e75826ed46b
B07J5Y8H5Z,feature_24133362cafed703
B07J5Y8H5Z,feature_6e1196d2d46ca56b
B07J5Y8H5Z,feature_7b237c5c3538bbed
B07J5Y8H5Z,feature_7b7328d6f94ad562
B07J5Y8H5Z,feature_a960013d7c7afb0c
B07J5Y8H5Z,feature_b258e3dd940e9b5c
B07J67BJD9,feature_42ed03fc1d6235b1
B07J67BJD9,feature_b10c5654c58ad0a3
B07J67BJD9,feature_d5de09773fcf962d
B07J67BJD9,feature_e6a434f5060d83f8
B07J67BJD9,feature_ec1b364daf9dcbc7
B07J6N9DGX,feature_23ad12951c62e01c
B07J6N9DGX,feature_2f451a81101bc61f
B07J6N9DGX,feature_74c68884421437bc
B07J6N9DGX,feature_afa46c9e63e73c3a
B07J6N9DGX,feature_c3ce10b2c6b7784f
B07J6N9DGX,feature_ee9a077e83a0e370
B07J6QVDYR,feature_09f5089cefc83471
B07J6QVDYR,feature_303d28442d02f3fa
B07J6QVDYR,feature_34bb7ea2d347eee7
B07J6QVDYR,feature_3fa8ecb43376772a
B07J6QVDYR,feature_6126214ce805228d
B07J6QVDYR,feature_84595dd414c246c0
B07J6QVDYR,feature_946052d09370bfef
B07J6QVDYR,feature_c6f54c4ed02ca14f
B07J6QVDYR,feature_f11494086b96de6d
B07J6TVP7H,feature_42b177f5507e0837
B07J6TVP7H,feature_5f86df2f88b1923e
B07J6TVP7H,feature_6e1196d2d46ca56b
B07J6TVP7H,feature_737df6cbe7be3bfb
B07J6TVP7H,feature_769984e56f31f1e9
B07J6TVP7H,feature_7e54792321598f94
B07JB553ZB,feature_159724c97dd17f0d
B07JB553ZB,feature_1669bd2c3c6c39d1
B07JB553ZB,feature_1b45e2fb547ad1be
B07JB553ZB,feature_6a4203da766e9594
B07JB553ZB,feature_701d78a2950c6007
B07JB553ZB,feature_7533d84862450528
B07JB553ZB,feature_9da9a5af3bea3d15
B07JB553ZB,feature_b46207481bc5f071
B07JB553ZB,feature_cd6a6a62298e2840
B07JB553ZB,feature_dd77d1994825ba32
B07JDDWWBL,feature_27a83bfbb02e729d
B07JDDWWBL,feature_564186fe2c8c0d43
B07JDDWWBL,feature_6a707e2149d26bb0
B07JDDWWBL,feature_88d55d40f32cac51
B07JDDWWBL,feature_9dc362b4fbe55cfc
B07JDDWWBL,feature_f20c71ea81f1b21b
B07JDKTKPW,feature_0f45f6077a61432a
B07JDKTKPW,feature_21c5bce70607a26c
B07JDKTKPW,feature_5c354e2e0b0fdb44
B07JDKTKPW,feature_5c7e29d183e9545a
B07JDKTKPW,feature_abf403e11e58256f
B07JDKTKPW,feature_ceed01c38b4af6aa
B07JDTN3V8,feature_14c7bda6fe972317
B07JDTN3V8,feature_278552257edde54b
B07JDTN3V8,feature_2894ec4acdb730fc
B07JDTN3V8,feature_a01b99055aad03e5
B07JDTN3V8,feature_daf22dfd8816c799
B07JDTN3V8,feature_dc6048e0f0475b7a
B07JDTN3V8,feature_e1003768ed3cc65f
B07JF4C4C2,feature_0edb7fc4ea177603
B07JF4C4C2,feature_1f7da87a2c799796
B07JF4C4C2,feature_372ba55481f62bb5
B07JF4C4C2,feature_7fa15de57cd756fb
B07JFGNBLF,feature_13b086c40aeb103e
B07JFGNBLF,feature_2acb33815a03ae3f
B07JFGNBLF,feature_35fc183eb060733d
B07JFGNBLF,feature_608617cc0c3306b2
B07JFGNBLF,feature_6aa575e9f1f5144a
B07JFGNBLF,feature_bfbb140fa80d66f7
B07JFGNBLF,feature_cb9a4342afed7c4f
B07JGP29PQ,feature_98cebcc3f63e1b32
B07JGP29PQ,feature_bedccb8ab4e28f66
B07JHHJXMG,feature_c86ef9403ff51924
B07JHVXC4Z,feature_1f013cd4c47fb173
B07JHVXC4Z,feature_1f7550c45398e200
B07JHVXC4Z,feature_770e44026fceef1b
B07JHVXC4Z,feature_9ab17a4129ffe50e
B07JHVXC4Z,feature_b6b9f25b8c4ba73a
B07JHVXC4Z,feature_d15048e8eb81942f
B07JKTCWTX,feature_0266b87e1668755f
B07JKTCWTX,feature_6a6901aec6170354
B07JKTCWTX,feature_77db822a01d850c2
B07JKTCWTX,feature_9633d8231eeab8fc
B07JKTCWTX,feature_db1172883191aa8c
B07JKTCWTX,feature_e967cd9c2b9879d9
B07JKYKNQQ,feature_0edb7fc4ea177603
B07JKYKNQQ,feature_1f7da87a2c799796
B07JKYKNQQ,feature_372ba55481f62bb5
B07JKYKNQQ,feature_7059303a6e13aab2
B07JKYKNQQ,feature_e2ce687b0f2c9ea9
B07JL55SRY,feature_02bc3f2f8d37f513
B07JL55SRY,feature_03916a75d0ac40bb
B07JL55SRY,feature_03d6a194f4b02abf
B07JL55SRY,feature_087daf8d292c2359
B07JL55SRY,feature_0bb54f908ded3930
B07JL55SRY,feature_426cb08e5bd42bf1
B07JL55SRY,feature_60b5b403c711cbbf
B07JL55SRY,feature_beb5e542aee1d398
B07JL55SRY,feature_c0a3a1bdb8ea8a8d
B07JL55SRY,feature_dba83fddeecf6c92
B07JMWZGHR,feature_242a6d2b510a1359
B07JMWZGHR,feature_45a0aac25712fc51
B07JMZ9XZ6,feature_27c6b916eb6734aa
B07JMZ9XZ6,feature_3c5051f9b5b77364
B07JMZ9XZ6,feature_488a36fa2437241c
B07JMZ9XZ6,feature_55e79af48921023e
B07JMZ9XZ6,feature_68fbd93e74409dc6
B07JMZ9XZ6,feature_a4071c0927163f95
B07JMZ9XZ6,feature_af0ba624f4be450e
B07JMZ9XZ6,feature_e0203099d4a17046
B07JNH4QWC,feature_c89cb1d4b81dd913
B07JQ6Y3S3,feature_48121f731754bbd1
B07JQ6Y3S3,feature_85d5ec4f759629d0
B07JQ6Y3S3,feature_89cbc93ba1f16dc4
B07JQ6Y3S3,feature_9725b895517c8224
B07JQ6Y3S3,feature_c6887c493d8b55c6
B07JQ6Y3S3,feature_fa7d3f9759e9a034
B07JRHQWLH,feature_3a09b92c7e4c896e
B07JRHQWLH,feature_afe4fdfd48b562a1
B07JRHQWLH,feature_cb44594d98598fa0
B07JRHQWLH,feature_f5ad9885742976b0
B07JVPF7YZ,feature_762e2f6738899f6e
B07JVPF7YZ,feature_85bdfca1d34beac1
B07JVPF7YZ,feature_8824b1eef3749173
B07JVPF7YZ,feature_b135c24fcafd5dcc
B07JVPF7YZ,feature_cd5320bc24a311ea
B07JVV8K45,feature_2cb8c2023752540c
B07JVV8K45,feature_67bd34d429840e34
B07JVV8K45,feature_d1ba13fd293836ef
B07JVV8K45,feature_fa6431e9888578a3
B07JVVRPJS,feature_359c52f879638f16
B07JVVRPJS,feature_435cd3282ee60db1
B07JVVRPJS,feature_5f86df2f88b1923e
B07JVVRPJS,feature_6e1196d2d46ca56b
B07JVVRPJS,feature_7d36bc053fae4b9b
B07JVVRPJS,feature_8b3944dd7e8f9016
B07JXYKD43,feature_4e70bb1b4c65bb18
B07JXYKD43,feature_802fcb85adddabdc
B07JXYKD43,feature_9ac48dfe9f43ca7f
B07JXYKD43,feature_bbb6ef6336d22bcd
B07JXYKD43,feature_bc4329720a8ee102
B07JXYKD43,feature_c5aa7856b9a2efb5
B07JY88PR4,feature_15ac81e53108ebf0
B07JY88PR4,feature_49a6b5b78d97bfb6
B07JZB5BYK,feature_03af101dc13d3fb8
B07JZB5BYK,feature_0609e9c53c488b98
B07JZB5BYK,feature_425b0b3906d9c455
B07JZB5BYK,feature_9e6187d9dcc31e1a
B07JZB5BYK,feature_ccefebfed4b687eb
B07JZVMLDM,feature_0d9076e1a6c5259a
B07JZVMLDM,feature_3f91291a45ec4508
B07JZVMLDM,feature_476f3066d404b795
B07JZVMLDM,feature_69fd2ce9e4b95452
B07JZVMLDM,feature_6b2d8047ac5fe36d
B07JZVMLDM,feature_731fa891b759f255
B07JZVMLDM,feature_864649d8ca51e1ce
B07JZVMLDM,feature_903783540bcc0bfb
B07JZVMLDM,feature_bd4116d419ed026f
B07JZVMLDM,feature_c317fa0c77c9bbce
B07K1LWBJH,feature_09ddcc81c1b3eb1b
B07K1LWBJH,feature_1fc9bbfea0e1f167
B07K1LWBJH,feature_29df2d2aa65326e4
B07K1LWBJH,feature_2cf989d1cbf6e556
B07K1LWBJH,feature_3146193d8bece859
B07K1LWBJH,feature_356b4da8a7144b25
B07K1LWBJH,feature_962fbacc5222867e
B07K1LWBJH,feature_97912524f34763ab
B07K1LWBJH,feature_ad92ca4f56cfe4d6
B07K1LWBJH,feature_da0aeef137590c83
B07K1MJSS8,feature_138064001d6d0f4c
B07K1MJSS8,feature_225225ff4f62c4cc
B07K1MJSS8,feature_45fdeefc0ddd68a1
B07K1MJSS8,feature_6cc118a533f1b8f3
B07K1MJSS8,feature_df236284cd95b600
B07K1MJSS8,feature_f5cce5a46bb0955a
B07K1ZVKJR,feature_31642809241bc002
B07K2SM4JP,feature_4e9b6f620a116212
B07K2SM4JP,feature_6531116eef176640
B07K2SM4JP,feature_8197e353ec272cd9
B07K2SM4JP,feature_dd061180a193a43e
B07K2SM4JP,feature_e2c442f93ea2bcef
B07K2SM4JP,feature_ff942124f7e23512
B07K2T6CFX,feature_bf04e53fe731ce9f
B07K3NVZZ2,feature_87582e6909eed6a3
B07K3NVZZ2,feature_b6161a326639c113
B07K4XLFC5,feature_103e266de1a89dd6
B07K4XLFC5,feature_13cd3fd2755c3053
B07K4XLFC5,feature_32cdcd554446ffe6
B07K4XLFC5,feature_46176120b7dfadaf
B07K4XLFC5,feature_59e7cba22a5564a6
B07K4XLFC5,feature_6550618d514c1312
B07K4XLFC5,feature_760381d8cf4ede49
B07K4XLFC5,feature_a09a610053f646ab
B07K4XLFC5,feature_d29efcf68374673d
B07K4XLFC5,feature_db1abe5b1563ac7f
B07K54JG86,feature_0f36647e4d010d13
B07K54JG86,feature_44230cb2e2b1b284
B07K54JG86,feature_94fad4b0ef3625d9
B07K54JG86,feature_97912524f34763ab
B07K54JG86,feature_b0259e84f9f2b047
B07K54JG86,feature_d123493eb324106b
B07K54JG86,feature_e71e60b743645631
B07K54JG86,feature_f51e4f815a2f91b4
B07K54JG86,feature_f8f6db1b45b1280d
B07K54JG86,feature_f9ec9dfdc694f1e4
B07K5ZC1ZR,feature_84ecec8670dfb850
B07K6NQBS3,feature_7522acf060ad6111
B07K7T1XZ3,feature_02bf37fed992e71c
B07K7T1XZ3,feature_211faff5b3fd573f
B07K7T1XZ3,feature_2d88812551a4fe61
B07K7T1XZ3,feature_6d97a221ea3a1820
B07K7T1XZ3,feature_c2ce829e679fa265
B07K7T1XZ3,feature_f51b3424e167190d
B07K7X1G6N,feature_054ed487ea797aed
B07K7X1G6N,feature_38103fddb85d8640
B07K7X1G6N,feature_adc4d412b1420b9c
B07K7X1G6N,feature_c5036ac841e495ca
B07K7X1G6N,feature_c95431824423e400
B07K7X1G6N,feature_f6ef775d58d2a017
B07K84K45Q,feature_47651c6cd009666d
B07K84K45Q,feature_57db3da4fa4d495e
B07K84K45Q,feature_616ab782d2b33a22
B07K84K45Q,feature_7ac81be7409a88f9
B07K84K45Q,feature_acd439200dbbb384
B07K84K45Q,feature_b94c93e5d1b7b069
B07K87S4KH,feature_351678e02b56b977
B07K87S4KH,feature_74028162df0af02c
B07K87S4KH,feature_7849d4e35234b53f
B07K87S4KH,feature_8f085e98796f4308
B07K87S4KH,feature_ad7530796f4b948f
B07K87S4KH,feature_cb329146a0dd0d56
B07K87S4KH,feature_d5880cdd41b57aa1
B07K8QD282,feature_0debcb1311b45214
B07K8QD282,feature_2414cd758050e893
B07K8QD282,feature_342d7d1e62841bec
B07K8QD282,feature_5cb0d95fdfbb005b
B07K8QD282,feature_c974eade8d500060
B07K8QD282,feature_e92a9a97318e89ed
B07K8WQQCL,feature_0c39ce9cb4a9d448
B07K8WQQCL,feature_6ecbc9466eb76804
B07K8WQQCL,feature_6f3a55f9b91bd7f5
B07K8WQQCL,feature_98401281c5140edc
B07K8WQQCL,feature_d2a17f3a2f8d5b11
B07K8WQQCL,feature_e3b96e25655705e7
B07K8WXL9V,feature_134a5f2c40ab2fcc
B07KBZ41QM,feature_03b6a9252db07dd3
B07KBZ41QM,feature_03d5d9bad0fe8ada
B07KBZ41QM,feature_1d96af02a3f5cf8a
B07KBZ41QM,feature_2bcfd7bfe1e14052
B07KBZ41QM,feature_30c4c54df90a4c55
B07KBZ41QM,feature_3f798421da8d7c92
B07KBZ41QM,feature_b172fddebcf4a5ec
B07KBZ41QM,feature_cf9d372bf1c7aa94
B07KBZ41QM,feature_d1cabb2f2d0ca323
B07KBZ41QM,feature_eb75c417584aa017
B07KC13VPL,feature_1a2af53144c6fa6c
B07KC13VPL,feature_3058da1a055388db
B07KC13VPL,feature_4906cbc3ceb832b8
B07KC13VPL,feature_c8c68afddb5e9154
B07KC13VPL,feature_fafa668d650dff81
B07KCJ8RPC,feature_0ca0ef19d6258fb6
B07KCJ8RPC,feature_14dd4beec49e0310
B07KCJ8RPC,feature_156497822e77906d
B07KCJ8RPC,feature_17e280bddc455649
B07KCJ8RPC,feature_1aefb4ddb3c781ee
B07KCJ8RPC,feature_2682b345af709488
B07KCJ8RPC,feature_3b20bbcead88a356
B07KCJ8RPC,feature_7db58774c99a1d14
B07KCJ8RPC,feature_cd92802e0d8570a1
B07KCJ8RPC,feature_eeddada3ad25ea58
B07KCRZ4WV,feature_671a80cacb85d885
B07KCRZ4WV,feature_9f5739a3272e37bb
B07KCRZ4WV,feature_cbba69a774ae2015
B07KCRZ4WV,feature_d8e1f4fbcd20049a
B07KCRZ4WV,feature_ffc85ddea7c89c7b
B07KDBGV4V,feature_3f9802e6f2c4ebaa
B07KDBGV4V,feature_53bcfcc70658faed
B07KDBGV4V,feature_620ac631af6169fe
B07KDBGV4V,feature_b044d0a651f83851
B07KDBGV4V,feature_d71ed5b657fa82f5
B07KDS56ZT,feature_2fb5b31b862d8512
B07KDS56ZT,feature_7441c2e87b6ae762
B07KDS56ZT,feature_7d219f81565ba271
B07KDS56ZT,feature_c61051d57122bb33
B07KDS56ZT,feature_d3df38ceebc64ebe
B07KF8Q15D,feature_15d599aa5d711795
B07KF8Q15D,feature_31c57e1ee891fe45
B07KF8Q15D,feature_7ed8b70e184f510b
B07KF8Q15D,feature_d9845fce31a82d46
B07KFGWC8S,feature_33a205436d12509a
B07KFGWC8S,feature_839fb7e268ec1465
B07KFGWC8S,feature_8e4d078793457a8b
B07KFGWC8S,feature_e6c8aeed1dfa21b0
B07KFGWC8S,feature_ec9681be4f66a65d
B07KFGWC8S,feature_ff1cf7b6e0322040
B07KGHWJXB,feature_443dcd704c1bf583
B07KGK8BFG,feature_68433f0a337beb9f
B07KGL3BTC,feature_37fc6b35f343a0ce
B07KGL3BTC,feature_4848db16a3dc9f74
B07KGL3BTC,feature_90500bd2b1b7eaec
B07KGL3BTC,feature_a99afc0b1af22427
B07KGL3BTC,feature_d7b0fb1eff9aeb0a
B07KGPJQ8Y,feature_1b1b83c8a7fdcb09
B07KJCBTM9,feature_10087af6691c4988
B07KJCBTM9,feature_44681bf39da3b226
B07KJCBTM9,feature_5b2558c332b6a793
B07KJCBTM9,feature_a431f3c0aba60afa
B07KJCBTM9,feature_aebe2e53cb96ca59
B07KKJZQTF,feature_0da42215389d85fd
B07KKJZQTF,feature_2d3b205e8ecc35df
B07KKJZQTF,feature_35e988bce0bbb43e
B07KKJZQTF,feature_3a3296485dfb1378
B07KKJZQTF,feature_6f44ef6f1ac3992d
B07KKJZQTF,feature_985b7352825e96d5
B07KKJZQTF,feature_dc890b33d16395c9
B07KKJZQTF,feature_df542fedcbe90645
B07KKJZQTF,feature_e1f7da3b9cef8a0d
B07KKJZQTF,feature_fe52c5c6959169ac
B07KKKCSCB,feature_01112bdc88c917c7
B07KKKCSCB,feature_0a5212e6069e6739
B07KKKCSCB,feature_275ee78c68b2bda5
B07KKKCSCB,feature_478e30c96b7f74d1
B07KKKCSCB,feature_fe1af72d59bd6c27
B07KKNPMQ2,feature_f745181fe8f92f63
B07KLMKTYW,feature_6a3e0e04db8fa48f
B07KMC2S9L,feature_1ad41c301ea31c01
B07KNCKPLM,feature_214948d073a3828c
B07KNKCQ31,feature_b38bee29514db19e
B07KPQGCZW,feature_e4532bd4b1109047
B07KPSNJNJ,feature_56afe6b5cfdeb403
B07KPWYB6C,feature_29f865292facc9f1
B07KPWYB6C,feature_7281b8aacb9968e0
B07KPWYB6C,feature_a4effdd9ecca4fad
B07KPWYB6C,feature_a8e8befcadd766fe
B07KPWYB6C,feature_b27f48ad2380f46c
B07KPWYB6C,feature_d1557aa3763710ad
B07KQ2LCLQ,feature_06d265bf76efd74f
B07KQ2LCLQ,feature_3e183ff6b423fc88
B07KQ2LCLQ,feature_bcb56e9ee9f3a33a
B07KQ2LCLQ,feature_c4300cf019196616
B07KQ2LCLQ,feature_e27097837b5e6635
B07KR9MTFG,feature_0d5f2a595c46651b
B07KR9MTFG,feature_13d55fa1ff624dd0
B07KR9MTFG,feature_1c378b5b995b2900
B07KR9MTFG,feature_7b4bf0b14db524c1
B07KR9MTFG,feature_b8402f2c9b81712d
B07KR9MTFG,feature_cf529151fe1919ff
B07KRMVX4Y,feature_2cb8c2023752540c
B07KRMVX4Y,feature_67bd34d429840e34
B07KRMVX4Y,feature_d1ba13fd293836ef
B07KRMVX4Y,feature_fa6431e9888578a3
B07KRQBDL1,feature_7da86e844b75ccdc
B07KRS235P,feature_ae0b717d9eb9ee10
B07KS6Y9B2,feature_a2fc4089625ba84a
B07KSZKHR8,feature_07163573a4c84036
B07KSZKHR8,feature_1f0b905fdbb26431
B07KSZKHR8,feature_238b59b9206b5345
B07KSZKHR8,feature_3e189cbd1dec88fc
B07KSZKHR8,feature_632774015bdbbed7
B07KSZKHR8,feature_65431240a87b435a
B07KSZKHR8,feature_69414d53e4f555b0
B07KSZKHR8,feature_87fe7a4d0900ad16
B07KSZKHR8,feature_a9a879c238adc24b
B07KSZKHR8,feature_c4167c678dde4fdf
B07KT3PCLG,feature_05ecc21e2e41b829
B07KT3PCLG,feature_13e4e32299a18814
B07KT3PCLG,feature_1d8002b61aa2db57
B07KT3PCLG,feature_50d01215e735f072
B07KT3PCLG,feature_6ed2c2f54a075a91
B07KT3PCLG,feature_706420d32556b39d
B07KT3PCLG,feature_ae623d8e8b8a7621
B07KT3PCLG,feature_bffaf46c4145e498
B07KT3PCLG,feature_dea853f2ffe40fcd
B07KT3PCLG,feature_ee260b3c3e8bc4f3
B07KV31WDS,feature_098d36169f08f4df
B07KV31WDS,feature_430dc6264819c2df
B07KV31WDS,feature_4e2ad017dd697506
B07KV31WDS,feature_7e39923ba64d1f4c
B07KV31WDS,feature_b913e14b8a029396
B07KV5L538,feature_9e335a34c6a4cdc7
B07KV5L538,feature_abb482573e82bba0
B07KV5L538,feature_fcc5c4047a17611c
B07KWFWRRV,feature_235cc5e25df726ef
B07KWFWRRV,feature_2b99a1e510a53e3e
B07KWFWRRV,feature_5024341ea182498a
B07KWFWRRV,feature_81c3a4e48d3673d2
B07KWFWRRV,feature_977de5c5e496364f
B07KWFWRRV,feature_9b4fb0a9f31fcec4
B07KWFWRRV,feature_a2581f4d370ad973
B07KWFWRRV,feature_ce3d414afa8aba72
B07KWFWRRV,feature_d42e8b7f5e4358e7
B07KWFWRRV,feature_d6849c112a84072c
B07KWKCGFG,feature_7582a75f83257d5e
B07KWKVCMG,feature_f6257b3e32ebb574
B07KWKZT7K,feature_386a30427d90eea5
B07KWKZT7K,feature_394c4654d176604d
B07KWKZT7K,feature_459b7ee29681d402
B07KWKZT7K,feature_6c7cb5d1c094625f
B07KWKZT7K,feature_7e1fb811264c8411
B07KWKZT7K,feature_841426ec24bb91b6
B07KWTQG79,feature_0ded263aadb3ed27
B07KWTQG79,feature_61b95417a699fa4b
B07KWTQG79,feature_7521c018f16a35db
B07KWTQG79,feature_8255e20c3153a7cb
B07KWTQG79,feature_86be8ab51d74f245
B07KWTQG79,feature_8a9c46ffdac3f8cd
B07KXQW679,feature_057c16c2bdc5c67b
B07KXQW679,feature_133e9091a49db647
B07KXQW679,feature_16da1d700fa76f21
B07KXQW679,feature_27db3c84f654e69e
B07KXQW679,feature_32f359a2b1e903bd
B07KXQW679,feature_3597c39cd3ee0235
B07KXQW679,feature_72a2d613796efbdf
B07KXQW679,feature_aa13e4f4839d9bbd
B07KXQW679,feature_cdd6bfb83176da65
B07KXQW679,feature_e07702b6f3fa2f41
B07KY3LM76,feature_0b125098fccf21a6
B07KY3LM76,feature_320d251e8cd3e3c8
B07KYSTVFP,feature_260c841f66e0b192
B07KYSTVFP,feature_3e89519ce8cf7683
B07KYSTVFP,feature_6d646d40c21ed8f7
B07KYSTVFP,feature_a44ea524e4fb483b
B07KYSTVFP,feature_dbd1d93ba26c4509
B07KYWXBDZ,feature_20a3e4be586c47d7
B07KYWXBDZ,feature_34b0ce1cff80e2f9
B07KYWXBDZ,feature_356def5bff7b56b3
B07KYWXBDZ,feature_7f97a2870eef9725
B07KYWXBDZ,feature_f7dacb3141b29d93
B07KYWXBDZ,feature_fc570dd4801923f2
B07KZLM6JT,feature_37779d68238e8dfa
B07KZLM6JT,feature_39311c5ad0308105
B07KZLM6JT,feature_43cae799c781953f
B07KZLM6JT,feature_44f7244d60f7edad
B07KZLM6JT,feature_8aea66ea1cd5cc22
B07KZLM6JT,feature_95f8e210a244d757
B07KZLM6JT,feature_9b4fb0a9f31fcec4
B07KZLM6JT,feature_9b8f9ea7c21df368
B07KZLM6JT,feature_a18015b4ac15c1f9
B07KZLM6JT,feature_d135b80202077596
B07KZT15T8,feature_6585f7ea42c1165d
B07KZT15T8,feature_75f8e3e9a10bd632
B07KZT15T8,feature_91ea8a577fbb121f
B07KZT15T8,feature_c76f3b5acab30e1c
B07KZT15T8,feature_e0dc2a045be9b1cf
B07L19P8Q9,feature_0be22ca590a59ec6
B07L1F994N,feature_9ceeb0df39561c6f
B07L1F994N,feature_e718f710d098ac83
B07L2GTF76,feature_f71ae69fd071de4b
B07L2K6624,feature_2c2740a5d5d20284
B07L3CY4TJ,feature_1ec811fac21b7d67
B07L3CY4TJ,feature_5640c68ee3a143c0
B07L3CY4TJ,feature_719b9a9c22016064
B07L3CY4TJ,feature_7e40be9cf82f3172
B07L3CY4TJ,feature_baeb17f9a1c8225d
B07L3CY4TJ,feature_c1d5fb70ec4c02e6
B07L3N6RPY,feature_eb85c19cbca201dd
B07L45QMLH,feature_21b9eaf3bd630e4c
B07L49PZ4C,feature_3441a95c2a693bce
B07L49PZ4C,feature_85b344b5c16bb840
B07L49PZ4C,feature_966b84cb9a659eca
B07L49PZ4C,feature_9b4165979060160c
B07L49PZ4C,feature_f2ab4065a9324838
B07L516BRF,feature_0a356ef06e74b62d
B07L516BRF,feature_ae07ec57d5159120
B07L516BRF,feature_db258797d41a77d1
B07L5ZXV3G,feature_53d604c6d3ce606a
B07L7B9KGR,feature_2a358d275482e9f1
B07L7B9KGR,feature_432447c80931cb90
B07L7B9KGR,feature_6e617cae27f961a8
B07L7B9KGR,feature_d331388d9cc1524b
B07L84DGT3,feature_2b735996195fc262
B07L84DGT3,feature_45003856a18665f0
B07L84DGT3,feature_4a8b7212d487f3df
B07L84DGT3,feature_7934e32c66bd5a4e
B07L84DGT3,feature_df21a95324f8b4e3
B07L9F177Y,feature_ab7c070bae857f8e
B07L9F177Y,feature_c1de592a8b03ecf9
B07L9H8SWW,feature_259add2069cc9d7a
B07L9JJH11,feature_0f6bd774cd55811b
B07L9L6Z98,feature_ba3df58ea281fc50
B07LB539M2,feature_7c6e1303dc28a15d
B07LB539M2,feature_a6773e4d8548e47f
B07LB539M2,feature_d337ea70374a8614
B07LB539M2,feature_f05f90205313b571
B07LB539M2,feature_f90c20945fb5b2a1
B07LBB69NY,feature_14be6025aaeec37a
B07LBDZG63,feature_2b2e4d5d8c3c2cfb
B07LBDZG63,feature_6ea652c19cbb4238
B07LBT46Y7,feature_631ec14b70d8add3
B07LBZZSMR,feature_023d69ce0a677da9
B07LBZZSMR,feature_13b3a01def8fdd7d
B07LBZZSMR,feature_54350d0e9bbb8b8a
B07LBZZSMR,feature_d9e72200960ce60f
B07LC4HJYT,feature_66e5c868c9a89840
B07LCF4BK5,feature_1e959bfd8e70cd6e
B07LCF4BK5,feature_37bb7b7fd45e8ce4
B07LCF4BK5,feature_5595cfa37d792d1f
B07LCF4BK5,feature_d0d25ffc9a6e1735
B07LCF4BK5,feature_d58a9d379d156411
B07LCNGSBJ,feature_28bc513a2ad2a13d
B07LCNGSBJ,feature_58c03c05e9f38039
B07LCNGSBJ,feature_747314fd64486ff3
B07LCNGSBJ,feature_89c3e24cb7ac25eb
B07LCNGSBJ,feature_b792a507f1675f69
B07LCNGSBJ,feature_e692ea7b26b27275
B07LCZ4S7T,feature_b4c5dba6693caf6b
B07LD2KZJK,feature_7fb14a74f1278966
B07LD2NSGR,feature_0cd03afd75708deb
B07LD3M88C,feature_64d01f24de0967ac
B07LD3M88C,feature_d5963bd9110334d2
B07LF4FKW2,feature_1ae1ff9e728545f7
B07LF4FKW2,feature_777739c6feaf07c8
B07LF4FKW2,feature_79ff34ae70869f70
B07LF4FKW2,feature_8f735dc8681bd19f
B07LF4FKW2,feature_90cfc2c335797a38
B07LF4FKW2,feature_97912524f34763ab
B07LF4FKW2,feature_b172fddebcf4a5ec
B07LF4FKW2,feature_d0b0473d9edce56b
B07LF4FKW2,feature_df6951f6e2a59d07
B07LF4FKW2,feature_fd5992d68d8ec541
B07LGCPSYS,feature_4fcaa233d34c8f4b
B07LGY9HZS,feature_235758d38151623a
B07LGY9HZS,feature_4c08f71d46236bf3
B07LGY9HZS,feature_82834beab7b3d4d4
B07LGY9HZS,feature_bd62d72e034c74c8
B07LGY9HZS,feature_e3595bc5fbab80cc
B07LGY9HZS,feature_fdea10add7bae7a6
B07LHCVZDT,feature_2dcc0f75040a2234
B07LHCVZDT,feature_462a1cecdb1db9c4
B07LHCVZDT,feature_6fba69d3d969bd8e
B07LHCVZDT,feature_c1ed6104dfd8ad94
B07LHCVZDT,feature_d06b1f1cc665ce48
B07LHCVZDT,feature_ec683f8908b7cc59
B07LHDLHVS,feature_11c9ffae68c15b2b
B07LHJK8D6,feature_2dcc0f75040a2234
B07LHJK8D6,feature_462a1cecdb1db9c4
B07LHJK8D6,feature_6fba69d3d969bd8e
B07LHJK8D6,feature_c1ed6104dfd8ad94
B07LHJK8D6,feature_d06b1f1cc665ce48
B07LHJK8D6,feature_ec683f8908b7cc59
B07M5SXQ4Q,feature_1e54398d3ee8a9fc
B07M5SXQ4Q,feature_3e756db65eb912a2
B07M5SXQ4Q,feature_8745f2b2d9b6275e
B07M5SXQ4Q,feature_b12ba985155fc2c8
B07M5SXQ4Q,feature_fa723644312646c6
B07M74HQXD,feature_40abb35ac2b836be
B07M7BR7WJ,feature_30a2575e90c75fa8
B07M7BR7WJ,feature_358a086c08713bf8
B07M7BR7WJ,feature_98e1fdd451ce9119
B07M7BR7WJ,feature_e5b0093cebc919a9
B07M7BR7WJ,feature_ea1545527fa7a472
B07M7BR7WJ,feature_f24d2660c1caa018
B07M95NSKM,feature_1c07af934d158304
B07M95NSKM,feature_35ead2b1b9aee400
B07M95NSKM,feature_7c8485fddfe75500
B07M95NSKM,feature_99a202d0f3a9f8de
B07M95NSKM,feature_d8a72214e01ade6b
B07M9CGYGR,feature_0e791201b9c23e46
B07M9SM34B,feature_0f26c79b73a3f5ab
B07MBHXMPL,feature_31fe598465ef298e
B07MBHXMPL,feature_4932a126166bab7e
B07MBHXMPL,feature_64e45fd20bdfcfeb
B07MBHXMPL,feature_af6669891a19bce3
B07MBHXMPL,feature_b6a249dd115174c4
B07MBKP86B,feature_ba94ef83d84d3a06
B07MC2S3VR,feature_15c527783ac29505
B07MC2S3VR,feature_1b1a3c8a7dce06ee
B07MC2S3VR,feature_2bd9ddab9c9bf2c7
B07MC2S3VR,feature_37fad59e57a9a91b
B07MC2S3VR,feature_5f412e657a3de6ab
B07MC2S3VR,feature_a3f1d547c1c94ed1
B07MC2S3VR,feature_b3689e171ebd8adf
B07MC2S3VR,feature_ca41b86aefa9ba2c
B07MC2S3VR,feature_dbcf1bead4128691
B07MC2S3VR,feature_fb387d47ef7f4bd2
B07MCWVMKR,feature_18342d1b3da73253
B07MCWVMKR,feature_4a42248ed173b69a
B07MCWVMKR,feature_5ea3619c3b50e99b
B07MCWVMKR,feature_8699f2b04f0dd007
B07MCWVMKR,feature_8e8c5d400d44da6e
B07MCWVMKR,feature_e9d1a58379117d94
B07MD5LRSZ,feature_709d23815096c625
B07MD5LRSZ,feature_8766fdd7303b3de2
B07MD5LRSZ,feature_95be78fb0ee58706
B07MD5LRSZ,feature_b6619c54af4f96ce
B07MD5LRSZ,feature_c00a6598b07d8731
B07MD79GK8,feature_079977f05deb5ed2
B07MD79GK8,feature_095883866f935386
B07MD79GK8,feature_0d45006bbfdc8eeb
B07MD79GK8,feature_124b0b7e7b524841
B07MD79GK8,feature_3f5d8ad19c70f980
B07MD79GK8,feature_8bfde604cde5c0ab
B07MDBVNJR,feature_272681fb13951afb
B07MDBVNJR,feature_2b70b1a6c5229457
B07MDBVNJR,feature_49b0af8fcc9696dd
B07MDBVNJR,feature_88da780b3ff724ff
B07MDBVNJR,feature_a40d374596b674a4
B07MF4CNYD,feature_0230aa490bd6660e
B07MF4CNYD,feature_1b44218e0a232e74
B07MF4CNYD,feature_c32dd0244fea9e81
B07MF4CNYD,feature_dbcb687ddea45998
B07MF4CNYD,feature_dea4a983ef383b5e
B07MF8NSG6,feature_b28d2ab52018eeed
B07MF948LW,feature_03d6a194f4b02abf
B07MF948LW,feature_435a5e64937a3a7a
B07MF948LW,feature_44440204ee941467
B07MF948LW,feature_565d549d71a5e7e7
B07MF948LW,feature_637aa5fd85fadbaf
B07MF948LW,feature_7e775dbcc4166d50
B07MF948LW,feature_9a47baefb19b167c
B07MF948LW,feature_b7928e9b38945286
B07MF948LW,feature_dbda61fd8cdbaf69
B07MF948LW,feature_e9335c8eb04976e6
B07MF9P7PY,feature_b7e87ba200f9ddf6
B07MFKB23V,feature_1dc0861014d10172
B07MFKB23V,feature_299d1988cd743564
B07MFKB23V,feature_3f50b3be2cd7c540
B07MFKB23V,feature_7c1ccce6c0211a8a
B07MFKB23V,feature_bf49c65bf59d3926
B07MFKB23V,feature_ccef7567aad68948
B07MGPBDBD,feature_ffec4324db4c8ff0
B07MGY11BH,feature_0314caa88b5460e6
B07MGY11BH,feature_192df9a89d85db84
B07MGY11BH,feature_1a6b84679a2aa103
B07MGY11BH,feature_ba7aff37c7d1390b
B07MGY11BH,feature_c4b795bd3ec44573
B07MJLYK53,feature_252a3dbb45fbbabd
B07MJLYK53,feature_2768e58fed2e3f5f
B07MJLYK53,feature_28a2175375a0a947
B07MJLYK53,feature_4a322140da1118b8
B07MJLYK53,feature_84526025bf8fc040
B07MJLYK53,feature_f9e2baba82f36503
B07ML5333D,feature_6679cc15b078e379
B07ML63WWZ,feature_48e2dd9032b7a243
B07ML63WWZ,feature_4cd79ddda273d100
B07ML63WWZ,feature_7448390955113f2a
B07MLG7V8Z,feature_10c4faeecea50952
B07MLVPH9X,feature_3168af3d83564ef4
B07MLVPH9X,feature_9edfa5a3f531e507
B07MLVPH9X,feature_a4b7b7278ce08059
B07MLVPH9X,feature_c6a93f0309727532
B07MLVPH9X,feature_d5de09773fcf962d
B07MMSJH9Z,feature_5d3149ccdd15451c
B07MNV3PF4,feature_0e6760296ad4bc17
B07MNV3PF4,feature_1589d5cc5033aee5
B07MNV3PF4,feature_350326a20cdcc2a2
B07MNV3PF4,feature_51bee1aa027b39b8
B07MNV3PF4,feature_5987392e1deff82e
B07MNV3PF4,feature_90193681150e735c
B07MNV3PF4,feature_9aa7ac3eca1537d2
B07MNV3PF4,feature_9b4fb0a9f31fcec4
B07MNV3PF4,feature_a5475f9b6b29f7cb
B07MNV3PF4,feature_baa6040e85af2ae5
B07MNXR7ZT,feature_433414e4081f6705
B07MNXR7ZT,feature_4cc8301002384470
B07MNXR7ZT,feature_739924a2cdbac8d2
B07MNXR7ZT,feature_c914a353e50eeb07
B07MNXR7ZT,feature_cbaf18badf1a7364
B07MNZ81KY,feature_1a10e146c74eacf6
B07MNZ81KY,feature_55c60fe366001fa7
B07MNZ81KY,feature_717a8fd5cb60b11d
B07MNZ81KY,feature_7d93292efdaf0824
B07MNZ81KY,feature_82b04048f694a6df
B07MNZ81KY,feature_d21d01fa3d2f2977
B07MPVX78Y,feature_465c85fcd32f9bf6
B07MPVX78Y,feature_9c2cea94f35cd71f
B07MPVX78Y,feature_e5266f9d89de4db4
B07MPVX78Y,feature_f145df9595381ed8
B07MQKB2Y7,feature_3e9b3939bccdfe65
B07MT4SMT3,feature_3db5b6fc7869b9c7
B07MTHQGYX,feature_b7aeb98a3fbb2a74
B07MTHQGYX,feature_ef8d2a33a60b720e
B07MTTHQQC,feature_ac8e243a4a1c0465
B07MTTRDFQ,feature_47c40e6e5d2fab5c
B07MTTRDFQ,feature_5ef41e884a232a3a
B07MTTRDFQ,feature_646d1c17913419ab
B07MTTRDFQ,feature_8228d82cd4601d93
B07MTTRDFQ,feature_a86e842ea61b0d13
B07MTTRDFQ,feature_f075a8953e061ad7
B07MW3JNG8,feature_11af7280b785f723
B07MW3JNG8,feature_6b7a9c1ee56757d1
B07MW3JNG8,feature_6bc66299dd3811eb
B07MW3JNG8,feature_97b3bad629bea176
B07MW3JNG8,feature_a5f8c82930927319
B07MW3JNG8,feature_d17bde71a3ad205d
B07MWFSW38,feature_14f13999c5a468f1
B07MWFSW38,feature_9aca44811bd3233a
B07MXH4SSZ,feature_067621c5076ad388
B07MXH4SSZ,feature_54512a1a90d7d821
B07MXH4SSZ,feature_8b63877101c65504
B07MXH4SSZ,feature_f3eff08c6c37083b
B07MXHQJMB,feature_f08468d2799e4b9a
B07MXXKGKN,feature_847f94b2b2e312f3
B07MXXKGKN,feature_ebc56d358321d4ad
B07MZN7LZN,feature_4841d59050e5a037
B07MZN7LZN,feature_909b75e71fddbedb
B07MZN7LZN,feature_b024635bd7c88e13
B07MZN7LZN,feature_c061e8d263765f75
B07N12YD7F,feature_c7b9e964533e8156
B07N133RCG,feature_069335c5ab2e1ae8
B07N133RCG,feature_2a3085040e0450b4
B07N133RCG,feature_5b1d24be1e3cd3fd
B07N133RCG,feature_8dc9247591f388af
B07N133RCG,feature_9e628c7ab7fe682b
B07N133RCG,feature_dc6a754ceabf8ed1
B07N15C6ZP,feature_302ff1697450e4ee
B07N17DBDP,feature_f00f797b3c0ab167
B07N1YRG4R,feature_da520edbc8f2211d
B07N2LRSZS,feature_0192115b3412ee50
B07N49YQ93,feature_4494d873587712cd
B07N4KCVXV,feature_0cfeb0dfc2793b84
B07N4KCVXV,feature_4fb4c25a123eff36
B07N4KCVXV,feature_9468ee1a0540259e
B07N4KCVXV,feature_ae02fa9ccdeeffc5
B07N4KCVXV,feature_ba89e26fc94ae4bb
B07N4KCVXV,feature_e2da78993e064496
B07N4L482N,feature_1ee749e98f4818db
B07N4L482N,feature_2fa90de24c5eacea
B07N4L482N,feature_3c0c03d232cc151d
B07N4L482N,feature_43069406af95459e
B07N4L482N,feature_50a5ceb1f7138ab2
B07N4L482N,feature_ba89e26fc94ae4bb
B07N6GX596,feature_6407f5c74dbb742d
B07N7HLG4X,feature_1c62624fa0987557
B07N7K6J6Q,feature_05ca7c004860fec0
B07N7K6J6Q,feature_1dbf5a0f0b4d664b
B07N7K6J6Q,feature_52e141e824a7721d
B07N7K6J6Q,feature_5ff67f790fdfd806
B07N7K6J6Q,feature_7f81577d08b154a1
B07N7K6J6Q,feature_ce08cbc9a289b130
B07N7LLKHP,feature_4c88470bc40b3ac0
B07N7LLKHP,feature_6c2df1f038618971
B07N7LLKHP,feature_8a7f62d2aeac635f
B07N7LLKHP,feature_9ac864cbb691fe6b
B07N7LLKHP,feature_a4cc6ed97c5df678
B07N7SGN6C,feature_4b7c6c68b1985988
B07N7SGN6C,feature_4ebef40b6c62689b
B07N82H3LK,feature_22437f12d933dafb
B07N82H3LK,feature_226e96ebaf43acaf
B07N82H3LK,feature_7fa1289f42cc2cb2
B07N82H3LK,feature_a1a158b873e7e7e3
B07N88NDHX,feature_14b7edc5b392a742
B07N88NDHX,feature_1bf2ba01ec88b2d3
B07N88NDHX,feature_4a340c972b94f1ab
B07N88NDHX,feature_5d2040c5d0155fa7
B07N8CM3SD,feature_10250d899294467f
B07N9715WM,feature_44a48120b533d426
B07NBLP4GJ,feature_19b057092bfdf9cf
B07NBLP4GJ,feature_57f4f5d6108a2d48
B07NBLP4GJ,feature_675d7eff941fa572
B07NBLP4GJ,feature_94b21829e4329aad
B07NBLP4GJ,feature_99df4a6ed7d01cf7
B07NBLP4GJ,feature_dc8c72ccab8cfb16
B07NBPBP81,feature_520a9d096a56afbf
B07NBPBP81,feature_69fe62ae87999019
B07NBPBP81,feature_a3bd102836e1a692
B07NBPBP81,feature_f48fe1b7dc75bb1d
B07NBWHZJS,feature_13d555e1521ebac5
B07NBWHZJS,feature_6cc42ac9f946ecdb
B07NBWHZJS,feature_c2cd27f615dc45dd
B07NBWHZJS,feature_d4e32c42a24cd798
B07NBY3L1X,feature_041d6b7e1e6c7aaa
B07NBY3L1X,feature_3c721ca57677885a
B07NBY3L1X,feature_3e0297220c438984
B07NBY3L1X,feature_4717cfe27eb96273
B07NBY3L1X,feature_64d981b2727013f2
B07NBY3L1X,feature_9b4fb0a9f31fcec4
B07NBY3L1X,feature_a40668e76019787b
B07NBY3L1X,feature_b74da0f0db14a798
B07NBY3L1X,feature_c64ba546bf692f64
B07NBY3L1X,feature_d9239adf4f0b3176
B07NBYM57S,feature_13d555e1521ebac5
B07NBYM57S,feature_6cc42ac9f946ecdb
B07NBYM57S,feature_d4e32c42a24cd798
B07NBYM57S,feature_fee2f5de171a1c15
B07NCP4WV4,feature_ae801b439f8d447a
B07NDL6NPT,feature_89444202716b3194
B07NDLXGN2,feature_0b25860332b1cfad
B07NDPR8TV,feature_c8c70cb9c29379ae
B07NDSMD8D,feature_679d82af647a025a
B07NDSY5TP,feature_19b227c383cd6243
B07NGFDN6G,feature_06b51ce533b33cc2
B07NGFDN6G,feature_0a80757b6efe2c03
B07NGFDN6G,feature_1f33eea883d0c6ca
B07NGFDN6G,feature_6419b82b0a65e726
B07NGFDN6G,feature_6988750652d3f98c
B07NGFDN6G,feature_d7e0b97343158904
B07NGLSSX7,feature_3b04133fdca33a19
B07NGLSSX7,feature_6c4f47a2dcee15c6
B07NGLSSX7,feature_b4ff3cdfb872f4b0
B07NGLSSX7,feature_d56c3afcba1989e2
B07NGLSSX7,feature_e3aae744c0aed87d
B07NGPQQFK,feature_8adba064f92676fb
B07NHDDRVD,feature_4e3d85b0f78b9e0b
B07NJM7PQ2,feature_02002e899f7e728c
B07NJM7PQ2,feature_0b83dcf5ab5cf0c9
B07NJM7PQ2,feature_18c9485ee10009d3
B07NJM7PQ2,feature_3aed671e78d8e005
B07NJM7PQ2,feature_3ea6dcf613c0ddfc
B07NJM7PQ2,feature_6c64c1be315730b7
B07NJM7PQ2,feature_77b0546ba0eccc60
B07NJM7PQ2,feature_bb70ae82d1d63abb
B07NJM7PQ2,feature_dd1cb698c5345916
B07NJM7PQ2,feature_e9bc47195501fa49
B07NLGMPLR,feature_e4f4279bee58c723
B07NMC7WVX,feature_09359f5377c39eb1
B07NMC7WVX,feature_7f1675dfa25465d4
B07NMC7WVX,feature_c50640969c3c36a3
B07NMC7WVX,feature_d4b15c5477e955e0
B07NMC7WVX,feature_e6223fa3f17fcfc3
B07NMC7WVX,feature_fdf5eee783310f13
B07NMG6ZHQ,feature_289d9cebffed5b11
B07NMG6ZHQ,feature_61d83d86e197aff5
B07NMG6ZHQ,feature_9f626c81935243c7
B07NMG6ZHQ,feature_afaacded42c41f6b
B07NMG6ZHQ,feature_f16f0924bff76dd7
B07NNXQXJX,feature_5204b5a77140703b
B07NNXQXJX,feature_cbfe5978ec68ec04
B07NPS21L3,feature_8bb4141c64fbcfbb
B07NPTQK2H,feature_e742bbd1c0cd74c0
B07NPWK167,feature_2b5f96a413672eb1
B07NPWK167,feature_4b00c03315b1bd2b
B07NPWK167,feature_7a42b4798c70dfcb
B07NPWK167,feature_afc75689c112fa81
B07NPWK167,feature_f07ae4b486d13c7f
B07NQ9P3Y2,feature_b55d0c61a1aa90c1
B07NQJLLNH,feature_2b48df48dca57bb5
B07NQJLLNH,feature_58a1626c66c6097a
B07NQJLLNH,feature_6c16177a396b583a
B07NQJLLNH,feature_78fe225359a3f913
B07NQJLLNH,feature_7ec72ec63b35589f
B07NVSKVPM,feature_521614e4d1278aa0
B07NVSKVPM,feature_6069d62e6ee33325
B07NVSKVPM,feature_c7512a3296cc784f
B07NVSKVPM,feature_d5d4cd07616a5428
B07NVT9ZWM,feature_113c2e559d464803
B07NVT9ZWM,feature_3e6aa0c459715e0c
B07NVT9ZWM,feature_8e1b83c53c9faa59
B07NVT9ZWM,feature_a56a92beef85634f
B07NVT9ZWM,feature_cf9f4bd54f1b47c4
B07NVWC8K3,feature_e98e7226046f9b65
B07NW8F6C4,feature_04d3f87ef23cbdd7
B07NW8F6C4,feature_2c5034deefa999b7
B07NW8F6C4,feature_2d86ecda587202fe
B07NW8F6C4,feature_7188c184ced45703
B07NW8F6C4,feature_73429185e1929453
B07NW8F6C4,feature_78e0e046d84b5908
B07NW8F6C4,feature_8573496e37992bf8
B07NW8F6C4,feature_97912524f34763ab
B07NW8F6C4,feature_b7bdf51b880e0d29
B07NW8F6C4,feature_c9812c176bdc48f6
B07NX293K3,feature_100546f65230985f
B07NX293K3,feature_3f8dba560eebf1a1
B07NX293K3,feature_5c11fd924d938b70
B07NX293K3,feature_618ef164d3cab6e5
B07NX293K3,feature_a09e54f5850e8fd3
B07NX293K3,feature_e95f96a940a3046a
B07NXW5397,feature_04f2b9704f60b89d
B07NY6LS9C,feature_1182009dc87e5f8c
B07NY6LS9C,feature_3ced4d9c7a5b2389
B07NY6LS9C,feature_77b74d326136b447
B07NY6LS9C,feature_a1f1d2a7bb08a28f
B07NY6LS9C,feature_a69bc568e681dee6
B07NY6LS9C,feature_e8631ed642167d8b
B07NYS5DNQ,feature_0712d81866ec3efb
B07NYS5DNQ,feature_e3ff4793f278f74b
B07NYXH11C,feature_170903868245a8a3
B07NYXH11C,feature_1ee5f0dddb85345b
B07NYXH11C,feature_4f75bb5883c5f018
B07NYXH11C,feature_546568dbf74b3f7c
B07NYXH11C,feature_c21c99d146abaeca
B07NYXH11C,feature_de70ebb9015bca67
B07NZ8PWWD,feature_486f33ae2a995520
B07NZ8PWWD,feature_8e8f96c79da16146
B07NZ8PWWD,feature_94c08a5eeec5cf9f
B07NZ8PWWD,feature_9c4388b4bbe0a18b
B07NZJVGJP,feature_e92cc67237e1c7e6
B07NZVZ6G2,feature_0dc410180b34d5a3
B07NZVZ6G2,feature_a2de60ccd6f0014c
B07NZVZ6G2,feature_bc94a31a325ea0dd
B07NZVZ6G2,feature_fd52a2f91708c942
B07P131GF6,feature_08bf2676739c3258
B07P131GF6,feature_2f65c28043872d51
B07P131GF6,feature_3201ab036a113d88
B07P131GF6,feature_457e46fc70385f7d
B07P131GF6,feature_6a616f7923a75ab4
B07P131GF6,feature_71ab331420beacfb
B07P131GF6,feature_9dab70b88f92925c
B07P131GF6,feature_b33d5a3bc24b17c5
B07P131GF6,feature_d24456ba815fe10c
B07P131GF6,feature_e2b5a9ccab8d7c83
B07P1FKZM4,feature_0c8d83ff4f91292f
B07P1FKZM4,feature_18cead239113b27a
B07P1FKZM4,feature_1c3433cabd0d4aa6
B07P1FKZM4,feature_23b601f5ddbd0896
B07P1FKZM4,feature_3bb3da80c2fc7160
B07P1FKZM4,feature_61951b9d8a5a0f25
B07P1FKZM4,feature_6974cd7ae0b15061
B07P1FKZM4,feature_896d4fe406ed2754
B07P1FKZM4,feature_ae7a4320769d50f3
B07P1FKZM4,feature_e1c96fa5b2e47b70
B07P1L4319,feature_bc41192ac68505ed
B07P1YRYY2,feature_58d2086b6b6b2ceb
B07P1YRYY2,feature_79e0f7f12fffe5e8
B07P1YRYY2,feature_7c86b583866a5ff9
B07P1YRYY2,feature_a14a4cd2f7e5a4cc
B07P1YRYY2,feature_ed11e0051fd4e595
B07P56XY7V,feature_106d6514a0d8db45
B07P56XY7V,feature_2225a0007832e029
B07P56XY7V,feature_9401e4c6b6e5a9e8
B07P56XY7V,feature_ae993d345b8b96f6
B07P56XY7V,feature_bb4f3bb148946ef2
B07P56XY7V,feature_df7a907eb79967df
B07P62HQ2N,feature_06c0b4d3bdc06eee
B07P62HQ2N,feature_7dfacc4ec2d0342f
B07P62HQ2N,feature_85aaa8da3be37c49
B07P62HQ2N,feature_8d6ee94ba132cf90
B07P62HQ2N,feature_92ea3cc5ee618e93
B07P62HQ2N,feature_d57e0bddce401d52
B07P6RGTHL,feature_1c8d95943cb2b6a9
B07P6RGTHL,feature_2d542c809f82eaab
B07P6RGTHL,feature_3dba1a6e8e40f1bc
B07P6RGTHL,feature_437f2360184e55fa
B07P6RGTHL,feature_4f77e32acd7de8fe
B07P6RGTHL,feature_5eacefd23b6e28c6
B07P6RGTHL,feature_880eefb5a85e95f4
B07P6RGTHL,feature_bbff09951db6a942
B07P6RGTHL,feature_d43ba2248008b780
B07P6RGTHL,feature_e75709fddd11f51d
B07P6ZZYNC,feature_b5ed4eeed91c5698
B07P74SQT4,feature_024d428f630193f7
B07P74SQT4,feature_3aa1e9a3f57225c1
B07P74SQT4,feature_592b85d3e119d45b
B07P74SQT4,feature_ad3d5a7618313f76
B07P74SQT4,feature_ee0a7c667c6c73d7
B07P74SQT4,feature_f0ae2aebd4a6530a
B07P848H4M,feature_0edfb4340f85884e
B07P848H4M,feature_1d5dba3cde5ee7ef
B07P848H4M,feature_63e4385135aa6393
B07P848H4M,feature_be0f0f64cf5fe592
B07P848H4M,feature_da1d20df232c7790
B07P8VNG17,feature_52b2af865469218c
B07P95RFCS,feature_03c8c1e0951bc99f
B07P95RFCS,feature_229457ff002e7237
B07P95RFCS,feature_4f944542e06cd6f2
B07P95RFCS,feature_5bb33bd7acd1289f
B07P95RFCS,feature_918d6521abd48cf6
B07P95RFCS,feature_bee782d1ec99b5a6
B07P95RFCS,feature_c2e24c2f55e4b51a
B07P95RFCS,feature_cc09fe186a876264
B07P95RFCS,feature_d9de908e8cafc79d
B07P95RFCS,feature_f5ca519fcd28bb14
B07PBXN62J,feature_a612843850db356d
B07PBZNXM9,feature_1897ff84b4eb7cac
B07PBZNXM9,feature_1e9429e19bebb3dc
B07PBZNXM9,feature_960795c02e1a030d
B07PBZNXM9,feature_9f9647d5c600f6a9
B07PBZNXM9,feature_bca718e8d8d10821
B07PBZNXM9,feature_cf6d60c4bb0853b8
B07PBZNXM9,feature_d35afd45b6174826
B07PBZNXM9,feature_fa20e91bd9dabeb7
B07PDTBJ3C,feature_ad30f0f4a46dc0bb
B07PFP4WLL,feature_bc535057d4e9fd0f
B07PG2GF8D,feature_75635474a3869cc7
B07PG2GF8D,feature_7c46a204bd071025
B07PG2GF8D,feature_9b75a868ba6d79ef
B07PG2GF8D,feature_a885feaad9190ea1
B07PG2GF8D,feature_ae9de7819bb05b16
B07PG2GF8D,feature_b1b904d80f54c2fd
B07PG84Q36,feature_041a6e78d4d99a1e
B07PG84Q36,feature_2225a0007832e029
B07PG84Q36,feature_572096e0266aa4be
B07PG84Q36,feature_d2e193af5739aba4
B07PG84Q36,feature_df7a907eb79967df
B07PG84Q36,feature_efe8e4c521ed4749
B07PGLQ6P2,feature_0764fcdb081ef991
B07PGLQ6P2,feature_4f7a8765a93caf18
B07PGLQ6P2,feature_5bbe97583c414266
B07PGLQ6P2,feature_7cf2798704b3d89c
B07PGLQ6P2,feature_867e082bb9d6602d
B07PGVTD65,feature_29d80665a8b1ba5a
B07PGVTD65,feature_525d186c4e2f029b
B07PGVTD65,feature_5cd9ae76cd0e60ab
B07PGVTD65,feature_65db37ccd68505a6
B07PGVTD65,feature_7725b6b195e1a9d3
B07PGVTD65,feature_d7d9dcb674b833eb
B07PHGQDWX,feature_2e24d22060239b3f
B07PJG2PKZ,feature_68375ab8595676a4
B07PJG2PKZ,feature_711fabcdcdb3495b
B07PJG2PKZ,feature_76e1f816eee7f586
B07PJG2PKZ,feature_77b74d326136b447
B07PJG2PKZ,feature_7a0c6b26902b82e6
B07PJG2PKZ,feature_83322039822db1c6
B07PJPKDT1,feature_0bb643b2650f58b3
B07PJPKDT1,feature_0cdcd4e6b3b9c92f
B07PJPKDT1,feature_0e0f1f329d66f33b
B07PJPKDT1,feature_61d18e6de4f162eb
B07PJPKDT1,feature_b91257c1327c72e7
B07PJPKDT1,feature_ec0f572a443e178a
B07PL7NZNG,feature_07c292fd580fcdab
B07PL7NZNG,feature_4f846a30b56e9c96
B07PL7NZNG,feature_5d993641be6c5e7a
B07PL7NZNG,feature_77988cb4d637aac6
B07PL7NZNG,feature_b8963d7c5e5d078b
B07PMXSLDB,feature_5b66250be45038c5
B07PNCS1T1,feature_73d426c5655a7386
B07PNCS1T1,feature_97028d7a65557696
B07PNCS1T1,feature_b079ec2dabd784b3
B07PNCS1T1,feature_cd41ac11b767495b
B07PNNN9PV,feature_417c41760bb90960
B07PNNN9PV,feature_56597ab0a465881b
B07PNNN9PV,feature_7b87e23932322db2
B07PNNN9PV,feature_b228e72f05069a56
B07PNNN9PV,feature_e1eddfbefee5af25
B07PNR6HVJ,feature_164dc0d213010f58
B07PNR6HVJ,feature_22325174760f7955
B07PNR6HVJ,feature_50a39641f3a4e94e
B07PNR6HVJ,feature_59663529917d9b77
B07PNR6HVJ,feature_7548e67d40de2dd2
B07PNR6HVJ,feature_9f50882295d3f0af
B07PP96V9F,feature_7b36a92f97196660
B07PPQKXP1,feature_22a1258163906a0f
B07PPQKXP1,feature_37243f8ce06235ec
B07PPQKXP1,feature_4a0c49efe96bd6dd
B07PPQKXP1,feature_4ed1c563bb7f4bf6
B07PPQKXP1,feature_522ba2eafddb67b4
B07PPQKXP1,feature_6820ca2f4627960a
B07PQW45FS,feature_203ad3fe09e98395
B07PQW45FS,feature_6036d63b9495ddbb
B07PQW45FS,feature_7f83bc716adcbb8c
B07PQW45FS,feature_8a186cfe9545ad6c
B07PQW45FS,feature_9ccfba3c7ef94001
B07PQY1ZFP,feature_9f0bf9c144001589
B07PQYK2M4,feature_be58bc3bb46233ba
B07PRKKHRX,feature_1aa115f095197c96
B07PRKKHRX,feature_5c39042b84dcb9c6
B07PRKKHRX,feature_ab56ab8bbcf54002
B07PRKKHRX,feature_adaf92334f1195df
B07PRKKHRX,feature_b043904db19e7a95
B07PRKKHRX,feature_bba949792e494438
B07PRKKHRX,feature_c10f32c00d7f7a80
B07PRKKHRX,feature_cb329146a0dd0d56
B07PRKKHRX,feature_cb4975ba2203c9c7
B07PRKKHRX,feature_d9373ffce5ffea00
B07PVF8XMR,feature_192f0f58d7de8157
B07PVF8XMR,feature_459c29e9b7cb2b48
B07PVF8XMR,feature_499798e2e8963890
B07PVF8XMR,feature_b4a540854e692ab6
B07PVF8XMR,feature_f2075c0834944abd
B07PVGK338,feature_48072222d1b39b6c
B07PVGK338,feature_4d706e8a8b21aa29
B07PVGK338,feature_8516205da4427145
B07PVGK338,feature_ba7f7ed8aa922639
B07PVGK338,feature_c9f48c25f1ae66fd
B07PVGK338,feature_ea0c4ecd7ad52d70
B07PVM3ZL7,feature_96d8d1af898eda13
B07PVMQFQB,feature_c9ce2703b56360ea
B07PX9GHHB,feature_9ef9eb71f8fe5985
B07PXM1KPF,feature_d9ff5d316228131a
B07PYDRX18,feature_238b87a33714c5f3
B07PYDRX18,feature_7183246e318aacab
B07PYDRX18,feature_c891eb09aa085445
B07PYDRX18,feature_f1010e707dc37806
B07PYDRX18,feature_f3a730f5d31cd713
B07PZ9T867,feature_02a92ac495644b3a
B07PZ9T867,feature_04b2b9c0ef4c2727
B07PZ9T867,feature_182bb4abb41ab0f6
B07PZ9T867,feature_3a849ab27a4b4660
B07PZ9T867,feature_462eba00b43f021b
B07PZ9T867,feature_467edc9e78154737
B07PZ9T867,feature_5ffce8c1d6d3f251
B07PZ9T867,feature_776ed1a022b5fa35
B07PZ9T867,feature_85132704f774a03e
B07PZ9T867,feature_ddaf3b0a52144b30
B07Q1ZQM86,feature_08439da23811a34f
B07Q2G8WBV,feature_092306b9fc9b2f8a
B07Q2G8WBV,feature_2230f721cc1c3fa6
B07Q2G8WBV,feature_6c6085dda4ce35ed
B07Q2G8WBV,feature_718b9653fc45eaaf
B07Q2G8WBV,feature_8d6d984b0ccc7307
B07Q2G8WBV,feature_a5a539800614d0c9
B07Q7QCR5Q,feature_192299bc2a39e373
B07Q7QCR5Q,feature_37e9fc4341f86ff3
B07Q7QCR5Q,feature_6e0897b3c20b8e67
B07Q7QCR5Q,feature_7b5d2a4cd8bcdcf5
B07Q7QCR5Q,feature_83dd9d6af43f8cbe
B07Q7QCR5Q,feature_847f6d9923f4897f
B07Q7QCR5Q,feature_a400042e7bc5cdfb
B07Q7QCR5Q,feature_dd4d81c7ca1dd88b
B07Q7QCR5Q,feature_e9504b9c9c7d61b3
B07Q7QCR5Q,feature_f1a713e7f5e36e0f
B07Q7R184Z,feature_b878fe4d419d917f
B07Q7R184Z,feature_ca7a4b61df5a0ffc
B07QBMR3PF,feature_755ca4d538d2ed0f
B07QBMR3PF,feature_905fb5c949b0dafc
B07QBMR3PF,feature_c6d509d31fd07c88
B07QBMR3PF,feature_d5234010c12c9a14
B07QBMR3PF,feature_fdb5deb550604789
B07QF3J61F,feature_37e8d9a3fbd2171f
B07QG5QZPG,feature_2b51b43e9e93b83c
B07QG5QZPG,feature_87402feb16a6c658
B07QG5QZPG,feature_b5432af5245f0084
B07QG5QZPG,feature_b87a803b9a5273d2
B07QG5QZPG,feature_bc427879d249f3d0
B07QG5QZPG,feature_bd32b1c66c57f520
B07QGKK12K,feature_b8f7abaa5f5f3118
B07QHHFVQ3,feature_20da614e5122df98
B07QJ4KVJZ,feature_cd03d78b9f7029e6
B07QJFVNF7,feature_03d6a194f4b02abf
B07QJFVNF7,feature_08906031b9a971f8
B07QJFVNF7,feature_34bb61fd201af8fd
B07QJFVNF7,feature_491201b52365d7b5
B07QJFVNF7,feature_57a32a5e88da6ef5
B07QJFVNF7,feature_5b7e9aca52037cd4
B07QJFVNF7,feature_9746e24ce4315313
B07QJFVNF7,feature_c4daa93978364c81
B07QJFVNF7,feature_e0c48a9f33fdc265
B07QJFVNF7,feature_e593e31a66ec550d
B07QL3KY5H,feature_0f9c8357d03c1be9
B07QL3KY5H,feature_73c0fa55c338d1a4
B07QL3KY5H,feature_88b5f16eb10a9d46
B07QL3KY5H,feature_a0a3edbdeadefcb8
B07QL3KY5H,feature_c2186039c1189ead
B07QLW14RP,feature_5b3cd7d97b502b99
B07QLW14RP,feature_7275ba041b9cb512
B07QLW14RP,feature_be1dde472e302050
B07QLW14RP,feature_c8bbad5c2788fb23
B07QLW14RP,feature_d16375b435a8c9bf
B07QMBMVQ7,feature_0a224c57ee5b92e4
B07QMYNMBR,feature_45efc71549de0755
B07QNGTSYY,feature_b7adc95a5d858e75
B07QNH7JTJ,feature_b4e29f6c4c0e942f
B07QNJ3BGH,feature_4d30124f23f70a87
B07QNJ3BGH,feature_86366e3ca1fdad72
B07QNJ3BGH,feature_ab3e6028b1a6ecaf
B07QNJ3BGH,feature_c63c296befcd6b76
B07QNJ3BGH,feature_d7c57dda7b4b975f
B07QNSGKCB,feature_2cd0e9395a949828
B07QNSGKCB,feature_807cd41cfbc12717
B07QNSGKCB,feature_a27b3d27efa5c6c8
B07QNSGKCB,feature_dab17d19c921109a
B07QNSS9XK,feature_2cd0e9395a949828
B07QNSS9XK,feature_807cd41cfbc12717
B07QNSS9XK,feature_a27b3d27efa5c6c8
B07QNSS9XK,feature_dab17d19c921109a
B07QNXT75B,feature_ad410dd3f9e7e55b
B07QP7YTFN,feature_005b428c1ba14986
B07QP7YTFN,feature_0c828edd5fa6e848
B07QP7YTFN,feature_2c5746def8156837
B07QP7YTFN,feature_b05cdb075858178a
B07QP7YTFN,feature_b6176d97f46e1310
B07QPW8BFW,feature_4e113d5d9bf86448
B07QR1Q2ZV,feature_130919d49333e184
B07QR1Q2ZV,feature_5ccc6ea139f7f693
B07QR1Q2ZV,feature_6d7e838cd033bef0
B07QR1Q2ZV,feature_7d7bd392faeb2bb2
B07QR1Q2ZV,feature_8bf518f5cf2c8d8f
B07QR83GPT,feature_0fc80e171c6acda0
B07QR83GPT,feature_369a3408a23bc5aa
B07QR83GPT,feature_8127b99cf55a619b
B07QR83GPT,feature_b94678e68583339e
B07QVQHCP4,feature_09db16452787c622
B07QVQHCP4,feature_196bfa15bf4e8f4f
B07QVQHCP4,feature_27e6fae556541fd6
B07QVQHCP4,feature_4fa5c866daf6ccd2
B07QVQHCP4,feature_d8c1ba01935e284e
B07QWD851P,feature_05c283e529f2c907
B07QWD851P,feature_824399750abe25ea
B07QWD851P,feature_911106dec8904f9e
B07QWD851P,feature_da2c1f1e303cd5ca
B07QWD851P,feature_f1484e901cdf93ae
B07QX12JWH,feature_3b5363a83ecd3044
B07QXH1YP6,feature_bd8ce5fd75060729
B07QY8V5XT,feature_45b7b71db7309c43
B07QY8V5XT,feature_712d486bff0327e4
B07QY8V5XT,feature_e2e06c46b875a1c1
B07QY8V5XT,feature_f422bdaa02e51e62
B07QY8V5XT,feature_f6c8507b79ed4448
B07QYR6G8V,feature_0b43f913b5361202
B07QYR6G8V,feature_4141fe0de72e15ab
B07QYR6G8V,feature_4cf5a82d18d45fa0
B07QYR6G8V,feature_6e57b604298f12fa
B07QYR6G8V,feature_83def5a3fb12fd38
B07QZG2PG9,feature_1c07ef03acbf7f1a
B07QZG2PG9,feature_68b14b8de5425335
B07QZG2PG9,feature_8c80858341a267c6
B07QZG2PG9,feature_8ffc499f9a620d33
B07QZG2PG9,feature_901c78a51cb09368
B07R1J65C2,feature_2661c70cba7ad285
B07R1J65C2,feature_38b741d74dab432e
B07R1J65C2,feature_4b22a5df6f67a51c
B07R1J65C2,feature_7da36cb03a95dd33
B07R1K1SBD,feature_1cbaced88c7ed567
B07R1K1SBD,feature_1e5448bfcb9f8741
B07R1K1SBD,feature_929142e330d3e002
B07R1K1SBD,feature_c6d5b77f6016bd35
B07R1K1SBD,feature_fdeac4e4a69d4729
B07R3CL8PV,feature_1bf3a61ea609ced0
B07R3CL8PV,feature_7820039a7eed52e3
B07R3CL8PV,feature_867d9bb447ba7321
B07R3CL8PV,feature_abac28c8cd2ad4ac
B07R3CL8PV,feature_f2498ebca74a23c0
B07R3JLXZ3,feature_09389e57bc66d567
B07R3JLXZ3,feature_26359e200f73afaf
B07R3JLXZ3,feature_404820a642706ba8
B07R3JLXZ3,feature_9f8538a376177ab1
B07R3JLXZ3,feature_ee8de9bc295d04d7
B07R43THC2,feature_1b2ca03e2f848178
B07R43THC2,feature_3d2a5266c2266348
B07R43THC2,feature_8640222c4a4d23ec
B07R43THC2,feature_a080b6c475860869
B07R43THC2,feature_b13d99ba847bc525
B07R43THC2,feature_c686b745d6f26b5c
B07R5S9WGC,feature_40d395375089c462
B07R5S9WGC,feature_867ed2aa45d141c0
B07R5S9WGC,feature_8d96f697a1be17bc
B07R5S9WGC,feature_948a776765c1e96b
B07R5S9WGC,feature_984db91d0d537ce5
B07R5S9WGC,feature_c1997ab582863251
B07R6DP8ZT,feature_1c1104e4b14d0850
B07R6DP8ZT,feature_450778e11a86407c
B07R6DP8ZT,feature_8bac85604b2f61f0
B07R6DP8ZT,feature_8dedcba403032cda
B07R6DP8ZT,feature_df0e53476744dc40
B07R6P4L4G,feature_c633a4621759d77a
B07R7YWQKW,feature_138e2975a32fa82a
B07R88MPS2,feature_421a3fc71e852e25
B07R9ZSV69,feature_5a0c9ceeaaeebe3a
B07R9ZSV69,feature_81f662f1d688b327
B07R9ZSV69,feature_d249c64dec8d05dd
B07R9ZSV69,feature_d28f50b3421938c8
B07R9ZSV69,feature_faab1edc5742f5f4
B07RB731BV,feature_502f61a62c04b024
B07RB731BV,feature_7fa80f96fb52f1f3
B07RBQJN1F,feature_afd5f7db920561c3
B07RCDWW9Q,feature_041a6e78d4d99a1e
B07RCDWW9Q,feature_1388575187c94069
B07RCDWW9Q,feature_18c421c79a373cf5
B07RCDWW9Q,feature_60b42f9e45d53aa0
B07RCDWW9Q,feature_9cd99d2308a3af55
B07RCDWW9Q,feature_df7a907eb79967df
B07RG62P8H,feature_ef7dd3b7a2fd8c70
B07RGYFP5C,feature_10debb0c9fed210e
B07RGYFP5C,feature_169385a86ac7f1ba
B07RGYFP5C,feature_84ef0bcfdced33e1
B07RGYFP5C,feature_ac1f858ed56c8842
B07RGYFP5C,feature_c19c8b0eb2a47ce7
B07RGYFP5C,feature_cee8dcb853c34b5c
B07RHZY5CP,feature_03d6a194f4b02abf
B07RHZY5CP,feature_27f8c8f72712ce59
B07RHZY5CP,feature_4f944542e06cd6f2
B07RHZY5CP,feature_51afa1befa5c04d0
B07RHZY5CP,feature_5600cfdf0592a76e
B07RHZY5CP,feature_a1c3ee1bc0799e56
B07RHZY5CP,feature_b02449b3e0b522cb
B07RHZY5CP,feature_d390909f18eef04c
B07RHZY5CP,feature_f402b34b027790f8
B07RHZY5CP,feature_f708116ce61b5798
B07RL43C2H,feature_4811464cff211747
B07RL43C2H,feature_77907385ee291f71
B07RL43C2H,feature_8750890f117ff5c1
B07RL43C2H,feature_b0fbd776111595f6
B07RL43C2H,feature_dbc6421b4e987970
B07RLQ4LV5,feature_3cfae4f6bdc08f65
B07RLQ4LV5,feature_3d25a26885e208ed
B07RLQ4LV5,feature_458076c513841cbf
B07RLQ4LV5,feature_496ba7c490dceb16
B07RLQ4LV5,feature_4f944542e06cd6f2
B07RLQ4LV5,feature_563414384c231a82
B07RLQ4LV5,feature_a41de196c931b3e2
B07RLQ4LV5,feature_a80bcc5d908cef6f
B07RLQ4LV5,feature_cb329146a0dd0d56
B07RLQ4LV5,feature_e930cfdf49f44128
B07RN1GC6K,feature_c9004ca01733dc20
B07RN7MY65,feature_0d388b89cebe178d
B07RN7MY65,feature_46eae3afd7e6b868
B07RN7MY65,feature_881236b863fbf624
B07RN7MY65,feature_bc9b2b5fd82bf577
B07RN7MY65,feature_c14fa5c93d07dcf9
B07RPB2SM9,feature_365f9179d9dc7d43
B07RPDHQNN,feature_04c7f43015c05c0e
B07RPDHQNN,feature_1dc300b142b9683a
B07RPDHQNN,feature_1e601172bf2a5f84
B07RPDHQNN,feature_63a5cff12e4a8f53
B07RPDHQNN,feature_7c8ab20c8bb10249
B07RPDHQNN,feature_c49182fe84919fc3
B07RPDHQNN,feature_d2005cc206ccbfde
B07RPDHQNN,feature_d2c7d133c4994dfd
B07RPDHQNN,feature_e2575805bc5b6b54
B07RPDHQNN,feature_f0f12bbd3c91125a
B07RQ7TH9Z,feature_6b120a74fec3be21
B07RS4Y5CS,feature_7bef070fd8c1576f
B07RS4Y5CS,feature_7ff9b808adc12ac8
B07RS4Y5CS,feature_a09b7c0a3cdac450
B07RS4Y5CS,feature_a7f9d68bc88fb4e7
B07RS4Y5CS,feature_bbc375c5aea99dd6
B07RT2DD8V,feature_47b7cff248ed270e
B07RTPH35L,feature_396509c34c69ab7a
B07RTPH35L,feature_40123ec549642066
B07RTPH35L,feature_5f8fa2e3b76f6002
B07RTPH35L,feature_659bf97e7a0bb80d
B07RTPH35L,feature_7c3a60608bfcce4d
B07RTPH35L,feature_bb88ea855b49500b
B07RTPH35L,feature_cb6500a477a825e4
B07RTPH35L,feature_e34d38e71b8016f5
B07RTPH35L,feature_ebe72a839e970cc6
B07RV86B18,feature_09b83b8277ebedfb
B07RV86B18,feature_331be1649cea8a54
B07RV86B18,feature_8e7ceeeb765ee4d5
B07RV86B18,feature_fab69804ed7c742d
B07RW78DS8,feature_57ad8fbb65fd0274
B07RW78DS8,feature_5ad0edf6e7653266
B07RW78DS8,feature_716889d727cab258
B07RW78DS8,feature_b5648cd853313c4a
B07RW78DS8,feature_b938c4d929a4260f
B07RW78DS8,feature_c12b6db40c62f2c3
B07RW78DS8,feature_eb3719739e1055a7
B07RW78DS8,feature_ec2e50699060db4f
B07RW78DS8,feature_ee5056a277907dc2
B07RW78DS8,feature_fc05e987b70afd8d
B07RX5C1K3,feature_452f25108f3d60f7
B07RX5C1K3,feature_b72dbcc0ae9496dd
B07RX5C1K3,feature_c86739f23ab52538
B07RX5C1K3,feature_cfcf3a2971ae248b
B07RX5C1K3,feature_d2dee021cb8011d0
B07RX7FXB8,feature_1a00512740b92841
B07RX7FXB8,feature_4a0f20d4a6083f15
B07RX7FXB8,feature_502f192418ff8ec7
B07RX7FXB8,feature_ab8366a4d2664d6e
B07RX7FXB8,feature_ce81f7eb2cfb954f
B07RX7FXB8,feature_dfe6715b64d59a34
B07RY6BQVZ,feature_2a5f45918238c2d5
B07RY6CS54,feature_63c99bc3b18b7815
B07RYFH668,feature_1b2e6c503045d92d
B07RYFH668,feature_652a18ff4c08a2a7
B07RYFH668,feature_92b1e81a939ce8b1
B07RYFH668,feature_a0f64661f49b8a94
B07RYFH668,feature_a1725508373093c2
B07RYN86RV,feature_3552b95565f4244a
B07RYN86RV,feature_53a9d2b18d790772
B07RYN86RV,feature_636c8e6be3ad65f2
B07RYN86RV,feature_7a5401c3ae665c53
B07RYN86RV,feature_7d06abcc010ab14d
B07RYN86RV,feature_a5ce4b627f9fe167
B07RYN86RV,feature_ee4c5ff04e18be4e
B07S1BTDCY,feature_4ac9ba327416cc6d
B07S1PP58R,feature_3552b95565f4244a
B07S1PP58R,feature_53a9d2b18d790772
B07S1PP58R,feature_636c8e6be3ad65f2
B07S1PP58R,feature_7a5401c3ae665c53
B07S1PP58R,feature_7d06abcc010ab14d
B07S1PP58R,feature_a5ce4b627f9fe167
B07S1PP58R,feature_ee4c5ff04e18be4e
B07S1VGKLT,feature_2bba752866d58d1c
B07S1VGKLT,feature_4f77ddd09b2b8d3b
B07S1VGKLT,feature_a53ffe250e356235
B07S1VGKLT,feature_c4f1f41556a706fe
B07S1VGKLT,feature_d05933478b037fa1
B07S21BZN4,feature_02cf892e55156e54
B07S21BZN4,feature_207b59ac3168ef7a
B07S21BZN4,feature_43f9ac5f4e8badd2
B07S21BZN4,feature_5b08fe2b29e739f9
B07S21BZN4,feature_9c96d93e9e93cadc
B07S2HKRVM,feature_31ebe525fa84ab9a
B07S2HKRVM,feature_6f39f955d92d46c9
B07S2HKRVM,feature_76619d53d7699102
B07S2HKRVM,feature_9138c844db78dfcb
B07S2HKRVM,feature_addce175c88e8e69
B07S2HKRVM,feature_f4867a68a941bdf7
B07S37LFN7,feature_c211e5bbd46a2e8c
B07S38C2XQ,feature_1736e319d7d3cd35
B07S38C2XQ,feature_52e2e51ec2d6d762
B07S38C2XQ,feature_7d0a8791dcace9e4
B07S38C2XQ,feature_db8aeb1a38060213
B07S5HRR5R,feature_12e4cf3e2a90de4c
B07S5HRR5R,feature_47ecb4d4558784da
B07S5HRR5R,feature_8bd2aa26e76c60b9
B07S5HRR5R,feature_c4b0ce329552affa
B07S7GVL62,feature_18e5a962283a5db2
B07S7GVL62,feature_27b3b52958e35fef
B07S7GVL62,feature_a683b95def544b31
B07S7GVL62,feature_d8d25f13eb138b2f
B07S7GVL62,feature_d99566e617aece53
B07S81QMCV,feature_1969dd8fc59063b7
B07S81QMCV,feature_277f1dd355764ca2
B07S81QMCV,feature_476f3066d404b795
B07S81QMCV,feature_7716e213b39a8eae
B07S81QMCV,feature_88cc6c4e0677b234
B07S81QMCV,feature_92c645c08a06d347
B07S81QMCV,feature_95b49aaa3a6c8e60
B07S81QMCV,feature_cff1c23201140afa
B07S81QMCV,feature_dcc8219aabd18477
B07S81QMCV,feature_f62b67db2470e64f
B07S96L7GX,feature_3576f5056bcd85ee
B07S96L7GX,feature_4f190474d9130b15
B07S96L7GX,feature_581ffa7ec2f950c9
B07S96L7GX,feature_cd6c9d1528615c2d
B07SBDRNGD,feature_ad3b8c21f2f2b896
B07SBL59QX,feature_1f76e92b6f7a6c96
B07SBL59QX,feature_25159ecb177810cf
B07SBL59QX,feature_413972e8a423d933
B07SBL59QX,feature_a871e389a6396dbc
B07SBL59QX,feature_c2e24c2f55e4b51a
B07SBL59QX,feature_cbdeaafe59838e96
B07SBYDTSQ,feature_2452f24e2c84f9c0
B07SBYDTSQ,feature_2b52976c9cd0ca2d
B07SBYDTSQ,feature_3b211a4a27ce06c6
B07SBYDTSQ,feature_488a052c632e9fa1
B07SBYDTSQ,feature_503db8bb3f6b1d36
B07SBYDTSQ,feature_69a7e16ab5754299
B07SBYDTSQ,feature_700a788c55425cfa
B07SBYDTSQ,feature_a9965077458c2a21
B07SBYDTSQ,feature_c20dd55359dfbbdf
B07SBYDTSQ,feature_d98a4cadb4ee9ae5
B07SD36NTP,feature_0de4b0ecba3505ca
B07SD36NTP,feature_470dbd6405c28656
B07SD36NTP,feature_b7034bbeab9647ff
B07SD36NTP,feature_c60b4f111df1a8ee
B07SD36NTP,feature_fcf7f3d682be8eb6
B07SFY6CKZ,feature_e123153b11c8551c
B07SGDV2SV,feature_00baa074f49d5986
B07SGDV2SV,feature_0ab3e158f45176e4
B07SGDV2SV,feature_0c835915e3767885
B07SGDV2SV,feature_1234806039cbb47c
B07SGDV2SV,feature_36c295f2c7783d99
B07SGDV2SV,feature_4f944542e06cd6f2
B07SGDV2SV,feature_84f9259ee41081c4
B07SGDV2SV,feature_a80b70b03906903d
B07SGDV2SV,feature_aed5e1e36a607345
B07SGDV2SV,feature_faa04512e2c14e65
B07SGPHLRX,feature_412f7f87ffc0282e
B07SGPHLRX,feature_9d318152a7a3ec4c
B07SGPHLRX,feature_a4b0bf4103b009e5
B07SGPHLRX,feature_c6d340cd19e7a7d5
B07SGPHLRX,feature_e6a60d9f2e5f3f46
B07SH1HJVN,feature_50216c4dd086b234
B07SHWKRVB,feature_24bcd37f45c292e5
B07SHWKRVB,feature_82133589970cd745
B07SJCPZ3D,feature_3245de660ec5f113
B07SJRFX79,feature_4e5938248267034a
B07SJRFX79,feature_50d282c462d1394a
B07SJRFX79,feature_ba308339ffadcb6c
B07SJRFX79,feature_dbf73e7876f2d95e
B07SJRFX79,feature_fd7864d2fb03efde
B07SNWLMDD,feature_763651d4a6d190a1
B07SPFJ93H,feature_47d11a71835e4fdc
B07SQ611Q4,feature_3d6a09730e8dd6a5
B07SQB13BY,feature_38bd54e9575588d3
B07SQB13BY,feature_75d06237727597cc
B07SQB13BY,feature_841284283cb1554f
B07SQB13BY,feature_852ebfbef96eab2d
B07SQB13BY,feature_a950dba8157f5a26
B07SQB13BY,feature_e6334c1824f2924a
B07SRMXSK5,feature_4c28a4aeb45ba4a4
B07SRMXSK5,feature_83e722ae2f163fd4
B07SRMXSK5,feature_926a3a48c9d20625
B07SRMXSK5,feature_bf728e644f84e525
B07SRMXSK5,feature_cc13a00739cc86aa
B07SSFL9T5,feature_9914b7f6f7d31f4c
B07SSJV5QG,feature_03c32f59863ad712
B07SSJV5QG,feature_230d03d5914e7e78
B07SSJV5QG,feature_a35f346097db4995
B07SSJV5QG,feature_ac551cb1d3cf25dc
B07SSJV5QG,feature_fbe69bff34e13dfd
B07SSVQ3BL,feature_16483fc340b16797
B07SSVQ3BL,feature_6a9d6f6103d0d700
B07SSVQ3BL,feature_7078474699de0a65
B07SSVQ3BL,feature_83d91178a6b4f8f7
B07SSVQ3BL,feature_9da61ca1b06f0da9
B07SSVQ3BL,feature_e17137b882c193a9
B07SSVQ3BL,feature_f3c6e4affbc55819
B07SSVSYLZ,feature_16483fc340b16797
B07SSVSYLZ,feature_6a9d6f6103d0d700
B07SSVSYLZ,feature_7078474699de0a65
B07SSVSYLZ,feature_9da61ca1b06f0da9
B07SSVSYLZ,feature_e17137b882c193a9
B07SSVSYLZ,feature_f3c6e4affbc55819
B07SSVSYLZ,feature_f7cfadb257317ab6
B07SSWWR3N,feature_060e31cc08e4caa8
B07SSWWR3N,feature_732444c03d97e1a4
B07SSWWR3N,feature_ab16e8306b6cc33f
B07SSWWR3N,feature_c1d08fdc1e86a79d
B07SSWWR3N,feature_cd397990b80509fb
B07SSWWR3N,feature_d29195956059fa2d
B07SV347V2,feature_00889f15da8715c5
B07SV347V2,feature_2ffb44ad3d738e4d
B07SV347V2,feature_70b473f0b933089d
B07SV347V2,feature_78028c2f1a690b8d
B07SV347V2,feature_87cb08b05105b4c1
B07SV347V2,feature_e19a14c1acf3163c
B07SW3BDSR,feature_09cdc43c4e028a70
B07SW3BDSR,feature_256874f35db5944d
B07SW3BDSR,feature_596a2d02f3fd8e10
B07SW3BDSR,feature_b59ac8cee894563d
B07SW3BDSR,feature_ca7623d3f0aada79
B07SW3BDSR,feature_e32e3f5505470d61
B07SWFFT6P,feature_00d3bd1dc4a9943c
B07SWFFT6P,feature_37df465747549a3a
B07SWFFT6P,feature_52b617bba359b7fd
B07SWFFT6P,feature_cf306577c32972f3
B07SWFFT6P,feature_e24c4e90bbe214f5
B07SY84DPP,feature_09cdc43c4e028a70
B07SY84DPP,feature_256874f35db5944d
B07SY84DPP,feature_3370e9f61d247652
B07SY84DPP,feature_596a2d02f3fd8e10
B07SY84DPP,feature_9f0b12b1d0a01197
B07SY84DPP,feature_c0451a2a2bb90c03
B07SY84DPP,feature_c9feb438e8a8146c
B07SY84DPP,feature_ca7623d3f0aada79
B07SY84DPP,feature_e32e3f5505470d61
B07SY84DPP,feature_fa794be0f70e8096
B07SZJ979W,feature_2b9ce2750445e7b8
B07T14J4F5,feature_f0633a80f46245eb
B07T15LBGZ,feature_264266ef129da418
B07T15LBGZ,feature_6988a6f2ad65335d
B07T15LBGZ,feature_947511512cb82c1d
B07T1SXR1H,feature_2c876ca5f1faabd0
B07T1SXR1H,feature_2d700ce5dfa3ee7c
B07T1SXR1H,feature_51dc873ff9f38b0e
B07T1SXR1H,feature_8713388b452a9283
B07T1SXR1H,feature_9570c39e16ab1dad
B07T1SXR1H,feature_ccfd148f11b2232c
B07T3P8XVL,feature_13a87bdb4670ec25
B07T3P8XVL,feature_1eeaee03f6abda2f
B07T3P8XVL,feature_902df5d0d3c6f286
B07T3P8XVL,feature_d9ea7baa4f90755a
B07T3P8XVL,feature_efad906ed15c24f0
B07T5X8V5M,feature_b0ba5d9deb3d18b6
B07T6XS55H,feature_1b2d88b38be08e28
B07T7TYRX1,feature_5cd09e2e34c7152b
B07T7TYRX1,feature_5ee8a32991537d4a
B07T7TYRX1,feature_6d5a7e98a59c3a79
B07T7TYRX1,feature_77c8adaed839d828
B07T7TYRX1,feature_7b6d7a3b01c1b9cb
B07T7TYRX1,feature_a691ab9a6ffc5ba8
B07T8D25TS,feature_6772c745ea27ad30
B07T8JRNLZ,feature_1dd81a2629c10e44
B07T8JRNLZ,feature_454e4367775fef09
B07T8JRNLZ,feature_7c90515da1eedd28
B07T8JRNLZ,feature_8b2e99d955342b5f
B07T8JRNLZ,feature_a1f8621eb175f43f
B07T8JRNLZ,feature_bd81704dc0d39098
B07T8RNCMV,feature_31cd7f439b375b3b
B07T99P7SV,feature_6a529fa4ed6d8202
B07T99P7SV,feature_afd5b66a34ceac27
B07T99P7SV,feature_d2ee1a5a2bda34d3
B07T9PBTX5,feature_196bb44c76a997bd
B07T9PBTX5,feature_5a51a3df2c52f93b
B07T9PBTX5,feature_6b78b910c924be4e
B07T9PBTX5,feature_a8fc66e0e42332d6
B07T9PBTX5,feature_c04e415a77ec827d
B07T9PBTX5,feature_cf6e6c0368a4bfa4
B07TBGGNYT,feature_0c28b85c36310693
B07TBGGNYT,feature_1b15e1d230c2542b
B07TBGGNYT,feature_211fea6a806bcba9
B07TBGGNYT,feature_33908779a9fbcc4d
B07TBGGNYT,feature_3c15a9ca5a3da1a4
B07TBGGNYT,feature_72bbb8f7f61d557d
B07TBGGNYT,feature_75940ab3f0ff0c7a
B07TBGGNYT,feature_b172fddebcf4a5ec
B07TBGGNYT,feature_cfb4daffbce2073d
B07TD89Y2T,feature_43c32a7676ad4ab2
B07TD89Y2T,feature_4aa7ab6455358cbe
B07TD89Y2T,feature_59bd6648611f7b51
B07TD89Y2T,feature_68c8764f3324398a
B07TD89Y2T,feature_bf16b455f2bfbb31
B07TDN9PCN,feature_15ac889022271016
B07TDN9PCN,feature_4097f815921925e6
B07TDN9PCN,feature_474076c11d35652a
B07TDN9PCN,feature_c18ff2ea362eb718
B07TDN9PCN,feature_fd4d78a4f0573ae7
B07THB17WH,feature_1b851a1156d34d1a
B07THBZFXY,feature_b3f6349c2348ba6c
B07THNHB6Q,feature_945bf392deebf90e
B07TK3MXVF,feature_24694ec5fbb5a759
B07TK4F86Y,feature_9496c8134502c51e
B07TLSM2LM,feature_21dfa9a72eac8164
B07TLSM2LM,feature_264abf33a24e7ae8
B07TLSM2LM,feature_27461df1350a21bc
B07TLSM2LM,feature_36cfad9e41a87a11
B07TLSM2LM,feature_8209845ec8d7bf2c
B07TLSM2LM,feature_8f450eadfbaca251
B07TNNXDW1,feature_3b3ee2b0f919ccf7
B07TNNXDW1,feature_3c8e00a3e41803b9
B07TNNXDW1,feature_83a434ce9d1a48c2
B07TNNXDW1,feature_a1788af17032517b
B07TNNXDW1,feature_cc0d503267d666f9
B07TNNXDW1,feature_de3f27a703465e4c
B07TNNXDW1,feature_fa32b59c1c6766f2
B07TQ2JZ43,feature_911299ab14d4ab81
B07TQFR922,feature_499482cf2bf58157
B07TS3W9X4,feature_d4dfdc794560b737
B07TSC6F1D,feature_15d599aa5d711795
B07TSC6F1D,feature_2df526d25a7a3c82
B07TSC6F1D,feature_7ed8b70e184f510b
B07TSC6F1D,feature_d9845fce31a82d46
B07TSHBYNG,feature_0e1c1cb67056271f
B07TSHBYNG,feature_60afe1fe2ad271a8
B07TSHBYNG,feature_a7a55011ac296a91
B07TSHBYNG,feature_be7c094f68a1fea9
B07TSHBYNG,feature_d5be5e862de4a622
B07TTHB62B,feature_175a9d73fd6f8f08
B07TTHB62B,feature_1ff5a0beddcbdcbb
B07TTHB62B,feature_853d4cc591065151
B07TTHB62B,feature_8d0d987b2d0d2883
B07TTHB62B,feature_9e3558ff69cbc4bb
B07TTHB62B,feature_cb1389b5c5d0516a
B07TVBV25P,feature_3c4ef8cef522e099
B07TVBV25P,feature_699d3ec2249804da
B07TVBV25P,feature_74f5dc6b9d2795b6
B07TVBV25P,feature_95f5c86a603a9043
B07TVBV25P,feature_d0e4287ebb95a64e
B07TVFLGKV,feature_4ed6254f89a78bd5
B07TVPDLQH,feature_2a11c04244d757c2
B07TVPDLQH,feature_6ef84a8b795d0614
B07TVPDLQH,feature_87de8c84def0c2fb
B07TVPDLQH,feature_90013dad2ba28c85
B07TVPDLQH,feature_cafe8dd9518416d1
B07TVPDLQH,feature_f870b61c349672bf
B07TWQ77N5,feature_0e1c1cb67056271f
B07TWQ77N5,feature_60afe1fe2ad271a8
B07TWQ77N5,feature_a7a55011ac296a91
B07TWQ77N5,feature_be7c094f68a1fea9
B07TWQ77N5,feature_d5be5e862de4a622
B07TXGF1TP,feature_7ce5241af7edcba0
B07TXGF1TP,feature_8d41e26b613c9858
B07TXGF1TP,feature_b7401e817c97d38c
B07TXGF1TP,feature_c0cfe0416c332fea
B07TXM5P3D,feature_6c5373fc99bbea3a
B07TXM5P3D,feature_8835cf3f17df5de4
B07TXM5P3D,feature_a76ad90eed4e3378
B07TXM5P3D,feature_c149dcd92aa45df2
B07TXM5P3D,feature_c8578603074da713
B07TXM5P3D,feature_e592256fa87aadc7
B07TXNGBXC,feature_338b95ad124e2046
B07TXNGBXC,feature_8737f12a721b4466
B07TXNGBXC,feature_9d59363dfa3c8eca
B07TXNGBXC,feature_be464e2eff934b27
B07TXNGBXC,feature_e1eee65afa3c01ca
B07TXNGBXC,feature_e7e88896ac9c1af1
B07TYQBVB4,feature_7af59afd45568d60
B07TYQBVB4,feature_afc8e9b3b95c8ccf
B07TYQBVB4,feature_d0414d047894e856
B07TYQBVB4,feature_e284da67a3bf0302
B07TYQBVB4,feature_feac4808623d9b2d
B07TZ4XDQV,feature_24e2c20e927a0f9f
B07TZRCZ5Q,feature_d41c8b0123a757b8
B07V1XZYTQ,feature_113dbe760a8c82ae
B07V1XZYTQ,feature_42f02e8887d08eec
B07V1XZYTQ,feature_434881fa4e87e368
B07V1XZYTQ,feature_7c3ce7c6bf215cc7
B07V1XZYTQ,feature_a3adbdd71ac236ba
B07V1XZYTQ,feature_bd207fab08951eb6
B07V1XZYTQ,feature_d135b80202077596
B07V1XZYTQ,feature_e945ff6ac53f419b
B07V1XZYTQ,feature_ec2dc01914e26d07
B07V4DPHP1,feature_1b420f41964a9a68
B07V4DPHP1,feature_1c3e60ab8ef31b82
B07V4DPHP1,feature_3891f1073f477420
B07V4DPHP1,feature_5f0ea89653ef3d8d
B07V4DPHP1,feature_605770cae4b0e0ba
B07V4DPHP1,feature_833d4983ea763de7
B07V4DPHP1,feature_936b5130eb0b75b4
B07V4DPHP1,feature_978ffdd09006e2f3
B07V4DPHP1,feature_9d1cd6c9d7aa0701
B07V4DPHP1,feature_d39a1dd147a62202
B07V4VFZ5B,feature_0ff4f49bd097646a
B07V4VFZ5B,feature_5fb6fbb3e9d98ffe
B07V4VFZ5B,feature_702c2ed8f0a8f65b
B07V4VFZ5B,feature_7c7a22d3052e4686
B07V4VFZ5B,feature_88666f05e0a0470c
B07V4VFZ5B,feature_990915d40eeeb037
B07V4VFZ5B,feature_a02018f45116149b
B07V4VFZ5B,feature_c12fe9be44ab2b77
B07V4VFZ5B,feature_c2e24c2f55e4b51a
B07V4VFZ5B,feature_c73c3646e99b4bf1
B07V6MRFYL,feature_3cd36b4eeb62c588
B07V6MRFYL,feature_43916d845c62c6d6
B07V6MRFYL,feature_77ccdcbc6ff08e77
B07V6MRFYL,feature_937c91e841a02162
B07V6MRFYL,feature_bbecc6326f748f28
B07V6MRFYL,feature_cfc27bd4f6a9975e
B07V6RQGRR,feature_3aa2504b9150cb68
B07V6TQZ5Q,feature_3af9d1d4373f43fb
B07V6TQZ5Q,feature_5f660694a38362f9
B07V6TQZ5Q,feature_81ed060cf4fa81d6
B07V6TQZ5Q,feature_a16c0a95856b37f4
B07V6TQZ5Q,feature_bb0499a8aa828b6d
B07V6TQZ5Q,feature_fc8c741d61ee8ad4
B07V6VGNDS,feature_0f491a722f71c54a
B07V6VGNDS,feature_13cae9beac7aa2dc
B07V6VGNDS,feature_29b6293b8b394241
B07V6VGNDS,feature_31abdbf2a1759e0a
B07V6VGNDS,feature_34188e5d3bcb52f1
B07V6VGNDS,feature_43833d512a7f703c
B07V6VGNDS,feature_8bcf107757e8672e
B07V6VGNDS,feature_b3c86bd57b8b2551
B07V6VGNDS,feature_bff352f36bc8e630
B07V6VGNDS,feature_cb9ae55b3c1f79db
B07V8GH8D7,feature_9edb0725136fe640
B07V8LQCZL,feature_34db884dcd444053
B07V9FVH7Z,feature_0068db4dbd903b97
B07V9FVH7Z,feature_1f135e2f36ad4b21
B07V9FVH7Z,feature_5622fd45ad4f1df9
B07V9FVH7Z,feature_8a0c8ba226468c91
B07V9FVH7Z,feature_a182196d9853c941
B07V9FVH7Z,feature_a624a4668a20e899
B07V9JQJ93,feature_1402017f7dc59d95
B07V9JQJ93,feature_6b03ad4bb55b5f26
B07V9JQJ93,feature_bca792ec8b6348f0
B07V9JQJ93,feature_c7c7bf72a4baada6
B07V9JQJ93,feature_dfbc035df4b5a4fa
B07V9KBWF5,feature_568f60c0d787ad70
B07V9ND6SX,feature_090a9aaa263c3e3a
B07V9ND6SX,feature_658790ee8ed90278
B07V9ND6SX,feature_849b07fcc798f9f7
B07V9ND6SX,feature_a0aa10af62dd7a05
B07V9ND6SX,feature_b469dbfe0396d256
B07V9ND6SX,feature_d904049ad6cb2c76
B07V9XYGKL,feature_2ece9fdb9271133f
B07V9XYGKL,feature_7b0af01a4c6d0a81
B07V9XYGKL,feature_bca792ec8b6348f0
B07V9XYGKL,feature_ce6caea410f037fa
B07V9XYGKL,feature_dfbc035df4b5a4fa
B07VBCDDVK,feature_3d835b84c51023f4
B07VBCDDVK,feature_75a2220b8113e49b
B07VBCDDVK,feature_76b07b108a87e2b2
B07VBCDDVK,feature_a5330273132d4535
B07VBCDDVK,feature_ad6c27be02b21169
B07VBWKM2C,feature_0ad724dcdcaa0510
B07VBWKM2C,feature_5812945c9bb4510e
B07VBWKM2C,feature_70b2d6d738c64718
B07VBZJFW2,feature_a5de759f58563b58
B07VCBDSWX,feature_85c199d387c9e90b
B07VCWY43T,feature_65edac3a093531d8
B07VCWY43T,feature_8031d1844e42cf83
B07VCWY43T,feature_8aa77b30ec98643f
B07VCWY43T,feature_d879c475dd4992a0
B07VCWY43T,feature_f14faa078fe61c08
B07VF3ZRTG,feature_1a6d8edb33742c20
B07VF3ZRTG,feature_7b555f7753ff05cc
B07VF3ZRTG,feature_a027f3e125859921
B07VF3ZRTG,feature_ab0cec1a54878ad3
B07VF3ZRTG,feature_c661ad985a5eedb3
B07VF3ZRTG,feature_cd029acc79d775ff
B07VFCLYGH,feature_441eff6f9d1994c2
B07VFCLYGH,feature_6746b5416b44d61e
B07VFCLYGH,feature_862367440a29d5e6
B07VFCLYGH,feature_b500f03693feeee4
B07VFCLYGH,feature_d9a4d9837f24aec7
B07VGTN3NS,feature_2397df8ea988567a
B07VGTN3NS,feature_e13d3e8b128359ce
B07VH275R3,feature_03a279d37369e317
B07VHLHYV9,feature_95d11dbc4baab098
B07VKKLHS6,feature_0b2a30ee14286afa
B07VKKLHS6,feature_236cea9f312c4b99
B07VKKLHS6,feature_39367c2ab20ac714
B07VKKLHS6,feature_509c3590ca7b551c
B07VKKLHS6,feature_6f0a36fa35b21879
B07VLJPMWV,feature_a43a4f84ecdffea4
B07VMD7BNH,feature_8fece19cf279530a
B07VMGV3SK,feature_9d534a59c6db23a5
B07VMJR4F8,feature_025c7283b51a2feb
B07VMJR4F8,feature_181db4b137fdcbb6
B07VMJR4F8,feature_2ba3481504980f87
B07VMJR4F8,feature_7e2c92f999c4f069
B07VMJR4F8,feature_de58e042cc10fa3e
B07VN6483K,feature_d2005cc206ccbfde
B07VN6483K,feature_fee5396a36565faf
B07VNSNBMG,feature_3ce7d16c75508ce5
B07VNSNBMG,feature_7ccc59117c74982d
B07VNSNBMG,feature_8b130bd360594ca5
B07VNSNBMG,feature_cf8b2de42abdc356
B07VNSNBMG,feature_fa8c6cbe4c703277
B07VPH13XR,feature_042646f7b6d43f78
B07VPH13XR,feature_9bc332b3fe09c3f4
B07VPH13XR,feature_a331738db100ad8f
B07VPH13XR,feature_b80016564250bc69
B07VPH13XR,feature_eddb3d362d7bb8ef
B07VRD5BQK,feature_1ae0b1316b340e66
B07VRD5BQK,feature_1ce61fbc2f4b5c45
B07VRD5BQK,feature_6d7a8077312c1ac3
B07VRD5BQK,feature_7a53d88658e1c5d0
B07VRD5BQK,feature_eab98ccabaac845b
B07VTRZXF1,feature_0db1a0e96640cb25
B07VTT7ZLW,feature_fe1a3d18c213f72b
B07VWLSNYN,feature_526dbf0cc258ce89
B07VWLSNYN,feature_8c72dfbc002fca2e
B07VWLSNYN,feature_b59892d2138d6095
B07VWLSNYN,feature_bc8eeefbdfce7675
B07VWLSNYN,feature_f07e4955e6d34c24
B07VWRKX93,feature_217c547002d485bf
B07VWRKX93,feature_411ca5182d05cc15
B07VWRKX93,feature_4d88d3a7805380e5
B07VWRKX93,feature_4f944542e06cd6f2
B07VWRKX93,feature_7b36c400dc415144
B07VWRKX93,feature_b172fddebcf4a5ec
B07VXYG8BG,feature_196bfa15bf4e8f4f
B07VXYG8BG,feature_28663654d5242305
B07VXYG8BG,feature_48c3b5e67d7f77d1
B07VXYG8BG,feature_9ce183f4a0165e99
B07VXYG8BG,feature_d8c1ba01935e284e
B07VXZ1MMG,feature_24d3135cae3a1e37
B07VXZ1MMG,feature_49f6552b4d973862
B07VXZ1MMG,feature_626d08e32a56b735
B07VXZ1MMG,feature_9de41e8b7a20270c
B07VXZ1MMG,feature_be91b908e9791b64
B07W1HCNV7,feature_05c4ebd2bf0a7917
B07W1HCNV7,feature_18a991778405777d
B07W1HCNV7,feature_36ee34f13bc2c2b3
B07W1HCNV7,feature_6294218b50ec639c
B07W1HCNV7,feature_bc3393b34b7a2061
B07W1HCNV7,feature_c2b93e5936d69712
B07W1J96ZY,feature_0db1b6f0b499cedd
B07W1J96ZY,feature_3faa271dd6f7aa24
B07W1J96ZY,feature_4ce60d75dddd221f
B07W1J96ZY,feature_555714f3c34d2c0b
B07W1J96ZY,feature_628cbfbc923a8136
B07W1J96ZY,feature_f27c9196c8438bc4
B07W1X3C6X,feature_6d8ec5dc90917616
B07W2VSBHJ,feature_735671fd9ba0d174
B07W2VSBHJ,feature_a428ca36b81254c7
B07W2VSBHJ,feature_cd8d1d84980fa983
B07W2VSBHJ,feature_d49078be923cdcb3
B07W2VSBHJ,feature_ee0d52af893d56cb
B07W4X2PHS,feature_ba8d17385109c689
B07W5S82Y5,feature_07579f9946111e50
B07W5S82Y5,feature_35941dd80b5559b5
B07W5S82Y5,feature_b1649135995800b5
B07W5S82Y5,feature_b71eb22b050e5b56
B07W5S82Y5,feature_e738682a2fa2a224
B07W63PJL8,feature_11cdffbb753bc91f
B07W63PJL8,feature_15c4be629183d758
B07W63PJL8,feature_1e947623148ab701
B07W63PJL8,feature_953bd33bf9c11a23
B07W63PJL8,feature_a4482692a060a4c7
B07W63PJL8,feature_aa59812320f82797
B07W6RZP24,feature_32ddc1b328c3a897
B07W6RZP24,feature_340c65e7f093b09e
B07W6RZP24,feature_c7a5d61f4f169693
B07W6RZP24,feature_f4331d45672a51ac
B07W7W2KQM,feature_a05316d21ebff35f
B07W95JDDR,feature_30fa34e255fb4bf9
B07W95JDDR,feature_6e1fa1e458f78dab
B07W95JDDR,feature_8e0453579dc6485a
B07W95JDDR,feature_b34dab88c9ad151c
B07WCS5Q59,feature_41597a2395514f5e
B07WCS5Q59,feature_82e4aa4b7c0936ec
B07WCS5Q59,feature_8b38d371f9548dd6
B07WCS5Q59,feature_9107e545863b45b7
B07WCS5Q59,feature_ccef23c3833007ab
B07WCS5Q59,feature_dbacf8614dc142b2
B07WFJRRHB,feature_83525791d45c6dbf
B07WFWNC4J,feature_8d1a8937e8ddd3c4
B07WFXB13H,feature_29ed308b39bb605c
B07WFXB13H,feature_4f9f80fc5f97a1a1
B07WFXB13H,feature_781bbcc3bd14ef36
B07WFXB13H,feature_8c0ab1d8ca98aee7
B07WFXB13H,feature_97df91dfe62268d7
B07WFXB13H,feature_d5f91c73625a0037
B07WFXB13H,feature_e8c8162bc62d4902
B07WFXB13H,feature_efb9f79a40a9104c
B07WFXB13H,feature_f2a050350795bfe1
B07WFXB13H,feature_f46316eef71ba2a3
B07WGJRZGB,feature_03d6a194f4b02abf
B07WGJRZGB,feature_4edc44f95fadb759
B07WGJRZGB,feature_4f944542e06cd6f2
B07WGJRZGB,feature_89c3555aa21d1c99
B07WGJRZGB,feature_9cb4622a38ba83ce
B07WGJRZGB,feature_a7d028357653ceaa
B07WGJRZGB,feature_cb8b251e57c75ff6
B07WGJRZGB,feature_e9fdd10ea9129cea
B07WGJRZGB,feature_ebf860ab1919e449
B07WGJRZGB,feature_fe9b2906424a0cae
B07WH1DDMP,feature_409af4c9ccfa0271
B07WH1DDMP,feature_6016363d94e93b75
B07WH1DDMP,feature_6ad5e2f6d9849e83
B07WH1DDMP,feature_808a8046e0114ded
B07WH1DDMP,feature_c2cc978396bd6944
B07WH1DDMP,feature_d0b849601d219932
B07WHGY75L,feature_9cf9dae1df55ef39
B07WHHKJ7Y,feature_64832ed04ef31521
B07WHLZX6D,feature_18b2244182f88ff6
B07WJKQQ9M,feature_4028bfa482ad6bf1
B07WN9CWXH,feature_f5da417561d2a0c4
B07WP4RQW6,feature_218f2cccda910136
B07WP4RQW6,feature_33cc9ffd7568302e
B07WP4RQW6,feature_4803797b30c7e70b
B07WP4RQW6,feature_6ea40ae7da77f500
B07WP4RQW6,feature_828066c81f33ae3f
B07WP4RQW6,feature_834416baee322430
B07WP4RQW6,feature_86b545fa9c8aa268
B07WP4RQW6,feature_afcff7ca0a4a4ddc
B07WP4RQW6,feature_da9808133da5b33c
B07WP4RQW6,feature_e684f73b91a61bfd
B07WP71WNC,feature_0f776a2f51a1d12a
B07WP71WNC,feature_22ec3c3582cc7791
B07WP71WNC,feature_241fb4759f062347
B07WP71WNC,feature_4ce661bc41c250e2
B07WP71WNC,feature_6b7493b5505c36f8
B07WP71WNC,feature_6c0286f65408a322
B07WP71WNC,feature_a0b7f02fd6341ed7
B07WP71WNC,feature_d99fbb756e9bd6f3
B07WP71WNC,feature_e807f44466088244
B07WP71WNC,feature_f92db16a2df9c51d
B07WR2SX55,feature_13ee3e15d933ef12
B07WR2SX55,feature_18ef584f69654610
B07WR2SX55,feature_5e12b882e5479f6e
B07WR2SX55,feature_ce03eadbf8e9f38c
B07WR2SX55,feature_e58dfb77bdd9212c
B07WR2SX55,feature_fa15ac9731ad7cd3
B07WTPTJHT,feature_01e7c0611766c4cb
B07WVBDLG9,feature_36a1b2eaabbeaa40
B07WVBDLG9,feature_4fd928480a4ab0e8
B07WVBDLG9,feature_5cec45280016dca3
B07WVBDLG9,feature_6c9ac046095b5f4f
B07WVBDLG9,feature_95d67b1a2ed88eb8
B07WW2HC25,feature_3fe82e12049f181d
B07WWBYP61,feature_055310e86aa08e7f
B07WWBYP61,feature_1827b31c87a5dc4a
B07WWBYP61,feature_2a1ea7ed9d0ba503
B07WWBYP61,feature_31a71343e309def9
B07WWBYP61,feature_8c58fce9a71a4ef6
B07WXKQBCP,feature_dfb58f90d1f33e00
B07WZJZK56,feature_6341fe97fa988caa
B07WZJZK56,feature_7bea6811b967d1f0
B07WZJZK56,feature_7d2dcfe885614112
B07WZJZK56,feature_aa525bf517541a26
B07WZJZK56,feature_cbcc1449313c358d
B07WZQ5YL9,feature_0696eba543869f8d
B07WZQ5YL9,feature_3879fb51578dba3c
B07WZQ5YL9,feature_79a34277456235d3
B07WZQ5YL9,feature_d7060356a83e18af
B07WZQ5YL9,feature_ee983d89b9139f68
B07X13G3YV,feature_0fcbd81622930d32
B07X13G3YV,feature_52d0da83b9539346
B07X13G3YV,feature_535868cd07f005f8
B07X13G3YV,feature_8a79f1cd2e2d3af5
B07X13G3YV,feature_ad2ef5ecf5e1a109
B07X1TK3VS,feature_05cc3a2994ca4bbd
B07X1TK3VS,feature_07d406c570e62af4
B07X1TK3VS,feature_0ca4f8a793819a42
B07X1TK3VS,feature_3ed1cd36b2d2ef45
B07X1TK3VS,feature_44e4089a1ab16ea8
B07X1TK3VS,feature_61dfd19cdc9be147
B07X1TK3VS,feature_96e51db54315e8a1
B07X1TK3VS,feature_affeb3aa1771f22b
B07X1TK3VS,feature_bb88ea855b49500b
B07X1TK3VS,feature_ebe72a839e970cc6
B07X2Z26NH,feature_e16302bf734c9784
B07X3MRNYM,feature_29b1629686439f2b
B07X3R8Q87,feature_1188372d51c5c653
B07X3R8Q87,feature_7df9ffafcba34a69
B07X3R8Q87,feature_a7eeac0b5c6e2f43
B07X3R8Q87,feature_b3f282465952c1ba
B07X3R8Q87,feature_facb2991b9951d91
B07X4VLHBD,feature_1046af9dc130173c
B07X4VLHBD,feature_14ce4dd947350381
B07X4VLHBD,feature_1f9425ebf5ba38fc
B07X4VLHBD,feature_2268472420691ca7
B07X4VLHBD,feature_a62ccd1366008a72
B07X4VLHBD,feature_ae62485741ae7cfe
B07X4VLHBD,feature_b0fd3493de38572c
B07X4VLHBD,feature_c7adf0b18d4224ff
B07X4VLHBD,feature_e32f7e2a18d49a8b
B07X4VLHBD,feature_ffb164c5f6fa0a9d
B07X4ZSMXF,feature_79c8fc3f892f4021
B07X6K52F8,feature_184f964662405b34
B07X6K52F8,feature_1ed12f4c5c815cf3
B07X6K52F8,feature_294365a3f57b0fa4
B07X6K52F8,feature_d8205ea4a919a776
B07X6K52F8,feature_f1250dfb78d1cd1b
B07X6K52F8,feature_fda5442148354a80
B07X7PMP4K,feature_3062bdbb11f442c2
B07X7PMP4K,feature_5e6385625d385cad
B07X8SRZGT,feature_043d91c7e1a28962
B07X8SRZGT,feature_1cba51355ff623e4
B07X8SRZGT,feature_9450c096d5ae02a2
B07X8SRZGT,feature_a9638817b979a52f
B07X8SRZGT,feature_c06e5d3bc0e2c645
B07X8Z9W22,feature_25d268b465d45d90
B07X8Z9W22,feature_31a8d786973d1ea0
B07X8Z9W22,feature_46ddb80c8d31bd4d
B07X8Z9W22,feature_5bd46ef85f774536
B07X8Z9W22,feature_f9cf2419e6afb988
B07X9VP8B8,feature_317b6601bc0bdcf5
B07XB34H5N,feature_4302c18cb4127ab1
B07XC9FR64,feature_17c275e076fe6208
B07XC9FR64,feature_95b2c13bce80399d
B07XC9FR64,feature_9a09c7cf0271167f
B07XC9FR64,feature_af3aadfead48dd40
B07XC9FR64,feature_d1d7769776e9001c
B07XDCCFF9,feature_22a4c489b2d937dc
B07XDCCFF9,feature_415ddf02f42401ff
B07XDCCFF9,feature_5fa3a227952d9f54
B07XDCCFF9,feature_6413887050a68dad
B07XDCCFF9,feature_bd1c72d6f099d495
B07XJ8NV3K,feature_da4f2d22ea6b838f
B07XJ8NV3K,feature_ea3c9902a5c53d2b
B07XKWJRWQ,feature_0b731a4e49001cd0
B07XKWJRWQ,feature_2efbc0a9c276c66c
B07XKWJRWQ,feature_33169c18883bbba2
B07XKWJRWQ,feature_515768471c55db30
B07XKWJRWQ,feature_5db6980a0d07629a
B07XKWJRWQ,feature_6e2d28abce022edd
B07XKWJRWQ,feature_77ce58dba079a062
B07XKWJRWQ,feature_e2c2b4de0ec8b536
B07XKWJRWQ,feature_ec5306c12a1b78ff
B07XKWJRWQ,feature_f4e0925ccbf5deac
B07XLF51GD,feature_b664130f7dfceb03
B07XLTRSZQ,feature_77707c6a1fdb523d
B07XN27GG9,feature_de645144fef2f626
B07XNGPZNM,feature_ec3ca7903b00ce71
B07XNHXFRC,feature_4cd6fe491e207fb7
B07XPW1K1Q,feature_230426725a2e0255
B07XPW1K1Q,feature_733f100f99db8488
B07XPW1K1Q,feature_76ed155e38510f4f
B07XPW1K1Q,feature_8f0a3728268d54c6
B07XPW1K1Q,feature_e4310ec981802458
B07XPW1K1Q,feature_f2f8053da14a976b
B07XQZ4JSK,feature_16e1b5f248e66a6f
B07XQZ4JSK,feature_73b64c012d82b696
B07XQZ4JSK,feature_b8141a3e37450c9f
B07XQZ4JSK,feature_d5c0d42359d6150f
B07XQZ4JSK,feature_dff7ae4e0370cd5c
B07XSGR3LG,feature_e25f4539be850d8e
B07XSMHV2M,feature_ac98cd7e7f6a34c3
B07XTK84S9,feature_1a7adc10f9d32ceb
B07XTK84S9,feature_32dde7657f9cec5c
B07XTK84S9,feature_35622666db4229e5
B07XTK84S9,feature_8fe8ecbb30632fdc
B07XTK84S9,feature_ac106f730e6676ec
B07XTK84S9,feature_ad5663d6d6c403a6
B07XTK84S9,feature_d8ce4ff8f74616d1
B07XVCGG5K,feature_b68231b03ea1d288
B07XVP3QZY,feature_424b6ce0efdb2583
B07XVP3QZY,feature_5c03e13d51741804
B07XVP3QZY,feature_9072b9e10f2f09cc
B07XVQBRXD,feature_284f789409f1f699
B07XVQBRXD,feature_4fc534c7e3e8885e
B07XVQBRXD,feature_52fd65d18fce909a
B07XVQBRXD,feature_ba10d1cf55e36379
B07XVQBRXD,feature_bcf9bae3df8d79e0
B07XXSQ8LW,feature_81d0bd86acf1e6b8
B07XXSQ8LW,feature_c9ca506738b73019
B07XXSQ8LW,feature_e35c7344bf85e661
B07XXSQ8LW,feature_f7bdd72543825e07
B07XXSQ8LW,feature_fa88887c7b2dd07d
B07XXSQ8LW,feature_fdeb09da51843701
B07XYFH5DZ,feature_4fa9049dcc787426
B07XYJ24QK,feature_eb4c5d06b5e26cf8
B07XYJ24QK,feature_ee4eb7d0d0ab2cd7
B07Y41X3W3,feature_c96ee482026f1f44
B07Y4SYK78,feature_be973c64285a7958
B07Y4SYK78,feature_ce857d7dc42dd40f
B07Y4SYK78,feature_dad248fa8ba2d306
B07Y4SYK78,feature_e81865d88680c8a6
B07Y4SYK78,feature_fc27e0b369ef29bf
B07Y4SYK78,feature_fe8e3d536b21f6b7
B07Y53BQMZ,feature_081a9bd15dbc9821
B07Y53BQMZ,feature_0dcc04b7f8e58dcd
B07Y53BQMZ,feature_23b596ac6bd8f3cd
B07Y53BQMZ,feature_45dab361878e27e9
B07Y53BQMZ,feature_5bb4ab42d9eb484b
B07Y53BQMZ,feature_b430474d6f8a7636
B07Y53BQMZ,feature_cfcbc3da9968fd8c
B07Y53BQMZ,feature_deaa33122d52f767
B07Y53BQMZ,feature_e6b692ea944c2133
B07Y53BQMZ,feature_efe6150d378a62f5
B07Y5G5JYL,feature_401dd67d38b46b43
B07Y5GPFS1,feature_92d95a8a86473285
B07Y5NWDBD,feature_075aa410db680e8f
B07Y5NWDBD,feature_2222fe11ef9aefb7
B07Y5NWDBD,feature_3e92c3f0d5172812
B07Y5NWDBD,feature_6df789f39ab6b8a2
B07Y5NWDBD,feature_bba27a0ff3a15e93
B07Y7T6FQN,feature_4f944542e06cd6f2
B07Y7T6FQN,feature_68165c25c4a90fdf
B07Y7T6FQN,feature_975bdd50a02a4e61
B07Y7T6FQN,feature_b7bbdfa687eceff7
B07Y7T6FQN,feature_c55df66001404e61
B07Y7T6FQN,feature_e64396c96dda52b8
B07Y7T6FQN,feature_e934882997ab54cc
B07Y7T6FQN,feature_e9b7131ffdde4250
B07Y7T6FQN,feature_eb341704c5421e3e
B07Y7T6FQN,feature_fb830ac48e52ccc5
B07Y828JJB,feature_03d6a194f4b02abf
B07Y828JJB,feature_2865a2dd6ba1f9fe
B07Y828JJB,feature_28d35b09792d9890
B07Y828JJB,feature_35aedc184729e15f
B07Y828JJB,feature_4f944542e06cd6f2
B07Y828JJB,feature_76c3d2a9c486e94e
B07Y828JJB,feature_b0a15eae97fc11ec
B07Y828JJB,feature_dccc0d4fdbf4d2b6
B07Y828JJB,feature_e184776cfa1c2e12
B07Y828JJB,feature_e53e6aefc1e15c57
B07Y8R5VY8,feature_53362dd88b5bce08
B07Y8R5VY8,feature_8d2885b0037017db
B07Y8R5VY8,feature_8f46d2203cc263fe
B07Y8R5VY8,feature_a747ec0f162786ca
B07Y8R5VY8,feature_f5216ddb45bddd5e
B07Y8SFC1L,feature_8a710ca3b0596d06
B07Y9CMDQG,feature_6889dfb162c4a54c
B07Y9GC7PF,feature_2dd867a8e3c4cf83
B07Y9GC7PF,feature_302303983a1d9fa6
B07Y9GC7PF,feature_307fab5b5d7be16e
B07Y9GC7PF,feature_4c323a5dde9b29f4
B07Y9GC7PF,feature_6cc464b8d15df591
B07Y9GC7PF,feature_73d11b42481c7516
B07Y9GC7PF,feature_a3c0fd21b804027e
B07Y9GC7PF,feature_b33a9a613025c59e
B07Y9GC7PF,feature_bda12ec7c7612bb3
B07Y9GC7PF,feature_dd9ac25408786756
B07Y9JG82G,feature_29ed36a19c2a8be1
B07Y9JG82G,feature_3dddb67fe7f67fd9
B07Y9JG82G,feature_50782fda873d6a2d
B07Y9JG82G,feature_530a393599527d82
B07Y9JG82G,feature_78139d795b73c7a9
B07Y9JG82G,feature_cb329146a0dd0d56
B07Y9JG82G,feature_d058d7f4e8ccf07e
B07Y9JG82G,feature_d3ce07a2283f746a
B07Y9JG82G,feature_d9860dc47c29ec16
B07Y9JG82G,feature_e930cfdf49f44128
B07YBLFFW5,feature_4a6ecb372e57d655
B07YBLFFW5,feature_9d8651bc88dea105
B07YBLFFW5,feature_b497af27c69abc77
B07YBLFFW5,feature_d39cf36280fb2776
B07YBLFFW5,feature_dc8e11a4a60bf6cc
B07YD6BLJX,feature_13532e410c2c24e3
B07YD6BLJX,feature_39ffc6b63c0993a6
B07YD6BLJX,feature_597e71362adb2e4b
B07YD6BLJX,feature_66da9f401cb35090
B07YD6BLJX,feature_709c665d6d909df8
B07YD6BLJX,feature_73a3b73d38fa678a
B07YD6BLJX,feature_9881ed40c0cb1d98
B07YD6BLJX,feature_9c9a451d14e4dfc3
B07YD6BLJX,feature_9ffd70c959f52d22
B07YD6BLJX,feature_af7bba82a15773a2
B07YDD94GQ,feature_0ce97edfa34abbe3
B07YDD94GQ,feature_89d29ed1d0504a6a
B07YDD94GQ,feature_9e81ff5eba287686
B07YDD94GQ,feature_ab48a5b58e04eee9
B07YDD94GQ,feature_b61c1465b5091c42
B07YFRD9ZH,feature_0cf5f9cdc9bfc5f6
B07YFRD9ZH,feature_6f9b5e403639056e
B07YFRD9ZH,feature_7f15c02040b4e939
B07YFRD9ZH,feature_8acc4c996b5561a4
B07YFRD9ZH,feature_96247d621822d168
B07YFRD9ZH,feature_af2f315360a26eda
B07YFRD9ZH,feature_b172fddebcf4a5ec
B07YFRD9ZH,feature_c1c96e51b2ea2ece
B07YFRD9ZH,feature_dc1112cf3306c6d9
B07YFRD9ZH,feature_fad6d1f416f2f006
B07YG4PRTN,feature_0c16fd4ecc182661
B07YG4PRTN,feature_45fcc78a8389af50
B07YG4PRTN,feature_82e7fe3232713fb4
B07YG4PRTN,feature_ab74b18c6548347d
B07YG4PRTN,feature_b58dd2c6f7c7cb47
B07YHSXJP5,feature_011349833ddf95ab
B07YHSXJP5,feature_2344f16fe73dbfc3
B07YHSXJP5,feature_2a47e596bbc3ed33
B07YHSXJP5,feature_3214caf0f51d3347
B07YHSXJP5,feature_343c278e6d684861
B07YHSXJP5,feature_6f1f90ee0c4dcacd
B07YHSXJP5,feature_a450e1952814240b
B07YHSXJP5,feature_b5ed8acb445f87e0
B07YHSXJP5,feature_bb908cb81468e7e5
B07YHSXJP5,feature_d22d9ea833e70249
B07YL4L81W,feature_414040a929b4ec99
B07YL9XG1S,feature_9e660331d2268dc6
B07YM54GLC,feature_031df17e8c1961a9
B07YM54GLC,feature_2906c7410ed0d725
B07YM54GLC,feature_78ccf522f02e3a8b
B07YM54GLC,feature_cc0779ebbc84034a
B07YM54GLC,feature_de419c42f6449ee5
B07YN2X8HN,feature_b6d6a2e8dc4e23d1
B07YPW9VFB,feature_04f1d8f4502b27f3
B07YPW9VFB,feature_3812f8994233c8c1
B07YPW9VFB,feature_55fa94bbdeb855a1
B07YPW9VFB,feature_9c95a8aa32eab3ab
B07YPW9VFB,feature_a24fef89e49ad06a
B07YQXH9M6,feature_a1c3467631b378cb
B07YRPB99Z,feature_af66710a903949d3
B07YRPB99Z,feature_bed51bb06bd5e7f2
B07YWQZF2V,feature_130b8bdacf024873
B07YWQZF2V,feature_775698d88ed39f7b
B07YWQZF2V,feature_c55073475dde99dc
B07YWQZF2V,feature_c8eeaf80402cd31b
B07YWQZF2V,feature_d83f38ee812440f9
B07YYKZPPX,feature_4f4b482a0202a5ec
B07YYKZPPX,feature_6b6c02368e85fe53
B07YYKZPPX,feature_89defe51682864ec
B07YYKZPPX,feature_edf690569ca32790
B07YZK6787,feature_6934abc6b944fe99
B07Z1PB9HF,feature_12037f486caed1d8
B07Z1PB9HF,feature_4dd1bfa1da5a9a06
B07Z1PB9HF,feature_4f8863c5ad24fb96
B07Z1PB9HF,feature_618a99f770ed75b4
B07Z1PB9HF,feature_6817c698906f8f36
B07Z1PB9HF,feature_8dca28b82aaef47b
B07Z1PB9HF,feature_8f6fb1ff230495e6
B07Z1PB9HF,feature_c9b029d214caffc1
B07Z1PB9HF,feature_e4d503343ffdf342
B07Z1PB9HF,feature_e86824ae90b62f6d
B07Z29R2P7,feature_d516a873662e6394
B07Z354JTV,feature_c6dc710635e41068
B07Z362XXK,feature_fae4aa2f3108a965
B07Z36732X,feature_bb12718a0988ca90
B07Z3675KP,feature_165583374f3ec194
B07Z368LNW,feature_04e41dbfa450504a
B07Z36FF7X,feature_9de89e8776cfb988
B07Z45P1G9,feature_31c2d271f3ae5d5b
B07Z4NZ3M6,feature_156ab576dc60dc44
B07Z4NZ3M6,feature_3a84982420eaf437
B07Z4NZ3M6,feature_4882db819ff7e79c
B07Z4NZ3M6,feature_5ba3af625d412022
B07Z4NZ3M6,feature_61fe25cb82560ce7
B07Z4NZ3M6,feature_eb22f415ca4278e8
B07Z5QSM7F,feature_187d9a5fd4afe788
B07Z5QSM7F,feature_1d427f2b3a5a3984
B07Z5QSM7F,feature_3af6d8b91f193130
B07Z5QSM7F,feature_8e3612ef0c81dc38
B07Z5QSM7F,feature_9a318dad38897a11
B07Z5QSM7F,feature_ca38725d8336414f
B07Z5X8YY6,feature_28018196dd5aa614
B07Z5X8YY6,feature_588b8a5a1d697f64
B07Z5X8YY6,feature_64b8a991263e1db3
B07Z5X8YY6,feature_8338eb10fc6c747b
B07Z5X8YY6,feature_bc28983208d11fd4
B07ZDFP33C,feature_84045b0a784ff2d0
B07ZDP58JQ,feature_1151934cb6269c45
B07ZDP58JQ,feature_1b6104dc25cc9e20
B07ZDP58JQ,feature_4499f49007b4904e
B07ZDP58JQ,feature_b6ee47ebfb4d3876
B07ZDP58JQ,feature_f6f5477383c01503
B07ZG4MF77,feature_95d0bbbd30243f5c
B07ZG4THYZ,feature_5ea7665603aa459a
B07ZG4THYZ,feature_d1abbda5e8650077
B07ZHGNPZM,feature_153140dbb2a46b41
B07ZHGNPZM,feature_489e79389b2edfd9
B07ZHGNPZM,feature_715e9f6185f72d19
B07ZHGNPZM,feature_a1917a06a232edc2
B07ZHGNPZM,feature_d3a225735adf0cdd
B07ZHN8SDJ,feature_e6a80e5c6d250293
B07ZHP2WJX,feature_22576fcb1b6a0586
B07ZHP2WJX,feature_ae1e678ada72e92a
B07ZHP2WJX,feature_c4b96ed43be407aa
B07ZHP2WJX,feature_cb2b8ebfac7dca68
B07ZHP2WJX,feature_e7c4d6cda4b38057
B07ZHP2WJX,feature_f57a3d52e7a9f7a6
B07ZJTB6XB,feature_b0b32c7d0f92fea9
B07ZKB5MTV,feature_18d1cdc01a0495a2
B07ZQ1QXK7,feature_6df9f8eb410af6c1
B07ZQ1QXK7,feature_970b4c60534fb1fb
B07ZQ1QXK7,feature_d910d28750022e91
B07ZQ1QXK7,feature_de67d86ca0a52d83
B07ZQ1QXK7,feature_e04a90db0d2e0008
B07ZQ54GHZ,feature_1dc0861014d10172
B07ZQ54GHZ,feature_4b5a4be5fee00dd1
B07ZQ54GHZ,feature_8f08a6a1f1c94c01
B07ZQ54GHZ,feature_99e9edad46e6d370
B07ZQ54GHZ,feature_cf64fb543f9da9f9
B07ZQ54GHZ,feature_eea4551745a949a1
B07ZQSHBVR,feature_4a51b52ed7dac1a5
B07ZQT14WM,feature_29d5a4427cd8abe6
B07ZVSHZ9L,feature_4b3f82003dff838c
B07ZY7GP8Y,feature_04a44e9a35c4f686
B07ZY7GP8Y,feature_8f8e128c75307d14
B07ZY7GP8Y,feature_a0b47dbce8a07af8
B07ZY7GP8Y,feature_a90373974bc13711
B07ZY7GP8Y,feature_b9164e4b61c43ee7
B0811JMGY7,feature_f346793f9b28cb0f
B0812FYBCG,feature_943afac1446b90ae
B0813XZYZ1,feature_075fb0ae7f4837e2
B0813XZYZ1,feature_4cc8ca02356cc1b3
B0813XZYZ1,feature_6e0e20f5b98e9312
B0813XZYZ1,feature_81fd1c469ff3d46c
B0813XZYZ1,feature_b2ec397f170b07cd
B08172PRXF,feature_2301e19071e7d473
B08172PRXF,feature_a7b5fab0d2d69013
B0817B4DRC,feature_2e20c41c63e221bc
B0817B4DRC,feature_4f944542e06cd6f2
B0817B4DRC,feature_601b1880503e34c2
B0817B4DRC,feature_6744a14f135bcf78
B0817B4DRC,feature_7067829b0aeca258
B0817B4DRC,feature_80830a2b70b221d5
B0817B4DRC,feature_92148eaaad51e670
B0817B4DRC,feature_c42646441ec8ef01
B0817B4DRC,feature_cfdaf1a7b61f0808
B0817B4DRC,feature_e84189fd3ae9604d
B0817DZTH2,feature_b1fe530679e37ab0
B081958WZ7,feature_0563b30be1f1834f
B081958WZ7,feature_164d0c81050b0b4c
B081958WZ7,feature_40f0baf456dbecf7
B081958WZ7,feature_7f2adbbd4ce00f28
B081958WZ7,feature_a6e84e379aae7207
B081958WZ7,feature_a8625e1ba067e30f
B081958WZ7,feature_affb1b2af3e6f55e
B081958WZ7,feature_b95e61a5ae6bccf4
B081958WZ7,feature_c28cd45fe6b400ef
B081958WZ7,feature_fcde0e67be869eb5
B08197RXTQ,feature_3bb44c1ac11479c6
B08197RXTQ,feature_610bc6baf49e3c72
B08197RXTQ,feature_7f6cbf8f412be811
B08197RXTQ,feature_8d5d8f0fd97bf61d
B08197RXTQ,feature_bcef54f0d4cf28a6
B081B7M2GR,feature_94abdfcb38ed5949
B081CK97GD,feature_36b47e43d0814a31
B081CK97GD,feature_704a06998536b2fd
B081CK97GD,feature_9e409f5dc3c5c471
B081CK97GD,feature_de446b931e37ad2c
B081CK97GD,feature_e6c3c6194ee0bb8b
B081CK97GD,feature_e9dce841331f6e42
B081CXY3CY,feature_099676f64e7a8b35
B081D87QCJ,feature_0ddb6f78f0692c33
B081D87QCJ,feature_2bed335eda9c29d7
B081D87QCJ,feature_a20c41e236e31bfc
B081D87QCJ,feature_e73a29e9bf276b77
B081D87QCJ,feature_f7693d847836bbac
B081DG438V,feature_16d2fa8022953b00
B081DG438V,feature_26aa2a51f9750c91
B081DG438V,feature_2865272091f0b073
B081DG438V,feature_350675870c9af106
B081DG438V,feature_457b8303a9cf5315
B081DG438V,feature_63b38bec30a684c4
B081DG438V,feature_6f4993b8fc3432de
B081DG438V,feature_ce23490d4513dff4
B081DJNW3F,feature_1062db61aab8b11a
B081DJNW3F,feature_2897f4b708b7c3f9
B081DJNW3F,feature_3f73b8071d236152
B081DJNW3F,feature_69660667f2e20728
B081DJNW3F,feature_bab55dc8cbc9b9e4
B081DMLK83,feature_11f518af853cf796
B081DMLK83,feature_2786d5878ee1583f
B081DMLK83,feature_414d56709c4d490f
B081DMLK83,feature_513119948ce3c215
B081DMLK83,feature_69f83e09074c8932
B081DMLK83,feature_a1166949349cb39e
B081DMLK83,feature_a603851f954dc628
B081DMLK83,feature_aa70c6d6298264d2
B081DMLK83,feature_c84d20c929306284
B081DMLK83,feature_fce116dae9a4bbc7
B081HX8GT4,feature_e7d37ab3020151d7
B081HYKV8X,feature_d240f89121c06bb5
B081HZ1GHX,feature_e3110b7a40d3bed6
B081HZ1GSR,feature_789defcadbfe554f
B081J4WD6R,feature_a9d6e87f7a39812b
B081LMS6V8,feature_a435efcd97d2346a
B081NGYJJ2,feature_13406909b9e016ba
B081NGYJJ2,feature_42fb386376c1f6e5
B081NGYJJ2,feature_440e9f8c5f55c969
B081NGYJJ2,feature_5a5dc37c6f3eb6fc
B081NGYJJ2,feature_6351c81e88280484
B081NGYJJ2,feature_931de1a9afa3a38f
B081NH5KNB,feature_13406909b9e016ba
B081NH5KNB,feature_42fb386376c1f6e5
B081NH5KNB,feature_440e9f8c5f55c969
B081NH5KNB,feature_5a5dc37c6f3eb6fc
B081NH5KNB,feature_6351c81e88280484
B081NH5KNB,feature_e8b9df98131e83c1
B081PS98JF,feature_07075a104d3a4889
B081PS98JF,feature_716e0ef1892624bb
B081PS98JF,feature_73033636cbec8dc4
B081PS98JF,feature_886298ba56ffe9ed
B081PS98JF,feature_b6c9d4cf671d3fcc
B081QT38P8,feature_5942a51ceb5d85c9
B081QT38P8,feature_9ff79fe1066dbe98
B081QT38P8,feature_b8b50e54286dd32d
B081QT38P8,feature_bb1359eed4fa7616
B081QT38P8,feature_d5bade1dda0ff8a4
B081QT38P8,feature_d91f83098d53b8be
B081QT38P8,feature_ed7d752eb2c85a37
B081QT38P8,feature_f0d58fff437acb27
B081QT38P8,feature_f87d997bcae1a392
B081QT38P8,feature_fcd4373a5b2de028
B081RWMHPS,feature_24f176ec5936f1e4
B081S85MK3,feature_fd5f5a510c6be725
B081S8CL2X,feature_a8a88b59463513ed
B081V4JG57,feature_ea11bd527288f7ce
B081VSM7L8,feature_1a0b285117a73987
B081VSM7L8,feature_2f867484a3a7fd44
B081VSM7L8,feature_42b177f5507e0837
B081VSM7L8,feature_5534516da41f6364
B081VSM7L8,feature_87a4e9691ad44523
B081VSM7L8,feature_acda16467f3cacf2
B081VSM7L8,feature_e61bc9f139163af2
B081VSM7L8,feature_e750c2a670967833
B081W75PZK,feature_f353658c86cbdbe4
B081XD2HRD,feature_2dafe55c991bf03a
B0821P6QSG,feature_043144636fa32126
B0821P6QSG,feature_1bf041d270d12338
B0821P6QSG,feature_762582b05a2dfe54
B0821P6QSG,feature_bc1159a08ed0614f
B082245PK2,feature_04549e53f8d164dd
B082245PK2,feature_5551730b255402d8
B082245PK2,feature_902764206c66b4e5
B082245PK2,feature_9d5d73f07d2e4197
B082245PK2,feature_beabd314db6d75a9
B082245PK2,feature_df4399cdac5b9ce3
B08233HP1P,feature_07e907c56cb1d1d8
B08233HP1P,feature_1cc3efeebafb0147
B08233HP1P,feature_4e4e8bfa98bfd7a6
B08233HP1P,feature_5e3c3b2dff2475e0
B08233HP1P,feature_8223872337c6c2f1
B08233HP1P,feature_fff1eedb8945d486
B0823DKFXH,feature_6ab2a0f74982b39a
B0825969HJ,feature_bea665f25af4ef06
B0825RZQ82,feature_30ac3ef5f3551244
B082715N8K,feature_65ea34559e5b4a11
B0828B2WRZ,feature_2531feb68279a104
B0828KJHNX,feature_19772ac279d94555
B0828KJHNX,feature_32b2d8182a7dce8b
B0828KJHNX,feature_6bfe99dc94889456
B0828KJHNX,feature_ac5ac89a5562ff36
B0828KJHNX,feature_af24768733c25524
B0828RW55R,feature_1b4b40ad4dfeac13
B0828RW55R,feature_4e0a8cb49be03c25
B0828RW55R,feature_7685c98e4a70ce50
B0828RW55R,feature_b7e2b0d700de2d69
B0828RW55R,feature_ba044bbd69913a9e
B082BJYV38,feature_894baa447932285e
B082CHH56C,feature_163e477389b12126
B082CS6LTP,feature_23fa57d241fba4a6
B082CS6LTP,feature_5ebe373f33fe249c
B082CS6LTP,feature_7aa961db71128e8a
B082CS6LTP,feature_b92c568da707ec27
B082CS6LTP,feature_d00696d7ecad75fa
B082DPZN9J,feature_12e5723279ae1d7d
B082DPZN9J,feature_3d4cb73db78c820a
B082DPZN9J,feature_cf9cf4cb93b37b02
B082DPZN9J,feature_ef25c8a3e7cf5ef8
B082F1C5LQ,feature_5612aab9a71edd2b
B082F1C5LQ,feature_65d8ffe87877e8a5
B082F1C5LQ,feature_7204d9a5f1198ea5
B082FQP5ND,feature_4e4109c1bd3ea010
B082G1MMRV,feature_46c4017611cad98f
B082G1MMRV,feature_93308408b9c52928
B082G1MMRV,feature_befabd93f110fc36
B082G1MMRV,feature_c00233f23d866d14
B082G1MMRV,feature_efd09a233d922582
B082G1MMRV,feature_f97bd2b473aecda7
B082GHZFB6,feature_e53bf0062f59823d
B082H4WX2L,feature_2b91c7f58b121a53
B082H4WX2L,feature_cfcf3219cff7d6d2
B082K3KKNJ,feature_14529c8d2cb554e2
B082K3KKNJ,feature_29e538c3523cd28a
B082K3KKNJ,feature_2e273d3895e86b1e
B082K3KKNJ,feature_3a62bcd60129653b
B082K3KKNJ,feature_83a535d86cdf9929
B082K3KKNJ,feature_96fd777c79bae535
B082KYQM2V,feature_1d15fa1d68416cbe
B082KYQM2V,feature_3c1511a34388fdbb
B082KYQM2V,feature_44e81e8132472a5e
B082KYQM2V,feature_947b5fe2ee2e8894
B082KYQM2V,feature_b342efde784bc12f
B082KYQM2V,feature_c0487c778b244f5b
B082QQBPFB,feature_83a75b25bda17ae8
B082QZDR7R,feature_a39bd7922c90febe
B082QZDR7R,feature_c408e58e022a1ffa
B082QZDR7R,feature_c699c73cf32e63f7
B082QZDR7R,feature_d6a33fcd1c6f9de0
B082QZDR7R,feature_f87a1c09123206ee
B082S1T4KP,feature_47380a982f230527
B082S1T9T2,feature_1a5b2ee93fd76e8b
B082S1T9T2,feature_2ab2790087013b58
B082S1T9T2,feature_3ea2b0922a98fae0
B082S1T9T2,feature_446294011e72672a
B082S1T9T2,feature_46fd7c64d582bd94
B082S1T9T2,feature_8169a06d5de52bf4
B082S1T9T2,feature_b9dbe182da203397
B082S1T9T2,feature_c00c496e35acee2b
B082S1T9T2,feature_d76463a6f9d157b7
B082S1T9T2,feature_f6f6d455a141e39f
B082SZBH3V,feature_5ba6138392095613
B082SZBH3V,feature_d362b9561cd8e88f
B082SZBH3V,feature_dd8608b26dea12fe
B082SZBH3V,feature_fd57ecb2a06af93e
B082SZBH3V,feature_ffc8150d3006d340
B082TW3YFH,feature_0be6558d11c41811
B082TW3YFH,feature_5070075a7c2f8b41
B082TW3YFH,feature_c5569bfa25607ad2
B082TW3YFH,feature_df62667bd896f3b5
B082TW3YFH,feature_fa535db5c9ba4f0c
B082V7WKRR,feature_17a00e39f636e863
B082V7WKRR,feature_4a3b1b4598364d61
B082V7WKRR,feature_541c77a75bbd2ac6
B082V7WKRR,feature_5c0f0d709debead7
B082V7WKRR,feature_6ccfb843348472e2
B082V7WKRR,feature_b32aa75cfd4e3797
B082V7WKRR,feature_e3bafdf7af8c0073
B082VNJDXG,feature_f1cb9b1889aebf3d
B082VWBP67,feature_4369ca0094502f2e
B082VWBP67,feature_5107ef7edc7be554
B082VWBP67,feature_587af4a5ecee9ed9
B082VWBP67,feature_9cba72f42a1ffd95
B082VWBP67,feature_f98b43c8b390cf20
B082WGKWWF,feature_0c8f0646d4e64d92
B082WGKWWF,feature_0de73752a4a8df57
B082WGKWWF,feature_20c879e610ec07bf
B082WGKWWF,feature_2251f1d7b9f57dfb
B082WGKWWF,feature_96b1e78d6766bcb8
B082WGKWWF,feature_bb5f70c03247fd72
B082WGKWWF,feature_c05f315ddaaf64cc
B082WGKWWF,feature_e97f6e4511dcf14d
B082WGKWWF,feature_f359f2ad21b15fea
B082WGKWWF,feature_facfbf4097fe2dcc
B082XHLYZ5,feature_0164f2ef4f2beb80
B082XHLYZ5,feature_050d69c8ed133191
B082XHLYZ5,feature_226cb8bf06287dbc
B082XHLYZ5,feature_6828a4080cf21ac9
B082XHLYZ5,feature_ac43f0edc9f93acd
B082XHLYZ5,feature_af44fea4f62aedfe
B082XHLYZ5,feature_b074713de771944d
B082XHP1FH,feature_1bb1eb02e96ee885
B082XHP1FH,feature_4f3bf9a1ef7992a1
B082XHP1FH,feature_71431e7f567bf638
B082XHP1FH,feature_c7cabfae43269f09
B082XHP1FH,feature_d1016813f53161a8
B082XHP1FH,feature_ed9f046c37364b89
B082Y4K56C,feature_011349833ddf95ab
B082Y4K56C,feature_2344f16fe73dbfc3
B082Y4K56C,feature_2a47e596bbc3ed33
B082Y4K56C,feature_3214caf0f51d3347
B082Y4K56C,feature_343c278e6d684861
B082Y4K56C,feature_6f1f90ee0c4dcacd
B082Y4K56C,feature_a450e1952814240b
B082Y4K56C,feature_b5ed8acb445f87e0
B082Y4K56C,feature_bb908cb81468e7e5
B082Y4K56C,feature_d22d9ea833e70249
B082YF5CXZ,feature_d8188b4efb6d28ab
B082YF5CXZ,feature_ec97e034575130fc
B082YYQJ37,feature_03d6a194f4b02abf
B082YYQJ37,feature_34bb61fd201af8fd
B082YYQJ37,feature_491201b52365d7b5
B082YYQJ37,feature_65274e5de0221f21
B082YYQJ37,feature_8dfb219f6e17fd30
B082YYQJ37,feature_970d5cbc31716df7
B082YYQJ37,feature_9746e24ce4315313
B082YYQJ37,feature_b33dc6f1a8215e89
B082YYQJ37,feature_f8ed9616694f472a
B082YYQJ37,feature_fc3192cea8b79b69
B082ZBXQ3P,feature_ef5f3e70673eff32
B082ZPSCC2,feature_812b7728642b6f67
B082ZZZZ9W,feature_1061fd3d5385cbc1
B082ZZZZ9W,feature_331e825811510cec
B082ZZZZ9W,feature_76e361384ce64140
B082ZZZZ9W,feature_c705a1738c766fb8
B082ZZZZ9W,feature_ef44fc6949d2adc1
B082ZZZZ9W,feature_f093c1c5f89a0e79
B08333SX2X,feature_03d6a194f4b02abf
B08333SX2X,feature_273d344b3a82b35e
B08333SX2X,feature_3280d52eaf3ce871
B08333SX2X,feature_377e4b54197c12ba
B08333SX2X,feature_4f944542e06cd6f2
B08333SX2X,feature_bb59461d76d1c335
B08333SX2X,feature_bf86fb3707159e24
B08333SX2X,feature_f5c75acf07d3c641
B08333SX2X,feature_f785cd772bc92e6d
B08333SX2X,feature_f7e44734192f6516
B08339WQLR,feature_d13b718f8d354bf1
B0834ZH4MW,feature_13fce2bc0a0b32dc
B0834ZH4MW,feature_533756235211c1bd
B0834ZH4MW,feature_6d358db7ec96cf8b
B0834ZH4MW,feature_bfe5280f2704119d
B0834ZH4MW,feature_e0e19cc159d94110
B0836Z4XPH,feature_31b622c7342c1725
B0836Z4XPH,feature_51430c4e81735a91
B0836Z4XPH,feature_c117f5e5b8492690
B0836Z4XPH,feature_c9b8eadab0b45c27
B0836Z4XPH,feature_f32a1fe17b9593c1
B08378WVBJ,feature_2095aeeb00c41719
B08378WVBJ,feature_4d8d687bd72135d8
B08378WVBJ,feature_5a0e03aa9f67979e
B08378WVBJ,feature_7ba20db411630675
B08378WVBJ,feature_9b1d58b83b0258d2
B08383FHW2,feature_05f1d9db802ef000
B08383FHW2,feature_2a9b78dc58605717
B08383FHW2,feature_95366ff65fc3ffd0
B08383FHW2,feature_f24a34020b38fd21
B08385XRLH,feature_05db6a767c25eb28
B08385XRLH,feature_590f6a371a3501b4
B08385XRLH,feature_65b0c5c747c4bb88
B08385XRLH,feature_6702369c38f986eb
B08385XRLH,feature_6d12b3bc782dee24
B08385XRLH,feature_73bad7fd2d4ceeb5
B08385XRLH,feature_7d937a39a328c67a
B08385XRLH,feature_b961deed524c758e
B08385XRLH,feature_c8da2db1dd35ea8b
B08385XRLH,feature_d55299a84d877f18
B083C5D4Q9,feature_22f36ced9a6b9636
B083C5D4Q9,feature_38694279fbff0f7a
B083C5D4Q9,feature_395d239b0a98e21c
B083C5D4Q9,feature_6c5c90e8dfd7cbf0
B083C5D4Q9,feature_df2a80e5a80c0cfe
B083C5D4Q9,feature_ffc2d72012ac4036
B083DFCQ3M,feature_011349833ddf95ab
B083DFCQ3M,feature_2344f16fe73dbfc3
B083DFCQ3M,feature_2a47e596bbc3ed33
B083DFCQ3M,feature_3214caf0f51d3347
B083DFCQ3M,feature_343c278e6d684861
B083DFCQ3M,feature_6f1f90ee0c4dcacd
B083DFCQ3M,feature_a450e1952814240b
B083DFCQ3M,feature_b5ed8acb445f87e0
B083DFCQ3M,feature_bb908cb81468e7e5
B083DFCQ3M,feature_d22d9ea833e70249
B083DZHCLG,feature_792746dc2de2b24a
B083GH1FMJ,feature_0a36a699d3aadc56
B083GLRQX7,feature_09892b530f8e6755
B083GLRQX7,feature_2f9af04202bea020
B083GLRQX7,feature_346bd3679c3db7dc
B083GLRQX7,feature_5e3ad77b25469200
B083GLRQX7,feature_72fb22040802f08b
B083GLRQX7,feature_73c63f36d491ac15
B083GLRQX7,feature_9b4fb0a9f31fcec4
B083KL4VTC,feature_12d6ea91975d91bd
B083KL4VTC,feature_1d05fca6230d11d5
B083KL4VTC,feature_57608b97bf5c9490
B083KL4VTC,feature_71490c1509a68151
B083KL4VTC,feature_724f78987d254821
B083KL4VTC,feature_88acee9a39ac8601
B083KL4VTC,feature_89ef61b3e1cd45bf
B083KL4VTC,feature_bfe97f01355318ad
B083KL4VTC,feature_e5372d8747a167e7
B083KL4VTC,feature_fce90c510a3ce6ee
B083LCDKFM,feature_4c6419aa74f8ee02
B083LCDKFM,feature_cc82e65e506bfa32
B083N9W4LJ,feature_0c87058c9fc4ee72
B083N9W4LJ,feature_34d07e3e0f72af46
B083N9W4LJ,feature_36929fd40fe4841c
B083N9W4LJ,feature_605e72dde4b46183
B083N9W4LJ,feature_be2e898b79fc458b
B083N9W4LJ,feature_f0e8fd22cc52f5f7
B083NN9DQ3,feature_c1c1671d1babd9c6
B083NNB81S,feature_0c87058c9fc4ee72
B083NNB81S,feature_34d07e3e0f72af46
B083NNB81S,feature_36929fd40fe4841c
B083NNB81S,feature_605e72dde4b46183
B083NNB81S,feature_be2e898b79fc458b
B083NNB81S,feature_f0e8fd22cc52f5f7
B083PTGLMF,feature_f11a7a20c9021d01
B083PVBPMJ,feature_09205517dc207e90
B083PVBPMJ,feature_10bfdce6e3ba6a7c
B083PVBPMJ,feature_911941dcfbd1126d
B083PVBPMJ,feature_f1cf271bd2f133d0
B083PVBPMJ,feature_fe063bd1a6c38744
B083Q4SQ4P,feature_a1058c8fcb33bfc2
B083R7JHWV,feature_03f5870922dee4e1
B083R7JHWV,feature_04a7eb9150d80eb1
B083R7JHWV,feature_2e41d458865c2073
B083R7JHWV,feature_393ddcf4ea018839
B083R7JHWV,feature_4f944542e06cd6f2
B083R7JHWV,feature_577fbfd60b84d8c8
B083R7JHWV,feature_bc0ab9e1f7c20608
B083R7JHWV,feature_cceb660537e86794
B083R7JHWV,feature_e4c126d873f74bba
B083R7JHWV,feature_f5099dca9cc66a1e
B083RLBYSW,feature_3143a731c90e6e61
B083RLBYSW,feature_5766c30977d4d0d7
B083RLBYSW,feature_91082dadbbbe9ab6
B083RLBYSW,feature_982ab0a4ae506255
B083RLBYSW,feature_bf6d270c5deefa51
B083RLBYSW,feature_d69974dd47aa625b
B083RLBYSW,feature_daaa137f5399d0df
B083RLBYSW,feature_e0fd51442f7b1cd3
B083RLBYSW,feature_ef316ca77c37bacb
B083RLBYSW,feature_fe81cc1d5863f13c
B083SNZBY9,feature_99a45c13c2bbb1dc
B083THCBH2,feature_8edbaa18f99fcb74
B083TNJ4HX,feature_1509887fc3282a39
B083TPC3HN,feature_204e143c5f97d0f2
B083TQ29WP,feature_9a04d814eef7d72f
B083WFDQGC,feature_49513a47f5cacbac
B083WFDQGC,feature_84686fc28b1cffe9
B083WFDQGC,feature_9067a40989a2295e
B083WFDQGC,feature_fc5923bb2fa17eb8
B083X5Q44Z,feature_1a55572c062be4e4
B083Z3YWYN,feature_87642220853cd229
B083Z4WVZL,feature_deb9972d91537c1d
B083ZMP89W,feature_2192f345c99777c9
B083ZMP89W,feature_2e5f78c7ee0b3698
B083ZMP89W,feature_469e8c010930b2b0
B083ZMP89W,feature_60cb428d519461a4
B0841RR4JF,feature_002d760e1037b5e0
B0841RR4JF,feature_0b7eb17c0d091ae1
B0841RR4JF,feature_27fd56fcd2eed721
B0841RR4JF,feature_2ad863a2b1237936
B0841RR4JF,feature_cf5b7fb97ecc3c95
B08424XHT3,feature_02a8f185fda732d8
B08424XHT3,feature_c1f0a3c986738a69
B0842XJLVZ,feature_d87a530346de5850
B0842XJLVZ,feature_db9807b484dd28c0
B0844SHSQF,feature_8fd4651c1beb5ad2
B0845MBD2X,feature_e89d876faffb26a5
B0845NP8L7,feature_23d1e24723038a36
B0845PVDMK,feature_52d438a655ca427f
B08469K824,feature_77268d9c8aa2f42f
B0846S1P6C,feature_cc9f4c167b877fce
B084BQHV6G,feature_0cdaf2911625e240
B084BQHV6G,feature_1e65781ba87fdf2d
B084BQHV6G,feature_60bbad604eae11bd
B084BQHV6G,feature_7491f3c86e8264eb
B084BQHV6G,feature_809a075250decedf
B084BQHV6G,feature_a8bd41ae7549ff4a
B084BQHV6G,feature_b66b142483cae237
B084BQHV6G,feature_d758670e23740049
B084BQHV6G,feature_e011ff906e8e9f56
B084BQHV6G,feature_f22d864c8ae5c9b9
B084C5TMT3,feature_edee2914b57a3343
B084CTFH2F,feature_311cee2904bfdc8d
B084CTFH2F,feature_6bccd210770337a0
B084CTFH2F,feature_99dffa8014a1e24f
B084CTFH2F,feature_c28ebd3e9407494f
B084CTFH2F,feature_d9ee026e5c00a43e
B084CTFH2F,feature_ec1a31e635ae4dad
B084CYD45C,feature_03efdbf7fcfedc27
B084CYD45C,feature_9f23e57fd6f84099
B084CYD45C,feature_a56599cb55238f2f
B084CYD45C,feature_c71127d171e5fd7f
B084CYD45C,feature_fa97b2a06754c52f
B084F1R1FD,feature_df2beadf7240c652
B084FLK26T,feature_3ceb1000a5c86684
B084FPGPHJ,feature_49f781e800eb3d6f
B084GFD9VC,feature_3280ebe9bead3bb3
B084GFD9VC,feature_464004e0e479c65b
B084GFD9VC,feature_62ccaa088fbde0dc
B084GFD9VC,feature_d87f21b2df910e2b
B084GFD9VC,feature_ec2bb012cb526a7f
B084GG9VYC,feature_7d4144a7bd65106a
B084GG9VYC,feature_918842ca2a7d7c6b
B084GG9VYC,feature_b0f7b70a133830f9
B084GG9VYC,feature_c2ad8f430580c09f
B084GG9VYC,feature_c548d0cf07d855b7
B084GG9VYC,feature_fbae8dc13977a531
B084JDMGTK,feature_5f73cc2a2a16c2bd
B084JDMGTK,feature_5f847587d385ec0e
B084JDMGTK,feature_9981b2f1edca80d7
B084JDMGTK,feature_b12ef7ac545be8d6
B084JDMGTK,feature_ba51a675516cf512
B084JLBN7C,feature_01fbbb0fc8d2ba98
B084JLBN7C,feature_530f7c6aa056856f
B084JLBN7C,feature_7e8ce84eff0758cf
B084JLBN7C,feature_80302b7136162b74
B084JLBN7C,feature_a4954c27ceadbb15
B084JP7W8G,feature_fc18977a4d0d36c3
B084JT7MR6,feature_91678bdd4a2a51e7
B084KHRW84,feature_2cd711014b5f2ea0
B084KNBFBY,feature_135bb88674457f12
B084KVYFPP,feature_3f594ab236295ae2
B084LPLQ41,feature_1b697e402301e3c2
B084MBQ45S,feature_2fbd573cb0f896d4
B084MBQ45S,feature_3bdbda78f2aad2c3
B084MBQ45S,feature_558e847dcdd3d314
B084MBQ45S,feature_99064af7a63cfd1e
B084MBQ45S,feature_f81803bc175d8e82
B084MBQ45S,feature_ffff6b31c3d53f9a
B084P1JPPN,feature_e55243690e6c12ca
B084P9HCB4,feature_3fc539a714cdd13e
B084P9HCB4,feature_4ecdf61af5186375
B084P9HCB4,feature_8a1741079264171a
B084P9HCB4,feature_936b09e3af05365b
B084P9HCB4,feature_af5ad581f280d61c
B084P9HCB4,feature_df2a556c165f880f
B084P9HCB4,feature_dfe483eaf2f77165
B084P9HCB4,feature_eb0930fa52c67684
B084P9HCB4,feature_fc1605229ef305ac
B084RDHF5V,feature_15df8e26816889b4
B084RDHF5V,feature_271debf428482b71
B084RDHF5V,feature_4d03bc7baf2b41f4
B084RDHF5V,feature_58e5a903d550213e
B084RDHF5V,feature_942074ba3523b0cb
B084RDHF5V,feature_bdaf6af3e203ee3d
B084RDLXV8,feature_0cc9cd9b87ccae5a
B084RDLXV8,feature_0dd73ec89573f43f
B084RDLXV8,feature_1ca7469ac2cce41d
B084RDLXV8,feature_3b0ff66b6d11ea00
B084RDLXV8,feature_49cef8c8d1e9aa5e
B084RDLXV8,feature_e809e6ede8cf25d7
B084Z6VB6R,feature_03d6a194f4b02abf
B084Z6VB6R,feature_27ca6db4d9497e81
B084Z6VB6R,feature_3be19aa89f9a372c
B084Z6VB6R,feature_3e81e4f87a89160a
B084Z6VB6R,feature_3f5690579bcc8c00
B084Z6VB6R,feature_64744e87fe4722ea
B084Z6VB6R,feature_86b083f6f1a70aff
B084Z6VB6R,feature_a6ea18b174351124
B084Z6VB6R,feature_ded80492b3abeb36
B084Z6VB6R,feature_ed034adcc74a2e11
B0851V7B9S,feature_bf67dbf9383213ad
B0852ZYWJ4,feature_0d29d2069bf8a589
B0852ZYWJ4,feature_48d81cbbbf93ea27
B0852ZYWJ4,feature_4f944542e06cd6f2
B0852ZYWJ4,feature_68feb5c3e7df7f91
B0852ZYWJ4,feature_7a4273338c5f221d
B0852ZYWJ4,feature_8b9ef627e5308bd4
B0852ZYWJ4,feature_971216672093e51d
B0852ZYWJ4,feature_b172fddebcf4a5ec
B0852ZYWJ4,feature_cb329146a0dd0d56
B0852ZYWJ4,feature_fa76c9370eabc336
B08543WQLC,feature_b614305ea578d03a
B0854JLM3J,feature_10c4ec99f9efc250
B0854JLM3J,feature_14ce3207c80996ea
B0854JLM3J,feature_750dc06d8119dd40
B0854JLM3J,feature_8ea76627bf50a689
B0854JLM3J,feature_a605ea26e442f78f
B0854JLM3J,feature_a9bccf39ace50f43
B0854JLM3J,feature_bad78d6fed9d5a04
B0854JLM3J,feature_c8895523414ca43a
B0854JLM3J,feature_e30968766a1ec97d
B0854JLM3J,feature_fb3f1110da083ce6
B085878963,feature_3f4ea157ba91ae0c
B085878963,feature_6afa083e99f1dd50
B0859K6QZ1,feature_ac5b0c0aebedecf6
B085BW6S6X,feature_1524fce3c6eb8acb
B085BW6S6X,feature_5f50bd625fa6cafb
B085BW6S6X,feature_61ceb541da7eec80
B085BW6S6X,feature_f3e3078bd159a404
B085CG8X9T,feature_2a21e386124c0936
B085CG8X9T,feature_75b08aafb9d623f3
B085CG8X9T,feature_838d453cb4a5d989
B085CG8X9T,feature_8657688461b417ec
B085CG8X9T,feature_cd7fba665a7778c8
B085CG8X9T,feature_d9d2996e30c62ca4
B085CG8X9T,feature_e0caf6c8f50598dd
B085CG8X9T,feature_f3873412d5ff4038
B085FSLSSZ,feature_81ffd847cf4c15d8
B085FSLSSZ,feature_d2c1422a1984d481
B085PZBPVC,feature_2371ceeefc00cc5c
B085SZHSDQ,feature_adfccb2d60087606
B085VSKGYH,feature_09205517dc207e90
B085VSKGYH,feature_10bfdce6e3ba6a7c
B085VSKGYH,feature_353b56664ab8d0b4
B085VSKGYH,feature_a62d2f980ed70121
B085VSKGYH,feature_fe063bd1a6c38744
B085WM34YM,feature_6a21382c97a721d9
B085XYCJY3,feature_392e663636073cf5
B085Z796S6,feature_0f4c6343c9c7f7d8
B085ZTB1GM,feature_0120a411df25ea9d
B085ZTB1GM,feature_31added9b5c50afe
B085ZTB1GM,feature_9858f187180b5bad
B085ZTB1GM,feature_a244901795fad0b8
B085ZTB1GM,feature_a299a07d8db69039
B0862BZYQP,feature_0412adcef079f89e
B0862BZYQP,feature_18cb1dbe6c3d5a32
B0862BZYQP,feature_597190232cc0f01b
B0862BZYQP,feature_8e1960a8d92b1108
B0862BZYQP,feature_a7b6aafea6b49ed5
B0862BZYQP,feature_c1d0da9c304a2fb1
B0862BZYQP,feature_ca36bd0d31113a34
B0863CRCMT,feature_4b63cb1a338ee5ca
B0863D4N9L,feature_0cc8d189650ccea2
B0863D4N9L,feature_3ad57551ab52a9c8
B0863D4N9L,feature_6b89e372315a3e46
B0863D4N9L,feature_a42050baccd1fd50
B0863D4N9L,feature_b9fca1812594a810
B0863D4N9L,feature_f13a9b15fdf3ecde
B08643W68Q,feature_b107c119e1f3c03c
B08643W68Q,feature_d5137cafadd56de7
B08665V1RQ,feature_2004ebeb5c3859c0
B0867FF3TT,feature_87ea24af50affd48
B08693F5FN,feature_1b7673861c6476e6
B08693F5FN,feature_4b948517a95e2413
B08693F5FN,feature_75777a4b5c21b22a
B08693F5FN,feature_898547f109496d2a
B08693F5FN,feature_b1b159c309f1058c
B086BNJ3YK,feature_064f24070ad80073
B086BW6XQ2,feature_1b7673861c6476e6
B086BW6XQ2,feature_4b948517a95e2413
B086BW6XQ2,feature_75777a4b5c21b22a
B086BW6XQ2,feature_898547f109496d2a
B086BW6XQ2,feature_b1b159c309f1058c
B086G6X92L,feature_67f1471b333462d2
B086H1SDW2,feature_5f42f29cd27a406f
B086H1VGC9,feature_0a598663f73f0ef7
B086H4C8QB,feature_12b34879605ce8f2
B086H4C8QB,feature_9b4ce6d3e770ac29
B086H4C8QB,feature_f7589758045cede6
B086H4C8QB,feature_fbea5fc0fcbdeb6a
B086HRN773,feature_a7807765ce250de4
B086JDDTKR,feature_2a34a8b9eca0bb13
B086JDDTKR,feature_5a24b6b2dec1224b
B086JDDTKR,feature_86849e054a48afe9
B086JDDTKR,feature_b57a33d16875618f
B086JDDTKR,feature_c7d164e4bff53b0d
B086KTMXCV,feature_3e8798df24a7849d
B086L1RNNH,feature_380ce4c51a12c2f5
B086L1RNNH,feature_669088ae58ebd5d4
B086L1RNNH,feature_7d3b128303c22697
B086L1RNNH,feature_c532f96d73d80ee5
B086L1RNNH,feature_d39b7a86b157ce52
B086L32587,feature_062601f11a391052
B086LKGHZG,feature_0686df8a46168ddf
B086LKGHZG,feature_2d7f6f25a4d945fc
B086LKGHZG,feature_4228d2088f93abeb
B086LKGHZG,feature_49d961f3b8939ff7
B086LKGHZG,feature_4d34cf650a018951
B086LKGHZG,feature_8a778543182a0f8e
B086LKGHZG,feature_90c2c89e82fecf57
B086LKGHZG,feature_9b92878881099405
B086LKGHZG,feature_d98b7ee47b0eea46
B086LKGHZG,feature_f6a2ceb3801e4689
B086N3KP81,feature_b078c12fd979b246
B086Q8R3B2,feature_3455fa4ce61d19db
B086Q8R3B2,feature_6ad54bb64a56b9c3
B086Q8R3B2,feature_885edae463880c9c
B086Q8R3B2,feature_9b371060a5c683a7
B086Q8R3B2,feature_a0954a8a665c5d2c
B086SK1MYS,feature_0b01268d1915f8bd
B086SK1MYS,feature_0e0664e097010df8
B086SK1MYS,feature_1853f344ed967d11
B086SK1MYS,feature_2208bc02f0050259
B086SK1MYS,feature_dd49059461696789
B086T29Q9W,feature_6ce1032423915c7e
B086W9FRGZ,feature_03d6a194f4b02abf
B086W9FRGZ,feature_24dde36846b0799a
B086W9FRGZ,feature_450c08a7fcc6577f
B086W9FRGZ,feature_920d8e83e262ffa0
B086W9FRGZ,feature_9311be43eb718c8d
B086W9FRGZ,feature_a5634e018df624f0
B086W9FRGZ,feature_af0fa2fd99c176b1
B086W9FRGZ,feature_c49af910d8f7eaf6
B086W9FRGZ,feature_ee4f7101b4cd1319
B086W9FRGZ,feature_f63b1c8543731650
B086WBJBHZ,feature_02329505c459cba5
B086WBJBHZ,feature_03d6a194f4b02abf
B086WBJBHZ,feature_24b67babb87925bb
B086WBJBHZ,feature_26a0b666e62d68e2
B086WBJBHZ,feature_750825423dffda2f
B086WBJBHZ,feature_7d980c38f0cc3f73
B086WBJBHZ,feature_84dc7f1f3af76ae8
B086WBJBHZ,feature_a744d91e50d5bfd7
B086WBJBHZ,feature_b5489075be2c1997
B086WBJBHZ,feature_c08e5ce88a4d5e01
B086YK6SN4,feature_02827209f4823e7a
B086YK6SN4,feature_290ac39bfb44efd6
B086YK6SN4,feature_52d1fc34dacdda4c
B086YK6SN4,feature_6b7034d11a08c92c
B086YK6SN4,feature_abc764f8065848c3
B086YPYH1N,feature_148cb2a7f10b09e9
B086YPYH1N,feature_2d34d3f40546bd57
B086YPYH1N,feature_64066a142aaaa3f7
B086YPYH1N,feature_f4320b903401343d
B086YPYH1N,feature_f948a6ce0c2720a3
B086YQ672J,feature_1cbb1b9ceb7920cc
B086YQ672J,feature_706cb28c4f102597
B086YQ672J,feature_861384305bda0b3e
B086YQ672J,feature_9364566670fbe0af
B086YQ672J,feature_ac3154a14be4475a
B0872RBCJ5,feature_472eccb2abb74d0c
B0872RBCJ5,feature_8e7ceeeb765ee4d5
B0872RBCJ5,feature_95d512849a5e1983
B0872RBCJ5,feature_c73935c8a08176ec
B0872RBCJ5,feature_e60a34ee5ba0cdf5
B0872RBCJ5,feature_fe8f9a155ae38f30
B0875SR59W,feature_599d969dc656bc43
B0875VQYPK,feature_8428c15ee1b06018
B0876GVL7B,feature_05a22ccc43fa80ff
B0876GVL7B,feature_196bfa15bf4e8f4f
B0876GVL7B,feature_41e5582a38f81bfc
B0876GVL7B,feature_d8c1ba01935e284e
B0876GVL7B,feature_d8e4827f7e52ba76
B0876R1DP4,feature_1eafd8441348215c
B0876R1DP4,feature_3b6abfc720159dde
B0876R1DP4,feature_60d43fa25fa99791
B0876R1DP4,feature_6712d994fa985a23
B0876R1DP4,feature_d5941610a551e30d
B0878QRWCQ,feature_3d7a43448270f369
B0878QRWCQ,feature_4137f096d75436cc
B0878QRWCQ,feature_4b89e6d06a022ba6
B0878QRWCQ,feature_a78e6fd3bb300b11
B087B5RJ2P,feature_009fb102185d8d14
B087B5RJ2P,feature_425d3267b784be7d
B087B5RJ2P,feature_a354fe21406351a4
B087B5RJ2P,feature_cbc9ca0920f09bb6
B087B5RJ2P,feature_fa7b9eccfe225e27
B087BC1TRW,feature_1ba06d7d059fd10d
B087BC1TRW,feature_1bb7933da0c58552
B087BC1TRW,feature_23f62b976fbd9026
B087BC1TRW,feature_2b7a6b7664095b5a
B087BC1TRW,feature_7682f395bdd33ca2
B087BC1TRW,feature_900ef32eb501a9a7
B087BC1TRW,feature_90b8b43c70e1b3dd
B087BC1TRW,feature_b2153db7e225a852
B087BC1TRW,feature_b681868dac064849
B087BC1TRW,feature_f2ece82828de66b2
B087D5QFYT,feature_4a4b2b39ae6b3a95
B087D5QFYT,feature_4f944542e06cd6f2
B087D5QFYT,feature_5c539bc0ab6f27bb
B087D5QFYT,feature_606cae067372f7f5
B087D5QFYT,feature_64c04f8e7a075c6f
B087D5QFYT,feature_75fd7b558cd8ea0a
B087D5QFYT,feature_77e6e16c350ade2b
B087D5QFYT,feature_7da213a2547a2a4d
B087D5QFYT,feature_7fc06db6a41c2f68
B087D5QFYT,feature_eafeec4e97237149
B087F9FBCW,feature_82d68bd145f4899a
B087F9FBCW,feature_8b6d2421a6288966
B087F9FBCW,feature_b019f6db524aa32c
B087F9FBCW,feature_d5e60810888b28aa
B087F9FBCW,feature_f8b51031a246c40d
B087GLHKT6,feature_2ab0ef43e79f2284
B087GLHKT6,feature_2b1b385f094e12a8
B087GLHKT6,feature_55c6c13a37a415dc
B087GLHKT6,feature_a2143668a31242ef
B087GLHKT6,feature_b07cdae4c08d5660
B087J6PP9X,feature_355ed2795321b5d2
B087J6PP9X,feature_44d822cb32b7d467
B087J6PP9X,feature_6195b598e4e136c4
B087J6PP9X,feature_6510a8ef300ed448
B087J6PP9X,feature_db859c96839f4356
B087J6PP9X,feature_eff32242bf7439b5
B087M5W6C4,feature_ba0f77a82de38cbf
B087N7PF33,feature_0219fc858b47300f
B087N7PF33,feature_02c092986a3da37d
B087N7PF33,feature_03d6a194f4b02abf
B087N7PF33,feature_1ff1e6fe7726c83c
B087N7PF33,feature_44b5c454d378c21c
B087N7PF33,feature_4f944542e06cd6f2
B087N7PF33,feature_63c0c8738563c910
B087N7PF33,feature_a076642ac0b0b059
B087N7PF33,feature_b18ba9cccc66da67
B087N7PF33,feature_febb60344ade0b19
B087N9VPXR,feature_165309bfd8ee737f
B087N9VPXR,feature_25ea5ba6b50015fd
B087N9VPXR,feature_76cf851bf4a05ff6
B087N9VPXR,feature_a84e343a733ccaae
B087N9VPXR,feature_c112b9ed595c2da3
B087NHCTZB,feature_06eaa4447f2c1ba8
B087NHCTZB,feature_12a7b6cba1bbc031
B087NHCTZB,feature_1dfcc291cc9ab087
B087NHCTZB,feature_326641e7fa535437
B087NHCTZB,feature_5571771fac41e649
B087NHCTZB,feature_a8a92390a7cbc969
B087PJSWZX,feature_19358d97c97174d4
B087PJSWZX,feature_226ba5128100f4b8
B087PJSWZX,feature_3116ca7f95f2989c
B087PJSWZX,feature_3c4fc42bf6eafc5d
B087PJSWZX,feature_8eaa807f9f28d69a
B087PJSWZX,feature_9b4fb0a9f31fcec4
B087PJSWZX,feature_b38b3a6dd87a522c
B087PJSWZX,feature_c70b272cfc987b54
B087PJSWZX,feature_caac7f6282e89014
B087PJSWZX,feature_e30968766a1ec97d
B087QHKY8Q,feature_5029e5c79d15eb11
B087QTLV79,feature_20147dbda02a6bc7
B087QTLV79,feature_4b6c1fd998e16fd7
B087QTLV79,feature_5745333455b796b8
B087QTLV79,feature_682e2c646a35e806
B087QTLV79,feature_845303ebc98794f1
B087QTLV79,feature_89efca844d1c7743
B087QTLV79,feature_e04a7265bdd0272d
B087QTLV79,feature_ea0fcfb8e22e039e
B087QTLV79,feature_f069b8afbe6d5e7f
B087RFX5P1,feature_10d3092b5834ab0e
B087RFX5P1,feature_1f517f7da2d95956
B087RFX5P1,feature_5289e649d99303c3
B087RFX5P1,feature_d197e5813e4a4062
B087RFX5P1,feature_f1160bc41054964a
B087SL73K2,feature_5361ce44e5980d66
B087SL73K2,feature_9e906cc383582e6b
B087SL73K2,feature_a8b471d6fa30bab2
B087SL73K2,feature_d2cefd0e5ea68120
B087SL73K2,feature_e4b9948a7d7e7cfb
B087TCWPQJ,feature_19358d97c97174d4
B087TCWPQJ,feature_226ba5128100f4b8
B087TCWPQJ,feature_3116ca7f95f2989c
B087TCWPQJ,feature_3c4fc42bf6eafc5d
B087TCWPQJ,feature_8eaa807f9f28d69a
B087TCWPQJ,feature_9b4fb0a9f31fcec4
B087TCWPQJ,feature_b38b3a6dd87a522c
B087TCWPQJ,feature_c70b272cfc987b54
B087TCWPQJ,feature_caac7f6282e89014
B087TCWPQJ,feature_e30968766a1ec97d
B087TLFQ7W,feature_19358d97c97174d4
B087TLFQ7W,feature_226ba5128100f4b8
B087TLFQ7W,feature_3116ca7f95f2989c
B087TLFQ7W,feature_3c4fc42bf6eafc5d
B087TLFQ7W,feature_8eaa807f9f28d69a
B087TLFQ7W,feature_9b4fb0a9f31fcec4
B087TLFQ7W,feature_b38b3a6dd87a522c
B087TLFQ7W,feature_c70b272cfc987b54
B087TLFQ7W,feature_caac7f6282e89014
B087TLFQ7W,feature_e30968766a1ec97d
B087X4B475,feature_0c24a3b0794328d8
B087X4B475,feature_0dbd642bb12af03c
B087X4B475,feature_2e375ce1b27a6473
B087X4B475,feature_b645a2c9ae40d8b2
B087X4B475,feature_d47da4d7a024140f
B087X4B475,feature_e2c97e4bd59bef78
B087YV51LT,feature_035a881a8dfb33df
B087YV51LT,feature_443dbf0b1d63a252
B087YV51LT,feature_567d8eff40b1487a
B087YV51LT,feature_74fc739c0305e02d
B087YV51LT,feature_af2f01d5eb851fd0
B087YV51LT,feature_d12eadd599e1f3c5
B08834NSNL,feature_09287d1859123756
B08834NSNL,feature_23c722c12be38c4e
B08834NSNL,feature_4b33260aac9a0c24
B08834NSNL,feature_f302e04a77cd3983
B08834NSNL,feature_f77aa428645c7daa
B08855SL72,feature_22d943ddd00675b3
B08855SL72,feature_24a67e4e18f580ee
B08855SL72,feature_3b49a08aba763db9
B08855SL72,feature_65cc61baf96fc599
B08855SL72,feature_74810cd2c96a2f7e
B08861F2X6,feature_29aeb0eed93e4489
B08861F2X6,feature_5f252904b01a4790
B08861F2X6,feature_7aaeafd1ca64f7a3
B08861F2X6,feature_7c37aac1b245cdc7
B08861F2X6,feature_fffb268bea81a6e3
B088633Q1B,feature_19a91d870719a989
B088633Q1B,feature_1c7863b87fdd0dd2
B088633Q1B,feature_1d49e1de1538c9b3
B088633Q1B,feature_949d7609cd3b411e
B088633Q1B,feature_d57f39705c007ed0
B0887ZJP8W,feature_5424346fa74c41a5
B0888J4X5K,feature_02ca5d181739220a
B0888J4X5K,feature_073fee5758f3d2bb
B0888J4X5K,feature_68810d81213414f0
B0888J4X5K,feature_778123174f903036
B0888J4X5K,feature_9baa3c233d98ac9f
B0888LLZBW,feature_02ca5d181739220a
B0888LLZBW,feature_073fee5758f3d2bb
B0888LLZBW,feature_68810d81213414f0
B0888LLZBW,feature_778123174f903036
B0888LLZBW,feature_9baa3c233d98ac9f
B0888TZ9W6,feature_082b4fc67fbd96ef
B0888TZ9W6,feature_377997f1dfc8e459
B0888TZ9W6,feature_8908a9b526394abe
B0888TZ9W6,feature_8df611c8fc56f13d
B0888TZ9W6,feature_bb932a081861bad2
B088B9F3TD,feature_5a7eabe73cbe7579
B088BBVS9D,feature_28b5cd0b18d3f01e
B088BBVS9D,feature_4510f71f17ab1cbc
B088BBVS9D,feature_653f4d41e9eb375d
B088BBVS9D,feature_824df10fb846fad3
B088BBVS9D,feature_8cb0d7d4c7530c73
B088CRHVTX,feature_d4cc4ee00d682861
B088FXWCTF,feature_0e7e85bab2db3953
B088FXWCTF,feature_0fb752c4d7586ab7
B088FXWCTF,feature_3e445cd3eb165792
B088FXWCTF,feature_69ea554bd20f4948
B088FXWCTF,feature_8918420aff899741
B088FXWCTF,feature_b6322566b507a2d4
B088FXWCTF,feature_b8079130e3f7fe4c
B088FXWCTF,feature_bd11afc5d0a9c4b5
B088FXWCTF,feature_e0aacee2aa0a08b4
B088FXWCTF,feature_fbbcce315aaf669b
B088G1ZJHP,feature_1ce0283a0b63da22
B088G1ZJHP,feature_515caed2796cc250
B088G1ZJHP,feature_5e8c1236cfbfdedd
B088G1ZJHP,feature_8fa2182183cf2ff8
B088G1ZJHP,feature_d90391684445257e
B088G1ZJHP,feature_ea87f1833fbb27ec
B088GMVYQX,feature_1f0d7e1469ed60a7
B088GMVYQX,feature_71bf73453f50541f
B088GMVYQX,feature_7fb331d90d6a498f
B088GMVYQX,feature_9d6fba9e18dc5d40
B088GMVYQX,feature_9e17560e3680e22e
B088H17TVF,feature_cc18772fb913dd93
B088JQXNNG,feature_f8e8e2a5421d22f9
B088M5P8FN,feature_07fa88c1df2c5c1b
B088M5P8FN,feature_7f1504ee2ea68c54
B088M5P8FN,feature_9eeeadb3d793b9b7
B088M5P8FN,feature_ab3ba799f637ef0a
B088M5P8FN,feature_c5e265c6690046fd
B088PM2SGD,feature_e7881a85a26838fa
B088PNB5QH,feature_34b4b74ffeb3159e
B088PPBRN9,feature_74955bae2866820e
B088PPBRN9,feature_dae6c7a49db9610b
B088PR9VMN,feature_43eb15107ea9fa61
B088PR9VMN,feature_60ca6cee29070c66
B088PR9VMN,feature_87f66034733a198b
B088PR9VMN,feature_a4a05f26762069f2
B088PR9VMN,feature_f36e4542cfda6e2e
B088QCW2Y5,feature_45c6990c31537ea7
B088QCW2Y5,feature_5f456700439958a7
B088QCW2Y5,feature_843c6b29e8ffe471
B088QCW2Y5,feature_a9e3e942ebf18619
B088QCW2Y5,feature_bdbbc3083897e024
B088QCW2Y5,feature_c2244a1220f02f82
B088QCW2Y5,feature_cfb83bc7b3bdf626
B088QCW2Y5,feature_e1f4d969cbc4a35f
B088QCW2Y5,feature_e233dd59cbd7b2de
B088QCW2Y5,feature_f5e628d092ad6051
B088S9S9BD,feature_689cf5ed6dde6ecd
B088S9S9BD,feature_955aae03d3776914
B088S9S9BD,feature_cb8b5f376db74a63
B088S9S9BD,feature_e690223559bf9bd3
B088S9S9BD,feature_f4de75a2f715f2d5
B088T9JLWG,feature_47417016bdb63a02
B088T9JLWG,feature_87f093b9397dabb7
B088T9JLWG,feature_b48d55b882c20265
B088T9JLWG,feature_e811e70181a03d66
B088T9JLWG,feature_ee08927bac8241f1
B088ZNKBHC,feature_3aa431d5f63c3267
B088ZNKBHC,feature_bcff1c49573a2407
B088ZNKBHC,feature_c56031c29b6118a9
B088ZNKBHC,feature_e1fc81c0f8816acc
B088ZNKBHC,feature_fb981a15aae739d0
B08914K3HB,feature_d09aba9dd41476ab
B0893F4GGH,feature_b998e91adb5e4c83
B0893F4GGH,feature_d88ed30bd17b10e4
B0895DP1BJ,feature_43b1a6e2233edb5c
B0899QNWYJ,feature_0c03e0a5b6ec6be0
B0899QNWYJ,feature_40cfa9cac1856b1d
B0899QNWYJ,feature_5c2e7977deb38d3b
B0899QNWYJ,feature_650d17f9172b29bf
B0899QNWYJ,feature_6923a22583c7e43a
B0899QNWYJ,feature_774af7b8fc2c7236
B0899QNWYJ,feature_81a2afedaea13a23
B0899QNWYJ,feature_a5cdab6d881a85c4
B0899QNWYJ,feature_ec2773b13404b049
B0899QNWYJ,feature_ef83515500c98a47
B0899WZ34R,feature_1581e6789f7de67a
B0899WZ34R,feature_208fd1968ee37e90
B0899WZ34R,feature_3885b8a5c10a5f58
B0899WZ34R,feature_4f944542e06cd6f2
B0899WZ34R,feature_5715d4cd177f506d
B0899WZ34R,feature_57f9fe1f4bbb3810
B0899WZ34R,feature_ac5ac89a5562ff36
B0899WZ34R,feature_bb22ea6938393171
B0899WZ34R,feature_c308e955b7433a06
B0899WZ34R,feature_efb8e02035ea89b5
B089D16BWJ,feature_6d194638d55e381c
B089D16BWJ,feature_ce4703e0cf971f2e
B089D16BWJ,feature_dbcb687ddea45998
B089D16BWJ,feature_dea4a983ef383b5e
B089D16BWJ,feature_f4ec35b5f84dd260
B089DW2K4M,feature_ab490dbf1535a39a
B089FQW84F,feature_708531561a2ef900
B089JJBKDY,feature_095815641c5271da
B089KCQ64D,feature_3eb4b3bd5fdc374e
B089KCQ64D,feature_c1a8ea5663308476
B089KCQ64D,feature_c9e43d2535b9e82a
B089KCQ64D,feature_faa1d1dc254c6644
B089KCQ64D,feature_fc7d895e25bc54e4
B089LW8X8N,feature_49bd70405b90dd1c
B089NDD8V8,feature_700b53eef0585a91
B089NDD8V8,feature_c8451302cf52f017
B089NDD8V8,feature_c8eec141469eb950
B089NDD8V8,feature_d80c026ed201ddec
B089NDD8V8,feature_e4c0cd48d92241db
B089NDD8V8,feature_ef34b4070d7da345
B089NL7HMY,feature_ea9bf1a88c27d046
B089PTZ2PQ,feature_04d061e270cc8705
B089PTZ2PQ,feature_529e9525fb9d5ca3
B089PTZ2PQ,feature_cfd08a14fc7fe119
B089PTZ2PQ,feature_d5f7696c7ac3c581
B089PTZ2PQ,feature_fb4cfeb189fe3442
B089PXGS9J,feature_7a9d6fd3ec0ff2f2
B089RH1RLM,feature_71aab5bf74baed34
B089RH1RLM,feature_72cbc03e04c78733
B089RH1RLM,feature_d1a298bc1955e43b
B089RH1RLM,feature_d5c0cf5400ffefb0
B089RH1RLM,feature_d98d2bc2fa5d30e2
B089RH1RLM,feature_dfef01ecc0f7e6de
B089RRNP38,feature_652cd7d87eff47ee
B089RRNP38,feature_a9fb375ea1347717
B089RRNP38,feature_ab2dcc768c7ccf36
B089RRNP38,feature_f3144acfbe2802cd
B089SHC91S,feature_59a8c7f065cad541
B089SHC91S,feature_8a1f068e40f120fb
B089SHTYKF,feature_59a8c7f065cad541
B089SHTYKF,feature_8a1f068e40f120fb
B089SJWDNS,feature_32dc3ad86995253a
B089SJWDNS,feature_89f4986687ac979f
B089SJWDNS,feature_94dde10448a54836
B089SJWDNS,feature_c366efb0e1991cd7
B089SJWDNS,feature_fd3b0edecb780462
B089SNHYBB,feature_db07cd049bf9a5d1
B089SQMGMB,feature_6d0be48604407fa9
B089SQMGMB,feature_7c257573a761d6a0
B089SQMGMB,feature_81197a518cebb9bd
B089SQMGMB,feature_a10c5c9f62dbce21
B089SQMGMB,feature_ffca448de0d039a6
B089SRHQ15,feature_115c23d8c76db079
B089SRHQ15,feature_51226347647335db
B089SRHQ15,feature_657b88783e363e22
B089SRHQ15,feature_6d0be48604407fa9
B089SRHQ15,feature_7c257573a761d6a0
B089SRHQ15,feature_81197a518cebb9bd
B089SRHQ15,feature_a10c5c9f62dbce21
B089SRHQ15,feature_d9c394bea4473f73
B089SRHQ15,feature_e8ff090c915325aa
B089SRHQ15,feature_ffca448de0d039a6
B08B2GRNBT,feature_012a602d66d425b3
B08B2GRNBT,feature_23ffde01629e743d
B08B2GRNBT,feature_5235c3b8869c30e3
B08B2GRNBT,feature_874aca6a6c6acdb1
B08B2GRNBT,feature_c195c48a654de4b5
B08B3LJP69,feature_03da9b44dab4dbfe
B08B3LJP69,feature_0c7341407d994f4e
B08B3LJP69,feature_20f635d5c887959e
B08B3LJP69,feature_37a2d53994f96beb
B08B3LJP69,feature_9a96d658838ff29f
B08B3LJP69,feature_ef650de61a2ea3f4
B08B4RK2Y7,feature_137027d741ec83e6
B08B4RK2Y7,feature_14c36c245ff6cc68
B08B4RK2Y7,feature_528ea0cd6092e17e
B08B4RK2Y7,feature_530b3d83efc4b3d3
B08B4RK2Y7,feature_66d1fcea5cb99306
B08B4RK2Y7,feature_85b44fa14c3662c7
B08B4RK2Y7,feature_af892f8a25c1a852
B08B4RK2Y7,feature_b0692bfaa0bf883c
B08B4RK2Y7,feature_db128565db4c6c96
B08B4RK2Y7,feature_f518579bbf7cec4b
B08BCBGV4Z,feature_c5f46f3fb1d4ea27
B08BFX8QBT,feature_00e4ca55cfb37aa6
B08BFX8QBT,feature_1c8ac8bc9ae5f6a0
B08BFX8QBT,feature_abb7ebd2dbe4f0c1
B08BFX8QBT,feature_b6c84ce476c57d3b
B08BFX8QBT,feature_e8e0e393ca1819f9
B08BFX8QBT,feature_f80cc32a8d56b212
B08BHLF31Y,feature_06243c78cdc8dd28
B08BHLF31Y,feature_152f24a53205a1e1
B08BHLF31Y,feature_3981e7ee75fe5bd7
B08BHLF31Y,feature_52857c595daffc6e
B08BHLF31Y,feature_61cfce1fb4950d77
B08BHLF31Y,feature_6556549f9c238373
B08BHLF31Y,feature_6c185b0a40d6fb5b
B08BHLF31Y,feature_804b876812870cb5
B08BHLF31Y,feature_a0593b883ed7bdc8
B08BHLF31Y,feature_f01acc4e660eac34
B08BJJP372,feature_4efb3ec502cf0656
B08BJJP372,feature_8b30328189b95017
B08BJJP372,feature_cefd072e3e1e4837
B08BJJP372,feature_e3885c5513e70ed1
B08BJJP372,feature_e8229c28090365f9
B08BL19YNN,feature_01cf8adc00a95504
B08BL19YNN,feature_07075a0cf7cf9523
B08BL19YNN,feature_09912311d4d49450
B08BL19YNN,feature_38351655019b43dc
B08BL19YNN,feature_8497554937cb5655
B08BL19YNN,feature_8cb86842e7a9886f
B08BL19YNN,feature_92a897eb24175fb1
B08BL19YNN,feature_a200843ad73ea618
B08BL19YNN,feature_cb329146a0dd0d56
B08BL19YNN,feature_d3bb3c173af48bf5
B08BQY7GSP,feature_0078afe9e3c4caef
B08BQY7GSP,feature_091d43807c6741de
B08BQY7GSP,feature_1f9860feac0edd8d
B08BQY7GSP,feature_337e2b2f7359132e
B08BQY7GSP,feature_4cfbcf94d5810c31
B08BQY7GSP,feature_80b8f7cd0f3c2607
B08BR9Y7W5,feature_3e6f19db53d949d1
B08BYFDVC1,feature_b51717e47121b5b3
B08C373QKN,feature_8de0742f576ea4c9
B08C47JB9R,feature_e42c0c75681164ce
B08C4TVL3C,feature_213e0a5e4082c7ec
B08C4TVL3C,feature_27a74e273a8bef7c
B08C4TVL3C,feature_3fe32ca183c176aa
B08C4TVL3C,feature_8b295b6b8049dd10
B08C4TVL3C,feature_dc37c7c2d5c0fff0
B08C5LDCMP,feature_0e1000e41263dbd9
B08C5LDCMP,feature_afc1f99930bf9881
B08C5LDCMP,feature_b75d12b2b864d36a
B08C5LDCMP,feature_bd629e2ffaf55de6
B08C5LDCMP,feature_c59fcebc3376ce1e
B08C7TV6H9,feature_222ae671137f4ab1
B08C7TV6H9,feature_38d0c92eed005d18
B08C7TV6H9,feature_5782de90f92128ab
B08C7TV6H9,feature_7959d2d6cc831e80
B08C7TV6H9,feature_acd8ce1ca6a3aba1
B08C7TV6H9,feature_d8fd9a4109ebdcf2
B08C7VLW4B,feature_0e428bc51bc1fe91
B08C7VLW4B,feature_1772ad52da9e2311
B08C7VLW4B,feature_1a99ac109f8ce18a
B08C7VLW4B,feature_61dedde5d7f37370
B08C7VLW4B,feature_746b521fd7ec4ee8
B08C7VLW4B,feature_98fe5072bb0cfd57
B08C7VLW4B,feature_bd0b2d86ad318ce1
B08C7VLW4B,feature_c3ad6dcb11a428bf
B08C7VLW4B,feature_cdc4d9a5d9ba191c
B08C7VLW4B,feature_d2fcbaf691ab22eb
B08C9LMQYY,feature_cd6e4403d47ebe74
B08C9LPW7F,feature_39e64339f462bb12
B08CCS6ZLM,feature_a7d507a7d6e03b76
B08CF3RZ5T,feature_ac5b9d65fa6f3d18
B08CF41PBG,feature_178dbdb8a91764bf
B08CF41PBG,feature_382e2b46773609af
B08CF41PBG,feature_88f7728a26bf31bd
B08CF41PBG,feature_be6bb9d103dfdd1e
B08CF41PBG,feature_e5182427896a296c
B08CK47LWN,feature_131db0aa851ced02
B08CK9JQFV,feature_47d556b70b821f58
B08CK9JQFV,feature_484c40d7d7e08a02
B08CK9JQFV,feature_6466bb1673befd91
B08CK9JQFV,feature_791f1e10038df080
B08CK9JQFV,feature_c557668e64e5f04b
B08CK9JQFV,feature_d8a7b8109231c8ac
B08CSSWYBZ,feature_033487d20422a444
B08CSSWYBZ,feature_0b5eca24bc23b41a
B08CSSWYBZ,feature_3d60c7cc1511039a
B08CSSWYBZ,feature_43f673d93679ec5e
B08CSSWYBZ,feature_874d1bdb8e1037aa
B08CSSWYBZ,feature_91eccf17a50dffd0
B08CSSWYBZ,feature_a2b93e14e6c568cb
B08CSSWYBZ,feature_c3942703100c2907
B08CSSWYBZ,feature_dd01d962e2abcdba
B08CSSWYBZ,feature_eb0df871c83ce92a
B08CVGMFRB,feature_2db7d65211470c87
B08CVGMFRB,feature_3dae29469a9b2687
B08CVGMFRB,feature_6fd8ab252bd8299b
B08CVGMFRB,feature_93a23d544e3e9731
B08CVGMFRB,feature_effb53db8fd0e62a
B08CVPVQ67,feature_3f50c58c8c233a83
B08CVPVQ67,feature_4313160f20d1ed81
B08CVPVQ67,feature_95d1c3d2839524bc
B08CVPVQ67,feature_a1f846bdda8dd8e2
B08CVPVQ67,feature_a8bd72ed294fbcd7
B08CXB2Z69,feature_057d00ee0cad5d5d
B08CXB2Z69,feature_1e9a454d336f9235
B08CXB2Z69,feature_2eef2e1e98076290
B08CXB2Z69,feature_42f77b4d3b7901ba
B08CXB2Z69,feature_d879adac18e86e6b
B08CXFDDV8,feature_b986b7c55e69f849
B08CXLV7SX,feature_b38a1461f527c327
B08CXTP1FW,feature_78f7e428b4868e5f
B08CXTP1FW,feature_9fe03ccec7a31bd4
B08CXTP1FW,feature_ae189184fef238e7
B08CXTP1FW,feature_af6afaf9bcb6b989
B08CXTP1FW,feature_d1a9d13e7200dd4a
B08CZY18F4,feature_14a3a43321797012
B08CZY18F4,feature_980ddf13dace6f1e
B08CZY18F4,feature_9e320c5d05ed4bff
B08CZY18F4,feature_c0f596926d7556ae
B08CZY18F4,feature_e9f56e818a1b23b9
B08D3B9CJ2,feature_21c4c66a46543866
B08D3B9CJ2,feature_5fd110f3d00e14e3
B08D3B9CJ2,feature_793d7228e2010651
B08D3B9CJ2,feature_aaba19b89b8d1110
B08D3B9CJ2,feature_d1548d2ebc45028f
B08D3B9CJ2,feature_e515d8e53ee77794
B08D3QZC6J,feature_7ceae62bc455ddf6
B08D3QZC6J,feature_80c8f909e1a5fb6e
B08D3QZC6J,feature_8f440e5db4f71bb0
B08D3QZC6J,feature_aa1714af90f4c1e2
B08D3QZC6J,feature_eed24e28f1940832
B08D648B57,feature_19f3b7e8db1dc9ea
B08D648B57,feature_256bc4a6366d488d
B08D648B57,feature_2db35a0a6708ff89
B08D648B57,feature_30d7e41c1f38164e
B08D648B57,feature_48ef7b49123afaab
B08D648B57,feature_6f09e604a5949262
B08D648B57,feature_8d7743c65ec9ddd4
B08D648B57,feature_cb8afd40d147d195
B08D648B57,feature_d978381325653c31
B08D69VHVH,feature_080e8ea34cf21a5b
B08D69VHVH,feature_4f944542e06cd6f2
B08D69VHVH,feature_b737df3a5d82a419
B08D69VHVH,feature_e930cfdf49f44128
B08D6GLYVW,feature_34a49e3a31d0da87
B08D6GLYVW,feature_7cc8beb31f3d48be
B08D6GLYVW,feature_8f08b6cf5f89a6ef
B08D6GLYVW,feature_a0f30960b73d2746
B08D6GLYVW,feature_b8eeb9890bd42446
B08D6GLYVW,feature_c2eafde8c93edc03
B08D6GLYVW,feature_f71a1ad7d92906ae
B08D75FFZM,feature_001e302ee049c48c
B08D75FFZM,feature_17e49cf5cf667d17
B08D75FFZM,feature_269233c57641ecb9
B08D75FFZM,feature_284bcace5817cefd
B08D75FFZM,feature_5140019af19fb854
B08D75FFZM,feature_7f07712ec6837394
B08D75FFZM,feature_88f0ed7d50f5ad7c
B08D75FFZM,feature_9b4fb0a9f31fcec4
B08D75FFZM,feature_b98fa935a0520a33
B08D75FFZM,feature_efa9339d817d59f0
B08D8QKWRF,feature_11ccc26f257e3707
B08D8QKWRF,feature_17575f88a98ec4e4
B08D8QKWRF,feature_27fd500a6da9599d
B08D8QKWRF,feature_32b81b8020f06ba2
B08D8QKWRF,feature_7ac920b406ceceb0
B08D8QKWRF,feature_82d9123252b914dc
B08D8QKWRF,feature_c0cd8253b53080ef
B08D8QKWRF,feature_d92d4575827d1edf
B08D8QKWRF,feature_dd7a2515d2e4acbb
B08D8QKWRF,feature_eaed569bdbde91a0
B08D8TC6QM,feature_b7b1fab6cf9cefe0
B08DBPTW9Z,feature_1ee7f1b9a1e8ee80
B08DBPTW9Z,feature_89d53e7953edc5a8
B08DBPTW9Z,feature_ec6ffafe2cc983d1
B08DBPTW9Z,feature_fd3cd43528522b4b
B08DCFTZHW,feature_93c7bd6b765db56e
B08DCP88S7,feature_4b0802f6f8a7caa2
B08DG3MG8R,feature_03d6a194f4b02abf
B08DG3MG8R,feature_24b67babb87925bb
B08DG3MG8R,feature_267600d000cbdf72
B08DG3MG8R,feature_2c2407162afd3384
B08DG3MG8R,feature_4f944542e06cd6f2
B08DG3MG8R,feature_6f73131df29cdffc
B08DG3MG8R,feature_95dd8e44772a7abd
B08DG3MG8R,feature_9c2c5cd69c6fa7ae
B08DG3MG8R,feature_ec7c940dba32d5fb
B08DG3MG8R,feature_ff00f86f44a058c2
B08DJ5384G,feature_5d8081b8a4a7a534
B08DJ5384G,feature_5ef8700d6448d94d
B08DJ5384G,feature_b897d8f03bd6132f
B08DJ5384G,feature_cb19e4a786e35d1c
B08DJ5384G,feature_d8c1c0d6fafb5407
B08DJZRM1M,feature_02c092986a3da37d
B08DJZRM1M,feature_6bfbba3e3fc504b1
B08DJZRM1M,feature_948e704c7671c47f
B08DJZRM1M,feature_a2dd743513e51998
B08DJZRM1M,feature_a8c5314d7733ccdc
B08DJZRM1M,feature_aade9943160a4627
B08DJZRM1M,feature_acfa419a7cc0e361
B08DJZRM1M,feature_fcfb2dd28d1a0280
B08DK4KDRY,feature_16e39f634e3f9397
B08DK4KDRY,feature_2b5d2df2a77aa562
B08DK4KDRY,feature_3299faa67f47ad09
B08DK4KDRY,feature_4eb075c2c8ccbc36
B08DK4KDRY,feature_92aa6dfe12fc3872
B08DK4KDRY,feature_9acbad50291dcaef
B08DK4KDRY,feature_9b6c87ee5c7de792
B08DK4KDRY,feature_bc4ad568e1cbd90a
B08DK4KDRY,feature_c28e7223951074e7
B08DK4KDRY,feature_ed5ad2874cdb0db9
B08DKBK1C1,feature_16e39f634e3f9397
B08DKBK1C1,feature_2b5d2df2a77aa562
B08DKBK1C1,feature_3299faa67f47ad09
B08DKBK1C1,feature_4eb075c2c8ccbc36
B08DKBK1C1,feature_92aa6dfe12fc3872
B08DKBK1C1,feature_9acbad50291dcaef
B08DKBK1C1,feature_9b6c87ee5c7de792
B08DKBK1C1,feature_bc4ad568e1cbd90a
B08DKBK1C1,feature_c28e7223951074e7
B08DKBK1C1,feature_ed5ad2874cdb0db9
B08DL9ZG48,feature_4daa958456a204d2
B08DL9ZG48,feature_582ec14ab0e16066
B08DL9ZG48,feature_77dfa5e0a7a2a8e4
B08DL9ZG48,feature_b6f2b879a86f326d
B08DL9ZG48,feature_c43d5980914e9ecc
B08DM5WVCR,feature_28b6791ce19e407f
B08DM5WVCR,feature_39a6dbede7de74df
B08DM5WVCR,feature_487af48d2a7bd35c
B08DM5WVCR,feature_583b82908691c576
B08DM5WVCR,feature_68d5a434d2a1053b
B08DM5WVCR,feature_eb0de46e4357e074
B08DM6RH88,feature_7bbb6eedeaf875e7
B08DM8YHT3,feature_01037a6bf1cdcf06
B08DM8YHT3,feature_1e162a820d0aae8c
B08DM8YHT3,feature_391cf41d7340a05e
B08DM8YHT3,feature_3e2bc761b205d0aa
B08DM8YHT3,feature_a19bc7200897319a
B08DM8YHT3,feature_a96b00ce889b11bd
B08DM8YHT3,feature_aa33e739246b1a04
B08DM8YHT3,feature_bd13e35ce4d58e1d
B08DM8YHT3,feature_c3f6631c80d04e1f
B08DM8YHT3,feature_d9dd6e07ed3d4157
B08DMNPFZ3,feature_979d57b705788834
B08DNLJ7PQ,feature_4f944542e06cd6f2
B08DNLJ7PQ,feature_5bd475abee54c121
B08DNLJ7PQ,feature_a2eaaa457da3ad23
B08DNLJ7PQ,feature_af48ed3c7b2440c4
B08DNLJ7PQ,feature_b172fddebcf4a5ec
B08DNLJ7PQ,feature_bf1e1e08325de38d
B08DNLJ7PQ,feature_f22ae1429a4f895f
B08DNLJ7PQ,feature_f4a08af69372f528
B08DNLJ7PQ,feature_fbfb29384f90b430
B08DNLJ7PQ,feature_fc220e11767c30b5
B08DP1R6B9,feature_2c130537be09ed23
B08DQN9D2B,feature_0e6dc353e85fa79d
B08DQN9D2B,feature_2d20c14f1101fe5d
B08DQN9D2B,feature_2f83bc93c3568d73
B08DQN9D2B,feature_386a418a784b9b76
B08DQN9D2B,feature_4217f0ca0291dd72
B08DQN9D2B,feature_4f944542e06cd6f2
B08DQN9D2B,feature_7dfb8990bbc67223
B08DQN9D2B,feature_7e21dcfd7c246aca
B08DQN9D2B,feature_7e2c4d2b098ce468
B08DQN9D2B,feature_9b4fb0a9f31fcec4
B08DTKSLWG,feature_1569374e5d1d7b09
B08DTKSLWG,feature_1a235d330d7202a2
B08DTKSLWG,feature_1ca3b30c712a76ec
B08DTKSLWG,feature_2833fc8ec551d8ef
B08DTKSLWG,feature_38f6c19415fa6145
B08DTKSLWG,feature_5308aa549ec10790
B08DTKSLWG,feature_6059220d426bef8f
B08DTKSLWG,feature_7dd737564cf3ac8b
B08DTKSLWG,feature_81db7031163a0dc0
B08DTKSLWG,feature_ab04f494882a42bf
B08DTXW5P2,feature_5b8094f43fe4f496
B08DTXW5P2,feature_74bce851692e2e6a
B08DTXW5P2,feature_bfe14e1bae9d946c
B08DTXW5P2,feature_c94be33762200a9e
B08DTXW5P2,feature_e0e7f9811d84e192
B08DV5DK81,feature_622bead76fdff427
B08DV5DK81,feature_6e4a099051d961e0
B08DV5DK81,feature_7ce3e247afb07c6f
B08DV5DK81,feature_a7d6d2509a660a23
B08DV5DK81,feature_e39c96159b9e2684
B08DX5GRL3,feature_0565aba5b45775f1
B08DX5GRL3,feature_44c54f75ae9f11b4
B08DX5GRL3,feature_48f97e39794c53b9
B08DX5GRL3,feature_77a9efc107073bfd
B08DX5GRL3,feature_8bf6b23fe67dc790
B08DYD16VL,feature_8969489e7b58b398
B08DZBPMQB,feature_2b33673c19338b60
B08F1ZPS71,feature_02c092986a3da37d
B08F1ZPS71,feature_2acb45efd2db1b12
B08F1ZPS71,feature_59e91fcd82f50a3b
B08F1ZPS71,feature_cac8be112ab390d9
B08F1ZPS71,feature_cfa0035c184dddc8
B08F1ZPS71,feature_dd032452bee8e86c
B08F1ZPS71,feature_edbaec913ff7b43f
B08F1ZPS71,feature_ee5664d42edca49b
B08F1ZPS71,feature_f390a30a19e38357
B08F322V79,feature_103a9d5cc69f3397
B08F322V79,feature_5ca3f98795e4e23c
B08F322V79,feature_745909a62b5d7d47
B08F322V79,feature_991fb26542d0cdb2
B08F322V79,feature_a3244732c8a1ff42
B08F322V79,feature_ccdeb24c7bff739d
B08F322V79,feature_cfcaaed96f0b4c17
B08F322V79,feature_d5f910292c85cf69
B08F322V79,feature_e386423179736870
B08F322V79,feature_e3d53d0a21d43c63
B08F3PFFMZ,feature_5f7660e7fcaa9a0d
B08F3VZK96,feature_13cd1851f11cd78b
B08F3VZK96,feature_4397c4242112a018
B08F3VZK96,feature_849987ee887fa14d
B08F3VZK96,feature_8a1d6ae7c9753f9e
B08F3VZK96,feature_d890860fbb7603d4
B08F432H9X,feature_2025c1c524c123a6
B08F432H9X,feature_8b34bc59716bb6a3
B08F432H9X,feature_927ede0d826d9fbb
B08F432H9X,feature_b71190fef256f7f3
B08F432H9X,feature_c0dded8a67141655
B08F4Q8ZBR,feature_015e8b17c0858ad1
B08F4Q8ZBR,feature_4cdc338d68e55db0
B08F4Q8ZBR,feature_a4d9b50927bae8a3
B08F4Q8ZBR,feature_a88bc66e3424239a
B08F4Q8ZBR,feature_bccb6e4284d9bef0
B08F574VSP,feature_1b2003b094fb99ed
B08F574VSP,feature_230312cf544f7943
B08F574VSP,feature_2aa7e7d88f25613d
B08F574VSP,feature_3858843df5266f42
B08F574VSP,feature_93c0ed474f1f549b
B08F574VSP,feature_f134f6d0d2137a66
B08F75ZSQ3,feature_1b79930ea4bc0103
B08F75ZSQ3,feature_50c1636f7e03d037
B08F75ZSQ3,feature_52cbee8a89418448
B08F75ZSQ3,feature_5d5717f1ed31880b
B08F75ZSQ3,feature_bdebcc63f328e3b5
B08F75ZSQ3,feature_c16889532892ee45
B08FB3RXBC,feature_5be4365fb23ab676
B08FBGRRPK,feature_2746a599c0580d38
B08FBGRRPK,feature_355709cb09d7117f
B08FBGRRPK,feature_8c46dd92a12cce0f
B08FBGRRPK,feature_a4cdb637437fba79
B08FBGRRPK,feature_ccf374d71cdb5176
B08FBY7VF4,feature_179cc4f803c36f9d
B08FBY7VF4,feature_248d8e9b0e07abff
B08FBY7VF4,feature_571f51035f6a0e87
B08FBY7VF4,feature_7790143617e03692
B08FBY7VF4,feature_a0233f998780fcd0
B08FBY7VF4,feature_ca5ef3e15408b0a8
B08FBY7VF4,feature_cb329146a0dd0d56
B08FBY7VF4,feature_da9617c466e440c8
B08FBY7VF4,feature_ea9a309e407c12b9
B08FBY7VF4,feature_effc8434e5f02a45
B08FCB5HFZ,feature_f95b203831ddcba5
B08FD5CGXG,feature_06532dcd40133331
B08FD5CGXG,feature_5c2e7977deb38d3b
B08FD5CGXG,feature_63568d1194482a56
B08FD5CGXG,feature_6d63e03cfd4a8cf5
B08FD5CGXG,feature_a5268cc9d6f8c3d3
B08FD5CGXG,feature_b1233c51e097bf8c
B08FD5CGXG,feature_c110d7cfddc8a4bf
B08FD5CGXG,feature_c36ddef457ed067f
B08FD5CGXG,feature_cf467c5cc72ca78c
B08FD5CGXG,feature_facf187cfe0d4f81
B08FDZQ4KW,feature_2dcc38ebc69bad49
B08FF46CR9,feature_2f60f9e15b27d495
B08FF898YR,feature_03ae5bc35d81e45e
B08FF898YR,feature_11220ff07c488a70
B08FF898YR,feature_24dde36846b0799a
B08FF898YR,feature_2ad59ff53a370652
B08FF898YR,feature_701ef2913e4c2f59
B08FF898YR,feature_9cb940260b6be5e2
B08FF898YR,feature_9e3c3d52e66a4140
B08FF898YR,feature_aaf208936fa5150e
B08FF898YR,feature_b3c8ffe92b4268a5
B08FF898YR,feature_e839276efa7fd218
B08FF8FDCY,feature_03ae5bc35d81e45e
B08FF8FDCY,feature_24dde36846b0799a
B08FF8FDCY,feature_2ad59ff53a370652
B08FF8FDCY,feature_64e02985df037480
B08FF8FDCY,feature_701ef2913e4c2f59
B08FF8FDCY,feature_9cb940260b6be5e2
B08FF8FDCY,feature_9e3c3d52e66a4140
B08FF8FDCY,feature_aaf208936fa5150e
B08FF8FDCY,feature_b3c8ffe92b4268a5
B08FF8FDCY,feature_e839276efa7fd218
B08FFLTZVJ,feature_18f707899d752912
B08FG8Q1CJ,feature_b4ca7d9e424718dc
B08FHBLKKQ,feature_6ca4e5f6b3e0fe4e
B08FHVTJ5Q,feature_48fd08c9ade3e86f
B08FJ5HPD5,feature_5c5f2805c2f4b37b
B08FJ5HPD5,feature_70c5d7fc09cd31ed
B08FJ5HPD5,feature_7821a804f98e7e32
B08FJ5HPD5,feature_98ed6d06635bfb4a
B08FJ5HPD5,feature_b3e72509822720ea
B08FJ5HPD5,feature_f249fc138c148478
B08FJ69VV5,feature_0ba439e198953cef
B08FJ69VV5,feature_132b8c2d64ee408c
B08FJ69VV5,feature_27f4ceecace88161
B08FJ69VV5,feature_51df85ceff35d96e
B08FJ69VV5,feature_9917664314c83322
B08FKPLJFS,feature_3e06761755a2575d
B08FKPLJFS,feature_4c72acd666b7d981
B08FKPLJFS,feature_55f35a0a8a0111e2
B08FKPLJFS,feature_56348e65b0bbd2fa
B08FKPLJFS,feature_757ca325c437766c
B08FKPLJFS,feature_842c3b9e8e51073e
B08FLM5STB,feature_3bec438ab7ff4199
B08FLM5STB,feature_44e0dcce6867449d
B08FLM5STB,feature_c1d484f96f7e63db
B08FLM5STB,feature_d53dd8fcd00c212e
B08FLM5STB,feature_e11d22ca93f7f5e2
B08FMNB5M5,feature_03f4792eb7e9ecf6
B08FMNB5M5,feature_31839f5270804b89
B08FMNB5M5,feature_523085814dbb5120
B08FMNB5M5,feature_57979d58d8a21f16
B08FMNB5M5,feature_71cb8aafbca64181
B08FMNB5M5,feature_7b98aa3f02c5c2c7
B08FMNB5M5,feature_a423d6ac319fff7b
B08FMNB5M5,feature_bd9c5e09e0e843b1
B08FR3QXYY,feature_046b48a3875dbf4f
B08FR3QXYY,feature_2cd51b9cb3efff65
B08FR3QXYY,feature_529a3f12bce872e5
B08FR3QXYY,feature_7fabda6aa280c6f4
B08FR3QXYY,feature_b518583ab9fb7674
B08FW1K4KB,feature_0336d787f20873c4
B08FW1K4KB,feature_15bc60908e79fa1d
B08FW1K4KB,feature_3f98969e68379b59
B08FW1K4KB,feature_8c9f97eabdfa949e
B08FW1K4KB,feature_9a5856b6e5a5041e
B08FW1K4KB,feature_c6b4bb425f47885e
B08FWJPDD7,feature_0873cd9160a78d01
B08FWJPDD7,feature_3bc077bad03d9ceb
B08FWJPDD7,feature_d7509e12671e783e
B08FWJPDD7,feature_d8422ac33e4fcfad
B08FWJPDD7,feature_f9d02dbc1f8eafd8
B08FY41CX5,feature_1acab752601dd2a0
B08FY41CX5,feature_1c92e0b42ddb1271
B08FY41CX5,feature_4a24893af2efbd5b
B08FY41CX5,feature_5b390d7fc5e746a1
B08FY41CX5,feature_9923579a16c6e595
B08FZ47MWN,feature_a0bc5bd76432cad0
B08FZB43ZK,feature_2a175830113c70b8
B08FZB43ZK,feature_d05755e4251a45fd
B08FZB43ZK,feature_d26f19aab193d8a9
B08FZB43ZK,feature_e2c11bd2ab330875
B08FZB43ZK,feature_f3cbe94ab5842234
B08FZB43ZK,feature_fb93cfa6f6c65038
B08FZMKK8X,feature_1f1b61b628162610
B08FZMKK8X,feature_33903e17cff99c44
B08FZMKK8X,feature_5591344f648f83d8
B08FZMKK8X,feature_72977aefaae2b089
B08FZMKK8X,feature_7e849dede486e7ff
B08FZMKK8X,feature_878e59e72e1ed711
B08G1J2J61,feature_02c092986a3da37d
B08G1J2J61,feature_0e612cb9199cff8f
B08G1J2J61,feature_171bb82a70d95046
B08G1J2J61,feature_abbafbcc3638c842
B08G1J2J61,feature_ad4c1e609e7335fb
B08G1J2J61,feature_ad73f7aed3eaad51
B08G1J2J61,feature_b6c2996efa341788
B08G1J2J61,feature_ca5f0ecbc8be2dd1
B08G1J2J61,feature_e402f38fa9546a68
B08G1J2J61,feature_fe9845da1bdab983
B08G1XFT3Z,feature_0652f4fb4bec46a2
B08G1XFT3Z,feature_0a4001cb8cda0d8c
B08G1XFT3Z,feature_5c22da4b2db8c4ad
B08G1XFT3Z,feature_75de822f3193bb0d
B08G1XFT3Z,feature_c2b27137ae270ee7
B08G5CZ4S4,feature_4338882f41c6d381
B08G5CZ4S4,feature_b7e3127360f5ec97
B08G5CZ4S4,feature_b82215cd01ffe841
B08G5CZ4S4,feature_b96478eafe7b00e7
B08G5CZ4S4,feature_cebd4a0750b0f698
B08G5CZ4S4,feature_df446d8d87cc334c
B08G9TPVNZ,feature_61bdaeda3049f9d8
B08GB17RFF,feature_c2f37df6dab74d30
B08GHBDNW8,feature_2d2802cba86e5578
B08GHBDNW8,feature_47527f038db4fb0e
B08GHBDNW8,feature_503e79a316883dd2
B08GHBDNW8,feature_52b4d2bee2fd84b5
B08GHBDNW8,feature_65cb69f84a3f355c
B08GHBDNW8,feature_ea58e906f776eda8
B08GHS3TZL,feature_1c0c78cd1f67344d
B08GHS3TZL,feature_375f9764d6e9379c
B08GHS3TZL,feature_3eac26c7f71877a6
B08GHS3TZL,feature_d76f7c248791e19e
B08GHS3TZL,feature_f78f621f33122b1f
B08GKFRK1V,feature_50d1b61505100349
B08GKFRK1V,feature_51f502a7237ba75b
B08GKFRK1V,feature_59128fbeb9790bbb
B08GKFRK1V,feature_73012e0674f79edd
B08GKFRK1V,feature_90415affb8df229b
B08GKFRK1V,feature_a9b7229470e1a8c3
B08GKFRK1V,feature_ab04f494882a42bf
B08GKFRK1V,feature_d57c8d6bdf87d304
B08GKK5JWS,feature_01a9400c01457fd0
B08GKK5JWS,feature_2cdef198e97e88ca
B08GKK5JWS,feature_5c444cd899f6bcdc
B08GKK5JWS,feature_73ec72531307af4b
B08GKK5JWS,feature_8a2434af73479c9c
B08GKL32C9,feature_01a9400c01457fd0
B08GKL32C9,feature_2cdef198e97e88ca
B08GKL32C9,feature_5c444cd899f6bcdc
B08GKL32C9,feature_73ec72531307af4b
B08GKL32C9,feature_8a2434af73479c9c
B08GLPX4SS,feature_0919c4e36b46b6ba
B08GLPX4SS,feature_2b2be202a1c2dc4c
B08GLPX4SS,feature_2f887def33825e52
B08GLPX4SS,feature_36fc0313ab6f813b
B08GLPX4SS,feature_5b810274537ce373
B08GLPX4SS,feature_5caf15922fe2d1f8
B08GLPX4SS,feature_7e68fe324056c4c6
B08GLPX4SS,feature_90f3765db2b5a9bb
B08GLPX4SS,feature_c981f5eb587a4c93
B08GLPX4SS,feature_ed6c9d67ef1b3489
B08GQ8WYT1,feature_056716eb1857ba42
B08GQ8WYT1,feature_17944d28dd33e71e
B08GQ8WYT1,feature_5ef303e2f4cbfac6
B08GQ8WYT1,feature_8518b70cd83764d7
B08GQ8WYT1,feature_de7f65263d9788fb
B08GST17RP,feature_0a35f73cecec18d6
B08GST17RP,feature_247fedb50820bfe2
B08GST17RP,feature_635dca66a242cdf3
B08GST17RP,feature_6d6df851b55c6667
B08GST17RP,feature_9b8e526602bc72a9
B08GST17RP,feature_a27d2652d19b12a2
B08GV7T4KG,feature_a131441a5536993b
B08GY96F87,feature_1c943d0eaa513acf
B08GY96F87,feature_2a821b32948a3557
B08GY96F87,feature_5f63c229a5daded2
B08GY96F87,feature_a723c5d8ef35adaa
B08GY96F87,feature_b5bc4b2c2a48cc1e
B08GYK4KFN,feature_624726c74c63ab64
B08GYK4KFN,feature_64402c4d5cec87b5
B08GYK4KFN,feature_a80b93a7d7a2738b
B08GYK4KFN,feature_f29cba0301c890a4
B08GZGC7PG,feature_957c5ff95bbbae0d
B08GZHSDTW,feature_4b74e66bd638815c
B08H1LFBTQ,feature_2c60ef37ec75bd0c
B08H1LFBTQ,feature_64257775604e0804
B08H1LFBTQ,feature_6439b3cd71ab04a6
B08H1LFBTQ,feature_80578943228a3a72
B08H1LFBTQ,feature_9740f1964c22a42d
B08H1TZ2W8,feature_e2ee60ee1cf914a3
B08H1W2SYF,feature_4cecd4527d18c8a6
B08H2BP656,feature_da5fb92342a82dd4
B08H2GD28H,feature_08f56afa42a28815
B08H2GD28H,feature_4673f48c3c0f0ec4
B08H2GD28H,feature_4bea3ad010d83e13
B08H2GD28H,feature_6904053e1ed5b7b4
B08H2GD28H,feature_6977fb95660a480f
B08H2GD28H,feature_7a724b0e48c2e7dc
B08H2GD28H,feature_e06d637d3cab14b7
B08H2GD28H,feature_e4bb99007cec217d
B08H2GD28H,feature_eda18f6257d76106
B08H2GD28H,feature_f6fe7892f3e0fb72
B08H3P2F7Q,feature_30e7b615c1b5794a
B08H3P2F7Q,feature_515b77fed94e4162
B08H3P2F7Q,feature_85fd627294ac2349
B08H3P2F7Q,feature_a3f89a864a108626
B08H3P2F7Q,feature_a9d98901ff342712
B08H3P2F7Q,feature_aa05c04a29f90aab
B08H3P2F7Q,feature_c856746edfaf7e00
B08H3P2F7Q,feature_dc6048e0f0475b7a
B08H3P2F7Q,feature_f059b701811c6228
B08H3P2F7Q,feature_f5716dfe9d867d85
B08H5RL69R,feature_b13ad503e99cf1a8
B08H5TB2VH,feature_194e0d6aa998fce9
B08H7YPS1Z,feature_1e7e1ec38aa03d38
B08H7YPS1Z,feature_4e1ad302ce8219c5
B08H7YPS1Z,feature_9048a02c541d0453
B08H7YPS1Z,feature_b4e8bd3a189516d7
B08H7YPS1Z,feature_ca47659a0e7a7b9f
B08H847KYM,feature_0c60408c94829fd6
B08H847KYM,feature_33c0e271921aa28c
B08H847KYM,feature_39bfbd4146cc94b7
B08H847KYM,feature_3ec2afc8311f4850
B08H847KYM,feature_966b42cad335a4d6
B08H847KYM,feature_9ac56e0a8d061fb2
B08H847KYM,feature_9b4fb0a9f31fcec4
B08H847KYM,feature_a9fafef74263bd6e
B08H847KYM,feature_c5de5c6f979d7464
B08H847KYM,feature_dde79b2c87bbddfe
B08HC8G5T8,feature_b6e7b0b54b32bf44
B08HCKD45N,feature_22ac2d92b88dc09a
B08HCKD45N,feature_6fd597ec69c11e59
B08HCKD45N,feature_6fd75d19e2bee9ee
B08HCKD45N,feature_964d83aacadc6875
B08HCKD45N,feature_d549faeb7ff20d04
B08HG825DC,feature_e08e79b00ab12a15
B08HGQT46C,feature_220c8daa9db3359d
B08HGQT46C,feature_85478cf55f6a32f7
B08HGQT46C,feature_ce13b053e158e2bc
B08HGQT46C,feature_d2d943e3ce801c8c
B08HGQT46C,feature_d503411dbdcd6a1d
B08HHCNSYK,feature_be53b1d2b7dfb67d
B08HJ3FRDK,feature_0bf0aa80e267aeaf
B08HJ3FRDK,feature_15b2508f1faf7778
B08HJ3FRDK,feature_1605803bdc83f58c
B08HJ3FRDK,feature_4568e61173610272
B08HJ3FRDK,feature_b2e0a985c2324f8e
B08HJ46Z4M,feature_88fa6fffce634f8c
B08HJYF3WW,feature_4a3249ad06994f92
B08HJYF3WW,feature_a196885c2982d20d
B08HJYF3WW,feature_ce155027a39ec02a
B08HJYF3WW,feature_ceb799a62cc115c0
B08HJYF3WW,feature_e233e72035267493
B08HK52V9L,feature_8c2b37d2a657f9ed
B08HK52V9L,feature_9a9b8322565b6dc0
B08HK52V9L,feature_eb3f36e02bfe7dc6
B08HK52V9L,feature_ff11af086354ae3d
B08HK52V9L,feature_ff73a12f8e563800
B08HLFTQ7P,feature_2d52cada0154c72d
B08HLFTQ7P,feature_3203766ef50e1635
B08HLFTQ7P,feature_4f944542e06cd6f2
B08HLFTQ7P,feature_5c6635a33548719e
B08HLFTQ7P,feature_8da9a259abf590e4
B08HLFTQ7P,feature_a15ea44dc54dfc81
B08HLFTQ7P,feature_cb329146a0dd0d56
B08HLFTQ7P,feature_e38cca86d63b0312
B08HLFTQ7P,feature_e930cfdf49f44128
B08HLFTQ7P,feature_f826b490d17fb077
B08HLFV3WM,feature_69d17548491c98fd
B08HLSD26N,feature_0e1411bd7602b528
B08HLSD26N,feature_2172a7d3c640bd94
B08HLSD26N,feature_38a29229ccb2906d
B08HLSD26N,feature_7dee7464b9edde8b
B08HLSD26N,feature_f1d63f112aeb1626
B08HLSD26N,feature_f6cc44b37914a5d8
B08HMPGNVW,feature_37d208db3698cc9f
B08HMPGNVW,feature_5011a4cf4ffeba3a
B08HMPGNVW,feature_5c3ccb92c89457f0
B08HMPGNVW,feature_6126e6bbffd5e321
B08HMPGNVW,feature_766f077027a862f1
B08HMPGNVW,feature_8ad1028ca2ea179f
B08HMPGNVW,feature_8db7ddc2a986bfb1
B08HMPGNVW,feature_ae06896036fb4e7b
B08HMPGNVW,feature_f003d6664fd0f415
B08HMPGNVW,feature_ff9ab9dcccf41a97
B08HN822SN,feature_2bb22920c73c66c6
B08HN822SN,feature_3f9d0de6c4190b48
B08HN822SN,feature_61c81769124d58f8
B08HN822SN,feature_8a2cba3872b158cf
B08HN822SN,feature_bdaa695b9391030d
B08HN822SN,feature_c67f5403b8c3ad99
B08HQCT1GP,feature_0ee4542b8b104c24
B08HQCT1GP,feature_0efd9fd02fe5ea88
B08HQCT1GP,feature_2aaf76d1db041f41
B08HQCT1GP,feature_88fded26db81c687
B08HQCT1GP,feature_e39ec09d94cdd8b5
B08HR5PDN6,feature_067247bf94b3fe2c
B08HR5PDN6,feature_71a396777e1d6779
B08HR5PDN6,feature_778f7be720a23201
B08HR5PDN6,feature_a76c9a6dbda436fa
B08HR5PDN6,feature_e30372e2dfac57b6
B08HRL8XLZ,feature_1627acefdfd9063e
B08HRL8XLZ,feature_1f64027bc0fa02bd
B08HRL8XLZ,feature_a10344e5a0424cd9
B08HRL8XLZ,feature_a4a3381c202ea804
B08HRL8XLZ,feature_dc349e0b391130a6
B08HRL8XLZ,feature_df5892921c827f70
B08HSCS1RQ,feature_25ced0cadd6eb672
B08HSCS1RQ,feature_29d68de6fd2d0d4f
B08HSCS1RQ,feature_4f4b5cf609738524
B08HSCS1RQ,feature_7fc5fddd2f0b572c
B08HSCS1RQ,feature_8643b519268db50e
B08HSH5VSW,feature_c5b9645adae7c663
B08HSK5M7P,feature_10c2171b3e9022b5
B08HSK5M7P,feature_22a70d2879918ed2
B08HSK5M7P,feature_29d68de6fd2d0d4f
B08HSK5M7P,feature_8643b519268db50e
B08HSK5M7P,feature_b8084adedeaa90dd
B08HSSPX1W,feature_42a6ebab0a991519
B08HV2DXZH,feature_0a712df9e8998ba1
B08HV2DXZH,feature_2da6fb349e43f469
B08HV2DXZH,feature_67cf48ada972b820
B08HV2DXZH,feature_8514947256c435ca
B08HV2DXZH,feature_abdea15dcd3aa866
B08HV2DXZH,feature_bb5c933a45f896ca
B08HV4HMN6,feature_443b42535e5a8147
B08HV4HMN6,feature_6d790bf488e10b11
B08HV4HMN6,feature_7a64fd9cf91e66eb
B08HV4HMN6,feature_8514947256c435ca
B08HV4HMN6,feature_abdea15dcd3aa866
B08HV4HMN6,feature_ed0fe5c631cdb4e7
B08HVBNMJ2,feature_0dc1f5be8bf69d51
B08HXR8Y61,feature_39e64339f462bb12
B08HYGLL6K,feature_35e58fbc2d7e13e6
B08HYGLL6K,feature_6e5b4bf7a5daed71
B08HYGLL6K,feature_791ad8f8f437ba0f
B08HYGLL6K,feature_b532c6d798f938d3
B08HYGLL6K,feature_cf81c6cec41dcf8b
B08HYPR25V,feature_0ffa2b4d7263154e
B08HYPR25V,feature_833c35af1b50a927
B08HYPR25V,feature_85e17348292bf038
B08HYPR25V,feature_b195f7d4642ed338
B08HYPR25V,feature_ecbf9cfdcb735e47
B08HZ8DYLQ,feature_5681980f2c1d2ad0
B08HZ8DYLQ,feature_58726c6e03e15c60
B08HZ8DYLQ,feature_c79fa1feae264359
B08HZ8DYLQ,feature_d399be85396fbeb7
B08HZ8DYLQ,feature_eee47ec63cf9794c
B08JCCTSRK,feature_e86480f1b681aa94
B08JCDMKDJ,feature_03d6a194f4b02abf
B08JCDMKDJ,feature_0445f765efb300e5
B08JCDMKDJ,feature_0582e52659ec75c6
B08JCDMKDJ,feature_13eb404253831846
B08JCDMKDJ,feature_61d1df49674d1513
B08JCDMKDJ,feature_6f32a397235e9e66
B08JCDMKDJ,feature_95e02a0353d0c6f9
B08JCDMKDJ,feature_c1d32b78e907ced8
B08JCDMKDJ,feature_d74fff8b64e43b83
B08JCDMKDJ,feature_e8ff090c915325aa
B08JCP9WTG,feature_247909a002e42770
B08JCP9WTG,feature_49af4bcd0504c1fa
B08JCP9WTG,feature_6bee837e9e3b1a76
B08JCP9WTG,feature_6d6794f85d06e225
B08JCP9WTG,feature_7e356be4c0586b74
B08JCP9WTG,feature_87243f169c5c15d0
B08JCX3DL7,feature_2050fd789278429c
B08JCX3DL7,feature_7de25cc90626145a
B08JCX3DL7,feature_8df026b73fd9e951
B08JCX3DL7,feature_8f3e0dd15a3802ae
B08JCX3DL7,feature_af655f056e1d0b51
B08JH916RK,feature_22fc8c93c5546cba
B08JH916RK,feature_47fa7d6034be4a0a
B08JH916RK,feature_83f00e15a583565d
B08JH916RK,feature_89a3584a1e4884c5
B08JH916RK,feature_b423cb67aa1aed9f
B08JH916RK,feature_eda9c5c913af21ef
B08JHXF2DR,feature_1e8303ec2344e075
B08JHXF2DR,feature_58e6d0f300870054
B08JHXF2DR,feature_aad09f8394790ab3
B08JHXF2DR,feature_afc8542e635be981
B08JHXF2DR,feature_ba27b4c9c8fd129c
B08JHY1JR3,feature_2df5c18786200b73
B08JHY1JR3,feature_37cb0991b63b4df6
B08JHY1JR3,feature_41f9ab034f767ad4
B08JHY1JR3,feature_592b3bbd4f773cfc
B08JHY1JR3,feature_5c8a9b5dcf25429b
B08JHY1JR3,feature_97912524f34763ab
B08JHY1JR3,feature_a823943621593599
B08JHY1JR3,feature_b172fddebcf4a5ec
B08JHY1JR3,feature_c70d13111954b57f
B08JHY1JR3,feature_d958acb09b2ab510
B08JJTZJQ2,feature_633d13769152b268
B08JPLLBDC,feature_43f3db054e04678e
B08JPLLBDC,feature_5c5195d510b1f88a
B08JPLLBDC,feature_b8cc5376a31404c7
B08JPLLBDC,feature_bbad005e29e830b2
B08JPLLBDC,feature_e802e115f14eed93
B08JPLLBDC,feature_ff71f8acc0dee312
B08JQN33CD,feature_eb105d7e03152dfe
B08JS431S6,feature_3565f566aebe731e
B08JS431S6,feature_46add5579b6ef3fe
B08JS431S6,feature_50fd67a668d30c6c
B08JS431S6,feature_5a2cb02fbd87232d
B08JS431S6,feature_933b5d17e9412c2c
B08JS431S6,feature_9983c152629d8535
B08JS431S6,feature_a3c1002f623a6cdb
B08JS431S6,feature_b6fa48df68dcce0a
B08JS431S6,feature_bc8a9f3e7f651179
B08JS431S6,feature_c775d61adfb53056
B08JT4WGB8,feature_0e8c5d870c88e347
B08JT4WGB8,feature_3a3a1b12cd924cf6
B08JT4WGB8,feature_44a1095135b92cae
B08JT4WGB8,feature_936a56229123b506
B08JT4WGB8,feature_9e1bd376d2341ea6
B08JT4WGB8,feature_ec59003c4cd50bba
B08JTTL8WR,feature_207f3cfc9e23419f
B08JTTL8WR,feature_8b8722e2d9163e95
B08JTTL8WR,feature_91aaf09ed5b06556
B08JTTL8WR,feature_f687b5e888e527b3
B08JTTL8WR,feature_fea8ea433c0e8045
B08JVK8B58,feature_16f573c5bf90336f
B08JVK8B58,feature_21fa05c4016dc07b
B08JVK8B58,feature_28043b1946e7f0d0
B08JVK8B58,feature_29d00f4a87de3fea
B08JVK8B58,feature_30eaf23f3e535661
B08JVK8B58,feature_c1ed93b289c7a7a3
B08JYCT3C7,feature_2736927232d27f2e
B08JYCT3C7,feature_3f7bc9a944ccd6e1
B08JYCT3C7,feature_49f234cdf1507532
B08JYCT3C7,feature_c7230dd16d75d6a9
B08JYCT3C7,feature_f74961773df06130
B08JYGKL81,feature_29ba926cb46ec4b5
B08JZ11R8L,feature_29fecd6f7ae5c525
B08JZ11R8L,feature_3dfd14b0b15545e7
B08JZ11R8L,feature_3e0ea45221406a7c
B08JZ11R8L,feature_3e78084cac65ad45
B08JZ11R8L,feature_eafd5e5304c365fc
B08K5JMSY2,feature_ac1fe11e0a5ef178
B08K72B26Y,feature_0613efe377ef0a9f
B08K72B26Y,feature_1a49c7a1b3099a62
B08K72B26Y,feature_4345a730e50899ef
B08K72B26Y,feature_4f1164f296768f4a
B08K72B26Y,feature_73952369c945e72c
B08K72B26Y,feature_9af745d6469bdd5f
B08K72B26Y,feature_ab41c309c711f934
B08K72B26Y,feature_c4f22b71d900cfc2
B08K72B26Y,feature_d79f866e9a05e2f1
B08K72B26Y,feature_dfe452ea446d8fd2
B08K8PCZD1,feature_3139407ef390b3f1
B08K8PCZD1,feature_3da2e6ba1bf78f6e
B08K8PCZD1,feature_3f46ba717e397639
B08K8PCZD1,feature_5a8b3db7929320ad
B08K8PCZD1,feature_b6dd9322a4ef55b7
B08K8PCZD1,feature_bb8107c5a24525e0
B08K8PCZD1,feature_c7b974a481f9d7b1
B08K8PCZD1,feature_d8e5643391a301f1
B08K8PCZD1,feature_e3dfa82767c09ef3
B08K8PCZD1,feature_e738a5a1733240c8
B08K93F4R4,feature_21353cbebea28224
B08K93F4R4,feature_36d7e980a7d6892a
B08K93F4R4,feature_4bccb4d1f1c4c082
B08K93F4R4,feature_795ef61b08ca5cff
B08K93F4R4,feature_9e88fc5ff12bacca
B08K93F4R4,feature_aaa2122dcb595ff8
B08K93F4R4,feature_cfaf6c3971794ffc
B08K93F4R4,feature_cfe1ae55211b2da9
B08K93F4R4,feature_f128ae91000dc273
B08K93F4R4,feature_f692daa63f7b32d7
B08K97DCYR,feature_5f10c8a999b96c0d
B08K97DCYR,feature_f3a33b83773294e7
B08K9B8B4X,feature_51f4472e048d4644
B08KDDWQL9,feature_09043fe213db1c61
B08KDDWQL9,feature_1cf79be8503a57ed
B08KDDWQL9,feature_2ef1f50e685c1988
B08KDDWQL9,feature_61699621da030c07
B08KDDWQL9,feature_65c0d7c07a1a8bc6
B08KDDWQL9,feature_f299bdf9ac3a2387
B08KDK84NH,feature_1b463a5358101c3d
B08KDK84NH,feature_a38cc8933d7399ca
B08KDK84NH,feature_c3c73c1cefc38f6f
B08KDK84NH,feature_e935d088df975b7b
B08KDK84NH,feature_eae4e656ff1949a0
B08KDRMQPV,feature_0cb67778d0c3f020
B08KDRMQPV,feature_11b7b342d4772e43
B08KDRMQPV,feature_48b99c2f6bc83e28
B08KDRMQPV,feature_7bc3982324921076
B08KDRMQPV,feature_874bf902c96e7e91
B08KDRMQPV,feature_cfffbe5354f5c1ba
B08KDRMQPV,feature_db9b260415cc4fa5
B08KDRMQPV,feature_e0bc18b952de1812
B08KDRMQPV,feature_ea3b31e458ece5a7
B08KDRMQPV,feature_eee862dac9bcca31
B08KFPNFK7,feature_8c73ef939b322f1c
B08KHQ5PDX,feature_26ebf4043f36df12
B08KHQ5PDX,feature_9f5a0a9a01298da9
B08KHQ5PDX,feature_a1a77dcc132e91c4
B08KHQ5PDX,feature_b669fd277c24166d
B08KHQ5PDX,feature_fce8ffd8705223ba
B08KLD4SVT,feature_134fc6a03ec1aa4a
B08KLD4SVT,feature_4e7eb5856951c1dc
B08KLD4SVT,feature_c1fdd2eed6d4d875
B08KLD4SVT,feature_cf245185e03002dd
B08KPXLNLH,feature_3a0ea1786b608e1d
B08KR7G4Y5,feature_2cb446ae01620601
B08KR7G4Y5,feature_426c9f21809d2b0d
B08KR7G4Y5,feature_9766123afbc0a4b1
B08KR7G4Y5,feature_df4fb3004ebe88a5
B08KR7G4Y5,feature_fa5c687c0a0ef01e
B08KSN8CF1,feature_3457474bee045a3b
B08KSN8CF1,feature_8fd7903d5b0297f3
B08KSN8CF1,feature_ba480ce726563e93
B08KSN8CF1,feature_cb08adbf00b874de
B08KSN8CF1,feature_cef03a274de414a8
B08KT22DRG,feature_0d8e390a3488ccf3
B08KT22DRG,feature_37a930cbc0924364
B08KT22DRG,feature_3c6cb68567d140dd
B08KT22DRG,feature_86bd0b88a4db5d61
B08KT22DRG,feature_893234f935da23a3
B08KT22DRG,feature_8c042941e654ca22
B08KTCH8PL,feature_2a7f143d5f7e5651
B08KTCH8PL,feature_436458206137f9fd
B08KTCH8PL,feature_bae3ffa3098f943b
B08KTQ8KFZ,feature_32c7f9cec1a9615b
B08KTQ8KFZ,feature_846238378632311e
B08KTQ8KFZ,feature_ba40fc97d45a9b3d
B08KTQ8KFZ,feature_e47552b81e36cdb0
B08KTZCKNX,feature_1895fe10636919a6
B08KTZCKNX,feature_26d27ed82386e21b
B08KTZCKNX,feature_4f4c0b9aec129876
B08KTZCKNX,feature_636a0dbefcc06b17
B08KTZCKNX,feature_7afd1034692ce9f5
B08KTZCKNX,feature_8174fb78be0f2ee6
B08KTZCKNX,feature_82852cf3e9d2da8e
B08KTZCKNX,feature_ad86109f7e6bdef6
B08KTZCKNX,feature_d2dcf02bfa72c300
B08KTZCKNX,feature_d3ae083c6e31a60c
B08KVY5RF7,feature_21cd521d2b75b20e
B08KVY5RF7,feature_2406a2c02e36a4a5
B08KVY5RF7,feature_7bed3a1fb3ece5c3
B08KVY5RF7,feature_8e8243e29dd85a35
B08KVY5RF7,feature_c126dea81c5f28e9
B08KVY5RF7,feature_d10b704ad0026f40
B08KW15N2L,feature_13efb4ef1e8acb44
B08KW15N2L,feature_1677e2e186e9412a
B08KW15N2L,feature_32bc76797ba3c39c
B08KW15N2L,feature_78b158e41f82097b
B08KW15N2L,feature_994081f5f9dc153a
B08KW15N2L,feature_cd211d937787f336
B08KWFLP1Y,feature_501c8ffd25490baf
B08KWFLP1Y,feature_56c61f760f634e26
B08KWFLP1Y,feature_6f43c47146a12079
B08KWFLP1Y,feature_c3c29a0eee87cac3
B08KWFLP1Y,feature_c4b357cef3b1e2ff
B08KWFLP1Y,feature_f8cde72575b158e7
B08KY36DSN,feature_07b061b046880a47
B08KY36DSN,feature_166a06d07dc53c2a
B08KY36DSN,feature_4f40c0a0161a5ae5
B08KY36DSN,feature_6f3196138226622f
B08KY36DSN,feature_e60ebfc31f8c06e7
B08L364N13,feature_ee062cd2c15e289f
B08L3QBHGQ,feature_14521eb5767648b5
B08L3QBHGQ,feature_189cc115a26f51dc
B08L3QBHGQ,feature_34620a1bb40e6709
B08L3QBHGQ,feature_4447c392bcb1af81
B08L3QBHGQ,feature_55502859c68f3d50
B08L3QBHGQ,feature_f35c6253e031427f
B08L45SKQL,feature_eb2c337c1c31ea23
B08L4M1Q96,feature_087bb9799ab4fa04
B08L4M1Q96,feature_103f4e7d3505b923
B08L4M1Q96,feature_1bc884e68195ab79
B08L4M1Q96,feature_2c4d8d8d98469d0f
B08L4M1Q96,feature_3eacfc7e25f1c8bc
B08L4M1Q96,feature_6b582d758866e32a
B08L4M1Q96,feature_94ef1e4d28fabf80
B08L4M1Q96,feature_ab6181c20c86d5d0
B08L4M1Q96,feature_b0d626708daa3c8e
B08L4M1Q96,feature_ce6c028c34c9c91e
B08L4MCFHJ,feature_127d938eade5a4ef
B08L4MCFHJ,feature_211fea6a806bcba9
B08L4MCFHJ,feature_3dd7942cd7a56e9c
B08L4MCFHJ,feature_455f0ac4ca382e7f
B08L4MCFHJ,feature_9091eb84d2362022
B08L4MCFHJ,feature_bef3d105ff707db3
B08L4MCFHJ,feature_c12e4877812c470c
B08L4MCFHJ,feature_d927fd210e05e964
B08L4MCFHJ,feature_e6069372dd84c494
B08L5MZD4R,feature_0a58219fffc4e4cd
B08L6T3QDB,feature_70bba862d4649b67
B08L8X6Q5J,feature_196b2d571f677a9d
B08L8X6Q5J,feature_2be973b6da3561cc
B08L8X6Q5J,feature_31bde45efd6a041e
B08L8X6Q5J,feature_da54e0811288a4f6
B08L9ZYWQ6,feature_0e30dbc6a7f59a2b
B08L9ZYWQ6,feature_2583ff28bba5ef26
B08L9ZYWQ6,feature_25f4115bb5704694
B08L9ZYWQ6,feature_7b28d3b04129f161
B08L9ZYWQ6,feature_962237394671d653
B08L9ZYWQ6,feature_ef90fc4f9c4166ad
B08L9ZYWQ6,feature_f0976e24dd4ad2a6
B08LCWH97Y,feature_095f2bf7e12845e8
B08LCWH97Y,feature_1344bd72012ff7af
B08LCWH97Y,feature_1bce527b09208594
B08LCWH97Y,feature_1ceb345227e7c6ee
B08LCWH97Y,feature_29fb1dd31db8fdee
B08LDYS439,feature_5225c4e6af6d16f7
B08LDYS439,feature_8e82c2c5c856e52a
B08LDYS439,feature_9a1a04f7dd0ba52c
B08LDYS439,feature_dcb67179f7dd1a98
B08LDYS439,feature_ea2668b523c2dc82
B08LGC7JVS,feature_2f9c93723dbaf4a6
B08LGC7JVS,feature_3a28024f3db3d9d8
B08LGC7JVS,feature_3daa7b283e6e0b26
B08LGC7JVS,feature_6821e75d2b109949
B08LGC7JVS,feature_6ca551d3f12e00d3
B08LGC7JVS,feature_9148dd2f747fd775
B08LGC7JVS,feature_d380d4fc7d6c6490
B08LGC7JVS,feature_d8c85fabf589cdb3
B08LGC7JVS,feature_d8e79243ebf740bf
B08LGC7JVS,feature_f99f4c29782c5d8d
B08LGFCN2W,feature_06fdb63cce2e7694
B08LGFCN2W,feature_44d9bb71bb8c462f
B08LGFCN2W,feature_6dc4cd01389062e9
B08LGFCN2W,feature_7389921a455c78d0
B08LGFCN2W,feature_8f8ac480482b589a
B08LGFCN2W,feature_b9a7779381e1e346
B08LGFCN2W,feature_c544e791f322eed5
B08LGFCN2W,feature_d81ace7fe4b8fda0
B08LGFCN2W,feature_e8ea137e4f205dda
B08LGFCN2W,feature_f8196100dc6042a9
B08LGKQBWP,feature_002786c65a7658b1
B08LGKQBWP,feature_0e925404f64db7c9
B08LGKQBWP,feature_3237b3674cac0642
B08LGKQBWP,feature_35862e58f648dcb3
B08LGKQBWP,feature_6d9f3b4592948ad2
B08LGKQBWP,feature_8417179b6dd7490f
B08LGKQBWP,feature_bb7e2294514f0b69
B08LGKQBWP,feature_dc74c97318019134
B08LGKQBWP,feature_e213d9b9f6ec854a
B08LGKQBWP,feature_e5467980ff9d01b4
B08LKDXV94,feature_098c9ea159f7b8ce
B08LKDXV94,feature_60fec1cab52c846d
B08LKDXV94,feature_676b46f0bb48a95d
B08LKDXV94,feature_9cdf81d40ca96002
B08LKDXV94,feature_f75349b7b2698913
B08LKDXV94,feature_f7e893989fc0ddf9
B08LKL1NYT,feature_23f39fe182f90040
B08LKL1NYT,feature_549b6a3b1b8fdde2
B08LKL1NYT,feature_5af72984aa8a5ae7
B08LKL1NYT,feature_935c8c43d85cf7b9
B08LKL1NYT,feature_fe067c5a58932104
B08LMFDN1H,feature_1895fb6113c3cbd6
B08LMFDN1H,feature_4e360adfc7c354d1
B08LMFDN1H,feature_6b0f416ffd5d4cd5
B08LMFDN1H,feature_7d846a4bb15eab04
B08LMFDN1H,feature_b9b5b286b6e62b24
B08LN923HL,feature_ed99c1000ac2fe2f
B08LQZSNBN,feature_336bc70b4716ba9a
B08LQZSNBN,feature_5b9b5010a4a65496
B08LQZSNBN,feature_7f00e2f859dbb06f
B08LQZSNBN,feature_e02006e93b216b76
B08LQZSNBN,feature_fc2c45a7bcf7d1db
B08LR99XXD,feature_036f99bcc99705a1
B08LR99XXD,feature_2dd211f1eeda2d45
B08LR99XXD,feature_a1e5b87278afb444
B08LR99XXD,feature_bc2c5352888669dd
B08LR99XXD,feature_c5689434f46b0421
B08LR99XXD,feature_e8838a675a7e0a2b
B08LVGC9ZQ,feature_54638af5eb73a9c2
B08LVSPBHJ,feature_001a7c0d03da5b74
B08LVSPBHJ,feature_00922f96128ea567
B08LVSPBHJ,feature_01121a8b8d85f788
B08LVSPBHJ,feature_f2fa554265d7b96d
B08LW4Z57J,feature_14f67bad704b84ad
B08LW4Z57J,feature_16c09e0bcdd27f7b
B08LW4Z57J,feature_6588d9628d540830
B08LXJYHSN,feature_2f5254fd8081b35f
B08LXJYHSN,feature_396ab5f6406bc059
B08LXJYHSN,feature_88757f503c726afa
B08LXJYHSN,feature_eb4130c0509e9bc5
B08LXJYHSN,feature_f893861e49910548
B08M12XM5J,feature_16ed56d168643d46
B08M12XM5J,feature_23c700d2feb92012
B08M12XM5J,feature_2e74bc211b20480c
B08M12XM5J,feature_55aad86ed67c2dae
B08M12XM5J,feature_67aee7bf4f3b5b0a
B08M12XM5J,feature_70636cc061bc4252
B08M12XM5J,feature_7355e715395721e4
B08M12XM5J,feature_da5d76ae1f93d021
B08M12XM5J,feature_eaa2a946277f16ce
B08M12XM5J,feature_f1997c312a278e34
B08M1MDVG7,feature_01b5b09acf1267b7
B08M1MDVG7,feature_5b9849925813f1e0
B08M1MDVG7,feature_5f6e4f21793ad2d7
B08M1MDVG7,feature_7e4579c7788cea47
B08M1MDVG7,feature_8a7e4b328f3a0e84
B08M1MDVG7,feature_a4baacade841a894
B08M1MDVG7,feature_a9a5af96e0483f83
B08M1MDVG7,feature_b7c708f765d42103
B08M1MDVG7,feature_bb8dff0890f977ff
B08M25N9MG,feature_2ed1ce8fba00d18b
B08M25N9MG,feature_68d19c36547d3ce3
B08M25N9MG,feature_87d0fb7e96351f15
B08M25N9MG,feature_968803446b8a067e
B08M25N9MG,feature_b59279e43d2418d4
B08M25N9MG,feature_d7970e2ea3fd75b9
B08M4F6FCT,feature_b6e5a5f01b0fe9b3
B08M6BSR5Z,feature_122ed86bde773bbe
B08M6BSR5Z,feature_2c8c48801b4ef246
B08M6BSR5Z,feature_3ef72e1d5d57e488
B08M94976X,feature_dd17b231ab33e007
B08MBCM9MN,feature_3aaeddef66570b89
B08MBGPGMN,feature_49db1c558a8948ae
B08MCLM9V7,feature_01f31a5cd17a37f4
B08MCLM9V7,feature_1686d89bfe9c2a1f
B08MCLM9V7,feature_40c39f254aa6e4a8
B08MCT8C27,feature_06346be93e1d312d
B08MCT8C27,feature_0d969c4125361e60
B08MCT8C27,feature_4a59f2e4617abf93
B08MCT8C27,feature_8220c4a524d3788f
B08MCT8C27,feature_91a0a506afc118df
B08MCT8C27,feature_c7d2f1f04c105222
B08MF3W9DZ,feature_0579f9e30c8fb5b8
B08MF3W9DZ,feature_4ba69e1942cc7a8f
B08MF3W9DZ,feature_4d113334cfa17f14
B08MF3W9DZ,feature_533a396e780c4439
B08MF3W9DZ,feature_7cf9231e56886b99
B08MF3W9DZ,feature_b46e6a52a839619e
B08MF3W9DZ,feature_f54be615afd06dea
B08MF3W9DZ,feature_fe558ec50633effa
B08MFQ17GG,feature_33eb445f5d32b023
B08MHTVY3Q,feature_3692ebe852b24b53
B08MHTVY3Q,feature_3cb35b3dc0e581b7
B08MHTVY3Q,feature_3ee6b3398b4719ed
B08MHTVY3Q,feature_7af2ea39fe456e41
B08MHTVY3Q,feature_a432ee07b613d0c0
B08MHTVY3Q,feature_f6e158d9e6f53c86
B08MLDQZX4,feature_0d25c5c0eb00860f
B08MLDQZX4,feature_3aa93f5e12fbe2c1
B08MLDQZX4,feature_48177efff2a9a2ad
B08MLDQZX4,feature_831fac3d36773020
B08MLDQZX4,feature_93443a3fc6706f2c
B08MLDQZX4,feature_c30230b3863be7da
B08MMYXYFJ,feature_1a870e7083864a55
B08MMYXYFJ,feature_bf7f829176e0e6fe
B08MPF3G9D,feature_e5b31fbe0e51eee7
B08MRRNL18,feature_222d5d0f781d1c85
B08MRRNL18,feature_234b269d7c4ced88
B08MRRNL18,feature_5611b03a9cbac8a7
B08MRRNL18,feature_d2165251400b221c
B08MRRNL18,feature_d535d6552a7d986a
B08MRRNL18,feature_da0df6521e66704e
B08MVFKSQ8,feature_20b9e6cfd47b5d69
B08MVFKSQ8,feature_23db3aa3b511d5ef
B08MVFKSQ8,feature_3cff02859a70f5f9
B08MVFKSQ8,feature_77b0ae09c51dabbd
B08MVFKSQ8,feature_7a30b19b3a1cbfed
B08MVFKSQ8,feature_a8dae0936cc6e80c
B08MVFKSQ8,feature_b6ed7f4c54127987
B08MVFKSQ8,feature_cfdc1ad75a92ed54
B08MVFKSQ8,feature_d3f4c02f27999ae4
B08MVFKSQ8,feature_ee2220b9001bf621
B08MVHTZ84,feature_baa5bcae2a4424f3
B08MW25XP9,feature_1a34d270a99ece52
B08MW25XP9,feature_3dde4a7c04598d59
B08MW25XP9,feature_7217b78514daba9a
B08MW25XP9,feature_8f81a35a1d0affc1
B08MW25XP9,feature_97fb151095401b17
B08MW25XP9,feature_aa5f7993c14daab0
B08MW25XP9,feature_aa831c0e8c51de8f
B08MW25XP9,feature_c6f877b417ed1668
B08MW25XP9,feature_e43506da747b6685
B08MW25XP9,feature_e9cea0ff63b389c8
B08MW9TP36,feature_c726203c93c71768
B08MWRBFHM,feature_e7ba213a6179c61d
B08MWRYNP2,feature_0a913e6f8c0cea29
B08MZKBZX7,feature_055312229ca0cee2
B08MZKBZX7,feature_1a8eaa00025be0ae
B08MZKBZX7,feature_36fb508af7764d52
B08MZKBZX7,feature_3f05ede8fb702669
B08MZKBZX7,feature_4f944542e06cd6f2
B08MZKBZX7,feature_79a3b6581aef9f55
B08MZKBZX7,feature_a24d3063f9127d5b
B08MZKBZX7,feature_cb329146a0dd0d56
B08MZKBZX7,feature_e930cfdf49f44128
B08MZKBZX7,feature_f77cb47be67ac68b
B08MZQ4H4N,feature_09cf156646df47f9
B08MZQ4H4N,feature_0bf4931622a4e13a
B08MZQ4H4N,feature_2fba24c7da9fe95c
B08MZQ4H4N,feature_c61ac5ed44563d08
B08MZQ4H4N,feature_fabde6be78615f06
B08N17HDWY,feature_4f412f1bcb3869a9
B08N17HDWY,feature_6f46f194015c2794
B08N17HDWY,feature_88256e5500f8bf96
B08N17HDWY,feature_bd6342efa7820a6a
B08N17HDWY,feature_fca5b69285485bf9
B08N34JZJ2,feature_1505408f08bee0be
B08N34JZJ2,feature_5a99b99169cf6b72
B08N34JZJ2,feature_931c09f3d14051d8
B08N34JZJ2,feature_ca6f6fed44e2042f
B08N34JZJ2,feature_ef2cb7a78704e01a
B08N3XB89N,feature_0faf6b30301423c6
B08N3XB89N,feature_31dc22a5a3b5108a
B08N3XB89N,feature_58221bb8cf7bd866
B08N3XB89N,feature_630597e7b01e8df0
B08N3XB89N,feature_8ba72d78bffd1f6e
B08N3XB89N,feature_9f7367925692f82b
B08N3XB89N,feature_a3e2c602a180305a
B08N3XB89N,feature_a8792246fcff67d8
B08N3XB89N,feature_ee1d2bce7c8f2195
B08N3XB89N,feature_f4279214b643403e
B08N4GTJ7J,feature_3a8b3f99214660d2
B08N4GTJ7J,feature_51ef8bd61bc25d57
B08N4GTJ7J,feature_7dcf2a93b6a32ec4
B08N4GTJ7J,feature_a3a956c2e30bc42e
B08N4GTJ7J,feature_c62ef33011d8dc54
B08N59FCXP,feature_11f839087f141dee
B08N59FCXP,feature_2a8d62c5c4f255c2
B08N59FCXP,feature_5e6bc7c28b133111
B08N59FCXP,feature_b2fcccdfb7ca10cf
B08N59FCXP,feature_f1bd9a3ef2bfc18a
B08N59PWV6,feature_b749bfaaeb4b3004
B08N5KMKH4,feature_fb2a5cd64bda5a3e
B08N5NDVGH,feature_037744a6aa8bf468
B08N5NDVGH,feature_194380704f5f4a38
B08N5NDVGH,feature_8800fae535a85ea6
B08N5NDVGH,feature_9438e34f98980c72
B08N5NDVGH,feature_dc7fc14381d505a7
B08N6Y564F,feature_03d6a194f4b02abf
B08N6Y564F,feature_545ad5681469a22c
B08N6Y564F,feature_5c6e037a86a771df
B08N6Y564F,feature_5eedef01d1276c01
B08N6Y564F,feature_945fe8e3a0d39b90
B08N6Y564F,feature_97912524f34763ab
B08N6Y564F,feature_9ffdf6f70bed29d2
B08N6Y564F,feature_b8106aa7d08041f6
B08N6Y564F,feature_c0c91533c59a91cf
B08N6Y564F,feature_d25f58a8c0f16bdf
B08N9S8G9T,feature_7a0a66618ae5cde4
B08NCHTZ1C,feature_409f6c6a6ecd8508
B08NCHTZ1C,feature_64387c88ce538588
B08NCHTZ1C,feature_70a489fe719d95c8
B08NCHTZ1C,feature_ab260ffc577aae0c
B08NCHTZ1C,feature_bcdb20da953c5a9b
B08NCHTZ1C,feature_efb451f4c0e822ea
B08ND3YJRP,feature_19a8e778bca2890a
B08ND3YJRP,feature_25d135f0c1345b3c
B08ND3YJRP,feature_58c296a6e75ad1e8
B08ND3YJRP,feature_9df8ebb0acce0be0
B08ND3YJRP,feature_e6724afd0b09b45b
B08ND3YJRP,feature_f1b0dc7f1e2fef97
B08NFC3G2Q,feature_ad884778db724740
B08NFJ1Y5C,feature_d5b4f5e987d11281
B08NGKHVYK,feature_512e245f98f46af1
B08NGKHVYK,feature_8b7d3bb83785bcc1
B08NGKHVYK,feature_9de83471b6bfd7a6
B08NGKHVYK,feature_a4696cc9bf283b6f
B08NGKHVYK,feature_ec0c65f8d9b5c898
B08NGKHVYK,feature_f4a2d3988388a8eb
B08NHBF2X9,feature_debc9e285ee36d33
B08NHQ8RM2,feature_19734cd0774db6c8
B08NHQ8RM2,feature_1e171c175e5cc6b7
B08NHQ8RM2,feature_67a4513e3ab1c9aa
B08NHQ8RM2,feature_a24568b3c949032e
B08NHQ8RM2,feature_a959c3e4aba88450
B08NHQ8RM2,feature_ce7aa6bff4f72d4d
B08NHQ8RM2,feature_d8af52aec4d6a300
B08NHQ8RM2,feature_e5266f9d89de4db4
B08NHQ8RM2,feature_f92bbe05b6aec731
B08NHTHD2G,feature_28c37d1bf8c7d1f1
B08NHTHD2G,feature_3bfff789df845e5c
B08NHTHD2G,feature_64e600541969f976
B08NHTHD2G,feature_71b9143b29d0a67b
B08NHTHD2G,feature_7482fe63399940e2
B08NK8K37Z,feature_87dcde74de3a908a
B08NNRQD3Y,feature_227ee7b5155978f6
B08NNRQD3Y,feature_528ecaaa563b2ecf
B08NNRQD3Y,feature_894d820696b98db7
B08NNRQD3Y,feature_946dfb4156553744
B08NNRQD3Y,feature_fcba496989a06535
B08NNRQD3Y,feature_fd3b3f446fad79f9
B08NX1FQFR,feature_013cfcfdcf31dadb
B08NX1FQFR,feature_2be7b824db8cfa01
B08NX1FQFR,feature_6cb28db4dddd40cf
B08NX1FQFR,feature_bc4a8eacc33aa9d7
B08NX1FQFR,feature_c14b782f2ba35d33
B08NXTMN78,feature_bf5b7f58c9e3e44f
B08NXYJL2Q,feature_02ec93c5a528c8b3
B08NXYJL2Q,feature_19859aba38fabd5d
B08NXYJL2Q,feature_3b9516c2974e6777
B08NXYJL2Q,feature_b314586a45664f5f
B08NXYJL2Q,feature_e0860857a9a16196
B08NZCDCNR,feature_1384b9052a561877
B08NZCDCNR,feature_69217f0f51921528
B08NZCDCNR,feature_782c93ed4502a316
B08NZCDCNR,feature_cecd8488426c0000
B08P3PMM88,feature_663f54fc60c96af7
B08P3PMM88,feature_9ed8d0f7a1c29319
B08P3PMM88,feature_9f8b22bb3223f785
B08P3PMM88,feature_d95208c8535ad4f1
B08P3PMM88,feature_f8d4f56cc2909860
B08P3SKL34,feature_e0123a6cc2366d26
B08P49YLB5,feature_4288c5095058a61e
B08P49YLB5,feature_4ae4fe1f75ff89b1
B08P49YLB5,feature_5a07f2fd33c145ed
B08P49YLB5,feature_aea37e11077d16ae
B08P4R1BV9,feature_071cf9b00016713f
B08P4R1BV9,feature_52185f60063cc277
B08P4R1BV9,feature_5d9bc3d73cce3f82
B08P4R1BV9,feature_67c95316b3789117
B08P4R1BV9,feature_8e22a1f5b84bcd01
B08P4RCLH5,feature_271c5a3d283a8cb9
B08P4RCLH5,feature_724abd4eb7daa3c2
B08P4RCLH5,feature_75a67d5852b5b27c
B08P4RCLH5,feature_ab1de8ac0dd184b9
B08P4RCLH5,feature_b683a0ed6761c726
B08P4RCLH5,feature_ff151d30beca5e36
B08P53H9BV,feature_02faed4fc5726da2
B08P53H9BV,feature_0e62bf4309c08006
B08P53H9BV,feature_a459e21ad3bdaf79
B08P53H9BV,feature_d2a3f834bd5cfb6b
B08P53H9BV,feature_e28591b101ae901e
B08P545LHF,feature_6f39b2193d2c452f
B08P5Z7FP5,feature_9e8a59f663b5e3f1
B08P7T2S42,feature_038d7bbf54d370a2
B08P7T2S42,feature_27c9a62a8efeb5ea
B08P7T2S42,feature_776e417b17acfd88
B08P7T2S42,feature_7edb3373d099a449
B08P7T2S42,feature_d71a1713125f8092
B08P7T2S42,feature_f29f3bd7ba726013
B08P9QCF71,feature_245fd217c216817e
B08P9QCF71,feature_34033eb98e4c81ed
B08P9QCF71,feature_567424d20316aa83
B08P9QCF71,feature_68de462bdbcea1ce
B08P9QCF71,feature_818c5eab300427a1
B08P9QCF71,feature_a6e0e9e0f8288686
B08P9QCF71,feature_bb4ddfedf95824f1
B08P9QCF71,feature_e1aaec1eadc67d9b
B08P9QCF71,feature_e575dab79c0a0051
B08P9QCF71,feature_f45e73dc4d034b8d
B08PDZ78YS,feature_5df487cf0317ef47
B08PDZ78YS,feature_9677205bb92522cc
B08PDZ78YS,feature_a9427f5c28353133
B08PDZ78YS,feature_e15b9d7457e49bd5
B08PJZ82LD,feature_66c4932902e50b7b
B08PJZ82LD,feature_a1db67d29329b2bb
B08PJZ82LD,feature_a72bb2340435b758
B08PJZ82LD,feature_cef03a274de414a8
B08PJZ82LD,feature_e98bc159a9fa5144
B08PLFZB89,feature_02529257416ee645
B08PLFZB89,feature_043d2f876a327eae
B08PLFZB89,feature_4ef2ed01d59baaaf
B08PLFZB89,feature_7c6dbd8f790edd90
B08PLFZB89,feature_a0b50e139c47664b
B08PLFZB89,feature_b1867fe02c4b9e18
B08PMPHMJK,feature_00fa178fc5ec7d04
B08PMPHMJK,feature_174d56903dd2d45a
B08PMPHMJK,feature_2c84217183dd12ec
B08PMPHMJK,feature_3e445cd3eb165792
B08PMPHMJK,feature_46c4017611cad98f
B08PMPHMJK,feature_82ac9c353344cc3d
B08PMPHMJK,feature_9067a40989a2295e
B08PMPHMJK,feature_aa5dcb270e36140b
B08PMPHMJK,feature_f7b48487a2e4f83e
B08PNMC4XT,feature_0e5aeff86bc2d4cd
B08PNXY486,feature_174ed45e39883967
B08PNXY486,feature_29df25e69b312be0
B08PNXY486,feature_482bfca755b675da
B08PNXY486,feature_5a9020ba2e3ddd06
B08PNXY486,feature_70729652e3d8a261
B08PNXY486,feature_733c23cdfc72573f
B08PNXY486,feature_7fc0144742c84e45
B08PNXY486,feature_ca1dddd8b26a2f46
B08PNXY486,feature_e22cfa87995b52b0
B08PNXY486,feature_ebe5ca659eefcc71
B08PPDLHWN,feature_24b67babb87925bb
B08PPDLHWN,feature_302eb0b2430909cd
B08PPDLHWN,feature_3c4773dbf69323d1
B08PPDLHWN,feature_4040e7fd4625cbb6
B08PPDLHWN,feature_591de9429f450474
B08PPDLHWN,feature_9d89cadf52416ed5
B08PPDLHWN,feature_b172fddebcf4a5ec
B08PPDLHWN,feature_b6872dd3e7e2446e
B08PPDLHWN,feature_cb329146a0dd0d56
B08PPDLHWN,feature_ce2a8e1a37b99a7d
B08PSKWT96,feature_3410db35beb6d982
B08PSKWT96,feature_3e84e82073b86674
B08PSKWT96,feature_557dee7f49c13268
B08PSKWT96,feature_7c9bcf5130d30e69
B08PSKWT96,feature_a950c19e26a04dc4
B08PSKWT96,feature_b9a813025e88a8c0
B08PSKWT96,feature_c5beadb648b584b3
B08PSKWT96,feature_d2dc820fd93ef1a7
B08PSKWT96,feature_d380d4fc7d6c6490
B08PSKWT96,feature_eae0df4a128b5800
B08PSS11NS,feature_49f879d274edf67a
B08PYSJ1RR,feature_276d6df55c3bc91e
B08PYSJ1RR,feature_2d33cda758c8ade7
B08PYSJ1RR,feature_3154c500289e058b
B08PYSJ1RR,feature_3e6492f35e7a19e6
B08PYSJ1RR,feature_5d399f6aa6eaa5b3
B08PYSJ1RR,feature_703b71fabb82585b
B08PYSJ1RR,feature_8568b0298cf3fdb0
B08PYSJ1RR,feature_97912524f34763ab
B08PYSJ1RR,feature_bac73d66071b17d0
B08PYSJ1RR,feature_d554bbcbafeee4eb
B08Q363R7M,feature_d343e7a4705e68b9
B08Q39G4MT,feature_7b1a959581815559
B08Q39G4MT,feature_8e5caeb303300fec
B08Q39G4MT,feature_c736cc87a4c1b158
B08Q3HY49Y,feature_5965b0e8c51cc7a0
B08Q3HY49Y,feature_89db63657e2e1c26
B08Q3HY49Y,feature_b9371ce7476832e9
B08Q3HY49Y,feature_bcab9aef4ad20ea8
B08Q3HY49Y,feature_bcd209a38cd2bf92
B08Q86CPGQ,feature_2301db17af288d88
B08Q86CPGQ,feature_4733259aae7d274d
B08Q86CPGQ,feature_7c9fbc2900e4f6c4
B08Q86CPGQ,feature_8cf975186e96b80a
B08Q86CPGQ,feature_a96edde94ba82adb
B08Q86CPGQ,feature_ac2cdced43ccc169
B08QJ9GZV2,feature_260e10ce739fd8fd
B08QJ9GZV2,feature_68bd98ee5b7ebafc
B08QJ9GZV2,feature_7819cb08bad9316c
B08QJ9GZV2,feature_827d69404bf3834b
B08QJ9GZV2,feature_fcb20828e623ab40
B08QMGXNQM,feature_6c53dd44b572c4a0
B08QMGXNQM,feature_72da62440f35ad4f
B08QMGXNQM,feature_79db185cd3325af6
B08QMGXNQM,feature_a195c823e4630c2e
B08QMGXNQM,feature_c1539ef29c5919bb
B08QMGXNQM,feature_cb4f1d090306b0ab
B08QN66S5Q,feature_eb996657760652dd
B08QR8CJ14,feature_0e7905d640eebd8e
B08QR8CJ14,feature_5b205c173052b77c
B08QR8CJ14,feature_d4b6c44b600b81e7
B08QR8CJ14,feature_f5162c2c76f016db
B08QR8CJ14,feature_fd661d216d4391e0
B08QWK8TDF,feature_1fbf359f29e2a171
B08QWK8TDF,feature_51fed1c2d60fd4d3
B08QWK8TDF,feature_68988efc2272b1c2
B08QWK8TDF,feature_75e1b7ee201c2323
B08QYXZ1X1,feature_1ea450409ff22f6a
B08QYXZ1X1,feature_2a3321b1bed0360e
B08QYXZ1X1,feature_4f4467568556d7d3
B08QYXZ1X1,feature_5f43316fc144cf44
B08QYXZ1X1,feature_755f05290d4dca47
B08QYXZ1X1,feature_80917922bb1cbfaa
B08QYXZ1X1,feature_9f05b346c5592959
B08QYXZ1X1,feature_9f1a9e4e2e018112
B08QYXZ1X1,feature_9fb9d67514e848e4
B08QYXZ1X1,feature_ad227931dce73796
B08QYY3BB4,feature_304ad3115a63e7bc
B08QYY3BB4,feature_305dc330e9732ac1
B08QYY3BB4,feature_460e8e528e2a96b6
B08QYY3BB4,feature_5c596b9bec66510f
B08QYY3BB4,feature_6c6d42ebc0522f53
B08QYY3BB4,feature_b64437998d02a5b5
B08QYY3BB4,feature_f480678696adce1b
B08R19C7X3,feature_051ba8cc458c9767
B08R19C7X3,feature_551527a9363cdf23
B08R19C7X3,feature_730dcf1af6689515
B08R19C7X3,feature_77894db63667e761
B08R19C7X3,feature_7c2a719080d04d0b
B08R19C7X3,feature_f402e2a2afabe67a
B08R1MS9Y8,feature_38297c509be629d4
B08R3ZHGL6,feature_1ddf8963fb3cb5cc
B08R3ZHGL6,feature_216a8e5287d531f7
B08R3ZHGL6,feature_29a878a459645b40
B08R3ZHGL6,feature_35393f761f69b1ec
B08R3ZHGL6,feature_88120a7d6af9d6a0
B08R3ZHGL6,feature_92ed8d5020496b49
B08R3ZHGL6,feature_941867e874917fb5
B08R3ZHGL6,feature_aedc45ffe82e2513
B08R3ZHGL6,feature_b92d968f2d7e0d87
B08R3ZHGL6,feature_f61dd5612a531e39
B08R5N7HJ3,feature_08dce17d3c7af521
B08R5N7HJ3,feature_4cd163123e6e686a
B08R5N7HJ3,feature_517983a652b1890f
B08R5N7HJ3,feature_7a85821776382667
B08R5N7HJ3,feature_7b8001db6aebbea8
B08R5N7HJ3,feature_94008bd89e1609d1
B08R5N7HJ3,feature_b172fddebcf4a5ec
B08R5N7HJ3,feature_c190888f992b5b26
B08R5N7HJ3,feature_c1e9a0128bc37c50
B08R5N7HJ3,feature_cac581099016e02e
B08R6514YG,feature_1361f5372a6d0603
B08R6514YG,feature_5965b0e8c51cc7a0
B08R6514YG,feature_b9371ce7476832e9
B08R6514YG,feature_bcab9aef4ad20ea8
B08R6514YG,feature_e35e4abeb7893ee1
B08R6514YG,feature_fc3becf238f1a983
B08R6TZ6PN,feature_903eb685b40fa224
B08R9J8S7L,feature_db0077dd7bf0b81e
B08RBDB6ZT,feature_001bdfa9cf8c0e26
B08RBDB6ZT,feature_1860fe6b050e2448
B08RBDB6ZT,feature_619ad0759532eeab
B08RBDB6ZT,feature_8ac9b28dd8dcc59e
B08RBDB6ZT,feature_9c36398ca5e62bc5
B08RBDB6ZT,feature_d487788e8e91d43e
B08RDH4SYX,feature_1aa8b157eda21564
B08RDH4SYX,feature_28b11f37c628b07a
B08RDH4SYX,feature_2d61f65b418ecba4
B08RDH4SYX,feature_3397059a5536706e
B08RDH4SYX,feature_39c4ab0d9e6b8f6a
B08RDH4SYX,feature_3a1f814afe08435c
B08RDH4SYX,feature_4f944542e06cd6f2
B08RDH4SYX,feature_a7a482803693a2cd
B08RDH4SYX,feature_c9dc341ea533b6b3
B08RDH4SYX,feature_f6e8eb1a42c595f9
B08RDNDJW5,feature_04f0baca2e716441
B08RDNDJW5,feature_317262a4e7eb13ac
B08RDNDJW5,feature_a3eb8a09f5cdcfe0
B08RDNDJW5,feature_aaee96c0709b9a0d
B08RDNDJW5,feature_e50311a5d82fc9ba
B08RHDD9J2,feature_5f3bf8fe547eb711
B08RNQNFW1,feature_e6feac64adabddb6
B08S2YRTFM,feature_1b5894d6929adc90
B08S2YRTFM,feature_1eef47d77645d86a
B08S2YRTFM,feature_2547af6ed03ff183
B08S2YRTFM,feature_3c35627fff4e7af4
B08S2YRTFM,feature_5b76bbcbc56ffcc2
B08S2YRTFM,feature_75404c77769e9332
B08S2YRTFM,feature_94307dcaacc56616
B08S2YRTFM,feature_b0907678b75b84da
B08S2YRTFM,feature_ebc0ca7205031041
B08S2YRTFM,feature_f96ccb3734592d58
B08S3CSQXQ,feature_37526a3b7bda9644
B08S3CSQXQ,feature_5d61c64f7d371634
B08S3CSQXQ,feature_7a62fa8769cb9a05
B08S3CSQXQ,feature_a761029dcacdcb62
B08S3CSQXQ,feature_cb2776ea40840c33
B08S3DFHW6,feature_11a49577b2b21538
B08S3DFHW6,feature_15c1694c629f5b91
B08S3DFHW6,feature_2076a0bee08c1c6a
B08S3DFHW6,feature_5c72b04a9c69c001
B08S3DFHW6,feature_ce5c4aae52cae8b9
B08S3G2KM9,feature_1813fa6867f2efbd
B08S6YZL6X,feature_2d8319074dde373f
B08S76N23Q,feature_109313ca162ae390
B08S76N23Q,feature_26774b61c1a2d7d5
B08S76N23Q,feature_295d297d1be35e4e
B08S76N23Q,feature_8e7337006f413d7e
B08S76N23Q,feature_ffe8d0c8a204c006
B08SC7H9VY,feature_592e85446bb5a914
B08SHLM5C1,feature_6d160181c5a07181
B08SHLM5C1,feature_7b8c287819be8388
B08SHLM5C1,feature_cc672b0c31bfe198
B08SHLM5C1,feature_e07a740915ab625b
B08SHLM5C1,feature_e176630e3669c1ca
B08SHLM5C1,feature_f5e4a15231c297a4
B08SLB6JBX,feature_5c3189dac3550b7b
B08SLFYG6K,feature_053342dcde3b6684
B08SLFYG6K,feature_0e6fbf277dcd5581
B08SLFYG6K,feature_4f83ed264a53cd47
B08SLFYG6K,feature_7728ce2eea22e829
B08SLFYG6K,feature_b9bfbb721b65db82
B08SLFYG6K,feature_d2ac0c8dbc4a96c1
B08SNWF58P,feature_0da0fb627bce6d34
B08SNWF58P,feature_1c16e1eae326bbc8
B08SNWF58P,feature_3fcb5d68dd9927b5
B08SNWF58P,feature_6ebf6e01e3627dc9
B08SNWF58P,feature_a24b63f7f777aa6c
B08SNWF58P,feature_beea14e6f576b00a
B08SNWF58P,feature_e4730cd8e0e53277
B08SPSKY8G,feature_61f052e0793a6062
B08SPXF6XD,feature_1606da8a72bd4c7d
B08SPXF6XD,feature_1ed7bf09aee9a53a
B08SPXF6XD,feature_484a7a443e6bc4bf
B08SPXF6XD,feature_484fd0e1818302bd
B08SPXF6XD,feature_4a14d412c3ef1fb5
B08SPXF6XD,feature_75991a88df01ab96
B08SPXF6XD,feature_783c1b47f1050d63
B08SPXF6XD,feature_9f028c0fd1bd3529
B08SPXF6XD,feature_df29b704f79f6e54
B08SPXF6XD,feature_feacba132dbfe8cc
B08SQDW3DJ,feature_40d996c7cd754b37
B08SQDW3DJ,feature_9677b34da14a6b4c
B08SQDW3DJ,feature_c75f581a5482c415
B08SQDW3DJ,feature_dc9293e6c8a0242d
B08SQDW3DJ,feature_df6d21b3750057d0
B08SQDW3DJ,feature_e49db69fc07bb461
B08SQKBBP8,feature_515743735f1d768e
B08SQKBBP8,feature_7eb4a6d303f17c03
B08SQKBBP8,feature_92b570c54e9de89a
B08SQKBBP8,feature_ad2bad7f54add1d8
B08SQKBBP8,feature_bf6c3fef529bb9ae
B08SQKBBP8,feature_d35fe2fdcc207f83
B08SQYCTPP,feature_08e418eab1f23b89
B08SQYCTPP,feature_707a64fca2134eda
B08SQYCTPP,feature_7607f46da3c0dff9
B08SQYCTPP,feature_8d1995d39721cb49
B08SQYCTPP,feature_aff6b3d863cf386e
B08SR8C9BX,feature_0500c9e3e946c046
B08SSXQSVX,feature_1f8bb39e538e3a41
B08SSXQSVX,feature_1fb02c46a240b61f
B08SSXQSVX,feature_4fb77383f05cb967
B08SSXQSVX,feature_830899fbb66c66c9
B08SSXQSVX,feature_d60931b0dd307438
B08SSXQSVX,feature_fb09c866e979b96d
B08SZ7DRHY,feature_00ec32ad542dc827
B08T5PXGNG,feature_12230078d1236625
B08T5SMFMN,feature_949a28a54963d8f8
B08T5YWBV8,feature_05ac2db930aad433
B08T5ZS7G3,feature_3cfd6f03b5d70b3a
B08T6L8FSP,feature_7429f92b7bcf25f0
B08T6L8FSP,feature_83ef03a1e5bd4141
B08T6L8FSP,feature_93f8a094f38f1776
B08T6L8FSP,feature_a5f572f5e61af380
B08T6L8FSP,feature_c5a4065ac3f1f209
B08T6L8FSP,feature_f6e2b799311806b6
B08T7J4Z84,feature_08377001a9cfcc06
B08T7J4Z84,feature_365a59ca94d2ed2a
B08T7J4Z84,feature_6cd6a4e0adcd44b1
B08T7J4Z84,feature_84596af54bfd3f96
B08T7J4Z84,feature_b6abcdd315637248
B08T7J4Z84,feature_e8fd3d9659be9ac5
B08TBQXWSZ,feature_b48ee719f228cc8d
B08TBSF17H,feature_549a41df9c80acb9
B08TBSF17H,feature_6bea46344ae61315
B08TBSF17H,feature_bb59df038d2e465a
B08TBSF17H,feature_bc6787e22ee5eeb0
B08TBSF17H,feature_ec3d7cb7cf4eb0f5
B08TBVTM73,feature_549a41df9c80acb9
B08TBVTM73,feature_6bea46344ae61315
B08TBVTM73,feature_bb59df038d2e465a
B08TBVTM73,feature_bc6787e22ee5eeb0
B08TBVTM73,feature_ec3d7cb7cf4eb0f5
B08TGCK4T1,feature_1d16132e81a37912
B08TGCK4T1,feature_2a8282ff8308c594
B08TGCK4T1,feature_75b5e4ca0463daf5
B08TGCK4T1,feature_bc4f469ecbedaa07
B08TGCK4T1,feature_c9757db78220f654
B08TGPBVD1,feature_1c2e121f738c591c
B08TGPBVD1,feature_75cae56c2cecd50b
B08TGPBVD1,feature_77662c7d7ef0a426
B08TGPBVD1,feature_87ca87883661aaca
B08TGPBVD1,feature_9ddf35b0d2776e0c
B08TGPBVD1,feature_af61a98a88c9e5b9
B08TGPBVD1,feature_ba9a27d74e51534c
B08TGPBVD1,feature_d43ba2248008b780
B08TGPBVD1,feature_d5ebd761641454d4
B08TGPBVD1,feature_eee3e71ee4d4f531
B08TGSLYXF,feature_ad8ca153b54ea4ab
B08TQBGR9N,feature_0b8755283947179c
B08TRS8RBS,feature_bdc31ff72e2bdbee
B08TTG13XZ,feature_bfa090ac17aabdab
B08TTP42Q1,feature_15634312d9b14bfb
B08TTP42Q1,feature_393c274e1ea1e0c5
B08TTP42Q1,feature_a3de8b4a7557073e
B08TTP42Q1,feature_bfcd98353a7f8e67
B08TTP42Q1,feature_d5d54541fd92ebe6
B08TTP42Q1,feature_e256f61ab56317bf
B08TTP42Q1,feature_ecc30c6ccb636bf1
B08TV67NGC,feature_00c0979685e839e2
B08TV67NGC,feature_05427d55ee89b8a9
B08TV67NGC,feature_17e57e66adb853a8
B08TV67NGC,feature_962ef1bee7630033
B08TV67NGC,feature_9969adfc80391652
B08TV67NGC,feature_c7ba969725e31eb4
B08TV67NGC,feature_e2d295130f8ddd5b
B08TVG4KW7,feature_46eacf07a3cbe01a
B08TWST33L,feature_184180ea040b1258
B08TWST33L,feature_31747b76015502f8
B08TWST33L,feature_4be13bcda3a50e54
B08TWST33L,feature_c1b4a990e7fb6566
B08TWST33L,feature_c3d69ad2c30b59cf
B08TY8G5SM,feature_ea6f40025a3cdd9a
B08V1257KB,feature_143913e852848b2a
B08V1257KB,feature_2959e95da4f08985
B08V1257KB,feature_7d77e96754a6eb04
B08V1257KB,feature_809aa9815cc6008d
B08V1257KB,feature_86cdfcb5d89e9ee7
B08V1257KB,feature_961403b6185cddab
B08V1257KB,feature_9ba52423ea76cc94
B08V1257KB,feature_9fb67a18f069a95e
B08V1257KB,feature_b29bfe4b3f23b061
B08V1257KB,feature_c7b35122122ce12d
B08V131NBS,feature_0e597e3352dc16bc
B08V131NBS,feature_256893f2bf7b9c36
B08V131NBS,feature_2633538b647e1327
B08V131NBS,feature_2b2b8c639c01c0aa
B08V131NBS,feature_4558b48d9b32578d
B08V131NBS,feature_fc459dec157fe7de
B08V16NT9W,feature_ff739505916303b8
B08V17J67W,feature_104379e94d8dfd02
B08V17J67W,feature_12461430eaf6e6eb
B08V17J67W,feature_2af21f141ad96c86
B08V17J67W,feature_3bbacc2c312c2f8e
B08V17J67W,feature_5f2f8d055d621f6a
B08V17J67W,feature_69f83e09074c8932
B08V17J67W,feature_835bc7eba2f8ac5e
B08V17J67W,feature_a4cfbc6413ddf683
B08V17J67W,feature_a91783a1d99dea48
B08V17J67W,feature_ead9514614c9d882
B08V4RY7RJ,feature_13f282952e779028
B08V4RY7RJ,feature_30b6dcc56d3f7ac7
B08V4RY7RJ,feature_742941b5ee40805e
B08V4RY7RJ,feature_c0017d2beb0cfb53
B08V4RY7RJ,feature_c9d18cf3eb73f31d
B08V4RY7RJ,feature_d7609fda404d67cc
B08V4RY7RJ,feature_e5fd40f072f7deb4
B08V4SPCLQ,feature_481e0dbcafab7729
B08V4SPCLQ,feature_667521f461b4b0d4
B08V4SPCLQ,feature_6bd05ea5de36833a
B08V4SPCLQ,feature_8227a298bdd8815d
B08V4SPCLQ,feature_ad6b7d83c42823f2
B08V4SPCLQ,feature_d14d46b39bf919e6
B08V4SPCLQ,feature_ea6cc41ac9b07202
B08V59BGT7,feature_1327916469a3a837
B08V59BGT7,feature_809bb8fef87b1e47
B08V8DVZZJ,feature_2cae98ba6a19492d
B08V8JDTLM,feature_be775d3690b9a540
B08VC284G9,feature_00876b3f38204984
B08VC284G9,feature_37e6af2a9e70493f
B08VC284G9,feature_7dbfdb2088f1e7d6
B08VC284G9,feature_ae20da3d55cbfee5
B08VC284G9,feature_b1367357a9762cc5
B08VDM9N9T,feature_8cd5c73bbd82e6fb
B08VDMRP4X,feature_25422e4e70d9e83a
B08VDMRP4X,feature_3b832d0ee38fee80
B08VDMRP4X,feature_538245453b4ff1cc
B08VDMRP4X,feature_c49540d342363384
B08VDMRP4X,feature_f8a62ec3afdefd62
B08VF373NX,feature_06c889865b6fb427
B08VF373NX,feature_3f23c3527702e2ab
B08VF373NX,feature_42fed52fdbc95d39
B08VF373NX,feature_aca34ef41255db1c
B08VF373NX,feature_d613ce7a3384f657
B08VFLFMFB,feature_61ccd41cb51761e5
B08VHSHDD2,feature_7842b6cebf027307
B08VHY2P3W,feature_51dd07665c072ba2
B08VHY2P3W,feature_8ba3122735c10d1e
B08VHY2P3W,feature_b43bb887c0f73a2f
B08VHY2P3W,feature_bd48006f5b3138e4
B08VHY2P3W,feature_cdfde89b3d14e67f
B08VJ5H1RB,feature_c4e2bf1bb96b5766
B08VJ751BV,feature_9b2f93a300ac9865
B08VS87CDR,feature_546a877b2989c043
B08VWXKQKL,feature_1361f5372a6d0603
B08VWXKQKL,feature_5965b0e8c51cc7a0
B08VWXKQKL,feature_b9371ce7476832e9
B08VWXKQKL,feature_bcab9aef4ad20ea8
B08VWXKQKL,feature_dfdc8a863d5561c1
B08VWXKQKL,feature_fc3becf238f1a983
B08VX2D7SK,feature_89c653511a724507
B08W22N185,feature_0982d083b96f7400
B08W22N185,feature_3d7146def7234d64
B08W22N185,feature_5c64062ef09be305
B08W22N185,feature_6e34d4ce9b5f9df8
B08W22N185,feature_776a3da2cb55993f
B08W22N185,feature_8e21da27bbe52074
B08W22N185,feature_a3df8462f083a37e
B08W22N185,feature_a6ef06476d4dcdd9
B08W22N185,feature_bb263c9c2f45c7cf
B08W22N185,feature_da2f0927f71bccd2
B08W256VYJ,feature_d96d1b71c74ffbe8
B08W3PW2HF,feature_67a7e883b3fe9efa
B08W3R1LFJ,feature_199c9253a8e49661
B08W3R1LFJ,feature_604c6f47079ae053
B08W3R1LFJ,feature_7d0c2634afba6f36
B08W3R1LFJ,feature_c89c4d34b66fb29c
B08W3R1LFJ,feature_cfb2d01e03e5ea5e
B08W3R1LFJ,feature_f6e7c9d45665720b
B08W3WQPV2,feature_2d9786d41ff49430
B08W3WQPV2,feature_acb402b6dd85caec
B08W3WQPV2,feature_b113423f43fb7164
B08W3WQPV2,feature_b1e1e277999b632b
B08W3WQPV2,feature_b7cd047cfff62f4c
B08W3WQPV2,feature_d6f1faf90992e977
B08W4PD1NB,feature_bd9fa52e09f9ef16
B08W8QM3LG,feature_07c292fd580fcdab
B08W8QM3LG,feature_0a43b7e000755e01
B08W8QM3LG,feature_30ee5262ce9cd279
B08W8QM3LG,feature_7008fc3a878b618c
B08W8QM3LG,feature_e30372e2dfac57b6
B08W8RBL8G,feature_30b838a3db76042e
B08W8RBL8G,feature_7e3142ff87690c3c
B08W8RBL8G,feature_9f50882295d3f0af
B08WCG4JCC,feature_184615d4fa344226
B08WCG4JCC,feature_6a6f95ec3a8d0185
B08WCG4JCC,feature_a4b603a0fc367a97
B08WCG4JCC,feature_a6b4aad6ba1fedfd
B08WCG4JCC,feature_b9cd8782fbea1203
B08WCG4JCC,feature_bcdcab8e8b94ea61
B08WHBSK6R,feature_0b2dd926fe640f56
B08WHBSK6R,feature_2c5095d669183661
B08WHBSK6R,feature_599b5d437d9e6dab
B08WHBSK6R,feature_5a3006dc1be31e5b
B08WHBSK6R,feature_abd4065f2b175128
B08WHBSK6R,feature_bee6762167b1f8c8
B08WHYM4K8,feature_0c1adda43a554e7d
B08WHYM4K8,feature_146373b5c468ebdd
B08WHYM4K8,feature_3b8bb9bca4ff4000
B08WHYM4K8,feature_544df198c3ed8a12
B08WHYM4K8,feature_9f794e5125c53881
B08WHYM4K8,feature_ba1617e117097064
B08WKQ2KZ3,feature_d147983ee57a4de1
B08WL67Y7W,feature_bd261476be1e3cb7
B08WPXGXWH,feature_0480d2824abd72de
B08WPXGXWH,feature_0fb69000982494bc
B08WPXGXWH,feature_3c8ab8bb25ad9b09
B08WPXGXWH,feature_514ce74bcdef1622
B08WPXGXWH,feature_60cf561bc9d66fe4
B08WTSSJDL,feature_327b9eaf77687b4a
B08WTSSJDL,feature_3d4926c842fd2c2f
B08WTSSJDL,feature_43f9af904d8eaf68
B08WTSSJDL,feature_5ab42fb95cb650eb
B08WTSSJDL,feature_5fa9fa3c791f5bba
B08WTSSJDL,feature_adb9bd1f0899427c
B08WTSSJDL,feature_bd9db3583f44914d
B08WTSSJDL,feature_efaf7615d2d17a3c
B08WTXVSJT,feature_29a0b03ccfca6d70
B08WYLMXX3,feature_291f2d4e0dbbe108
B08X1GCK5G,feature_11beb046779f18cf
B08X1GCK5G,feature_23e360499c2f53d8
B08X1GCK5G,feature_299872d644d13ace
B08X1GCK5G,feature_bfc27ae77f6183d2
B08X1GCK5G,feature_d1cf8ef6fc85aab1
B08X1GCK5G,feature_e7a217f4499cac3a
B08X1GCK5G,feature_fc3e0bfcf7b3dfb7
B08X2YTD32,feature_770545fdd22461eb
B08X2YTD32,feature_c47bc35e2d9189a2
B08X2YTD32,feature_c4874dfc65e0a0a6
B08X2YTD32,feature_f1633dacf54bd289
B08X2YTD32,feature_fa502c68566d1bbe
B08X34FXFL,feature_d0596bc27a384c21
B08X42QVGR,feature_88f388188ee02eeb
B08X73XL2T,feature_33470a588e48d8a6
B08X73XL2T,feature_67d569c3c46eb809
B08X73XL2T,feature_9d132ffd878addb5
B08X73XL2T,feature_abfa0a3aef820fec
B08X73XL2T,feature_b25dd14da2a1e409
B08X73XL2T,feature_f5b4a36c3d2cb96d
B08X7G9K5T,feature_0cbc1d6556717a95
B08X7G9K5T,feature_0ead00719a5f9694
B08X7G9K5T,feature_4f0396a0ea853682
B08X7G9K5T,feature_6b317e5c5650e68e
B08X7G9K5T,feature_a4f66a2176cfa966
B08X7JHQG5,feature_0cea62d552aafda2
B08X7JHQG5,feature_47fa8bcda5e6d5cf
B08X7JHQG5,feature_83c85ef776cc12ab
B08X7JHQG5,feature_bc88d5bffff95c28
B08X7JHQG5,feature_f96628f784a64a86
B08X7JHQG5,feature_f9b846fb476f35c9
B08X7JT8HG,feature_6c6396b7f2045d86
B08XB3QWB1,feature_1d1f812c713d9d9e
B08XB3QWB1,feature_52d429640e151764
B08XB3QWB1,feature_675a567ac87e1639
B08XB3QWB1,feature_69d076f8ccbd636f
B08XB3QWB1,feature_b12dc7a6e676ffa6
B08XB3QWB1,feature_ba615531aa7b96a7
B08XB3QWB1,feature_c026cbe0e5bbb31d
B08XB3QWB1,feature_fd756847f144b840
B08XK4GJ9T,feature_d471bf611eb2bf37
B08XMBHL8C,feature_7b268e6d4add91bd
B08XMBHL8C,feature_c8d2948a2b31dda2
B08XMHSM5B,feature_2ec5e0b8c1326b15
B08XMHSM5B,feature_4ab652a288ede3f1
B08XMHSM5B,feature_6759543cbe335ec2
B08XMHSM5B,feature_a456e5640aac702d
B08XMHSM5B,feature_a8d851179ba77c8b
B08XMHSM5B,feature_ded42d9a3a4f13b8
B08XMHSM5B,feature_f116f16d32193cef
B08XMZXZHZ,feature_81cf5adecb22ee72
B08XN28VQY,feature_caebe7db5be17cb3
B08XT7C7F5,feature_cef861bed01a522d
B08XTK4GN6,feature_66fee9464ba009f0
B08XTK4GN6,feature_7d8af162967c22b1
B08XTK4GN6,feature_8cc346d220515be7
B08XTK4GN6,feature_affb6675a71758b0
B08XTK4GN6,feature_bdb4885b6930b122
B08XTK4GN6,feature_eafd432fbadb3dd3
B08XTK4GN6,feature_f9e97afef27ef0aa
B08XTP92WG,feature_123b31d9b0f995bc
B08XTP92WG,feature_1321eb2a0f1b3c10
B08XTP92WG,feature_188809caa2bfe9b0
B08XTP92WG,feature_650504014e3e837c
B08XTP92WG,feature_7a21468822d56239
B08XTP92WG,feature_e41ebd684426bea2
B08XWHQLG5,feature_bd1fd015a57152f1
B08XWSQHVB,feature_1fd428f918d97f5a
B08XWSQHVB,feature_3173960e2d11af31
B08XWSQHVB,feature_6041367960c058d9
B08XWSQHVB,feature_94848093b715a5ae
B08XWSQHVB,feature_f884f888e63d1d9a
B08XX7LJ86,feature_78a0f88151c1b453
B08XXQFF1Y,feature_843e0aa557abef65
B08XYC3PKF,feature_fc58796a727bfbb9
B08XYN2KGN,feature_0850616c383274b1
B08XYN2KGN,feature_18678506aecb0e23
B08XYN2KGN,feature_7d8af162967c22b1
B08XYN2KGN,feature_8a65a187155a4596
B08XYN2KGN,feature_def334cd0abca546
B08XYN2KGN,feature_f9facf487fc6696c
B08XZQVK57,feature_baaf750d744b3441
B08Y5NT665,feature_14b56ec29253b97d
B08Y5NT665,feature_1ed6fb99d21e901e
B08Y5NT665,feature_276234c0e19e2948
B08Y5NT665,feature_2c6aa14d2c015eed
B08Y5NT665,feature_afc46dbd22ceb90b
B08Y66XSRG,feature_1923cc8eec4f61ce
B08Y66XSRG,feature_2042013c8b50d9b8
B08Y66XSRG,feature_49eb25ff91e5f1e1
B08Y66XSRG,feature_512502cd7ea599f8
B08Y66XSRG,feature_673db78f07a6f7e5
B08Y66XSRG,feature_c4ad02ca538e51c3
B08Y6DQ1JW,feature_d597faeb9f6c6b53
B08Y74P56D,feature_606f7b9965740412
B08Y88WNZ2,feature_3c1c76fc58343a89
B08Y88WNZ2,feature_5bec43a50c9f7b38
B08Y88WNZ2,feature_71571c0d19b06e3d
B08Y88WNZ2,feature_7a039a121ae370d3
B08Y88WNZ2,feature_b4458077e36c0ab1
B08Y88WNZ2,feature_fada07b9928c189f
B08YD857XG,feature_07b73a776d322946
B08YD857XG,feature_25aa1a1468af3afa
B08YD857XG,feature_50e0b1f923ed5442
B08YD857XG,feature_6179be99a8fb2546
B08YD857XG,feature_8e654f650e8743e7
B08YD857XG,feature_bad7e6b19faa3d0d
B08YDRM6WC,feature_1d73d747a4ff6219
B08YDRM6WC,feature_bbd5588ed3b23369
B08YDRM6WC,feature_d03f4d8050f13c14
B08YDRM6WC,feature_df2e0b18ed6012a2
B08YDRM6WC,feature_e51836e347c4fb4b
B08YDRM6WC,feature_f22e9a4524f38e5f
B08YJKBV45,feature_184b59bb9bdb9b77
B08YJKBV45,feature_481439dbd7223123
B08YJKBV45,feature_52ee0984abcb3184
B08YJKBV45,feature_8ed0a0ef13026723
B08YJKBV45,feature_9dec7e74683747d6
B08YJKBV45,feature_d37d0b16c6c0b947
B08YJKBV45,feature_d44a1736b11947cc
B08YJKBV45,feature_d80977e3e4ecc6c8
B08YJKBV45,feature_dd18306919c5dfaa
B08YJKBV45,feature_ff11b90f8156db17
B08YJKN527,feature_2c00f7d5b3ca3514
B08YJKN527,feature_2fdd47860cc6758b
B08YJKN527,feature_3cd0a3fe50e573f9
B08YJKN527,feature_7b6c4b47ccd8c0f7
B08YJKN527,feature_809a075250decedf
B08YJKN527,feature_975046fd87b7b478
B08YJKN527,feature_b28e4be680e0fac7
B08YJKN527,feature_cfef72b8deb8f492
B08YJKN527,feature_f1591d588be51dea
B08YJKN527,feature_f41e99b468db0203
B08YJTL1GT,feature_284e3edfd6238d4b
B08YJTL1GT,feature_72b145146c9cdb9d
B08YJTL1GT,feature_79840577e63f092c
B08YJTL1GT,feature_81e6a87e0155dc55
B08YJTL1GT,feature_a849b0f037de064e
B08YK8B89C,feature_239d41e820e8e5f5
B08YK8B89C,feature_51a04c223a07c3a0
B08YK8B89C,feature_73acc507935feef1
B08YK8B89C,feature_abd49e6248f22300
B08YK8B89C,feature_e616e7bd6a782e77
B08YNM5CC4,feature_34e825d9a211c9c0
B08YS47RX6,feature_65984506556daadc
B08YS47RX6,feature_78a0f88151c1b453
B08YV22F4T,feature_025ed25371b5cc0c
B08YV22F4T,feature_0fbcc3268da3e194
B08YV22F4T,feature_2ce91f72ea713573
B08YV22F4T,feature_6b10f1e1452518d3
B08YV22F4T,feature_a415d67a52a832e2
B08YV22F4T,feature_cecb4e46486c7669
B08YWLZ8MW,feature_79d637f3299c238b
B08YWMH5Y1,feature_22a25ead54222082
B08YWMH5Y1,feature_38784c05c1df6c57
B08YWMH5Y1,feature_ae9fa7f495dcc20e
B08YWMH5Y1,feature_cca1dd17232ca4c8
B08YWMH5Y1,feature_ee4b4bc7cd6bf667
B08YWQ2D9K,feature_2a63ac4c14f7f28f
B08YWQ2D9K,feature_338c676e296e270a
B08YWQ2D9K,feature_b26ea12489b4ba52
B08YWQ2D9K,feature_c0ad7e72062ab831
B08YWQ2D9K,feature_c2e06debdf92fd84
B08YWQ2D9K,feature_cfc66bfd06593d4e
B08YXDCYX9,feature_b7773fd24a79e1bf
B08YY4LM37,feature_2432ac9a8382a405
B08YY4LM37,feature_587b72e48d581a77
B08YY4LM37,feature_64f2e711ef65eae6
B08YY4LM37,feature_8584e0e7d869c425
B08YY4LM37,feature_97912524f34763ab
B08YY4LM37,feature_a74e853b50d13468
B08YY4LM37,feature_bcc7f7525489f719
B08YY4LM37,feature_ee6f93b69bf7f5be
B08YY4LM37,feature_f5657a9904df269e
B08YY4LM37,feature_febeb693bd5f03f2
B08YYKC4RW,feature_2698ee47af912223
B08YYKC4RW,feature_5bc3f16f12016b9b
B08YYKC4RW,feature_652b32b693c24c83
B08YYKC4RW,feature_c18b64909b43f6d3
B08YYKC4RW,feature_e9b2b3e1b9f80642
B08YZ65HTV,feature_1cc332858f431394
B08YZ65HTV,feature_68c67dae4c52dee5
B08YZ65HTV,feature_82f7e9ed47e65427
B08YZ65HTV,feature_a27ec7ff54cc6223
B08YZ65HTV,feature_b0af9e1d8af96ab1
B08YZ65HTV,feature_d2a9c28fb23122cf
B08Z35TSW3,feature_055c5b6eb1315739
B08Z35TSW3,feature_25faf943e4bccc8d
B08Z35TSW3,feature_3f65c740fc002df0
B08Z35TSW3,feature_c4dea5922260bf97
B08Z35TSW3,feature_e5cb117603d58d92
B08Z36ZWVP,feature_2ef294e1acdcb25c
B08Z36ZWVP,feature_4d280f120356f621
B08Z36ZWVP,feature_647719dcd5c1eb63
B08Z36ZWVP,feature_7d8af162967c22b1
B08Z36ZWVP,feature_8d8c1df29380fa3c
B08Z36ZWVP,feature_b213d61e410fa036
B08Z36ZWVP,feature_f0976e24dd4ad2a6
B08Z36ZWVP,feature_fa044c1d96055944
B08Z3DWDDC,feature_127b9f78f8a65d80
B08Z3DWDDC,feature_5d538ad18b028b0d
B08Z3DWDDC,feature_5f3251c982d82b38
B08Z3DWDDC,feature_6618a61e6e02f214
B08Z3DWDDC,feature_6ca765fc2c706dae
B08Z3DWDDC,feature_d0e81b74fd260904
B08Z4F1SK8,feature_544e53db0f051101
B08ZBCGXSS,feature_9d7bd6fd5bc6b44c
B08ZBCGXSS,feature_b76fee151a027715
B08ZBCGXSS,feature_c770dd8c6433ce6d
B08ZBCGXSS,feature_dec55660e9371391
B08ZBCGXSS,feature_f0dfc96d34463ee3
B08ZD17ZHM,feature_03a039bebeb9da6c
B08ZD17ZHM,feature_03b765d4f5996d31
B08ZD17ZHM,feature_17264487b340715f
B08ZD17ZHM,feature_2d56564f60b8e044
B08ZD17ZHM,feature_6fd3882f3d15fbc5
B08ZD17ZHM,feature_98a918e5d7898a01
B08ZD17ZHM,feature_aa2f90ffbbebf4a4
B08ZD17ZHM,feature_b91257c1327c72e7
B08ZD17ZHM,feature_e9d3d3fabee71670
B08ZD17ZHM,feature_ef505c38c0d8e939
B08ZHRB859,feature_136b271978b27ae7
B08ZHXLKD7,feature_1cff187ae8849130
B08ZHXLKD7,feature_2fc0fd892c66dbb3
B08ZHXLKD7,feature_78a0f88151c1b453
B08ZHXLKD7,feature_85540aca034ad898
B08ZHXLKD7,feature_8db4a582b447ef9a
B08ZHXLKD7,feature_a7fe72c5a3254dbe
B08ZHXLKD7,feature_f21a6af3204a6e8f
B08ZJNHRYB,feature_1cb67ca1c316123e
B08ZJNHRYB,feature_45415906b97c90f1
B08ZJNHRYB,feature_78a0f88151c1b453
B08ZJNHRYB,feature_865d2942058ecf4a
B08ZJNHRYB,feature_9bd5d5da4326228a
B08ZJNHRYB,feature_9e5cde8420e36457
B08ZJRD9LD,feature_070e2026552eeed5
B08ZJRD9LD,feature_387f1534cb8ba83a
B08ZJRD9LD,feature_496bad2c3f2f0137
B08ZJRD9LD,feature_6b96bf93f5394c47
B08ZJRD9LD,feature_a040ef8ca4e3ef14
B08ZJRD9LD,feature_e4732b7b0c5c325a
B08ZMXHPRL,feature_176e34ab0de316f6
B08ZMXHPRL,feature_213cf638247b6b1d
B08ZMXHPRL,feature_45d6c850c8da4829
B08ZMXHPRL,feature_75b8619efdf21a2f
B08ZMXHPRL,feature_78531ebda1d2fad1
B08ZNKVTKQ,feature_3b115a278b3469f2
B08ZNKVTKQ,feature_54b1ccae8b6db4f0
B08ZNKVTKQ,feature_6e6c8518747e5e29
B08ZNKVTKQ,feature_7d8af162967c22b1
B08ZNKVTKQ,feature_917bba8bf5f871e5
B08ZNKVTKQ,feature_d7ba6b75c7ffb78b
B08ZNKVTKQ,feature_e0c8a91a76d16b4a
B08ZQS6KPC,feature_41a1820bbe4c134a
B08ZQS6KPC,feature_4ff7f9c4aa02460e
B08ZQS6KPC,feature_53131e0ba4f21c69
B08ZQS6KPC,feature_78a0f88151c1b453
B08ZQS6KPC,feature_a62046c97cf07c58
B08ZQS6KPC,feature_b3306afa34766367
B08ZQS6KPC,feature_cdd1dcf6ccb24128
B08ZRY3F14,feature_78a0f88151c1b453
B08ZRY3F14,feature_9b1b8818e9128261
B08ZRY3F14,feature_b1deaa2e86c9177f
B08ZRY3F14,feature_b47cb6aaae880761
B08ZRY3F14,feature_d3e526cb1394470b
B08ZRY3F14,feature_f10246c706143d24
B08ZS7X3CL,feature_5c591af2674c4d9d
B08ZS7X3CL,feature_5df76b539fb82c98
B08ZS7X3CL,feature_75d978bb73446521
B08ZS7X3CL,feature_78a0f88151c1b453
B08ZS7X3CL,feature_90702edd2f1ffb6b
B08ZS7X3CL,feature_c5e4f7302c89c26d
B08ZS7X3CL,feature_cbf58b1e1a8f5569
B08ZS7X3CL,feature_cc7641066dc22732
B08ZT3R81J,feature_fa63dbd30a22ce0d
B08ZYJYB9K,feature_aad9ac73923bb5b2
B08ZYXV85F,feature_0051fcb1214d7193
B08ZYXV85F,feature_303a229e92bbbd52
B08ZYXV85F,feature_3c25e7636af37135
B08ZYXV85F,feature_721c51479d69808a
B08ZYXV85F,feature_ab6483750db0a169
B0912FKMHL,feature_05fb7f8ea890d34c
B0912FKMHL,feature_2d7db8756367aa34
B0912FKMHL,feature_72c40ac5850d81af
B0912FKMHL,feature_c24df4a308e40f3d
B0912FKMHL,feature_c7ec286c91c3ad9c
B0912KBNQN,feature_c7a2537c3f6b26d8
B0912KBNQN,feature_fd38c0ddc2400184
B0913KGH94,feature_1345a26d68935dac
B0913KGH94,feature_17242b61c6d3e3ef
B0913KGH94,feature_4cbfa7732ab7ae7f
B0913KGH94,feature_541b903c3c3e7458
B0913KGH94,feature_563e4d74b0126833
B0913KGH94,feature_75d614897556d7cb
B0913MM3J3,feature_78fc03ada27aafb2
B0913MM3J3,feature_820386137e15b27f
B0913MM3J3,feature_a58324acdfcfe5a1
B0915D25TL,feature_040b536e6a9b29a5
B0915D25TL,feature_4cfb3bcf7a2a9213
B0915D25TL,feature_6d6d4df4cb4d6a13
B0915D25TL,feature_b566f6dba94fbf0d
B0915D25TL,feature_ba4042e9e0f60682
B0915GZB9W,feature_7e3eaaa183768320
B0915GZB9W,feature_829f8ba966d450d0
B0915GZB9W,feature_a647d44cfe8405bd
B0915GZB9W,feature_ab93aefa626852de
B0915GZB9W,feature_e65e71eed1ae312f
B0915HRTVD,feature_510da09c2e459bf8
B0915HRTVD,feature_78a0f88151c1b453
B0915HRTVD,feature_8d110f9c7611b3e2
B0915HRTVD,feature_9eb15bd8003082f9
B0915HRTVD,feature_b48cab1ccbb70341
B0915HRTVD,feature_c5a2e896aaf75027
B0915HRTVD,feature_c9d7d2a1151015a2
B0915SPML7,feature_e21d3f07fac343f7
B0916KK3ZL,feature_173e15d4af87b574
B0916KK3ZL,feature_4b9280df0333e074
B0916KK3ZL,feature_a0253872eeff44e3
B0916KK3ZL,feature_f944fee1878e04be
B0917BC2LK,feature_0d59f7abc54ff1bb
B0917BC2LK,feature_5d73a004f706fb91
B0917BC2LK,feature_6e8d44164796a964
B0917BC2LK,feature_993464deb8a2fc34
B0917BC2LK,feature_e77cb858621f29cc
B0918KK45T,feature_064bd800e1df7cfa
B0918KK45T,feature_4c3cd96fbeacf9fa
B0918KK45T,feature_5560738632bdf21b
B0918KK45T,feature_88ab3dc632acb755
B0918KK45T,feature_9e6660996e8251c0
B0918KK45T,feature_9fff2009ca373648
B0918KK45T,feature_b2b675b8879a2910
B0918KK45T,feature_c7e6cdbca853699f
B0918KK45T,feature_cf84527b617d5c9f
B0918KK45T,feature_fe18bbae15c769eb
B091BDGRX2,feature_8b369a392ab9cd92
B091C4KLYY,feature_eebce9473d1e9a2e
B091DY58SZ,feature_149ecd3a10549ce7
B091DY58SZ,feature_40bb5d4b0691dcfe
B091DY58SZ,feature_67f28183b6feea5d
B091DY58SZ,feature_7bb6dd471862993b
B091DY58SZ,feature_957a7a2b2faecbc2
B091DY58SZ,feature_e0ae1609092c0837
B091FG7C73,feature_0459a5ef9c94759c
B091FG7C73,feature_8eb8ddac23f50588
B091HL4HHV,feature_15ef1422cb9d5afb
B091HL4HHV,feature_1dad40d529fc2b51
B091HL4HHV,feature_3f753767880a4d46
B091HL4HHV,feature_511e40d5d6917184
B091HL4HHV,feature_7d6ccadb23f54403
B091HL4HHV,feature_9e0fb49c396c6cc4
B091HL4HHV,feature_cc3f6db856f294ec
B091HL4HHV,feature_d3db52aaf5d89e58
B091HL4HHV,feature_d78254d424007670
B091HL4HHV,feature_db2eedd7720692ef
B091J9PK3C,feature_021326b3d8c055f3
B091KM1TV9,feature_69f828178ab2e35d
B091KM1TV9,feature_7c38fd11e056e66e
B091KM1TV9,feature_b4227a39b1805b7b
B091KM1TV9,feature_bdf395ebb7a72a30
B091KM1TV9,feature_fd9f7d25295489d8
B091KRGHP8,feature_0ea6c0e55b18ac40
B091KRGHP8,feature_116de98e5045f3d4
B091KRGHP8,feature_209a512c6bd71d59
B091KRGHP8,feature_8b374b204bdfe5c5
B091KRGHP8,feature_e38e7a168c6c85fd
B091MR7RTW,feature_842243705bc02712
B091MVZW95,feature_01b0f9166c74458b
B091MVZW95,feature_2776fb849829205d
B091MVZW95,feature_3894a591103f16a6
B091MVZW95,feature_39fe8d249f4eebc0
B091MVZW95,feature_45f42cfae0da0bca
B091MVZW95,feature_48bd6134aa61f764
B091MVZW95,feature_ae805c0c8795b9a2
B091MVZW95,feature_b0353235748fb403
B091MVZW95,feature_b2bcb1d4396ca668
B091MVZW95,feature_ceed1264102ed34f
B091PBDV66,feature_57faafb46e49398e
B091PBDV66,feature_77087a5c86f3353b
B091PBDV66,feature_78a0f88151c1b453
B091PBDV66,feature_bcf3079851b04dfb
B091PBDV66,feature_be011a618573cccb
B091PCDH7L,feature_a3a7ee925c126ca6
B091PCDH7L,feature_ef85a8fbd0602942
B091T98MS7,feature_24360dad0caa0603
B091TCKYM6,feature_11beb046779f18cf
B091TCKYM6,feature_18bd47c7dad9db6d
B091TCKYM6,feature_3c1efa65cb50c9b9
B091TCKYM6,feature_5e766872f37014ff
B091TCKYM6,feature_73d715d049af28b0
B091TCKYM6,feature_7d8af162967c22b1
B091TCKYM6,feature_8f8dbf4857f406b1
B091TCKYM6,feature_ea6113d6bdf6a234
B091TVFJPX,feature_5830c9368eb034b0
B091TVFJPX,feature_5a496ddfc636bfe7
B091TVFJPX,feature_6257ce28b35e4e24
B091TVFJPX,feature_7f281724652ce77d
B091TVFJPX,feature_91029a51d23d0f47
B091TVFJPX,feature_d2d81641c0c7eac2
B091TX1RT3,feature_06ab1d5fd55e6023
B091TX1RT3,feature_102a3e806790adee
B091TX1RT3,feature_9b51bf66ef6a8ecb
B091TX1RT3,feature_bf633927f678354c
B091TX1RT3,feature_d7abc367d43e4dfa
B091YQ7YXH,feature_086d807b6bd09005
B091YQ7YXH,feature_0ba4bb55a90bc958
B091YQ7YXH,feature_3d302c03dbe6180e
B091YQ7YXH,feature_78a0f88151c1b453
B091YQ7YXH,feature_7fe31da327bf1db4
B091YQ7YXH,feature_c202b30c8558d836
B091YQ7YXH,feature_d1a12c0156c52396
B0921CNWSZ,feature_10d9d431f765a9e9
B0921CNWSZ,feature_47824081aa35bc65
B0921CNWSZ,feature_72275664b55cd49c
B0921CNWSZ,feature_be1b10ba6beb516b
B0921CNWSZ,feature_c9fe35949f870d07
B0921CNWSZ,feature_cde08cf62ed4453b
B0921CNWSZ,feature_e165a7c0f6240393
B0921CNWSZ,feature_e2e756ae7e39c896
B0921CNWSZ,feature_f4a5b0be055fbc3e
B0921SG7ZP,feature_43f39db510598b6e
B0921SG7ZP,feature_6049accd50f06677
B0921SG7ZP,feature_748887a7d9a957f5
B0921SG7ZP,feature_7c9e74525d46bd86
B0921SG7ZP,feature_8ee3c0c9dab1b72c
B0921SG7ZP,feature_9a444babc47339cc
B0922B96N8,feature_43b4588819dc121d
B092396HPQ,feature_c0b105e7f6e098c1
B0923Y9SW4,feature_3f91bbad97cacefe
B0923Y9SW4,feature_46ad08554022fc31
B0923Y9SW4,feature_6a97dcf99305dd39
B0923Y9SW4,feature_79fe870c6fc2540c
B0923Y9SW4,feature_a87b9c7b6e7741a3
B0923Y9SW4,feature_f4fea2726dc81b30
B0924GT395,feature_052406d20810c6e5
B0924GT395,feature_887d22bb8239d0e2
B0924GT395,feature_9815c680da1327f3
B0924GT395,feature_b59a5717c8fb70ea
B0924GT395,feature_ebf3a0390fb97227
B092587FLZ,feature_10aa2f1f00dee4d4
B092587FLZ,feature_2d291caa6368d650
B092587FLZ,feature_3457d53b5978f073
B092587FLZ,feature_34f01349ca801efe
B092587FLZ,feature_7d8af162967c22b1
B092587FLZ,feature_8e6bf9e28e538d33
B092587FLZ,feature_a9a6fdf3eb89ef86
B092587FLZ,feature_e0cab76167a22b5f
B09259MQ2T,feature_029e36cf6765907e
B09259MQ2T,feature_4ddf75766f54b023
B09259MQ2T,feature_617b34a78d38feb6
B09259MQ2T,feature_7d8af162967c22b1
B09259MQ2T,feature_8f1ae5e56cf46c37
B09259MQ2T,feature_e75ec1636a6f8e94
B0925SRMBP,feature_b376daabda3b50b4
B0925V6K96,feature_c6b0347c1b9511f4
B0926V2N5J,feature_d6c548f329dfc1da
B09275MKYC,feature_f7d003051f180b22
B0928ZBKFD,feature_24c96d189a1f70b4
B0928ZBKFD,feature_a10435e9d93fcf03
B0928ZBKFD,feature_c7e576efa04d3dd5
B0928ZBKFD,feature_e70fd327653d8e1e
B0928ZBKFD,feature_eaa1976f5c878447
B0929CD3GJ,feature_093fdbb6fe7145c4
B0929CD3GJ,feature_211fea6a806bcba9
B0929CD3GJ,feature_2b94e575f5cbf7ee
B0929CD3GJ,feature_3b11b5ab0802b914
B0929CD3GJ,feature_43fe289185862b6a
B0929CD3GJ,feature_53a8d2054662b5de
B0929CD3GJ,feature_5a227b530f4fe1d9
B0929CD3GJ,feature_9ecf58676144eed9
B0929CD3GJ,feature_cd691617ab3b57ff
B0929CD3GJ,feature_f5319cbe9cb80781
B092HY9H9L,feature_0535520e1bbeb789
B092HY9H9L,feature_266c46ada418122a
B092HY9H9L,feature_80dcec1eb65df1e7
B092HY9H9L,feature_8344ce917e10f25e
B092HY9H9L,feature_a4cbb0d4900a5116
B092HY9H9L,feature_dd54199ad8a8f70a
B092J438XZ,feature_f6d0f95e512bc81c
B092LCRCY5,feature_0ea0ec8319db412d
B092LCRCY5,feature_163d661de3807545
B092LCRCY5,feature_68361f4833b0d643
B092LCRCY5,feature_814c27694eba6022
B092LCRCY5,feature_beb155388ba9c0f8
B092LCRCY5,feature_ee66f470d82ca8f1
B092LZ2JRL,feature_376fd78f48c077ed
B092PH1STY,feature_05ad0efadb162cbf
B092PH1STY,feature_7f0ffc9eeea5d33e
B092PH1STY,feature_aa2f8be725e26c8f
B092PH1STY,feature_bdc33bf84a10046f
B092PH1STY,feature_ef18bf3f2ecb3711
B092PHBMDV,feature_4001e9ba594cac01
B092Q4KCZF,feature_47f47d200c01129a
B092Q4KCZF,feature_4f944542e06cd6f2
B092Q4KCZF,feature_821a39d74b510822
B092Q4KCZF,feature_975050c71c936bca
B092Q4KCZF,feature_9800ca9420453da4
B092Q4KCZF,feature_a65ca9e2e4dc907e
B092Q4KCZF,feature_abe1c5ec64d2ccae
B092Q4KCZF,feature_cb329146a0dd0d56
B092Q4KCZF,feature_e123fea36b328fb4
B092Q4KCZF,feature_e930cfdf49f44128
B092Q8VYG2,feature_0db5e1054ffbab6a
B092Q8VYG2,feature_10585e0c02ed8b82
B092Q8VYG2,feature_594ee2e09f067c23
B092Q8VYG2,feature_5cb97b5fef68f0b1
B092Q8VYG2,feature_e7bce6abb18d07a3
B092Q8VYG2,feature_eb502d93d894bb3c
B092QJRD5T,feature_8c27b678bed820fc
B092QLD121,feature_be09135d6fa3a167
B092SDBRBX,feature_869bcb80c467f970
B092SM44G1,feature_0d8b215a52825749
B092SM44G1,feature_312f022dc831bceb
B092SM44G1,feature_9ba705aad4c74f55
B092SM44G1,feature_b5af132dcb76e1e3
B092SM44G1,feature_deb122d23fd67396
B092SM44G1,feature_f01265d8e83f4dc7
B092TVC5N8,feature_381e79a9af2e0d29
B092TVC5N8,feature_51f5a2295e752d65
B092TVC5N8,feature_a44962c85954630b
B092TVC5N8,feature_b660f48f24acd117
B092TVC5N8,feature_d3ef257da2e0fc2a
B092TVC5N8,feature_d8937e6ebde36d34
B092YTVVNG,feature_313ea3bb2239bd85
B092Z9X6QK,feature_2af2628979784a6e
B092Z9X6QK,feature_5fea6c0e33c11b4c
B092Z9X6QK,feature_68169de14f25fe8c
B092Z9X6QK,feature_c085bd0a410ce296
B092Z9X6QK,feature_ffad2e9e3eed8c82
B092ZKN4BK,feature_055af9263a65ffc1
B092ZKN4BK,feature_5cd7df4da86bab44
B092ZKN4BK,feature_5e5a421621c4ad76
B092ZKN4BK,feature_7d8af162967c22b1
B092ZKN4BK,feature_9f5dbb339d4adf71
B092ZKN4BK,feature_c1c16bd2377e8d5f
B092ZKN4BK,feature_fa3ce9a76b0c393c
B0931XBYNW,feature_208185915bb0882a
B0931XBYNW,feature_7cb280728495d937
B0931XBYNW,feature_bb995996457807c6
B0931XBYNW,feature_d223992f3cb4fbbd
B0931XBYNW,feature_d69daefd373eaf9c
B0932146Y3,feature_9d6770e59caeb287
B0932Y49L4,feature_f9f4a13b9c83884e
B0933616FG,feature_5746dc5b13a7f2fb
B0933HJVBG,feature_03f2bd8b448055eb
B0933HJVBG,feature_22a02acac096bf20
B0933HJVBG,feature_3005899e40aa81de
B0933HJVBG,feature_8f42c3d65eb88140
B0933HJVBG,feature_974f4735004f7512
B0933HJVBG,feature_d743c4c20326e917
B0933NGX56,feature_0df87cc026abb2ce
B0933NGX56,feature_214fa41b9a59eb45
B0933NGX56,feature_24dce49787224a62
B0933NGX56,feature_915fa47fed902191
B0933NGX56,feature_e19196c2ecd67d4f
B0934TCPS4,feature_49334bcfd6519894
B0936DGZG5,feature_11beb046779f18cf
B0936DGZG5,feature_2d521f498c707ac0
B0936DGZG5,feature_82cc5a185ba6a250
B0936DGZG5,feature_8a86a60c2313f1e9
B0936DGZG5,feature_a698abb45be5c07a
B0936DGZG5,feature_c0ca981d58bc2c66
B093734FLC,feature_320bf175ab1f19e9
B093734FLC,feature_79dfc750dd78fa0e
B093734FLC,feature_96377c0793a736d3
B093734FLC,feature_ade9bea998ae56bc
B093734FLC,feature_e36bd6f6254803ed
B093734FLC,feature_e6a7acfd938c93ea
B09379JR5L,feature_0991a37859a392c0
B0938J5BYV,feature_068fc40ba5583dfa
B0938J5BYV,feature_0af0b3c9b78f2194
B0938J5BYV,feature_3ae64642a6fe8e83
B0938J5BYV,feature_6e0da273a52b6a23
B0938J5BYV,feature_79c5155dabf12daa
B0938J5BYV,feature_a855ced5ffe13960
B0938J5BYV,feature_b56404ebe15a4502
B0938J5BYV,feature_bdfdfaa06bb17297
B0938J5BYV,feature_d7fbbbb0118f0078
B0938J5BYV,feature_e39a769ff37f8ad5
B093CZFWYG,feature_4044ffdd4a8a4eeb
B093CZFWYG,feature_44fa274ac3b01fb0
B093CZFWYG,feature_82e8c9fc469ed993
B093CZFWYG,feature_e74425f205593b8d
B093CZFWYG,feature_fc671d08a80305e6
B093DBZM31,feature_db7bf062fdca9708
B093FD4GWG,feature_21b991bcdcc9f3c1
B093FD4GWG,feature_2f08be1038f3c406
B093FD4GWG,feature_47f963d5ad56531f
B093FD4GWG,feature_51a52b47c3103197
B093FD4GWG,feature_69f83e09074c8932
B093FD4GWG,feature_74777bce1cf2a2a6
B093FD4GWG,feature_8eac3a11658faebe
B093FD4GWG,feature_97912524f34763ab
B093FD4GWG,feature_98b33bb4c7a0223e
B093FD4GWG,feature_e3ca9a1003e15f27
B093G9HJM9,feature_b51aca9c3bdb224c
B093GQJ8TL,feature_91eb5d0402f5fc78
B093H8ZWM9,feature_1b9970483445cd22
B093H8ZWM9,feature_523d4e1d15d5c7f7
B093H8ZWM9,feature_9bb7456397185a39
B093H8ZWM9,feature_af08b1c074c68b76
B093H8ZWM9,feature_b5fddc1eec5e5dc8
B093H8ZWM9,feature_bdba5d1a769ecb15
B093H8ZWM9,feature_d9fa95bc4798e21a
B093K85ZYD,feature_090ec3174cb802d4
B093KZHW2G,feature_c955fd6ec891ff30
B093L49676,feature_c556aadff10b4b12
B093P1415Z,feature_b5ed4eeed91c5698
B093SSG9MD,feature_2119d488b5c0b341
B093SSG9MD,feature_3720098c3e2d7f10
B093SSG9MD,feature_3df57ec1eb85a448
B093SSG9MD,feature_9a369ad90ea740c8
B093SSG9MD,feature_e098278ac0a31b67
B093SSG9MD,feature_f07d47e2d5859d7e
B093W24GN1,feature_acdd143529320704
B093XJL6BW,feature_2b358f1c9c84c2a3
B093ZK26FX,feature_0723b675717e91f6
B093ZK26FX,feature_30c0324440cc672d
B093ZK26FX,feature_bebad0433e90e87b
B093ZK26FX,feature_c52e14142f131d9e
B093ZK26FX,feature_e105aafcbd3a042d
B093ZK26FX,feature_e8ee5d6aceb38543
B093ZK26FX,feature_f727d1d625090f25
B0941YDPSW,feature_5a78802fd33c8430
B0941YDPSW,feature_8126b7fd99f7ad64
B0941YDPSW,feature_8f5b58490f981737
B0941YDPSW,feature_94529d49382a0223
B0941YDPSW,feature_c4fa397d641253c0
B0941YDPSW,feature_df41a768a4e63d3d
B0942QTZF1,feature_fbf9c4823f732802
B0943TKSQ9,feature_1247264ea77bcea1
B0943TKSQ9,feature_256e605412a7a393
B0943TKSQ9,feature_6a06931fd1414771
B0943TKSQ9,feature_d9ad46d0fc3309f4
B0943TKSQ9,feature_f60d811253caad2f
B0943Y3Z8N,feature_28a17713d0917edc
B0943Y3Z8N,feature_3b9e6171f83afbc6
B0943Y3Z8N,feature_68e8e345670f2014
B0943Y3Z8N,feature_a39642e4975f40bd
B0943Y3Z8N,feature_e3a4f3d35830d3f5
B0946HH6X4,feature_24b56d55084076a6
B0946HH6X4,feature_3c30ede64c29ae65
B0946HH6X4,feature_72f19cc736ba5e6b
B0946HH6X4,feature_ba9cbbfcc425d602
B0946HH6X4,feature_cc0d0b73f80547ef
B0946HH6X4,feature_f104f3e86850a9cb
B0947VQB5B,feature_4be9ccf752470d7d
B0948PLBTF,feature_09ba4b7fbaf59f31
B0948PLBTF,feature_279f18599b28fcfe
B0948PLBTF,feature_3f5c7a0eb36eab19
B0948PLBTF,feature_8b8e52649f97baaa
B0948PLBTF,feature_b38d0e5cbd3d792e
B0949RDSJ9,feature_19a31620710ea563
B0949RDSJ9,feature_1bb623c2225c0c60
B0949RDSJ9,feature_1c3502372345b3c1
B0949RDSJ9,feature_864a012747e26d18
B0949RDSJ9,feature_d5704509fa613a5b
B094CBH5JN,feature_7d7e8dc79ff0a23a
B094CBH5JN,feature_92a330dd90f98393
B094CBH5JN,feature_a8c821ea044ae957
B094CBH5JN,feature_c6678c76216e09a8
B094CBH5JN,feature_c6844f7417c913bc
B094CBH5JN,feature_c71a194c85f67d57
B094CBH5JN,feature_cf9f5e560dce2782
B094CWDZMK,feature_03d6a194f4b02abf
B094CWDZMK,feature_1b766ba2fbc7aa06
B094CWDZMK,feature_419bbe56d1b53933
B094CWDZMK,feature_497543cdd66d6287
B094CWDZMK,feature_785a8bd7d86614d9
B094CWDZMK,feature_8f83bc428a63ea1a
B094CWDZMK,feature_b5a98069bb13638a
B094CWDZMK,feature_bed094d8d99e276d
B094CWDZMK,feature_c94ce279646b5d45
B094CWDZMK,feature_ee67601a915b76ef
B094DRWXRW,feature_07c0d1022b2cd790
B094DRWXRW,feature_41424606d1723108
B094DRWXRW,feature_79a0411854c88ea3
B094DRWXRW,feature_c8688ceedd52be39
B094DRWXRW,feature_cf7bc75520adac9f
B094DRWXRW,feature_f84d24aa80c5e690
B094F8XJS8,feature_3056003537026e9d
B094F8XJS8,feature_437c2e81398dbc54
B094F8XJS8,feature_7b99409478e0eb12
B094F8XJS8,feature_a01c38aa053ff86d
B094F8XJS8,feature_fd7d4b2ff29dc0f7
B094FHBW4S,feature_e47566ba2c97ee11
B094GZW7KD,feature_dab43c8b76c0abc8
B094JN6S6Y,feature_1cfc702cad36a4e3
B094JN6S6Y,feature_22e071b3fe756644
B094JN6S6Y,feature_312e82c70b3e1d9c
B094JN6S6Y,feature_465f542fa63bc8b7
B094JN6S6Y,feature_b790bc56e6d2d670
B094N6P643,feature_1649fd2741d441f8
B094N6P643,feature_e936ed67ac904a6d
B094N78PD6,feature_1f7416942adc65fc
B094N78PD6,feature_47adfde8d850ed8b
B094N78PD6,feature_7337855546d325d4
B094N78PD6,feature_73720d72f9defeac
B094N78PD6,feature_74702537803d9112
B094N78PD6,feature_7c42316f3864d0c8
B094N78PD6,feature_86a0916ea773d1f4
B094N78PD6,feature_87f46d120b691ad3
B094N78PD6,feature_9d972e2af05050e2
B094N78PD6,feature_d386ea0e59ff038c
B094NV5V8W,feature_1aca68f983da1c63
B094NVY7X2,feature_55c25781fa4a77c3
B094PVL22Y,feature_a71204ce49a064b3
B094QL9YRK,feature_035c53073a64ecab
B094QL9YRK,feature_0ba9bcd25670246a
B094QL9YRK,feature_188bb5ae5b962bd5
B094QL9YRK,feature_53544234330cb3ee
B094QL9YRK,feature_7c68691b01a41d07
B094QL9YRK,feature_ab04fe619f1f6d53
B094QL9YRK,feature_bd3d6ade874a11d2
B094QL9YRK,feature_cb329146a0dd0d56
B094QL9YRK,feature_e0e1a23c79bf54f5
B094QL9YRK,feature_e42b28168731d08d
B094TB1PFK,feature_f23a0532a4878e5f
B094V4NXGZ,feature_ced6b68aaa4bf006
B094Y3HKD1,feature_02a1ca43edb6b2c0
B094Y3HKD1,feature_0a9e7cffc2484d25
B094Y3HKD1,feature_18a458ebfef70279
B094Y3HKD1,feature_6a2555bcff685c29
B094Y3HKD1,feature_8cdfe6ff41e186f6
B094Y3HKD1,feature_966b941d17dc3103
B094Y72MR6,feature_134f4eec5db64680
B094Y72MR6,feature_662e99635649dcb3
B094Y72MR6,feature_6f79a615542d128a
B094Y72MR6,feature_7bc304d91c3df55b
B094Y72MR6,feature_869720379625d558
B094YXGR54,feature_1040b66ddfd8653b
B094YXGR54,feature_13c5f4e05ae48c0e
B094YXGR54,feature_7e4134756fd14289
B094YXGR54,feature_8e7ceeeb765ee4d5
B094YXGR54,feature_8fec02ae8b7c3a2a
B094YXGR54,feature_cf5c8b18abe0f306
B094YXGR54,feature_efead725cd6e46e1
B094YXGR54,feature_ff8cdc2eb2c0f6c4
B09537BN3K,feature_03e3505b8913150a
B09537BN3K,feature_05772cd3e18265cb
B09537BN3K,feature_25e781e56c9ae40c
B09537BN3K,feature_61f70aeeabd4d2b2
B09537BN3K,feature_a1f9f86b08b7dbde
B095398RFJ,feature_38b7faffe5c1d648
B095398RFJ,feature_7139cfd18c8d045c
B095398RFJ,feature_799d11be46c26ff5
B095398RFJ,feature_9abdebf5ebd09d6b
B095398RFJ,feature_cce1fce642c62599
B09563M2QR,feature_1030079c6d01fb78
B09563M2QR,feature_196928aa61f42ba7
B09563M2QR,feature_1e5f7233dfff6d46
B09563M2QR,feature_2a6b5ab933b26270
B09563M2QR,feature_5c6663cc3385ccf1
B09563M2QR,feature_71de80d15a317c7d
B09563M2QR,feature_78a0f88151c1b453
B09563M2QR,feature_bfc67c43ff09eea5
B095754MNK,feature_26a543375077b0b4
B095754MNK,feature_406198862cb92cd5
B095754MNK,feature_4d3e59c421e959d4
B095754MNK,feature_4fa7a784017f8d65
B095754MNK,feature_83e885c080be07ab
B095754MNK,feature_c2dac7b190dc58e8
B0957B87W1,feature_27dca815f8767ede
B0957B87W1,feature_5831275cfefdd1ed
B0957B87W1,feature_5e51e65206e6a8b4
B0957B87W1,feature_88f1c2aaf4a3c125
B0957B87W1,feature_a93d402d0695a958
B0957B87W1,feature_e8119e2385327e43
B0957SGX7P,feature_03d8a03b3856303d
B0957SGX7P,feature_0b57d08d44c72d06
B0957SGX7P,feature_1d706bb02cac8f73
B0957SGX7P,feature_50f064e1bc6546a4
B0957SGX7P,feature_8849a70ce86eae6f
B0957TPWQJ,feature_07b06ffb4ae17a80
B0957TPWQJ,feature_434c7f80b0c29c4c
B0957TPWQJ,feature_b079dfecb39409d4
B0957TPWQJ,feature_b40abac7e741fcd0
B0957TPWQJ,feature_ba9e845abd8495fc
B0957TPWQJ,feature_eeaff0b3b44eaecb
B095BQKYP3,feature_12465ab53c56a096
B095BQKYP3,feature_2e42fa1b96707e69
B095BQKYP3,feature_4ff78f26ded1b722
B095BQKYP3,feature_916f6e1bcc0bb3e8
B095BQKYP3,feature_e21b1635a64928dc
B095BQKYP3,feature_e76671bd8321f32d
B095BWN271,feature_b223397c332cd60e
B095BYS2S5,feature_1b453faa890b9b72
B095BYS2S5,feature_affda394d72589aa
B095BYS2S5,feature_b0ef52a5899a7c0e
B095BYS2S5,feature_df1be2d7105ab948
B095BYS2S5,feature_fb0349573ad86081
B095C2SJNJ,feature_3241c3053220c2f3
B095C2SJNJ,feature_481e0dbcafab7729
B095C2SJNJ,feature_5bdaeec875b8c674
B095C2SJNJ,feature_678a7e986cadad4a
B095C2SJNJ,feature_78a0f88151c1b453
B095C2SJNJ,feature_7b6d4aa5c29d2669
B095C2SJNJ,feature_aa2c793273272268
B095C2SJNJ,feature_bd06e101ef3c6172
B095C2SJNJ,feature_e31329e51210490b
B095CG99D8,feature_08ecbda8031307b6
B095CG99D8,feature_8c327f566aee8d52
B095CG99D8,feature_af888f2ff17375dc
B095CG99D8,feature_b921078e1bf2ff17
B095CG99D8,feature_bce88cabaa0cec38
B095CG99D8,feature_c0bbe5c36584ec2c
B095FSG75W,feature_123ebf2360acaf01
B095FSG75W,feature_20192a428a6a85b3
B095FSG75W,feature_38a178bd1e107651
B095FSG75W,feature_c84f1d6c0a40bfc6
B095FSG75W,feature_c950671d11c7d085
B095FSG75W,feature_e1d7891c71f36846
B095GJN7YX,feature_5faa5162af49dd10
B095GJN7YX,feature_901f9e14a6efc26c
B095GJN7YX,feature_928e596203a2b55a
B095GJN7YX,feature_9ce59b8fa1700e9d
B095GJN7YX,feature_ba74c7c6e9fbd36c
B095GJN7YX,feature_ed540d7836dbec19
B095GS6SWK,feature_a02a6d08489f43ea
B095J1ZWHY,feature_01a93d9823a86bc2
B095J1ZWHY,feature_21f7fd5e10515289
B095J1ZWHY,feature_43f229552cf2afd2
B095J1ZWHY,feature_83cd2959673b3516
B095J1ZWHY,feature_a0ce090c23591e03
B095K6X721,feature_0616ea60089e34f2
B095KGTD1R,feature_05736fff98f87dd2
B095KGTD1R,feature_ae3963b7c6e6eba2
B095KGTD1R,feature_aff6e9040806cce8
B095KGTD1R,feature_e4edc1497fa57b20
B095N2KRBY,feature_eeae254f99e690e3
B095NB5MF2,feature_c16a8cb4e539b569
B095NP6WCB,feature_afa20cae3644a9bd
B095P5523C,feature_ced30daf1f50c55f
B095PB9TT2,feature_444635572de95e8e
B095PRS34M,feature_2638e890f57ca174
B095PRS34M,feature_3f79d328a7997cd9
B095PRS34M,feature_458da6c256f6331b
B095PRS34M,feature_747a2658d08aacce
B095PRS34M,feature_b45c41a1bed8aecb
B095PRS34M,feature_bbbd141c292e709b
B095PRS34M,feature_c011a74f2c5511f2
B095PRS34M,feature_d6bc500e13288b54
B095PRS34M,feature_d6d8aabc1e9e0f01
B095PRS34M,feature_ff05d925642cb6a6
B095SDVCSG,feature_6c42e80423f0af05
B095SDVCSG,feature_964fe37b95aa4d07
B095SDVCSG,feature_a8c821ea044ae957
B095SDVCSG,feature_cadfade94238e6e6
B095SDVCSG,feature_ce6ce620f98a059c
B095SDVCSG,feature_d65a541f724b6304
B095SJFWFG,feature_57cbc2a19667a366
B095VY6RD4,feature_34488827f6655e5e
B095VY6RD4,feature_85d700d4ba3f7d18
B095VY6RD4,feature_c3b3655946b759ab
B095VY6RD4,feature_ccad9c3c26c98fcd
B095VY6RD4,feature_f329edead4892a0e
B095XCL9GH,feature_0c9819f3577b8e2b
B095XCL9GH,feature_5cc66de7a9322dbf
B095XCL9GH,feature_9086fc8c030b416b
B095XCL9GH,feature_b5d070a2423fb90d
B095XCL9GH,feature_d30131e64ee51a5d
B095XZG346,feature_88bbdfe2ad20234e
B095Y173P3,feature_1e5dd938ec7bc376
B095Y173P3,feature_2907ee2d386f7755
B095Y173P3,feature_44dbd18342578a79
B095Y173P3,feature_5828f6a9e52431f6
B095Y173P3,feature_c3adb29bf40a7014
B095YDFRYN,feature_f1faf3224b74141c
B0961W77XJ,feature_37dc6da5f729330d
B0961W77XJ,feature_a3a7ee925c126ca6
B0964ZJZ1Y,feature_37609533f63e593a
B0964ZJZ1Y,feature_49d0a5e0737aaa3b
B0964ZJZ1Y,feature_6cf5ea1841d1d7ff
B0964ZJZ1Y,feature_b911d978270779d9
B0964ZJZ1Y,feature_cadac30bfab1741c
B0964ZJZ1Y,feature_ed3c5ad1bdf577e7
B0968LF1VW,feature_051b64b5552e2e55
B0968LF1VW,feature_8c1ff6fdc11045ea
B0968LF1VW,feature_d017e5a44dd71300
B0968LF1VW,feature_d05620a77c279680
B0968LF1VW,feature_d1578afbe65f49db
B0968LF1VW,feature_df0fd5b5a75108c2
B096DD11W7,feature_5f5a074a0842cf3f
B096DM63T9,feature_b4b28ab88c0d4a2f
B096DVPRSF,feature_27430219d624ffe8
B096DVPRSF,feature_57039f702008c476
B096DVPRSF,feature_628f478fc59c132b
B096DVPRSF,feature_b215efaaa266c94f
B096DVPRSF,feature_efab017745d8c840
B096KP25GY,feature_1a55cb615ecdec1b
B096NK7DN4,feature_195ee5b71c7bffcf
B096NK7DN4,feature_2aaf3e35a6ce7e3d
B096NK7DN4,feature_471d47b3dd34a00e
B096NK7DN4,feature_5de41155e033760a
B096NK7DN4,feature_704e91a2679a9f96
B096NK7DN4,feature_7c20d82b682494b0
B096NK7DN4,feature_7d8af162967c22b1
B096NK7DN4,feature_96148237e84ca6bc
B096NK7DN4,feature_e4c347b658e8a116
B096TFKTJZ,feature_0e03832a58e3e8d4
B096VHRV5H,feature_01c1dfea3e960bf0
B096VHRV5H,feature_3c9ec42b574fb1e6
B096VHRV5H,feature_4d82b0035c40f26d
B096VHRV5H,feature_d208f975359ebb63
B096VHRV5H,feature_d4808dcac35f0b5f
B096VHRV5H,feature_e1b0d4c102a7104f
B096W1P94W,feature_3710afc07a4371d1
B096W1P94W,feature_7d8af162967c22b1
B096W1P94W,feature_806789892828ea8d
B096W1P94W,feature_80ffbc479fbe3341
B096W1P94W,feature_d18c098d2b543475
B096W1P94W,feature_dcf340fc91f53cc4
B096W1P94W,feature_e1d0f7baa88f9836
B096W2XH6K,feature_5388dd15e641e3ca
B096W2XH6K,feature_612ac7c905cdc273
B096W2XH6K,feature_700c99fed79afd64
B096W2XH6K,feature_94b3e5b2afe75710
B096W2XH6K,feature_9d0e74fe37003d4b
B096WZDBYM,feature_088b17cd465d882e
B096WZDBYM,feature_50dbfbfdfe5d2ae9
B096WZDBYM,feature_861208d028392fa0
B096WZDBYM,feature_bb19e029d4bd1a60
B096WZDBYM,feature_e5c13fad2d6e6186
B096WZDBYM,feature_eab25506259d726f
B09719JJGL,feature_0c39ce9cb4a9d448
B09719JJGL,feature_17b6b044e517c2d1
B09719JJGL,feature_1a8b884ef0954934
B09719JJGL,feature_8e40969166839e42
B09719JJGL,feature_eecd2c4963ece8ac
B0971SNM5P,feature_0ca3baecdf39938f
B0971SNM5P,feature_19883e649ff2901a
B0971SNM5P,feature_581e5ccccebbbbab
B0971SNM5P,feature_789c7a9b9d52b0c7
B0971SNM5P,feature_eb4ada8830910be2
B0971SNM5P,feature_f9508b5880e26670
B0974GWS7Z,feature_2ded520a901dcbf4
B0974GWS7Z,feature_4bdb22ed131fd5c0
B0974GWS7Z,feature_c3bc33c7182799e7
B0974GWS7Z,feature_dd7c4b515204ced7
B0974GWS7Z,feature_eb4fd0afdb1463aa
B097545V9C,feature_06e275e60ff6e9a6
B097545V9C,feature_5647a8d2f32c69b6
B097545V9C,feature_7008fc3a878b618c
B097545V9C,feature_80d980f610c37ad8
B097545V9C,feature_8a7a45362a9c5976
B09774XK6P,feature_3b774bee3fbfb671
B09774XK6P,feature_788bc56ea3770158
B09774XK6P,feature_998ef0138bd78628
B09774XK6P,feature_add6941b07bf1428
B09774XK6P,feature_c3049fe41bc00dae
B09774XK6P,feature_c8855090f6132287
B09774XK6P,feature_c9d7881819d0d57e
B09774XK6P,feature_d610789398ecf8d8
B09774XK6P,feature_fa6e39ceb69a128b
B09796CWYQ,feature_226948f2648fb42e
B09796CWYQ,feature_64d18f405ad5bcfe
B09796CWYQ,feature_e494cb925e4f1989
B0979HZQM5,feature_18cdf29903019ac0
B0979HZQM5,feature_19ddb8047bf4c535
B0979HZQM5,feature_42dbd8d7db3f3282
B0979HZQM5,feature_6cbc290ab4506aa9
B0979HZQM5,feature_752cb359edbf731d
B097B9MP3X,feature_d1d1d61d1a9a2129
B097BJV8KT,feature_3c69be1d1555de37
B097DQPPQ4,feature_8f81189911e364e6
B097G4JTGM,feature_4ebe9c554baf6bb0
B097G4JTGM,feature_7d8af162967c22b1
B097G4JTGM,feature_8c5528ecce2e5dee
B097G4JTGM,feature_acb8839ca770268f
B097G4JTGM,feature_e6a7868b8e1c9698
B097G4JTGM,feature_eeeedcb7c0f60d57
B097G4JTGM,feature_f3f6659de27ae39d
B097G5V76Z,feature_dc0d6d41e6daf035
B097GMX4FF,feature_11beb046779f18cf
B097GMX4FF,feature_2f651388f5d0b38e
B097GMX4FF,feature_4ebe9c554baf6bb0
B097GMX4FF,feature_7d8af162967c22b1
B097GMX4FF,feature_acb8839ca770268f
B097GMX4FF,feature_e353efe03118051b
B097GMX4FF,feature_e6a7868b8e1c9698
B097GMX4FF,feature_f3f6659de27ae39d
B097H99PGX,feature_5d6a07ec066eb846
B097H99PGX,feature_757d012c35cccdc6
B097H99PGX,feature_9ede1958e344cc8a
B097H99PGX,feature_a3a7ee925c126ca6
B097H99PGX,feature_b1537388e359965c
B097LPF9LV,feature_b303caf7b688541b
B097MFPP38,feature_2bb029a79227e170
B097MFPP38,feature_2e377c9180141be0
B097MFPP38,feature_392935bbb0793454
B097MFPP38,feature_5d85b6e8f2aa531a
B097MFPP38,feature_a7b55849b0d8a309
B097MV8KWZ,feature_1df21cc8437713b8
B097MV8KWZ,feature_2d45d36f5c6c6a74
B097MV8KWZ,feature_653257ded4e9542b
B097MV8KWZ,feature_cebf57475cd630a0
B097N2CDPY,feature_06a28b3c895b404a
B097N2CDPY,feature_27ef460c730a6323
B097N2CDPY,feature_666008e3e7c1cdfb
B097N2CDPY,feature_74be5942cc14d7fe
B097N2CDPY,feature_ecc35108d92b02f2
B097PHLRH7,feature_0b338e1baa0bfdc1
B097PHLRH7,feature_44543fc4e9e493cd
B097PHLRH7,feature_618ba63df6e4ad38
B097PHLRH7,feature_6e67c49f8f091c64
B097PHLRH7,feature_acdeb8ec8de835e3
B097PHLRH7,feature_b0987b06af06d2bf
B097PHLRH7,feature_db4af9ded86e18d3
B097R46CSY,feature_45b311f6d9da2bd4
B097R46CSY,feature_7d9b6ad6579845af
B097R46CSY,feature_7dbb1b4e12f71ff0
B097R46CSY,feature_9404c3cbea945040
B097R46CSY,feature_94321e54e4189a4f
B097R46CSY,feature_a235772fdee82fc4
B097S2NRWP,feature_edbb8eb1493d04ae
B097SPPSNZ,feature_f5ae24f955ae6a30
B097T1CVZ9,feature_015cd53a3e44d789
B097T1CVZ9,feature_577a731277b283bb
B097T1CVZ9,feature_9ad3b7570bd71dc4
B097T1CVZ9,feature_c5c3e8524121e63e
B097T1CVZ9,feature_df61a6c06f30312f
B097YXY5W2,feature_000703ce727fa038
B097YXY5W2,feature_37e8dc062aff9dee
B0982Z2GGM,feature_2f77453d53c4c66e
B0982Z2GGM,feature_3dcf8ad02c525397
B0982Z2GGM,feature_4d2d6f1342149df0
B0982Z2GGM,feature_5d4e9f06be2520a2
B0982Z2GGM,feature_fd4cf84d6b34e93a
B0989DTGRK,feature_2502559cfad50940
B0989DTGRK,feature_a118dea28c3ba960
B0989DTGRK,feature_b4675421fbc510ff
B0989DTGRK,feature_ba7c983c3cf2c3f2
B0989DTGRK,feature_f4ad707268fdb262
B098CG8NVN,feature_688dec310989fae8
B098CG8NVN,feature_fee3917b5d547c3a
B098DW27KX,feature_a0d8c07df535029c
B098DWSF1V,feature_2d28589207c99e4d
B098FBNSJN,feature_c6e15b530dd522c4
B098JBBW45,feature_65949e7b8e5b98db
B098JBBW45,feature_7decef4b4b87534c
B098JBBW45,feature_8ba230c2e63d3b9d
B098JBBW45,feature_9c030618792f0fd8
B098JBBW45,feature_e9898dbdc6c402d6
B098JBBW45,feature_eb607f1f624a4b4f
B098JPD7K8,feature_263872179ecc4a89
B098JPD7K8,feature_38f71cb7ffe8b204
B098JPD7K8,feature_a8f6224cfe258df5
B098JPD7K8,feature_b2b43c4fd95cb153
B098JPD7K8,feature_bbfdbe0cc92f41ae
B098JX1V49,feature_0b6699ed58451770
B098JX1V49,feature_1a46c38a704abc10
B098JX1V49,feature_52785e71c7b24153
B098JX1V49,feature_b5784fb1921f8bab
B098JX1V49,feature_f517bfc55e37166d
B098KBMWX2,feature_13cd1851f11cd78b
B098KBMWX2,feature_4397c4242112a018
B098KBMWX2,feature_849987ee887fa14d
B098KBMWX2,feature_8a1d6ae7c9753f9e
B098KBMWX2,feature_d890860fbb7603d4
B098KCD857,feature_1d8b8696f1a10352
B098KCD857,feature_329662bedb1f440b
B098KCD857,feature_726ee49149f15236
B098KCD857,feature_a4228e95d7b1f1bd
B098KCD857,feature_f7935dc9fa1ab911
B098KLQNFG,feature_11e4194a3cab43df
B098KLQNFG,feature_75e80f26555f7db9
B098KLQNFG,feature_b977fe2d09d3b5f2
B098KLQNFG,feature_bb2b8341e5a32d12
B098KLQNFG,feature_d12c0a883afc60ca
B098KLQNFG,feature_d928ee2d5dd67b50
B098M8MZ9T,feature_0ec7181126df31da
B098M8MZ9T,feature_4e69de1f0a09ded5
B098M8MZ9T,feature_c8c3058970135405
B098M8MZ9T,feature_ceab0d6287fc24eb
B098M8MZ9T,feature_d416f3aecbf1045e
B098M8MZ9T,feature_e03e01021352550e
B098QKWX9K,feature_06d4faab04049fba
B098QKWX9K,feature_3c1e838633b77564
B098QKWX9K,feature_863a29fcd08da732
B098QKWX9K,feature_bebf59d977927c6a
B098QKWX9K,feature_c05a4171f2debbcc
B098SXZKJ5,feature_d8f7a42715ef8746
B098W1G4WK,feature_52ba82cf446fe6ea
B098W1G4WK,feature_9e0f103676e27b3c
B098W1G4WK,feature_c1f9a179d5ead763
B098W1G4WK,feature_d4ca921696b8394c
B098W1G4WK,feature_d7f2618f915d3ec0
B098W794X6,feature_9ab1da276645defc
B098W794X6,feature_cf2e8fa97aeddd80
B098W794X6,feature_d2b3b2ca497271f9
B098W794X6,feature_fa03817d99c7f7cd
B098WZSS97,feature_7a689481e20e5c09
B0991XZKL8,feature_0c6972e3471ecc91
B0991XZKL8,feature_393338e3fbcd9973
B0991XZKL8,feature_63e6aca6e0ee8e8e
B0991XZKL8,feature_78d796b4f4f9d7f8
B0991XZKL8,feature_d515bf41c315501b
B09932DH19,feature_a66bf7c11496f166
B0993XGQR3,feature_2fcf017434824168
B0993XGQR3,feature_4cff266568093ca4
B0993XGQR3,feature_af6170bd91213c90
B0993XGQR3,feature_bdbf62dcae52bcd9
B0993XGQR3,feature_cc772b745767285c
B0993XGQR3,feature_f135e06d679e7c2d
B0994THZFX,feature_20c5ad2bac5881a2
B0994THZFX,feature_4fe6628b38e0d852
B0994THZFX,feature_6fa6a43a1528b564
B0994THZFX,feature_b80a232e5c3f0d65
B0994THZFX,feature_bfbdebabd82f7524
B0994THZFX,feature_dffd5a4a5b190b82
B0994THZFX,feature_e183abffcd452629
B09999NFJM,feature_1e5da3bb47f4ebc5
B099BLC99J,feature_0ede47e1a5bad1f5
B099BLC99J,feature_b288918595f3a221
B099BLC99J,feature_baaea12b4e888a16
B099BLC99J,feature_c33641bc4b284b01
B099BLC99J,feature_df4042712feac073
B099KLQZJY,feature_22dab2a054b5a37b
B099KLQZJY,feature_9e3ba065317c8dee
B099KLQZJY,feature_b3e71a021cd64582
B099KLQZJY,feature_e2c8e6b22356e046
B099KLQZJY,feature_f49840ab5c4132f8
B099KRH966,feature_0cf2c48131a76d72
B099P2T5LZ,feature_1cd1bbc1b481e0b2
B099P2T5LZ,feature_3ef42334db132a20
B099P2T5LZ,feature_707b8e2b635747e0
B099P2T5LZ,feature_7123ced18c9ed175
B099P2T5LZ,feature_c13892020db20f28
B099P56CN3,feature_6adc955f51beff24
B099P56CN3,feature_82e341bf25ccdfab
B099P56CN3,feature_8859761c9de94563
B099P56CN3,feature_9e9cace348364e75
B099P56CN3,feature_d4a949982c86399d
B099P56CN3,feature_e08c0b98d2e918f1
B099P56CN3,feature_f8acb15eaaf1a61d
B099RPBYT3,feature_2018d436deae5243
B099RZZHYV,feature_dc77a0218a04495e
B099TPM7BN,feature_35a2ef087f4b5227
B099TPM7BN,feature_9b03ff9ad68262d0
B099TPM7BN,feature_9f0df1a56b6f2b75
B099TPM7BN,feature_aedbbef5e68d3965
B099TPM7BN,feature_cf77017145bafa0c
B099TPM7BN,feature_d9c06063f14f0034
B099ZBLX3Z,feature_b8090ca24a58fa51
B099ZBLX3Z,feature_df2d633ea45697d6
B099ZBLX3Z,feature_e96d53c2eabcdf70
B099ZBLX3Z,feature_f395088726d7ecb7
B099ZBLX3Z,feature_f689204c29f2558e
B099ZJ8T5Y,feature_6b0acfc6b5967446
B09B2RNHHH,feature_0ae7f799c714e4f4
B09B47FBLB,feature_19871aa81699d301
B09B47FBLB,feature_30ebb1fa6ece3ebf
B09B47FBLB,feature_49e940d7837fcb5b
B09B47FBLB,feature_7561d49a67d5a8e4
B09B47FBLB,feature_92820b46186be86e
B09B77K3MG,feature_fb762d959d55b857
B09B82KQNY,feature_1088b3b0e0ce0cce
B09B82KQNY,feature_5eeb9a3ebc0f9637
B09B82KQNY,feature_8f499f5b04b85ade
B09B82KQNY,feature_c28bf9f0a8a9833a
B09B82KQNY,feature_ccfc029716be73f0
B09B82KQNY,feature_fd4ccbb28e8f7913
B09B9VR2RK,feature_d3c84ef775c3aadb
B09BDDXCBX,feature_19a8ffb51bad57e7
B09BDDXCBX,feature_3633e71dcf1944c3
B09BDDXCBX,feature_763ac2af2855b538
B09BDDXCBX,feature_881f62ed459ca28f
B09BDDXCBX,feature_fe3133a591700a18
B09BF1R2QG,feature_826c8e2bcd1620f3
B09BF1R2QG,feature_966a8968cd54d083
B09BF1R2QG,feature_e153dc36f3eb9f6b
B09BF1R2QG,feature_e3a7756cbcf28050
B09BF1R2QG,feature_e5ca1f913e3a215a
B09BF1R2QG,feature_e8a2bb5fc53ad0d6
B09BF1R2QG,feature_f85942b8136dfe59
B09BF41KSN,feature_67b213c3153e8225
B09BF816JP,feature_0c4017448836fe8f
B09BF816JP,feature_11bcc332e761050d
B09BF816JP,feature_6fe000db24f98c32
B09BF816JP,feature_70ab75e48f60eee2
B09BF816JP,feature_de24e6a341e1edd9
B09BF816JP,feature_fa7c2fc4f60ff652
B09BFHR5XT,feature_8353185c3e53ea55
B09BHFSPFG,feature_92dfe847067e60c0
B09BJK8WKP,feature_1b1d451cf25566d4
B09BJK8WKP,feature_528f48bacffc40ba
B09BJK8WKP,feature_8a3f88ac7bfc2461
B09BJK8WKP,feature_907b77fcd9590f9a
B09BJK8WKP,feature_981580735124e2a6
B09BJK8WKP,feature_a6a157ecad38a85e
B09BLKD7FC,feature_3d4ac02faf6f8568
B09BLKD7FC,feature_7fc83c6ff061a96b
B09BLKD7FC,feature_909e3d7ae5b01179
B09BLKD7FC,feature_934295966f3b4183
B09BN3ZQLM,feature_0c4017448836fe8f
B09BN3ZQLM,feature_11bcc332e761050d
B09BN3ZQLM,feature_5dd3b1ccf95cf655
B09BN3ZQLM,feature_6fe000db24f98c32
B09BN3ZQLM,feature_de24e6a341e1edd9
B09BN3ZQLM,feature_fa7c2fc4f60ff652
B09BY2RQQS,feature_0dcd43a6d44f91a0
B09BY2RQQS,feature_2630593fd69576aa
B09BY2RQQS,feature_432420319ca8f8a5
B09BY2RQQS,feature_5f8d8cc4b2647951
B09BY2RQQS,feature_d6cd0b59a36f132c
B09BZWKBF4,feature_90a34348465519df
B09BZXFZD4,feature_90a34348465519df
B09C1HFW59,feature_4946b05c5718ea85
B09C1HFW59,feature_517e9c48b12b1686
B09C1HFW59,feature_581d49d688dc26a0
B09C1HFW59,feature_95f1cff6a8c7a1e7
B09C1HFW59,feature_ccda4cd04ffce1aa
B09C1HFW59,feature_dbe7811bb5d50340
B09C1RMC6Y,feature_28f666b8eeb530df
B09C1RT865,feature_cbf92c359904ed7c
B09C21SWNT,feature_50b1258304255daf
B09C21SWNT,feature_91ee7999ca27d9a7
B09C21SWNT,feature_93f41d35ed568f94
B09C21SWNT,feature_9eb8d7a766eec1fa
B09C21SWNT,feature_e9dd5df459896285
B09C2ZW2GL,feature_794d6a429062d4ad
B09C2ZW2GL,feature_8984c53a7eb71f26
B09C31LCL2,feature_07a9a2b502d6edb7
B09C31LCL2,feature_0b74472a0af1bb49
B09C31LCL2,feature_400365b4ccc6e7cc
B09C31LCL2,feature_6ade5838146cfab5
B09C31LCL2,feature_fe48142b09431aba
B09C3K39L1,feature_07f85669b412cfea
B09C3K39L1,feature_46f8498d82ebc3fa
B09C3K39L1,feature_5f991a597af5f835
B09C3K39L1,feature_b389aff6bec2e3d0
B09C3K39L1,feature_eb2ac870c6419dc7
B09C3K39L1,feature_fcce065669f1c38b
B09C5NQSC5,feature_0b00a562ed53882c
B09C5NQSC5,feature_41bf60b8ec5bbbbe
B09C5NQSC5,feature_4913e25f8c527e82
B09C5NQSC5,feature_4b2e75931cb2bc78
B09C5NQSC5,feature_6d5e549dc2b6c585
B09C5NQSC5,feature_822ac1b4ef6d7b22
B09C5NQSC5,feature_9894fad36b6a4fbe
B09C5NQSC5,feature_aa84690f08b7177e
B09C5NQSC5,feature_bed17ce25ff8b690
B09C5NQSC5,feature_cad154d497c7ae21
B09C5SDQS4,feature_0a663c1641b94edc
B09C5SDQS4,feature_779b4ec04072bd26
B09C5SDQS4,feature_9a449544a6727329
B09C5SDQS4,feature_d009ca98fa22f405
B09C5SDQS4,feature_d6b456873fc3988a
B09C7ZG546,feature_02c092986a3da37d
B09C7ZG546,feature_40fae89fbd150ef7
B09C7ZG546,feature_96c2b6dff506228d
B09C7ZG546,feature_a12910d8c891054c
B09C7ZG546,feature_b63417bcc5b06737
B09C7ZG546,feature_b7f4532d2b468439
B09C7ZG546,feature_c348d52624076449
B09C7ZG546,feature_d27aeaad8efeb877
B09C7ZG546,feature_d97fe1cbfccd235a
B09C7ZG546,feature_e2a5714808aa7766
B09C8HQ3HN,feature_19f950a0661dfa44
B09C8HQ3HN,feature_322c4145392740dc
B09C8HQ3HN,feature_36eb352b005e6c07
B09C8HQ3HN,feature_83fd7c11261b1491
B09C8HQ3HN,feature_f04aaf5a858cbb29
B09CD8C9MR,feature_ed8101b1068d826e
B09CFRBBVK,feature_329413a599c1525f
B09CFRBBVK,feature_5a05ab445ef5485c
B09CFRBBVK,feature_80787be6c6149167
B09CFRBBVK,feature_c6634cac035e13ac
B09CFRBBVK,feature_f10f4cee561abe98
B09CGXR1VS,feature_1c67120e38cafd72
B09CGXR1VS,feature_592fdebedfc44604
B09CGXR1VS,feature_a3b9b4fcab52ee9f
B09CGXR1VS,feature_d76f01518fc8149d
B09CGXR1VS,feature_e8d5bae0c2bf0a5d
B09CHC299W,feature_278073724acaef85
B09CHC299W,feature_36ba8b96ec36c498
B09CHC299W,feature_8dd1626284277e62
B09CHC299W,feature_992afbfcde4a2d9e
B09CHC299W,feature_e610469696af2eae
B09CK1TH4N,feature_0c37bcf249b44679
B09CK1TH4N,feature_1602baafbbbf4125
B09CK1TH4N,feature_20e64bf7368d2183
B09CK1TH4N,feature_93a452c17b7e8f11
B09CK1TH4N,feature_b0c4bdb6924a3857
B09CK1TH4N,feature_ce0806fe66415d61
B09CK1TH4N,feature_f41df2b267134874
B09CL6KWLK,feature_3c71dd54053b5d25
B09CL6KWLK,feature_8763141ce2930a9f
B09CL6KWLK,feature_d69f2235d814a9f4
B09CL6KWLK,feature_eab4d1e8f6e17b84
B09CL6KWLK,feature_eecc86338e7adc6d
B09CPCNQTT,feature_1395ad8cb4b4b475
B09CT5S7J1,feature_ffdfdc6825210790
B09CZG7JQH,feature_58af8b95616610c6
B09CZG7JQH,feature_7fe3663444534793
B09CZG7JQH,feature_9b53caef7300ebe4
B09CZG7JQH,feature_a215abdb0c894c1d
B09CZG7JQH,feature_cb8bdbbb2298ad73
B09D28NVV4,feature_1a0835642097facd
B09D28NVV4,feature_3b4a192794fcd36e
B09D28NVV4,feature_b6a4836333eccb98
B09D28NVV4,feature_ca9df58d5b50d219
B09D28NVV4,feature_d09def566f655b09
B09D28NVV4,feature_e087acf485e42bbc
B09D6P13WC,feature_237f49e9e18488e3
B09D6P13WC,feature_36ac1f0636b79589
B09D6P13WC,feature_63083f4484bfcb3f
B09D6P13WC,feature_7dff1603dc128dfa
B09D6P13WC,feature_8e99fa7fe06efe6d
B09D6P13WC,feature_e95dd88b174da9b7
B09D6P13WC,feature_f0aaa52038eb2bf2
B09D7N6G8X,feature_15897f00b6b011b1
B09D7N6G8X,feature_2dc9ee5985ae4a89
B09D7N6G8X,feature_34d3ba20d6d66187
B09D7N6G8X,feature_6f0194a53c6d0ad8
B09D7N6G8X,feature_8576c89161b09b3c
B09D7N6G8X,feature_98f12d855b7ad9f2
B09D7N6G8X,feature_b8533035a24e1ea7
B09D7N6G8X,feature_d457bce9a5ab507a
B09D7N6G8X,feature_f9644500793b63ca
B09D8MXWY4,feature_0abd94abec79002a
B09D8MXWY4,feature_17945c4a61cd1af4
B09D8MXWY4,feature_358a086c08713bf8
B09D8MXWY4,feature_8f1a7853692783f9
B09D8MXWY4,feature_bae60b6d4bb54aca
B09D99QV16,feature_22313f1824c6a0ff
B09D99QV16,feature_231f43b5195b97ee
B09D99QV16,feature_2eb674b504d5df62
B09D99QV16,feature_404c3f62d2a8b1f8
B09D99QV16,feature_542c81ee2ab8cc73
B09D99QV16,feature_7cb0b27d7ef3bae9
B09D99QV16,feature_ac9e49c5e1930d8f
B09DD5TV6V,feature_46366aca7efe1872
B09DD5TV6V,feature_702bd21190d0e78e
B09DD5TV6V,feature_95f4f3029aef7387
B09DD5TV6V,feature_ac40020bbca9cc92
B09DD5TV6V,feature_f71e5ad804051db2
B09DD5TV6V,feature_fe544a4044bec8d2
B09DLCTR8V,feature_0e65204015210066
B09DLCTR8V,feature_11beb046779f18cf
B09DLCTR8V,feature_31ce39ae050cf28b
B09DLCTR8V,feature_75b22006bf74e18c
B09DLCTR8V,feature_7932d1461226ce89
B09DLCTR8V,feature_b0c91fe8ad1be597
B09DLCTR8V,feature_fab54d94919e13eb
B09DLG6G38,feature_424d7ec8b47a7929
B09DLG6G38,feature_5695b783782fac48
B09DLG6G38,feature_687d6696ba44f24b
B09DLG6G38,feature_710a65ec94bafc66
B09DLG6G38,feature_7d8af162967c22b1
B09DLG6G38,feature_94138246e0577a2f
B09DLG6G38,feature_f02b8eb6bb48e765
B09DLGHYJR,feature_0cb4948ccf5ec8bc
B09DLGHYJR,feature_588354b477f5ea19
B09DLGHYJR,feature_6dcdef760c01522e
B09DLGHYJR,feature_7d8af162967c22b1
B09DLGHYJR,feature_f061a7d9b953c2c3
B09DLGHYJR,feature_f1424217dd02bf73
B09DLGHYJR,feature_f1efb32889595885
B09DP71VK3,feature_6f9432916bcc61ce
B09DP71VK3,feature_8f440e5db4f71bb0
B09DP71VK3,feature_91fa3610648eb4c8
B09DP71VK3,feature_b849a64e1139e01c
B09DP71VK3,feature_f2fae39d14043e1a
B09DPBRJ1C,feature_03d6a194f4b02abf
B09DPBRJ1C,feature_505bf9af0fcb5cda
B09DPBRJ1C,feature_534b5b16331513bd
B09DPBRJ1C,feature_5bbd1793ff9fe005
B09DPBRJ1C,feature_66f2de3611dfcd1f
B09DPBRJ1C,feature_95f26fcc433126d9
B09DPBRJ1C,feature_9bae3c437ad8ee3a
B09DPBRJ1C,feature_d805737a7281d977
B09DPBRJ1C,feature_e930cfdf49f44128
B09DPBRJ1C,feature_ffb3a741504d7ec6
B09DSHWTHW,feature_10f04f486d9d2d02
B09DSHWTHW,feature_39190a7dda81bdd6
B09DSHWTHW,feature_4f944542e06cd6f2
B09DSHWTHW,feature_520d33da847a96ea
B09DSHWTHW,feature_9dd1ff2c54c51779
B09DSHWTHW,feature_aebd120a70562ef6
B09DSHWTHW,feature_bf045a71fe9a4b3b
B09DSHWTHW,feature_d4062831f724c4b5
B09DSHWTHW,feature_dbd0e57b828b3e0c
B09DSHWTHW,feature_dbe80b0712e80a76
B09DSJ9KZ8,feature_20f7a73cc1f43e35
B09DSJ9KZ8,feature_a6c9c9dcba395775
B09DSJ9KZ8,feature_b91b6c5c737e11f6
B09DSJ9KZ8,feature_c2f2307d27148eb8
B09DSJ9KZ8,feature_dc8ac1909e0760d8
B09DSPTNN6,feature_027b6b46eeacd052
B09DSPTNN6,feature_07d66f76fb2ed603
B09DSPTNN6,feature_2ac1078ee31806b2
B09DSPTNN6,feature_2eb674b504d5df62
B09DSPTNN6,feature_3683cdac64c78cd1
B09DSPTNN6,feature_69e2e9726e99434b
B09DSPTNN6,feature_9b0eefffd6eb6580
B09DSPTNN6,feature_b3e9965dc6197ccb
B09DSPTNN6,feature_fa755b27c24274ca
B09DSQ524Q,feature_847d7fc94a63dbd9
B09DSRR438,feature_010fbcb3222bc1b9
B09DSRR438,feature_2098f21d3e639680
B09DSRR438,feature_aaa4fc08c69472f6
B09DSRR438,feature_b3f59eb7ee01a6ae
B09DSRR438,feature_ff220e96cc5b72cc
B09DSSCXZB,feature_0834819800baa615
B09DSSCXZB,feature_2e9547a364ba0063
B09DSSCXZB,feature_47ab3e96b1ecc2dd
B09DSSCXZB,feature_47beaeb8cdcbf525
B09DSSCXZB,feature_48d98890625b47cb
B09DSSCXZB,feature_91c9b575fad3bca8
B09DXBSBQP,feature_0a3ea298ef63ae16
B09DXBSBQP,feature_10d847c2dc8f799d
B09DXBSBQP,feature_7a696b51d05ee02d
B09DXBSBQP,feature_7d8af162967c22b1
B09DXBSBQP,feature_c1a79aaef44837be
B09DXBSBQP,feature_fe5a81a9401f3bf5
B09DXBSBQP,feature_fe9350f290fc38f0
B09F1SDZD2,feature_e5c7d4fdb3c5e48a
B09F39VMW6,feature_352a05ade874c4b2
B09F39VMW6,feature_57d2044f3710de04
B09F39VMW6,feature_7d8af162967c22b1
B09F39VMW6,feature_9065fe1d94442ae9
B09F39VMW6,feature_cecd3730525d3796
B09F39VMW6,feature_d13dd977c8de50f8
B09F39VMW6,feature_e04a154456b34ee0
B09F3LF24J,feature_024d5366e56f0dbf
B09F3LF24J,feature_1ec6bc1622e15281
B09F3LF24J,feature_3b011e4e51f22a77
B09F3LF24J,feature_a0b0c59c1bd7ccac
B09F3LF24J,feature_a3a7ee925c126ca6
B09F3LF24J,feature_d12e7ea38f6bfb29
B09F3LF24J,feature_f80a26579118c100
B09F9ZRF8V,feature_05d11f4e82a56784
B09F9ZRF8V,feature_08686fd49985cd37
B09F9ZRF8V,feature_22cbc297cd523af8
B09F9ZRF8V,feature_46c4de4baebee10a
B09F9ZRF8V,feature_57177317a2a42903
B09F9ZRF8V,feature_87c58024501d0d05
B09F9ZRF8V,feature_b0ee485839a19965
B09F9ZRF8V,feature_b50bf4c81610e6bf
B09F9ZRF8V,feature_b56755fa40acf866
B09F9ZRF8V,feature_c2913fffc22c6472
B09FBQMPR9,feature_2a4e1a7ccea9e518
B09FBQMPR9,feature_3a67fcd97f602706
B09FBQMPR9,feature_3c90123a283b8e8f
B09FBQMPR9,feature_4137f7ae93648590
B09FBQMPR9,feature_7eaa600f9f52d107
B09FBQMPR9,feature_959f42eaa4a27649
B09FBQMPR9,feature_a3a7ee925c126ca6
B09FBQMPR9,feature_aa0a0ed9929b597d
B09FBQMPR9,feature_fd03b69b1132e662
B09FFQT1KK,feature_4f14050df8e71bfb
B09FFQT1KK,feature_51cffe1b29bb96e0
B09FFQT1KK,feature_70ee543d39bcac63
B09FFQT1KK,feature_9883d8088c0b3823
B09FFQT1KK,feature_b24d13f06489bb86
B09FFS291Y,feature_1858db878c0c6415
B09FFS291Y,feature_1a7c2c20e35ed746
B09FFS291Y,feature_47de09d249bf6e7e
B09FFS291Y,feature_543c66ab76c2e1e1
B09FFS291Y,feature_b852cfb71ec78cf1
B09FGHN41H,feature_12d69f1c585d548b
B09FGHN41H,feature_164dc0d213010f58
B09FGHN41H,feature_50a39641f3a4e94e
B09FGHN41H,feature_59663529917d9b77
B09FGHN41H,feature_7548e67d40de2dd2
B09FGHN41H,feature_9f50882295d3f0af
B09FGXMT44,feature_2d4797a1db3797d9
B09FGXMT44,feature_7feede27c3444b97
B09FGXMT44,feature_816618766c1ccc76
B09FGXMT44,feature_fe72930c3bb7398c
B09FH4Y45F,feature_472bb4188995f4c7
B09FPFGLFF,feature_6953e10ff30994a1
B09FPTW3JT,feature_0b03c83d13197a35
B09FPTW3JT,feature_0cdf0a1d732fa491
B09FPTW3JT,feature_1ea85ea5e62e350f
B09FPTW3JT,feature_81c0314f0bc0d47c
B09FPTW3JT,feature_88a8bb24a41fc84f
B09FPTW3JT,feature_8a22e722283af0e3
B09FPTW3JT,feature_c74f58b164dc68e8
B09FPTW3JT,feature_df839638d838fdd3
B09FPTW3JT,feature_e0b8414a8638d841
B09FPTW3JT,feature_fc076f24199626a9
B09FQ77FTT,feature_05e3e9930c384957
B09FQ77FTT,feature_2638861722fe17a1
B09FQ77FTT,feature_3051467dc5df2260
B09FQ77FTT,feature_485bc1429291dd6c
B09FQ77FTT,feature_dfae7ce0d7e5f2f7
B09FR54XLC,feature_09db8acf77fb4bb3
B09FR54XLC,feature_5655defa7fc85cf9
B09FR54XLC,feature_7e101af306cec89d
B09FR54XLC,feature_7e15343a9db9b906
B09FR54XLC,feature_99e037f185a758a2
B09FR54XLC,feature_e5bb3e37367c5ed0
B09FR54XLC,feature_e62080b4a7d9b0f2
B09FR54XLC,feature_f1e891d92135205f
B09FR54XLC,feature_f70f9aa2da2e6587
B09FR54XLC,feature_f916500300635f1f
B09FS1913B,feature_56ef4105f4cfeca1
B09FSWZ668,feature_05baf6d34b8db7cd
B09FSWZ668,feature_113880f342fa71ab
B09FSWZ668,feature_1c92cd029dd9f78f
B09FSWZ668,feature_756be45103dfe4ae
B09FSWZ668,feature_a2c4e37b41631f39
B09FSWZ668,feature_f0766b8af664e3f9
B09FTHVW2H,feature_02f909f65c56f524
B09FTHVW2H,feature_1e71cd3c6a3342a1
B09FTHVW2H,feature_2ef285129af2c054
B09FTHVW2H,feature_48812efa0aa5cc1e
B09FTHVW2H,feature_591182aef22e31e9
B09FTHVW2H,feature_59e16311da084b1d
B09FTHVW2H,feature_7d8af162967c22b1
B09FTHVW2H,feature_a1dd5797e299d0ff
B09FTHVW2H,feature_a7a482803693a2cd
B09FTHVW2H,feature_c7d83753e620d197
B09FW4M7G8,feature_022f30d309081f32
B09FW4M7G8,feature_06c626611bc5afbd
B09FW4M7G8,feature_2f5657310b2531e3
B09FW4M7G8,feature_690065837158cf5d
B09FW4M7G8,feature_a5e201cff27da60f
B09FW4M7G8,feature_f2e874770babb5b9
B09FW5NVBD,feature_05d9a2c73a5f6a92
B09FW5NVBD,feature_07714ff4915e7685
B09FW5NVBD,feature_3f7ea0f3778b44db
B09FW5NVBD,feature_5846c99f891efc2e
B09FW5NVBD,feature_5d436bf0df46727a
B09FW5NVBD,feature_61a3fb9d14894e8d
B09FW5NVBD,feature_94d6bd9826886780
B09FW5NVBD,feature_a3dd8ec0add7b3b3
B09FWCYD43,feature_4a4130a689cf6422
B09FWHZ44M,feature_3b8e6ec0ce366d28
B09FZ4G22X,feature_7d8af162967c22b1
B09FZ4G22X,feature_928e596203a2b55a
B09G2PFF1K,feature_0f9bceea41c4b577
B09GG6YGLN,feature_44b5bf284cff2a19
B09GG6ZC85,feature_07ed58d50e99e977
B09GG6ZC85,feature_11855aa48fc852c0
B09GG6ZC85,feature_63bf8cb37f59acc0
B09GG6ZC85,feature_7deabee70d10b3bd
B09GG6ZC85,feature_91d79470d98d02c5
B09GG6ZC85,feature_acc683215e8de6b7
B09GG6ZC85,feature_b12246dc99f2bdf1
B09GG6ZC85,feature_ec9f2d41d70488fb
B09GGC6696,feature_5748e0a69431b60d
B09GKYL77M,feature_9dc1ef38272ad365
B09GLGT4B9,feature_2bf83fb02c477a69
B09GLGT4B9,feature_313151d713b12447
B09GLGT4B9,feature_33ee949a7e449347
B09GLGT4B9,feature_48cdc6fecde352d4
B09GLGT4B9,feature_4ef5ff5199b2031d
B09GLGT4B9,feature_6a23e9ca29f81825
B09GLGT4B9,feature_73763e0144c2dd5b
B09GLGT4B9,feature_8e7ceeeb765ee4d5
B09GLGT4B9,feature_ee0b9775e7981cca
B09GNWC26L,feature_285e6454fccf7a28
B09GNXK3N1,feature_01ad4bac207e5552
B09GNXK3N1,feature_2230337ee5a87130
B09GNXK3N1,feature_5f28b38390d5789e
B09GNXK3N1,feature_a93061d7eed97bd5
B09GNXK3N1,feature_b159ba6eee66646f
B09GP8KK8Z,feature_6b8dcaa00f913dc6
B09GP8KK8Z,feature_72614a821e92a989
B09GP8KK8Z,feature_753aca2fd7dddd42
B09GP8KK8Z,feature_b5adc726d7f6e26e
B09GP8KK8Z,feature_b7dc345383537fb3
B09GPW3CFL,feature_ace922b471d4de41
B09GVTDNFZ,feature_6475c3d6b2a8163a
B09GYLHWSN,feature_037b68a4b6a8bbfe
B09GYLHWSN,feature_4cdff3c165fd5965
B09GYLHWSN,feature_54acc2cdf9395112
B09GYLHWSN,feature_ad8c6a9568996537
B09GYLHWSN,feature_e93f37b32ab5124b
B09GYLHWSN,feature_f87b73f9330b4b9a
B09GYLHWSN,feature_fd03b69b1132e662
B09H23ZGCH,feature_03e47f13d686525b
B09H3KC5RZ,feature_4c72efaa42d2fb8b
B09H3NHJ8Z,feature_38cdd721527e7fad
B09H61PN51,feature_1345f98665392536
B09H61PN51,feature_1524b43654763962
B09H61PN51,feature_21cc2ec38793d641
B09H61PN51,feature_47de9e6ee863b6d5
B09H61PN51,feature_80b6585982072359
B09H61PN51,feature_8adefe5fc547eb18
B09H61PN51,feature_cd92768175328b52
B09H61PN51,feature_fd03b69b1132e662
B09H777SDP,feature_1ef9e2f10940b803
B09H777SDP,feature_2a7bef0e3286e477
B09H777SDP,feature_5215bd34597f70b2
B09H777SDP,feature_8aff385cb8ab8234
B09H777SDP,feature_8f3b38a6dc5e6c3e
B09H777SDP,feature_9b4fb0a9f31fcec4
B09H777SDP,feature_b172fddebcf4a5ec
B09H777SDP,feature_c5445fcda2196486
B09H777SDP,feature_eeabc22fb61713cf
B09H777SDP,feature_fbfadeb951c12dda
B09H7DFM7X,feature_8c6527e37e511aae
B09HBHMMT7,feature_55a77b3b24a5c95b
B09HBHMMT7,feature_7fd0a773d6f1995c
B09HBHMMT7,feature_ac8d388a810bcabb
B09HBHMMT7,feature_d0aa3d38f0a6c691
B09HBHMMT7,feature_e57b7946e56d8e04
B09HBJNKGX,feature_3039081c703343d8
B09HBJNKGX,feature_862285471b60a851
B09HBJNKGX,feature_a8e0e0fa1a75ca71
B09HBJNKGX,feature_bce82608599cb4fb
B09HBT2RF6,feature_518c5ffe8579f5dd
B09HBT2RF6,feature_7fd0a773d6f1995c
B09HBT2RF6,feature_ac8d388a810bcabb
B09HBT2RF6,feature_d0aa3d38f0a6c691
B09HBT2RF6,feature_e57b7946e56d8e04
B09HGGBTV4,feature_cd84b744260cf8ae
B09HMXY36F,feature_08bb3e96ecceeffc
B09HMXY36F,feature_116c7e00fbe22e0b
B09HMXY36F,feature_257bff455ac6661c
B09HMXY36F,feature_815aa07d6bfc2a95
B09HMXY36F,feature_b8e125001c52aaa9
B09HN6ZYNB,feature_08f862cb90e0b0f6
B09HN6ZYNB,feature_196bb44c76a997bd
B09HN6ZYNB,feature_41a8e6c2db59e720
B09HN6ZYNB,feature_a8fc66e0e42332d6
B09HNDNTYH,feature_2f7d71ab0544d5d8
B09HNDNTYH,feature_344e9b08d5618ae8
B09HNDNTYH,feature_6edd3bd7e74ee342
B09HNDNTYH,feature_788ab831167dd06d
B09HNDNTYH,feature_ceff642f8ea5c917
B09HQ2P7ZX,feature_c14b34bbf2923a84
B09HR5NMTQ,feature_1715f2bb0afc79c8
B09HR5NMTQ,feature_1ce5252ccc9d6552
B09HR5NMTQ,feature_271cc75f075f92c8
B09HR5NMTQ,feature_780327d8f1a0461c
B09HR5NMTQ,feature_7d8af162967c22b1
B09HR5NMTQ,feature_bf1d129c4e6c99ea
B09HR5NMTQ,feature_dd2a25bbea6fc8a9
B09HR61SY7,feature_e2d74a76981ee771
B09HR6T1YK,feature_4a7a8c4de2814411
B09HRJ6GXY,feature_c4211a480cf943b5
B09HTFVQSM,feature_4d4528e00c0813a8
B09HTFVQSM,feature_8971e64bd6ee6124
B09HTFVQSM,feature_8ed5b72e950e580b
B09HTFVQSM,feature_bf9786f8e1dc8376
B09HTFVQSM,feature_e0ae781e6ea4e902
B09HVC4VZK,feature_41386a65c8e46871
B09HVC4VZK,feature_592f81861a552df2
B09HVC4VZK,feature_7d5ffa1808855ae9
B09HVC4VZK,feature_c2131d9a46f62db9
B09HX2ZSVW,feature_5471ef0db881b698
B09HX2ZSVW,feature_89668a290da3d0f5
B09HX6MFP4,feature_164140971baba7b5
B09HX6MFP4,feature_33969c29eb55598c
B09HX6MFP4,feature_3a184b6380e32c52
B09HX6MFP4,feature_498b53e6a3ec40a6
B09HX6MFP4,feature_872dddfb3d7d25ad
B09HX6MFP4,feature_cf569b10598f3bbb
B09HYQXRDM,feature_930aebbdc4799d98
B09J2DHW8R,feature_0c763fb45a27c19a
B09J2DHW8R,feature_18cf41ffb756e025
B09J2DHW8R,feature_d5c8906f0c259207
B09J2DHW8R,feature_f2c57e73fc442f76
B09J2DHW8R,feature_f672aca70fd75d1b
B09J2DHW8R,feature_fd2a74981e46b578
B09JB765BC,feature_3475cb5d76d6eacb
B09JB765BC,feature_36612cd5e2d79327
B09JB765BC,feature_3ddc8466d8d23ddb
B09JB765BC,feature_5cb0e8d77e8d8f15
B09JB765BC,feature_706dbe2c3dbca29b
B09JB765BC,feature_7d0277b1bfab4e5a
B09JB765BC,feature_8c95d46f01d3af9c
B09JB765BC,feature_9bd8c717d3f19d57
B09JB765BC,feature_c0454a3999175709
B09JB765BC,feature_df70a37923580f04
B09JBLQP5Y,feature_0f9bceea41c4b577
B09JBLQP5Y,feature_175fd6d3768a60f7
B09JBLQP5Y,feature_50e266affd279273
B09JBLQP5Y,feature_78a0f88151c1b453
B09JBLQP5Y,feature_ad50a31385f67651
B09JBLQP5Y,feature_d4d01b0d0a2b8441
B09JBLQP5Y,feature_e2d8224cbd1df650
B09JBR5KFH,feature_140c0d1907e85a21
B09JBR5KFH,feature_147c5f29e2503d1a
B09JBR5KFH,feature_5ed1419d4d785f4e
B09JBR5KFH,feature_b09704e94ed545f6
B09JBR5KFH,feature_f17062ae83617fcd
B09JDH3FJ7,feature_20ffe8532b219d19
B09JDH3FJ7,feature_2d012ac92203278c
B09JDH3FJ7,feature_49280dbacd9ee6ac
B09JDH3FJ7,feature_78a0f88151c1b453
B09JDH3FJ7,feature_8ee03b20c8174e25
B09JDH3FJ7,feature_c16dbaada191cf24
B09JDH3FJ7,feature_e2e1a181202bfa56
B09JKW2WCB,feature_3f485599409ccabf
B09JKW2WCB,feature_78b0d60b11e2400d
B09JKW2WCB,feature_b5b1f32c48815570
B09JKW2WCB,feature_b8030037b3822ff5
B09JKW2WCB,feature_c2a314684affdee4
B09JKW2WCB,feature_ef11296684ae5e10
B09JMPXGC2,feature_17095b0d71fc6dc5
B09JMPXGC2,feature_436f657e4406a4cb
B09JMPXGC2,feature_69b7fa256d4f34f1
B09JMPXGC2,feature_94c5d3fda5737fca
B09JMPXGC2,feature_aa96ca10c87137f9
B09JMPXGC2,feature_eb6ecda851bf1cbe
B09JS12J9L,feature_0faca0a58c0389b2
B09JS12J9L,feature_1bb2871bae45a1e0
B09JS12J9L,feature_77386ecf4c343de2
B09JS12J9L,feature_78a0f88151c1b453
B09JS12J9L,feature_cec0e34c8c4aab13
B09JS12J9L,feature_f8c17cf2dc6478a4
B09JS12J9L,feature_fb7eaeab55612092
B09JZXY4YR,feature_0f0b51ad17d29264
B09JZXY4YR,feature_2b481d4ed7af2e2b
B09JZXY4YR,feature_470e108230904c1d
B09JZXY4YR,feature_9b762133f9e9dc07
B09JZXY4YR,feature_f10504c4ca71aac2
B09K36STVZ,feature_5756816e14fbcc3c
B09K36STVZ,feature_5ee4daea94da0934
B09K36STVZ,feature_72dac1a062b79fb2
B09K36STVZ,feature_7fe0213e9bd3eccb
B09K36STVZ,feature_95a0f5424213712f
B09K36STVZ,feature_9d6a8c0f17663782
B09K3Z86WR,feature_3062648f3f31bdfc
B09K3ZF9CJ,feature_0a72fc5127227b0f
B09K4FGRHF,feature_8ead4e499b35994d
B09K74XDFC,feature_317592399f94ef3f
B09K74XDFC,feature_7e9d7ad608de0b88
B09K74XDFC,feature_abd53259815ef72d
B09K74XDFC,feature_cd856d86df5621a7
B09K74XDFC,feature_cec513ec7c7dfc3b
B09K96Y5B6,feature_3a18a67245df6768
B09K9JHDNX,feature_1d17a7239df32541
B09K9JHDNX,feature_597b3aea23ba3328
B09K9JHDNX,feature_80e3717c95a46fe8
B09K9JHDNX,feature_ca6dd7c076b2a188
B09KBWGDNZ,feature_7d8af162967c22b1
B09KKHGC44,feature_1d16fad34fb440cf
B09KKHGC44,feature_6017dba8e00c51d5
B09KKHGC44,feature_660f4d5a03d04a89
B09KKHGC44,feature_ff5333d3bfc69655
B09KKXB1SZ,feature_15a953b440eee678
B09KKXB1SZ,feature_1889fe15fae71a2c
B09KKXB1SZ,feature_29885a6bcd7be5ba
B09KKXB1SZ,feature_3321fd35f9a69aa0
B09KKXB1SZ,feature_53f79555be08dbdb
B09KKXB1SZ,feature_85c7f0b4f6165b87
B09KNPXDRD,feature_017364db3d2180ae
B09KNPXDRD,feature_05337db87d30cbce
B09KNPXDRD,feature_220d664572fb8a3f
B09KNPXDRD,feature_349205b0119448de
B09KNPXDRD,feature_3d5d17f0e368d810
B09KNPXDRD,feature_6c865b14e1fc9601
B09KNPXDRD,feature_a018fe43691c6608
B09KNPXDRD,feature_a55fa5c038c4f1ba
B09KNPXDRD,feature_aeffa1c338b94edd
B09KNPXDRD,feature_b337a679354615b1
B09KQTJ33L,feature_45d295125701754c
B09KQTJ33L,feature_5388e20f42c65a6d
B09KQTJ33L,feature_7d4826f650404dcc
B09KQTJ33L,feature_867e6032cd05912f
B09KQTJ33L,feature_a0a1486065afac5e
B09KQTJ33L,feature_f4af33a11c0f5ff5
B09KS6GWZ4,feature_1bfd80b3a57b7f57
B09KS6GWZ4,feature_7a01630c9a5a1a82
B09KS6GWZ4,feature_98e88a96030bbf66
B09KS6GWZ4,feature_a9bf791d6477fb38
B09KS6GWZ4,feature_cdce9da422b0204b
B09KVK5RH3,feature_53335d3d8eabd732
B09KVK5RH3,feature_7efe82585b28a250
B09KVK5RH3,feature_95ed327912905b1f
B09KVK5RH3,feature_f70ed34b175f00c1
B09KVK5RH3,feature_fbb0a0732e45dab7
B09KVK5RH3,feature_ff6ecdbd3ea67fba
B09KX5N1DR,feature_3c136634c58df5df
B09KX5N1DR,feature_4136139667357b0a
B09KX5N1DR,feature_54ed8c7ee2ff2b45
B09KX5N1DR,feature_5ab36961cabc68ee
B09KX5N1DR,feature_ca5ce5a6265d8bb6
B09KX5N1DR,feature_d4a6f45cf344c2c8
B09KYJJ3D5,feature_2064f36ca38fca91
B09KYJJ3D5,feature_384a2404ae005d36
B09KYJJ3D5,feature_49364c358c39d03f
B09KYJJ3D5,feature_5ab36961cabc68ee
B09KYJJ3D5,feature_67c6651e41ad4f90
B09KYJJ3D5,feature_9d28f08faaa7bd1e
B09KZPBLKS,feature_d799964101339f7f
B09KZRXC2W,feature_b770c3d2d21dfcf3
B09L14SGKQ,feature_1070cfffc5e4d5da
B09L14SGKQ,feature_41cf6157fadd777e
B09L14SGKQ,feature_69302427de3cc46a
B09L14SGKQ,feature_7f0fcaad3a336ca1
B09L14SGKQ,feature_cf87094acc87e85f
B09L14SGKQ,feature_d98eeade4a68a59a
B09L172469,feature_69302427de3cc46a
B09L172469,feature_7cba3284ec742fea
B09L172469,feature_abbfc2a9359a23a2
B09L172469,feature_b1dfb48fa4ae0b90
B09L172469,feature_cf87094acc87e85f
B09L172469,feature_d98eeade4a68a59a
B09L33VJCL,feature_20fce98cf62ee86e
B09L33VJCL,feature_270e126920e3de55
B09L33VJCL,feature_2d1ceb79be05420b
B09L33VJCL,feature_3d910761bc0f413b
B09L33VJCL,feature_ab5ad0bc1c2f4be5
B09L5Q3P7G,feature_4e8c0ec8efc4b0c8
B09L7DLBR5,feature_b77432779f1829be
B09L7KB9FG,feature_31930dd02a0196d8
B09L7KB9FG,feature_4ff17e0651ec8a45
B09L7KB9FG,feature_68c67dae4c52dee5
B09L7KB9FG,feature_82f7e9ed47e65427
B09L7KB9FG,feature_b0af9e1d8af96ab1
B09L7KB9FG,feature_d2a9c28fb23122cf
B09LDJDSL3,feature_10c5944cd3832a80
B09LDJDSL3,feature_476bdcceabadcff0
B09LF6YQKW,feature_0e2277e6f79e738b
B09LF6YQKW,feature_1128cbdf75130c39
B09LF6YQKW,feature_5a6527f1f520531d
B09LF6YQKW,feature_6d1640d2a7f96aee
B09LF6YQKW,feature_ccb585100b4a4c52
B09LHS6RGF,feature_2bbb9ccc9591c242
B09LHS6RGF,feature_2c69aecd440e16a8
B09LHS6RGF,feature_4f014c3a5b447164
B09LHS6RGF,feature_782039a12fb16d88
B09LHS6RGF,feature_80282150d8e7a5f8
B09LHS6RGF,feature_9904728b9b9825c8
B09LHS6RGF,feature_a1e8f011794d57eb
B09LHS6RGF,feature_b54967838f1bc4cc
B09LHS6RGF,feature_bab63380f07234e3
B09LHS6RGF,feature_f417c0c9411b55dd
B09LKBK3T7,feature_065a78a6be34d1e4
B09LKBK3T7,feature_631a21dc09113220
B09LKBK3T7,feature_8cf120531b097119
B09LKBK3T7,feature_a1b41763b12de3e4
B09LKBK3T7,feature_ce5f43f3b09e0e74
B09LKDWV16,feature_271f3ddf6735507c
B09LKDWV16,feature_4a7a6523fb202a0a
B09LKDWV16,feature_833476365e4e7499
B09LKDWV16,feature_94b711ea5f85b357
B09LKDWV16,feature_ddbf6cdf1d885c52
B09LKDWV16,feature_ed085406da619378
B09LRFBGKM,feature_15232c556f9c1c81
B09LRWP6DL,feature_09c35231fe12e4bd
B09LRWP6DL,feature_3dc9f8622e58ec68
B09LRWP6DL,feature_456ca44108f8cef9
B09LRWP6DL,feature_45868dda32fe7ac9
B09LRWP6DL,feature_6537fece40999ea5
B09LRWP6DL,feature_7d8af162967c22b1
B09LRWP6DL,feature_7de56964f4b8d847
B09LRWP6DL,feature_eeda405e5e5ca050
B09LYGBBGC,feature_178242cd40591bef
B09LYGBBGC,feature_1f349b294550b517
B09LYGBBGC,feature_83c2cd832d0a8dbe
B09LYGBBGC,feature_e61310b901a96e3c
B09LYGBBGC,feature_eeec80b5a459ff3a
B09M2LHB2R,feature_e8ee886e966638c6
B09M8S3MQL,feature_0d866e4408902106
B09M8S3MQL,feature_27998e08b8e39d59
B09M8S3MQL,feature_28b1c2cfbbc597ff
B09M8S3MQL,feature_2cc3f83f3b680daf
B09M8S3MQL,feature_3b792bbe57ea0b8d
B09M8S3MQL,feature_448dbf33dcf441f8
B09M8S3MQL,feature_a6a39f1c480ae574
B09M8S3MQL,feature_be284c1e8e90f918
B09M8S3MQL,feature_cbbd452541b2431c
B09M8S3MQL,feature_e6007cc2290f9dc8
B09M94KB4T,feature_550611e0b1490da9
B09MCHFHQP,feature_02924314ea902df4
B09MCHFHQP,feature_566b7bdfc0a6b8e7
B09MCHFHQP,feature_6088232c7a655499
B09MCHFHQP,feature_9a1fe2835a7441fd
B09MCHFHQP,feature_aff74c5bc5692965
B09MCHFHQP,feature_b2453fe434e8da03
B09MCHFHQP,feature_c0c7897f9b7defac
B09MCHFHQP,feature_d6c3b630f61f2f6e
B09MCHFHQP,feature_ee0b9775e7981cca
B09MCHFHQP,feature_f1ae50d265a65d73
B09MCW375W,feature_bf05a7637b1b02b5
B09MF1YYTT,feature_0ffd49e10a251e98
B09MF1YYTT,feature_48ee56f163bd02e4
B09MF1YYTT,feature_65be5bdbd6102c1c
B09MF1YYTT,feature_761c66d2da033b42
B09MF1YYTT,feature_a3a7ee925c126ca6
B09MF1YYTT,feature_bbcd0c4cc4b24f02
B09MFNCXGY,feature_a34c153354a02def
B09MFNCXGY,feature_a55b8045eea3779f
B09MFNCXGY,feature_b94bd964193d59a8
B09MFNCXGY,feature_e159197f3eb4aee0
B09MFNCXGY,feature_ff696fdefaed8887
B09MHXMH8X,feature_116a2779d6d51bb0
B09MJ1HPL7,feature_97da41f1b7b165f5
B09MK28YFK,feature_68bfa6a8863eb812
B09MK28YFK,feature_8e5b10a4d630e9b8
B09MK28YFK,feature_988f0ab9dae28851
B09MK28YFK,feature_a242a793e85077ca
B09MK28YFK,feature_c7f9552de1e717a2
B09MK28YFK,feature_ed348efb8b0406a6
B09MLC4RWF,feature_39ae705f62e43843
B09MLC4RWF,feature_4997efc8a269f244
B09MLC4RWF,feature_4d97b1e6f9e33fa6
B09MLC4RWF,feature_51806b47e8ca60a0
B09MLC4RWF,feature_ad3edf42a46525ca
B09MLC4RWF,feature_c482606a9487abf5
B09MLC4RWF,feature_cde19798661e1dad
B09MLRZWQ3,feature_a3a7ee925c126ca6
B09MMMTR5J,feature_7d8af162967c22b1
B09MMMTR5J,feature_9469236ea3444a9f
B09MS8N42F,feature_03d6a194f4b02abf
B09MS8N42F,feature_06495eeaca0c9f7b
B09MS8N42F,feature_09c5c6ff2b4528ad
B09MS8N42F,feature_3d80fffd2ce1443b
B09MS8N42F,feature_5365b1baa4c704b4
B09MS8N42F,feature_6c15ecaed31da51b
B09MS8N42F,feature_8982821070b674ac
B09MS8N42F,feature_9001ea2b5c550df0
B09MS8N42F,feature_9b4fb0a9f31fcec4
B09MS8N42F,feature_af954ba7e3b59bfe
B09MTSC1TV,feature_2dfc4e9a20a8da00
B09N1D3HLY,feature_39ab4d6eb561590d
B09N1D3HLY,feature_3e263aeb3858d64b
B09N1D3HLY,feature_421b8f4b7906d4b6
B09N1D3HLY,feature_6f3a80aebd2830ce
B09N1D3HLY,feature_78a0f88151c1b453
B09N1D3HLY,feature_c425ef1eb2913fa2
B09N1D3HLY,feature_eafe3834d5a57450
B09N1MD863,feature_16e666ea1c263282
B09N1MD863,feature_175ee212a782e632
B09N1MD863,feature_190ccb22d76980b8
B09N1MD863,feature_3b029683350d3aed
B09N1MD863,feature_820462752123fe5a
B09N1MD863,feature_cb765b7b9ee71779
B09N1P4RGC,feature_042326a8cdcf37a6
B09N1P4RGC,feature_1fb10170d5a5f37c
B09N1P4RGC,feature_297bb3e47b1fd43e
B09N1P4RGC,feature_44ea7b8c73db5a0b
B09N1P4RGC,feature_639c75af4d2ea1e3
B09N1P4RGC,feature_78a0f88151c1b453
B09N1P4RGC,feature_80214f9ab93289ef
B09N1P4RGC,feature_8ec51da78aa232bf
B09N2RSPMX,feature_10c04c3624e60f64
B09N2RSPMX,feature_3083997dad052f7b
B09N2RSPMX,feature_57077e98504c8948
B09N2RSPMX,feature_77783f268c3c6208
B09N2RSPMX,feature_7e2808d88d9880d3
B09N2RSPMX,feature_9c9a749a9ebb417b
B09N2RSPMX,feature_b82f76a608df0bb8
B09N2RSPMX,feature_be8bb724c4296492
B09N2RSPMX,feature_cc8a54d4327da78d
B09N2RSPMX,feature_f9e90ca85d9b2d75
B09NCJHDX3,feature_167e12314abf706d
B09NCJHDX3,feature_2dddff89860cf6b0
B09NCJHDX3,feature_94d5660cdd6e81be
B09NCJHDX3,feature_a3321714d20d27d5
B09NCJHDX3,feature_f12e5dd8ecc00997
B09NFLH72P,feature_022294e1fe06c0ee
B09NFLH72P,feature_0f8e72e158d4fd16
B09NFLH72P,feature_2071d2741e38eee3
B09NFLH72P,feature_84e681a26894c345
B09NFLH72P,feature_a74be292303e5390
B09NFLH72P,feature_a7b23f497c55fadb
B09NFLH72P,feature_b85300834c91a3ee
B09NKC8TW7,feature_a8c1a17b8ad3155b
B09NNFC9WT,feature_18b7544d462fc1c9
B09NNFC9WT,feature_199e67a540981b1e
B09NNFC9WT,feature_2d3b271423bbc3e7
B09NNFC9WT,feature_3849937cfeb82ce9
B09NNFC9WT,feature_4f332bddb9a3678b
B09NQFXL4K,feature_36482731877838c4
B09NR73LWC,feature_61ad824316f348bc
B09NR73LWC,feature_a1714a730af7d6b4
B09NR73LWC,feature_a1ca6e6da7e05256
B09NR73LWC,feature_a8c81b1cdb424d82
B09NR73LWC,feature_c8cd11889e085eb5
B09NRXG6X9,feature_97e2775fe8af1394
B09NVN6WTC,feature_c8b7189c8a6ea6ae
B09NVQTGX6,feature_af1eca73806c838f
B09NY4GKTR,feature_5c9fa5f4a116d466
B09NY4GKTR,feature_61265aa2558dee1b
B09NY4GKTR,feature_b18e89c19b6fc522
B09NY4GKTR,feature_c70853ab448e244d
B09NY4GKTR,feature_de63b7a49ebd46c6
B09NY4GKTR,feature_e3582449e990da5b
B09NYH844B,feature_121b544ea8d6d2ab
B09NYH844B,feature_1ab37f39fe79e599
B09NYH844B,feature_4f16ef572a03d23f
B09NYH844B,feature_8cd0b77a5bae6551
B09NYH844B,feature_91ff28e02eb2959f
B09NYH844B,feature_c37a5d23b55fb3be
B09NYH844B,feature_caf60b64a575d369
B09P12DNQ6,feature_e20fe2a87b42e050
B09P13NRH4,feature_090f6dedb0d4443e
B09P13NRH4,feature_500bda40a5ee2bc9
B09P13NRH4,feature_543a789172f596b1
B09P13NRH4,feature_84ea7828eabf4173
B09P13NRH4,feature_9b82d62f62510ee9
B09P13VXSH,feature_a880cd1aa8409828
B09P4GSWTQ,feature_1fd61484eb856b21
B09P4GSWTQ,feature_4928874182abd73f
B09P4GSWTQ,feature_8f3f870aa6d91cd8
B09P4GSWTQ,feature_f46409d79d56431b
B09P4GSWTQ,feature_fbd5d8489d7e9c2d
B09P4W3N3S,feature_8bfcb77023db4418
B09P6TC59D,feature_7284959d5e978ecc
B09P748D6T,feature_5ef869cb97366d96
B09P748D6T,feature_7d5a4d4a61ead8fc
B09P748D6T,feature_a263382a23956e8c
B09P748D6T,feature_bc109fb07604a461
B09P748D6T,feature_cfaa8056a5c4ca3a
B09P748D6T,feature_d264608b38933973
B09P748D6T,feature_d5f7a01b90812c94
B09P748D6T,feature_e36d1f7b7db8ee1e
B09P748D6T,feature_f1ad36df21b532f5
B09P748D6T,feature_fe4045761ad62e11
B09P87Q9RL,feature_0e5a81718231a739
B09P87Q9RL,feature_74e1a25c49c83886
B09P87Q9RL,feature_7c5a9aaa0814f8ea
B09P87Q9RL,feature_ba7e9c91d60556d2
B09P87Q9RL,feature_d69590de9e04b723
B09PB2JZ1C,feature_149aa4c23d3ae77f
B09PB2JZ1C,feature_8a8b7cdf37880548
B09PB2JZ1C,feature_9f272acc1387771f
B09PB2JZ1C,feature_a8295421aaa09d0b
B09PB2JZ1C,feature_cdac3560a8159a7b
B09PDHRM5C,feature_3cd53266c7e08002
B09PDW8CB5,feature_0830d99791802446
B09PDW8CB5,feature_12adb8f03c0fbad0
B09PDW8CB5,feature_1dfe87ba70e0ea08
B09PDW8CB5,feature_340045fd69de0601
B09PDW8CB5,feature_3c378de7d77f6174
B09PDW8CB5,feature_52d3afd106865194
B09PDW8CB5,feature_65084fd3b4618ece
B09PDW8CB5,feature_6f788449e14b16b1
B09PDW8CB5,feature_ad8b041406ca706c
B09PDW8CB5,feature_e591352097129f4f
B09PF8XDQ4,feature_00956353ba9f7ee4
B09PF8XDQ4,feature_0ad9e0fb1c3ff0f1
B09PF8XDQ4,feature_1d0d7d18bc75b504
B09PF8XDQ4,feature_2f7e652015e227f1
B09PF8XDQ4,feature_3dc82db276f2e0a5
B09PF8XDQ4,feature_9d9c7e4984e8bb65
B09PF8XDQ4,feature_aad86ab5a11af6b9
B09PF8XDQ4,feature_af77d02bbc9b060d
B09PF8XDQ4,feature_e7f7515d6f1e380a
B09PF8XDQ4,feature_e9b2dffcc4ca454e
B09PFNS1GH,feature_103b897d228fbc8b
B09PFNS1GH,feature_449eaf695ddc1abf
B09PFNS1GH,feature_86bf69f2f8ef4406
B09PFNS1GH,feature_a4e2749395c810ac
B09PFNS1GH,feature_c1a819a5a275be3f
B09PFNS1GH,feature_ea67a19addff3008
B09PG3BH9L,feature_1b025f3c3c00e21c
B09PG3BH9L,feature_266e3f27aa35e1ff
B09PG3BH9L,feature_8c36d0fb7148ae29
B09PG3BH9L,feature_bdb38a37981bb2d1
B09PG3BH9L,feature_cb26168218111e4d
B09PG3BH9L,feature_e37cb59b2b3cc0ae
B09PGSGDJ6,feature_33524297d7ae639a
B09PMQMJP5,feature_25dd7a68042c4c58
B09PMQMJP5,feature_4554ad2cd763f60c
B09PMQMJP5,feature_8c5a500e86fcaf46
B09PMQMJP5,feature_8d95565e1840f690
B09PMQMJP5,feature_9d83836725a74556
B09PMTS7R4,feature_50b6551f38a01ac8
B09PMTS7R4,feature_6a8fd0ea7b973556
B09PMTS7R4,feature_75ad4d118ac6cbec
B09PMTS7R4,feature_aef45e4aa601894e
B09PMTS7R4,feature_c78593f71dcbbef0
B09PMTS7R4,feature_eaf11e2fe281c724
B09PNRY7WP,feature_1f111c66b5964c12
B09PNRY7WP,feature_23b6248e5f72a513
B09PNRY7WP,feature_3d691168d5796f71
B09PNRY7WP,feature_5463bfc4975dcc53
B09PNRY7WP,feature_59d66b7731b7f913
B09PNRY7WP,feature_8f58c570d1cd7b4f
B09PNRY7WP,feature_9d9c7e4984e8bb65
B09PNRY7WP,feature_bf0e1698930d59d5
B09PNRY7WP,feature_f038973bc0a82661
B09PNRY7WP,feature_f86d27b45a30b618
B09PVNW774,feature_09905e343fda7b70
B09PVNW774,feature_2cacb711d7edd67f
B09PVNW774,feature_658f66cb0dbbdc02
B09PVNW774,feature_d41fdb645a14f9ca
B09PXFGSWY,feature_e2f2ba8e83263ee4
B09PZVN1CX,feature_054df5cf389dd97b
B09PZVN1CX,feature_16302f2f0d34a21d
B09PZVN1CX,feature_19c23e7e4b70d564
B09PZVN1CX,feature_4ccccbe5dfdfff04
B09PZVN1CX,feature_678e001e04691d28
B09Q3X5YWR,feature_0171d95cf0686c8a
B09Q3X5YWR,feature_2d231398982fd5b1
B09Q3X5YWR,feature_a7202a761c3daa10
B09Q3X5YWR,feature_ac9c4da0b849afa5
B09Q3X5YWR,feature_b5ddc43e0c7d5128
B09Q3X5YWR,feature_ba4ac054caae354f
B09Q8GF24M,feature_71fed5b4e8dea313
B09QJ2KCM3,feature_bdbf18bd4f8dac30
B09QLQLDFY,feature_3829f97fca531919
B09QLQLDFY,feature_5b08eababb889509
B09QLQLDFY,feature_b242a0482deba846
B09QV6D983,feature_2d2cb1bb087f7e6c
B09QV6D983,feature_431507d191454d81
B09QV6D983,feature_4d37ab8d8e9c45a7
B09QV6D983,feature_6d85a821c9cbb66d
B09QV6D983,feature_8fa4ae24859acef9
B09QV6D983,feature_996af2d0ddc10b6d
B09QV6D983,feature_c196e855da2327bf
B09QV6D983,feature_c50caa49264e8ca7
B09QV6D983,feature_e69351eae5d6729d
B09QV6D983,feature_ed78c0eaab723176
B09QW7BPMJ,feature_1943cdf6c856a999
B09QW7BPMJ,feature_42882cc973b0eb59
B09QW7BPMJ,feature_45c1c34c4a86528f
B09QW7BPMJ,feature_90a2f786b644ba4b
B09QW7BPMJ,feature_cbd7ac28b198eba8
B09QW7BPMJ,feature_f1f096e0213fedf3
B09QXCW4ZG,feature_8822e9b61edac5a7
B09QXCW4ZG,feature_a456b97e19e52223
B09QXCW4ZG,feature_a5af58521d87b8f2
B09QXCW4ZG,feature_abd9e9cb6e80b313
B09QXCW4ZG,feature_b46d0b94fbc93cea
B09QYDGPG7,feature_2e9761c1a620d9eb
B09QYDGPG7,feature_75046fffa8f8cc60
B09QYDGPG7,feature_c649d695afcf5e7e
B09QYDGPG7,feature_cb329146a0dd0d56
B09R826BXF,feature_137636b7b2236a58
B09R826BXF,feature_5ceff89afb377683
B09R826BXF,feature_9b7a0baf36e53d97
B09R826BXF,feature_b5d0e02a17d3a098
B09R826BXF,feature_d618049c24c968df
B09R826BXF,feature_f3f6b71d02d89792
B09RB9YJ34,feature_f586390e21d8eae2
B09S1FN9F4,feature_2902a8b14ebe7853
B09S41344Y,feature_1454a6689e44c62a
B09S41344Y,feature_2ad984eb01aed090
B09S41344Y,feature_34c36aa681be21ce
B09S41344Y,feature_baab24f03f7f5904
B09S41344Y,feature_bfb89b785c705751
B09S4RNKQ8,feature_c0634432ec3a1bf1
B09S7JWG9F,feature_0e8f9e007da99065
B09SDKHCYS,feature_6034ff03e731bbe4
B09SDKHCYS,feature_9bb68a9f107eb1ce
B09SDKHCYS,feature_c0f083c51820ea0c
B09SDKHCYS,feature_f047d7f6dbd89cb7
B09SDKHCYS,feature_f9126e7f7be4553d
B09SYQHYXJ,feature_0f52c929aa1f8ee9
B09SYQHYXJ,feature_546aaf6c5e565cbb
B09SYQHYXJ,feature_5c15f172e2f00268
B09SYQHYXJ,feature_9f8dd69237282923
B09SYQHYXJ,feature_a43119a8617c7ff6
B09SYQHYXJ,feature_fda0f48237e13498
B09T381H9X,feature_084581bbf0d08de1
B09T381H9X,feature_448922d055afd439
B09T381H9X,feature_752c81a254c3e038
B09T381H9X,feature_e4cb8c360b2d376f
B09T381H9X,feature_fc07e5e73126a868
B09TKPB3YN,feature_23f996fde67b5b28
B09TKPB3YN,feature_2511e2b5f03dcf1f
B09TKPB3YN,feature_48b306b0516bac47
B09TKPB3YN,feature_8c1e1c90e232118c
B09TKPB3YN,feature_972cc607fe4217d7
B09TKPB3YN,feature_ec0527d7a93b552d
B09TKTSWGN,feature_1c1889de15afa2c9
B09TKTSWGN,feature_a9ef90b73700ebed
B09TKTSWGN,feature_d7a269d980347a11
B09TSZ3F3V,feature_2a8544f1c325a654
B09TSZ3F3V,feature_58d97d80852268ff
B09TSZ3F3V,feature_ad04b67bfee5e627
B09TSZ3F3V,feature_ce5cbb2610f58014
B09TSZ3F3V,feature_fcdc55ee8b4cc619
B09TT8ZVPN,feature_3f0f6444577c4c85
B09TT8ZVPN,feature_b6947e12344751a1
B09TT8ZVPN,feature_e08f5b31fb0d56a6
B09TT8ZVPN,feature_e7949ec71aa037e2
B09TVRY3DY,feature_5dc99486a38c60d9
B09VFK14KR,feature_1d227386edbd2673
B09VH7M73X,feature_0e9736d46ec32e71
B09VH7M73X,feature_0f90e1b940f28ee0
B09VH7M73X,feature_9fb65f7149c90456
B09VH7M73X,feature_eac61d381c000faf
B09VH7M73X,feature_ed499e9725e2d626
B09VTMNJRD,feature_16e14317f38e68ff
B09W15H84K,feature_7db48ec5a4b19823
B09W4DR9FH,feature_2a2277b12ec4d5f4
B09W4DR9FH,feature_3f4722429f9202d8
B09W4DR9FH,feature_4c7896cf7e3b713d
B09W4DR9FH,feature_b333646b069d68a3
B09W4DR9FH,feature_c91f12ccd36706ef
B09W4DR9FH,feature_d0bb10db37ee87aa
B09W66MSPX,feature_1022057d9a7835d3
B09W66MSPX,feature_aa8db81b5a856f34
B09W66MSPX,feature_d16996dd92e75552
B09W66MSPX,feature_f4853af47f67f6cb
B09W7B688Q,feature_31caf14cb474b243
B09W7B688Q,feature_3a89bea78acd90ca
B09W7B688Q,feature_8fd71c4eab6ef12a
B09W7B688Q,feature_e1cacd1a13cb41fd
B09W7B688Q,feature_e55ae7a841252c4b
B09W7X5FJB,feature_928b462622ec0025
B09WB3WK57,feature_079977f05deb5ed2
B09WB3WK57,feature_525716c153586bca
B09WB3WK57,feature_681ebe462321de40
B09WB3WK57,feature_7ec80ea6a561f416
B09WB3WK57,feature_d5e65dbb1335eaf7
B09WB3WK57,feature_e92f6eabd560a7e9
B09WCRM6G4,feature_0c22de84b4d83bff
B09WCRM6G4,feature_7097ffb1758b3f4a
B09WCRM6G4,feature_ad74f9574fe14696
B09WCRM6G4,feature_c0d957a306d99a2e
B09WCRM6G4,feature_f779b93317a583d9
B09WF92LF5,feature_020ee49c0ee39c19
B09WF92LF5,feature_3b80b4cc24b54869
B09WF92LF5,feature_55fcab69037d6487
B09WF92LF5,feature_7429c71580ede040
B09WF92LF5,feature_98a1f2436b28ffa9
B09WMWQRMG,feature_f080551555be6ef4
B09WPCFFZW,feature_558b986cf0b1410d
B09WPCFFZW,feature_c57b7bf6c4656888
B09WPCFFZW,feature_c95e78caa1d37634
B09WPCFFZW,feature_dc7c96237dab07d0
B09WPCFFZW,feature_eeb4136349aa0a4f
B09WRRCST5,feature_4022016f3b25d1ba
B09WYCXJS6,feature_5f8e366cdceb14c4
B09WZPXQF8,feature_15ef1422cb9d5afb
B09WZPXQF8,feature_1dad40d529fc2b51
B09WZPXQF8,feature_3f753767880a4d46
B09WZPXQF8,feature_511e40d5d6917184
B09WZPXQF8,feature_7d6ccadb23f54403
B09WZPXQF8,feature_9e0fb49c396c6cc4
B09WZPXQF8,feature_cc3f6db856f294ec
B09WZPXQF8,feature_d3db52aaf5d89e58
B09WZPXQF8,feature_d78254d424007670
B09WZPXQF8,feature_db2eedd7720692ef
B09X15Q65Z,feature_0dc6cacb49c935a9
B09X15Q65Z,feature_57b5c6f45eddb271
B09X15Q65Z,feature_69cf26dcef63507f
B09X15Q65Z,feature_8ea1233a1e91e981
B09X15Q65Z,feature_fe589b55a22ad54e
B09X8SWWTY,feature_42d1048afce5442e
B09X8SWWTY,feature_b0276546ef0073a2
B09X8SWWTY,feature_c4cb26fb575ddfbb
B09X8SWWTY,feature_c7158833a8cb3951
B09X8SWWTY,feature_cdc645038ab7b7e3
B09X9BG4FC,feature_0cea3ce1e347e423
B09X9BG4FC,feature_2ac9336d662122bd
B09X9BG4FC,feature_3153cd6f0c7e9158
B09X9BG4FC,feature_c858bfab224aa930
B09X9BG4FC,feature_f96e52213e24612e
B09XBMRQVV,feature_3d872b839b270764
B09XDK71WN,feature_08eb65ba74cc43f2
B09XDK71WN,feature_0adcdb7f0fcb5b48
B09XDK71WN,feature_b5c584d61910d063
B09XDK71WN,feature_dca34d5c234faa55
B09XDK71WN,feature_e9ea674c6eed9590
B09XT13187,feature_36a50fae27312dba
B09XT13187,feature_3acfe59b4e4cf551
B09XT13187,feature_3cfc79db684ebc8c
B09XT13187,feature_d1bef47f5578d041
B09XT13187,feature_e773807a8fa6c5fc
B09XZ8L3TL,feature_001bdfa9cf8c0e26
B09XZ8L3TL,feature_324fc77b794031aa
B09XZ8L3TL,feature_5ea6ae2bcbd31516
B09XZ8L3TL,feature_8442189f4a82a3cd
B09XZ8L3TL,feature_f8c8a837ea13ebfc
B09XZ8L3TL,feature_fb33e0ce423f15e1
B09Y1B18VH,feature_018e24609ad2891b
B09Y1B18VH,feature_4c1732c5b998db25
B09Y1B18VH,feature_4fe37ae8ce81db16
B09Y1B18VH,feature_d725f4e6b25875ec
B09Y1B18VH,feature_f6058448a710d9b5
B09Y1S3W4W,feature_02987626b24081bb
B09Y1S3W4W,feature_0fad721a4b3fafbb
B09Y1S3W4W,feature_15f7e2d08c42f937
B09Y1S3W4W,feature_4f41a48f6e71b773
B09Y1S3W4W,feature_f2899d4b40ce2a87
B09Y35D2R6,feature_09a196cd157be2a1
B09Y35D2R6,feature_44b39d5c9a022488
B09Y35D2R6,feature_a8be6e1dbe6bebb0
B09Y35D2R6,feature_c14269d609235070
B09Y422C3W,feature_1171e7d70d9e8878
B09Y422C3W,feature_68f6cf897869e822
B09Y422C3W,feature_84aa05e7565273fd
B09Y422C3W,feature_c040435ed21740be
B09Y422C3W,feature_cba248ca77270c6d
B09Y422C3W,feature_cc0e5c9703cd237f
B09Y5T21XX,feature_2bb2c25e33e044d2
B09Y5T21XX,feature_67aa908447c0f631
B09Y5T21XX,feature_6d509388a3d45c73
B09Y5T21XX,feature_82e33abb68f8d985
B09Y5T21XX,feature_920a3d36c86f6031
B09Y5T21XX,feature_aee7d63e50873a31
B09YH8L8CN,feature_0f35196c0e791457
B09YH8L8CN,feature_36f98d309ba57ea7
B09YH8L8CN,feature_40bb59ba43f6e827
B09YH8L8CN,feature_5c96d92912200e09
B09YH8L8CN,feature_8c001a31f922e57f
B09YH8L8CN,feature_a3679bb0be2a53be
B09YRQBY12,feature_075406a0cf6f8923
B09YRQBY12,feature_19671883d4abbd50
B09YRQBY12,feature_1b94b8426ad1ffc5
B09YRQBY12,feature_724968c34629e688
B09YRQBY12,feature_efc51828d3ea2ab6
B09Z354HDV,feature_0b0b66dc8345f281
B09Z354HDV,feature_15fc05cd9ef6d57f
B09Z354HDV,feature_44e87f513bf38895
B09Z354HDV,feature_5d697bbf2aadb049
B09Z354HDV,feature_c65244e856a1ad78
B09Z4GR3SY,feature_1e9c3d8f84e5089b
B09Z4GR3SY,feature_4759ac67b9643d2c
B09Z4GR3SY,feature_a13bb4d0a77b8cb9
B09Z4GR3SY,feature_a1fd219069268686
B09Z4GR3SY,feature_ec10d46765ee7ef5
B09Z6DVMV1,feature_02f678e33111f9f2
B09Z6DVMV1,feature_051900449f10d859
B09Z6DVMV1,feature_5102d196568a6d1b
B09Z6DVMV1,feature_61da528239c9eccc
B09Z6DVMV1,feature_658359b2b2ba7656
B09Z6DVMV1,feature_9bc792d99d9e0b4c
B09Z6SMPQP,feature_3d84a6841c5c594e
B09Z6SMPQP,feature_5642feca0e393318
B09Z6SMPQP,feature_611eb9953063e8c7
B09Z6SMPQP,feature_8c6eade4a20c364d
B09Z6SMPQP,feature_a6c3015916e7d6cc
B09Z6SMPQP,feature_b32c8ae56fb4e33e
B09ZDY5X5P,feature_a3cbdfaad57a58d3
B09ZLT8RD5,feature_7fd29fe1004d1273
B09ZLT8RD5,feature_8cabaa93169e5298
B09ZLT8RD5,feature_970060b699fdbfd5
B09ZLT8RD5,feature_a14ec8b0f7652b19
B09ZLT8RD5,feature_ba2710a02ad58f07
B0B137LPYC,feature_0b4fc82ea2bfa6dd
B0B137LPYC,feature_0f60f8185861479f
B0B137LPYC,feature_772211f0750eb260
B0B137LPYC,feature_8ab27fc7e3c9d684
B0B137LPYC,feature_fc1e1b85f1103244
B0B13BK8QD,feature_616be0987efe3edf
B0B13BK8QD,feature_8086de5dec0d0d2c
B0B13BK8QD,feature_c3eb205ce9edb843
B0B13BK8QD,feature_c828c79e224b7922
B0B13BK8QD,feature_e41d7f9fd7e5f468
B0B1HTDZF5,feature_307452ba6eea05d9
B0B1HTDZF5,feature_4d5bdb06dfffd2aa
B0B1HTDZF5,feature_50de89215543ed4e
B0B1HTDZF5,feature_84f247ff6b4b1695
B0B1HTDZF5,feature_d9daec21b631d823
B0B2113364,feature_2a624a0c8eac6700
B0B2113364,feature_4b333e55be11c8e6
B0B2113364,feature_850450a697b310f5
B0B2113364,feature_a77cb4936486cbe4
B0B2113364,feature_b0ccb218c6484997
B0B2113364,feature_cbbc8a94b790e4fc
B0B2113364,feature_ec7ef41f9a0093f6
B0B27CJ2KJ,feature_3e6aa0c459715e0c
B0B27CJ2KJ,feature_8e1b83c53c9faa59
B0B27CJ2KJ,feature_a56a92beef85634f
B0B27CJ2KJ,feature_cf9f4bd54f1b47c4
B0B27CJ2KJ,feature_d8893f5971b557d2
B0B29HNY8F,feature_0a5345ac8fdc1119
B0B29HNY8F,feature_36d093f22cf1c637
B0B29HNY8F,feature_654d987d1e3ed15f
B0B29HNY8F,feature_b8c91008b60544c2
B0B29HNY8F,feature_f15980545d0c69bc
B0B2GF9GKL,feature_1550e567e5197447
B0B2JJST7L,feature_2a236ea88f875bbe
B0B2JJST7L,feature_373fbaa77302ccfe
B0B2JJST7L,feature_56d2e2e280c15381
B0B2JJST7L,feature_a6b777a79386d0a7
B0B2JJST7L,feature_c62ae20d4fdf2dd8
B0B2JJST7L,feature_e013a98cdecdc189
B0B2LFCR9D,feature_0b37486f5aefe385
B0B2LFCR9D,feature_49419d1ed14d57ed
B0B2LFCR9D,feature_a010730088eea5c2
B0B2LFCR9D,feature_d4a9f0348c751188
B0B2LFCR9D,feature_f989e945cc807a51
B0B2Q89N93,feature_0312b263921ba995
B0B2Q89N93,feature_20e4e511f2c3c4b5
B0B2Q89N93,feature_8d1e00ce885116de
B0B2Q89N93,feature_924fce5336cb3057
B0B2Q89N93,feature_c727bcb09b245048
B0B2QDXQ7T,feature_154f77ffca7dcad4
B0B2QDXQ7T,feature_1c731d5fa6cbacd7
B0B2QDXQ7T,feature_42b6d26f225dcbc2
B0B2QDXQ7T,feature_6b2d00d93534d802
B0B2QDXQ7T,feature_7ab86379e8067b37
B0B2QDXQ7T,feature_c2cb984486a8d882
B0B2ZQKHCH,feature_02dbef1e6f080083
B0B2ZQKHCH,feature_0728757f2d4268dd
B0B2ZQKHCH,feature_415be7a0b036a4c8
B0B2ZQKHCH,feature_91f68b2e56cef7bf
B0B2ZQKHCH,feature_dfee5467cdc2b0ee
B0B3218FNJ,feature_271c056ec837731e
B0B3218FNJ,feature_534938842c806130
B0B3218FNJ,feature_63e8d81990a09f1c
B0B3218FNJ,feature_7fa404b2b934cdbd
B0B3218FNJ,feature_8458de6162b82b54
B0B354J9G5,feature_c12ca9eafd032e96
B0B3MGGVHY,feature_283df485b0c05db9
B0B3MGGVHY,feature_2a4a512324d9626d
B0B3MGGVHY,feature_4699b6e4d4ee2d0f
B0B3MGGVHY,feature_8d75eda1d209d2ec
B0B3MGGVHY,feature_ad0be11a3e2b1a03
B0B3NCHJ12,feature_03c74e9f50f7c1d2
B0B3NCHJ12,feature_4dff0fe2e6a1867a
B0B3NCHJ12,feature_50c311de9c060edb
B0B3NCHJ12,feature_94e9ebae803992c3
B0B3NCHJ12,feature_9ace58fb0e89c356
B0B3NCHJ12,feature_a931b653dfd530ed
B0B3RMRLR4,feature_4da351b5d51d303e
B0B3RMRLR4,feature_679ec9a5ba57ebf9
B0B3RMRLR4,feature_8dbc9b4be43ed585
B0B3RMRLR4,feature_9f3f69e60ba1915d
B0B3RMRLR4,feature_f4617303f0aae016
B0B4164FZP,feature_4eea7a43832c23c6
B0B4H5KL2T,feature_d733d9899519b757
B0B4M3W3XF,feature_d5ea61246ed38b9c
B0B4M3W3XF,feature_daf446b1c4477b94
B0B4M3W3XF,feature_de14c8e207f0bde2
B0B4M3W3XF,feature_e4bcb6eda2ab3b80
B0B4M3W3XF,feature_e8a46c8c11714b8e
B0B5KYFJ6S,feature_0e428bc51bc1fe91
B0B5KYFJ6S,feature_12966beda1ab8c5b
B0B5KYFJ6S,feature_182584c03817f18c
B0B5KYFJ6S,feature_1886bebe6586e795
B0B5KYFJ6S,feature_5b3e9a252250d03a
B0B5KYFJ6S,feature_5b81f95c7a2c0ca9
B0B5KYFJ6S,feature_75b422cd95d2cd99
B0B5KYFJ6S,feature_bd0b2d86ad318ce1
B0B5KYFJ6S,feature_c877b028459df396
B0B5KYFJ6S,feature_ec345dee2cb9d796
B0B5L22RPL,feature_f3271a5f2c8ab3c7
B0B5MZ1LWC,feature_3bbc3fd39603061b
B0B5MZ1LWC,feature_46f4f887204232e2
B0B5MZ1LWC,feature_58e282dacc8ee2f1
B0B5MZ1LWC,feature_7b1c2e68188b0605
B0B5MZ1LWC,feature_dd00660c14a872e6
B0B5N4QWH6,feature_0f51899d55af6887
B0B5N4QWH6,feature_1a9623638d4637f8
B0B5N4QWH6,feature_221777c72f0187cc
B0B5N4QWH6,feature_43282efe43868a5f
B0B5N4QWH6,feature_5fa7486077eaaf19
B0B5N4QWH6,feature_69474ac836ac4412
B0B5N4QWH6,feature_922edc107682ec79
B0B5N4QWH6,feature_d993783591128bd3
B0B5N4QWH6,feature_dabbf224078a79a0
B0B5N4QWH6,feature_fa6f12b7e5a42a8f
B0B5QXVYNM,feature_0b2c6f05e5a99aa1
B0B5QXVYNM,feature_70d6d6dd0a7729a3
B0B5QXVYNM,feature_9d4bc3e8aa8c8599
B0B5QXVYNM,feature_e739141c34dc8605
B0B5QXVYNM,feature_f030d84cf386d3f3
B0B5RXXPM6,feature_209eca28d08778e7
B0B5W219Y6,feature_1b94faa6a83ed7e9
B0B5W219Y6,feature_2f26c43bfd2fb24d
B0B5W219Y6,feature_3b592ca25f6ca269
B0B5W219Y6,feature_7b993f6c378d8970
B0B5W219Y6,feature_8539937574cd1a29
B0B5W219Y6,feature_c607a1b18d107955
B0B5X48DZR,feature_16f740506164ce98
B0B5X48DZR,feature_1724fbdcd2cb139b
B0B5X48DZR,feature_19e4c0e4816d698f
B0B5X48DZR,feature_1ceab41517daa26c
B0B5X48DZR,feature_41892b338644cf54
B0B5X48DZR,feature_ab3602fcee616927
B0B5XFVSXY,feature_473f483aee43b92c
B0B5XFVSXY,feature_5acb5bc946993e3e
B0B5XFVSXY,feature_89e57a5bff56b602
B0B5XFVSXY,feature_a7f9516fe55a411a
B0B5XFVSXY,feature_c4a3c177947b5ffb
B0B5YNHX2R,feature_628eaedc8c271a68
B0B5YW1MZN,feature_1d3de7bd9d923ce7
B0B5YW1MZN,feature_205599deb8a4c15c
B0B5YW1MZN,feature_80b818dea511e5dc
B0B5YW1MZN,feature_8dc898ab8d5c505f
B0B5YW1MZN,feature_9ae244f475c07bc6
B0B5YW1MZN,feature_c2a2aaa99d27d527
B0B5YW1MZN,feature_fd2e8de75068ee70
B0B67P9KDF,feature_0c772d4227ff83b3
B0B67P9KDF,feature_21d25133df995ab0
B0B67P9KDF,feature_94ddd9f53b5b9031
B0B67P9KDF,feature_e7b6d1eab7a99e70
B0B67P9KDF,feature_ef0bd826761bb748
B0B6C3VFBF,feature_297370b84e2306e7
B0B6C3VFBF,feature_3c4806988bcec180
B0B6C3VFBF,feature_607c22db495b76ef
B0B6C3VFBF,feature_7417cb3f6ee689e6
B0B6C3VFBF,feature_a68b3a276882f527
B0B6G5L6T6,feature_06f60a621b684b69
B0B6G5L6T6,feature_83b8b791b73f325f
B0B6G5L6T6,feature_a15b74dd472c596a
B0B6G5L6T6,feature_d1cfc2c9958cf09b
B0B6G5L6T6,feature_e5f652e3f262bb96
B0B6RFD7RC,feature_28701ec16f8414ce
B0B6RFD7RC,feature_4431a4245fa8843b
B0B6RFD7RC,feature_5521ba6ddb53a8ce
B0B6RFD7RC,feature_61786acfe244d090
B0B6RFD7RC,feature_6e650944377dfd44
B0B6RFD7RC,feature_e4ed9c6b0e7eeb56
B0B6RFD7RC,feature_f15abc14bc3029c8
B0B6ZPFFZN,feature_a03265b4a036fbf9
B0B76DHV4J,feature_7634594aadc88338
B0B76JW868,feature_99ee53404b92a04a
B0B76JW868,feature_e78e672d3f5ebae1
B0B76MDD3C,feature_0fb467234dc2b3bf
B0B76MDD3C,feature_164dc0d213010f58
B0B76MDD3C,feature_50a39641f3a4e94e
B0B76MDD3C,feature_59663529917d9b77
B0B76MDD3C,feature_7548e67d40de2dd2
B0B76MDD3C,feature_9f50882295d3f0af
B0B77LDV4B,feature_77d96984b3bbdd65
B0B7MCJ618,feature_7ee8c9e2764104fd
B0B7MCJ618,feature_7f58a671d58ae5c9
B0B7MCJ618,feature_c5c17f9439b0d828
B0B7MCJ618,feature_ceac448e4bca0bda
B0B7ZVHJZL,feature_54eec202bcd81123
B0B84PQ5BV,feature_0d03d65d4e1d4150
B0B84PQ5BV,feature_0fe72ed6c08ae4c5
B0B84PQ5BV,feature_1249fa7855276983
B0B84PQ5BV,feature_2b541c5fd403a463
B0B84PQ5BV,feature_bdd084857c17727c
B0B8535PR3,feature_24bcf87323a4c9a6
B0B87SH493,feature_a898de32ed52d23d
B0B87SH493,feature_b030aefc30a00e42
B0B87SH493,feature_b41f25b8dab716d2
B0B87SH493,feature_df5a3d0f2552585e
B0B87SH493,feature_fc6f0d206aae8f9d
B0B89FFWQH,feature_2bac4dd85ab00d21
B0B89FFWQH,feature_5f51c8bc7e3d2e33
B0B89FFWQH,feature_859e90c6c6550bd4
B0B89FFWQH,feature_92ad7e0a12b45a4c
B0B89FFWQH,feature_edc8faabfbf845c2
B0B8CW5FDJ,feature_15824be55c736bc3
B0B8CW5FDJ,feature_29de210e51c2d46c
B0B8CW5FDJ,feature_5887b4255a6e6848
B0B8CW5FDJ,feature_b8529d916900fcf4
B0B8CW5FDJ,feature_ba0b4c1f0c963e71
B0B8CW5FDJ,feature_d4a4c1ab9a5a450e
B0B8CX62R5,feature_08c6f760e3140371
B0B8CX62R5,feature_120a736dd8c30756
B0B8CX62R5,feature_2dc362cdd8ff5fdf
B0B8CX62R5,feature_e11d8f508179d0df
B0B8CX62R5,feature_e3bf5184f8e6638e
B0B8F6MWFJ,feature_1f3e12d3287aa6ba
B0B8F6MWFJ,feature_21e6d0ba7f425a6d
B0B8F6MWFJ,feature_47492cb2b65ff3cd
B0B8F6MWFJ,feature_5853332d43fcdd5d
B0B8F6MWFJ,feature_7f4cfbde8bf682ed
B0B8F6MWFJ,feature_8e210cabddf98b2b
B0B8F6MWFJ,feature_8e2356b8a4f60ca5
B0B8F6MWFJ,feature_a2d6cc825d210fda
B0B8F6MWFJ,feature_a4fc5195197e9b6b
B0B8F6MWFJ,feature_eda21f98eac272b9
B0B8FZQ6MV,feature_0fce77598e21c2de
B0B8FZQ6MV,feature_2e6fbd108c16c5db
B0B8FZQ6MV,feature_490ee62628f936f2
B0B8FZQ6MV,feature_be672abf65c265f9
B0B8FZQ6MV,feature_c8d1ea521a27f510
B0B8FZQ6MV,feature_df1a8bde0552d8c7
B0B8G6RRPS,feature_1c03d7e125a9b724
B0B8G6RRPS,feature_4355eb372b3dc6b7
B0B8G6RRPS,feature_65a0306a74759ec4
B0B8G6RRPS,feature_6b2cbf04654e3f53
B0B8G6RRPS,feature_82a1a9e0ffa4e8f5
B0B8G6RRPS,feature_c0fc9bec13fc384c
B0B8G6RRPS,feature_d26d861c9e6d060a
B0B8SFDJN9,feature_44dd85bdabc21a5f
B0B8SFDJN9,feature_98447ecd7f267a3f
B0B8SFDJN9,feature_bf83e2efc7043dfd
B0B8SFDJN9,feature_ea7c67a67f9191d7
B0B8SFDJN9,feature_ec34619f62dcbd3a
B0B8Z5H3T7,feature_9dbd13b7043951b1
B0B9192QZ4,feature_4a7d7e15309c5e82
B0B9192QZ4,feature_7d033c9dda678c00
B0B9192QZ4,feature_985f27e312c0e0a3
B0B9192QZ4,feature_ac972749e74328d8
B0B9192QZ4,feature_b953ed9102dd862d
B0B927953G,feature_0c7c42f6004ba356
B0B927953G,feature_21bb51c0c5d70fea
B0B927953G,feature_81b258df1de181c8
B0B927953G,feature_91e753911da5c7f1
B0B927953G,feature_c2dcb362d6420817
B0B9FRZ9DP,feature_2a75e8e04a46d141
B0B9JVXKLT,feature_18c661e9575dcded
B0B9JVXKLT,feature_4a19b2c71ef38e36
B0B9JVXKLT,feature_71f8c5ee3c763a7e
B0B9JVXKLT,feature_d735cc168d36d918
B0B9JVXKLT,feature_f71fe5dba2d99170
B0B9R8W7RR,feature_71b2caacce7c8c79
B0B9R8W7RR,feature_7c033adcdbd09901
B0B9R8W7RR,feature_8210141117c5103a
B0B9R8W7RR,feature_bc0405944aa84f72
B0B9R8W7RR,feature_dbefe63a7ade79ae
B0B9R8W7RR,feature_e19cd84a77a4071a
B0BB8JLJLS,feature_075bd5b4502f24ed
B0BB8JLJLS,feature_2140f136995ba4ca
B0BB8JLJLS,feature_34b06456f9972929
B0BB8JLJLS,feature_ce550eb291a14b51
B0BB8JLJLS,feature_f6302951e34df359
B0BC1RS4HN,feature_220026045d8ea6a6
B0BC1RS4HN,feature_2c0f144f0ec936d6
B0BC1RS4HN,feature_6479db034b0bdf0e
B0BC1RS4HN,feature_8ed44ae044d33393
B0BC1RS4HN,feature_f486c971e4bee865
B0BC2XLWML,feature_44f9732ac89ff493
B0BC2XLWML,feature_63c5df82a5ecf540
B0BC2XLWML,feature_bf5ca41af72a0bec
B0BC2XLWML,feature_eebbbec2beb944b0
B0BC2XLWML,feature_ef7c8d15ac8af4f1
B0BC87LQ7Q,feature_0849fc93f58e78d7
B0BC87LQ7Q,feature_123fdcb4eaaf19d9
B0BC87LQ7Q,feature_28665745e730d28c
B0BC87LQ7Q,feature_c8aeb120cb76a168
B0BC87LQ7Q,feature_f005bfb84377ca12
B0BCFSS4P6,feature_233dca1d3cf7954d
B0BCFSS4P6,feature_38b27b35db016de8
B0BCFSS4P6,feature_86c4317352120688
B0BCFSS4P6,feature_8d8ad9bbdd623e18
B0BCFSS4P6,feature_c643d90f56270c0e
B0BCH9YBWS,feature_06382ff440f79a2d
B0BCH9YBWS,feature_1180557a0ab8af5c
B0BCH9YBWS,feature_7e2ae77a1823a55f
B0BCH9YBWS,feature_b4ea0a1ae26f8f3d
B0BCH9YBWS,feature_d367fdc623777ecc
B0BCVPQFKY,feature_185a59223149969b
B0BCVPQFKY,feature_2a69735010a406d7
B0BCVPQFKY,feature_45d88edd0d259ce4
B0BCVPQFKY,feature_5e50a4534f115b4c
B0BCVPQFKY,feature_e25cd8e76d8c6995
B0BCVPQFKY,feature_f9a90d522ff1182a
B0BCWP916G,feature_394f2055e05c299e
B0BCWP916G,feature_80b19f4451fdd71a
B0BCWP916G,feature_826a29d5549ba7a5
B0BCWP916G,feature_99c2dd45bda03a61
B0BCWP916G,feature_b1b124cd552c11a7
B0BD7MRZ2Z,feature_1c09120f705b7979
B0BD7MRZ2Z,feature_2a178b0742060efd
B0BD7MRZ2Z,feature_5a04aa439b9388f4
B0BD7MRZ2Z,feature_751a9ed6ed7c69c1
B0BD7MRZ2Z,feature_8e335b817ca185e7
B0BDKCSBZL,feature_151961a1dce1df41
B0BDKCSBZL,feature_4d7dab310ec71fe2
B0BDKCSBZL,feature_7478967db1d98479
B0BDKCSBZL,feature_d5ea61246ed38b9c
B0BDKCSBZL,feature_f305ed8e4d8fa354
B0BDS43R77,feature_ed445270dac3e54e
B0BDYXW42R,feature_1957201066b27721
B0BDYXW42R,feature_2ec0214be296a325
B0BDYXW42R,feature_3357d1817d83afc5
B0BDYXW42R,feature_819fe32e71e74eb8
B0BDYXW42R,feature_d7c321f58bc55103
B0BDYXW42R,feature_dc7f2fd2c4ebe118
B0BF5FP1DL,feature_7221630ca6a86b42
B0BF5FP1DL,feature_75ca95761553b3db
B0BF5FP1DL,feature_b3126b5e140a52a6
B0BF5FP1DL,feature_b7967e839d13861a
B0BF5FP1DL,feature_cf8d14b3e783e91b
B0BF95SMGZ,feature_b19f839e8411f238
B0BFBQCZ4K,feature_442f4684b8cec328
B0BFBQCZ4K,feature_63ed590e60065c44
B0BFBQCZ4K,feature_6c85bca3cef75b9d
B0BFBQCZ4K,feature_937fa6cc5639723c
B0BFBQCZ4K,feature_9b4fb0a9f31fcec4
B0BFBQCZ4K,feature_e4d57ed343ea6a71
B0BFBQCZ4K,feature_e524e426dd32f3ac
B0BFGRJV4H,feature_4dcfd3d27f81e557
B0BFGRJV4H,feature_9894560e0d05cb57
B0BFGRJV4H,feature_addf3a43e9225b7f
B0BFGRJV4H,feature_cd13541ee91a472d
B0BFGRJV4H,feature_d7aac7cfb18997e0
B0BFGRJV4H,feature_f677df053e7032d4
B0BFHBVJHN,feature_aac42376f117f279
B0BFJXY7K8,feature_37949e911933b476
B0BFJXY7K8,feature_5e9b12cf16257449
B0BFJXY7K8,feature_7e0a9aeb72e73f8f
B0BFJXY7K8,feature_b0d3f0af2ab614e7
B0BFJXY7K8,feature_ed92455b3cec0ed1
B0BFLNDCGH,feature_351d775e857b5d0d
B0BFLNDCGH,feature_4d1f5d2a38053d66
B0BFLNDCGH,feature_7a38a361e3c04280
B0BFLNDCGH,feature_bb470c2e04fac2f6
B0BFLNDCGH,feature_ec52314916243bae
B0BG8Q2939,feature_2202d3445e10ef2a
B0BG8Q2939,feature_38adb1121ab66712
B0BG8Q2939,feature_3b29b9d68bff4af8
B0BG8Q2939,feature_5697d606cd907031
B0BG8Q2939,feature_5adc41bf5d97dc5d
B0BG8Q2939,feature_a54a5b045fcfc632
B0BG8Q2939,feature_fa090ae3e18455ca
B0BGK4F2N7,feature_59d157e98e7db947
B0BGK4F2N7,feature_9b190f0b5d44f118
B0BGK4F2N7,feature_a253ab5930e330dc
B0BGK4F2N7,feature_c8ea7328bbb50f77
B0BGN39TF7,feature_0228b21ceeed807e
B0BGN39TF7,feature_5bb589135949b778
B0BGN39TF7,feature_8ca518166cbfc4f8
B0BGN39TF7,feature_906cc3c453ab1dde
B0BGN39TF7,feature_d8706cfce4fb2a3b
B0BGP26FMX,feature_2bfb5ff85df7097f
B0BGP26FMX,feature_601531fddb6eacff
B0BGP26FMX,feature_892bcae918efb88d
B0BGP26FMX,feature_e6cb91a505b885eb
B0BGP26FMX,feature_fa0e92f9411e7f73
B0BGQQKWWY,feature_166945a8e02eb285
B0BGQQKWWY,feature_5565be886fda6500
B0BGQQKWWY,feature_6969c731a4e3236b
B0BGQQKWWY,feature_743d3c681f5e341e
B0BGQQKWWY,feature_c464d29d992c0624
B0BGS9F2FM,feature_047dcba6d890b7d9
B0BGS9F2FM,feature_0d2888a9803e88e4
B0BGS9F2FM,feature_3871de6b85d9da16
B0BGS9F2FM,feature_5521cfb500a6c557
B0BGS9F2FM,feature_85c8f8987345ddc2
B0BGXH92JS,feature_496191727ff668fa
B0BGXH92JS,feature_77d99f7bb8fb5e1b
B0BGXH92JS,feature_986ab92eeb195702
B0BGXH92JS,feature_ab3e1e4476cbb89b
B0BGXH92JS,feature_b225e7fdd140ab99
B0BH1MQYDV,feature_72ba5f432f1a8c88
B0BHKV6QNZ,feature_21ea5827df496c15
B0BHKV6QNZ,feature_59370d587aa48057
B0BHKV6QNZ,feature_7a744b085b8ec3aa
B0BHKV6QNZ,feature_fb0296a706fa1c1f
B0BHKV6QNZ,feature_ffa2bab973f6d52d
B0BHMSKR4N,feature_123523f261bde361
B0BHMSKR4N,feature_34ae0da7ae6ebea8
B0BHMSKR4N,feature_5e234aa39bd4a6df
B0BHMSKR4N,feature_70a3db6d0ef78feb
B0BHMSKR4N,feature_c8d8677ce7d4e4a1
B0BHQHW3QY,feature_109b0289a2dd97e3
B0BHQHW3QY,feature_4b55fde0d352d0ca
B0BHQHW3QY,feature_510bfaae7470c183
B0BHQHW3QY,feature_7d0f116f9d3965d0
B0BHQHW3QY,feature_88c9a8cc33fbf3af
B0BHQHW3QY,feature_8a910e906719918e
B0BHQHW3QY,feature_9d130333e7e7d938
B0BHQHW3QY,feature_a2225dd1652496a4
B0BHQHW3QY,feature_d8348b9a5cf382c1
B0BHQHW3QY,feature_eef151272c7d61c7
B0BHT1YRYB,feature_3377d14304df0a60
B0BHT1YRYB,feature_6e976a61a861b1d9
B0BHT1YRYB,feature_91f1197f722b0bcc
B0BHT1YRYB,feature_a090806cdfd6b8fe
B0BHT1YRYB,feature_aad4711af8e52640
B0BHT1YRYB,feature_b1fba46facfc6142
B0BHT1YRYB,feature_f0d24118c5ae4cd6
B0BHW7CPBL,feature_15b274e413eb67c3
B0BHW7CPBL,feature_1cefbe35d9b621f9
B0BHW7CPBL,feature_3105e2227cf7669d
B0BHW7CPBL,feature_32a6895e57055834
B0BHW7CPBL,feature_430f078b5f9bfee7
B0BHW7CPBL,feature_44af98ec1c6b9734
B0BHW7CPBL,feature_c6a0476a9b1a46f8
B0BHW7CPBL,feature_c97b7bcf45dd7efc
B0BHW7CPBL,feature_df13265e2aac1a71
B0BHW7CPBL,feature_f0481fccd255dd6e
B0BJ6FS9WQ,feature_35d9da8ad826d1f9
B0BJ6FS9WQ,feature_456dd90cadf940c2
B0BJ6FS9WQ,feature_4bf16aa06b087740
B0BJ6FS9WQ,feature_716b0077e7130048
B0BJ6FS9WQ,feature_bd2586b9cb37f081
B0BJ6FS9WQ,feature_d0b9412465674bd4
B0BJ7SFPPQ,feature_1af6fda99d07ab49
B0BJ7SFPPQ,feature_51b45e476c213ea2
B0BJ7SFPPQ,feature_5f3743261f86a555
B0BJ7SFPPQ,feature_72be0129b6221f50
B0BJ7SFPPQ,feature_aaa0c046cd429d78
B0BJ7SFPPQ,feature_f1a040f94a7e3864
B0BJJRVM3X,feature_1ed3681b6f550375
B0BJJRVM3X,feature_7548d8fef1c97577
B0BJJRVM3X,feature_81ca5dfb9b2d4e34
B0BJJRVM3X,feature_9c19041b8b8f03f2
B0BJJRVM3X,feature_c2cdc2faa053a49c
B0BJQDS6MR,feature_43c36cc912fca14c
B0BJQDS6MR,feature_8f751a7bce8a2f24
B0BJQDS6MR,feature_c0cabd3310eec910
B0BJQDS6MR,feature_c4654bb5f95bd81e
B0BJQDS6MR,feature_d77107ca932ba1b7
B0BJQDS6MR,feature_f2ebeae33aaf399e
B0BJQDS6MR,feature_f849148606aaf895
B0BKGM8XVS,feature_29eee9000f9e745a
B0BKGM8XVS,feature_2eb3622fd30fa810
B0BKGM8XVS,feature_c18ae91fb485c6c4
B0BKGM8XVS,feature_dcfbcda88a74e21d
B0BKGM8XVS,feature_eecc2baca7f892ee
B0BKS9DWJ8,feature_11059fe7e01824aa
B0BKS9DWJ8,feature_6542d08dfa2c601c
B0BKS9DWJ8,feature_bbae3b4148eb7bbe
B0BKS9DWJ8,feature_ca9665c47bd46f0f
B0BKS9DWJ8,feature_e55610eb9a4a6919
B0BKSYYCXS,feature_140d91984045ebb5
B0BKSYYCXS,feature_1ad31a20c51b4e56
B0BKSYYCXS,feature_4c43a1376feb1548
B0BKSYYCXS,feature_7d251ec9869a5e8a
B0BKSYYCXS,feature_fd8df2f0fc39cef7
B0BLCBTKR3,feature_0719afb3444b8c99
B0BLCBTKR3,feature_a5e271eb901f6283
B0BLCBTKR3,feature_c116971640ff202b
B0BLCBTKR3,feature_c55e7981049949b7
B0BLCBTKR3,feature_d5ae75fed7e367fc
B0BLCBTKR3,feature_d7e58171d52ee7e1
B0BLP2JW35,feature_04f3b51b030c93a9
B0BLP2JW35,feature_2c94a46aad909ff0
B0BLP2JW35,feature_81f7fd5089309a80
B0BLP2JW35,feature_858cadb637746b1c
B0BLP2JW35,feature_cd0d12c7fd464a47
B0BLP2JW35,feature_cfd16cd7ab130a21
B0BLP2JW35,feature_dca64c20bd2e2e81
B0BLP2JW35,feature_de2d01bd77c23720
B0BLZ2LL8T,feature_03d6a194f4b02abf
B0BLZ2LL8T,feature_05599e28be98cd23
B0BLZ2LL8T,feature_1b935cab46719cb9
B0BLZ2LL8T,feature_5440569f7b0d1dad
B0BLZ2LL8T,feature_63f06b4fc5440d24
B0BLZ2LL8T,feature_67410bd35aad8c99
B0BLZ2LL8T,feature_aa00a304e178249a
B0BLZ2LL8T,feature_b5bba57723e517db
B0BLZ2LL8T,feature_b8774163aec2134b
B0BLZ2LL8T,feature_ca375674601a171e
B0BM35X1LF,feature_0fe76ddaead25f7b
B0BM35X1LF,feature_29ebc9bdc0346712
B0BM35X1LF,feature_c32f9d5a7dc4a074
B0BM35X1LF,feature_e20ab536158c378a
B0BM35X1LF,feature_ee9fabe093957bf3
B0BM5KW5HF,feature_003d64b7e792b7a7
B0BM5KW5HF,feature_17e5eb5f8968bf2e
B0BM5KW5HF,feature_8314e41bff26dd7c
B0BM5KW5HF,feature_97c779f1923eb052
B0BM5KW5HF,feature_a6adb8086e586708
B0BM5KW5HF,feature_eeada2b2f747001f
B0BMFB4YTC,feature_16e1b406ee07394a
B0BMFB4YTC,feature_328973b67c50d196
B0BMFB4YTC,feature_4f395ed491a3d75f
B0BMFB4YTC,feature_694252cca3402c5e
B0BMFB4YTC,feature_7ae6981c6652f47a
B0BMFB4YTC,feature_8cb0da1fc6091aa0
B0BMFB4YTC,feature_bc74274d335560da
B0BMFB4YTC,feature_c2b10c2522ee75ca
B0BMFB4YTC,feature_e2bf39c1dbcd928f
B0BMFB4YTC,feature_e7e1a224c40ee852
B0BMGRL3V9,feature_5a8340e410b85fd2
B0BMGRL3V9,feature_cb61093a0f049a54
B0BMGRL3V9,feature_df8623f64a775255
B0BMGRL3V9,feature_dff8161299c18905
B0BMGRL3V9,feature_fd2bd2ffd4d6dc53
B0BN12F234,feature_66bb3245aba6bb73
B0BN12F234,feature_67806061fcb62700
B0BN12F234,feature_d84baa38ee1402f6
B0BN12F234,feature_dd7e598369f5a04b
B0BN12F234,feature_f2a4ba37a0c1e1fe
B0BN14T4WQ,feature_11788e02161d0839
B0BN14T4WQ,feature_2a3b28e224fce181
B0BN14T4WQ,feature_324e4b68c16196d6
B0BN14T4WQ,feature_3cc65ca8707aa432
B0BN14T4WQ,feature_772db3bef4157090
B0BN14T4WQ,feature_9ff0fd6bc65d60ac
B0BN14T4WQ,feature_cb329146a0dd0d56
B0BN14T4WQ,feature_eeb0b771ea479fb4
B0BN57K19C,feature_1917b12804ed4be8
B0BN57K19C,feature_34bd5bd2c50f8cf5
B0BN57K19C,feature_4c7f6b7eb6b4e7f7
B0BN57K19C,feature_7140474a3c5dc7bf
B0BN57K19C,feature_c235a0a4335c15ab
B0BNKHNWDW,feature_46823822875ce99d
B0BNKHNWDW,feature_5caa3c36c088b194
B0BNKHNWDW,feature_8cc7039600208bd9
B0BNKHNWDW,feature_a50c5d16eccc0dd6
B0BNKHNWDW,feature_b2e3e5d8c3193d16
B0BNKHNWDW,feature_b39fcaee1dca3c4b
B0BNKHNWDW,feature_c4e48f1bd4eecafa
B0BNKHNWDW,feature_cae5cd2e8acc46dc
B0BNKHNWDW,feature_d64ae60068343903
B0BNPLT1KF,feature_08eed68d9cbc0315
B0BNPLT1KF,feature_21ae0ef0a6fe1186
B0BNPLT1KF,feature_4a176cb787ca15e4
B0BNPLT1KF,feature_96742bc7e9b3cb40
B0BNPLT1KF,feature_d023721edc5f97ad
B0BNWSR278,feature_1afbef42b698f245
B0BNWSR278,feature_350874cd91cb0733
B0BNWSR278,feature_512f97e6516721e8
B0BNWSR278,feature_d54884fc090823b8
B0BNWSR278,feature_f1ec99c431c7ea2a
B0BNWSR278,feature_f34e4d961efa028f
B0BNWT2MSC,feature_26548e427dfedb48
B0BNWT2MSC,feature_9a3437dd7f79be12
B0BNWT2MSC,feature_ae372056eec873bb
B0BNWT2MSC,feature_bea31416b881d961
B0BNWT2MSC,feature_f4a8a0b4e1b01669
B0BP2VSDN5,feature_06cf389b1b604df6
B0BP2VSDN5,feature_4d55bc4d37a8a8ec
B0BP2VSDN5,feature_5383fe59842f208c
B0BP2VSDN5,feature_5b7814135f35791f
B0BP2VSDN5,feature_772d230a134a4579
B0BP7PQWT8,feature_0ba4378fabb582b0
B0BP7PQWT8,feature_2f8aeeb7da599c3e
B0BP7PQWT8,feature_31d6b102930333b5
B0BP7PQWT8,feature_3fe25d5175e7cb86
B0BP7PQWT8,feature_49f76dbd8d4855a5
B0BPSFWMC8,feature_181c4eaa8209c8ba
B0BPSFWMC8,feature_272611f9615f3944
B0BPSFWMC8,feature_43e00c24c107bb50
B0BPSFWMC8,feature_4f6437d0e3d17ef7
B0BPSFWMC8,feature_796b841d2fa7fd6e
B0BPSFWMC8,feature_7c1ce1bfc83e4c70
B0BQQ5L942,feature_3109bff7e70a0fec
B0BQQ5L942,feature_88b058a21e8292b3
B0BQQ5L942,feature_a9022ff217b130cb
B0BQQ5L942,feature_e92dfd968d7a9db5
B0BQQ5L942,feature_f065cd0b4a99a3f9
B0BQWTXV2Q,feature_250b34f5626e41ee
B0BQWTXV2Q,feature_938d6f0fffc60c86
B0BQWTXV2Q,feature_b04b6303c210afca
B0BQWTXV2Q,feature_f12e47c7dad61182
B0BQWTXV2Q,feature_f3efa1681c7de376
B0BR4GL7Q6,feature_4873174af93febab
B0BR4GL7Q6,feature_6545dffa3f7b77bf
B0BR4GL7Q6,feature_84970f7683319ea8
B0BR4GL7Q6,feature_af09cff83368bc18
B0BR4GL7Q6,feature_b025a12176f25340
B0BR5HN8C2,feature_1579cfb3c2ede220
B0BR5HN8C2,feature_6308941884adfd0d
B0BR5HN8C2,feature_94699cb630dbf3c2
B0BR5HN8C2,feature_a503780b58ee73ce
B0BR5HN8C2,feature_aad995b394fc3d77
B0BR5HN8C2,feature_cafa0d4b3846e8ae
B0BR8B5BK5,feature_31844b8a65dbf0b4
B0BR8B5BK5,feature_3826b6627a162447
B0BR8B5BK5,feature_6d07ad4a24379453
B0BRPMZZJ3,feature_3a3940bf4e692381
B0BRPMZZJ3,feature_4b00f9d55829429c
B0BRPMZZJ3,feature_6e923dc17f321c78
B0BRPMZZJ3,feature_c1799ff5e1371fc5
B0BRPMZZJ3,feature_e00f01e60bf2bc78
B0BRQD5FH5,feature_03379c0e7f261ffb
B0BRQD5FH5,feature_12dd08e03637990e
B0BRQD5FH5,feature_246ea52b969dd830
B0BRQD5FH5,feature_b58e9c79370a5299
B0BRQD5FH5,feature_c45f25915f0d9d2d
B0BRQXY4Y4,feature_3299205acd1e72b1
B0BRQXY4Y4,feature_3b17ff0bf829832a
B0BRQXY4Y4,feature_45ee55d417aabf70
B0BRQXY4Y4,feature_6d10f6f77c0de4c8
B0BRQXY4Y4,feature_96b81a65e4437bd5
B0BRQXY4Y4,feature_d88fc180e355ff75
B0BRT6CYBM,feature_77da27886b0313cb
B0BS1R47M7,feature_687a0d65fe2298f4
B0BS1R47M7,feature_6c8c4f4c98b133b7
B0BS1R47M7,feature_904cc0dd49d1b18a
B0BS1R47M7,feature_92298d34e43effba
B0BS1R47M7,feature_98fd13e45e872654
B0BS1R47M7,feature_d348dd5bc835885e
B0BTDT734J,feature_0aeb715f7512a5b6
B0BTDT734J,feature_100422090a73d90b
B0BTDT734J,feature_4bea60ec00f41b73
B0BTDT734J,feature_4f9a0e23aa3b7a11
B0BTDT734J,feature_98228bdeb159d751
B0BTDT734J,feature_98dd5aac182899ea
B0BTDT734J,feature_dc4e109b34133ddb
B0BTDT734J,feature_e98a0e599cabd2f6
B0BTDT734J,feature_ed70692c710d0f90
B0BTDT734J,feature_f915b8b050385e8d
B0BTLTVR1X,feature_0a9d07d0ded38ea0
B0BTLTVR1X,feature_47934eabdeeab10c
B0BTLTVR1X,feature_5dd8af680a9d49a9
B0BTLTVR1X,feature_619c8cbb633c0b0c
B0BTLTVR1X,feature_a85015adfeec061d
B0BTLTVR1X,feature_d11e028997b76d46
B0BTV2K819,feature_135f400c041017f7
B0BTV2K819,feature_1c9e7f8fefd55ffa
B0BTV2K819,feature_2478cb3cd2d9a8df
B0BTV2K819,feature_7c147ca5598a62fb
B0BTV2K819,feature_d9885bc0093917ee
B0BV1KNVV4,feature_317b79be7b242476
B0BVQQ58G8,feature_09ac1114069eabec
B0BVQQ58G8,feature_0e9569095f9c1514
B0BVQQ58G8,feature_207cd25bb6c39802
B0BVQQ58G8,feature_51523beb8ec957a0
B0BVQQ58G8,feature_584bd186a0cb1d35
B0BVQQ58G8,feature_ef71bac3040cb8cc
B0BWH5TSJ3,feature_077b8ce1de1655c2
B0BX53H8XD,feature_5336e4d546bca6f8
B0BX53H8XD,feature_6440b48d735129fc
B0BX53H8XD,feature_89a6071d347450f9
B0BX53H8XD,feature_b236f764c0d253f7
B0BX53H8XD,feature_eac9a652002343ad
B0BXHDQ2LZ,feature_1de099efe08cbb92
B0BXHDQ2LZ,feature_4bde6da276eebba7
B0BXHDQ2LZ,feature_ba13ebf592d81556
B0BXHDQ2LZ,feature_e19865ddf1b665c7
B0BXNQZW5C,feature_1ac98adc72573272
B0BXNQZW5C,feature_3ab5f508f0b55915
B0BXNQZW5C,feature_80060c4d658ea8a2
B0BXNQZW5C,feature_c3c42b062e658882
B0BXNQZW5C,feature_fd37d3ebb9665510
B0BXT9PKCD,feature_1b6dd95b507f2997
B0BXT9PKCD,feature_254519598fdc1add
B0BXT9PKCD,feature_3c435d377c7e4be6
B0BXT9PKCD,feature_5d201d76935e2d81
B0BXT9PKCD,feature_904d0376eec537c1
B0BXXD1FZ4,feature_285ab0ada7a24704
B0BXXD1FZ4,feature_b940b39b92bc6c3f
B0BXXD1FZ4,feature_c547635471fcae47
B0BXXD1FZ4,feature_cff79432470866fb
B0BXXD1FZ4,feature_db93db417a4c2cc3
B0BY3TFXWB,feature_178839d824c20117
B0BY3TFXWB,feature_1a70ecd60d86fbfb
B0BY3TFXWB,feature_1ef9ff49179f6fa6
B0BY3TFXWB,feature_4c06c02175c962cf
B0BY3TFXWB,feature_b4d6e63d7e6702c1
B0BY6BT7PH,feature_020d05c94e2534c9
B0BY6BT7PH,feature_3acb858e13ec19bb
B0BY6BT7PH,feature_59a37fd93041b0c9
B0BY6BT7PH,feature_d38963b53191d14d
B0BY6BT7PH,feature_efbf866da5b20915
B0BYB7XYL1,feature_881f62ed459ca28f
B0BYB7XYL1,feature_b1046067ed82f10c
B0BYB7XYL1,feature_c1bcc0b0893b8a0e
B0BYB7XYL1,feature_ed35db0c38ada4c6
B0BYB7XYL1,feature_fe3133a591700a18
B0BYBJWZWZ,feature_13e416488a7581f0
B0BYBJWZWZ,feature_2a9909b74baae1cc
B0BYBJWZWZ,feature_40b4e74f19765183
B0BYBJWZWZ,feature_709067a25b2f6ef1
B0BYBJWZWZ,feature_9e4d992a9f31f4e8
B0BYDRR4ZR,feature_02c092986a3da37d
B0BYDRR4ZR,feature_0ab019d78ad29d7b
B0BYDRR4ZR,feature_113ed8821733ba54
B0BYDRR4ZR,feature_4263c58a470c909f
B0BYDRR4ZR,feature_7ebf7b8a3715b303
B0BYDRR4ZR,feature_8d3089b8aa438db8
B0BYDRR4ZR,feature_8f5ea60e4ec94348
B0BYDRR4ZR,feature_948e704c7671c47f
B0BYDRR4ZR,feature_c999fc3b2f13be56
B0BYRMZ2H7,feature_122a5c65b41c924d
B0BYRMZ2H7,feature_56389ac354a87962
B0BYRMZ2H7,feature_84455163274c0376
B0BYRMZ2H7,feature_9d383323cf966725
B0BYRMZ2H7,feature_cb0c277f2dadcd7f
B0BYX8SX6S,feature_14faae95cd3ea5ce
B0BYX8SX6S,feature_2673a857093672a7
B0BYX8SX6S,feature_87a61ba82e61274b
B0BYX8SX6S,feature_f5fb85908e250e1b
B0BZGLDGM9,feature_17ba0319035a36ac
B0BZGLDGM9,feature_2cb4a60aac87deaf
B0BZGLDGM9,feature_3028f2fedb9691ee
B0BZGLDGM9,feature_68014b850f270edf
B0BZGLDGM9,feature_e5c2f0b4ef030a6e
B0BZGLDGM9,feature_f09196ca361ced0a
B0BZRQP3V6,feature_526015680715fc6e
B0BZRQP3V6,feature_8db9497e9bc5c429
B0BZRQP3V6,feature_a58d8c82063e4128
B0BZRQP3V6,feature_bab6ba4aafa80c33
B0BZRQP3V6,feature_d6b4e00602a312ae
B0BZRQP3V6,feature_e0b66ae2a83cad45
B0C11XZMGR,feature_16eddacffdf0c8ad
B0C11XZMGR,feature_226abb191efc64c9
B0C11XZMGR,feature_319281a5dc6355d6
B0C11XZMGR,feature_3772a2bf4168e15f
B0C11XZMGR,feature_466bdb1f3927d6f2
B0C11XZMGR,feature_66cb9a400f4e1a27
B0C11XZMGR,feature_857af96a26edddbd
B0C11XZMGR,feature_960b00c1a8e46e76
B0C11XZMGR,feature_b5bf719e714b0115
B0C11XZMGR,feature_ffeaa5e6da53f8c1
B0C15M7T9R,feature_2a716bb3ef2390df
B0C15M7T9R,feature_2dd2118c36e7bdce
B0C15M7T9R,feature_5c721f8a5f7cab2b
B0C15M7T9R,feature_6148e9b3a70ab239
B0C15M7T9R,feature_a0084d5039c4a755
B0C15M7T9R,feature_eada28565030f2a6
B0C1T6Y8YM,feature_112d64d2cac4f207
B0C1T6Y8YM,feature_3b0341825c2adf41
B0C1T6Y8YM,feature_6a2712ee5034167e
B0C1T6Y8YM,feature_740cd194dc2cfcd1
B0C1T6Y8YM,feature_93b8b8245904e437
B0C1T6Y8YM,feature_ca114d8b172dab6d
B0C3GHPQ6R,feature_19687fa0e11ef970
B0C3GHPQ6R,feature_2aba2d7ad257f975
B0C3GHPQ6R,feature_2e990f88f8f890b8
B0C3GHPQ6R,feature_30cbd05dd3aeee2b
B0C3GHPQ6R,feature_b6bff5937d6bee68
B0C3LVTX2V,feature_0775faa89f848ca3
B0C3LVTX2V,feature_1da8104d9eae693a
B0C3LVTX2V,feature_441c765d75ad0ab1
B0C3LVTX2V,feature_6a6ae45d965c7409
B0C3LVTX2V,feature_8933086e4c43ebab
B0C3LVTX2V,feature_c68399c991373c5e
B0C3LVTX2V,feature_cb329146a0dd0d56
B0C3LVTX2V,feature_df7ae0b9da10dafb
B0C4LR3NZT,feature_5151f659553dd76b
B0C52PWCV2,feature_20526de261ef3124
B0C52PWCV2,feature_5224186b00d1fb7f
B0C52PWCV2,feature_7139cb244630fae9
B0C52PWCV2,feature_78b6ce03b2b29da4
B0C52PWCV2,feature_b5778c1db7928cff
B0C52PWCV2,feature_c36bdffa7b89c2c2
B0C58XKGCS,feature_1fbc825146b54079
B0C58XKGCS,feature_2926c500413d76e4
B0C58XKGCS,feature_4d8da71ae802e52a
B0C58XKGCS,feature_8db304a8afb384bd
B0C58XKGCS,feature_bfa7599290dbe996
B0C5QT6HJC,feature_1afbef42b698f245
B0C5QT6HJC,feature_24e6e812f5f7eced
B0C5QT6HJC,feature_350874cd91cb0733
B0C5QT6HJC,feature_512f97e6516721e8
B0C5QT6HJC,feature_f1ec99c431c7ea2a
B0C5QT6HJC,feature_f34e4d961efa028f
B0C5V83YMB,feature_07646c958df549e3
B0C5V83YMB,feature_1706d647fc43639c
B0C5V83YMB,feature_2eb1748e7f0dae3b
B0C5V83YMB,feature_32fcf984f80cf15e
B0C5V83YMB,feature_4f8f3ae157a30b02
B0C5V83YMB,feature_89dddf16ddb4b3ac
B0C5V83YMB,feature_99acab57fd3bd65e
B0C5V83YMB,feature_9afbed699ba47e57
B0C5V83YMB,feature_b7ef4f775c1a9c80
B0C5V83YMB,feature_d408389fdca830f2
B0C619KBLQ,feature_da6d24a85005ffa0
B0C66529KC,feature_06e1637b499dffbb
B0C66529KC,feature_0f5d67fd63c569ff
B0C66529KC,feature_3534b3cc22c85386
B0C66529KC,feature_85fa9c2acad19cb6
B0C66529KC,feature_8bd6219a1f5ece25
B0C66529KC,feature_aff8484e371f2e76
