product_id,store_id
0005946468,store_3633ff8b4eec439d
0977217213,store_197402b4c31fe608
097920500X,store_6cf03bebe96ca631
1610182464,store_5477449dcaa90f4f
1625684320,store_938bdaf77ccd8a37
1741666929,store_ed8682350b01c7c1
1891129716,store_4a2202e0bf10ff69
7458592737,store_4138307ea88dc338
8674394329,store_3914917ba1dddf1c
979077530X,store_5aa86e0581a05566
B000052WYR,store_dcf69d84b7765c92
B0000530M9,store_320ba8cb0dead8b1
B0000537I2,store_520fbb3c1873361f
B00005AUIC,store_5b8d4744de6eb1a8
B00006AG6Z,store_78de6c69b77837bd
B00006JUK6,store_814e41cd598f0b9c
B00009RB11,store_11a6162888a27f31
B0000ZLF18,store_9dc46bb578f2751c
B00011JN5G,store_52efd00631ae2752
B00013TBHE,store_a3404013c7544b09
B00013Z0EM,store_6cf4f4e8bd3f76a4
B000143M46,store_a01bb18627d8f8c3
B00014FBC2,store_44c405eb32df117c
B00017YG6G,store_c1a3dec25e62adf4
B0001DDK2G,store_9f69484bf3276153
B0001F3ULK,store_d5c3dff44a282a99
B0001HYJW2,store_85a5a03ad99fc76a
B0001HYKBC,store_85a5a03ad99fc76a
B0001UFEXW,store_5fcc63f3e04fc8fb
B00020BKCK,store_fcd12e1646b6cd63
B00020UR4C,store_1a0b6e53b8ad022c
B00025H5W4,store_b4da807ae91eef79
B00028EYWK,store_cf62322e5cd241dd
B00028NLKG,store_540f062a7d98efbb
B0002DHG48,store_aa5231352aee4556
B0002DNRUU,store_f625fad49d7b6303
B0002GFKYI,store_48da55b32da184f5
B0002J3FEW,store_3d5242d28629ba1b
B0002XHKM6,store_b81b1a5c114a8c50
B0004E9ILY,store_3d5e7f51f4d21741
B00064A816,store_4e03a774654dc40c
B00067ZIPO,store_d2498253a31cabff
B0006LNJWO,store_347ead6348e93650
B0006NXPMQ,store_d763fbf7e641f036
B0006ODSKY,store_2381945c8eba0d6d
B0006PRV1U,store_38639eea5c15bc5c
B0006ULJVI,store_55495d8414facb88
B00075MC2W,store_5bc1824930ffbbaf
B00076HMSA,store_622706aa461b68eb
B00078X2UU,store_5c9c7ac5de8d38f7
B00078ZROO,store_57c4fa8276b9979b
B0007CHJGY,store_4e03a774654dc40c
B0007PF8SW,store_ed3664a2a870ba91
B0007XQ2W0,store_9d497405093b9acc
B0007ZG2WI,store_cf6e6dc5478656a1
B0008F6QGO,store_cf37b928a372872c
B0008G1YUG,store_016f36c8df824129
B0009EILPI,store_4e03a774654dc40c
B0009MFUOU,store_85a5a03ad99fc76a
B0009QZYI8,store_73bb131039846e27
B0009TAC14,store_770d3043391bb90b
B0009VS7LE,store_3277d1158b8e7b67
B0009YWGYA,store_1388b778db94b5da
B000AADG10,store_d0941e68da8f3815
B000ABH7GE,store_92bf8d0c6468908a
B000AFILXS,store_b3a4f328cdf07054
B000AMG8E0,store_e90f283873857e96
B000AMRIIK,store_85a5a03ad99fc76a
B000ANM64A,store_6ea45aa136124f3a
B000AYXBHA,store_e849351cded0c153
B000AZ8KY8,store_c37424cc626cc035
B000B12EAM,store_5c5e9c9a547e04d7
B000B658RI,store_08ed943de7b65d96
B000B6DIOI,store_08ed943de7b65d96
B000B7SA9A,store_3517ce9d4236265e
B000B83E3Q,store_3517ce9d4236265e
B000BBPSFA,store_11a6162888a27f31
B000BC1RZY,store_63f02205f30fddf8
B000BF0WZC,store_3517ce9d4236265e
B000BTAWMG,store_fd54256d8b3b6ad8
B000C1VY52,store_fd54256d8b3b6ad8
B000CD3RD2,store_6daa07b178964beb
B000CD7YGS,store_7d130bbaa0f764a7
B000CEQZ9Y,store_ddc804f706a6154b
B000COKYTG,store_82641a91181bbf18
B000DN7BYC,store_b6f363fae94985a3
B000E1ER9A,store_da4dbffcb31d7ff9
B000E3FHJ2,store_44803e1c7000eb08
B000EFDKYE,store_080929594a5f573b
B000EH0EQ4,store_9a37db8d7ebb70f7
B000ETVRQ8,store_cd63b0c002068ffc
B000EVGPE0,store_c91b0d74dcd4e655
B000F0BXLK,store_b4e82d6b62c7aac8
B000FG8SW6,store_68c46a606457643e
B000FI4S1E,store_4963f4bdd72377dd
B000FL6HEC,store_b380dfeb5fd87cb2
B000FQ5NQ0,store_affc395481855ba2
B000FQMTNK,store_726480854c251dfe
B000FRUL8O,store_152fb71d17cbd337
B000FUKK3C,store_822f3cd281277abd
B000FZ003C,store_a1e0fb1b02f741c4
B000G1C2AO,store_78d0b9de508ed72e
B000G386MU,store_5a30c49c98feaf0b
B000G6XJ3S,store_c1fb95d9a5d5e298
B000G8LWZI,store_391b867b8c6d8fef
B000GAQS9G,store_33e6c917c695d29f
B000GCHTH4,store_5e9b60f69165f32f
B000GCKANY,store_6691ba3a87197a1e
B000GD031C,store_be371ff64cec3654
B000GGFZ6W,store_cdedbaf433217656
B000GHVM6I,store_b02dc1fc8f6d9499
B000GJ3EQW,store_57ad2faa97cb6d3d
B000GJ3EUS,store_57ad2faa97cb6d3d
B000GSQZCI,store_4a33901bb2a74353
B000H75DEE,store_a5d7e7b6bab2e72a
B000H7XZ7Q,store_8d571cac9c8eb78d
B000H8UH1C,store_82641a91181bbf18
B000HUNBXG,store_4078830bcc0d9a88
B000IINATM,store_877d731f30f2dfb2
B000IL7DMY,store_1c0231f6698adee7
B000J29GRW,store_52366423ea23a5f9
B000J5NZ6C,store_b965d39818f4f113
B000JIIOII,store_3fa6f2f4c8e60f2f
B000JR6WTM,store_7d130bbaa0f764a7
B000K1WG8I,store_afb41ebad012d3bc
B000KHIQ1I,store_d4958be9102bb8c5
B000KHTDM4,store_8d2c28015712d027
B000KMCSG2,store_85a5a03ad99fc76a
B000LQTPNG,store_a75fcfa936fd0280
B000LSZAPQ,store_cd7ca98eb2f91b9e
B000LT6I8I,store_7b97c8a2f46af977
B000LX0DJO,store_247041a89d3a0732
B000LZR5XE,store_409aee66c6ee57c9
B000MFAFYO,store_18c86bfeaef333eb
B000MGJTI6,store_a1e0fb1b02f741c4
B000MLS9C8,store_9cecd7d4865afa77
B000MVVCBI,store_62d9104b9df3da10
B000N0OSAK,store_64bc2878690453bd
B000N9IQLS,store_3b10fad702368dd4
B000NISIP8,store_00b8b809f278fe5b
B000NJ7T8Y,store_7720386f00e00a78
B000NLDRTC,store_4a260e92f9660f47
B000NMF45G,store_dfe2db74975e0aa9
B000NMMRMO,store_37edb4a38c30958b
B000NQ0F3S,store_e3a7fce121d19f4b
B000NTDOAQ,store_4d1cd47534bca39f
B000NVNOQI,store_1512f7caa4203fdf
B000NVWFB8,store_cd285eb908948628
B000NWD020,store_4138307ea88dc338
B000NYZE40,store_eb3591cac1239f32
B000NZXMUW,store_0314f356b7b3af93
B000O9SA2C,store_feb9657aa1b2530f
B000OD26SW,store_9ed4eefbdfd0c3f9
B000OGI2ZU,store_051a3331d3a3b847
B000OIDASC,store_0e7ae82af2f452f3
B000OQFVLS,store_bb95f1a0eee9a67f
B000ORUQF8,store_6f73cc1352c5a7e8
B000OT3SKQ,store_e79301302f207b16
B000OYNCUM,store_44c405eb32df117c
B000OZWP8G,store_3439d3e64bea481b
B000P4YH4G,store_d348aa625c24c230
B000PKS7AU,store_cef62b4ef5c35cb0
B000PNXUAY,store_71d90737a844128e
B000PY8B98,store_19a1571d8303d75f
B000Q69R98,store_79149a1dc5c2b00b
B000QB8VO0,store_20ab2c3610f40a4a
B000QU6R9C,store_a31c1738cafba384
B000R3K5CS,store_62d9104b9df3da10
B000RFDQB8,store_79149a1dc5c2b00b
B000RLVZ8I,store_7375474d6f5a313d
B000RWJ4LM,store_fb5e85ed834cf1f4
B000SOLOOY,store_a2b3a236cf8db75d
B000SQMBCG,store_22c039e8bc7856a8
B000SSQGXE,store_c0b3655864e01e07
B000TFLB36,store_822f3cd281277abd
B000TFW8WE,store_89b77aa2a0634233
B000TN9QPI,store_dfa0da1116d7c24b
B000TTNEZA,store_3277d1158b8e7b67
B000TVPOGK,store_fcdcb5622cd70b08
B000UEW2AC,store_27b10df210592b76
B000UI9HHO,store_c67f1ee17880030c
B000UK4Y5M,store_85a5a03ad99fc76a
B000UKOS6M,store_72981a5d6bad29cf
B000ULKS10,store_0e76292794888d4f
B000UOF16Y,store_555e0d82ecb4e707
B000UPUNZM,store_82641a91181bbf18
B000US5Q8I,store_ce7ef9691cdd52b2
B000UTMN06,store_aef81664d730e45a
B000UYWDS8,store_c40345ff48a24acc
B000V5F2NO,store_8fb28aefe4fd0a56
B000V5KL7G,store_c371918a99388742
B000V9FQWM,store_3bf27008b7c9201d
B000VCCM58,store_0ccce5255c861b48
B000VDAF9W,store_2035c5689885adbf
B000VMGAD8,store_a40790b29c4c0229
B000VV2CH2,store_595b364810b9df3f
B000W0C07Y,store_9e569fb9103389d2
B000WGRRRQ,store_a2e51b1f2c38b68c
B000WN45ZG,store_302ad8629704b235
B000WS51FE,store_a2f5bce92cb53a77
B000WZNZAA,store_fc4f350802f823b8
B000WZQ7D2,store_2160aefe7b0d63ee
B000XEVMQ4,store_1189b451b54f2173
B000XSDC7C,store_3aeaae4cff245e5d
B000XY8OVA,store_c3d0bed30f4aaee0
B000XZK7DC,store_6a84d85c6f9a97f0
B000Y3SIXE,store_dc0940a8d4505376
B000YB3UDY,store_38824432648d12f2
B000YD9MKM,store_7a86dfdb2dc2ab1a
B000YHNYSO,store_4d943504f37d0e70
B000ZJUEGQ,store_a4bc116c39d8aeaf
B000ZLYMLM,store_2b6d087d8925f6c3
B000ZPU5N2,store_a40790b29c4c0229
B00102JGFC,store_13fbd79c3d390e5d
B0010DMNFQ,store_922fe0ebae6bc3bc
B00116W1NG,store_a40790b29c4c0229
B0011DN60Q,store_d8166c2f182189c1
B0011TP6W6,store_fa028f74f87a1260
B0011UWUUQ,store_7898a82de474e06e
B00124SH1W,store_75dce5e2daf9d6b3
B001281404,store_dafe1dce49360766
B0012CFBXG,store_a626652214383c43
B0012KGZFQ,store_0081b2e0883f204e
B0012OR2NG,store_d3cc56e45db9a5f0
B0012TTP7M,store_2160aefe7b0d63ee
B0012TVBCE,store_85a5a03ad99fc76a
B0012VV9LU,store_6661c8068b9b5c62
B0012WZSA2,store_49fc6fb872f88785
B0013MXV6O,store_f504cc7421ff1197
B001456964,store_82d7ff20633007c6
B0014EWHKM,store_79830313f68a33ff
B0014Z844E,store_9b859e8802c15d51
B00157BTMU,store_809be9d1500e60db
B0015ACFG6,store_4f8ef089b64b5690
B0015R1W2M,store_2b6d087d8925f6c3
B0015TB89C,store_1ef53471f44fcaa9
B0015TDCDW,store_fe47dc261b510dc5
B0015TEOFM,store_dd9585027b2e979a
B0015TEQT6,store_dd9585027b2e979a
B0015TGYDW,store_2dcf534e51693eb9
B0015THZ3K,store_62d552f9e209a5ed
B00166CXCA,store_b57ff3f4345a7e40
B0016A7RX6,store_53190bb8b15c1b55
B0016P7GEQ,store_0580b385cf764928
B0016Q733Y,store_56dab141d279ccaf
B00172Q590,store_fbdd566eefbd9b66
B00176GTAG,store_c8c11683b7632acb
B0017JV5T8,store_0ba11f0dd29d704b
B0017LUY98,store_be31ec69669dcaa3
B0017MTBUA,store_520fbb3c1873361f
B0017ONHG2,store_fb8cb679d43e409a
B0017WUID4,store_3a04a112fac6dfbc
B001820AR2,store_4ebbdc0a6d0ef0b4
B0018BYKQ0,store_85908a8206686d3b
B0018EBA24,store_39c0c1e7f22c7836
B0018JW4ZQ,store_d793712da5448361
B0018MZAN6,store_2d125548f44979f5
B0018NPP80,store_1694854cc973cb6d
B0018NTNN8,store_698f6fef0138d95a
B0018X07D8,store_b840bf086174d611
B0018Y3MA2,store_d9e99dd81f34b51b
B00192MVIM,store_26a02e27936419dc
B00192OGZS,store_d7a9593a8e8a3b5a
B0019CK0IK,store_3bf27008b7c9201d
B0019QE22G,store_39c0c1e7f22c7836
B0019QHPYS,store_7de69c952ab77216
B0019R1FQG,store_5c5e9c9a547e04d7
B0019U9O8O,store_e4c90ab22592880d
B001A5S9S4,store_2131237fc1770347
B001AESBOC,store_7de69c952ab77216
B001AKQC0Q,store_73fc1b2bc159000d
B001ANMY5A,store_f56a5f83f9de771d
B001ANMY6Y,store_f56a5f83f9de771d
B001ANMZT0,store_59fe2f7ea87b411f
B001ANN2M4,store_a2b3a236cf8db75d
B001AQRSAS,store_b9d3b8e9c33a0190
B001AXI15C,store_a40790b29c4c0229
B001AYQRNY,store_d793712da5448361
B001AYYWY0,store_22c039e8bc7856a8
B001B68ZHW,store_d207ed8510de9cf0
B001BVNSV0,store_6ec5ed59f128bb21
B001CAYPCQ,store_67a4c84cb8378800
B001CDGVWA,store_4734eacd5c2a7bf5
B001CL4O9E,store_8004a28c377026f3
B001CSIELG,store_2e261dc5454a7553
B001D1PSH0,store_9e802d4b26edcb47
B001DB6AWM,store_57c58610fc7ba756
B001DZ5P06,store_c825a46b47747d12
B001DZVELU,store_7b8f45fd710f0a3c
B001E0YB50,store_0f281e9e722525bb
B001E0ZMF8,store_be205f1ccde53379
B001E6OCC6,store_a4b923172b4e6809
B001E96O2E,store_cb6fb2102acaa520
B001ECQ34U,store_b66a6236a670005f
B001ET69YW,store_22c039e8bc7856a8
B001ET77WK,store_44c405eb32df117c
B001F41IXI,store_13ac637516353d08
B001F5X9KM,store_72981a5d6bad29cf
B001F9FTIS,store_2e261dc5454a7553
B001FORJTA,store_19a1571d8303d75f
B001FQMAIS,store_aa3159afc1d353ec
B001FSK8W6,store_7c477864d2611d1b
B001FWXTMI,store_2b6d087d8925f6c3
B001FXBIXE,store_ea652e1e1b6738c6
B001G15BE2,store_dfff1659bd3ca9dd
B001G74D22,store_04f783093674999b
B001G7PMRW,store_5c5e9c9a547e04d7
B001G7Q1HM,store_2b6d087d8925f6c3
B001GKMZUQ,store_f1978cc016183466
B001HC54SS,store_fe7bf65f4ba11413
B001I8BGQA,store_6f4c5ac56d23205e
B001IN9B2Q,store_d793712da5448361
B001IYQBGE,store_6e96433d2f2443b0
B001JA1CSE,store_be3d26b496238dd6
B001JE325G,store_71c654df80f8e044
B001JJBE2E,store_bc32c6fe0275b333
B001JKYW2C,store_ba6c108390d1ca8e
B001JY5SCQ,store_fdfdb2cd979b7b8f
B001K80AYM,store_dd3027b0b171b836
B001KMC46A,store_64760d0fd730d0f0
B001KYU582,store_018725cf6de803e3
B001L1503Y,store_79830313f68a33ff
B001LD3CAU,store_e57a7888e5fdc1ee
B001LGDG44,store_d793712da5448361
B001LNODSA,store_a1e0fb1b02f741c4
B001MA411G,store_cf00227dd6225bd7
B001MP477Y,store_faccefbfd9ff2f60
B001MP47WE,store_e7795acc26814fc9
B001MU6G5U,store_67b895a9d24153c2
B001N0QMF8,store_ad1432bbd45eae4c
B001NI4OXW,store_236b5d9de6883e79
B001NOSH7U,store_279dd6e7da63f0aa
B001NYRTQU,store_9042644d2ef860c3
B001O3U7LE,store_14dd37b6d88de124
B001OI5XV8,store_7d3edb55745d2d89
B001OI5XY0,store_7d3edb55745d2d89
B001OIXOZU,store_9c53b50a04563166
B001PO6NYM,store_564a3a76b5603f80
B001QTR63I,store_5c6c8ee602c3ca1a
B001QYOX98,store_1f595cb9b814a97a
B001RHBJRS,store_015247bca78be480
B001RMTCSQ,store_014acd86715cd167
B001RVDIP0,store_cec11f954e07b597
B001RVDSW8,store_cec11f954e07b597
B001S888OI,store_d7a9593a8e8a3b5a
B001S9YE9A,store_5c60b56b1f443c9f
B001SAU6I2,store_c2886132010de68f
B001SIPE8Q,store_c70b5ea96e4eb7ed
B001T8FKHU,store_a6e072b2529b7c72
B001TAFANM,store_7a402d4b2eb211fa
B001TM4TZU,store_ac655cba8b378fb6
B001TNODMS,store_9d2208aa4f62ed18
B001U2KUUM,store_0f281e9e722525bb
B001U788HO,store_ef22ebffe98a936d
B001UG8BTK,store_ad550f00b3c4fae7
B001UOKV9U,store_c73204f78dc3c47c
B001V6SN5G,store_8e1d07616da9fee9
B001V9JYOW,store_d66b7231009ddf48
B001V9QW0G,store_50d8b4a941c26b89
B001VEERLM,store_c2546535d55d0bb1
B001VGG5UG,store_de0b709afc5341d4
B001W2P11S,store_94c6b99279a15079
B001WULW22,store_a77503f8ce054743
B001ZBC7UY,store_745d14a6451adc01
B001ZGRZGK,store_5ce914d71765aeb7
B0020MM89W,store_698f6fef0138d95a
B00246EHKW,store_46a808cfd5beafa5
B0025OXWSQ,store_d7a9593a8e8a3b5a
B0025V9120,store_f0c4ca4c0e96da32
B002616RIK,store_80a22866a446c42e
B00263NCCW,store_aaadbfd56ba2d276
B00263XQ0U,store_aaadbfd56ba2d276
B0026P40QC,store_83c66fb4ee98edde
B0026PZMFK,store_c99e482766f79164
B00275N8BY,store_f62903e86c7e453e
B00275QRTO,store_8444172d8ccad8c0
B0027A8MZQ,store_daf3ef29366afaf6
B00286WV1U,store_a0e269fa733fb737
B0029D48OU,store_be3c493ead7e1a08
B0029F2HPU,store_d12d8113a3387936
B0029MU020,store_3517ce9d4236265e
B002BJ7P5Q,store_ec31e96bed8684ee
B002C67HXS,store_122e7b684b7d31bc
B002C6DN6I,store_122e7b684b7d31bc
B002C6G7O8,store_48fe306877a4c0e9
B002C6I98A,store_b4d0771bee8facc5
B002CJI2BG,store_0286558a9fedf268
B002CT9D3C,store_c1c760da16716163
B002CVTVV4,store_85a5a03ad99fc76a
B002CVTVVO,store_85a5a03ad99fc76a
B002E60AMQ,store_a72d06f8147a3607
B002EA1W42,store_f884761b749ebcdf
B002EDCRLQ,store_68c46a606457643e
B002EHQ3D0,store_152fb71d17cbd337
B002EIZJDY,store_581eebaa6ec15009
B002ESSD82,store_737e9da201e90c84
B002EV3JBU,store_f8ae396d0c64ef09
B002F3MK1W,store_4fbe6f47bd73c354
B002FCOSIQ,store_8c32fd2815a53d3e
B002GHZD70,store_8cba4423f6739df8
B002GIBVL6,store_74cda2f5c85f8871
B002GZU38G,store_698f6fef0138d95a
B002H64UFG,store_7de69c952ab77216
B002HJPSJ0,store_f5d4815ad5133945
B002HMIMW2,store_2b6d087d8925f6c3
B002HZWFPY,store_6e23d2b0d1efc6d7
B002I9TZ0M,store_644fd92c4c7a018d
B002IAG1TY,store_ec98ba440d7e5506
B002JJT0DI,store_e2d9832b3cefa975
B002KF1RRS,store_269d63ff909b9f91
B002LHPKKK,store_f7ea326ac4906458
B002LMUUPU,store_9ef13bfecd274480
B002M41W9U,store_c712746157ad68a6
B002ML45EW,store_88bc9bba054bb388
B002N5VROI,store_c0445a8d42fb5696
B002NFVHB6,store_958f57f57d72a30f
B002NT0IMQ,store_dffd8c818b0df8b7
B002OFR8XG,store_01211fffb69621e1
B002OMGNLC,store_8382d1f96aac9e03
B002OQCYZ2,store_3ee41429dad9666f
B002QYRFE2,store_f7ea326ac4906458
B002R2TLIQ,store_68eb6744248467a4
B002RC184Q,store_b5281b80e5213ac4
B002RNQ8F4,store_c01012506d657c79
B002RPHB0S,store_fb243e31fba1c143
B002RS2A2E,store_3ee41429dad9666f
B002SB6ATO,store_297c76bc42c9428f
B002SQ0KD6,store_9bf2e52cd6d3252a
B002SVWFUM,store_ab8c6399a7acb111
B002T5NMGS,store_933fb5e980fc6c65
B002T8BP7I,store_4df689e3ab26620d
B002TSVE6K,store_50dacba05a1f787c
B002TT1AJA,store_50dacba05a1f787c
B002TTBT2S,store_1ba4f046c6fbc90b
B002UG5EZS,store_152fb71d17cbd337
B002UNGCD4,store_38af54e481cb2681
B002UNGG26,store_1b4b507aa2cd1f17
B002VZEI82,store_fef5cdff4098deda
B002W701Z8,store_b3888546b84bf53f
B002WH5NWE,store_6e5efa6e20e11d52
B002XF4OBQ,store_d793712da5448361
B002XFAHJ4,store_761e40302a6cd6c5
B002YDNT90,store_aae7cb2768340090
B002YPLR7O,store_8ffe7871dc4db0fa
B002YVLE9O,store_5afbfcbd94cde4be
B002Z7FTZ2,store_6cba0a71ab515681
B002Z7KSAS,store_1df3c2b0b801c745
B002ZF4SLA,store_943962211a527cd1
B002ZGQ998,store_abc98b621f2c1835
B002ZP7S12,store_037a9cc423b3cbb2
B002ZUO8HE,store_01b095f56c0e5ce3
B00308W4YY,store_ae07ec57d5159120
B0030HJ6FA,store_add3b5f637dbae26
B00310X8V4,store_77847588a621ad04
B00316PIEI,store_ee22b5343d42aa3d
B0031EUAK2,store_b3a4f328cdf07054
B0031KI7XI,store_9b328b3e56366be1
B00326GR9W,store_4eb29fb5f3c45bfb
B0032GCR4Q,store_02635eee7553fcd3
B003326Y34,store_864b6b5c54de11ac
B00355EOW2,store_0081b2e0883f204e
B00355HFQE,store_0081b2e0883f204e
B0035B8ALM,store_73bb131039846e27
B0035HQ0JU,store_08775ba7f571c08c
B0035KR5K0,store_c28a82d84455926c
B00374EB10,store_c5c8066d458ef32d
B00375W3R8,store_2f6a66030409a52c
B003771T8U,store_2e5e2914f5caeef5
B003814C1Q,store_73bb131039846e27
B00384A3NY,store_74c35e15b487a2d9
B0038A5NBA,store_967d27fb024c9b08
B0038BGTFS,store_b5a410c7ee611862
B0038EVU9K,store_add3b5f637dbae26
B0038M9CMY,store_27560d5685e017ba
B00393LKK4,store_4aedc0cc131a91f0
B0039IFLMC,store_b3716583e1970943
B0039LPQCO,store_fb237b9f30bd4bb4
B0039LRCWG,store_fb237b9f30bd4bb4
B003AK3CBG,store_269d63ff909b9f91
B003AQH590,store_28574d86a88d4fc4
B003AT6NTU,store_f8ae396d0c64ef09
B003BJ2NXY,store_e71ea0d3363773b5
B003C00M2G,store_2f6a66030409a52c
B003C0R9MM,store_ac2674a01261601f
B003C4Y34K,store_e1db1d0fd65017e8
B003CIYY5E,store_b0417747a7917d62
B003D02SOA,store_8d3a3df92192aced
B003D1LAC0,store_f55f7eda13c34444
B003D1UTRC,store_40681755e810e880
B003D8ZF7E,store_6cd36b56656edd8a
B003DPYGXG,store_15e377e22691ea6f
B003DWFIQ8,store_a0caba95065dc420
B003E84MGS,store_62788acbf1b6e127
B003FBODB8,store_28bd29c0fba245a2
B003G9HABY,store_7060541bca2f1e4c
B003GLS96M,store_c9715636b0a3aaaa
B003H1T9T2,store_0df498c232623d3e
B003H70YMM,store_32460a882589843c
B003HH0CWO,store_6703b8afd8039344
B003HOU416,store_e43d6fa9081243a0
B003I6VOVW,store_22c039e8bc7856a8
B003I9BDD8,store_238ad3dac49541c8
B003I9BNCE,store_bcf0565b38bd8a39
B003I9C1P2,store_c8181621440d29e3
B003IN74HI,store_d6abe290addc0301
B003J40EAU,store_43f0d8d11c02e8ad
B003J44E74,store_43f0d8d11c02e8ad
B003JN2HA6,store_149fe1a491f7b877
B003JN6AUO,store_564a3a76b5603f80
B003KPEF4Y,store_fa6ed2b9b6ba758c
B003L7PF2C,store_1a85acd01fe5cdd3
B003LR08Y2,store_8cabc686a1fbaeab
B003M1GFL2,store_e0392be2749ba21c
B003N10ZR6,store_2f0968dac62f99c3
B003NQQLMY,store_7f55be512cb59808
B003NZKXYM,store_d793712da5448361
B003O9RM9Q,store_01fc329e7ca3bce0
B003PP0CPU,store_f6d660b3bf818a72
B003QTR4Q0,store_bd95a1f20010f8cd
B003RXY882,store_f7550877e7fb39ac
B003S5LCGU,store_f2aa1187d7a02415
B003TJCBRO,store_971f5fcee7780a39
B003TL66EQ,store_81bf0145c8f2cc44
B003TN3A6Q,store_d5e625b21962371d
B003TVKNUO,store_5be94acb5e31aefb
B003UF2X8E,store_85a5a03ad99fc76a
B003USID1C,store_11df2961be41aa6d
B003V1RC6A,store_18c86bfeaef333eb
B003V5B86Q,store_e4023c7acac06a89
B003VC6V7K,store_2ac4b72b68fd2059
B003VLFV40,store_ad29f9686c82e74a
B003X085RO,store_493b26e86c921889
B003X5P4UU,store_b62b44f3e7b5abdb
B003XDZ6F0,store_83c66fb4ee98edde
B003XF7426,store_564a3a76b5603f80
B003XJB7S4,store_fe92a2f52be33f4a
B003XKGPQM,store_22c039e8bc7856a8
B003YKWXM6,store_cec11f954e07b597
B003YM9T2Q,store_a58020cde970f26f
B003ZWB5KY,store_c260181f4c407bfe
B003ZZBL2I,store_09b4c53ee0346223
B0040H39UC,store_9bc58f42580cab29
B0040ZKYJI,store_dc52ccddbe82af48
B0041MJMGQ,store_04f783093674999b
B0041QP2H0,store_38fbd39ba849334a
B0041REXOC,store_8a6433b0f0319578
B0041RN7QW,store_a6e16047b81917c0
B0042344RG,store_f81d5a9344869f20
B0042JALKE,store_dffd8c818b0df8b7
B0042R25KU,store_bb2a52116ef16c81
B0043MMUEK,store_e43d6fa9081243a0
B0043MYVYC,store_2f6a66030409a52c
B0043R1G68,store_a93de97cd5833994
B0043XZXJI,store_dac4254f1da4a54d
B00443T55U,store_0e574314258883f4
B0044WM6LG,store_2ac0687d213d79cb
B00454H028,store_cbdbe737340cde12
B00454W6XG,store_d7a9593a8e8a3b5a
B0045509YI,store_62d9104b9df3da10
B0045DC75Y,store_d793712da5448361
B0045P4TAI,store_9cdfa57929ac27b0
B0046VJK96,store_555e0d82ecb4e707
B0047KY1BI,store_848147f3b93c4b52
B0047L9RNY,store_848147f3b93c4b52
B0047Q0UP8,store_072d8630432777a5
B0047QJEUK,store_927cd82d735101e3
B0048BPWF0,store_cda702d29c65c787
B0049I09H8,store_e2a8bbda57fb8726
B0049VN7O2,store_89f53c408c8bd119
B004AN920W,store_9b08de512ef536da
B004BD4PNU,store_c0b3655864e01e07
B004BISQ80,store_58e195cf43e14748
B004BS09WG,store_b6d9db0e9b1d7aa5
B004C6ZOC2,store_add3b5f637dbae26
B004C7SQL2,store_9a37db8d7ebb70f7
B004CEK8NE,store_9cf46a3461383c7d
B004CGBN0Y,store_0b6cf83dd94b176b
B004CNMAYU,store_e1bdb68375cd08ee
B004CNMEKK,store_32460a882589843c
B004DBS8KQ,store_45f26c57cf1da1db
B004DJ0SP6,store_a0d23b2edc15a79e
B004DPJJAK,store_42896d5bc9d6f559
B004F82GN2,store_24f193cbf461e0f4
B004FQPX34,store_be3c493ead7e1a08
B004GHIEZQ,store_0b0e5f7903c720c5
B004GIJ9RM,store_72981a5d6bad29cf
B004GNV6QO,store_934556b599543999
B004GTP8JE,store_13178afcd4810da5
B004GULESW,store_0c26fa8ff614098d
B004HCH186,store_1cb970812cb29b59
B004HXGN3O,store_74446b9b5e808f88
B004HYYQLY,store_f97146244af68c08
B004IF69F8,store_9ed4eefbdfd0c3f9
B004IM8V3Y,store_baac4ea186f11209
B004JBTQBK,store_6933a1d6fb7872cc
B004JJYSEW,store_86e44d671ce841de
B004K4LC9K,store_24dacb0d6b872f84
B004K4RHQC,store_7d1392e197e40999
B004KEKFC0,store_f614819be614f6e1
B004KEMHNK,store_f9708a4e01a5004a
B004KEML2M,store_48355ff52f31750f
B004KEOHY2,store_72981a5d6bad29cf
B004KEQPKQ,store_06967d8e4a36243a
B004KG6RW0,store_2357b5f6f933898e
B004KH7ZE8,store_9dd5b2c9b88d782b
B004KS1D1I,store_6cb8f6f2ed6366a0
B004KS6D9K,store_c73204f78dc3c47c
B004KTL0VA,store_62788acbf1b6e127
B004L152NE,store_18a50571f5225a24
B004L3ODFA,store_bdfa470bfcc36fde
B004LJPDMQ,store_abf981c3678a48ab
B004LPG0EK,store_7e871779d063ff7a
B004LTUQCS,store_b63c15a0c13c1139
B004LXVRB8,store_524bb46bb4436d34
B004MN67WQ,store_af731a011b3e21a5
B004MSZM7M,store_36b15a1d240416d2
B004MZJ44W,store_f78b2603148b3d3d
B004MZQ5GM,store_f78b2603148b3d3d
B004NMXAVC,store_39e32e35c7a77f7b
B004NSJTOS,store_3dce6ea93bdcee63
B004Q0QCLQ,store_7e94dba8d1cd9b44
B004Q712XM,store_3623e15fa2078ce3
B004QDX1W6,store_60895c58c6fd8f64
B004QJJANY,store_555e0d82ecb4e707
B004QJO4ZS,store_555e0d82ecb4e707
B004QR8UMI,store_af801b6fcde4857c
B004QTYB3I,store_a16703c9628d2c85
B004R7N8JW,store_40c3cadfb2fb95cf
B004RPYWPS,store_c23895d77276ebda
B004SBH88Y,store_081e779debd3aa4b
B004SBJBNO,store_081e779debd3aa4b
B004SKTM4I,store_9c656d1da72390d5
B004SM4A48,store_7f37c5a229790e3e
B004SP3QKO,store_18c8709a7c58eefc
B004T4LCWS,store_514793e52072cd2c
B004T4O81U,store_514793e52072cd2c
B004T4P3Z0,store_6c5ca1d8d4b9c4f9
B004T4XJGK,store_514793e52072cd2c
B004T9ER1G,store_5bdb506287c99b6d
B004TB3UAS,store_1e3fd2455e5e5eb8
B004TB6HVM,store_514793e52072cd2c
B004TBEA84,store_514793e52072cd2c
B004TBMUU4,store_6c5ca1d8d4b9c4f9
B004TGQAWS,store_64ee1abc63da90a8
B004TS9ZXW,store_b57a5eb9dedc7617
B004UMG7MY,store_b98113ed07d88540
B004UNF4A4,store_56c3e9bf26c90251
B004VRLBMY,store_495b4e019a492f0d
B004VTVT2Y,store_74446b9b5e808f88
B004X8HUKI,store_ad113811481d4b58
B004X8IGD8,store_02653232e6c04649
B004X8MT3G,store_f88262ca6466b34f
B004XICGAM,store_26d5b2f3e334366d
B004XJ4H26,store_26d5b2f3e334366d
B004XO09YQ,store_03d64c0178e6a764
B004Y00WIC,store_e14d71153605f123
B004Y8D82G,store_152f230ef64ef47b
B004YES3FC,store_e27e1917c0c12e68
B004YVDLLQ,store_4963f4bdd72377dd
B004Z2LJQS,store_5536cde8c1c10a03
B004Z2T88E,store_f697e0530317509c
B004Z2TUXM,store_44827c2a36695052
B004Z7RMNW,store_294ecdc998b67768
B004ZVXZE8,store_c8fb1a598449bcee
B004ZWH3XG,store_1ceed3d7b8cb85e9
B005150RUC,store_bc32c6fe0275b333
B0051GVVDS,store_75f1060cd79e2ce7
B00528G05Y,store_0e78c034a5f4ef1b
B005292YXA,store_e43d6fa9081243a0
B0052ADLQI,store_7dfb7b85cb2ab245
B0052E3CPE,store_3709f49105f14e56
B0052EOS70,store_c6e5ac1455ab453d
B0052KBW28,store_650bf03b93686b25
B0052SL5O0,store_75583e760c013fb7
B0054Y532M,store_98ab0e2a8cf4a7c9
B0054YASE0,store_4fa1015e99964f7e
B00567PA2U,store_58a7a5322b5d38ba
B0056C2G7M,store_b84c994d6cdbe084
B0056GQ6JW,store_b76134fb15748520
B0057AT33S,store_8ea7d4d0402484ec
B0058IJ2L2,store_844abf04d4d2d7cf
B0058NLLUM,store_ade4ec992bfec36b
B0058WE96Q,store_6d7fbbd4869e2a61
B005AL5BZS,store_c825a46b47747d12
B005BQYQLC,store_0808b81bf29cde3a
B005CRCDYM,store_6e8d619462620570
B005CZUQOS,store_08808065106e0f48
B005D7BTQY,store_e333a30486c7783d
B005DT7YP2,store_c3c958146e2640a3
B005E0QEGU,store_48297dad46e40c06
B005E7ANGK,store_f7c9f26c77ad0f66
B005E7ANJ2,store_f7c9f26c77ad0f66
B005EFSRJ2,store_3517c93500df7fc1
B005EH2Z1G,store_8ba968ab155db21e
B005ET2QA4,store_4138307ea88dc338
B005FFOL5U,store_51f836aa96db69b4
B005FMW434,store_6d94f95807012b1f
B005GKVDQY,store_01fc329e7ca3bce0
B005GR3L2Q,store_f2ac9b203f68b178
B005GS3JWW,store_5e3180816518b8c9
B005HBT3AU,store_5ea0ae0a2f11645f
B005HEX4RA,store_844abf04d4d2d7cf
B005HJBCLK,store_9c37c860965f2be9
B005IL1FGY,store_f1978cc016183466
B005IYZLWU,store_00b8b809f278fe5b
B005JCR69W,store_24db8d2e007c4db5
B005JZYZFM,store_f9d50ddaf22bfdc1
B005KBOTDI,store_a35c58c91de44710
B005L955LE,store_400ebbc9fce2b336
B005M4COC6,store_3b8f40f6d0c23fa0
B005MKPSM8,store_9bc14c4f44404135
B005MN8HQE,store_a40790b29c4c0229
B005MQNSL0,store_67f451fa69876c3c
B005MWNG8O,store_d41278ec72b4496d
B005N56DG2,store_e2c601c8809d44a8
B005N56E98,store_e2c601c8809d44a8
B005NIT0DC,store_ef264269c0cd034c
B005NITBXQ,store_271bb5bdc06aeb17
B005NJUD9G,store_0b06c52db46d3377
B005NOIPF0,store_57e9225dc35342e1
B005ODQQTW,store_18325ca5b4216485
B005PBULXA,store_4cf0d7dc0c43fa4d
B005PWE9PA,store_30746ea75b9b1738
B005SU2HSK,store_6e23d2b0d1efc6d7
B005TG6UHM,store_ede05c43f5632361
B005TP0PHO,store_0048cd10b4a24bee
B005TUB68G,store_78378b0bb58c3105
B005UHSBSQ,store_20de6ef71112a38a
B005V6BZWU,store_769558b18f5331bf
B005VJI7FK,store_ce0ed0813a652aad
B005WNYGWI,store_348e767041c11cc2
B005X5SHJS,store_3cce205695233edb
B005XDSJPC,store_fcb24bb1598d4779
B005XSZS92,store_33f2e616af2b5e84
B005YJ3KBI,store_e9c50963b5d35a50
B005Z4DFO4,store_d6a077e78431cf32
B005ZTSPIK,store_6f2ddf5b2fbd3207
B0060OT6ZU,store_3d5242d28629ba1b
B0060XDCC4,store_e43d6fa9081243a0
B0061U3WDK,store_1a3a195beca62b08
B00628OV1S,store_ce4151ff856b629d
B0063EMNZW,store_58170aa742093062
B006530MW2,store_e18770f6914b3187
B0066EYBL8,store_4301c29f6733a3d8
B0068S0P5I,store_976633bd6e0ae573
B00692OA2M,store_52366423ea23a5f9
B00694H1N0,store_410013f679f8a5f0
B00694L2KS,store_835b3bca5088af47
B00694U0QA,store_51f836aa96db69b4
B006B6O55I,store_ffd7acb9af3f6b3f
B006B6S2JI,store_400ebbc9fce2b336
B006B8HSUU,store_a0d23b2edc15a79e
B006CRJO9I,store_be184a86e9e61b90
B006DAFQUU,store_38fbe743ea1f6201
B006FCIGWQ,store_7fd05f483d92664b
B006GWIY9U,store_aaee92ca616502a9
B006HJOVA8,store_dccd884b6692f1ac
B006I0BZNM,store_d870695533fb39ff
B006IBVV1W,store_a40790b29c4c0229
B006J7TMSO,store_13800272d7a85c03
B006LNSLFG,store_514793e52072cd2c
B006MAIE0K,store_50a3a66d6ff5b3ee
B006MRDOTE,store_ea7251ff024b9e6e
B006N6Z58M,store_109b157f4059c88b
B006N8HD12,store_f7dc3bbf0dfa428e
B006OD9T68,store_967d27fb024c9b08
B006OO0CG8,store_78c7b3e8a2bf80d4
B006P17RAO,store_be669823e8f1dbcb
B006QQWKJG,store_8612a968c091452c
B006QZO05O,store_fb25193a8857f683
B006R0ZEN0,store_89feddc102cd91a9
B006RWG7WA,store_e4c2c526053dd16c
B006UCOYQI,store_875423d7f3196b80
B006W9K3RI,store_732d5909e9424c23
B006WG0FXI,store_bcf08bf920899504
B006X3E676,store_95cce307b5c74633
B006XGWZD0,store_a40790b29c4c0229
B006XZG74O,store_afb51451ac3078f2
B006YUIWKA,store_cbf09fd772375803
B006ZOQC34,store_72981a5d6bad29cf
B0070P3FOQ,store_5948cea86b5974ff
B0071OP9RC,store_20655e5a67ae4aee
B0072KYMKK,store_d9588028e70d6763
B0072Z0MM2,store_2dcd92ca3dabe4c0
B00733ZHNW,store_457ac0be0e6cd949
B0073G75U2,store_a40790b29c4c0229
B0073X98SW,store_24dacb0d6b872f84
B0074AKVD0,store_3b5c9f7948425276
B0074Z3JEI,store_dc4071f4d33778d3
B00757EGG0,store_a8524963ac51dc32
B00759LVR0,store_efdce0a8fb6c7e8f
B0076K1EW0,store_05b1f356646c24bf
B00776E934,store_5880c7b79cec23fb
B00776MDMI,store_b7bfb8ce80eed035
B0078OBBMW,store_1e9df15b7a2455ec
B0078XCINY,store_d018f430f32c2f39
B0079HOHD8,store_82b7d0840a223958
B0079HQ45C,store_2124037ca66a33c1
B007A9UFSQ,store_81cc10cfcfc1b076
B007B8TB40,store_5ef61896e6a557df
B007BI38RQ,store_d798d4400af47fde
B007BV2OFA,store_1f3cda54ebba9cf5
B007CCE4MY,store_cba9be86bf55c1c5
B007CIJZEA,store_38860fca8a01cbf0
B007D1G8OG,store_b6f363fae94985a3
B007D7FU8K,store_7e312373687af6c7
B007FGYEHM,store_1f7cb6d5f59cc6c4
B007FHYPS4,store_bd95a1f20010f8cd
B007FJQFP8,store_6661c8068b9b5c62
B007FS6H84,store_5fc48902cf0b2d02
B007HL6YM8,store_4138307ea88dc338
B007HOA85O,store_180d6c5158aaa20f
B007HONEMI,store_180d6c5158aaa20f
B007HU0BTQ,store_18c86bfeaef333eb
B007IAM4YU,store_e23b7231e7b68d57
B007INWVJA,store_853f905e49ff02df
B007JY0YQK,store_a596d2a344acb52f
B007KL0TNU,store_564e6f1947637e98
B007L84YFG,store_0b84b5111e4323fc
B007M0UJAM,store_bc32c6fe0275b333
B007MJKAUC,store_80a22866a446c42e
B007MJKGEC,store_80a22866a446c42e
B007MPESWW,store_bdd80a356aad2fa5
B007N3N9MS,store_4abbcee829ec05b0
B007N4W810,store_35f3c0f0cef5e9dd
B007N7AOPE,store_26d5b2f3e334366d
B007NQV7UG,store_7e57ad8ece83f39a
B007OB34DS,store_0701687c04c5044a
B007OMF59I,store_a40790b29c4c0229
B007OO9RZO,store_fe94efc5ff27cf33
B007OUUBJY,store_06106ee477dc2e44
B007PIYX8A,store_a31760f52271fd11
B007PSETWA,store_36b15a1d240416d2
B007Q35I1U,store_e33037287b094686
B007QCN6GA,store_f8f1dc1fef582777
B007QX2Z16,store_19685fab59322135
B007SMIEWY,store_4eaf99cb5ee5d493
B007T7A7QY,store_3e7312443af6caff
B007TOLSSI,store_55db8f87836f4971
B007TXC25W,store_2087f9f603a90336
B007TY3IZY,store_5ea0ae0a2f11645f
B007USO9FW,store_e94280c2328bd459
B007VDZ3GU,store_2ed9019e18343264
B007VGPD76,store_a0b083ad75c98b3b
B007VQEKY8,store_15dd8ff1c4c7752f
B007VSS3EE,store_e2299eb3c73d751d
B007WA7DOM,store_207a8db40a17c420
B007WRWD1S,store_a5cbaa6462d215e7
B007WTHL5E,store_06f0eaf82c94a074
B007WWQ39G,store_3dd0023fbe01b433
B007XZ9BNC,store_5e9f7fe94151df6f
B007YPNKOM,store_5afbfcbd94cde4be
B007YV2R40,store_a9ce43c2a1ac2e15
B007ZCALGE,store_780eee9c0846dff1
B0080CECZY,store_7dfb7b85cb2ab245
B0080HF8NE,store_25faee82bfc849a3
B0081G3GV0,store_e15d3acb85fb7b67
B0081LM8EG,store_e8181cf78100ea5d
B0081TMI6G,store_94088ad0e41be03e
B0082Q097S,store_a40790b29c4c0229
B0083KH868,store_3494a6814e8cf4bd
B0083UR6WO,store_7d76fc248bd130db
B00853EO8I,store_3bd595d3f6ce9994
B0085GA7QI,store_a95248ea18a74797
B0086I4YCS,store_0697efec2a3d3575
B0086UL0WS,store_eec9a7f48bd798e8
B00870XLDS,store_07c332d38014465b
B00872STTC,store_5ed64c90f26c784f
B00879M1T4,store_f6d5f2e8f80220f6
B0087N3K0O,store_5a9c373886f48a3c
B0087S2AE6,store_f27b08e5b0bf525e
B0088PQZYE,store_50d8b4a941c26b89
B0088XY1TM,store_6f9144b202e09794
B00899F1V2,store_81cc10cfcfc1b076
B008B8CKX8,store_89b77aa2a0634233
B008BHR5WK,store_867095397e02259c
B008BML82S,store_7cfc2d5e14e4aba4
B008C3NUPY,store_52366423ea23a5f9
B008CC4ASG,store_83c66fb4ee98edde
B008FSC872,store_597b3b9d1982c481
B008FSE2I0,store_e71ea0d3363773b5
B008H1HGHY,store_2124037ca66a33c1
B008H1II94,store_0bfbc688a086fa60
B008HHE2OI,store_0d4aa955f94837c0
B008I7QEQG,store_be3c493ead7e1a08
B008IDBALY,store_9678cd0a457b1cd7
B008JGT2CE,store_53daa45dc153f1f9
B008JHO4E4,store_e1725ff1cfbce51c
B008K83W54,store_a8524963ac51dc32
B008KOCL28,store_df9f007a646d58be
B008L3BHMI,store_3ee41429dad9666f
B008L688M2,store_500be654323f69cc
B008LF8IRS,store_e8249452de3834fe
B008LU6OJ2,store_c2a132cb41b76e50
B008MPY9O8,store_56a873a24864c760
B008N1M4YS,store_11e253a4d3af8dfb
B008N9OXRG,store_c3a17361428c8ad3
B008O7C61W,store_9f9a5557417c883a
B008OLDYWI,store_ffef386890c5bf91
B008OLJXL4,store_e12ccfdfb12af0e8
B008P06GSC,store_938bdaf77ccd8a37
B008PGMS9C,store_e4d2b0b80356bc4e
B008QI50IU,store_44c405eb32df117c
B008QI6JDA,store_a40790b29c4c0229
B008QSM704,store_9c656d1da72390d5
B008QUU7FO,store_edc3a65a1b9679cf
B008R0597O,store_785f0cd9495ecaef
B008RA16ZI,store_beb2c4247bf3c733
B008RDR7PS,store_213409aec715cbae
B008RRDJPG,store_41dc4bd33c4c79d0
B008RS5ML4,store_da32f02e8144c185
B008U0RW7G,store_9d4f4ddcde491027
B008U5QJYS,store_c7d7a4c1cb3aa36c
B008VZ3IHI,store_fe089dcbaa964889
B008W9JUQQ,store_f697e0530317509c
B008X5LQYS,store_2f6a66030409a52c
B008XLLGBU,store_55e9f60df652abee
B008Y3OO98,store_a316f54a484efecf
B008Y7P1SM,store_0e2ee8a7b444f756
B008YRNKM6,store_75410948d02d4744
B00908EOYG,store_d19c1b5b9fde96e9
B00908EYA0,store_f47e02b4ba8078cc
B0091UWBTI,store_8004a28c377026f3
B0092EX1LK,store_43d0a159a25ec953
B0092ZLLX4,store_be669823e8f1dbcb
B00937QPEQ,store_8ede512f3c1efa6e
B0093T0630,store_22e2ce78cbc9b89e
B0093T098M,store_22e2ce78cbc9b89e
B00946HGLW,store_51f836aa96db69b4
B0094M2WXI,store_6542c6759cc6b4e5
B0096R5PGC,store_30723457e5e91a2b
B0097MBGVY,store_d5f7b904e93f3d2a
B0099LBLB8,store_9ead492c8da73b04
B0099UT288,store_36cf09d76e7173b8
B009A9873O,store_ecff5f36f18e9eef
B009AG5ZSC,store_4ef41ea7fe1a4e35
B009AXCAPQ,store_69add873ed2e01e2
B009AYPOSA,store_c2886132010de68f
B009AYV2PE,store_4ef41ea7fe1a4e35
B009BB6YPO,store_3563af7864286df2
B009BTM3LU,store_ac8bc4346e666d36
B009DS50Z0,store_89b77aa2a0634233
B009EAFH32,store_564e6f1947637e98
B009EAJFTE,store_564e6f1947637e98
B009EW1U72,store_78b4b902ce86be8c
B009FGZTNI,store_f56198a0da345dc3
B009FOA6GU,store_db3c11f777a6669a
B009G4BYX8,store_67fd9b0fbb0ba781
B009HVJA68,store_e3a7fce121d19f4b
B009IROHDM,store_4600b78d54c43809
B009ISC1WA,store_9678cd0a457b1cd7
B009JK1BO6,store_4b1e35d60db0183d
B009JVOUU2,store_ad7f224fed9c2437
B009JVOVPG,store_ad7f224fed9c2437
B009M3917O,store_8f1b43d350a1651a
B009M4NWA0,store_98918f69c8939e76
B009M8UWBS,store_0636f715e713b1d1
B009OXRPPW,store_ddfe48cbbd76f1bd
B009P4MUJ6,store_affc395481855ba2
B009PEK8JU,store_cec11f954e07b597
B009QE8AB2,store_0ba4e207c1389fba
B009RNCABS,store_e6e826496fcb1734
B009RQVLRE,store_5cb9a1f785f00f68
B009RUCSBS,store_8ede512f3c1efa6e
B009TCXBWY,store_5aa86e0581a05566
B009U0565K,store_38fbe743ea1f6201
B009UT9NKU,store_05825582c1f068f9
B009VZYZGA,store_ac26885397107439
B009WI1UKA,store_4c787be996193588
B009WO4DTY,store_4bcf7ee7b1215a03
B009WO4S12,store_4bcf7ee7b1215a03
B009WO88P4,store_4bcf7ee7b1215a03
B009WUFLNU,store_1fcc17942a42cde3
B009XHL0XM,store_024b49820cb3cb37
B009Y80374,store_96bdbac061c3b1e9
B009YFOJ0Y,store_a4bc116c39d8aeaf
B009Z776LU,store_05bcd0e7ceed08a1
B009ZCFSCO,store_dcf69d84b7765c92
B00A0BDAHY,store_d793712da5448361
B00A2SRH9C,store_0af9ce6f02de1a6d
B00A338SMG,store_6a5bc4b17ba1ba42
B00A3CR41S,store_f697e0530317509c
B00A3DNGDW,store_8192c9664541242f
B00A479VKE,store_ea29c6ef01388039
B00A4EPN1S,store_17ca5c489458e51f
B00A53IM8E,store_4fb9e4c125170c27
B00A5MP7UQ,store_3a2891aa124c550a
B00A67ENAA,store_5cb775224d9b039c
B00A6YINXQ,store_540f062a7d98efbb
B00A72F3LM,store_540e181495e58ae3
B00A7DT7JA,store_4e29e9dae2f02034
B00A7KLMOG,store_51a1a3337465d3fe
B00A7R0K06,store_8b1ac361afd4e99c
B00A7YUFFE,store_493f3c8f1832bdd7
B00A9HA9CI,store_196f3be6c26fbe9d
B00A9LPMEY,store_27e3e6f1354155dd
B00A9WCSNG,store_3cf3dfefb8ae3d3e
B00A9YXNTW,store_0b12eded954f6603
B00ACMM7GG,store_4ec9ae98ad09f24e
B00ACOOKAK,store_2551edbda8549be9
B00AD3O3RU,store_ba4d52bfc32116ba
B00AD8RI2M,store_6c7b188a4af9bcc9
B00ADLGVJA,store_99971e39dd090f26
B00AEVP8QG,store_d8e243a777389ad4
B00AG3Y0A2,store_85202e439bcd8e22
B00AGE1D4C,store_3c644034c84c3937
B00AGYLLJY,store_0a29cebff27d7335
B00AHHHM5M,store_9499d99484050e5b
B00AHNDA5W,store_d714d8456935fa20
B00AJKH4UU,store_9d07f5e69a40506a
B00AJKINHI,store_bb6edd252117f76c
B00AJVLYGO,store_e7411abe2816fd57
B00AJZHB9O,store_d6f02c47383c4935
B00AK4J94Y,store_fd761b6e2ada5dbe
B00AKII8R4,store_5e3180816518b8c9
B00AKP21KM,store_324f681d7f92f49f
B00ALI4KQG,store_5af3b1614418557a
B00AN56AN8,store_f8ae396d0c64ef09
B00ANIQPZ8,store_4c99a8b772821aab
B00AOYKOPI,store_0845fddf289a521b
B00AP2ZHJW,store_7e49ec4923a441cc
B00AQ0RIJK,store_7239e551e54ba6e8
B00AR59PZ4,store_1ceed3d7b8cb85e9
B00AR86E82,store_33e9fae39f4e6081
B00ASIRBXI,store_9678cd0a457b1cd7
B00ASSFLVM,store_60eb7e5f19f749bf
B00AT0759U,store_e4c90ab22592880d
B00AU2B78M,store_555e0d82ecb4e707
B00AU54WG8,store_5eec9f6d8be05093
B00AUCC29K,store_9678cd0a457b1cd7
B00AV89DAO,store_d3e31046c7f523dc
B00AV97SK0,store_a40790b29c4c0229
B00AVQ9DLA,store_8612a968c091452c
B00AWQUHQE,store_ad113811481d4b58
B00AXSZQ94,store_5f057f20f3239a6a
B00AY76P0S,store_30746ea75b9b1738
B00AYU3UNK,store_199d40cf924863c6
B00AZ0SVCE,store_f5df818dc4b27a50
B00AZGAAQI,store_83432460bf663f84
B00AZPGUHC,store_51f836aa96db69b4
B00AZSK4S0,store_b82387c5924a22ef
B00B0ARF52,store_cbc4319a5b2bcde8
B00B0CK3AY,store_8612a968c091452c
B00B1EESZW,store_8a8cf6de3174689f
B00B1OH9DK,store_6028951143b989e1
B00B2AVXBW,store_84b45cac21dfa1f0
B00B2DZ68U,store_383aa7e8f58238aa
B00B2FRVM2,store_69580d1f38b1cb6a
B00B2RQ5F4,store_ab56d491ede35cfb
B00B3GPPM8,store_a286e6433fda32e1
B00B3JQY34,store_534187069c3956b1
B00B40B58G,store_217b02e37ba9643f
B00B4VILQO,store_a40790b29c4c0229
B00B4VK1BW,store_a40790b29c4c0229
B00B4WQ8AE,store_00d5949ecf516685
B00B53KQDW,store_ca790186ee65299d
B00B5FLCX8,store_22180515b2893ce6
B00B6239CW,store_9e5a993af4f8148e
B00B70UCDW,store_d27cd4fb2c385588
B00B7JKEAE,store_ede05c43f5632361
B00B80BSNE,store_0c33460bb15b370f
B00B86F6R2,store_237044865cf624ef
B00B8UF21I,store_d20303275aee981b
B00B9C00AI,store_9260d94dd0c75d4a
B00BB14NTG,store_aad0fe9aac908883
B00BB8LBH6,store_9ca28cca8c1f4ac8
B00BCCJ2DQ,store_ab8ded3bbac58b16
B00BDB2RLA,store_c25c6a54ac0b096a
B00BES4B4S,store_cd81ed2758ec34c9
B00BF0LC4M,store_5c60b56b1f443c9f
B00BG4JG04,store_d2e7d045dffe36b2
B00BGB3C8O,store_4a958f240d52435c
B00BGFLAFW,store_e1ea1f245abfda8a
B00BGFOOA0,store_e19d32dd2b44c582
B00BH4N3IO,store_dfff1659bd3ca9dd
B00BI4C0AK,store_167a0d867f2fc673
B00BISM79A,store_3fc35feecb1d7a5f
B00BIWYXDY,store_c19791775b93c220
B00BJ7T7ZM,store_f4d700953aac9e21
B00BL12HBM,store_2960cc9c300855f6
B00BLWQAYQ,store_f8869fa6649d1165
B00BLZH1Q4,store_9678cd0a457b1cd7
B00BMICR32,store_ccda5cd02eb5bc04
B00BMJTP6S,store_ef22e2947074a4ad
B00BMU56JM,store_e6860e9fde758e89
B00BN496E8,store_1be1a65519cf757b
B00BNAR45A,store_b3a4ed125299df04
B00BNARG9O,store_5aa86e0581a05566
B00BP5Z0M2,store_d7a9593a8e8a3b5a
B00BPAXXQC,store_202c6131ee8b1472
B00BPGNA1Y,store_f697e0530317509c
B00BPMYBQQ,store_7898a82de474e06e
B00BQ0TWNO,store_fe3502b3c3d67252
B00BRIG4R2,store_0b84b5111e4323fc
B00BS473J8,store_0b84b5111e4323fc
B00BS473KC,store_0b84b5111e4323fc
B00BS4Q3R6,store_dc4efa64d3e73e7c
B00BSE3ON2,store_d3069e87955753a5
B00BSMTKY6,store_0b84b5111e4323fc
B00BTAIQR4,store_0b84b5111e4323fc
B00BTKX7UA,store_c2b7e69b90ed506e
B00BTQD5QA,store_772404ea7cc5fb90
B00BTYNQ7K,store_819c3c8f79911a8c
B00BUI0FBU,store_0b84b5111e4323fc
B00BUI0FTM,store_0b84b5111e4323fc
B00BUS8TTK,store_b816d680b4152b0d
B00BUV454K,store_2687d7a93a0b2d67
B00BVGGCAO,store_0b84b5111e4323fc
B00BVO8P6K,store_0e32cb50ac47c49f
B00BVU7CJ0,store_4f43b4c7e5fe79b5
B00BW6NQN4,store_424b2f2c2e9d39b6
B00BX5QCZ8,store_f697e0530317509c
B00BX9G7M2,store_0b84b5111e4323fc
B00BX9KND6,store_5ed64c90f26c784f
B00BX9U7EG,store_04675e24f406ab15
B00BXGVIII,store_20655e5a67ae4aee
B00BZ1TKTU,store_b199d95f77b6c241
B00BZWYDQY,store_a40790b29c4c0229
B00C0W5WJU,store_e9cffb52098f4489
B00C0YZBJE,store_89b77aa2a0634233
B00C10D6WG,store_66e2e5c8c8705952
B00C17UPE6,store_664c2411fcdb4726
B00C18HJ3U,store_56b46c3840bcd524
B00C1AOU0I,store_56b46c3840bcd524
B00C1GFK3I,store_8a0d23bbbe4ca988
B00C1YEHRK,store_8ea2895f246961f0
B00C29026E,store_61b5e21b8de8c2df
B00C2CK2FM,store_95f1c831fb6933ab
B00C2KWYGO,store_07a2e25662f8c794
B00C2S1RBE,store_9215066475e2a1aa
B00C2TDTP0,store_ffc9b3236112a210
B00C3N9WF6,store_798cd336c24e6dea
B00C3SDJVY,store_482d5ce518738fdb
B00C4VLHF0,store_8a86c32cd11cec00
B00C770JD2,store_1ba778dc2ad8709e
B00C7L1O1O,store_a4b923172b4e6809
B00C7L1P6S,store_a4b923172b4e6809
B00C7TJT1S,store_d87bff7ee5b58008
B00C7XQYBW,store_69e16360167c05f9
B00C9U27XC,store_a1aa411d527fc02b
B00CAXR9Z4,store_a40790b29c4c0229
B00CB2F9AG,store_431b02913c9ce3e4
B00CBL16QI,store_68bbca17bd2a3ddf
B00CBYYYEG,store_e70c19475f237cd7
B00CC9W2T4,store_f7f6c82f53282070
B00CCWTD7A,store_6ac3d665298675d0
B00CD4HYGO,store_43d5226c76fb3ddc
B00CDE7FZO,store_4600b78d54c43809
B00CDWYGW6,store_5c5e9c9a547e04d7
B00CE2HQRM,store_cc14df28bb1afa3a
B00CE2HTMY,store_cc14df28bb1afa3a
B00CEL509Y,store_7993e62c78e5d2aa
B00CF2P7AY,store_148ff4dc6edee09d
B00CFBO9LS,store_cdd7906424f7a69a
B00CFCO16U,store_224a1835a3d9b28f
B00CFLLJNO,store_5219bd292f9ab9fc
B00CFQ21AY,store_197bee71d4f87ec6
B00CGAHJNI,store_5b88ae9be6fb4236
B00CGJZBFW,store_0d00c1a475f1f6c1
B00CGPLHFY,store_6dc58736ca55c1a6
B00CH6IQSI,store_140533def8ef87f1
B00CHRRNKY,store_540f062a7d98efbb
B00CHXYEDC,store_e4023c7acac06a89
B00CIIPV5Q,store_428d8ee9481bb908
B00CKRE7QO,store_4f8ef089b64b5690
B00CKSBIRO,store_83c66fb4ee98edde
B00CLAFXK4,store_0c0753b4d7d69c48
B00CM0WHXY,store_add3b5f637dbae26
B00CMFKHW2,store_1427b83b4b854c8d
B00CMFMKYK,store_f697e0530317509c
B00CMU0WYA,store_73fc1b2bc159000d
B00CN08ZCK,store_a938e7e9554926bd
B00CO98IH2,store_d831644693d666c8
B00CPT9CM6,store_820809540dfbab80
B00CQ16CT4,store_572ca10036cf048b
B00CQ7R6B6,store_20be639d8462179d
B00CQGT9W6,store_9678cd0a457b1cd7
B00CQURGYK,store_4921ee966d0499d7
B00CS1K3FG,store_f165e41ca0bc94b8
B00CS3T5YO,store_2aa541ffbf852484
B00CS77A5G,store_a4bc116c39d8aeaf
B00CTBPDPK,store_6675e77008ff7b18
B00CTN8CY2,store_b62ff11dc96713ac
B00CTOQCCU,store_f7c719f523341452
B00CUFVBZQ,store_4ee10fb857b16413
B00CUIVL6W,store_0808b81bf29cde3a
B00CUIVMQG,store_44827c2a36695052
B00CUIVO5U,store_44827c2a36695052
B00CVE2JTS,store_705aed7cc09ae632
B00CX841J8,store_50d8b4a941c26b89
B00CXK679S,store_ad113811481d4b58
B00CXY0VQE,store_2cd8805ffd9f1eb4
B00CYVUAA8,store_2e4cf1818eba4431
B00CZ4Z0M2,store_80a22866a446c42e
B00CZ4Z0XQ,store_80a22866a446c42e
B00CZGTNSC,store_005fa10c1bfd7340
B00D065QMI,store_540f062a7d98efbb
B00D10U7R2,store_8feda15ecb4d6196
B00D1RV152,store_446ea01787ec8777
B00D482V84,store_0c58da9d57a01ee0
B00D4T40D2,store_133d025f9368faa5
B00D5H9HN6,store_d793712da5448361
B00D62C2F0,store_f7c3b700de6f0a73
B00DB4X23E,store_b401d32b31493674
B00DB81E0I,store_d7a9593a8e8a3b5a
B00DBXPDMS,store_cf7dacb22ce0dbd5
B00DD4KO4W,store_79b333c96ec99512
B00DD4KOYC,store_79b333c96ec99512
B00DD4KRPI,store_79b333c96ec99512
B00DF7M8KA,store_e43d6fa9081243a0
B00DFQ9U5C,store_65a78e8391950063
B00DHH1A3O,store_821cb6d3a78ec55f
B00DJIKA46,store_a40790b29c4c0229
B00DMNM38Y,store_1ef8b07b80787e44
B00DNGDVTU,store_03e62d87465d8dae
B00DNIK8EE,store_409586060dfe6b4a
B00DNKWP5M,store_9efce8a41d5ad547
B00DOLG9TI,store_17f57a19f195048b
B00DQBMN6E,store_9f8b9c14a058f663
B00DQC2OS0,store_12f7ae7407cfba09
B00DQVV612,store_fcdd6931ce2cc040
B00DRE0LLE,store_e9c47c8793372969
B00DRGW9J4,store_18c86bfeaef333eb
B00DS1R8V2,store_07c332d38014465b
B00DSW4VKC,store_1ac0884935950990
B00DTQ0DMM,store_cbc4d9bcd7edee8c
B00DUD3P0Q,store_7f37c5a229790e3e
B00DUTY6EY,store_25f57203e8b3560f
B00DV995AS,store_3e058bad89bea015
B00DW9JMGO,store_b92fc9faede49084
B00DXF02QG,store_63d4dc78a6146632
B00DY7PNXK,store_532287cb6222f889
B00DYWXGXO,store_ff5d4852da2178da
B00DZA6PWE,store_ebd221811a2b6b72
B00DZPGQ14,store_4abbcee829ec05b0
B00DZSLA12,store_8898cb5d155469b9
B00E267HPY,store_45a19d408150eda9
B00E2S00ME,store_22df359bb3b96e01
B00E34OG1S,store_da32f02e8144c185
B00E3G3Z6I,store_6cbfbc47d7db5fff
B00E4MM6B6,store_ef6edc70722b49c8
B00E4WVU3Q,store_620aed8db7aae0d8
B00E5EX8HY,store_7f37c5a229790e3e
B00E6G32Q8,store_a40790b29c4c0229
B00E838H7S,store_2f64cc6cb0515003
B00E84UPOU,store_d10fae2ddecc290c
B00E8I7RT2,store_152fb71d17cbd337
B00E9R25OY,store_fc45b99e241ecb81
B00EA0CQQ2,store_16a745883bacb862
B00EANV4YE,store_63cf61d81168ee57
B00EBCJ3VA,store_32b1bdf519deb1ef
B00EBZD0PW,store_fc44bf14f258b9bb
B00EC7QIPS,store_5c5e9c9a547e04d7
B00EDFJTQY,store_0b84b5111e4323fc
B00EDMB4QU,store_9281bff56a73ef33
B00EE0E95O,store_3af89e20f6b8fc95
B00EECHENG,store_1ceed3d7b8cb85e9
B00EF84PUO,store_fe94efc5ff27cf33
B00EG0CM2O,store_6ca7faee6ca9a094
B00EHD42K0,store_04b839cceb2cafb1
B00EHFY582,store_b482147da4133d05
B00EHM5JW6,store_f7f6c82f53282070
B00EI66DE4,store_5aa86e0581a05566
B00EKIMVVO,store_2124037ca66a33c1
B00EL11R4W,store_9e10a2bd8ab8aa06
B00ELJIW4W,store_a40790b29c4c0229
B00ELLOU5U,store_0b84b5111e4323fc
B00ELXM3TI,store_a40790b29c4c0229
B00EMAJL1S,store_943962211a527cd1
B00EMHUZ7K,store_61518be1107d3cee
B00EN1M3U2,store_aa5167bbcbd1191a
B00ENSUY5G,store_df56db6433ee6835
B00EO4WW90,store_a1e0fb1b02f741c4
B00EO5JV48,store_3f05f944412d6bcf
B00EOB76VW,store_cfe55549ce9397d7
B00EORAP4G,store_656d248c822c08dd
B00EQB8RO0,store_9e3e4a2b902e49cd
B00ET2EKSS,store_6616c63d557e7237
B00EUW3ED4,store_9467077cc75f6a62
B00EV0TDA8,store_7dfb7b85cb2ab245
B00EVULRW0,store_a0c962635189e457
B00EW7J1HK,store_f75f6ac8144aad32
B00EY80Z0Y,store_d0941e68da8f3815
B00EY80Z22,store_46a808cfd5beafa5
B00EYNA7LG,store_a028c8828218375b
B00EYNHZQQ,store_fe3ed2df031c0949
B00EZMOPMI,store_cbdbe737340cde12
B00EZTI40K,store_d1a516d275b6e5cc
B00F0S9O4A,store_da23614e02469a0d
B00F2W90BQ,store_07fc0f07bb35850f
B00F39R7I6,store_3057f0bbd7a94521
B00F4SG73W,store_446ea01787ec8777
B00F519T2E,store_bc9800b9d52a24cc
B00F52LQWY,store_16218e99e1d05d8a
B00F77H1OY,store_d19c1b5b9fde96e9
B00F77LG8G,store_46a75b650d55f823
B00F97J55K,store_eb1d97f2d311163a
B00F97Y8RA,store_7b5455dc72c82af3
B00F9GF8GG,store_e8249452de3834fe
B00F9IHK5Q,store_f8ae396d0c64ef09
B00F9X82DK,store_6b06535057e3c179
B00FA6K4UU,store_e44285be36dc28ff
B00FCCIJZO,store_47d35b9b31863244
B00FCGXHEI,store_0a205e998828cb08
B00FCOTGAY,store_7f018203dfc9f220
B00FCQHYEW,store_935de7fefeb3e6cb
B00FE1EKV0,store_08ad9df92888ce68
B00FEHM8HM,store_f60e0e8991a8055f
B00FEYZO58,store_4a47149c3c0fd25b
B00FFZZ8OI,store_434dfde265a9af6d
B00FG0SX9O,store_cc24b50b8a80ead5
B00FGIQQX6,store_c1fbe5318af74a9c
B00FGK1IRS,store_39b43881c3bb850c
B00FHB2US2,store_fcb995a7d6ec54b9
B00FI9QLTC,store_846b7451fbd53f97
B00FJ13NY0,store_3af89e20f6b8fc95
B00FJPUOFM,store_ae2cf9378d70d1c8
B00FKPSZJS,store_213409aec715cbae
B00FKSWNFM,store_a0caba95065dc420
B00FL7J8GO,store_c92415c84ce26f62
B00FMUM830,store_dbac1f7e53a485d8
B00FMV8ZU4,store_8237937a1021455c
B00FN3GF6M,store_9a71c4a3d17bc96e
B00FOGY49I,store_a92bb681bd06ba94
B00FOGYAGU,store_80a22866a446c42e
B00FOGYNAI,store_80a22866a446c42e
B00FPQNEFM,store_ecdb6dfd69ff6978
B00FQI9HYG,store_52366423ea23a5f9
B00FQM14CA,store_d793712da5448361
B00FRERF70,store_c13d684a050b2665
B00FTP8OLS,store_0081b2e0883f204e
B00FVQ77EU,store_3ce7380dd7ce6475
B00FW6JXNM,store_afa83becbcd59df9
B00FWTJAG4,store_4a674171398a8347
B00FZ7IHGC,store_89468ef6aaf4924b
B00FZWE3SI,store_29ec9ef58befc89a
B00G0U5TZK,store_b92fc9faede49084
B00G1WVKFK,store_a849b2856b374679
B00G2BXTY0,store_d005338da21eff42
B00G32A9RS,store_35a90ccdd4afaa93
B00G32ZUKE,store_aa4509436eee2065
B00G4EGY7Y,store_1ceed3d7b8cb85e9
B00G4I6SY4,store_284c7b7460e25201
B00G4IFLUQ,store_c38d2e4ae676a62a
B00G5DWSMY,store_72981a5d6bad29cf
B00G5JFDOI,store_104d0a005cd99ee6
B00G6KAQIE,store_4deee06287462ecd
B00G6MP85S,store_d95f32751ceae5cf
B00G70WQNG,store_1dcac1d3485ee1f2
B00G7PCKI2,store_de2678e7ca32136d
B00G92BDRM,store_26598fb04b75f898
B00G94J8C2,store_9678cd0a457b1cd7
B00G99SNKU,store_72b1e12a3a0f7f3d
B00G9GFJ7I,store_49c5c88681a111cd
B00G9RJS6U,store_a40790b29c4c0229
B00G9XOYMM,store_a0caba95065dc420
B00GA7HTCY,store_a3a7b63f466ad674
B00GAXFYY8,store_49141bb27c179518
B00GB8G09K,store_07e77251432eaa14
B00GBFRP7Y,store_10a652aa58f73103
B00GBYNAJM,store_5256feea05fd0a4c
B00GC47D76,store_37209927fa0339ac
B00GCB2B1M,store_72a7413d0c841423
B00GD8R56A,store_819b80b0f2885636
B00GEG688W,store_c825a46b47747d12
B00GEJEFZ2,store_c4299972daae90f5
B00GF3ZEMK,store_9c4c6bc6804a1a48
B00GGAP4GS,store_83b102f0c484d782
B00GGG8KHC,store_ddea2da44579c6a6
B00GGPXK5U,store_9e19248bce982e64
B00GGTFAS6,store_16cd870e13b5eccd
B00GGU1LJM,store_16cd870e13b5eccd
B00GHZZSYK,store_5b465eabe62cc469
B00GI0Z6I2,store_9afc8067aa1411ca
B00GI8T98C,store_9a129cf4bcb46f4e
B00GI8TBE4,store_9a129cf4bcb46f4e
B00GIOSMKW,store_b68a66c9175843b2
B00GIX8Q72,store_d708250811a036c2
B00GJ9X5VM,store_ad3740effbbca761
B00GKRP9W6,store_17310251e34a6571
B00GLNL4PK,store_c37752259a977370
B00GLNOKGU,store_28dbc79c2c64842d
B00GLP3II4,store_8c1dd34d8a967b6d
B00GM77VBQ,store_4ff1798f30dd1f5b
B00GMB6HDU,store_bbfcde3f0d7b5aea
B00GMOYH34,store_1d6b6cb1f4adb66a
B00GMOYO6E,store_1d6b6cb1f4adb66a
B00GMOYUSG,store_1d6b6cb1f4adb66a
B00GMOZY90,store_cbdbe737340cde12
B00GMP0V74,store_816aa0788734610a
B00GMP1826,store_cedcbafe8c3ceda0
B00GMP2Y60,store_e12ccfdfb12af0e8
B00GMP49HM,store_fcd05fa385a6e4e0
B00GMP6A1A,store_4af549e65311fd69
B00GMP6QBO,store_06967d8e4a36243a
B00GMP7DQ6,store_dcbab7f45e37a1d3
B00GMP898M,store_22e2ce78cbc9b89e
B00GMP8DKQ,store_095526ae6abc57eb
B00GMP8FPO,store_1b611bf0c13727ca
B00GMP8X24,store_24fd2de5396db13d
B00GMPA58O,store_968d05f2a1794c8f
B00GMPA97G,store_fa91777eb094446d
B00GMPD3OC,store_5f11040e3b44f5f1
B00GMPERDS,store_2264e8d308d5997e
B00GMPR06Y,store_72981a5d6bad29cf
B00GMPYR9M,store_c94d2f9c5a23c124
B00GMT1MR8,store_6656018ac96d0295
B00GMUXGC6,store_9678cd0a457b1cd7
B00GN0D9YU,store_72981a5d6bad29cf
B00GNHSD58,store_de072869c5031f4a
B00GNHSHKY,store_de072869c5031f4a
B00GNISFVY,store_81b58bfcbfcf509e
B00GNKLEKG,store_36b15a1d240416d2
B00GNOIIGA,store_a40790b29c4c0229
B00GO6E5N2,store_0083e3d9cfe00aee
B00GPYYLU0,store_1912e1d577e0b585
B00GQHBXV6,store_c798181b75ad330c
B00GQMNWCO,store_6ed30f159e3d93a1
B00GQVTR24,store_3af89e20f6b8fc95
B00GRMUN7A,store_c8df1282b749a167
B00GSXJ2WK,store_f08cf45bf977170d
B00GT046EQ,store_7ddf77d9f4e238fa
B00GTJKIYY,store_220d11f8872bb506
B00GUG7MWM,store_819b80b0f2885636
B00GUNG096,store_62ccc0459787d753
B00GVG1P56,store_68c46a606457643e
B00GVIM4ZY,store_18504ec45df31875
B00GWAV7I6,store_929bee9144f9df92
B00GWICUQ6,store_d793712da5448361
B00GX8UBNO,store_30895c711805294d
B00GZRNV58,store_e3cf3096e3445423
B00H047GD8,store_9a129cf4bcb46f4e
B00H0ONT20,store_0de43b3b428edf3d
B00H1QYX2M,store_188a96cf010cad78
B00H2Q2B6G,store_d6f02c47383c4935
B00H2TZ4F8,store_ad3740effbbca761
B00H3BN6TG,store_ad3740effbbca761
B00H3CDBU4,store_9c25e38e51533a84
B00H5LSJKA,store_3adc09b3cd3d7c47
B00H5XEFX8,store_b2659f55da480311
B00H7MYYMO,store_f3dfe0424515276d
B00H86ILBY,store_72b1e12a3a0f7f3d
B00H86IS4Y,store_72b1e12a3a0f7f3d
B00H86IUBK,store_72b1e12a3a0f7f3d
B00H86IW1S,store_72b1e12a3a0f7f3d
B00H8TMQE4,store_9678cd0a457b1cd7
B00H9V3DVQ,store_7a2485958aa9e030
B00HA9GZ76,store_564a3a76b5603f80
B00HAFXO06,store_0025a5f5188c662e
B00HAHCMRA,store_a24da1635e76a44d
B00HAYOCZI,store_90d4186ea8fe60f3
B00HC6LR2A,store_8ea30f85faa37625
B00HDRLG6K,store_06e5e6eca36b22e5
B00HE5F6ZI,store_da32f02e8144c185
B00HE5KJE6,store_f7749c0c9e92ffba
B00HESVZ32,store_593ed4c674cbe3e2
B00HEUBA3A,store_d302574956fb2f7c
B00HFEK72U,store_7209e12ecf01afc4
B00HGAJ2EW,store_9678cd0a457b1cd7
B00HGQOQL0,store_ff06f108d04b5699
B00HI62A9S,store_2b2ee35e83e5640d
B00HJCQU24,store_e739c697debedde6
B00HJVK3DC,store_9b9dba2391a44f85
B00HK8OK3I,store_cdf429e2423cb2bd
B00HK95KCW,store_2492baf83d19e684
B00HKC368O,store_4de0895871c6cec6
B00HKN2CB0,store_2d17abf96e09196d
B00HL8NSWQ,store_f96262c8298600fe
B00HLWOHFE,store_5071bd3c8544efe8
B00HMT7KGO,store_22c039e8bc7856a8
B00HN8FD9A,store_9c87636ec95e68fb
B00HNXUON0,store_3ae04cdbaa3a7a38
B00HOGJK86,store_c1c760da16716163
B00HOH899Q,store_e5db9faeca27fe5b
B00HOHJQL6,store_da604b6236befbd0
B00HQ1CV6W,store_55db8f87836f4971
B00HQ3N4I4,store_99832fece78a348f
B00HR07720,store_acbac7bdba4923c6
B00HS0EG9G,store_4eedab0f586d2aa2
B00HS1HB2O,store_bc85beca7589e29e
B00HSZJMX6,store_24dafc656f1d0a57
B00HTCIE82,store_81bf0145c8f2cc44
B00HTD6Y9M,store_0e7ae82af2f452f3
B00HU8NCWS,store_18c86bfeaef333eb
B00HUG1C7M,store_dfbe916acbb46356
B00HUX7IFA,store_485da9df6b7b87f9
B00HVPMKGE,store_5ad96c5c89a82934
B00HWFNLJS,store_c24a0d6ff746cd06
B00HX7BACK,store_5768112fc522a541
B00HX7EFQI,store_5768112fc522a541
B00HYFTVH2,store_20a7ad30949f50f1
B00HYUXTRA,store_1b1b999b2acd78ef
B00HYZ87FY,store_a9f8acd06dfbb472
B00HZ4FQ8K,store_0e7ae82af2f452f3
B00HZHDNSC,store_051a3331d3a3b847
B00HZO2AIE,store_b8eaf2ca51138ae8
B00HZO2AK2,store_3fcb45327f8c85e3
B00HZUVMAU,store_c7b83f3d5d432af8
B00I07Q9F0,store_e4c90ab22592880d
B00I1HE8NO,store_dd4bc36609cd4cee
B00I254ZDS,store_1be1a65519cf757b
B00I3I5VWS,store_dd4bc36609cd4cee
B00I3IYQ9C,store_689f9c5d3b1e06c2
B00I3PRAR0,store_50d8b4a941c26b89
B00I46OYVI,store_82b7d0840a223958
B00I4BURQO,store_828c7a28ab08550a
B00I507NWA,store_72981a5d6bad29cf
B00I5RATY2,store_b92ad435b721d9df
B00I6DVSL8,store_a0d23b2edc15a79e
B00I6Q1072,store_44827c2a36695052
B00I6Q1DU6,store_995d5cee3e2448b1
B00I6Q26JI,store_3af40c296e346d22
B00I6Q39TO,store_0808b81bf29cde3a
B00I6Q3CX2,store_2b38acdf35a6d547
B00I80RKQG,store_2e22c76f8da1f900
B00I8B2286,store_c0445a8d42fb5696
B00I95FAVM,store_3b4a4c4ce35d7631
B00I9GQ5F6,store_b816d680b4152b0d
B00I9J7CCI,store_48355ff52f31750f
B00I9ON286,store_ecff5f36f18e9eef
B00IA704KQ,store_8f91e60927c1d453
B00IA798O4,store_60895c58c6fd8f64
B00IA7CKNU,store_77ede9d6a1e072f6
B00IA7CZNK,store_aadbb70264a9c2f9
B00IA7VTAU,store_c91b0d74dcd4e655
B00IA9ZDF0,store_7777a1ed2aa94653
B00IAA3Q0S,store_10a581d5d90b970c
B00IAA6PO2,store_72fab3be6cb2ed14
B00IAASQOY,store_b3fbfac0f08303fc
B00IAUBDIA,store_4a34aa62db2789ab
B00IAUP0ZC,store_0b926c9b9c0afd18
B00IBIVHN2,store_53190bb8b15c1b55
B00IC8726C,store_1512f7caa4203fdf
B00IDHM384,store_0e7ae82af2f452f3
B00IE4JMWG,store_01c0a952a0d044e4
B00IEG8Z04,store_edc3a65a1b9679cf
B00IEYSJX4,store_8ef9944e2dc53916
B00IF2NMGO,store_c683bf0d1bb5d070
B00IF6MKF4,store_f7a031bd5bc9738f
B00IFSJGL8,store_53190bb8b15c1b55
B00IG0677G,store_42a7ba143aac093a
B00IG0Z5TM,store_760b97e8486b3bdf
B00IGHT1TA,store_2a93ccf83e5c2873
B00IGIMQ9G,store_0482dc4a275d34e9
B00IIAJYEC,store_71d08a95c74010eb
B00IIAK3AQ,store_71d08a95c74010eb
B00IIAKFI6,store_71d08a95c74010eb
B00IIAKHUC,store_71d08a95c74010eb
B00IIZ1JUO,store_b92ad435b721d9df
B00IJEZRMU,store_22df359bb3b96e01
B00IK43G0Y,store_e2c5a404ee904b74
B00IKCKOIS,store_ca85dda0e3551a13
B00IKRKUPA,store_afa1141df5791fc4
B00ILCC5P2,store_8fb28aefe4fd0a56
B00ILO8TJQ,store_a31510175a268113
B00ILYYEYK,store_15159428221e5e0c
B00IMJJVR4,store_1a1f45b8719ea7d8
B00INY7VI4,store_305e6d4681546d21
B00IOPRT5C,store_7aae73e8592408e7
B00IOVC6C2,store_2e0b8f475bc1e80e
B00IPM7TU4,store_77b0100a53e89848
B00IPQ1TB0,store_cd2eb9b55a427da6
B00IPS8E70,store_cd2eb9b55a427da6
B00IQCK42I,store_f72732d9ad1b5014
B00IQIOSQU,store_edc3a65a1b9679cf
B00IRRUKDK,store_0b84b5111e4323fc
B00IRUN5NY,store_83432460bf663f84
B00ISCU1RE,store_96e8b37e680c8a99
B00ISQCM54,store_c6295d91af2493c7
B00IT0YPSG,store_6a240db5444f3290
B00IT1YN8M,store_6a7145f829c1ff1f
B00ITV1556,store_55df685134c62a18
B00ITX69CS,store_4432a3c4c7e4eeb7
B00IU228H8,store_81ce3a8136cb1ab1
B00IU6VSWU,store_a40790b29c4c0229
B00IU8MDYU,store_073c14bfbdc75e39
B00IUI0QFS,store_2ab4f317bc2dbcd1
B00IUIHLII,store_3b8f40f6d0c23fa0
B00IUIRCZA,store_8d571cac9c8eb78d
B00IUJHNYE,store_00cb8b501e53fc61
B00IUPE5G2,store_6b2e2173e7edda1c
B00IUXS3S0,store_b3944881d90da3e0
B00IW58LHE,store_e8249452de3834fe
B00IW5HMGU,store_6b0aa23444ad0267
B00IWA5TNI,store_ed44daeda870d500
B00IWRL214,store_72a7413d0c841423
B00IXHH2XK,store_72a7413d0c841423
B00IXXXC2E,store_9b08de512ef536da
B00IY0CH68,store_18e83f529d8ca6d1
B00IYM3ZMG,store_6f2ddf5b2fbd3207
B00IYQFELM,store_d7a9593a8e8a3b5a
B00IYTEJN8,store_60ada37985699663
B00IYTGFPS,store_814e41cd598f0b9c
B00IYTP8ME,store_fa6ed2b9b6ba758c
B00IYTPOMS,store_fa6ed2b9b6ba758c
B00IZA33QK,store_199fc5f296662371
B00IZA37I4,store_199fc5f296662371
B00IZGPI8U,store_8763d43e619f11e7
B00IZHOVSW,store_2035c5689885adbf
B00IZOTBUI,store_e849351cded0c153
B00IZUQ95C,store_aa60f9fe144acaa5
B00J0H7KNE,store_7f6c2856d3b55427
B00J17C3Z8,store_f697e0530317509c
B00J1OC5OK,store_74326c88712efc59
B00J1TSNZU,store_50d8b4a941c26b89
B00J2CGFLA,store_536ade0e81af0df6
B00J3UR1E6,store_a0caba95065dc420
B00J40AUI4,store_0e7ae82af2f452f3
B00J43PPHC,store_2035c5689885adbf
B00J4GO1MY,store_3af89e20f6b8fc95
B00J4V6L1I,store_4a51736f847a255b
B00J5PPA6U,store_1a1f45b8719ea7d8
B00J6CJSYM,store_8748f519d21ca47e
B00J7LWZLU,store_33171530e058a392
B00J7LX23A,store_33171530e058a392
B00J88DTLC,store_ffd7acb9af3f6b3f
B00J8G39LY,store_dfcf03054e8da51d
B00J9CS49Y,store_ae5b8a278872b12d
B00J9H76C0,store_e4c90ab22592880d
B00J9MFP8M,store_a24da1635e76a44d
B00J9U5X2C,store_ee1585665ff9d5e4
B00JA5GHWG,store_7af2ca3f0eb4df96
B00JB2H79A,store_3b8f40f6d0c23fa0
B00JBC9TD2,store_d5e625b21962371d
B00JBM76L4,store_3a36dc53b8cf8dfd
B00JBWH3CG,store_ba2eaf0e2d1da407
B00JC40YGU,store_00aed4f75d536cb2
B00JCCBC9U,store_01fe12b319e1e88b
B00JCCBDVC,store_01fe12b319e1e88b
B00JCCBW0O,store_01fe12b319e1e88b
B00JCTNDZO,store_7802a5178f9d6a52
B00JDHXY7W,store_e1f715eb39f87c18
B00JDWHWOS,store_49391c82fe683440
B00JE8IUNS,store_ba2eaf0e2d1da407
B00JEER8EY,store_a0f82ebe578f22c2
B00JG69UBY,store_dcf957dfd4c3ede0
B00JGX8KI6,store_495657d84b2e04c2
B00JHKIT5M,store_3f4aa602a70202a2
B00JIXU9EW,store_c8be5760be14ba6e
B00JJNZR02,store_ffcd5c0ddb11df0c
B00JJV8EFE,store_5a1a6242303d0edb
B00JJYQ4QC,store_cf8001b558681c81
B00JK38XUC,store_ecdb6dfd69ff6978
B00JKCQD4Q,store_3af89e20f6b8fc95
B00JKQ7CCE,store_48abfd85b8a85d1e
B00JM1QOZS,store_de4cb284bb5b596b
B00JMBK05I,store_216ebc0410a8190f
B00JMI33BO,store_fdffb0588a31fb0e
B00JNG339W,store_3792e4d33d996b63
B00JNSYXOO,store_66815ba357c84d32
B00JNUBKPC,store_1c309dd08299eb55
B00JO98YLK,store_383ff7296c4f9761
B00JOFLNFS,store_3c4d1c0d84b46587
B00JOVN0Z8,store_dfff1659bd3ca9dd
B00JPNUKBM,store_6ed18f354e568d03
B00JPPIY1I,store_0f7d0d088b6ea936
B00JQJBWJY,store_6344396b2cddb426
B00JQJNGKM,store_7a96c6aef2795199
B00JRDEDJ0,store_aaab3315ca618ec7
B00JRROP3K,store_260ecdca942c24d6
B00JRROY7W,store_cec11f954e07b597
B00JSACNMG,store_e9bad27c113b17a3
B00JTU1PHY,store_3e058bad89bea015
B00JU5I8E6,store_995d5cee3e2448b1
B00JV41BUE,store_8c3a7f47451b5da5
B00JVLRX9U,store_199fc5f296662371
B00JVRSTUG,store_10926e4efe73f757
B00JWSFLNM,store_3b4f25eb2baf9264
B00JWZ2PD4,store_6d942f20cce8475d
B00JWZ5H5M,store_be3c493ead7e1a08
B00JXM52C2,store_01fc329e7ca3bce0
B00JYKIODM,store_24c18c829e83fb6e
B00JZ5E9AI,store_f697e0530317509c
B00JZK3A1M,store_15df965fba0b75a6
B00JZK64CO,store_3aaddbd541015d37
B00JZKAUV0,store_d526542077d0cfdd
B00JZXSJ24,store_9822be1ead439455
B00K0HH1ZK,store_e9ef0c970404d78d
B00K0PTCFE,store_01fc329e7ca3bce0
B00K1GQKK2,store_9c1dc482f8b9d73b
B00K1J8N7C,store_0847585d3ba08075
B00K21VKPG,store_6724f953dc4dee03
B00K35DAS6,store_4116b8825d66cc89
B00K3DY4GA,store_3af89e20f6b8fc95
B00K54RXQ0,store_2fdea0d3b80fad80
B00K600MRU,store_fd4eea3db95793b2
B00K68ZYAM,store_c532302117c3aad4
B00K6COIO6,store_72b1e12a3a0f7f3d
B00K6COL9S,store_72b1e12a3a0f7f3d
B00K6COPEE,store_72b1e12a3a0f7f3d
B00K6COQPC,store_72b1e12a3a0f7f3d
B00K6COUXU,store_72b1e12a3a0f7f3d
B00K6COY68,store_72b1e12a3a0f7f3d
B00K6LOJ1O,store_443a6395deb98fa3
B00K6OI24Q,store_f5beda603b25025e
B00K6S8TD6,store_b0026df68214d913
B00K6YVPK4,store_a6b6db48b2aae7a5
B00K7R94FS,store_d6f02c47383c4935
B00K7RP77M,store_d6f02c47383c4935
B00K89GW8M,store_9ecaadee510fe510
B00K8PGVD2,store_5af00b1c4fcd6960
B00K96JVO6,store_0f93a22ebf3b3819
B00KAFCQ5M,store_d4ed80c7c90ce146
B00KAI92QU,store_c4c4e0bca14ccb68
B00KAT7216,store_4c787be996193588
B00KATPDNA,store_4c787be996193588
B00KATPFTM,store_4c787be996193588
B00KBPSZAQ,store_7d02946d061dfd2c
B00KBYFI2A,store_e0117482a08e5fc8
B00KBYQDI8,store_68a41d9d46d89694
B00KC0F4CC,store_77361fca965b3e53
B00KC5DXBG,store_bf127de52f4305d1
B00KCU9S3I,store_57067423b8245b38
B00KD3AMAC,store_be3c493ead7e1a08
B00KEDCYZ2,store_8ec489c474f22d06
B00KETERKG,store_99769ecf3f20ce80
B00KEUT6BA,store_99769ecf3f20ce80
B00KFVYHZS,store_0712a02be68ac720
B00KFXCN2K,store_8afa4984daa6b489
B00KG8BL1S,store_62d9104b9df3da10
B00KGB1QE2,store_e0ac406a875371f7
B00KGCLGTQ,store_cc50c935e3362b1a
B00KGKW5AM,store_94b49d3e83d675f1
B00KGRABC4,store_96303e105d18e9af
B00KH6164G,store_07a2e25662f8c794
B00KH6R15Y,store_38830abd771e6661
B00KHYGS1Y,store_72b1e12a3a0f7f3d
B00KHYHSH2,store_72b1e12a3a0f7f3d
B00KI5PX54,store_b4ecfc8fa820e0aa
B00KI6X576,store_fa541375d6068ec7
B00KIGNAU8,store_99feff6fcd318883
B00KIH29KE,store_a72580b9b848dbcb
B00KIH83YK,store_2dbb5e7d3b76f9c7
B00KIR3WEQ,store_f2ef7414584a8bc1
B00KISJLWM,store_f2ef7414584a8bc1
B00KJ6IINQ,store_1a42f36dcb748fd6
B00KJRUQP8,store_b0026df68214d913
B00KJTZ6P6,store_8cc1f12eb1c3818c
B00KL0IMVI,store_0cc1a8bd315b1aa8
B00KLGCU4W,store_12f045a6b8eb2600
B00KLK3Y3Y,store_5acf88c2d733823e
B00KLLDGUY,store_9eb22d7beb527a5f
B00KLSOSRM,store_b433f52c7cd96616
B00KLXGGY0,store_22c039e8bc7856a8
B00KM5K4DG,store_e5915c2c1b5cebe5
B00KMISTD0,store_d4958be9102bb8c5
B00KMLH8MK,store_51adad82944a4e17
B00KMYQYPE,store_d793712da5448361
B00KNAF7RS,store_8004a28c377026f3
B00KNALGH8,store_8bf52d493ea1c1cb
B00KNSM17Y,store_c7cd42697c89b8f0
B00KNSN0W4,store_c7cd42697c89b8f0
B00KNSN4NO,store_c7cd42697c89b8f0
B00KO9TV98,store_2b8a6e692a74a080
B00KOCD5LU,store_8e353e4a38a9b687
B00KOCHN9A,store_d70422ad7913dbfd
B00KOD0OVS,store_3709f49105f14e56
B00KOUTHTQ,store_00d6217d0d2d056e
B00KOW6CX8,store_e4c90ab22592880d
B00KOWA180,store_a40790b29c4c0229
B00KPDZEF8,store_89658e9c86b1aed8
B00KQVFX8W,store_3c3041c5762e9908
B00KR9F3AQ,store_b6b6b532c08f6c38
B00KRJDV2S,store_af27788d917ac256
B00KRJUG8K,store_63334a1e7e9be1b9
B00KRMOJ4Y,store_3b3d66c961e1a879
B00KSDSRP4,store_b1677e8645f10747
B00KV32GNA,store_295b0c17fd972b06
B00KV6GJH6,store_a08932d602e570bd
B00KW4EF6Y,store_4694ca6dd67bf2da
B00KWBFKLG,store_01e3a37856fc1617
B00KWDYDWG,store_85da9905f9a5c06e
B00KWE5BPS,store_ee44dffe34904a67
B00KWLC8AM,store_9e10a2bd8ab8aa06
B00KWUOJ3M,store_3e3d89b2cd8a9a94
B00KX9NQ2M,store_be3c493ead7e1a08
B00KXFD75M,store_80b35f57455d2039
B00KXJ0JJU,store_6021e44b0893df49
B00KYM933E,store_0b84b5111e4323fc
B00KYWM3A4,store_fd34860037c27e26
B00KZ28Y5G,store_8d63ecb1ca5fb4ff
B00KZ2FAAS,store_68eb6744248467a4
B00KZSED8C,store_edc4f93ed5242807
B00L02ZRFK,store_ab7f91b15c62a23b
B00L0XML1M,store_c15d552c377d5066
B00L10TTBO,store_b92ad435b721d9df
B00L173G84,store_1e0ddbed22c855da
B00L2LBFJ6,store_6021e44b0893df49
B00L2QVAB4,store_ce6b65c4df9b8a30
B00L4HJX7O,store_d769401af29d683c
B00L4JKXXU,store_9a129cf4bcb46f4e
B00L5KKSLK,store_176d5e3e167c6c4c
B00L5LVICC,store_6b6afdb2a603dded
B00L5VIS2U,store_80a22866a446c42e
B00L9M2YFC,store_cd2eb9b55a427da6
B00L9RVUKM,store_dc47f9ca6ec9ed57
B00L9WHU9M,store_8f507312ef29ac88
B00LAC4RLU,store_f292461030afd882
B00LBC9IB8,store_3b3d66c961e1a879
B00LBEHO4O,store_2915e67158d1bf53
B00LBQ70WS,store_ed8cb4059d81525e
B00LC2V3F6,store_76df2d1058b5141a
B00LCSUHM0,store_ba61e5678b77d2fd
B00LCSUP2M,store_ba61e5678b77d2fd
B00LCSUQJY,store_ba61e5678b77d2fd
B00LD8Q6YW,store_0cf21e78b1870b50
B00LDHORGW,store_a40790b29c4c0229
B00LFKZO7I,store_04f783093674999b
B00LG1O0OE,store_d521668c6f78544b
B00LG31L1M,store_f63b096a3073587a
B00LG3B35Q,store_f2aa1187d7a02415
B00LH1NFUI,store_c0fd94e9e2dc0c9b
B00LH6I3HI,store_ef00a47c3db02a64
B00LHB5O8O,store_d78f8d212aacfc07
B00LHR7UDK,store_ec2eeceafbc2fdd6
B00LIESIYW,store_9a129cf4bcb46f4e
B00LIX0YPE,store_ec7466ff30fb6f9c
B00LJ3K0SY,store_8a3e45c38275d055
B00LJ3L902,store_2f6a66030409a52c
B00LJ7D3RA,store_efca6f3a0ff1848e
B00LJMGM9G,store_6514e98dcb962004
B00LKC718G,store_d3e839ceb6d765df
B00LKL4FP4,store_fd7531cc337a947e
B00LKNFESY,store_daf9e688f90acb86
B00LKO9IS0,store_eb1a74f9f8d6509e
B00LLLODPU,store_2b5a5caeb2bb62bf
B00LMG3UFS,store_c729f6a31ecf5ef1
B00LMUVQW8,store_a40790b29c4c0229
B00LO99IAE,store_104d0a005cd99ee6
B00LOSSMWU,store_fe3502b3c3d67252
B00LOXHFHI,store_709bc99b70e7334d
B00LP3VRQM,store_c7707125ed1c1530
B00LPQX3SO,store_48da55b32da184f5
B00LPSN6XY,store_51234f99a69a3418
B00LPTOKRE,store_e0a35f5fffaaccb1
B00LQDC4UE,store_78159e7b836830d0
B00LQO0NIS,store_8fa9767f9f627423
B00LR1DBPW,store_48c8e6eb86a91d1a
B00LT9ECO6,store_46a75b650d55f823
B00LTJV320,store_109b157f4059c88b
B00LU43R5A,store_9aa68947626d95b8
B00LUL7BA0,store_fd441efadc24f104
B00LUL7BC8,store_fd441efadc24f104
B00LV553PK,store_fd34860037c27e26
B00LV55562,store_fd34860037c27e26
B00LVFPL0W,store_44844b8aa9d746a5
B00LVNM4I6,store_4188a23be658dd45
B00LWUHC6W,store_d88346bb1116ca3a
B00LWUHCF8,store_d88346bb1116ca3a
B00LX657IU,store_0e7ae82af2f452f3
B00LXISYDS,store_bf531c097875068d
B00LXPMTHI,store_c8df1282b749a167
B00LXU3T1S,store_c8df1282b749a167
B00LYNFP4I,store_c94d2f9c5a23c124
B00LYTABKK,store_57d7acfc3316db96
B00LZ6O1VW,store_bf531c097875068d
B00M19ZR24,store_8ccd57508661acf2
B00M2JMXZ2,store_ca3d1da12cb9d929
B00M5TZDE2,store_2dc3e1bac9eed0e4
B00M6M2EFE,store_8c6ef234b24b88e1
B00M7OTWVA,store_3e058bad89bea015
B00M7QQWFC,store_a7ce5b0c7e956b8e
B00M8BCK6Q,store_46a808cfd5beafa5
B00MA1PHGE,store_bde26c08592de307
B00MB62OR8,store_3af89e20f6b8fc95
B00MBG53SU,store_8398e5171574c962
B00MBGCNG0,store_0792e5d73fd33c54
B00MBYAPD0,store_325d26b74a0da08e
B00MC9G5QK,store_3af89e20f6b8fc95
B00MDN8TBE,store_b25cd282a8211401
B00MDNXFCW,store_7e7bb32352d0d43b
B00MEADT5M,store_de9ebb526c160681
B00MEB64BC,store_3e058bad89bea015
B00MEQP1S4,store_2e40b3310df1d63e
B00MEZ7FMK,store_9a797da9faebb1f9
B00MFUYRC0,store_2a8359d24fe1cacb
B00MFZUAP8,store_80fbfb0ca733da7f
B00MGL98KE,store_72b1e12a3a0f7f3d
B00MGLADU8,store_72b1e12a3a0f7f3d
B00MGLAT8E,store_72b1e12a3a0f7f3d
B00MGLB3GG,store_72b1e12a3a0f7f3d
B00MGPR0DM,store_01295b72cec5b889
B00MHDJQVW,store_4188a23be658dd45
B00MIH1AIO,store_15843cedb62e773e
B00MKVAKXY,store_10e6e7bbef92cad9
B00MLCRJN6,store_8c964e37ada70ecb
B00MMI6ADE,store_2d17abf96e09196d
B00MMJFK9I,store_3bae8fb430821edb
B00MMNGMAU,store_6b8a058216284fd6
B00MMVV98M,store_563f7a8fb5367dce
B00MN6NH86,store_5a6de0be2a37f4f2
B00MNK6CGG,store_c13221c3b2053e53
B00MNZFDAW,store_04b5d19b5da67561
B00MODX27E,store_4188a23be658dd45
B00MOEUYT2,store_ce6cc894598f2105
B00MOPJ70I,store_b3aec7a7c40e2461
B00MOTZ3LG,store_2da9daab7fa67962
B00MOX3N5A,store_63d4dc78a6146632
B00MPFLMLE,store_d5a80f21a9eccd9d
B00MQ64426,store_6ea45aa136124f3a
B00MR1J29K,store_6f93b581d4820b65
B00MR32VEG,store_5b4bc9c5c0dfe0ff
B00MRFE3MW,store_b43f47124ef99d39
B00MRKPJ70,store_715f6181a7a5815d
B00MSKWC2O,store_ae8aefeada626b71
B00MSKWOO0,store_d016c2ed449f0258
B00MSZRKL2,store_698f6fef0138d95a
B00MT767M2,store_38fa2a48ce35ddc3
B00MU1O094,store_0a6f77a85eb581d2
B00MU2361Q,store_6220780e309d63b1
B00MVL4RXC,store_d03c45d17bdac9e9
B00MW4GM8Q,store_36f160a30ba53ca6
B00MWDLJY4,store_c0a391a726bd4503
B00MWDLQ4M,store_c0a391a726bd4503
B00MWDRS0I,store_c0a391a726bd4503
B00MWDRZGK,store_c0a391a726bd4503
B00MX4597U,store_22e2ce78cbc9b89e
B00MXVT71C,store_fe3502b3c3d67252
B00MY5GQ4I,store_8759066d0aa2cb63
B00MYFUZIQ,store_9c632dd7a2559e9d
B00MZ3IOT4,store_7e2483580ec16d79
B00N254KVU,store_9a129cf4bcb46f4e
B00N2OJ7H8,store_15df965fba0b75a6
B00N31E4T6,store_188c9e545319e3b8
B00N33K0R4,store_edba1a3c02d7baab
B00N39QW52,store_46a808cfd5beafa5
B00N3XDZVC,store_f2db28791196aa17
B00N3YH0CQ,store_5cf687102cbb7e27
B00N4VI7WU,store_05c77e49f6a349a5
B00N69LPWO,store_76f644f1c1a2a117
B00N7A7MBU,store_29e717f2ebf89e71
B00N86LOAS,store_57b0264b26fab07b
B00N996X4G,store_85829a6cce286246
B00NA4K3E6,store_49051c3ecc08c430
B00NB0Q6SQ,store_72b1e12a3a0f7f3d
B00NC5OMIG,store_eb1a74f9f8d6509e
B00NC9DKS0,store_2ec1663fcffbd7a0
B00ND2M780,store_e15d3acb85fb7b67
B00NDOYLQY,store_72b1e12a3a0f7f3d
B00NDZAO1O,store_896662bc1d7158e8
B00NF8YAC8,store_1cb6f990c7244b94
B00NFF02SM,store_72b1e12a3a0f7f3d
B00NFUD2MK,store_22e2ce78cbc9b89e
B00NFUDZRM,store_1ac973cb2c3aed0f
B00NFUEJJU,store_99389ecf0906bbcc
B00NFUEOIG,store_1d6b6cb1f4adb66a
B00NFUEXJQ,store_1d6b6cb1f4adb66a
B00NFUKTTY,store_b84c994d6cdbe084
B00NFULI94,store_24fd2de5396db13d
B00NFUPBJW,store_9ec1a9d7d472166b
B00NFV151Y,store_0b22b645fa295c7e
B00NFVA4Y8,store_17f57a19f195048b
B00NFX25BG,store_6bee6f571e67a943
B00NG02JXM,store_f8f626351f459ca2
B00NGK6LNQ,store_8a29ab3b727cd1aa
B00NH1I50Q,store_57c9e8200179bdac
B00NH8OYFO,store_bd2f2023dfc3a9ff
B00NHLPPJA,store_3e058bad89bea015
B00NHWSV9U,store_72b1e12a3a0f7f3d
B00NHXUQ92,store_a31760f52271fd11
B00NHXZGQK,store_31a6d80444b93ff0
B00NI11ONK,store_f57b47d45c9585b5
B00NI29I4G,store_bd2f2023dfc3a9ff
B00NIV9UDG,store_60252e3c7f7d39fd
B00NJ0VY4O,store_c1e7a7feb9d2439a
B00NLIA4LI,store_3a9d1880ea7f3555
B00NLKAOPM,store_f6011d5cad0bdbd7
B00NLKAPOW,store_f6011d5cad0bdbd7
B00NLKAQFA,store_f6011d5cad0bdbd7
B00NLLCE3Q,store_18e83f529d8ca6d1
B00NLM1MXS,store_2d17abf96e09196d
B00NNLIHLM,store_86b8b0b822a7ed0a
B00NNLK5LW,store_86b8b0b822a7ed0a
B00NNLURMY,store_86b8b0b822a7ed0a
B00NNLWGXW,store_86b8b0b822a7ed0a
B00NO8P8XO,store_84a59fefda902ace
B00NOFU1IY,store_dfb7653671ee036a
B00NOHXZYO,store_d3d8476fea3cd017
B00NONB0IG,store_1e9a7fb597e7e710
B00NOQ0U8Y,store_72b1e12a3a0f7f3d
B00NORRRWA,store_03e62d87465d8dae
B00NOVKFAW,store_0d4aa955f94837c0
B00NPDBQ0C,store_398983678ec50ace
B00NPE974I,store_fd34860037c27e26
B00NPP97NS,store_ee906c7dfc65f9f1
B00NPX8QVE,store_be669823e8f1dbcb
B00NQ44Y0O,store_e1930d376998a76c
B00NQ6OYUC,store_9678cd0a457b1cd7
B00NRC3A96,store_dc4071f4d33778d3
B00NS3LN9S,store_9e10a2bd8ab8aa06
B00NSCS1G2,store_5cddd6857c0df2db
B00NSLAVFM,store_179863534b0f5775
B00NSLNJ92,store_c9e96f3350d425a8
B00NSWJ9WW,store_2bb9dd95490eed02
B00NTS5P32,store_8148857f1ad77cc7
B00NU1IO0Y,store_c5f5e4d75252d978
B00NU843X4,store_87f7ff857170961a
B00NUM3L9M,store_d6f02c47383c4935
B00NV5SAQ2,store_86b8b0b822a7ed0a
B00NV5SRDI,store_86b8b0b822a7ed0a
B00NV5ZLO6,store_86b8b0b822a7ed0a
B00NV609NS,store_33247f7117c85890
B00NV69XHG,store_86b8b0b822a7ed0a
B00NVFFXO4,store_4a2139bf7d03c882
B00NVQHLTS,store_74446b9b5e808f88
B00NW3F8ZE,store_213409aec715cbae
B00NWW31H2,store_72b1e12a3a0f7f3d
B00NWWARG0,store_0265c7bcf3a5d5ae
B00NXIQHV2,store_c7a30fb6f01221ef
B00NXJQAFO,store_b61041b4326cb970
B00NXZA716,store_be184a86e9e61b90
B00NZPY3GY,store_d92a8475f713c733
B00O0CTXZM,store_0b16607cadbebb76
B00O1J1UOG,store_ae8aefeada626b71
B00O1NB3YO,store_24cb3526269964e4
B00O2BBC3W,store_7360f834eba101ac
B00O2G66V0,store_b23db81213c65e70
B00O2IR9QE,store_b23db81213c65e70
B00O2OEEFC,store_72981a5d6bad29cf
B00O3GXEC8,store_d4ed80c7c90ce146
B00O4B7JZK,store_de471946103842ff
B00O4D96H2,store_b05e184fc456389c
B00O4DVVTI,store_e2b4b1fd9205b54a
B00O4FQDV2,store_8fbb5cc4b3ad7d18
B00O4HH2DI,store_5d4cea6f5e1d748e
B00O51L0RW,store_6ec942d1f1fa2b0f
B00O53EX1K,store_18c86bfeaef333eb
B00O5B7RCE,store_4b79cea82e6ae26d
B00O5DBCU0,store_dc1d09e0e089ddf9
B00O5E4FGM,store_5bf6753a1b30da5b
B00O5FM0HW,store_5ac25637fe0f9b3d
B00O5YNZFY,store_28a4f59880fea79e
B00O6B9GN6,store_ecff5f36f18e9eef
B00O6JV14A,store_b9dda40320fcd81b
B00O6NI3HY,store_26f0c5b98e0b93b5
B00O75GIIM,store_1f3cda54ebba9cf5
B00O7CXMU2,store_fc4a81f3e0e2d36e
B00O7HIYJ6,store_0d5b82b989b89901
B00O8G44I6,store_0fd8a8e9695abb92
B00O92PFF0,store_28bd29c0fba245a2
B00O92QO7S,store_0083e3d9cfe00aee
B00O9RKZ8M,store_94337931b3140db4
B00O9TFVDE,store_72b1e12a3a0f7f3d
B00O9YV9WQ,store_add21beeb16d1fe2
B00O9YVE7Q,store_add21beeb16d1fe2
B00OA7W5IO,store_7fea1daba6b9faac
B00OAJHASC,store_867dd6e550c4e0f8
B00OB6D6W8,store_7d13d8103181deb4
B00OBT1LNG,store_3c18f74afc00f818
B00OCC844Q,store_046d76691e86d824
B00OCE9T20,store_6b4cf27cfa85e839
B00ODGNIOC,store_f8edf5e31b185831
B00OFTNDJ2,store_07a2e25662f8c794
B00OGQH4BC,store_7719433c1b5240ed
B00OH1KDEG,store_707f3aa9a9f6bb38
B00OHZRQYW,store_6cb65a9309a61311
B00OI60OEO,store_7719433c1b5240ed
B00OI684KA,store_7719433c1b5240ed
B00OIQ4OFO,store_590f2b0240dea9d1
B00OIZDD2A,store_9ba144a6565aba24
B00OK6YMSG,store_a7ce5b0c7e956b8e
B00OK6Z7GW,store_a7ce5b0c7e956b8e
B00OLMJRLG,store_f7619dcb93de7006
B00OLTGCAI,store_51f836aa96db69b4
B00OMORXKK,store_198236e246305d1a
B00OOE148A,store_86b8b0b822a7ed0a
B00OOE9LBM,store_86b8b0b822a7ed0a
B00OOO9HYI,store_febe38f3106cd4dd
B00OOQRJFU,store_71e32b6f064e8906
B00OP8NHVC,store_42c42eae0b4314dc
B00OQ2JNIS,store_a0f776cb676a8f80
B00OQIDUSQ,store_1ac973cb2c3aed0f
B00OQJU1KA,store_cbc4319a5b2bcde8
B00OQJVZQY,store_2580d49ff4060824
B00OQK2ZTE,store_36899ef724e07206
B00OQK9IVC,store_66e2e5c8c8705952
B00OQKBCMA,store_6a240db5444f3290
B00OQKCF0S,store_72981a5d6bad29cf
B00OQKE0M4,store_1d6b6cb1f4adb66a
B00OQKFQWC,store_72981a5d6bad29cf
B00OQKJAFG,store_1d6b6cb1f4adb66a
B00OQKQVG2,store_760b97e8486b3bdf
B00OQKX2GE,store_35498ccda50404e5
B00OQKYYAM,store_f4299f4ceca50619
B00OQL04C8,store_b2bcde04224c5045
B00OQWCQS2,store_a31760f52271fd11
B00OSZ48D8,store_febe38f3106cd4dd
B00OT43B0Y,store_87a3cfd6ec349fd4
B00OT52M7G,store_40aba07dd328c891
B00OT80VYE,store_febe38f3106cd4dd
B00OTZ3TC8,store_80a22866a446c42e
B00OUOV42U,store_bab060acbfec7837
B00OVOL7SU,store_19445b08de4b811a
B00OWZHYZ8,store_bf0918edc3432fbe
B00OX3S2GY,store_c94d2f9c5a23c124
B00OYP165K,store_4ee10fb857b16413
B00OYVI9TK,store_097c6fff52a0321b
B00OZ9VPZ6,store_818cfdb52162aef5
B00OZWSSDK,store_3b40f38967952a3f
B00P0IIKRW,store_97f693078336a24b
B00P1M9TQS,store_48da55b32da184f5
B00P2Q8MDO,store_018725cf6de803e3
B00P2T3EX4,store_5ed885bb733064b7
B00P2TJT38,store_fad53555d67b117b
B00P4O17R2,store_0f6c5d0211425307
B00P4X3EOC,store_b1e0e310f3778304
B00P4Z8TVS,store_313f31408ee666d7
B00P6IBTFQ,store_48578787d729ff65
B00P6L1OXA,store_39d1aa8f7c98bb60
B00P7CIZTY,store_8b87450a3767d9de
B00P7CO8YA,store_852116a93af1ab2d
B00P7COCH8,store_852116a93af1ab2d
B00P7CODZ4,store_852116a93af1ab2d
B00P7COT6M,store_852116a93af1ab2d
B00P7MXJMW,store_56b46c3840bcd524
B00P7XF3K2,store_21d6f28a28401efb
B00P8FHPJG,store_ebf9e183fb3b81aa
B00P8ZSKPE,store_ae8aefeada626b71
B00P93UO5O,store_f48a14a3c349997d
B00P9GDMTG,store_d8d21818c984abe1
B00P9H4LRM,store_87e45dbfe52073a5
B00P9U2T8M,store_48da55b32da184f5
B00PBB24XY,store_8fbb5cc4b3ad7d18
B00PCRDN64,store_495b4e019a492f0d
B00PCVAI5E,store_15c55fa6577d6086
B00PDRLY8W,store_b4a1390b9383a0bc
B00PEAUM5E,store_75f3709c8e796d13
B00PEHLZ4O,store_d793712da5448361
B00PERBJJK,store_9d6b35adffa72bce
B00PEVA0X2,store_1aa49fb5994173dd
B00PFKPQJK,store_0b84b5111e4323fc
B00PFM49E6,store_79de5c803e3df101
B00PG4OX1C,store_7d1223bd6017b467
B00PG8EZMU,store_0286558a9fedf268
B00PGGLADO,store_bf2013659a20b1d5
B00PGS575E,store_3e058bad89bea015
B00PHLUW8W,store_203cded6bd59ec74
B00PI8LB3E,store_3bc946e929f3ce7f
B00PIVAL0U,store_be3c493ead7e1a08
B00PMBW58C,store_daf3ef29366afaf6
B00PML48JQ,store_7955b936c48c9e75
B00PMVKM28,store_237b5017397b4de0
B00PN1E31S,store_0b84b5111e4323fc
B00PN3PO5U,store_b4a1390b9383a0bc
B00PQ41WMK,store_3b7498a0e0df842a
B00PQ67UR4,store_412c68f4843bd10b
B00PQNJI7M,store_dbac1f7e53a485d8
B00PR47F4I,store_6f55a6a9e81b0798
B00PRBG7KO,store_552f0e59084924bc
B00PRC5IDK,store_a31760f52271fd11
B00PRS5CCG,store_99705e6c047e1759
B00PSK39AU,store_ad7f224fed9c2437
B00PSKAT5S,store_d7a9593a8e8a3b5a
B00PSL85YY,store_22c039e8bc7856a8
B00PSNAPFE,store_17b89f484eb22faa
B00PSQ74QY,store_d7a9593a8e8a3b5a
B00PSRW17A,store_98dcb23af3546397
B00PSSQN1Y,store_356162fc8f16843e
B00PUTRSVA,store_e43d6fa9081243a0
B00PVJ8UA2,store_59851e905b720855
B00PVV3UE6,store_7b116494aa690f1e
B00PW5B8D6,store_78159e7b836830d0
B00PWL82I4,store_7f6bc18861c8712b
B00PXZJREM,store_9678cd0a457b1cd7
B00PZ8NGA8,store_57c4fa8276b9979b
B00PZAJJ98,store_b643049fb146d003
B00PZY165E,store_9e5a993af4f8148e
B00Q1BNG6C,store_a1b1b464705a997a
B00Q2Q3LR0,store_a4b923172b4e6809
B00Q2QEEOY,store_31b14f7f321caee3
B00Q4X97CO,store_a5cbaa6462d215e7
B00Q5BK8U0,store_d7a9593a8e8a3b5a
B00Q5K76DI,store_8969abf43f2c0bf5
B00Q5SL74O,store_831d099f9e094264
B00Q5V41NK,store_831d099f9e094264
B00Q6WEUAC,store_116075a68b80b1d7
B00Q78HSRM,store_5ece3aa48a20f450
B00Q7N23U4,store_ad7f224fed9c2437
B00Q7N55AY,store_ad7f224fed9c2437
B00Q7N5L30,store_789deb6bbf35eae9
B00Q7NGAGC,store_789deb6bbf35eae9
B00Q7NJ9A6,store_789deb6bbf35eae9
B00Q7NLTV8,store_ad7f224fed9c2437
B00Q7NM64W,store_ad7f224fed9c2437
B00Q7NMA9S,store_ad7f224fed9c2437
B00Q7PSDC4,store_4bcf7ee7b1215a03
B00Q7QHGCG,store_9a129cf4bcb46f4e
B00Q872MYQ,store_886f8360f3401b36
B00QA7WAEQ,store_94ca0da200ba19a4
B00QA8BK1E,store_c0190896b52eb0ca
B00QAISMHO,store_d70de24ca05c6250
B00QAVOCVG,store_a40790b29c4c0229
B00QAYMR56,store_51234f99a69a3418
B00QBZ7D9E,store_9678cd0a457b1cd7
B00QF1ORV6,store_5f2c730fbcdb532f
B00QF1VWQY,store_c498483ed44c5849
B00QF41O1E,store_95de54469cc142cd
B00QJ9S8L4,store_a96fd43d06467a63
B00QJA4GJ6,store_49c37c865cdc956d
B00QK3MW3O,store_886f8360f3401b36
B00QL9IF5G,store_268862922966565d
B00QL9IFD8,store_268862922966565d
B00QMS5RFM,store_82367f027e4fec90
B00QMSAW0C,store_01fc329e7ca3bce0
B00QPOZPSM,store_3b4f25eb2baf9264
B00QQLBWNQ,store_8589ae79a0e57a48
B00QSKU6Q4,store_6a240db5444f3290
B00QSSZT0E,store_8c136b571c66fef9
B00QU6OEYG,store_193e92e6826f891b
B00QVBX3N8,store_f913a7126f15e09f
B00QVN6H70,store_7360f834eba101ac
B00QVVG01K,store_d5581c39043528b1
B00QVVU4EO,store_ce89015b7934b90b
B00QW1083K,store_495657d84b2e04c2
B00QW8QGZ2,store_e87d207f916bda98
B00QY090OM,store_c56af1a194057d68
B00QYCFOWM,store_814e41cd598f0b9c
B00QZEBH5W,store_51f836aa96db69b4
B00R1795KG,store_4a0174e9e105619d
B00R1795S8,store_4a0174e9e105619d
B00R1TMCTK,store_26d5b2f3e334366d
B00R1WQP54,store_adc660706ce7c83c
B00R200PHO,store_c56c1592e852b450
B00R3JQIQ6,store_c693542a04646b78
B00R3RAHH4,store_b0026df68214d913
B00R4F8U92,store_c9b3437932eed090
B00R56T5C6,store_07815387c6496059
B00R7MBGQG,store_832463026a9d61c9
B00R7ZI7IS,store_a731abd46501d44c
B00R849DLS,store_909bc600962d7732
B00R8O92C8,store_e4d2b0b80356bc4e
B00R8VLG70,store_58e4a814b1b978d6
B00RA6873E,store_1427b83b4b854c8d
B00RALYAJE,store_1427b83b4b854c8d
B00RAMHOZ0,store_1427b83b4b854c8d
B00RBBEKIE,store_9989c8f2477258fd
B00RBZP23M,store_ad113811481d4b58
B00RDJU24U,store_9a797da9faebb1f9
B00RDMPDE6,store_5e5a3424d13d0bde
B00RDNGVPU,store_bb9cad10a3e467c2
B00RES5OPC,store_ba51a142261abef4
B00RES5U88,store_cfcbf7c926d49e16
B00RESPUDS,store_94aa7e47ee458106
B00RIT53JO,store_72b1e12a3a0f7f3d
B00RIUVSN8,store_f09798d4728cdfbb
B00RJBSOBK,store_54a8445e42535513
B00RKFL9WQ,store_53cf55fd5ddd25a0
B00RL21UOK,store_514793e52072cd2c
B00RLK75LO,store_bcc4bd968a6c6ac8
B00RLV2BTY,store_8c43b21c63f8b5e8
B00RMM6OJU,store_770d3c9e732d2178
B00RNFREKO,store_f9df1bbbce869177
B00RO9DU7A,store_c3d0bed30f4aaee0
B00RON355I,store_c8c11683b7632acb
B00RPJZMUM,store_d4f2b93f161e9891
B00RRKOZO8,store_6b06535057e3c179
B00RS7J9NW,store_d19be803f0508127
B00RTG5D5U,store_47668d39509b45df
B00RW2M11K,store_a40790b29c4c0229
B00RW8TK6I,store_23296d54192afc9a
B00RWP1X98,store_39d8de92e86f6941
B00RYBEE0K,store_60decd6142f62b08
B00RYH7AI2,store_d95b79cfc988b3b1
B00S18JWKM,store_72981a5d6bad29cf
B00S1IADKK,store_d3e31046c7f523dc
B00S1LPDZ2,store_7a058481b8d9d04c
B00S30PQ3A,store_1427b83b4b854c8d
B00S444PZU,store_64d11eebb119a836
B00S4RHKSQ,store_84643a99b5fdea7d
B00S4RO9W6,store_84643a99b5fdea7d
B00S4RTBJW,store_fb0eee3cc9197de4
B00S5OE85G,store_eaf42f156859232d
B00S7PIJXK,store_bf96185d77b1bc9d
B00S81E1YY,store_e15d3acb85fb7b67
B00S8HWWVC,store_b9637f3e29ed1791
B00S8QYP0E,store_8b5e71bb89189d60
B00S8STF3E,store_6457416f8788c300
B00S9922ZA,store_b1973a15f3909ef8
B00S9CPS3U,store_99705e6c047e1759
B00SBT8PUY,store_ecff5f36f18e9eef
B00SC7CNVM,store_31e4a20ce9d9d0d6
B00SCGMWLE,store_76fb7da2f7de6380
B00SCWGR00,store_8acc2c224dc5c801
B00SEEM64M,store_308245ef8dfd568e
B00SF8MI8Q,store_44844b8aa9d746a5
B00SG38LT0,store_1401674cc8e16739
B00SG6M1P2,store_8008b8193e0a3013
B00SJKXAAA,store_72b1e12a3a0f7f3d
B00SJSKNHA,store_a13e28f263974854
B00SK400US,store_4f4decbf9481f001
B00SKB35R6,store_c7c2b535f50ed9f9
B00SLJ87CA,store_d00ef164202a74e3
B00SM4ESWW,store_55d8a8e00960144a
B00SNLG5I4,store_eed4db8be1f15338
B00SNXTJUS,store_5683665902ed1245
B00SP9T5WM,store_ae8aefeada626b71
B00SP9T6KI,store_ae8aefeada626b71
B00SPXVZBC,store_4116b8825d66cc89
B00SQSKL3E,store_13861ed11dd86543
B00SSCHYXI,store_e22c249256db65cc
B00SSNS5BW,store_19a37da5df5153d3
B00STE80JC,store_89357c2f70c5bb24
B00SV85U6C,store_8abc3bd2caf1895b
B00SVESZWM,store_1ff9214943b9e1c0
B00SX18P0K,store_83c66fb4ee98edde
B00SXWI1AI,store_ce0ed0813a652aad
B00SZ0Y6TI,store_adf5bd5e08404df6
B00SZ2GUYU,store_00b8b809f278fe5b
B00SZ5GNDA,store_5b88ae9be6fb4236
B00SZCHHG0,store_0d6655cc0a0f4af8
B00T1T1N3Y,store_72b1e12a3a0f7f3d
B00T2GO45A,store_d1374de9aa4a02d7
B00T2HC1V8,store_a40790b29c4c0229
B00T2HFC00,store_982ba26c4d6a26a1
B00T3H1U82,store_7ab4b0a80acc6ac1
B00T3HC5M2,store_caf0cdd2f927e86f
B00T45V7JU,store_1e008a25d09ab1dc
B00T460PA6,store_b433f52c7cd96616
B00T4EL5WU,store_a546381ee32fbc11
B00T4VM0QI,store_3ad7549e38618b3f
B00T56MKPS,store_c9600527f45e29da
B00T5JNB26,store_6096391600adcf3c
B00T5KO2IW,store_da7874969d14f4d3
B00T5KQAUU,store_46a808cfd5beafa5
B00T5YV6KU,store_60cc8507ea8f3033
B00T6U10O0,store_b5be99689cd3c9e6
B00T84A2KM,store_871cf921a4a31ae7
B00T871FEG,store_ae04239780dccbdd
B00T8RH6EE,store_1a70627d3a7c589d
B00T8XOQB4,store_be3c493ead7e1a08
B00T9GVHZI,store_bd07492e3ecf21b5
B00T9NSPH4,store_d32952c0cfbb587a
B00TA30HK6,store_4eaddd83a3221965
B00TA5JLP6,store_9a129cf4bcb46f4e
B00TAHJOYC,store_ae8aefeada626b71
B00TAP453E,store_b4ba27b467b3cc47
B00TBT7MM0,store_352e44224c2ecd50
B00TBXUXPO,store_80a22866a446c42e
B00TBXUYLM,store_024f1cb8e40ed68b
B00TBXV42A,store_8c136b571c66fef9
B00TBYKOZC,store_80a22866a446c42e
B00TC5582Y,store_4116b8825d66cc89
B00TEEDQLS,store_bb9cad10a3e467c2
B00TER5KD2,store_daa09469886f12c6
B00TFWBZ30,store_0b84b5111e4323fc
B00TG27FYM,store_34f71808fabcb07d
B00TG5YPOW,store_64d11eebb119a836
B00TH3QL5E,store_051a3331d3a3b847
B00TH6AK9O,store_db586c464fd8b2da
B00THH96Y8,store_a40790b29c4c0229
B00THID5AI,store_02653232e6c04649
B00TIHA0IS,store_3cff865e875be067
B00TIVU1B0,store_09549b53d952008e
B00TKIW3R6,store_c01d0ce76f851e0c
B00TKJET7W,store_271bc97fbd5dc8a7
B00TKP0D1C,store_62ba5f7934fdc07f
B00TKTBWBI,store_dd438cd07441bf41
B00TNGJQ6Q,store_02507a448bbcaf60
B00TNREDHW,store_5025c148f2d7b7ca
B00TOX0ODM,store_00d6217d0d2d056e
B00TPDSM4E,store_01346bb39be073da
B00TPZJD0Y,store_dd438cd07441bf41
B00TQ7Z2R4,store_dd438cd07441bf41
B00TQDBSPI,store_400ebbc9fce2b336
B00TQFL40U,store_3c5d3e2b856cb4b4
B00TRLGT5S,store_8afa4984daa6b489
B00TT7PW2G,store_3f110ea2fe087c2c
B00TTS7YBC,store_7113ac62699b2af7
B00TU9M0CS,store_4c787be996193588
B00TUAMIHO,store_26d5b2f3e334366d
B00TUDHZ5Q,store_ef9610d905c20bf6
B00TUERH6M,store_26d5b2f3e334366d
B00TUJB7GS,store_d793712da5448361
B00TUPUHF4,store_b1882d553734513f
B00TWPKE8W,store_a83ce45f189402e5
B00TWZ93CK,store_80a22866a446c42e
B00TWZCDLI,store_2b43c1e724ba82ec
B00TZN4DK6,store_26f0c5b98e0b93b5
B00TZQVQ76,store_d7f7d8bdfbb6397f
B00U0D1RJU,store_68eb6744248467a4
B00U0DBLLY,store_51445acc2a95e33e
B00U18SNQE,store_4fed743b83bd9c96
B00U3KSCIO,store_28fd04bcbd4cfbe4
B00U3M25FS,store_28fd04bcbd4cfbe4
B00U3XWY9Y,store_1b03f95310400419
B00U49MMQM,store_4130f73b07e63316
B00U4MJKFU,store_6d3a14e431c9546e
B00U5J1PX2,store_4a1060b93962aee6
B00U6AUF36,store_1ceed3d7b8cb85e9
B00U6TD5RA,store_d793712da5448361
B00U79UMZ2,store_8c6ef234b24b88e1
B00U79UPQI,store_8c6ef234b24b88e1
B00U81LVZE,store_cb1426a8dd01f8bb
B00U8QF5JW,store_79cb9a1f3a6f821d
B00U97TI1Q,store_d793712da5448361
B00U9ELHM2,store_59fd53866a49f77a
B00UA2CSH6,store_8d062c80d0ed3779
B00UA6VPMG,store_f1c8d96574f0501c
B00UB0JU5U,store_be3c493ead7e1a08
B00UB63WF8,store_f12658b0b4235b2d
B00UCMO2U0,store_bc32c6fe0275b333
B00UCYXMJ0,store_6557035ac1adea3c
B00UDTO3P6,store_2da9daab7fa67962
B00UFPHFS0,store_14ca1fcd236aa43a
B00UFVS0G0,store_1e37c39b4551e649
B00UG7J9BS,store_77bb139300082ad2
B00UG9I0RU,store_bd07492e3ecf21b5
B00UHDFD3O,store_72b1e12a3a0f7f3d
B00UHDGK5Y,store_72b1e12a3a0f7f3d
B00UHDHC5G,store_72b1e12a3a0f7f3d
B00UHS32VO,store_2c1e5322e8c98115
B00UI0B7KE,store_44d968cb514940a3
B00UI9785I,store_5f04a8843e6c2de6
B00UID833A,store_17f57a19f195048b
B00UIV8D14,store_5ac5798a0a5a3fa7
B00UIV9PV6,store_880c7f3226284e3b
B00UIVFVZK,store_0808b81bf29cde3a
B00UJOSJ96,store_a84e9a8748d3e751
B00UL8RJ1Y,store_d01a3ad19d26969b
B00UMDL61M,store_1ceed3d7b8cb85e9
B00UMR1C0S,store_67f451fa69876c3c
B00UNQEK3E,store_12d590e5a0065f15
B00UOLD5IE,store_33b4b9d78d7f2e99
B00UOTB0JC,store_886f8360f3401b36
B00UQWLINA,store_f07e941bc26f9d80
B00US42CY0,store_12d590e5a0065f15
B00USLI2O2,store_8e972c04d24e0e96
B00USXDUT2,store_a40790b29c4c0229
B00UTJMVXG,store_e5e9fa1ba31ecd1a
B00UV80M8Q,store_96eb6a46de6d02eb
B00UVN1H6C,store_5ac1009a82da5eec
B00UVQLYA8,store_f697e0530317509c
B00UVXAG50,store_f465e0b033bbb99c
B00UW28UZS,store_58e6b3a414a1e090
B00UW4ZPGI,store_1c1d1773bb394874
B00UWWZ9Z2,store_f5e8cb8b7c067b71
B00UXGUY7U,store_6ea45aa136124f3a
B00UXT3GIG,store_1a7f53215249c926
B00UXT402W,store_8afa4984daa6b489
B00UXWRGXE,store_1c1d1773bb394874
B00UZ1VF3A,store_ecdb6dfd69ff6978
B00V3MZTT6,store_01eae422474fcc39
B00V45AUSW,store_213409aec715cbae
B00V4HHVP0,store_71e32b6f064e8906
B00V4HHVSW,store_71e32b6f064e8906
B00V4HHVZK,store_71e32b6f064e8906
B00V4HHW04,store_71e32b6f064e8906
B00V5CDD9C,store_16ef1d431149d2a0
B00V5GLBEM,store_146a56cb9d7204e4
B00V5GMZBA,store_146a56cb9d7204e4
B00V5JV3C4,store_0a6ca81d300dbabb
B00V6WFALA,store_bd368af9d37eaaa4
B00V75VXR6,store_5c60b56b1f443c9f
B00V7CY82G,store_948cc7cba6349a20
B00V7II1AK,store_a0c7b713051c13c4
B00V7MMKXU,store_71e32b6f064e8906
B00V8W01S0,store_ec31e96bed8684ee
B00V94Y21E,store_5ba078a6a3c62fc8
B00VAJQW6Q,store_e85fecaa08ce883b
B00VDFCR52,store_1dd7a1149728f6c7
B00VE1KFE0,store_3228dd0d03a29c2a
B00VF0HO9Y,store_2e40b3310df1d63e
B00VFU35EW,store_7a7257e9fc655435
B00VG1G0SS,store_2e40b3310df1d63e
B00VGEJIPM,store_8c4886c60b82f5aa
B00VGN5XAW,store_e8181cf78100ea5d
B00VH5A4WQ,store_311a44a65324ad88
B00VIJE6E8,store_400ebbc9fce2b336
B00VINQMIC,store_6b9924e16c3427ab
B00VIQG7UW,store_1c1d1773bb394874
B00VJSLYZ2,store_95de54469cc142cd
B00VJZSJ3U,store_72b1e12a3a0f7f3d
B00VK65JTK,store_7165d1e7bdbfa694
B00VKEV0L8,store_4600b78d54c43809
B00VKXVSGG,store_60cc8507ea8f3033
B00VL0VB56,store_89b77aa2a0634233
B00VMASUKO,store_c72902565448f5fb
B00VRTTGA8,store_22df359bb3b96e01
B00VRTX7NA,store_22df359bb3b96e01
B00VRYGDD6,store_b0026df68214d913
B00VSCDS1M,store_d370bb9d434f4bd7
B00VSDZTKY,store_c68bcd8c19bfcd8a
B00VSPYFPC,store_f1a970800841063d
B00VTLNWLI,store_1c430b47fcf6bad3
B00VTSZFA2,store_99832fece78a348f
B00VTVQ07G,store_99832fece78a348f
B00VU0WWO6,store_66de621acf2f85b5
B00VU2ZT2G,store_b6204a75b33ab444
B00VUFO8X4,store_da32f02e8144c185
B00VVHBJCY,store_204553f6b00fde3d
B00VVO3Q0A,store_df735aced8468845
B00VVRAXOE,store_44827c2a36695052
B00VVV8YW8,store_8b66b9fa17b884cc
B00VW8C4TO,store_22df359bb3b96e01
B00VXQ8Q42,store_72981a5d6bad29cf
B00VZOZ9RE,store_44827c2a36695052
B00W0KGGY2,store_4adf54b9617b9013
B00W1THPAQ,store_517e230ac1e45ade
B00W4MAD9U,store_593e3262135de7f9
B00W660Z4C,store_16758e7ca5533fbb
B00W84M8H4,store_77caea202b697dbd
B00W8NE4QI,store_57b0264b26fab07b
B00WAC9T2G,store_1427b83b4b854c8d
B00WAJ9HB2,store_83541e5ae84aab8a
B00WAJB7CY,store_9e10a2bd8ab8aa06
B00WDBOKUK,store_2124037ca66a33c1
B00WELY180,store_99769ecf3f20ce80
B00WEN2SXS,store_185698730058435d
B00WF6N7RA,store_e9cffb52098f4489
B00WGJY7XY,store_bbb286479461a1d5
B00WGKUJ8U,store_58aca53e80740c12
B00WGNRGTC,store_f353e4155b4213de
B00WH4T6L6,store_9300061eaf6a61a8
B00WH62GYS,store_9300061eaf6a61a8
B00WH8IIRK,store_9300061eaf6a61a8
B00WHIULXY,store_3b7498a0e0df842a
B00WIKX7Q4,store_56c3e9bf26c90251
B00WIXW4OC,store_32b1bdf519deb1ef
B00WJ7TADA,store_8b5e71bb89189d60
B00WJHPZ8Y,store_70bc1cedcd7459fd
B00WL2WMD8,store_41c14bca98f3d619
B00WLHI8GS,store_1427b83b4b854c8d
B00WNAUEXI,store_51f836aa96db69b4
B00WNBFT8M,store_51f836aa96db69b4
B00WOW8UJ0,store_a6a200f1a4eed9d3
B00WPAQME6,store_d793712da5448361
B00WPTPNSS,store_4d779f4e24c09b1a
B00WQEJV6M,store_d9bca2e4d5e5d67a
B00WQGFEXO,store_9a3bb223056a8609
B00WR1Y14Q,store_7bd63cd03ace7bbc
B00WRJ72PS,store_77b893439c42f656
B00WT5S0PG,store_2baa6b53c32c8e34
B00WT7ZU5W,store_8760b980f24167d1
B00WTE6R1Q,store_0d4aa955f94837c0
B00WVYH4HA,store_ad6cc5a6a3f3570e
B00WW8FM10,store_1ca7a1a1155d957c
B00WWBCOSG,store_54e6e83630303cac
B00WXW97RA,store_bddb6cf567ef97ce
B00WZVDO0U,store_b78809cd2762d87c
B00X1QHOD6,store_813d0f12bcb55abf
B00X3JQ1SA,store_71e32b6f064e8906
B00X3TCQIO,store_e0d1383d04ec4575
B00X3TTOYI,store_e0d1383d04ec4575
B00X607URW,store_1c1d1773bb394874
B00X63PZZ8,store_1c1d1773bb394874
B00X65R1E4,store_18325ca5b4216485
B00X6AOGV0,store_1e2ef44e175f4b33
B00X87MEOM,store_6c5ca1d8d4b9c4f9
B00X8CFLNS,store_5634121610517295
B00XCZXZE8,store_43ccbed490b5b6fd
B00XD8NAMQ,store_e333a30486c7783d
B00XDW60G0,store_03e6837c3a8d49ac
B00XEGDI10,store_bb6edd252117f76c
B00XH6RI5E,store_0f360abc1440dcbb
B00XJ2D1OS,store_b5df2fb65af39320
B00XJ2D8G4,store_b5df2fb65af39320
B00XJTYO24,store_4b9c68ad43e386b8
B00XLBP1JA,store_4ea6fdc961208b93
B00XLQB2D4,store_3b7498a0e0df842a
B00XLT4QPW,store_08f9c1cdf6cc8e98
B00XM0UT7Y,store_51f836aa96db69b4
B00XOSMH4M,store_53ad7c3bb9617e4f
B00XPP9DQE,store_a40790b29c4c0229
B00XPQVDM0,store_ce033e45c3ca4b3f
B00XPRU7I0,store_d793712da5448361
B00XQ19HN6,store_54a8445e42535513
B00XQEX18A,store_934556b599543999
B00XQP2I0Q,store_6d542fb955937264
B00XSSC3TW,store_769572ee2b997f84
B00XTTMPVQ,store_b1677e8645f10747
B00XTYLM56,store_2c64752f57ec8e09
B00XUSB84Q,store_c745e97d0005a546
B00XWNLIWG,store_a31760f52271fd11
B00XWU8KVQ,store_2aa541ffbf852484
B00XYKS5OQ,store_08f9c1cdf6cc8e98
B00XYKW74A,store_08f9c1cdf6cc8e98
B00XYKW7S6,store_08f9c1cdf6cc8e98
B00XYL6WJ0,store_08f9c1cdf6cc8e98
B00XYL724E,store_08f9c1cdf6cc8e98
B00XYL79WY,store_08f9c1cdf6cc8e98
B00XYL85M2,store_08f9c1cdf6cc8e98
B00XYL8LJY,store_08f9c1cdf6cc8e98
B00XYLAYYO,store_08f9c1cdf6cc8e98
B00XYLAZAW,store_08f9c1cdf6cc8e98
B00XYLBKF6,store_08f9c1cdf6cc8e98
B00XYLJWCE,store_08f9c1cdf6cc8e98
B00XYLKVYC,store_08f9c1cdf6cc8e98
B00XYLLXGW,store_08f9c1cdf6cc8e98
B00XYLNWS4,store_08f9c1cdf6cc8e98
B00XYLOKWQ,store_08f9c1cdf6cc8e98
B00XYLPGBA,store_08f9c1cdf6cc8e98
B00XYLPMPK,store_08f9c1cdf6cc8e98
B00XYLPQDI,store_08f9c1cdf6cc8e98
B00XYLTGSY,store_08f9c1cdf6cc8e98
B00XYLZ99E,store_08f9c1cdf6cc8e98
B00XYM2MZM,store_08f9c1cdf6cc8e98
B00XYM4UYS,store_08f9c1cdf6cc8e98
B00XYM54TI,store_08f9c1cdf6cc8e98
B00XYM8CH4,store_08f9c1cdf6cc8e98
B00XYMCEYG,store_08f9c1cdf6cc8e98
B00XYMCRA2,store_08f9c1cdf6cc8e98
B00XYMG1HC,store_08f9c1cdf6cc8e98
B00XYMMZPO,store_08f9c1cdf6cc8e98
B00XYMNZOY,store_08f9c1cdf6cc8e98
B00XYMOJT4,store_08f9c1cdf6cc8e98
B00XYMW2FM,store_08f9c1cdf6cc8e98
B00XYN0XBQ,store_08f9c1cdf6cc8e98
B00XYN28E6,store_08f9c1cdf6cc8e98
B00Y09HJAQ,store_886f8360f3401b36
B00Y14CKRW,store_e5471ebb60cc61dd
B00Y1C2CCM,store_66e2e5c8c8705952
B00Y1REAMC,store_a1dbe6cf8f430256
B00Y2J20GM,store_1909f753726bffe7
B00Y3DF9X8,store_3006ff9a1fe99f3d
B00Y4B1SIE,store_48b0ac76dd1b95de
B00Y5USZOO,store_948cc7cba6349a20
B00Y5Z1ME4,store_18c86bfeaef333eb
B00Y71DURS,store_bd07492e3ecf21b5
B00Y76W1LE,store_12936afa1ea6f76d
B00Y7NQSHU,store_fbbbffdd9dfd5f3b
B00Y7YQCQQ,store_9989c8f2477258fd
B00Y7YQLAI,store_9989c8f2477258fd
B00Y7YQV9O,store_9989c8f2477258fd
B00Y7YR4GS,store_9989c8f2477258fd
B00Y7YR5G2,store_9989c8f2477258fd
B00Y7YR9WC,store_9989c8f2477258fd
B00Y7YRHLK,store_9989c8f2477258fd
B00Y8OFU18,store_40aba07dd328c891
B00Y9B042U,store_11b8712b5430f47d
B00YAFS3F0,store_951c0ab77d6ed9ab
B00YB2CYFC,store_eb1402c3cbfb6480
B00YBW959U,store_a7ce5b0c7e956b8e
B00YDENQC8,store_1427b83b4b854c8d
B00YDG17D6,store_94c2153c953df7d3
B00YE966A6,store_96c805f0d7071fe3
B00YEETARW,store_01aabd2809772b64
B00YELTWOQ,store_7b032da51ba2dd7c
B00YG3HT10,store_ca790186ee65299d
B00YGY600A,store_f53b5375d42e2967
B00YI9XO8Y,store_ef9870890b0c7727
B00YJUNPRC,store_52e68cf9de812325
B00YK0D0KI,store_14b6e01b5078482e
B00YM2IPIG,store_71e32b6f064e8906
B00YMP7RZU,store_60cc8507ea8f3033
B00YNKDVBI,store_a598a6ed5790ff6b
B00YNQB0WE,store_833a0191313a8edd
B00YNRRTDW,store_7e7bb32352d0d43b
B00YOJHFVK,store_d0bb1f32f127741d
B00YPPR2HA,store_a598a6ed5790ff6b
B00YQB5WFW,store_2a04dc2baa977fee
B00YQTQ9I8,store_6dde20c93489cf52
B00YR36YZG,store_9d7dafd23c3943e0
B00YRODWBY,store_96f2ddb92fe23b50
B00YSJ3C7C,store_082553f13fac9a12
B00YSQ8XQK,store_75160c2c8bd58600
B00YUCVJFO,store_a7ce5b0c7e956b8e
B00YUYIOLY,store_7360f834eba101ac
B00YVCWUCE,store_3e25834fbf7c72fe
B00YWFT5G4,store_024f1cb8e40ed68b
B00YXX0M58,store_9fdd54f292ea72c4
B00YYGP48Y,store_b74f914be75dca5b
B00YZ3AB66,store_b4ea76b0108f22da
B00YZK8ZJE,store_23f52049c44e0880
B00Z1QZ4KY,store_e703c5cc854887be
B00Z7GYAMQ,store_bf9e299475f8b125
B00Z7WJMAA,store_d793712da5448361
B00ZARBF20,store_7068df413e1f46f3
B00ZASJKNA,store_a1e0fb1b02f741c4
B00ZB090B4,store_8afa4984daa6b489
B00ZEAH626,store_e2283f0e443edc71
B00ZGBAQUW,store_8e277f98528ac87f
B00ZGYH83C,store_fa59e45932ebe7ab
B00ZGYTTNE,store_18c86bfeaef333eb
B00ZH485PG,store_9e4e53e65b8b145f
B00ZI6S2CO,store_96c805f0d7071fe3
B00ZIMJXGC,store_c4596fa09c711a88
B00ZIMK5UA,store_c4596fa09c711a88
B00ZJ7DK24,store_aa2315598f59ceb2
B00ZJGWA8K,store_07c03acf7a01a63d
B00ZKYVRWQ,store_434dfde265a9af6d
B00ZMC1KV4,store_956d649962680ed0
B00ZO4LL8W,store_4606be9548fd18d4
B00ZORYBVI,store_9f021a58555b15b6
B00ZOTKPG6,store_9f021a58555b15b6
B00ZPSV6YQ,store_8afa4984daa6b489
B00ZQGA2CY,store_742ead46d66f0fc6
B00ZRPR9BG,store_01fc329e7ca3bce0
B00ZRYMPHA,store_a40790b29c4c0229
B00ZS4NBJ0,store_72b1e12a3a0f7f3d
B00ZS8F73Y,store_5cdcc101ba0dd2d7
B00ZSEZLOI,store_9c8c7e6174799223
B00ZSUMHUS,store_6950bae3d2ff8073
B00ZT5XZ62,store_6599b351e64a7d3d
B00ZT8C0G0,store_71e32b6f064e8906
B00ZTY6QM8,store_baad1fbedcb4a5f7
B00ZUD6NNK,store_9e4e53e65b8b145f
B00ZUS7000,store_a40790b29c4c0229
B00ZV6VTCG,store_e243b60eaaf0bdfc
B00ZVTSZCK,store_1dcac1d3485ee1f2
B00ZWZD1HM,store_7ad121d9fd0b9d06
B00ZYWUCZC,store_8afa4984daa6b489
B00ZZG77OQ,store_9e4e53e65b8b145f
B0100SNTE0,store_852116a93af1ab2d
B0100U8R90,store_6b8a058216284fd6
B01019TJNI,store_8afa4984daa6b489
B01034KQG0,store_21b6fc6080bc2a54
B0104DLRR2,store_0d5b82b989b89901
B01058ELOW,store_7daec688f98d3646
B0105P21SI,store_9e4e53e65b8b145f
B010693W54,store_0c0753b4d7d69c48
B0106VH910,store_c9d9cc01617eca80
B010775BB8,store_7fdba9f270bfdc5d
B0108UD698,store_a901a0c7ff05222d
B010ASU9VQ,store_e3a7fce121d19f4b
B010B0BSN6,store_6e8d619462620570
B010C7OL7S,store_8763d43e619f11e7
B010C7Q4BO,store_3caf47a77e9878e6
B010C84MVW,store_681764e93611b6f9
B010C9LJ7G,store_85cdd2942c8940d9
B010CCH0IA,store_63ab4b5f79c57422
B010DBILF6,store_9e4e53e65b8b145f
B010E7LZ02,store_051a3331d3a3b847
B010GL5CEQ,store_ee23fb4f3dbfcc32
B010GNW88C,store_f7f6c82f53282070
B010GO0JUK,store_2b43c1e724ba82ec
B010HL2EWS,store_c03859978e097b4f
B010ITYAX0,store_d7a9593a8e8a3b5a
B010J7VQ88,store_2dc9b32c4c5047ab
B010J8DJD2,store_a40790b29c4c0229
B010LOEPS2,store_dc4071f4d33778d3
B010LQ8WPW,store_788d1e5d142a1dbd
B010LY87KO,store_6c62e634ceab964d
B010PABBQQ,store_1b37d57243f13de4
B010PJYJIY,store_18a80038ed67b3b8
B010Q0U0DK,store_8c8fa910e86e06b1
B010QO5TBE,store_94d6ac2ab8776e01
B010QXBXFG,store_25b98e14614b4773
B010SJCTKQ,store_400ebbc9fce2b336
B010SQOXRG,store_48c021e046d0df96
B010TM0I4Q,store_68eb6744248467a4
B010U9R1CA,store_72ed3d1bd6cd211d
B010UT9QPU,store_fc44bf14f258b9bb
B010UWO8R8,store_2725934cc6602051
B010W5D0PE,store_9a797da9faebb1f9
B010WL58OO,store_464b6002d8d3f566
B010X7D7X6,store_2725934cc6602051
B010X7D7YK,store_2725934cc6602051
B010X8KUY4,store_2725934cc6602051
B011057VHI,store_74326c88712efc59
B01136XKJ2,store_9304c57d155cb68a
B0113BF8NI,store_72981a5d6bad29cf
B0113X8FOU,store_6ae35f8ee9066a7b
B0115NNAAW,store_70ec68b7cb255916
B0116NG0BM,store_c8deed0f8eeab58d
B0116QOQ7Y,store_3ca939863ccb2e02
B0117N99AK,store_1c1d1773bb394874
B0117TKQUG,store_08ae8e99ef2d980d
B0117TKQVK,store_08ae8e99ef2d980d
B0117V30BQ,store_e4c90ab22592880d
B011850L2W,store_68eb6744248467a4
B011933WJM,store_61d3c1f6a3759de5
B011954TM4,store_10a9318c185d8508
B0119551JY,store_10a9318c185d8508
B01195J43I,store_10d267e1b79c05fe
B011AZLQ4C,store_c5c66bba3a819773
B011CS35QE,store_22df359bb3b96e01
B011D4Z30S,store_d793712da5448361
B011D5MG1G,store_d793712da5448361
B011FBTV2A,store_946bf97adab720ed
B011FOMO94,store_7ff90422ce794529
B011FR6ZGO,store_2d191269df1bda14
B011I9FUNS,store_2ee3222f552dafbb
B011IDM38Y,store_01d4fc913699fca8
B011J5KIWE,store_d793712da5448361
B011KJ084M,store_9a17a1fda1749c1d
B011MTR5QO,store_b7429ce0992e18e2
B011PPLCUU,store_8d062c80d0ed3779
B011PU2S62,store_24dacb0d6b872f84
B011VXJHXU,store_afe003f11764b023
B011Y5NZ4W,store_2d191269df1bda14
B0120O7F60,store_a40790b29c4c0229
B0125FZIFO,store_1dcac1d3485ee1f2
B012B3DFKU,store_2f50e5ff9b23c388
B012BGWW74,store_662b54819670ffe7
B012CWAP94,store_ba0a5e067fe01f68
B012E67MH6,store_4c4d9c30a2b1e151
B012E8AO10,store_79ac6d4638a101f0
B012EJH8MM,store_9eb22d7beb527a5f
B012GJPEZ8,store_207a8db40a17c420
B012GKBNFM,store_207a8db40a17c420
B012HHZ562,store_bd07492e3ecf21b5
B012HUFAJQ,store_e0cfaa9754f11579
B012J7SKO4,store_d793712da5448361
B012LNEXY2,store_f697e0530317509c
B012LNQM2I,store_f697e0530317509c
B012MCRSOY,store_52366423ea23a5f9
B012MU25AS,store_0c11d463c749db58
B012NC4H06,store_e0541ab27590b504
B012NTHC7Y,store_320ba8cb0dead8b1
B012OJ7M3C,store_9638d8bc909ae52c
B012POL9Q2,store_c092f39e924e767d
B012PXXQHI,store_22c039e8bc7856a8
B012R8TWYW,store_3485aa3bd9d8a4b3
B012TSDT1W,store_e197fcca12f470ca
B012TT73AO,store_4b34dee04ee7d2cf
B012V77VHE,store_55e9f60df652abee
B012XVTP8Q,store_f6011d5cad0bdbd7
B012Y6Q416,store_22c039e8bc7856a8
B012YDKU8W,store_4d52c56a68b3b491
B012YJ1A3K,store_a45b8ad59e191496
B0130RZ2HK,store_4c787be996193588
B0131BTI98,store_982ba26c4d6a26a1
B0131C3HWQ,store_211f8f561c32a44d
B0132SDO2W,store_72b1e12a3a0f7f3d
B0134J3EME,store_1c1d1773bb394874
B0137GD0CS,store_1c1d1773bb394874
B0137I69NI,store_b7fd2340adc6b195
B0139TUKD0,store_c4bbb1436fd9ac26
B013ALDYQ2,store_8b5e71bb89189d60
B013AQUC4E,store_74663ea1d3c1b132
B013B1KRKM,store_9989c8f2477258fd
B013D1HFZU,store_22c039e8bc7856a8
B013EX93RK,store_13178afcd4810da5
B013F0JU7U,store_e7411abe2816fd57
B013F9YRNI,store_c236bd82554f0e73
B013GCHMH2,store_aaf4c61ddcc5e8a2
B013GOKKW4,store_941be5faf0234e3c
B013GTLEKQ,store_dce90bef6aa1f62a
B013HADG64,store_d793712da5448361
B013HDOV92,store_22c039e8bc7856a8
B013HEF2IK,store_22c039e8bc7856a8
B013HEI4IU,store_2c1e5322e8c98115
B013HT6VDU,store_0285e81a76c8431b
B013IIV9CI,store_67115f7f07c53808
B013J0NH5C,store_33f2e616af2b5e84
B013KOC5TQ,store_d69de56d6baca938
B013L800JI,store_03e131b6ce4bb7f7
B013LIGXYO,store_e58001ed26e6c49e
B013LOZ3XU,store_817c225703cf9ed4
B013M4VZ9K,store_dec03015e8ad74b6
B013MFDB3W,store_8b5e71bb89189d60
B013MGSY6A,store_446ea01787ec8777
B013MIKFDS,store_7f884acb0b93752b
B013NTIICG,store_3213a5a58c61779f
B013OIPGB2,store_615e2891eaf71614
B013OMEHWM,store_d9588028e70d6763
B013P9IEQ4,store_1c6afccc8e438cd5
B013PUWKDG,store_d793712da5448361
B013Q9HRW0,store_3024389b08fddb73
B013QN7XBG,store_814e41cd598f0b9c
B013R45J2Y,store_060b5bcc73727d06
B013RADNTO,store_930bb5a5f2d7dc41
B013RGDZLY,store_87d39f794cd0b1a8
B013S9U5E0,store_7947deebe16cb40b
B013SRINXM,store_320ba8cb0dead8b1
B013TBN52G,store_da5d008890e6631e
B013TDEM3A,store_7ab4b0a80acc6ac1
B013TGGYMO,store_e9d71f5ee7c92d6d
B013TQS0DK,store_7c43e0e9bae7cc54
B013TSB0OO,store_74e10024284bd4b1
B013TU42KQ,store_9eb22d7beb527a5f
B013UB29PE,store_c640b3206bd4c191
B013UDRZ9M,store_955a4db06c9ece02
B013UPS3E6,store_585b9ddcb2793894
B013VPQ298,store_55e9f60df652abee
B013VPSOR6,store_fdd69185cb45208e
B013VUW7E2,store_1512f7caa4203fdf
B013XBAQIS,store_d793712da5448361
B013XH5Q5U,store_00d6217d0d2d056e
B013YM3BT2,store_8b0897435748820e
B013ZHPLJO,store_a3a7b63f466ad674
B0140EEAX4,store_80fa705a8ce32fba
B0142WR8MO,store_2a51d0a0b5381022
B0143CD6RO,store_1dcac1d3485ee1f2
B0143FDM2U,store_a6e16047b81917c0
B0143MNQVK,store_2baa6b53c32c8e34
B01453A6YW,store_8a97a74d05a9c9de
B0145MJV4E,store_6e7a07884c7c74a8
B0145Q5OLY,store_3bd40685c9468c40
B0145UGRTS,store_b64d00716bfe99e2
B0145XI8RO,store_e8487cd3973a6215
B01461041I,store_99d68897b3d24d61
B01462T7BU,store_fdfa0703b6d5006c
B014647X7I,store_784b4b419b06d9da
B0146F7B92,store_6d489c6ff8db5503
B0147EARPW,store_99832fece78a348f
B0147I957O,store_51f836aa96db69b4
B0147I95YM,store_51f836aa96db69b4
B0147KM3ZI,store_45a19d408150eda9
B01488Z1JE,store_add3b5f637dbae26
B01494L880,store_f2abe1eb93f81307
B01497J64U,store_28fd04bcbd4cfbe4
B0149DPTPY,store_05beab6ef3e4d093
B0149DT3WY,store_124ed3f736a91403
B0149KTLNI,store_6ea45aa136124f3a
B0149KX026,store_8723f855cf7f998d
B0149L2P3K,store_70fed7b7b4a3b0b1
B014A17KUM,store_a40790b29c4c0229
B014AGJHUS,store_57bed93aec59a335
B014AH8CBW,store_2dc3e1bac9eed0e4
B014BPDDZI,store_3dfdae4fafff94bc
B014C6ECEM,store_0946548639d5c158
B014D1OR7S,store_febe38f3106cd4dd
B014G7QRKO,store_769558b18f5331bf
B014G9BI8I,store_c4c92f2a6965ef7e
B014GCS7MK,store_c798181b75ad330c
B014GJUCYE,store_2d1f20bc0143f4ce
B014GJUEEC,store_2d1f20bc0143f4ce
B014GQVL0Q,store_5ffe533b830f08a0
B014HZ218M,store_fb8cb679d43e409a
B014I59EBI,store_22c039e8bc7856a8
B014IVX7G0,store_2d1f20bc0143f4ce
B014JOL9MA,store_d7a9593a8e8a3b5a
B014KT2EIC,store_3aea96e7a8174e34
B014LOJYH0,store_30645af31ec9038b
B014LVLT7G,store_e3065024c258429f
B014LYBA9K,store_175cb188fe15b14f
B014MLQFRE,store_f9d50ddaf22bfdc1
B014MSV5UE,store_17c8990c59a53d04
B014N7WPOY,store_ccdf33430552384d
B014N7WPUI,store_ccdf33430552384d
B014OJPW1Y,store_87a3cfd6ec349fd4
B014ORBVDE,store_564e6f1947637e98
B014Q2KKVQ,store_b8de13de394e6bab
B014Q32GPS,store_446ea01787ec8777
B014QJPAO6,store_17c8990c59a53d04
B014QZKC84,store_febe38f3106cd4dd
B014RD3W50,store_b6924784ba5fa4a1
B014RUTCK2,store_2e45985770fea673
B014S5VT6Q,store_82641a91181bbf18
B014T3QBLK,store_82d7ff20633007c6
B014T5EUTI,store_4fbe6f47bd73c354
B014TA44OO,store_54a8445e42535513
B014V33JM2,store_e7c3571d3e95b0ef
B014VC4O5E,store_830ecb0551a2e117
B014XOR0L0,store_b9db21ce35df90a9
B014Z8DG12,store_9e10a2bd8ab8aa06
B014ZVB2TM,store_28a4f59880fea79e
B015019IWO,store_99e9f003698bcf29
B0152VPE7A,store_fcd17b7112f71532
B0153QL1JE,store_a40790b29c4c0229
B0153S8W44,store_dc391dbc6111e82c
B0154BI2R2,store_febe38f3106cd4dd
B01555WAOS,store_a40790b29c4c0229
B0155K430M,store_514793e52072cd2c
B0155KLMCO,store_3ccdd22586228a03
B0155LI2I0,store_514793e52072cd2c
B0157CHSIW,store_a40790b29c4c0229
B0157DM7WS,store_e24816aa846ebe1b
B0157RDONA,store_431c578c9922a3d4
B0158YFM78,store_da4dbfbc4fdc5623
B0158ZIZ44,store_6dfd7289040ef342
B0159D9ZJ4,store_a76eeafbdc77be84
B0159TSREM,store_807837a32c748087
B015AA25CA,store_7c980171eaff0d92
B015AEIYS0,store_44c405eb32df117c
B015AERUM6,store_28c37014369ee3ef
B015AJKVCC,store_d793712da5448361
B015C5MBAO,store_d4a6a25e45b38c34
B015CSZEVY,store_ee042ec79f866bea
B015CYZC92,store_77361fca965b3e53
B015CZFDBI,store_8a3e45c38275d055
B015D0AJZM,store_50141f5509d1d2e9
B015D0NC3S,store_50141f5509d1d2e9
B015D461V4,store_f00312f296ae4f65
B015D5UDH6,store_9bdd27bb65a4ea68
B015DRJBMM,store_887d4c6db8035008
B015EUL6HG,store_2b8a6e692a74a080
B015F81OQ0,store_887d4c6db8035008
B015G3FWHG,store_74326c88712efc59
B015G8UJ4W,store_7a94a7a4349d2738
B015GQBHUY,store_946bf97adab720ed
B015GYLKN0,store_9056f833da38e444
B015HYW8L2,store_86fdfbdfa3c71ce6
B015IK0NJ4,store_6a2583bf7ee264d2
B015IO4MOW,store_85234ea95db66202
B015LERHCI,store_2b43c1e724ba82ec
B015LERJHG,store_83541e5ae84aab8a
B015LES92K,store_9514f167b2480e6d
B015MTK5J4,store_1e7c6d32036babc5
B015MTPESQ,store_857d402b8c003168
B015N6GYR8,store_f0549e7694012e52
B015NZ86WA,store_7b396049977bb8b8
B015P0CB4W,store_a470f723050e7d45
B015PBKWME,store_5e5c3370ad8476dc
B015PCFI0Y,store_2124037ca66a33c1
B015PSL050,store_861a86beb916dbf7
B015PY41AA,store_59851e905b720855
B015QOVN2I,store_faf88c98f0eb27f5
B015QSOGC8,store_8b22b56918e7616e
B015R2LCZC,store_328e396381313c16
B015RMGH6G,store_f826dd35609fae1c
B015RS1BVG,store_269d63ff909b9f91
B015RYLKQ6,store_1387071dc41ed4a3
B015RYLUVQ,store_48da55b32da184f5
B015SQ4JHU,store_ff7b456225b2e3f4
B015ST02GY,store_2d1f20bc0143f4ce
B015T4W2S4,store_cdd97e00d3d88ff6
B015TC7150,store_c98d23e391b1b290
B015TJVGC2,store_f95a6b9a7811e17f
B015U06YYU,store_30f52d652401a574
B015UEVAYA,store_d7a9593a8e8a3b5a
B015W7U8YI,store_eaf376d28161109a
B015WAUOEY,store_456184ced4126ce5
B015WAUOQW,store_d95f32751ceae5cf
B015X4I7G6,store_75054fcf081351f3
B015XTE2VK,store_2aa39f9856b8d3ee
B015Y3KXEA,store_d32952c0cfbb587a
B015Z4QCF2,store_a38c594c1193cfdb
B015Z4QCXO,store_a38c594c1193cfdb
B015ZJO20O,store_a40790b29c4c0229
B01602HGT4,store_1ceed3d7b8cb85e9
B0160I9OLQ,store_fbb0fbaf24192547
B0160X3CZ0,store_6c68c581b1cc1b40
B0161HWM1K,store_4d885ab6088034c8
B0161RRX5A,store_c7b60bdd148704c0
B0161UH29E,store_8c63e52d8fbf8590
B0161XJ780,store_82b7d0840a223958
B0163DC27Q,store_e647a02d5b676734
B0163HWRKE,store_54a8445e42535513
B0163J25BI,store_23f92d235fbf18e2
B0163S3A2C,store_28d0c49df4f780a1
B0164RQEHK,store_bcf288b271111b77
B0164UMXZE,store_da2d22248337ef2b
B01653OXOE,store_4cbca294d9be7433
B01660BU6U,store_d54342ec6e37b9b2
B01663ASGU,store_5536cde8c1c10a03
B0166NSJHK,store_a54ee9ec1a38871f
B0166R6XBU,store_0db3aee131892622
B0167GS66A,store_c0a40ac7910176e3
B0167JYAXU,store_62da8f68b7db7cd7
B0167JZ624,store_22c039e8bc7856a8
B0167K4T76,store_8736c45c7dd2a6a7
B0167K79AK,store_7f6c2856d3b55427
B0167PH8V0,store_a0017a267e7357b5
B0168CD7US,store_fe597f60c47740b8
B0168LM53E,store_cb3016fe4c6a15ab
B01690CEE4,store_1b90eea832a47a14
B01695MZ9S,store_d91d13c4da89f219
B01698JAAW,store_b7b58c44356aa41e
B01698JDDQ,store_b7b58c44356aa41e
B01698K8W6,store_61640323bed677a2
B0169KHSRC,store_191be3715bae070c
B0169VK0E4,store_dd63e58341d34c5e
B016AAOG5S,store_d164c03be2ff2148
B016AEIVFU,store_c2a132cb41b76e50
B016AM5D4O,store_98a0e1aea72c36f6
B016APMMQI,store_8967bb0cc61f3ca0
B016APP4B8,store_84f151fccc0ae2de
B016ARCL08,store_261e4be27e3c7140
B016AT08A6,store_b3de5d8bbe587bbf
B016AVIQEO,store_bd07492e3ecf21b5
B016B6LZU0,store_679c5483904f32d2
B016C68ARU,store_4116b8825d66cc89
B016DN5I9U,store_0c14711130b842e5
B016DQD920,store_9d1b6663278764b8
B016E9PS20,store_22dfa563afab0f76
B016EZULGM,store_9e4e53e65b8b145f
B016FKBPZ2,store_846c6176448ed635
B016G7APCS,store_9989c8f2477258fd
B016G7ATII,store_9989c8f2477258fd
B016HC51DA,store_434dfde265a9af6d
B016I39D1E,store_9989c8f2477258fd
B016K6VDZI,store_05b3ab98accd6fa8
B016LLH7CA,store_d793712da5448361
B016LNR54I,store_82143e8767cde163
B016LX97YE,store_e4923e9c2aa4a044
B016MXBTIK,store_6c8aca065b0904cf
B016NBMAYS,store_d44bdaf0ed77ad86
B016NEUDQW,store_4c787be996193588
B016NU8ACK,store_1ad57f89a4f80b1c
B016OQ4GGC,store_75f1060cd79e2ce7
B016OUIQ64,store_31cfd6576a3dd821
B016OV1XEK,store_e0dc1a5b96c8746a
B016OWPVWE,store_d1629626e7173a58
B016PANZLO,store_bcf0565b38bd8a39
B016PCKDW6,store_709bc99b70e7334d
B016PHPEHK,store_656f0761cb8a8952
B016PJO82A,store_fdb87dfd199045af
B016QLV44W,store_d6f02c47383c4935
B016QQTNWW,store_dd5112fc13fd18c5
B016R0UMD6,store_d975aae812e077f6
B016RMA77U,store_061a9169f1d7ec97
B016SQT6YU,store_2cabe9a2549a45ea
B016TNVK4Q,store_76f5ad8a618260e7
B016U4AKGI,store_80ecb400321c82ad
B016UCUW2M,store_593e3262135de7f9
B016UCUYOI,store_593e3262135de7f9
B016V17FMW,store_84f151fccc0ae2de
B016X12138,store_d12d8113a3387936
B016XR8MVW,store_b7fd2340adc6b195
B016YAMKWA,store_79de5c803e3df101
B016YKSNL2,store_32b1bdf519deb1ef
B016Z9JP8M,store_22df359bb3b96e01
B016ZES556,store_7a2755434e275366
B016ZRHH52,store_a9877e56641584f4
B016ZTLRR4,store_709c3b7c3157dfc4
B01700XMRA,store_e3ee7124ed761f7f
B0170CDLRE,store_d12800146fad0d65
B0170DJ370,store_b610c4eb6baa880c
B0170LTXM2,store_d793712da5448361
B0170W4L64,store_9034c647c63fe11d
B0171AQKHI,store_b643049fb146d003
B0171Y4JN6,store_486b575ab9b42f83
B01728D3RO,store_eec67dbfc82f7c3f
B0172H73HG,store_6e23d2b0d1efc6d7
B0172XKTBC,store_b6f63a0a097b2795
B0172XKTH6,store_b6f63a0a097b2795
B0175LTX22,store_1e41c981637834ca
B0176639X0,store_af801b6fcde4857c
B01767V68O,store_c68d012dac262206
B0176C6JV8,store_c1fbe5318af74a9c
B0176SG54I,store_72981a5d6bad29cf
B0176V14FU,store_8c975669a35c801d
B01777TUVS,store_2fd3402129116c18
B0178WVZW4,store_0803b25515389f5f
B01798I2KA,store_7c08521f793f158e
B0179JU2S4,store_356162fc8f16843e
B017A0PAFW,store_ec8b96d50ab37372
B017ADL90E,store_73e9fae27e878c90
B017AF48VY,store_0585da317a83bfd2
B017BG6540,store_2b38acdf35a6d547
B017BGO1ZU,store_152fb71d17cbd337
B017BI89J2,store_2d191269df1bda14
B017C0KD5W,store_8afa4984daa6b489
B017C0PVJA,store_8afa4984daa6b489
B017C6ILDW,store_b4ab95a726da4e16
B017C6IPIS,store_b4ab95a726da4e16
B017COUCKO,store_bf66bd810f9e0e94
B017CPH0IA,store_bf66bd810f9e0e94
B017CPH0IK,store_bf66bd810f9e0e94
B017DC8EC8,store_a40790b29c4c0229
B017DNFGRS,store_9638d8bc909ae52c
B017E6UCY6,store_48e3b5a47763d730
B017F6BZH8,store_e9bd875319d6f69e
B017G9220S,store_58cd73b13435525b
B017H8OIHI,store_555e0d82ecb4e707
B017HJM3TM,store_c57d2a55b547382a
B017HNUCF0,store_0f7d0d088b6ea936
B017HYB31G,store_6a240db5444f3290
B017HYB3QG,store_6a240db5444f3290
B017IOMPP8,store_de3b0a3f27a25017
B017J17QQ8,store_affc395481855ba2
B017JCMW20,store_7c6cb3e88bf59a85
B017JK62UA,store_899b3245809d57f6
B017JO1TXQ,store_fcfe59a820e90c08
B017JSZKGY,store_1a30bde28609a901
B017JWN9JU,store_ff50e4a24c509a6c
B017K9XWM6,store_d1374de9aa4a02d7
B017KJJCJS,store_b486a93379209104
B017KQGW8A,store_4e9e13317a64c1e8
B017KQGW9E,store_4e9e13317a64c1e8
B017KQGX16,store_4e9e13317a64c1e8
B017L00K60,store_2a35c181255ce2ef
B017LL1LP8,store_14ca1fcd236aa43a
B017LNP3ZK,store_a349f8eb186a01e8
B017LQVQMQ,store_2d191269df1bda14
B017LQVQP8,store_2d191269df1bda14
B017M402PO,store_6804cad112df485c
B017MA94NO,store_5c334bb08e15ce01
B017MGE8Y8,store_b76aa2fe324e45d1
B017MHHAVU,store_ad7f224fed9c2437
B017MNT1AM,store_c973c99fac32081d
B017MP0ZQO,store_07a2e25662f8c794
B017MTH7NE,store_35f3c0f0cef5e9dd
B017NGT7SO,store_264ba42752a2a73f
B017O0KE3G,store_569885e6a4572959
B017O6HV6I,store_07a2e25662f8c794
B017OADAAA,store_f99b817b6f3125d1
B017OIXTDK,store_215a956168f77421
B017ONBBVW,store_f965a4a1b587c4e3
B017OW3TJA,store_1d8b021b5278c202
B017PGBVZY,store_8ba968ab155db21e
B017POUOGI,store_400ebbc9fce2b336
B017Q0SBLQ,store_bd07492e3ecf21b5
B017QJGIYE,store_14307dcbe93c7f5e
B017RKST0I,store_be3c493ead7e1a08
B017RPZG8Q,store_52b8e06800444b51
B017RWPKDK,store_17f57a19f195048b
B017SR7RVM,store_86dbfc848517c37f
B017TRA3LC,store_3abf506fbd208f21
B017U2Z8BG,store_1dd91a196eaa0335
B017U7XJ9O,store_46a808cfd5beafa5
B017UXLQGQ,store_66e2e5c8c8705952
B017V5AI5I,store_9eb22d7beb527a5f
B017WEJRU0,store_df74f0f8e891c2a6
B017WGYOO2,store_237b5017397b4de0
B017WLQMNI,store_133d025f9368faa5
B017WO0XEO,store_190d8e76f19b5382
B017XTCA30,store_bbed424b3ad39f61
B017XVBLGU,store_8ba968ab155db21e
B017XW5CXW,store_27ca54d3e7a99c64
B017XZCJ7G,store_60412ed63bdc36ed
B017Y1147A,store_35f8a004a27013b4
B017Y6EC38,store_9987f140ba59760c
B017YVN5H2,store_b8dd0c5c6004d780
B017Z11QK4,store_339cf148e5b2e37c
B01800LTG0,store_b4b33514d7dd8432
B01814HD5G,store_be184a86e9e61b90
B0181LWMXW,store_90adab3f89ebbe8c
B0181M827G,store_6e4e8a699cb24e77
B0181ML7X2,store_a40790b29c4c0229
B0182HILM6,store_f785588f2b6dd9e3
B0182WGHUE,store_769558b18f5331bf
B0182Y1IUG,store_b6babbb12418e102
B0183UEWWK,store_237b5017397b4de0
B0183UYAUY,store_347ead6348e93650
B01849RRZO,store_2fd3402129116c18
B01849SFFK,store_922cc777cae522a8
B0184RMLBQ,store_22df359bb3b96e01
B0184V5RP4,store_86ac6ea86990a631
B01850QOWE,store_c01d0ce76f851e0c
B0185KGBJK,store_9a71c4a3d17bc96e
B0185LCODG,store_5536cde8c1c10a03
B0185WU0M2,store_615e2891eaf71614
B01868M7BM,store_786bb433d6089e1e
B0186DN9I2,store_760b97e8486b3bdf
B0186IKCV4,store_f00312f296ae4f65
B0186X17FY,store_3aea96e7a8174e34
B01880U5XU,store_c4596fa09c711a88
B0188VK4V2,store_8264ee3e3067627d
B0188Z0DWI,store_65ed2a2df6843e0c
B0189HC87S,store_25d03fb887e58336
B0189JZJLS,store_4735d7bc23e97c36
B0189N77SC,store_3c8ec4623bc6bced
B0189RFU3W,store_88bfe07aef7ea368
B018AJ02M8,store_bec0acaffd6fe5c8
B018AJN3L0,store_06094ae677a91c4a
B018ASU0CQ,store_7c37e96039f819b7
B018B8J3NM,store_dfcf03054e8da51d
B018BTI9CM,store_89cca78ad37084ad
B018CWYPZS,store_776088c4c889dbe6
B018EMIT8K,store_7beb831e23a84fd1
B018EYHDTY,store_51adad82944a4e17
B018F3NAAA,store_d61a7fcf4bdfa62d
B018FX1KAM,store_b3a73e965d7093c4
B018GGH89U,store_2e40b3310df1d63e
B018HQK6FM,store_1427b83b4b854c8d
B018I2OJTY,store_b3a73e965d7093c4
B018IL4KT4,store_8b0897435748820e
B018IMMB08,store_7c74c8693b6ffcae
B018IVD9FK,store_7f6c2856d3b55427
B018IW6ADM,store_63d0eacb757c1273
B018IXCL3Y,store_7ff25c43c271b7e6
B018IYZA04,store_8aca1f82014aee09
B018IZUQTI,store_bf0918edc3432fbe
B018KT0KY8,store_7de69c952ab77216
B018KT5CMS,store_886542b834549c83
B018KV5UGO,store_74f165163fe72d5d
B018N2UUZ6,store_eee54575335b5be3
B018NQC4GA,store_264ba42752a2a73f
B018OJM94S,store_e1a55346d8b76c66
B018QH534Q,store_aa660d634db0807c
B018QOOLOW,store_e1f715eb39f87c18
B018QVU04K,store_ecfbdc86c126db39
B018QY0FK6,store_e703c5cc854887be
B018RBMOB6,store_e7a9175ba5565d24
B018S3Q74S,store_fd23afd55e5b0349
B018SDLN06,store_e8e7536b299dcd4e
B018SNENB2,store_cf86b25668723599
B018T24L14,store_777bd32c023ba920
B018T374IA,store_6ae904593abaa0a6
B018T5GR22,store_fe3502b3c3d67252
B018U9R2EO,store_eb884dc6029fa5ac
B018UHB9RM,store_96e4d5795026b8f5
B018UO6TQQ,store_514793e52072cd2c
B018USTWBG,store_cbdbe737340cde12
B018USX5DM,store_514793e52072cd2c
B018WKWCYG,store_18f878b0c313b918
B018WYPGVS,store_71e32b6f064e8906
B018XJGO5E,store_5683665902ed1245
B018YKRXOI,store_4086add35d928fcb
B018ZLUTTW,store_30711f45faad8a08
B0190B8J52,store_ad8eb361dff60ee0
B0190NFLLA,store_7451097e55150519
B0190QE4BK,store_d793712da5448361
B01913HNBA,store_01320a157dcbfef3
B01918QGSG,store_46485af7da7f1745
B0191BLA5M,store_d3e839ceb6d765df
B0192BWUE6,store_7c74c8693b6ffcae
B0192BWX16,store_7c74c8693b6ffcae
B0192BX5WC,store_7c74c8693b6ffcae
B0192FPATE,store_cfcca4ea2db2c1ad
B01944436Y,store_7a57d889ea7f2662
B01947Q29M,store_39a0e06d0ee0ae48
B01959J7OQ,store_410013f679f8a5f0
B01959P6PU,store_28a3e34c24ab899f
B0195CEZ5Y,store_2d191269df1bda14
B0195IAPXO,store_d793712da5448361
B0195K2AL2,store_b0026df68214d913
B0195NI9NM,store_4606be9548fd18d4
B0195RJ2MK,store_a75fcfa936fd0280
B0196SOZ7A,store_2d191269df1bda14
B019823RXM,store_71e32b6f064e8906
B0198XUZXQ,store_fe3502b3c3d67252
B0199AVZ7S,store_c1847305404e6d70
B019A0E7N6,store_96e4d5795026b8f5
B019AINPZ4,store_2b156002dd67277f
B019CAZKTO,store_56c50277b47b5ed4
B019CZ5TQS,store_4a260e92f9660f47
B019DCX4DK,store_22df359bb3b96e01
B019DJR9L6,store_79de5c803e3df101
B019DWP6TU,store_72b1e12a3a0f7f3d
B019E61G1W,store_bea11cb5d204168c
B019EPWMW0,store_e1d2c05afb194d9c
B019EVRO7W,store_a3b2ffa52d7c8855
B019FNR9EM,store_07a2e25662f8c794
B019FRDBBI,store_6a925e36a28d7919
B019H3S566,store_68eb6744248467a4
B019HII7PK,store_f00312f296ae4f65
B019HKROZM,store_142eb3a7ee151c03
B019HX61OE,store_2fd3402129116c18
B019HX85RK,store_caf0cdd2f927e86f
B019HXOFLU,store_3caf47a77e9878e6
B019IHXCQY,store_9989c8f2477258fd
B019IIKONW,store_4cfd7e9c7b3debeb
B019J2IIE4,store_ed15b19993766352
B019KY1K8W,store_dc4d1c82fd5c512a
B019L16FAM,store_d662a0dbddcde340
B019L84RLY,store_4fc16ccb23f21d84
B019MCTUSY,store_fc6428a935f9c339
B019N67JPK,store_ee67649923affc18
B019NNB18Y,store_ae8aefeada626b71
B019NXVMHY,store_85dd1403bc56c89e
B019O1Y4R0,store_0c8ce41ce412b6ec
B019P1GXDW,store_2b394103683c4e56
B019PH787Q,store_561113083afb0c07
B019PM5PRQ,store_4130f73b07e63316
B019QYLW84,store_a24da1635e76a44d
B019S6JGFG,store_8b87450a3767d9de
B019SKDZ1I,store_264ba42752a2a73f
B019SW87EQ,store_55b3069f4c63a008
B019TAEA0M,store_7ec73c953528f907
B019TAEA0W,store_7ec73c953528f907
B019TAEA2U,store_7ec73c953528f907
B019TAEA3O,store_7ec73c953528f907
B019U1EYCE,store_febe38f3106cd4dd
B019V61EL2,store_34846875626e25f0
B019VJKJOC,store_63ab4b5f79c57422
B019VXW3AG,store_1be1a65519cf757b
B019X81S82,store_7927890c0d21302d
B019XO8848,store_8df9bf559171ccc1
B019YPS3RS,store_58e4a814b1b978d6
B019YSB3AY,store_47e5d87a6c92dbaf
B019ZZ07SK,store_cbdbe737340cde12
B01A075W8M,store_505738d5a9f2570b
B01A0BWXX0,store_e6cce22e783cf535
B01A2K7NKC,store_53190bb8b15c1b55
B01A2S1V7K,store_d793712da5448361
B01A32KPT0,store_07b336a0d5601b89
B01A3I5IGE,store_c165bdbce16b7359
B01A4I1TR0,store_b075240f8eb232b3
B01A56DLPO,store_debf0c4f294e9f4d
B01A5YXRX2,store_bb9cad10a3e467c2
B01A5Z25L6,store_d19c1b5b9fde96e9
B01A6B9OT0,store_308194a2479c857b
B01A78NCIG,store_815b823a8b957e6e
B01A7QQ41K,store_50cebda178f85c99
B01A7VOEYE,store_54e0e3b0afdb7b09
B01A9ALCDE,store_77992feb218b637d
B01A9MWODO,store_a24da1635e76a44d
B01AAXTOEE,store_238ad3dac49541c8
B01AAXU16O,store_50b4ab8cb093e6e5
B01ABP9WY8,store_7ed401e226b02d24
B01ACFQE3Y,store_7e01a9a1b85f9df8
B01ACN64R2,store_fe3502b3c3d67252
B01ACPRYYC,store_f697e0530317509c
B01AD9F33Q,store_4188a23be658dd45
B01AE7DOYM,store_7239e551e54ba6e8
B01AFO39P8,store_e9cffb52098f4489
B01AFQF01W,store_8977bcd9a6368808
B01AG8P0KK,store_192cf4b077650967
B01AGHHPGS,store_26ce5ff68cb74aaf
B01AGPV8H2,store_225bfde683c2270c
B01AHHG8J2,store_1ceed3d7b8cb85e9
B01AHJY4YQ,store_f408250dc9e39531
B01AIDKIVY,store_8d943b74a0aa3594
B01AIITD9C,store_e2ac5ddb635387a1
B01AJQAAB8,store_790ac9ef6c266bc7
B01AKU1C6K,store_a760d5c0283d159a
B01AL8ZIRA,store_79de5c803e3df101
B01ALFS8VG,store_3beb46aaf0b84145
B01ALFSCQC,store_3beb46aaf0b84145
B01ALFT56S,store_3beb46aaf0b84145
B01ALSQNLK,store_0f496b42cd522a38
B01AM2130Q,store_7c08521f793f158e
B01AM3HYU8,store_7c08521f793f158e
B01AMXPYB4,store_0b1d13a3447c1e93
B01ANJN7VG,store_be296c1e5554210c
B01ANJT8VY,store_2baff241736ed98c
B01AO44V6K,store_7653691ad65cd25c
B01AQWH0JU,store_a3a8eb0a6d416c73
B01AR476NW,store_df843735db0abbbe
B01ARGPWCC,store_2e40b3310df1d63e
B01ARHEHMC,store_5e4261f76ce9b0c1
B01ARJZCM4,store_8b0897435748820e
B01ASFKHAE,store_c0434e52ca1d7df1
B01ASV2Y68,store_a6e16047b81917c0
B01AU80Q6O,store_54c2e052a4c6011e
B01AUNEODA,store_1ceed3d7b8cb85e9
B01AUYRXSW,store_b199d95f77b6c241
B01AV10K9I,store_dbeb27df8f756c8a
B01AVEQ3JG,store_05eebfad3340871e
B01AVG2LUE,store_c8e275e6d1882f2b
B01AVJ9Z1O,store_cb1426a8dd01f8bb
B01AWU8X7Y,store_3159053e8e448c92
B01AWVXL8O,store_64986952ed2ca2b3
B01AX8VRMI,store_8e28958403397237
B01AXDODAG,store_7e474677ad078a92
B01AXMNV4G,store_1427b83b4b854c8d
B01AY41VAE,store_72b1e12a3a0f7f3d
B01AY42P36,store_72b1e12a3a0f7f3d
B01AY5GS7E,store_a6e16047b81917c0
B01AYB1GA2,store_f4d12800ef9e6e0b
B01AYG1TKE,store_2fd3402129116c18
B01AYLFLJE,store_a4c19c292f1b06ec
B01AZXCX4M,store_0616f5c83d83942e
B01B17X494,store_13da72537d532d30
B01B26W9YA,store_757c4c40c0781922
B01B4C2CUI,store_668df4a8ff020be8
B01B574RSW,store_48fe33675e61f2e3
B01B6NS4U2,store_ef6edc70722b49c8
B01B6NT16S,store_ef6edc70722b49c8
B01B8B8YL6,store_35c0fd8b8d70bcb6
B01B8BR0KC,store_bb6edd252117f76c
B01B9YDM0A,store_cef62b4ef5c35cb0
B01BA5ZA58,store_a40790b29c4c0229
B01BA6E58K,store_e0fa3cc6e2c49495
B01BBRNLEC,store_333f4ea44dbac1bc
B01BCN67H8,store_1427b83b4b854c8d
B01BCPU0AG,store_1dcac1d3485ee1f2
B01BCQKHYE,store_a598a6ed5790ff6b
B01BCQSK6G,store_d793712da5448361
B01BCT47WO,store_d793712da5448361
B01BCYPF4S,store_eb78c5894808673d
B01BDXEBYI,store_e71ea0d3363773b5
B01BDZHH1K,store_c7b60bdd148704c0
B01BE4ZLW2,store_e43d9fa8f735f567
B01BEK5N38,store_fc4612cc2b0c1c08
B01BER8IYC,store_4af549e65311fd69
B01BERHEHY,store_600aaf732939f1ca
B01BFMGERY,store_1dcac1d3485ee1f2
B01BFNNEOE,store_1dcac1d3485ee1f2
B01BFRJSM2,store_11d591a825c5c33c
B01BGAC6JU,store_b8eaf2ca51138ae8
B01BGSYRD0,store_d1de7a03e026dab0
B01BHBLKYU,store_83541e5ae84aab8a
B01BI52RW4,store_c82a73189ecfb365
B01BI52W06,store_054ac8fadaa8a73e
B01BI7UUBM,store_b8560a97c023ed7c
B01BI7UUGW,store_b8560a97c023ed7c
B01BJ5CSAY,store_0bfbc688a086fa60
B01BJY2YB8,store_d793712da5448361
B01BK1L3P8,store_b2c6733836b5f97f
B01BK49MZI,store_048d282ce96e3f56
B01BK9Z8YW,store_790ac9ef6c266bc7
B01BKIBWR0,store_0208d7a7375f30fc
B01BKIBYN2,store_0208d7a7375f30fc
B01BKWRE7S,store_b219bb038b4b44f4
B01BL03AHW,store_1dcac1d3485ee1f2
B01BLLAAII,store_a23e4e4f820ad184
B01BLMVRL6,store_d793712da5448361
B01BLOW9F2,store_00aea873e6c1b301
B01BLPANCM,store_144f33b17d7230ff
B01BLPHOBU,store_d793712da5448361
B01BLT00FS,store_1dcac1d3485ee1f2
B01BLUSON2,store_1152bc27f8f4ad62
B01BM1UQTA,store_033cddc38a8571cf
B01BMTOL2U,store_9919776fe1c8fae2
B01BMWGM92,store_a598a6ed5790ff6b
B01BMXGXQI,store_1dcac1d3485ee1f2
B01BMY0PWA,store_abde8e06621f9e81
B01BMY7JUQ,store_797ed83d8b4456b2
B01BN1SC22,store_d793712da5448361
B01BN6INBM,store_2d17abf96e09196d
B01BNHLSDQ,store_fe948f94c03a9a2b
B01BNHLX3G,store_fe948f94c03a9a2b
B01BO3DQBG,store_f28c872a6e803aca
B01BOACXG8,store_da4dbffcb31d7ff9
B01BP5L8TA,store_1271ea4214194cc9
B01BPLUCJG,store_be184a86e9e61b90
B01BQTYX92,store_077e715227d61363
B01BQXYWQM,store_89cca78ad37084ad
B01BQY99KA,store_d793712da5448361
B01BR0EFFW,store_01320a157dcbfef3
B01BR32C1S,store_a3701e103e5b4527
B01BS532BE,store_ef6edc70722b49c8
B01BS54ZQK,store_73bb131039846e27
B01BS58G24,store_36f160a30ba53ca6
B01BS58Y44,store_70fbc3d345932834
B01BS5CE4A,store_5a302bdb3f5cbc9b
B01BSYSROM,store_4a1060b93962aee6
B01BT0WULG,store_6f965b96fc5bbcf0
B01BT83YAY,store_1dcac1d3485ee1f2
B01BTTA6HW,store_0cace2b4be6bd47a
B01BUARTJI,store_8afa4984daa6b489
B01BUM31RA,store_0bfbc688a086fa60
B01BV3OCWG,store_35f3c0f0cef5e9dd
B01BV3OFQY,store_35f3c0f0cef5e9dd
B01BV3SI0I,store_14ac9443583324e0
B01BV5492M,store_c94110a4245b2a80
B01BVQD9GS,store_3e41557368c54610
B01BW4ZU16,store_c1ed709d8486259a
B01BW6ZN0M,store_f82c6718972cc84d
B01BWE8AUY,store_d93bdc4d1ab6a4fc
B01BX967X0,store_4506328ae9021281
B01BX9MR34,store_4506328ae9021281
B01BX9MR9I,store_4506328ae9021281
B01BXCTRC0,store_1dcac1d3485ee1f2
B01BXDI4YG,store_45bec9e62042bcff
B01BXDO972,store_8e627945a37ba1b7
B01BXZPDWA,store_d793712da5448361
B01BY2OFFI,store_910115b74879abc1
B01BYHGPHY,store_9478c135e2aee530
B01BYIZAOC,store_96e4d5795026b8f5
B01BYNTXXQ,store_9a50287425434ba5
B01BZHJ9D0,store_2f6a66030409a52c
B01C1FA3X0,store_b199d95f77b6c241
B01C28FBNI,store_fc6428a935f9c339
B01C36DBPY,store_e739c697debedde6
B01C3DEZAC,store_2ef52e60c49a02d5
B01C3K0B62,store_fc6428a935f9c339
B01C3K0RJS,store_fc6428a935f9c339
B01C3K0S1U,store_fc6428a935f9c339
B01C3S7J3M,store_24ebcf836770d384
B01C4F5FK8,store_12fa4e782a84cb78
B01C4PKARG,store_7fdeb2b769990797
B01C4SRCOW,store_dc391dbc6111e82c
B01C4SREJA,store_dc391dbc6111e82c
B01C5G5ITY,store_814e41cd598f0b9c
B01C63AMWY,store_1fbdcd012b89e4d8
B01C6AANI0,store_6887592adc505589
B01C6AAPDS,store_ebf9e183fb3b81aa
B01C6G5GG8,store_2ee3222f552dafbb
B01C6USE1S,store_344d90c502f7e2ad
B01C6Z1LJA,store_f3026ad5d53f8452
B01C72856E,store_44827c2a36695052
B01C7532DM,store_bee5ec6654085c7a
B01C763HMW,store_814e41cd598f0b9c
B01C8MIOMI,store_4401e4fa1cc18d00
B01C8MN8E2,store_30cdf1c69f147125
B01C8OSYO4,store_585b9ddcb2793894
B01C8XC068,store_fe3502b3c3d67252
B01C8Y3KCA,store_a24da1635e76a44d
B01C90H91Q,store_04c7f69cb914cf5f
B01C93GTQY,store_cb44205a6dd23f09
B01C9EIQI2,store_9c8c7e6174799223
B01CB9UTS0,store_24e2adc80f6d3472
B01CBUEL6A,store_5e5c3370ad8476dc
B01CBZISK0,store_5536cde8c1c10a03
B01CCAWCYW,store_dfbf3a28e7ed274b
B01CCIBNTY,store_8a6433b0f0319578
B01CCJZ02O,store_88ebba9dd1375d77
B01CDJYVXC,store_72981a5d6bad29cf
B01CDKUHIE,store_b1cb9bd07f728979
B01CE0HBF0,store_af05c01b6ac5c9a1
B01CE0HP8I,store_af05c01b6ac5c9a1
B01CETS6RI,store_11e253a4d3af8dfb
B01CF3HL1K,store_9979826eda24e707
B01CF4EPC2,store_94c2153c953df7d3
B01CF9WSZ8,store_af1b6f2609cf9521
B01CGY5K16,store_995d5cee3e2448b1
B01CH2F67A,store_84643a99b5fdea7d
B01CI4CBEI,store_56c50277b47b5ed4
B01CILZXWI,store_2bed5ff17b093337
B01CIR3U4U,store_e5d56deec17313b0
B01CJF85QO,store_6bbc55df296acd2a
B01CKLYFSO,store_024f1cb8e40ed68b
B01CLV0KI2,store_d937c831b8e2146a
B01CMODK4O,store_f614819be614f6e1
B01CMZD28W,store_d793712da5448361
B01CN0511M,store_d793712da5448361
B01CN5EOD8,store_22a21d81e870157f
B01CO5TU5E,store_e70c19475f237cd7
B01CO5W2BI,store_726847999650b5c3
B01COCGHFS,store_400ebbc9fce2b336
B01CPSPYIM,store_1427b83b4b854c8d
B01CPZLZJM,store_a780a1f92ff38f50
B01CQ1KPCS,store_7481daacb12bcbc2
B01CQ9E36O,store_da8b3eb3333d947a
B01CQH3CCM,store_e849351cded0c153
B01CRCX69U,store_1be1a65519cf757b
B01CRK7UVM,store_d793712da5448361
B01CSM16N2,store_899d38acd5f63864
B01CSRSH5M,store_57c9e8200179bdac
B01CSUPT82,store_bd07492e3ecf21b5
B01CT5JWCA,store_0bab7b7b10e66c58
B01CTBEDUU,store_79ac6d4638a101f0
B01CTBENPA,store_79ac6d4638a101f0
B01CTBF6W4,store_79ac6d4638a101f0
B01CTBOHGK,store_79ac6d4638a101f0
B01CTEMRQY,store_801670a6f18b628e
B01CTGPFPW,store_01fe12b319e1e88b
B01CUPHRQM,store_270e087db064c1b0
B01CUPMQZE,store_f28bc50157488b7c
B01CURASWA,store_385f40b9dc9857c6
B01CUT55NU,store_bc28bfa49a73fd23
B01CWSFRX2,store_54b7881f5ff342dd
B01CXO8MM8,store_9d75342c103a050c
B01CYYCZYS,store_e0deb95a35d7b2d8
B01CZ5F2C8,store_01bd12eebe1f6fbe
B01CZ5ZJT4,store_6dabd49d8edca2b4
B01CZA9CA6,store_c7db87473920f7a2
B01CZDMDBI,store_ea2a89018a0f0bfb
B01CZNI0KG,store_ca790186ee65299d
B01D0IEYPK,store_0b84b5111e4323fc
B01D0K0GZU,store_a6d98f04b608b750
B01D1PMS2I,store_d1a516d275b6e5cc
B01D1QPKW2,store_57c9e8200179bdac
B01D23BGNQ,store_13bce0916bb9706c
B01D25O410,store_a40790b29c4c0229
B01D2SSVYI,store_0b1d13a3447c1e93
B01D2XZY6G,store_0f96737d49f768b5
B01D3F3EA6,store_e6d48eaa05adc92f
B01D3ID4W6,store_35c0fd8b8d70bcb6
B01D3QBGEQ,store_a0caba95065dc420
B01D3RH9SW,store_a764e92e0d3e6d93
B01D42I872,store_3a2891aa124c550a
B01D4BYTCG,store_a05f36aa1d4462f5
B01D5FE59S,store_a31760f52271fd11
B01D5S4MRU,store_c66fc686ab5ac4d6
B01D6KH2TM,store_555e0d82ecb4e707
B01D6P4AT2,store_80a22866a446c42e
B01D700HZC,store_1220fed1dc8fa0c3
B01D82L0H8,store_2571aae9329be79d
B01D86KD6I,store_aed38d7e32149488
B01D89E06O,store_6bbc55df296acd2a
B01D8BVBWS,store_bde57e3ff8449695
B01D8DTE4I,store_febe38f3106cd4dd
B01D9SPUUO,store_cd65180c3225a5c0
B01DA2M33Q,store_d4958be9102bb8c5
B01DABT1AU,store_56c50277b47b5ed4
B01DAGXVJM,store_d6f02c47383c4935
B01DARREN0,store_3602e41c0c4113e6
B01DB0POLK,store_d2d672c52fe4d8e7
B01DB1CA3O,store_d793712da5448361
B01DB3L948,store_184a54ec5c6877fa
B01DCJMVGG,store_4c81862f0f2d4e0c
B01DCSNMIS,store_92b40c66ef7f3138
B01DD84FUQ,store_bcf0565b38bd8a39
B01DE5NRY8,store_92b40c66ef7f3138
B01DE5OI9Q,store_92b40c66ef7f3138
B01DEDXZBA,store_f00312f296ae4f65
B01DFOUVMO,store_894e9d3fdfe819c0
B01DFSJG8A,store_3346895951548f66
B01DFSJG8K,store_3346895951548f66
B01DGN243S,store_3406708933726dc2
B01DH3SZ1C,store_d793712da5448361
B01DH7KNY0,store_d91d13c4da89f219
B01DHKQX8M,store_2b38acdf35a6d547
B01DI5M0XI,store_c1ed6324f367572b
B01DI5M1N2,store_c1ed6324f367572b
B01DI6U9BW,store_f7c9f26c77ad0f66
B01DI74N68,store_f7c9f26c77ad0f66
B01DIJNXHQ,store_58b955e3947af5cf
B01DITUWIO,store_d2ad94f339da654e
B01DJD4B7M,store_5cf687102cbb7e27
B01DJDS5OM,store_0286558a9fedf268
B01DJNIZD8,store_8f0f93bee1603607
B01DJXAU0E,store_e849351cded0c153
B01DJZMCP8,store_c67c89793988525a
B01DJZZ08Y,store_b643049fb146d003
B01DK2VT68,store_c68d012dac262206
B01DKIRR68,store_2b2ee35e83e5640d
B01DKQO7YK,store_c5f93d365f4575ae
B01DL8R0ZA,store_a128a7a75a832d09
B01DM4ROS6,store_7665c7d956699a26
B01DMQKRWE,store_4c5c51add9c2b8d1
B01DMRQOOI,store_096b20d99b209012
B01DMZB0BC,store_d6f02c47383c4935
B01DN6K390,store_bd04302d45701bca
B01DNBYQ5W,store_790ac9ef6c266bc7
B01DOEQ976,store_8c63e52d8fbf8590
B01DOWRN3M,store_d259c70c2a546a36
B01DPU2G2Q,store_0286558a9fedf268
B01DRH86GW,store_0343043b4890e24a
B01DSERFWK,store_c7db87473920f7a2
B01DSTWDAY,store_6d9b554667b82d8f
B01DSU0G3Y,store_6d9b554667b82d8f
B01DTCZKYQ,store_72b1e12a3a0f7f3d
B01DTCZM1W,store_72b1e12a3a0f7f3d
B01DTE66LU,store_d8f515c5507bd711
B01DTKLYQG,store_28e339e807ef8fb2
B01DTU7VM2,store_ec9ef07b39d197f6
B01DU97Q8Q,store_a3b2ffa52d7c8855
B01DUQT3T4,store_3dfdae4fafff94bc
B01DUTC76C,store_0e574314258883f4
B01DUWYXYS,store_2d17abf96e09196d
B01DUXR8KS,store_3057f0bbd7a94521
B01DUXS1U4,store_3057f0bbd7a94521
B01DUXS848,store_3057f0bbd7a94521
B01DV84NIW,store_ae07ec57d5159120
B01DW0PT8M,store_2af08a80d883be97
B01DWCOGSY,store_d7ddfdfa5f2ec502
B01DWPQYOA,store_555e0d82ecb4e707
B01DYY7PX8,store_e3d12b4cdfa139b0
B01DZ8AFZ8,store_30db84742d6923ed
B01DZODZT0,store_a85d97412abfd847
B01E0GNEAW,store_ec9572944173485c
B01E1IL258,store_ea2a89018a0f0bfb
B01E1KBPPI,store_be669823e8f1dbcb
B01E1PQ4HW,store_76f5ad8a618260e7
B01E1SLKGO,store_80a22866a446c42e
B01E1U8L3M,store_0616f5c83d83942e
B01E2W2Z5O,store_1c430b47fcf6bad3
B01E3BGTBA,store_1d4daae77833ec89
B01E3BGTMO,store_1d4daae77833ec89
B01E3MKVYA,store_088879ce1eb99fe7
B01E3PIDX8,store_71e32b6f064e8906
B01E4DE8L0,store_2b5a5caeb2bb62bf
B01E4L9Q64,store_ecdb6dfd69ff6978
B01E56TR58,store_61d3c1f6a3759de5
B01E59XFWQ,store_35f3c0f0cef5e9dd
B01E5JXZJY,store_0e7ae82af2f452f3
B01E5VY8JS,store_07a2e25662f8c794
B01E68O6BA,store_76f5ad8a618260e7
B01E6DQ776,store_6d3abb8c2beabd43
B01E6H8WCU,store_d8f515c5507bd711
B01E6H8XYM,store_d8f515c5507bd711
B01E6HRAP0,store_04b839cceb2cafb1
B01E76KCIC,store_b8b39bee5457c30d
B01E76KKNY,store_b8b39bee5457c30d
B01E79OKY6,store_b7cee723082a99c8
B01E8JIG0O,store_55b3069f4c63a008
B01E909A4S,store_f026dc53ca37efb4
B01E9782Z4,store_56bd54373d5827ee
B01E9C5MB6,store_be3c493ead7e1a08
B01E9GLRVQ,store_d8d21818c984abe1
B01E9IXINO,store_d793712da5448361
B01EA538FO,store_05b14c075d2fa3cb
B01EAPT8FS,store_38013f2e6a286bc4
B01EB0DWHC,store_4caec23d2a579def
B01EBB8FB4,store_995d5cee3e2448b1
B01EBHCYLU,store_e9ae70cdb7314631
B01EC8XWL4,store_febe38f3106cd4dd
B01EEGDTNA,store_4600b78d54c43809
B01EFOND0A,store_6d542fb955937264
B01EFOY8VS,store_9f89f95bec0557a5
B01EHJNYES,store_0e2ee8a7b444f756
B01EHQ0BG0,store_dfbf3a28e7ed274b
B01EHXGM0C,store_df83139315401234
B01EI6P0J2,store_15dc22baa8868d27
B01EIMGKMM,store_830ecb0551a2e117
B01EINKCP2,store_e39eafdd020eb8d1
B01EINU626,store_41b580d86d8d8e11
B01EIOZXAK,store_e39eafdd020eb8d1
B01EIPC2KS,store_4d3e88224ca78b43
B01EJ8T1LW,store_22c039e8bc7856a8
B01EJF34WW,store_e293b4f2f71bf6b9
B01EJSMQEQ,store_eaf42f156859232d
B01EKCEASG,store_e43d9fa8f735f567
B01EKL66WK,store_a38c594c1193cfdb
B01EL1Z2AG,store_59851e905b720855
B01EMBIRK2,store_a1e0fb1b02f741c4
B01ENL20AE,store_5787868d5a7e7d4e
B01ENNR41M,store_b6f363fae94985a3
B01ENT5PNK,store_82ec3a400ce806f2
B01ENZLE16,store_e43d9fa8f735f567
B01EO2FU3G,store_1be1a65519cf757b
B01EO2HZ1Q,store_1be1a65519cf757b
B01EO5UQ9G,store_797ed83d8b4456b2
B01EO64BBY,store_797ed83d8b4456b2
B01EQ9NVWY,store_d6f02c47383c4935
B01ER70GT6,store_17340011665edd4c
B01ER8L04A,store_65c8e7ed882d350c
B01ERD68XI,store_6b24b5a793f71628
B01ERJEGS6,store_bcb0348876806d5f
B01ERVWF5U,store_f465e0b033bbb99c
B01ERYOMNK,store_82ec3a400ce806f2
B01ES27BAM,store_1427b83b4b854c8d
B01ESAAZ9S,store_87ba93ab5708d8d8
B01ESJU63E,store_c91e58e986dc890e
B01ESKNA3Q,store_b972853b8ab47949
B01ETLBWYI,store_7a0bed9d1e7b7e61
B01ETMKWFW,store_d91d13c4da89f219
B01ETQ1N9C,store_5ea0ae0a2f11645f
B01ETVT66Y,store_c38e986d28420352
B01ETZ41PQ,store_7ac2151142599989
B01ETZEUZW,store_7ac2151142599989
B01ETZHRWK,store_0bab7b7b10e66c58
B01EU073RI,store_95140e1d00e14c53
B01EU3G6H8,store_e43d9fa8f735f567
B01EU4A1O6,store_4b1e35d60db0183d
B01EUAUW6W,store_b643049fb146d003
B01EUISB9Y,store_c2136c9f18ccf852
B01EUR8FX2,store_3f18d5821fac8cb2
B01EV0TEZ6,store_e849351cded0c153
B01EVAE4K6,store_71f8e7976e4cbc45
B01EW5EGUS,store_ef96f5779c98ce3d
B01EW5W6EG,store_57ec6e5be602c1b3
B01EWCOIDQ,store_f7619dcb93de7006
B01EWTVLVQ,store_837d7715e3c79798
B01EWUD3Y8,store_4e42e4a7eaafe029
B01EXSW2K0,store_fe94efc5ff27cf33
B01EZN8ZOA,store_258b346a8acbbae0
B01F1DXB4W,store_e8bbaedfff0b80af
B01F1H99TY,store_ec9d9f8eea03baca
B01F1HAKZ6,store_a40790b29c4c0229
B01F1IYWSQ,store_067417eb30b79aaa
B01F36TW4A,store_27b10df210592b76
B01F3OX5KO,store_2fd3402129116c18
B01F4ITD82,store_9678cd0a457b1cd7
B01F4N9MEC,store_4a3b876de856d7ae
B01F4OJM6O,store_27b10df210592b76
B01F55DXAS,store_67a9e13754a0b7cf
B01F66UR5K,store_eb0b997656224dff
B01F6B0CQY,store_9e55fd0e3cd211ec
B01F6BEV2A,store_404237d7e965ce79
B01F6WWW84,store_05b14c075d2fa3cb
B01F7J6KNO,store_8864d87983bede4e
B01F7RF9G0,store_3caf47a77e9878e6
B01F7Y41IU,store_92b40c66ef7f3138
B01F87M17O,store_d35517970a4d3e20
B01F87QMVK,store_667d710fc847245c
B01F8AWWAW,store_1512f7caa4203fdf
B01F8SYD9C,store_d9ea984c2a2baf5b
B01F8U4ZS4,store_8080ff5feaeab857
B01F97QDW2,store_d8247461aba58c13
B01F99RQQW,store_f91c4d3daf26090f
B01FAATFPU,store_ea54aa4162d8d8e5
B01FAGW8N0,store_2afd6dc0f21ebd36
B01FBB3WIE,store_84643a99b5fdea7d
B01FC205M8,store_5bf0a56791d45e4e
B01FCUNSHO,store_27c75ae2efdecb92
B01FDGIIT0,store_5ca36c44de313387
B01FDIN9MO,store_a85d97412abfd847
B01FDZLT6U,store_49334689fc658e8c
B01FEHTMFM,store_6a20d919ef6203f8
B01FFNB09G,store_febe38f3106cd4dd
B01FGI74N6,store_8a6433b0f0319578
B01FGSQHS4,store_ac1a5a9d9067da8f
B01FH6SI14,store_0c33460bb15b370f
B01FHAXUPE,store_dbb3aa7391a388ca
B01FHFXTRI,store_4ba155367d39501d
B01FHFXTSC,store_f46c2d8a8dd7ae2c
B01FHVAVFK,store_9bd1b0eea87dfa8e
B01FI1KUSW,store_2485f48b74778828
B01FI8U30K,store_5fbec81a593f2c1b
B01FIBHQR0,store_fb361db40bfde1f0
B01FIKJOX0,store_1427b83b4b854c8d
B01FIL493Y,store_b816d680b4152b0d
B01FIUQLZE,store_d6f02c47383c4935
B01FJ5RH6U,store_5d2474cef189a812
B01FJI6G3W,store_b643049fb146d003
B01FKG62TG,store_22c039e8bc7856a8
B01FKQKQ9I,store_4faf2e53241b6277
B01FL4ICP4,store_0b84b5111e4323fc
B01FLGNSK6,store_0808b81bf29cde3a
B01FLNXRG4,store_ae8ebd6b89b2763e
B01FMB56XC,store_e849351cded0c153
B01FML3Q8E,store_2fd3402129116c18
B01FMW4OKC,store_45bbff82bc528d2e
B01FO9NPT4,store_9a71c4a3d17bc96e
B01FPPOWUS,store_a40790b29c4c0229
B01FPV7YI4,store_e43d9fa8f735f567
B01FQ8F95Q,store_790ac9ef6c266bc7
B01FQU9D10,store_44502729cfe38a03
B01FRB7WBQ,store_1925f793093581c4
B01FRDH4QW,store_bdec7e80b1d8d1c8
B01FSM9GFY,store_e0049c11b4483263
B01FSQ07OE,store_7d9f7bbc9f2d5943
B01FT1YGA4,store_0923696af1d91640
B01FT3Z3EU,store_446ea01787ec8777
B01FT959PM,store_36b15a1d240416d2
B01FTE3EWC,store_76f5ad8a618260e7
B01FTMJAL8,store_d8736da3061943e8
B01FTSUF52,store_7b032da51ba2dd7c
B01FTSUWVY,store_9e13ae90d5741214
B01FTU5MCQ,store_59851e905b720855
B01FUBAXNW,store_a9f72bc845ea517d
B01FUPCG4M,store_beaf54bb454028b9
B01FV9B5FI,store_74aef7969ea88e08
B01FWIM9XK,store_e1d2c05afb194d9c
B01FX13TT4,store_b7429ce0992e18e2
B01FX5X7CY,store_bfef8be7e00ae3e3
B01FXD31D6,store_62ba5294e445f5b1
B01FXLI4HQ,store_0b99702e9e59113d
B01FY875AU,store_f697e0530317509c
B01FYDDFP4,store_80e9ca5e72d26cd7
B01FYFH01W,store_e9732f8f67a26cfb
B01FYPDMK0,store_81f047b693b6ff06
B01FZJ19KA,store_08698d0bd72a7c8d
B01G09MCKK,store_e7d0c116802aa8ca
B01G09YUSC,store_1ae0b110a6e84cf7
B01G1HGR48,store_116611f167cfecd9
B01G1JKPF8,store_088879ce1eb99fe7
B01G1K2YPG,store_db965932828a5f9b
B01G1KKCPK,store_dc2ff685191ef95c
B01G1SA9K0,store_116611f167cfecd9
B01G2GYO5W,store_6b57925d98365a82
B01G2HPGW6,store_89b77aa2a0634233
B01G2T6U1K,store_726847999650b5c3
B01G2Z8RXI,store_308212b7152aaff9
B01G37KLKC,store_57bed93aec59a335
B01G37KLO8,store_57bed93aec59a335
B01G3EYJW6,store_3beb46aaf0b84145
B01G3EZ29U,store_3beb46aaf0b84145
B01G40JRNU,store_b7b58c44356aa41e
B01G44NL1A,store_1b37d57243f13de4
B01G45HL6A,store_1b37d57243f13de4
B01G45RD9U,store_334995d4fb5f1d3a
B01G57HN88,store_bf2bcbc89eaf8892
B01G58MOCW,store_bf2bcbc89eaf8892
B01G5XDJ1W,store_fa541375d6068ec7
B01G5ZLIO0,store_78de6c69b77837bd
B01G716IO2,store_2698ff1ca7ce1b0a
B01G7DQIA4,store_22c039e8bc7856a8
B01G7PK40W,store_84121d78a2220b48
B01G7SVFO8,store_c91a42d0d62bfa34
B01G83S1F8,store_a208f8b2587d25d3
B01G8JW7PC,store_0fda79cbe1be96de
B01G8PSJN0,store_2698ff1ca7ce1b0a
B01G8SDSRE,store_89e760bf6aab2f4e
B01G9MG48Y,store_addec924c920ce00
B01G9SEDAE,store_400ebbc9fce2b336
B01G9WAMLE,store_5ddeccbf95b0047b
B01GB3P6EO,store_8cbe53c31c9feee3
B01GBCXHUU,store_cc1392bb71325ea7
B01GBSEYHY,store_c9d9cc01617eca80
B01GC64GQE,store_c68d012dac262206
B01GCD492I,store_6a20d919ef6203f8
B01GCV74HC,store_eb42575f69d393ce
B01GD8EVDO,store_b610c4eb6baa880c
B01GDBCLEC,store_86762b154ba54264
B01GDBCLXI,store_86762b154ba54264
B01GDFNZRU,store_215a956168f77421
B01GDM2Q8M,store_d506bd5213c46bd4
B01GDYH3RE,store_62f5d838cf290527
B01GDYJSJ0,store_b5dd464905cfa6c1
B01GDZ2P9E,store_b8dd0c5c6004d780
B01GET0Q5Y,store_a666a6c2c9eb540d
B01GEUWC5U,store_73bb131039846e27
B01GFFA5TO,store_a3b2ffa52d7c8855
B01GFROOJO,store_9ba144a6565aba24
B01GFUTJMS,store_24fd15e87cf862fa
B01GFW28A6,store_2b38acdf35a6d547
B01GGB462Y,store_a0c7b713051c13c4
B01GGCEHYU,store_1e37c39b4551e649
B01GGMC04E,store_2a1b875b84fa7245
B01GGQ1HLM,store_868e859aa4b8c03a
B01GH2YDDE,store_43fa201022ff89bf
B01GHQMIKU,store_d099916d553b31fd
B01GIJZ6BY,store_48b0ac76dd1b95de
B01GIPUR2Q,store_d793712da5448361
B01GJADPJM,store_5e8228686f8ec52b
B01GJHMPJQ,store_5af9989bea6fbaa7
B01GJOS38G,store_d314679a087b53d2
B01GJQXRLC,store_a85d97412abfd847
B01GKB13FI,store_3f110ea2fe087c2c
B01GKG1ZEW,store_b4ac2887372e56e0
B01GKU6QQ0,store_7b0e1aaa699079f9
B01GKURLGE,store_7c74c8693b6ffcae
B01GL4HV64,store_24f3399bcdd9b024
B01GL6HGNA,store_ca8ad385dc34b214
B01GL6SWGK,store_061428e11260e0bd
B01GLH6NU6,store_cd4027bbb71a4f68
B01GLMC4O0,store_19a1571d8303d75f
B01GLTUFM6,store_364d297ac1c99f17
B01GO2IKNQ,store_8853194e2c9b769c
B01GOXEAM0,store_a28386713aff4ec6
B01GP3JHHW,store_5fa2a4dbfb5616ff
B01GPEIUCO,store_a208f8b2587d25d3
B01GPM1DCU,store_36916acc5f8bdbe4
B01GPY15IU,store_caf0cdd2f927e86f
B01GQ0DNWE,store_719c55dd896813d6
B01GQJF9H2,store_5145ca3f4b28c4e8
B01GQLJ7HI,store_a0caba95065dc420
B01GQPU8OK,store_604a55e1cbd54939
B01GR15NF2,store_d73f3b636d29acee
B01GR1NWFK,store_769558b18f5331bf
B01GR1QN3I,store_5d021c38d9ff65fa
B01GR3GI6I,store_bc2096a958cdffaf
B01GR3MDH6,store_d793712da5448361
B01GR3O1LW,store_ad113811481d4b58
B01GR3VCWS,store_226f391867998ee6
B01GR3Y5G8,store_b746d79201944bf5
B01GR42VGS,store_be669823e8f1dbcb
B01GR42WTO,store_6a240db5444f3290
B01GR45I2W,store_3e7ba66290a4181f
B01GR4FOSU,store_0957b1afcd0998d5
B01GR4G8I0,store_cb99813014f78a5e
B01GR4JEBI,store_af622c1be7786255
B01GRTBN26,store_2698ff1ca7ce1b0a
B01GRTBOJS,store_2698ff1ca7ce1b0a
B01GSIJFCQ,store_85dc68f5e502d149
B01GUAD0SW,store_df2ace47a37ec4f7
B01GUB205U,store_1861da3eba09b660
B01GUELBMU,store_1dcac1d3485ee1f2
B01GUM6PKK,store_abd63c617f7cee10
B01GUSWL34,store_885883424ba35cf6
B01GV0IP2W,store_6ea45aa136124f3a
B01GVAGYJI,store_350386a7bfc3a40b
B01GW1BVGW,store_3f110ea2fe087c2c
B01GWH3W3G,store_22c039e8bc7856a8
B01GXYI9UE,store_2224e4a6e2e8e4e3
B01GY32AMC,store_5d2474cef189a812
B01GYEGH5C,store_2441688254d3b492
B01GYLH5G0,store_62f5d838cf290527
B01GZ0N5KK,store_9d56f91f071008aa
B01GZH3XG4,store_cafc1b53dd018224
B01GZRV726,store_446ea01787ec8777
B01GZXN3TK,store_05e20a78eef72752
B01H0CR0KI,store_be940574905999c0
B01H124BNQ,store_662b54819670ffe7
B01H1BAOHE,store_bd07492e3ecf21b5
B01H1BGTE6,store_86cc233670e53a81
B01H1HPLTE,store_13bce0916bb9706c
B01H1IPWKQ,store_9d56f91f071008aa
B01H1ML5KS,store_c60270696fd83a6f
B01H1RGQGQ,store_3be5e2303597c09f
B01H2NIHTI,store_f1322991751507cd
B01H2Q18BE,store_c0fdce340443bd93
B01H2U8GL0,store_8398e5171574c962
B01H32GXD0,store_02b932a78f21ecd6
B01H3RPZVQ,store_576e0b463d35c59b
B01H3TYJDY,store_58cd73b13435525b
B01H3U424Y,store_76ddb5ec09fe85df
B01H3YVMDE,store_ef6edc70722b49c8
B01H42QQAY,store_d793712da5448361
B01H447ZYS,store_e2272af8a1deb854
B01H44TEP6,store_787bb5e7652eab12
B01H45COT8,store_48b0ac76dd1b95de
B01H49RR9Q,store_8afa4984daa6b489
B01H4JVBT8,store_3017225150c95563
B01H4UA51C,store_bf2e67a19fcda72e
B01H5H95GA,store_4116b8825d66cc89
B01H5MUJSI,store_d75ac5893bcdd10c
B01H5PL2MW,store_cfd364882e7737f3
B01H5Q9O3K,store_846c6176448ed635
B01H5YB9EO,store_25d03fb887e58336
B01H60X9S6,store_60cc8507ea8f3033
B01H66JESE,store_9eb22d7beb527a5f
B01H66YDG2,store_cdfebb606c0048b9
B01H6KL87K,store_ff4115da3130cd42
B01H6WJQ8G,store_6b57fa69c8067fbf
B01H7PTR1I,store_6beb862cc60e8136
B01H855M7U,store_5ecfffa4afd98c24
B01H8GZREM,store_3dd2d796ffddd42d
B01H996K0I,store_248740bf9ee351c3
B01H9H7QP8,store_ae8aefeada626b71
B01HA18DXC,store_d6f02c47383c4935
B01HALO3KY,store_0455cdd7df883cb9
B01HAM3V4M,store_bfaf98484229734a
B01HAS6RKG,store_9daad41cb2aad5a2
B01HAV0JX4,store_c83b2c2879cfa49a
B01HB4Y9AO,store_ff9dedefe9ee78b3
B01HBCJP2S,store_59851e905b720855
B01HBGAK96,store_6b57fa69c8067fbf
B01HBHNDE4,store_3b5741d1d32bf189
B01HBR0OQ4,store_4cb7e5eb4ae184d0
B01HBZNEHW,store_b44cfd5e5f6f0886
B01HC4KEL6,store_7e7bb32352d0d43b
B01HC4KMA4,store_fa64c49b065aa149
B01HC6G4D6,store_f408250dc9e39531
B01HC8NA86,store_67b6f1cba8f83603
B01HCDPBTM,store_754159999dd84d5f
B01HD88UXK,store_3be8fb993164d7a8
B01HDRR6TA,store_2a1c7550f97153c5
B01HED500A,store_60c259fdabb5bb14
B01HF7B0JU,store_2dc3e1bac9eed0e4
B01HFCEDNA,store_ad7f224fed9c2437
B01HFFKC3M,store_9922af15a9cf1394
B01HFI6QJ8,store_8d2c28015712d027
B01HFUXIGA,store_fc70cf15612b42ad
B01HFWB388,store_d44586ba4e244f9a
B01HFWKXTS,store_96be884c1f6e0d5f
B01HG2G1TS,store_2f6a66030409a52c
B01HGVV78E,store_fe3502b3c3d67252
B01HHOD5YE,store_d793712da5448361
B01HIPZCYS,store_a978307e309a0a2b
B01HIQQ2R8,store_6695037834da0afb
B01HIUDNFI,store_8f73cd694a979df5
B01HJAES7Y,store_929ff138d738a197
B01HK2WP9E,store_400ebbc9fce2b336
B01HL4EN3M,store_91c7ee9573e06cdc
B01HLWNBUU,store_57bed93aec59a335
B01HM30K48,store_f67868c171722259
B01HMGQ48G,store_6695037834da0afb
B01HMIXC9S,store_ff640880e9328beb
B01HN1XYAG,store_2124037ca66a33c1
B01HN3EDEU,store_bcb0348876806d5f
B01HNCN80Q,store_b94f0622d078a51a
B01HNQMJC0,store_871cf921a4a31ae7
B01HO1ZB7Y,store_33247f7117c85890
B01HODJ8XU,store_23b6c37058a0b6c2
B01HODJASI,store_23b6c37058a0b6c2
B01HORDQ0C,store_d3de0766881734c0
B01HORI35A,store_03cfc7f8dfe09449
B01HOWG1NQ,store_bf66bd810f9e0e94
B01HOWG9GK,store_bf66bd810f9e0e94
B01HP0QXK8,store_1427b83b4b854c8d
B01HPF1CPY,store_5de50c994e9b874b
B01HPGH5EU,store_d6f02c47383c4935
B01HPIPRQQ,store_38d6b8d284a26ba7
B01HPIPSEW,store_5a2ec9387b5c65f6
B01HPKBQFK,store_9c024beddc05e342
B01HQHAV7Q,store_4a09cd2c70e09efc
B01HQHG076,store_3caf47a77e9878e6
B01HQV2L7U,store_ee02398be6e571a3
B01HQVIGJ2,store_4f8ef089b64b5690
B01HRASZB6,store_cafc1b53dd018224
B01HRZTXYO,store_71e62307d5799c86
B01HSIDMFG,store_b760ae744b51ec24
B01HT97YMQ,store_ace5223a8f43f51b
B01HU5I1XA,store_0e7ae82af2f452f3
B01HUCNQP6,store_da1039a8737ff4ce
B01HUCVJWS,store_da1039a8737ff4ce
B01HUERNM6,store_b4ecfc8fa820e0aa
B01HUYI2SU,store_fc6428a935f9c339
B01HV6RAUI,store_81bc23f8ce9911af
B01HVYERD8,store_7fa1a1c5f70a1505
B01HXFAQIA,store_74b127f9b4418125
B01HXRH71M,store_e1983919a69ce4a4
B01HXT8B1A,store_929ff138d738a197
B01HYN6G4Y,store_8ba2081b044bef64
B01HYXDQKQ,store_929ff138d738a197
B01HZN9ZIC,store_4c31cdcca5450398
B01HZNHIDG,store_f91c4d3daf26090f
B01I073KLA,store_d793712da5448361
B01I08MIIU,store_9678cd0a457b1cd7
B01I0QW7QK,store_85f15bc57d6c4e8a
B01I14J0FM,store_ece21b9d55695fa7
B01I1HH8IK,store_49391c82fe683440
B01I20UJEG,store_78fd1c385de3ed0f
B01I2ALT7W,store_f741a2b1356fd0fb
B01I2DD2JC,store_d793712da5448361
B01I2IE6CY,store_2b40558f9b5f5ef9
B01I2VC8BW,store_01877854ca7a9d03
B01I4IH7IW,store_929ff138d738a197
B01I4J5KX0,store_35c800e6e4743fc6
B01I54JJB8,store_92272052a64e858d
B01I54JMS8,store_8023b7f4f34b5f00
B01I54K0ES,store_9973a7451f6a4dd3
B01I5JYOH2,store_98acd0a7a8841f0d
B01I5JYOK4,store_98acd0a7a8841f0d
B01I5O6Q6O,store_41c97f917949a888
B01I5TPOQW,store_a7352f1cdc1a9cba
B01I693YRM,store_0951df3e5038efcc
B01I6JG852,store_2124037ca66a33c1
B01I6T83QE,store_7068df413e1f46f3
B01I7H8PCC,store_54883220f319ac74
B01I7LQTAI,store_0e46269f7239d076
B01I8FPGTI,store_797ed83d8b4456b2
B01I9TK7EC,store_a286e6433fda32e1
B01I9TKF62,store_2d17abf96e09196d
B01I9TKHPQ,store_73bb131039846e27
B01I9TKRPG,store_f7a562e4100d6d19
B01I9TNMUI,store_9afc8067aa1411ca
B01IA954Q2,store_dd53c39cfe38531a
B01IA95RBE,store_66e2e5c8c8705952
B01IA961XC,store_35f3c0f0cef5e9dd
B01IA96CRM,store_ef6edc70722b49c8
B01IA96JFM,store_38dcc60e66bbccbd
B01IA96OJS,store_e5e9fa1ba31ecd1a
B01IA96R8Q,store_ef6edc70722b49c8
B01IA979I8,store_38830abd771e6661
B01IA97PJ6,store_2b1971d376e88e3a
B01IA98H0W,store_1ceed3d7b8cb85e9
B01IA98WBG,store_9a797da9faebb1f9
B01IA99FB2,store_237b5017397b4de0
B01IA99W2E,store_237b5017397b4de0
B01IA9A0HU,store_b57ff3f4345a7e40
B01IA9AFZM,store_99389ecf0906bbcc
B01IA9AHJG,store_237b5017397b4de0
B01IA9AKS4,store_5e82ddb82fb9c0ef
B01IA9AMFA,store_99389ecf0906bbcc
B01IA9AT62,store_82142c44dd8036d6
B01IA9CR6W,store_0aa342e161ded919
B01IA9CY3I,store_5266a29276ebedf7
B01IA9D3OC,store_fe3502b3c3d67252
B01IA9DCQQ,store_a7f9b2d854290354
B01IA9DHLG,store_7955b936c48c9e75
B01IA9DNYM,store_22e2ce78cbc9b89e
B01IA9DXUG,store_22e2ce78cbc9b89e
B01IA9E31O,store_38830abd771e6661
B01IA9E8SW,store_22e2ce78cbc9b89e
B01IA9E9YU,store_ef22e2947074a4ad
B01IA9EEXG,store_38830abd771e6661
B01IA9F2HS,store_2b8a6e692a74a080
B01IA9G6XM,store_5536cde8c1c10a03
B01IA9G93O,store_26ce5ff68cb74aaf
B01IAC0XHY,store_34878d25b500bf42
B01IACTLAY,store_a40790b29c4c0229
B01IADUYQ8,store_5e6d5c3a504729a7
B01IADVEB2,store_6a7ddde0a3d373d7
B01IADVHDM,store_681764e93611b6f9
B01IADWWMC,store_4c25daf72606acd7
B01IADXF7S,store_4f29b40921cb8000
B01IADXLP4,store_7239e551e54ba6e8
B01IADYG4E,store_9a797da9faebb1f9
B01IADYIM4,store_0f075abbd74944c6
B01IADYKTK,store_8a6433b0f0319578
B01IADYY96,store_7955b936c48c9e75
B01IADZ1R0,store_8a6433b0f0319578
B01IADZLMK,store_6e3e843ff2e05ca5
B01IADZR88,store_a24da1635e76a44d
B01IAE0G42,store_534187069c3956b1
B01IAE0O4Y,store_168cbb2ea52b9e34
B01IAE0TAS,store_e5e9fa1ba31ecd1a
B01IAE1D3K,store_b35246f9561e32fd
B01IAE1HI6,store_b35246f9561e32fd
B01IAE1IVW,store_b35246f9561e32fd
B01IAE1UVA,store_821bfcd7ea39ffe2
B01IAE20BE,store_1be1a65519cf757b
B01IAE2AIM,store_4af0352f336050fa
B01IAE2CC6,store_05bcd0e7ceed08a1
B01IAE2CSU,store_b06edd25a47194d0
B01IAE2OM4,store_8a6433b0f0319578
B01IAE2Q72,store_b40981aab75932c5
B01IAE2S20,store_8a6433b0f0319578
B01IAE2W3A,store_1be1a65519cf757b
B01IAE2Z8C,store_2dc64c22ade59875
B01IAE51LK,store_f7f6c82f53282070
B01IAEA1MY,store_e5e9fa1ba31ecd1a
B01IAEBWWM,store_0808b81bf29cde3a
B01IAEDS5Q,store_0808b81bf29cde3a
B01IAEEKR6,store_96eb6a46de6d02eb
B01IAEF87W,store_0808b81bf29cde3a
B01IAEH7GC,store_ad113811481d4b58
B01IAEJFM6,store_cb6fb2102acaa520
B01IAEJKGC,store_6a240db5444f3290
B01IAEJLS4,store_6a240db5444f3290
B01IAEKLOM,store_36f160a30ba53ca6
B01IAEKSX6,store_da4dbffcb31d7ff9
B01IAEKUB6,store_58bdc29429dad4fa
B01IAEL9NE,store_f8f626351f459ca2
B01IAELAWE,store_f8f626351f459ca2
B01IAELEPW,store_deb9ebc908b15e5d
B01IAELNPI,store_6a240db5444f3290
B01IAELPYC,store_48355ff52f31750f
B01IAELRK4,store_38830abd771e6661
B01IAEM27G,store_48355ff52f31750f
B01IAEMQ4U,store_72981a5d6bad29cf
B01IAENEFA,store_024b49820cb3cb37
B01IAEOQE8,store_fcd05fa385a6e4e0
B01IAEU5I4,store_36899ef724e07206
B01IAEUCBO,store_196f3be6c26fbe9d
B01IAEUQA6,store_4a42d89aadfa0ace
B01IAEV8LM,store_e3177024302136fd
B01IAEVGV4,store_4ee825f3d7b45f48
B01IAEWFR8,store_b06edd25a47194d0
B01IAEWVIG,store_6b2e2173e7edda1c
B01IAEYJO0,store_99832fece78a348f
B01IAEZIQI,store_e0fa3cc6e2c49495
B01IAEZOL2,store_237b5017397b4de0
B01IAF02Q8,store_7955b936c48c9e75
B01IAF0KFQ,store_e6efe07980a56314
B01IAF1KUK,store_ad113811481d4b58
B01IAF1OXS,store_ec7466ff30fb6f9c
B01IAFD238,store_ef6edc70722b49c8
B01IAFDAD0,store_2114aca64af89cec
B01IAFDHTM,store_9c8c7e6174799223
B01IAFE4D0,store_96eb6a46de6d02eb
B01IAFE6JM,store_ad113811481d4b58
B01IAFEJ5I,store_0f7d0d088b6ea936
B01IAFENK4,store_ad113811481d4b58
B01IAFEO3A,store_96eb6a46de6d02eb
B01IAFEV74,store_f625fad49d7b6303
B01IAFFDCQ,store_96eb6a46de6d02eb
B01IAFFT4S,store_1be1a65519cf757b
B01IAFFZ92,store_99832fece78a348f
B01IAFGJWY,store_96eb6a46de6d02eb
B01IAFH7LG,store_0808b81bf29cde3a
B01IAFJFMU,store_17f57a19f195048b
B01IAFJK66,store_05bcd0e7ceed08a1
B01IAFK5ME,store_7955b936c48c9e75
B01IAFKFUQ,store_f7be1ceb97dcd837
B01IAFKY8Y,store_a24da1635e76a44d
B01IAFLRT4,store_7955b936c48c9e75
B01IAHYINE,store_4b0c88a335861e98
B01IAHZLMG,store_5a82b3f9f9e46e0f
B01IASWMB8,store_3fd4ff6ba0354662
B01IAUFI58,store_2aa39f9856b8d3ee
B01IBHZBQ6,store_2d1f20bc0143f4ce
B01IBJIQIE,store_5d55fa4ebec968ce
B01IBVVMBA,store_3ee41429dad9666f
B01IC94UVK,store_61ccc148e1d8e7d6
B01IC9Z5Z0,store_da4dbffcb31d7ff9
B01ICLDQA4,store_71e32b6f064e8906
B01ICU2CU0,store_742ead46d66f0fc6
B01IDLCVO0,store_56c63f1e2ab56733
B01IDQSW48,store_eac0ada43591d777
B01IDSTJS4,store_a666a6c2c9eb540d
B01IDXESCG,store_856c5388bec324b8
B01IDYZNL0,store_51f836aa96db69b4
B01IETKT68,store_8080ff5feaeab857
B01IFP0XH6,store_801670a6f18b628e
B01IFP1L4K,store_87021f33927212ec
B01IFP1NNE,store_00a481eb08af6b97
B01IGU4ECK,store_8348b945ab33c7b3
B01IGXNWGG,store_28756abc599b16fa
B01IGXNWLQ,store_28756abc599b16fa
B01IHM4080,store_63c6514d65991740
B01IHM63LW,store_0b1d13a3447c1e93
B01IIQVLG4,store_2b38acdf35a6d547
B01IJ8SJCU,store_2e701dbd6c3b2adb
B01IJAJI9G,store_61e02f2555660b1f
B01IJBSYL8,store_5cf0dc0d2f7e9ebd
B01IJPDVIK,store_929ff138d738a197
B01IK15ZUA,store_929ff138d738a197
B01IKK8RBA,store_1ff48269a5291c04
B01IM19ZK4,store_c7e476e1fd613833
B01IN07MNG,store_7b005b897ef999d4
B01INR2XEW,store_6b2e2173e7edda1c
B01INRIX96,store_ae9c5cf217aaaa1a
B01INRP6LO,store_1679ab1b4dc35787
B01INZDBGS,store_14cddb992f79f446
B01IO5SOVO,store_ee63de610e542592
B01IOYXOIS,store_fe3502b3c3d67252
B01IOZBI6M,store_485da9df6b7b87f9
B01IPM8RWM,store_082d4569064df2a3
B01IPP2036,store_44daad502d938df5
B01IPXL1DS,store_6887592adc505589
B01IR7POJY,store_2d191269df1bda14
B01IRNZKHE,store_7fed105bc99c883f
B01IRX4X4K,store_1be1a65519cf757b
B01IS55MZQ,store_9638d8bc909ae52c
B01ISXF8MK,store_3c24a1058049f763
B01IT7527Q,store_026c2771996a0ddb
B01IT7FFRS,store_79de5c803e3df101
B01ITHQSJ2,store_0352a4b28b4ec70d
B01ITK59H6,store_72b1e12a3a0f7f3d
B01IU56PFK,store_c98b72229436eb85
B01IUNJ3H4,store_a936a89e59cf93ea
B01IVMGZ3Y,store_58839ddfad533e41
B01IVZR37S,store_7a105153a3e080be
B01IW03FLU,store_4c787be996193588
B01IWEWF7G,store_25eb4895379a320e
B01IYN69KO,store_e43d9fa8f735f567
B01IZODTNM,store_c2a8ce6878604e50
B01J0A7YR2,store_a6d98f04b608b750
B01J0A9I3A,store_6887592adc505589
B01J17WRGC,store_fc70cf15612b42ad
B01J1JTW8Q,store_14ca1fcd236aa43a
B01J278RK6,store_1427b83b4b854c8d
B01J2FJBCQ,store_c7db87473920f7a2
B01J2REJA8,store_c8df1282b749a167
B01J2YE2IU,store_ccd3c1b10cfee1b4
B01J38DFXS,store_82b7d73cbc1b1711
B01J39K4Q8,store_85355bcea197596b
B01J3JVC0K,store_05b14c075d2fa3cb
B01J3UY67K,store_9ad31959fb284ffb
B01J4LM0VM,store_495657d84b2e04c2
B01J4M01YE,store_1a30bde28609a901
B01J5C2R2M,store_22879c2657d7680d
B01J5ROAPO,store_f5e8cb8b7c067b71
B01J6INWYM,store_f6855327bf117eba
B01J7QU4S0,store_8b0897435748820e
B01J9PDZAS,store_8b0897435748820e
B01JAGZWWA,store_87021f33927212ec
B01JAH0OO0,store_87021f33927212ec
B01JAPKOTC,store_8f538960140e0ac0
B01JAYZCC2,store_662b54819670ffe7
B01JB2WLCM,store_9054cc2304e6ca6a
B01JBTJEN4,store_54c0d5dc60459244
B01JD0UH0U,store_d32952c0cfbb587a
B01JD1DJZE,store_fa49d37a40eb20ce
B01JDBTPJS,store_a820ba1a118e9c36
B01JDOGBKG,store_84e5c6431b7e7412
B01JECYFZ0,store_d793712da5448361
B01JF1JFS2,store_1229ca734c5d9445
B01JFR8IT8,store_22b4b91aded6a417
B01JGIYOV2,store_be9ffb9a3865ea88
B01JGNN5JO,store_a40790b29c4c0229
B01JHICEAE,store_2b8a6e692a74a080
B01JHSCATY,store_22b4b91aded6a417
B01JIPJ3JQ,store_f425587c2148be5f
B01JIVNPYE,store_a38c594c1193cfdb
B01JJAFYZC,store_cec11f954e07b597
B01JJD5U62,store_39bb29f4ff6e9197
B01JJDECYS,store_eb3bfd36699e47da
B01JKPRBMA,store_905b64ce1d1d56dd
B01JM7M806,store_8d2c28015712d027
B01JMDTRUY,store_d9f7aa6243c6a38b
B01JMYS73Q,store_cbdbe737340cde12
B01JN0IBW6,store_4c787be996193588
B01JN0KVTM,store_96eb6a46de6d02eb
B01JO6ZPMI,store_fc70cf15612b42ad
B01JO8DEBK,store_81c0da65ebc195f6
B01JO9YGTI,store_a9f72bc845ea517d
B01JOBRICI,store_a9f72bc845ea517d
B01JOTGIHQ,store_7092ca5fe95b556d
B01JOTGTB6,store_7092ca5fe95b556d
B01JP2GRKA,store_892ca604e973fc78
B01JROST7K,store_28696d1344aebeb1
B01JROZUCC,store_28696d1344aebeb1
B01JRZXSSE,store_fcfd7614ef8c501a
B01JSLAGGE,store_662b54819670ffe7
B01JT98ZTK,store_207773ee72f84262
B01JTB07TY,store_207773ee72f84262
B01JTZ24UA,store_7746b9a7e259f2de
B01JUBV3LY,store_46a808cfd5beafa5
B01JV91BBW,store_7ca3bcb92860f8ef
B01JVCJWZ6,store_7481daacb12bcbc2
B01JVJX8KO,store_fb0eee3cc9197de4
B01JVRX6VC,store_0afab1fab4f48ac6
B01JVS96OW,store_0afab1fab4f48ac6
B01JW7X4CW,store_615e2891eaf71614
B01JW97CL4,store_615e2891eaf71614
B01JX0E6LG,store_e5146d192878b254
B01JZ7J64Y,store_8e5f239b7c36e8e5
B01JZ9C7BQ,store_615e2891eaf71614
B01JZVS4JS,store_72b1e12a3a0f7f3d
B01K1GKNTU,store_05bcd0e7ceed08a1
B01K1GXQ6M,store_7ad121d9fd0b9d06
B01K1N113A,store_802b169310ba13ce
B01K1TX1MI,store_16cceb8208bf03c7
B01K1W3OMC,store_6096391600adcf3c
B01K1WCU2W,store_ff7b456225b2e3f4
B01K2H8W6O,store_459a9c8e9e2be808
B01K3AP38K,store_9e10a2bd8ab8aa06
B01K3CH5RK,store_6c5ca1d8d4b9c4f9
B01K4GS4MA,store_593e3262135de7f9
B01K4YWI2Y,store_ece21b9d55695fa7
B01K53ST1I,store_c071976eb92cb872
B01K5RWAKK,store_89f53c408c8bd119
B01K5X5T5C,store_46a808cfd5beafa5
B01K6FY8H4,store_04b839cceb2cafb1
B01K72R8WS,store_5554d5f4a0cf4c29
B01K7V3J86,store_a8201aa25b7eb03a
B01K7YKZHG,store_f3a2a7a6f1d7ce96
B01K83ACF6,store_5bf3b2cf15787fdb
B01K8QC0PI,store_b64d00716bfe99e2
B01K9DC2W6,store_694c93fa88105f60
B01KAHWOOC,store_a31760f52271fd11
B01KB8R3NW,store_446ea01787ec8777
B01KBMMRAC,store_d50524f35568cf94
B01KCJDDKM,store_db4517266f26a67a
B01KCW31Z6,store_42ffa01baea5bf1c
B01KF4RAG2,store_5a6411366ad59d0e
B01KF8K17S,store_026c2771996a0ddb
B01KGF6GMO,store_87021f33927212ec
B01KGIFJSS,store_a2681f8b1fb01929
B01KH0HK78,store_f8a0648fe9f5848d
B01KH0HQLS,store_f8a0648fe9f5848d
B01KK4FQOK,store_d7f7d8bdfbb6397f
B01KKDP2EA,store_5aa86e0581a05566
B01KL1FSTA,store_0a70d1c3c765d488
B01KLEASB0,store_1cffe617c2485667
B01KLJVXDM,store_ad113811481d4b58
B01KM5VRSQ,store_69241a7245fef1ea
B01KMVBM1C,store_1e1a0748e85dbba3
B01KNHKWQG,store_105923013eb28898
B01KNR8OWU,store_b5df2fb65af39320
B01KOBSI5I,store_adab1cf10692c179
B01KOW3F0A,store_e258d4c33c5725b0
B01KPCFW0A,store_3bc9103e9fec5eb0
B01KQ5WK8I,store_05b14c075d2fa3cb
B01KU2XCPC,store_486945e2daa9ef64
B01KU7ZGM4,store_5521137223091b37
B01KVDOLV4,store_5b6c35db0bcae1af
B01KVQ3XEM,store_7092ca5fe95b556d
B01KVQ3ZI6,store_7092ca5fe95b556d
B01KVRCZ9U,store_4547fb32a166e7da
B01KWA1AEM,store_c64a83a22bcf3fe7
B01KXWST7A,store_a6d98f04b608b750
B01KXXLNN6,store_a30c9c4b1b6f6f71
B01KYGTEZ6,store_7e7bb32352d0d43b
B01KYJX7II,store_79be10fc46fa697a
B01KYLTFXC,store_c727632c303d6665
B01KYPZ12W,store_9cb99a1eb3dc2aa5
B01KYRMMJK,store_e70c19475f237cd7
B01KYS5EVW,store_6c68c581b1cc1b40
B01KZ1HFFG,store_1d4daae77833ec89
B01L02IPQC,store_a40790b29c4c0229
B01L0ISESA,store_524bb46bb4436d34
B01L183J2U,store_3084e59da0ee245c
B01L1AZE62,store_0b313bbccca6045c
B01L29VBY6,store_3c5d3e2b856cb4b4
B01L2D70WE,store_51e7d02859896951
B01L2EHH5I,store_c727632c303d6665
B01L2NM25Y,store_7f04ace2f4ce81b0
B01L2VR4IQ,store_c727632c303d6665
B01L2WXDDA,store_c727632c303d6665
B01L4FG6UW,store_e38bd0a28b214491
B01L4LT0EK,store_f95294da59a94b9f
B01L5FRAR4,store_05b14c075d2fa3cb
B01L5V9P6M,store_e38bd0a28b214491
B01L5VEN00,store_e38bd0a28b214491
B01L5ZKE54,store_593858bf07e0f726
B01L6VHB12,store_46a808cfd5beafa5
B01L6Z8BO4,store_19d6a733321a3ca2
B01L73E3YM,store_3dcc0020394512fb
B01L7Y4K0S,store_43a83ab170eee490
B01L87IVRW,store_f614819be614f6e1
B01L884CFG,store_1ed264bd624d49c9
B01L8FKQS6,store_b643049fb146d003
B01L8REPS6,store_a83fc7f4802f63d4
B01L94SSHC,store_fe3709ff5dc7615e
B01L9IROFU,store_68cdc4442f2ca762
B01L9U5RNO,store_7068df413e1f46f3
B01L9UQ59Y,store_231fc9d8f242311c
B01L9WSMX4,store_10980ae7d79cbd94
B01LAJP9LE,store_8ea2895f246961f0
B01LB1ZLGE,store_8a87a96d0a882037
B01LBQ2FQ8,store_f07a6c5beb5e6f22
B01LBUSDGA,store_23a1a10e3335c5fe
B01LE3GULY,store_9551a0fceb313cdf
B01LE4QJS2,store_719c55dd896813d6
B01LENRH7U,store_0e4b76031b779e02
B01LF75P74,store_f95294da59a94b9f
B01LF8FVQS,store_8c63e52d8fbf8590
B01LFIZ1ZY,store_825600bffc2203f6
B01LFUCWKO,store_dbadce9426c6302c
B01LGOY95U,store_4914a75a7572920a
B01LHYL0V0,store_e15d3acb85fb7b67
B01LI5FOMY,store_85fb0415a312207e
B01LK627I0,store_742ead46d66f0fc6
B01LKFPCGK,store_ca790186ee65299d
B01LKYSLDW,store_d35517970a4d3e20
B01LMLJEWK,store_a5c9904c1d399e8d
B01LMPFLLO,store_7bd37f96ade349c2
B01LN0OQYG,store_7f0957e36e01f4d7
B01LNBBD2S,store_dd3a2c47d6ed400d
B01LNGUJEG,store_9e169642fdd7c02e
B01LNRIFW8,store_b5f509acd6744f6f
B01LQ5PQB0,store_72b1e12a3a0f7f3d
B01LQMA1Q8,store_8c63e52d8fbf8590
B01LQU6LIC,store_41b580d86d8d8e11
B01LR80A6M,store_5d67a5f770857596
B01LR859KY,store_5996ed2f137322ba
B01LR85VC0,store_bf16fcffad89e08f
B01LSCJUEA,store_e0a4e9621aa0e260
B01LT68V5Y,store_8c598ea9ade588c7
B01LT7KR50,store_dc391dbc6111e82c
B01LT7KV2Y,store_dc391dbc6111e82c
B01LTIODC2,store_e3a7fce121d19f4b
B01LVU24T4,store_21aab516d69b32bf
B01LVW42NJ,store_b0ba9132f3c121f2
B01LVXUTH3,store_21aab516d69b32bf
B01LW0FYD3,store_39e9ae05367b09c7
B01LW3AEGV,store_7092ca5fe95b556d
B01LW6TBP4,store_39e9ae05367b09c7
B01LW8G23J,store_7092ca5fe95b556d
B01LW95RHN,store_2124037ca66a33c1
B01LWAB0ZB,store_37aaae0ed7072c4f
B01LWBTVT3,store_7092ca5fe95b556d
B01LWMH7G2,store_6021e44b0893df49
B01LWOQMVN,store_b3b3a8c0edafdf59
B01LWVOVOQ,store_c693542a04646b78
B01LX0W73Z,store_2535db70816c9e62
B01LX1R596,store_77269a8ad003f8b5
B01LX1W7DS,store_f1c8d96574f0501c
B01LX8ZEDK,store_5a6411366ad59d0e
B01LX9DGM8,store_21aab516d69b32bf
B01LXAAIND,store_c693542a04646b78
B01LXAXDSI,store_dafe1dce49360766
B01LXB2XBJ,store_7761cffab57dcf2e
B01LXBX3D3,store_3aea96e7a8174e34
B01LXDUVYL,store_1ed264bd624d49c9
B01LXG1APU,store_9c8440780bba36e3
B01LXJJK3M,store_a31760f52271fd11
B01LXJUR7N,store_b444c7d7b819543c
B01LXKNMJ0,store_e92cde5492d6f665
B01LXL4JB3,store_18c86bfeaef333eb
B01LXP88Y4,store_0b1d13a3447c1e93
B01LXQTVNE,store_37f985de9ad28a10
B01LXU70OX,store_225bfde683c2270c
B01LXVXVJ7,store_a14c04cfb4f118d6
B01LXW4P4F,store_82b7d0840a223958
B01LXXXRNN,store_f42da20e9b763457
B01LXYHF2G,store_f00312f296ae4f65
B01LY0P2KN,store_a8530af946f8d30e
B01LY20ROT,store_244e151a9a5c9f1f
B01LY46T09,store_461d33b990106c6d
B01LY77Z6Q,store_621e549de2546534
B01LY787Z0,store_d4a2caa08bf40f9f
B01LY9YNEK,store_180b21e55dccd360
B01LYAWNIU,store_8352362a0fe7abd3
B01LYCMIPD,store_fc44bf14f258b9bb
B01LYDBKFT,store_3c90ebdfeabdb6ec
B01LYEC27Q,store_d32952c0cfbb587a
B01LYGMSMN,store_2e40b3310df1d63e
B01LYH0U5G,store_85355bcea197596b
B01LYH7YN7,store_439c77b267cfa730
B01LYHHIQL,store_0e7ae82af2f452f3
B01LYLRKAD,store_b3567d9b32116115
B01LYM86IN,store_d1816960bf684126
B01LYMKOGS,store_07a2e25662f8c794
B01LYQLV0X,store_0f7d0d088b6ea936
B01LYQQ17E,store_79de5c803e3df101
B01LYVWQE0,store_c955b3cc458cdc68
B01LYWBNGJ,store_b354b13297240e20
B01LYWGTG0,store_6bbcd916f9509323
B01LYXJ1JQ,store_820809540dfbab80
B01LYXKBH6,store_598457429257412a
B01LZ3M60F,store_63e9f0c799a07f12
B01LZA8QP4,store_820809540dfbab80
B01LZAGWJR,store_736b5a28a83869d1
B01LZAJRQF,store_a9f72bc845ea517d
B01LZAR528,store_d788a6a9b683ed3a
B01LZGL9JB,store_28dc1ba74b23f8bd
B01LZJ0RTY,store_f42da20e9b763457
B01LZJBQUP,store_40681755e810e880
B01LZJEYL3,store_21aab516d69b32bf
B01LZJW92F,store_ae8aefeada626b71
B01LZOAJ94,store_244e151a9a5c9f1f
B01LZQPWL1,store_0f96737d49f768b5
B01LZVM2IN,store_60412ed63bdc36ed
B01LZXJ470,store_b5835044f36dad31
B01M054UGN,store_9edd420ad7df8aa2
B01M057IUT,store_05caf4b08114f59d
B01M07CRQR,store_b64d00716bfe99e2
B01M0B1KOV,store_1ed264bd624d49c9
B01M0EZ5SD,store_532ec7e185eae48f
B01M0MH96R,store_adbb4d8ec530f9fc
B01M0PKXPE,store_d6f02c47383c4935
B01M0RBD2O,store_cb99813014f78a5e
B01M0RBMWO,store_4dfa77c22f33e36f
B01M0RCAOX,store_2e670c6131a36624
B01M0RQ1Z1,store_c3d0bed30f4aaee0
B01M0WMHLS,store_da9e4dd058e0af9d
B01M0XWJFD,store_99769ecf3f20ce80
B01M0ZP3I6,store_d32952c0cfbb587a
B01M14RW3Z,store_d4efff3c653036c5
B01M15MKVT,store_b5df2fb65af39320
B01M1B2TRO,store_f00312f296ae4f65
B01M1CJPDG,store_ed316f43ed30e68b
B01M1CJSZH,store_8ea2895f246961f0
B01M1DHNM4,store_788d1e5d142a1dbd
B01M1FBBP2,store_2fd3402129116c18
B01M1FSPK6,store_ce79f8e7b2eb89ea
B01M1JNAA2,store_bc7be180de62ffdb
B01M1L3M91,store_83570a64c8ef0fbf
B01M1MYFD3,store_d32952c0cfbb587a
B01M1NUJZN,store_f00312f296ae4f65
B01M1OSWV0,store_28dc1ba74b23f8bd
B01M1RBJO1,store_21aab516d69b32bf
B01M1RNXG4,store_be74902a2094715e
B01M1RYC9M,store_da87904420d34787
B01M1XWWM0,store_737066d88c71ca01
B01M1Y32CE,store_01b095f56c0e5ce3
B01M24RWHM,store_6a240db5444f3290
B01M27E79X,store_62f5d838cf290527
B01M27KTYK,store_27495f760215a1a2
B01M29J39M,store_0352a4b28b4ec70d
B01M2BWVTI,store_2d17abf96e09196d
B01M2VN8TD,store_2e91f0b6d80cb790
B01M2VQB89,store_a40790b29c4c0229
B01M2VU02Q,store_a3b2ffa52d7c8855
B01M2WQD4C,store_cc1392bb71325ea7
B01M311WHV,store_2160aefe7b0d63ee
B01M31RMBB,store_f3174db81b5dbc88
B01M33LWNX,store_e1db1d0fd65017e8
B01M346TUO,store_0b1d13a3447c1e93
B01M3NRALA,store_d1374de9aa4a02d7
B01M3P0RJS,store_244e151a9a5c9f1f
B01M3T5TC6,store_da8b3eb3333d947a
B01M3U20CO,store_eaf42f156859232d
B01M3X5GCS,store_d44586ba4e244f9a
B01M4I7R9U,store_244e151a9a5c9f1f
B01M4IG1DK,store_4e199b4a1c40b497
B01M4KWU6I,store_c98d1d341c93cc21
B01M4LZ3FX,store_6c68c581b1cc1b40
B01M4R2L98,store_f00312f296ae4f65
B01M5CY0EE,store_a40790b29c4c0229
B01M5ETLYC,store_d793712da5448361
B01M5FJ011,store_34202aaac3bdd59b
B01M5IU43N,store_d44586ba4e244f9a
B01M5JN6A3,store_d61b73635b8ba290
B01M645L3W,store_077e715227d61363
B01M655RA6,store_9bdd27bb65a4ea68
B01M6693AI,store_662b54819670ffe7
B01M6DODFW,store_400ebbc9fce2b336
B01M6V9SH5,store_83babfaa15d36758
B01M6W6KGF,store_6f55a6a9e81b0798
B01M6WXMFM,store_077e715227d61363
B01M6YFQTX,store_a40790b29c4c0229
B01M6ZM5PD,store_8325db818fe12602
B01M6ZNY42,store_a464349cdceb262c
B01M74V0EA,store_d44586ba4e244f9a
B01M75BAJ2,store_541e72e69841b301
B01M7MN0A7,store_f614819be614f6e1
B01M7OR06F,store_1652f1e8050ccbac
B01M7VV79U,store_2a9385e0b8fb1ea5
B01M7X5BMT,store_43cbf96323cde7ab
B01M8FY34L,store_26d9b7d4c5e1f85b
B01M8G6XYB,store_4600b78d54c43809
B01M8J6515,store_133dc35c897a0ec9
B01M8JN3UX,store_29d26ecf7dc14afc
B01M8Q9GQ2,store_fbed532326cd4698
B01M97QYH3,store_152fb71d17cbd337
B01M9B6SW0,store_6a240db5444f3290
B01M9FHKPE,store_f7550877e7fb39ac
B01M9IDHMY,store_529856508534d6bd
B01M9IHPVM,store_d44586ba4e244f9a
B01MA1F1PS,store_ed800abbaaf33cbf
B01MA1PPXU,store_4600b78d54c43809
B01MA4VVNQ,store_229f9d6b37c15715
B01MA5JXZM,store_44479e517533d449
B01MATMJXF,store_817e67a315f6b412
B01MATQHJE,store_dd672fcfc12c023f
B01MAVYFM6,store_b8c9f8b0e204d069
B01MAYLP82,store_872dc93a5c725681
B01MCT0UQX,store_2fd3402129116c18
B01MCTYRKA,store_d793712da5448361
B01MCV9VMA,store_1c91f6a8d87bca5f
B01MCXNGP8,store_35c0fd8b8d70bcb6
B01MCZ0KUO,store_c6c28c045379d691
B01MCZLDDR,store_29749487124ea1ba
B01MDK92UN,store_28dc1ba74b23f8bd
B01MDN0IG1,store_59851e905b720855
B01MDP7VIC,store_39452e2cb58fd3cb
B01MDQJQ8N,store_dbb3aa7391a388ca
B01MDRN7V3,store_12d590e5a0065f15
B01MDU308L,store_bd07492e3ecf21b5
B01MDUHEYL,store_2c011a30fbb92fe3
B01MEETQHU,store_54a47b3c40fd0178
B01MEF9TPR,store_d793712da5448361
B01MEGOHR5,store_97759d2c4216b93a
B01MEH6D3I,store_2e40b3310df1d63e
B01MEHOWGY,store_79ac6d4638a101f0
B01MF6W7QU,store_42da0e91a721afe7
B01MFCU789,store_257ac47d4f80caa5
B01MFDDUVX,store_4b255bf5bf8c2014
B01MG01PMM,store_a8530af946f8d30e
B01MG1C3RZ,store_c0210721a47a96ff
B01MG549LU,store_802b169310ba13ce
B01MG7UDPJ,store_856c5388bec324b8
B01MPY9VAP,store_7b4973ecad9dc4fd
B01MQ12GYP,store_05b14c075d2fa3cb
B01MQDKHUH,store_5b899fee07cab505
B01MQK5ZNM,store_1405df66cbe219b0
B01MQLTBRC,store_0e44cdc114075f26
B01MQP5AOQ,store_fb40253571763c5c
B01MQPWDMZ,store_14cddb992f79f446
B01MQQ5GY1,store_a9d153cf0576cec8
B01MQRDRZO,store_7092ca5fe95b556d
B01MQTKWRB,store_52b8e06800444b51
B01MQX75DX,store_8b0897435748820e
B01MQY0TEZ,store_04e608383cb701b1
B01MQZZTTX,store_953f6df4614efcee
B01MR3GNZW,store_b34718cec2377c36
B01MR3GOFA,store_cc9cb65826a5de03
B01MRHN8AY,store_c8c96007ad087709
B01MRI34YL,store_280786784df66075
B01MRM0BZA,store_61efc29323853e36
B01MRN94HQ,store_1cd547ae9d721e20
B01MRNP88P,store_eb33196153c7e411
B01MRQJ88Q,store_6687e0163510d0bf
B01MRVAFTZ,store_06d107d039d1edc8
B01MRVRR0J,store_b3f41faa085f2d51
B01MRWMKUU,store_fb2e4fedfd88e113
B01MRXSVW1,store_a363d8dc3c62f1fd
B01MRXYNXE,store_2d79e7eb7a334c7f
B01MS08Z2N,store_6113aa4e7b1ddb96
B01MS1U891,store_6600f74c5ffc058d
B01MS27GFM,store_74ce8685907a93ea
B01MS4LHFR,store_55b9127baa44828f
B01MS4WRG1,store_a26f88494fc6f4a0
B01MS5GGQO,store_2b085dc54b729619
B01MS6I5DD,store_909bc600962d7732
B01MS8SQAA,store_64a94e802dddf6cd
B01MS9XAL2,store_5ec89fe4f145f12d
B01MSHC70L,store_e62e1dfe153febd4
B01MSIOB26,store_c7db87473920f7a2
B01MSJI2G8,store_86fdfbdfa3c71ce6
B01MSJI75O,store_31232864bf63a8d0
B01MSM2ZHV,store_6a240db5444f3290
B01MSMH8FC,store_8ea2895f246961f0
B01MSO5VIO,store_589a320e02055c0c
B01MSOVDRP,store_27ca54d3e7a99c64
B01MSR63V3,store_7ad121d9fd0b9d06
B01MSS753H,store_fb40253571763c5c
B01MSSMAGT,store_35c0fd8b8d70bcb6
B01MSUESTJ,store_4698a6bb238b6a67
B01MSWJLCW,store_4bfabd812865e54e
B01MSY6JYS,store_5b9f5a8576e4abae
B01MSZWA8K,store_8763d43e619f11e7
B01MT0675R,store_c8df1282b749a167
B01MT8103K,store_50899b2f115bc42c
B01MT92LHH,store_4547fb32a166e7da
B01MTCFAVB,store_c05fc6a5ee6bae92
B01MTCHMXY,store_ad9aecdf6bcbc3f2
B01MTCQLIJ,store_28362a1b11f4e8e6
B01MTD1F2Q,store_a31760f52271fd11
B01MTDAGAQ,store_a866e0354fdd5909
B01MTGF6HG,store_fcdaceb1de2287f0
B01MTJTKRC,store_66c9ba175dde6f9d
B01MTK3Q9D,store_c7db87473920f7a2
B01MTKCU9L,store_f16f3a00ff3a8934
B01MTLSXGG,store_8dd719298f4fa7dd
B01MTLTQQJ,store_f7f6c82f53282070
B01MTO64ST,store_746c93982336cf84
B01MTOUMKQ,store_d1374de9aa4a02d7
B01MTPJF9G,store_9e19248bce982e64
B01MTQ5C17,store_cd2eb9b55a427da6
B01MU5WV85,store_cf778a0931f54f11
B01MU70K5B,store_32ea60c4394a3a0a
B01MU8293D,store_a300dd0518d20581
B01MU8TSB8,store_c291355679cf9ac0
B01MU9HLZB,store_91a7c7bd565f7f4e
B01MUBDITE,store_2f0a42ad3475fdf3
B01MUBFGCE,store_dd5a29fda093784f
B01MUBJA0T,store_9eb22d7beb527a5f
B01MUDVXDM,store_9304c57d155cb68a
B01MUEKLCI,store_d793712da5448361
B01MUEV3RJ,store_ef22e2947074a4ad
B01MUGLGP7,store_47e5d87a6c92dbaf
B01MUGMSAF,store_92b40c66ef7f3138
B01MUVKUQM,store_a1e0fb1b02f741c4
B01MUWBFXG,store_bbafc543457b7468
B01MUWGLBV,store_8004a28c377026f3
B01MV6JFOG,store_a3b2ffa52d7c8855
B01MXF3FAP,store_493f3c8f1832bdd7
B01MXLAV65,store_6a240db5444f3290
B01MXOV0MS,store_b219bb038b4b44f4
B01MXSQV4U,store_0412408c5c6923d6
B01MXU09JC,store_909bc600962d7732
B01MXVA98Y,store_890778c879591bff
B01MXYSXWM,store_f82c6718972cc84d
B01MY04R1Y,store_f6ecf647c748033d
B01MY276YX,store_736b5a28a83869d1
B01MY3A871,store_3aea96e7a8174e34
B01MY5KYJC,store_ad113811481d4b58
B01MY5N8BP,store_4c019c8ff7680121
B01MY7A2H5,store_e901576e1f193d0b
B01MY7ZHLJ,store_24ebcf836770d384
B01MYC78TD,store_97b9b0c3749035c4
B01MYFCS6R,store_23e704a31876e12c
B01MYGMJQ4,store_f7c9f26c77ad0f66
B01MYNJ37M,store_42a8f0398e379867
B01MYNQJ52,store_dc391dbc6111e82c
B01MYO1P1U,store_d1374de9aa4a02d7
B01MYRY7KX,store_bb6edd252117f76c
B01MYSKMTH,store_820809540dfbab80
B01MYTSTVM,store_2e91f0b6d80cb790
B01MYWQV3J,store_05b3ab98accd6fa8
B01MYXU0JM,store_564e6f1947637e98
B01MYY549O,store_4ea6fdc961208b93
B01MZ2OJWJ,store_b9d04b2942e7421f
B01MZ3FRKJ,store_ac6f5c7970f3d414
B01MZ4IMKE,store_d1374de9aa4a02d7
B01MZ4MK32,store_74ce8685907a93ea
B01MZ5XBGV,store_0cf37bbcc14664b8
B01MZ61IPO,store_07ee3467b31ddcb7
B01MZ8FF9W,store_ad113811481d4b58
B01MZA97UH,store_15be8a6b1f4efcf5
B01MZBVAH7,store_49051c3ecc08c430
B01MZDLYG7,store_9be60e2159364268
B01MZEYV1Q,store_a169ac75c3631546
B01MZH6WEZ,store_46a808cfd5beafa5
B01MZYX0FK,store_48e3b5a47763d730
B01N00W5P7,store_3a2891aa124c550a
B01N01WVMJ,store_356162fc8f16843e
B01N02WZIX,store_8c964e37ada70ecb
B01N0338MN,store_a3b2ffa52d7c8855
B01N062C2F,store_2c0c499910744446
B01N077LM7,store_e83cf54ff8f1f01e
B01N08QFJM,store_109b157f4059c88b
B01N095AU2,store_856c5388bec324b8
B01N0AUU5M,store_524f26048cc9307e
B01N0GF2GF,store_8a709890db844adb
B01N0K7PED,store_910115b74879abc1
B01N0MDLW2,store_8cddb757dbf20030
B01N0OO5OJ,store_ea5af7a04c5f7aca
B01N0P56JQ,store_0e0b6b32bbb54591
B01N0TRGHL,store_b9d04b2942e7421f
B01N0UHR9F,store_a6f1e184faf6367d
B01N0USYPL,store_f7d5d6d1ba4d06be
B01N0XVJIT,store_5536cde8c1c10a03
B01N0YJWXF,store_ad68fcd96e5cda05
B01N0ZNJ78,store_ecff5f36f18e9eef
B01N11NALM,store_35c0fd8b8d70bcb6
B01N122VWL,store_b816d680b4152b0d
B01N12V6GM,store_84643a99b5fdea7d
B01N1386VX,store_540e181495e58ae3
B01N14BMFY,store_540e181495e58ae3
B01N17Z8UJ,store_fc44bf14f258b9bb
B01N18P0FC,store_fb9ee076ef6345e2
B01N19WML3,store_a9f72bc845ea517d
B01N19Y1HT,store_2698ff1ca7ce1b0a
B01N1FB7E4,store_940e600dc21ac02e
B01N1G9RLR,store_dc391dbc6111e82c
B01N1IEN0A,store_27b10df210592b76
B01N1Q396B,store_0bfbc688a086fa60
B01N1UUETU,store_c1254eb01b05103e
B01N1VCT8U,store_5c5e9c9a547e04d7
B01N1WM96U,store_1387071dc41ed4a3
B01N1ZSR2D,store_cb9aed7e97a82282
B01N21HAYJ,store_2e6c122e07071fd7
B01N21WKVU,store_9ca28cca8c1f4ac8
B01N228154,store_8be6e89335621220
B01N22XR2U,store_6633dcc32f6715ae
B01N230BY3,store_dd5a29fda093784f
B01N25GNDG,store_54cdf8e167721ab8
B01N2BBMRB,store_d8e9c2453970a0a3
B01N2BILUM,store_6533159da3e85bf0
B01N2JLUJE,store_a169ac75c3631546
B01N2OTSPJ,store_82142c44dd8036d6
B01N2UMISU,store_9bdd27bb65a4ea68
B01N2VI3N9,store_12823094c0fdc1dc
B01N2VU56F,store_c6295d91af2493c7
B01N2ZJARI,store_400ebbc9fce2b336
B01N2ZZ6JF,store_a5d7e7b6bab2e72a
B01N30M5A3,store_0455cdd7df883cb9
B01N32VJJK,store_7b4973ecad9dc4fd
B01N33WGSC,store_4547fb32a166e7da
B01N384YIP,store_1512f7caa4203fdf
B01N39ZPJB,store_d5ff63402113311a
B01N3CEYD8,store_12d590e5a0065f15
B01N3CMS5D,store_356162fc8f16843e
B01N3JPJKM,store_577c6268cfc65553
B01N3LRPCY,store_ef6edc70722b49c8
B01N3LSN26,store_73057b30ecccd7e2
B01N3N45ID,store_6527988171a411c5
B01N3OHBG9,store_e1d2c05afb194d9c
B01N3OP12Z,store_11eaf2c76757ec98
B01N3SFXPH,store_98677229e14e3399
B01N3UDEED,store_861a86beb916dbf7
B01N3ZDULU,store_6742cadbb1a61102
B01N41CERY,store_aeef1b612c266fdb
B01N460W5Z,store_b8978b4f746debf7
B01N471UV9,store_6687e0163510d0bf
B01N47Y2O7,store_769558b18f5331bf
B01N4885PD,store_ae245051c130e30f
B01N4AOL9H,store_c3f3f88d901a07c3
B01N4D1L4O,store_5b9f5a8576e4abae
B01N4E8BYO,store_aa660d634db0807c
B01N4GHCQ2,store_71e62307d5799c86
B01N4IMJ86,store_f7d5d6d1ba4d06be
B01N4KWW5D,store_760b6810fec55f10
B01N4L6AXR,store_610150ad0ff61a8d
B01N4P8YKX,store_b953e97a79c84b05
B01N4PGNJC,store_64ba7fa3bfce2bfb
B01N4SHVCI,store_3fb784b1e896b2d4
B01N4UDRC8,store_75fa82dd35f5addb
B01N4WN8BW,store_3b079ed354d438ee
B01N52FVCW,store_6061b3297ba26b1d
B01N571R8N,store_b97e83a3cfdf327b
B01N5753ON,store_7cf8d4e8c17faff3
B01N5AP09D,store_b25cd282a8211401
B01N5DN3GF,store_39e9ae05367b09c7
B01N5DRSRM,store_5f04a8843e6c2de6
B01N5F8ZC8,store_552f4a6fa3121644
B01N5FTJ09,store_63ab4b5f79c57422
B01N5IT880,store_e048e768b504b05a
B01N5K23BK,store_f7d5d6d1ba4d06be
B01N5KSWMT,store_39a0e06d0ee0ae48
B01N5KTKAX,store_213e86a3d68891cb
B01N5L3FBA,store_ff4762153e35ccc3
B01N5PCFVH,store_a5993dbc41396d7f
B01N5Q9HIC,store_81b579b686921213
B01N5QHPH6,store_2b085dc54b729619
B01N5SL2MJ,store_e22c249256db65cc
B01N64FZ1D,store_726847999650b5c3
B01N65MB1S,store_852116a93af1ab2d
B01N68873W,store_0f96737d49f768b5
B01N6ARODL,store_b41f3c5a31bc6fb5
B01N6AXAV6,store_3c41f70bc56b5877
B01N6C5YYF,store_4dfa77c22f33e36f
B01N6E0JJ8,store_8612a968c091452c
B01N6FY67F,store_1d8b021b5278c202
B01N6FYA84,store_1d8b021b5278c202
B01N6K1S3K,store_1be1a65519cf757b
B01N6L7CL7,store_3c6f04f839852ed1
B01N6O1SFJ,store_9a1eebd7112cdf73
B01N6OA85H,store_dcf69d84b7765c92
B01N6P56GT,store_07a2e25662f8c794
B01N6PTZ7K,store_50899b2f115bc42c
B01N6SZH6R,store_530c496c2f7bb8d7
B01N6TJWSD,store_9a3bb223056a8609
B01N6U873R,store_e22c249256db65cc
B01N6UPD2H,store_1fef348589fd5075
B01N6W1URB,store_c6adfa570bdca920
B01N6Y0DV8,store_fc44bf14f258b9bb
B01N75SUK4,store_6a2e93bd36eb4c49
B01N7678TA,store_01fe12b319e1e88b
B01N76Q860,store_e7d8cb008e3a8c78
B01N79JW0L,store_400ebbc9fce2b336
B01N7GG0JW,store_225bfde683c2270c
B01N7GL12O,store_3922d5843a9bc4fa
B01N7GX3XP,store_d793712da5448361
B01N7IOQES,store_f7d5d6d1ba4d06be
B01N7IUPAZ,store_8bdbee8c7801af13
B01N7J43YP,store_2496c68dcdd9fa10
B01N7J786N,store_5702ac92a9d85baa
B01N7NIC0K,store_4b4e85b947c2aed7
B01N7QCP9T,store_a7d4dfb2d0349071
B01N7QR4FG,store_2b40558f9b5f5ef9
B01N7V49RS,store_5270bb47ec09afd8
B01N7YLLZ5,store_66e2e5c8c8705952
B01N7ZCRC6,store_f3d6582ef7db0fea
B01N803DMR,store_7935213627524c40
B01N815NLG,store_e461a88652035dc0
B01N81E03F,store_52721e513a3be4f5
B01N8PPMV6,store_43cbf96323cde7ab
B01N8QK2K3,store_f7f6c82f53282070
B01N8RW5IW,store_6a240db5444f3290
B01N8TTAAK,store_43cbf96323cde7ab
B01N8U4A91,store_5ea0ae0a2f11645f
B01N8WRU2E,store_8a87a96d0a882037
B01N8WY9GF,store_07af85d8b6304b19
B01N8ZNJD2,store_b0e377222f4b222e
B01N914AIM,store_57a1b6092b97905d
B01N97T1IL,store_6c84e5c624c38baa
B01N9FZHE0,store_e2912dccae40fabe
B01N9I1OQ2,store_d793712da5448361
B01N9I42I0,store_d793712da5448361
B01N9KIZTQ,store_b9d04b2942e7421f
B01N9MBCLW,store_e101835e5f4493d3
B01N9NNS10,store_22c039e8bc7856a8
B01N9OBQU2,store_824c62bb75997fae
B01N9PBPC8,store_384ee5a482626322
B01N9TSM2V,store_08128d8579614dd0
B01N9VRVQZ,store_3d64c6ed9deb0e42
B01NA069WA,store_fdb390fe1e0c383c
B01NA085PM,store_7b7074fca36fc89f
B01NA6RMLJ,store_28c1b42c6b5fb205
B01NA6WSCH,store_01fe12b319e1e88b
B01NAGFL1V,store_264ba42752a2a73f
B01NAHKM0G,store_c7db87473920f7a2
B01NAJMM7W,store_d793712da5448361
B01NAN4J5I,store_d1374de9aa4a02d7
B01NAPNLIW,store_57bed93aec59a335
B01NAQDKWJ,store_07a2e25662f8c794
B01NAQU2AI,store_29bb5d28862d3d2a
B01NARYPLF,store_ebf9e183fb3b81aa
B01NAS4411,store_fc44bf14f258b9bb
B01NAWAYDG,store_e54c6cec52cd228a
B01NAZHOW8,store_62aa962fb984c297
B01NB16J2O,store_bb9cad10a3e467c2
B01NB9C4TM,store_816869afbe2aa431
B01NBCJQPP,store_024f1cb8e40ed68b
B01NBJU3A5,store_ed8c0177fc77d70a
B01NBTC04E,store_ad113811481d4b58
B01NBW05OC,store_058d64a1c506cc60
B01NBXKH35,store_31a6d80444b93ff0
B01NBYJ6PV,store_75ea6bb7bfc1186f
B01NBZ4MPN,store_d6b5304b46b28e9f
B01NC2INLZ,store_50899b2f115bc42c
B01NCEIZWQ,store_da87904420d34787
B01NCEPI1L,store_aa897363f6db64c5
B01NCK77JE,store_1758ce83bb9d01ee
B01NCKIGNN,store_1387071dc41ed4a3
B01NCKOUP8,store_f00312f296ae4f65
B01NCKTDTE,store_c727632c303d6665
B01NCKZW20,store_726847999650b5c3
B01NCLPVS4,store_2dcb4045586d2dcb
B01NCLS3MS,store_23e704a31876e12c
B01NCO21T1,store_a40790b29c4c0229
B01NCOQ12D,store_e532bb09546235b8
B01NCUVGO7,store_777bd32c023ba920
B01NCW8FAS,store_a7da07783815071e
B01NCX8Y5V,store_9aeac07ac0f30b16
B01NCY6667,store_15fd8d67da183b29
B01ND3ZJJ3,store_89f53c408c8bd119
B01NGTO9JA,store_f82c6718972cc84d
B01NGU035M,store_9ad9acdf225115a5
B01NGZCWP5,store_60f2cf8fbc11e008
B01NH033FL,store_90adab3f89ebbe8c
B06VSLD2N7,store_333f4ea44dbac1bc
B06VSMTK9W,store_2b085dc54b729619
B06VTHJ2GW,store_62f5d838cf290527
B06VTPDMLY,store_f437b160066a173b
B06VTY1JXF,store_a40790b29c4c0229
B06VVK4VNF,store_1b37d57243f13de4
B06VVT6251,store_70feb3ec6fbc0f1d
B06VVVCXBM,store_2224e4a6e2e8e4e3
B06VWCJCHH,store_d14bd65a9f5b97bb
B06VWV8BXH,store_df021f227e540d8c
B06VXY8CNC,store_a86512d4fe20683d
B06W2G5X2C,store_2124037ca66a33c1
B06W2K5ZFX,store_7e7bb32352d0d43b
B06W56W2P1,store_d2bed18a2298efdf
B06W574G5Q,store_34f7f706ca5675cb
B06W587MCK,store_0a9cde539b177832
B06W588LSQ,store_d1816960bf684126
B06W5SS84P,store_d7d9195ce0329c34
B06W9KPLVK,store_206e5e5efbf36cc7
B06WD112HZ,store_093370c1cf74c848
B06WD2NT1S,store_df9eec25527ace57
B06WD67JFM,store_bc1097f6cf8fae18
B06WGTVK8P,store_fe7f9d83a18efd2e
B06WGYH8NS,store_d793712da5448361
B06WLH4T4C,store_f1c648a0bd916d3f
B06WLKPBNF,store_bfbaf8b2d1cdf92b
B06WP1ZDRR,store_d8835b01459c2e6c
B06WP3R84N,store_a5bc00ab63943b9b
B06WP5PSJH,store_bdec7e80b1d8d1c8
B06WP5Q6BW,store_f9893a1eebb65a88
B06WRR3CPY,store_bfbaf8b2d1cdf92b
B06WRSMR1P,store_2e91f0b6d80cb790
B06WV6LV33,store_15160e0eb438d055
B06WV8BCWZ,store_adbf2abeb105e294
B06WVGCK8V,store_48e3b5a47763d730
B06WVHT752,store_d1a9e36aa260f541
B06WVHTPWB,store_d1a9e36aa260f541
B06WVKJZMB,store_ee17dd83760cb938
B06WVMCMD1,store_2124037ca66a33c1
B06WVRTJJ3,store_d5ff63402113311a
B06WVYMKJ4,store_d793712da5448361
B06WWGJ47M,store_22ffda80679597e6
B06WWP3FL7,store_b07eb2961e495a99
B06WXXBZQL,store_b07eb2961e495a99
B06X1B5XDW,store_303fe4e6095b796b
B06X3VF1TC,store_88833af71e0eacd8
B06X3W5Z4Q,store_c9d9cc01617eca80
B06X3WVWYR,store_79ac6d4638a101f0
B06X6JVBGP,store_6feda84dcc2663ca
B06X6MMDSV,store_52f632ea09e3aa6c
B06X6MTZZD,store_50b4ab8cb093e6e5
B06X91YVJF,store_8a45967c8502b564
B06X9B7GCY,store_a4f992bffa9470a1
B06X9BLS6B,store_b3ecd99ca19d8e8a
B06X9H6ZRT,store_f9a146d9040255eb
B06X9QDPZW,store_c08f6443466294cd
B06XBBZ8F5,store_4a1060b93962aee6
B06XBHF42Q,store_745a8ca3d363878d
B06XBL3WD3,store_3beb46aaf0b84145
B06XC1MP4X,store_6b99a3d8639f494b
B06XC5JRZ6,store_bce08ad942bc6c6e
B06XC74KQS,store_b65a38894ca580c0
B06XC95XQ8,store_99b26f4d6911dc0e
B06XC9YLR2,store_ad62be6b77506f94
B06XCD9SDW,store_63ac7fadf7034a3b
B06XCF3M5G,store_213409aec715cbae
B06XCG2J2F,store_615e2891eaf71614
B06XCH4JXP,store_d8e9c2453970a0a3
B06XCH825J,store_53819eb7887673d0
B06XCNBRJK,store_fc70cf15612b42ad
B06XCTF3YB,store_a9f72bc845ea517d
B06XCVC7FL,store_d793712da5448361
B06XCVHGYZ,store_26e78be1eeec1289
B06XCZ5T5Q,store_d793712da5448361
B06XCZNM9L,store_0bfbc688a086fa60
B06XD1W627,store_cfd364882e7737f3
B06XD5THK8,store_5ecfffa4afd98c24
B06XD7WFDC,store_e35af26b5ffe4a08
B06XD8CRP1,store_57a1d1e560285e22
B06XDB794J,store_4043d4278d2f22a0
B06XDD1WWT,store_f2893903a78a60a3
B06XDGCD2B,store_17cbf148e07a9463
B06XDHWW98,store_0512bf5b30da8a71
B06XDLPV71,store_b2ea9d2d8c191a16
B06XDNS62Z,store_e79301302f207b16
B06XDQRTLB,store_7ddf77d9f4e238fa
B06XF2KT39,store_50718ec06c56fe14
B06XF82JVQ,store_a3288e231bd44781
B06XF87XP7,store_a3a7b63f466ad674
B06XFD376B,store_43a672c4ce52fbbb
B06XFG698Z,store_45cf0eebf9dd9fe1
B06XFMV3VP,store_72981a5d6bad29cf
B06XFQK412,store_8fc2488382a3ca97
B06XFVX3ZF,store_7e91e9b280c217b4
B06XFW8LK9,store_b2c20521d7b80ccb
B06XFX6MR4,store_ee2aacaf62da8f75
B06XFY9HZY,store_2fd3402129116c18
B06XG4H3XP,store_77128df2ceb52e7b
B06XG7QGS8,store_3c3dedf9ef35cceb
B06XG8VYGZ,store_479ffa4fe361a3aa
B06XGGHYTZ,store_cf5f055612516edd
B06XGNJXGL,store_564e6f1947637e98
B06XGRRRPF,store_9eb22d7beb527a5f
B06XGSLBPV,store_4d0f1cf1b0c9315e
B06XGSRY15,store_fb10bcfcc862204f
B06XGX5772,store_152fb71d17cbd337
B06XGY53YW,store_bd474d25c862d0bb
B06XHF4TK7,store_84b005a7a9309c78
B06XHH4B2R,store_f11c33ee496e229e
B06XHNN74Y,store_2e40b3310df1d63e
B06XHPHHR4,store_f746c29da6938a5f
B06XHVDMZ3,store_5393365fa585dfcf
B06XHVGWY2,store_5393365fa585dfcf
B06XHVL45R,store_5393365fa585dfcf
B06XHXXSJT,store_88aa84cfc1945d28
B06XJ6199D,store_e1930d376998a76c
B06XJ73986,store_a40790b29c4c0229
B06XJ82VY7,store_a77b5bd9592cec8c
B06XJ9HFTP,store_769558b18f5331bf
B06XJNK8WM,store_ad68fcd96e5cda05
B06XJQKWBZ,store_59851e905b720855
B06XJS96PF,store_0b23e228b55bfefe
B06XK5RJMR,store_62f5d838cf290527
B06XK5T4YQ,store_74c35e15b487a2d9
B06XKB6CG6,store_f42da20e9b763457
B06XKKR6Y4,store_a40790b29c4c0229
B06XKMKNDD,store_b860391f75ffc63c
B06XKND2MW,store_07dfdc72bfdc457f
B06XKP91H4,store_b74ee28c85b353d7
B06XKPNBRW,store_ad62be6b77506f94
B06XKZ13SP,store_eb16863526c1acbf
B06XKZH4Q3,store_a40790b29c4c0229
B06XKZNVS1,store_f8707528c1366c78
B06XMXPRMB,store_7b0e1aaa699079f9
B06XN57TSK,store_b65a38894ca580c0
B06XN5JLY5,store_4d0f1cf1b0c9315e
B06XNLTVV2,store_59d180db33dbb566
B06XNMXGPF,store_fcce72fa919cd072
B06XNNX313,store_6b24b5a793f71628
B06XNRL56P,store_1c8f09270fc33a39
B06XNVB6J2,store_8908fd8018cda142
B06XP5616S,store_84643a99b5fdea7d
B06XP91S3G,store_f46c2d8a8dd7ae2c
B06XPHN867,store_9d3eb3ab6e18a39b
B06XPRCLMM,store_206e5e5efbf36cc7
B06XPSJ5D7,store_08fc2a974c14cb9a
B06XPVL4Y3,store_ce52c5f7995303b2
B06XPVXY3T,store_edf05c0ab9ce0fea
B06XPYPBSM,store_9e04d3d0ed834261
B06XQ8WPRW,store_9d3eb3ab6e18a39b
B06XQ8Y4Q5,store_88bc9bba054bb388
B06XQ9B8PC,store_ce52c5f7995303b2
B06XQFYVS8,store_4c13ecdf7f3ee62d
B06XQLGPG5,store_43c4ed323bed37d7
B06XQNTLZZ,store_5946afce42717dd2
B06XQPPW82,store_496ab759a9f2179e
B06XR79F1N,store_8f2dffa3aa2cc375
B06XR7C5NZ,store_0d08c189444bd73d
B06XR8CCBV,store_59851e905b720855
B06XRBFT4D,store_37c8a4e78b1497b4
B06XRK3P96,store_99d5a6a2763baaf4
B06XRKHS39,store_0354bb40ff336e08
B06XRKM64X,store_7101d09c8836e188
B06XRKS2VB,store_fa812ab329ac512e
B06XRLR3BN,store_4faf2e53241b6277
B06XRN58JM,store_f2b70e28aba94405
B06XRQKSLM,store_e926d4d1510971d2
B06XRR7KVS,store_d319f370e692e2a8
B06XRTW82W,store_03d2bb5832f576c9
B06XRXZYNF,store_088879ce1eb99fe7
B06XRYWZ7W,store_c409e28daca4f0e0
B06XS1PT7V,store_6dbdd7f5ae83f2c8
B06XS22XVL,store_2fd3402129116c18
B06XS7G1GJ,store_8023b7f4f34b5f00
B06XS7J2MQ,store_19a1571d8303d75f
B06XS9D19R,store_479ffa4fe361a3aa
B06XSCB5YQ,store_54a8445e42535513
B06XSDH6VF,store_6f7bcf2031343d34
B06XSDMHFS,store_607ba175b56e6ba2
B06XSGHHVT,store_995d5cee3e2448b1
B06XSL7318,store_ae8aefeada626b71
B06XSN9J9L,store_a01bb18627d8f8c3
B06XSTVZ8H,store_479ffa4fe361a3aa
B06XSW6NXL,store_d1a9e36aa260f541
B06XSWXVZJ,store_bba3ac8ebe582505
B06XSXLLFL,store_0a40fdbb6cce7f1f
B06XSXM9CZ,store_a40790b29c4c0229
B06XT2YHL4,store_2d602e5d1ff606c8
B06XT4J6L4,store_63e9f0c799a07f12
B06XT7QPW9,store_0c9415a1afaeadbd
B06XT8VFN9,store_7d218df1f0cf3265
B06XT9B1JX,store_f7d5d6d1ba4d06be
B06XTG1NCT,store_01cc601d6903bbbf
B06XTKR66W,store_dbb3aa7391a388ca
B06XTM5FFX,store_8e2969ea58acf2b6
B06XTSTVW2,store_7403fbf9cc869cdb
B06XTTHDBV,store_b92ad435b721d9df
B06XVJMTC6,store_0b53bfa7a13f5093
B06XVRW6H9,store_dd920e211a6bbef3
B06XVZVXVB,store_c92a8344b221fa34
B06XWKC6VD,store_ce79db02c712ec19
B06XWKNGML,store_dbac1f7e53a485d8
B06XWSD28W,store_95bbe2ace23ae380
B06XWZS4LX,store_72fa010b2583a803
B06XX27PKC,store_02a29eae3525ec46
B06XX2QD5N,store_08e1db01061b7cce
B06XX9VHPM,store_cd153b4d7b786b5f
B06XXM5KH6,store_c0c0813ac2958161
B06XXT9XBG,store_23e704a31876e12c
B06XXTQZ9N,store_0a40fdbb6cce7f1f
B06XXTYGCC,store_23e704a31876e12c
B06XY2ZFNN,store_b643049fb146d003
B06XY6QYX5,store_39337f13a94b741d
B06XY8VM11,store_c0c0813ac2958161
B06XY8XJ1M,store_1be1a65519cf757b
B06XYBMGR9,store_a6425c9efd9d4c80
B06XYL76J2,store_191b6e167438487f
B06XYRX8Q3,store_0354bb40ff336e08
B06XYT84QH,store_4f8a0d4cdb0a8264
B06XYW44HL,store_8bf58500cbacfaad
B06XYYCVXQ,store_9d655371e2801913
B06XZ1TLFG,store_9e04d3d0ed834261
B06XZLF5BK,store_4c1e4cd8e39ba118
B06XZPQ5YM,store_769558b18f5331bf
B06XZQ7XW2,store_41d3620258f2f768
B06XZVCQTF,store_7669991a5ae763cb
B06XZWDQJY,store_f7c9f26c77ad0f66
B06XZWTCH4,store_1e15e6aed7f67bc2
B06Y17MNTT,store_1f1d653fe18d6463
B06Y1D3436,store_1d6ca731264944ca
B06Y1DRVCJ,store_7955b936c48c9e75
B06Y1LZY7W,store_83541e5ae84aab8a
B06Y1N7XX1,store_1ceed3d7b8cb85e9
B06Y1ST5TH,store_8d63ecb1ca5fb4ff
B06Y1VC129,store_3e41557368c54610
B06Y1WL5LY,store_7034acb413c330af
B06Y1XCZ9S,store_f00312f296ae4f65
B06Y21LLRB,store_31e61cb03058b241
B06Y277JSR,store_e3a7d4b077b954de
B06Y27K2S1,store_4dc2eb4fa8f50b16
B06Y29P586,store_b74ee28c85b353d7
B06Y2NWGJ4,store_a1fc409e72a37907
B06Y2Z72BD,store_44844b8aa9d746a5
B06Y3C9XQ2,store_1ceed3d7b8cb85e9
B06Y3SJBS4,store_2ab4f317bc2dbcd1
B06Y3T9CW1,store_2ab4f317bc2dbcd1
B06Y3VS6RB,store_b50622cd45a05195
B06Y448Z53,store_79de5c803e3df101
B06Y44MMT6,store_79fafb1d8eb73e19
B06Y46CN2Q,store_12936afa1ea6f76d
B06Y46VBH8,store_46b6f2cccf99ea11
B06Y4CZP99,store_d82f600fefac80f1
B06Y4D6NSY,store_b4d6221afc0b23f4
B06Y4FPCFY,store_ce775632fac2cca1
B06Y4MKMMB,store_a31760f52271fd11
B06Y4MP5V1,store_f47c87e417d6594e
B06Y4T2NQ8,store_bdb480de655aa6ec
B06Y4VNW6L,store_a8b3bf893a704572
B06Y4YFFYQ,store_1aa1d092469cb872
B06Y55PSL4,store_febff2cefae9b242
B06Y5FT6WL,store_479ffa4fe361a3aa
B06Y5HG6PR,store_fc44bf14f258b9bb
B06Y5NZLQV,store_31bde9bf8f37eb45
B06Y5P9YP8,store_26966dd9ff2f5a88
B06Y5TMPFS,store_5bfb4f8bfa9565ac
B06Y61B4DV,store_86dbfc848517c37f
B06Y646WVH,store_120b9e3de3455a34
B06Y6CK2K4,store_f46c2d8a8dd7ae2c
B06Y6D6V7H,store_2b43c1e724ba82ec
B06Y6DB748,store_6286ae9145d421e0
B06Y6P4PHS,store_c7db87473920f7a2
B06ZXYB8KK,store_3d23990d56db8960
B06ZXYHT56,store_8410dbf2e5d1c804
B06ZY2KMMR,store_40ce229cdb907f0d
B06ZY6C8TD,store_4352a6950b6d3def
B06ZYD17N6,store_f669ba4513e9467d
B06ZYDTTJN,store_933fb5e980fc6c65
B06ZYJPVCN,store_f02505f77465c0ff
B06ZYSVZXC,store_4043d4278d2f22a0
B06ZYT83Y1,store_e32d22f9b381ec47
B06ZYTHZNX,store_8763d43e619f11e7
B06ZYZVJ7Y,store_32c8b0094a5eeb0b
B06ZZ1JBVM,store_615e2891eaf71614
B06ZZ8KZJV,store_add3b5f637dbae26
B06ZZG1S3D,store_599ffcdfc2ce5de8
B06ZZLJ58R,store_4bdacfd2c6b91d48
B06ZZM6LJ7,store_5880c7b79cec23fb
B06ZZMXS8W,store_b3a37c82e350bed8
B06ZZT2D8H,store_50d8b4a941c26b89
B06ZZZBB2K,store_2e0b8f475bc1e80e
B07112CYX5,store_2124037ca66a33c1
B07114DFB2,store_a9c9b2a97c9d0d91
B0711BSKGQ,store_e63bf22a6ddb31c8
B0711L86FJ,store_82dfb2f5301e8abd
B0711QH7P1,store_28696d1344aebeb1
B0711T5KT3,store_d33457b3db7f2028
B0711W9FCS,store_4f16c5a8dfa713b8
B07121GVRY,store_47156d05ed99f67f
B07121WCQP,store_0dbcbf3f476cf951
B071223BTD,store_2124037ca66a33c1
B07122QCQD,store_98c23895883c763b
B0713QST3L,store_31a6d80444b93ff0
B0713RF42C,store_fa49373d808fea02
B0713RWDGY,store_a39e16f6b58fd822
B0713S82NR,store_5fdaa25da4db381f
B0713VF1M3,store_22879c2657d7680d
B0713WW5FP,store_33d1cdf8a7490e7e
B0713XG8C1,store_e63bf22a6ddb31c8
B0713XRCJ9,store_d8835b01459c2e6c
B0713Z3MYF,store_486b575ab9b42f83
B071413GTH,store_15bb5a90e7e1ac59
B0714458RQ,store_f78ca75071f59ae4
B07144J1XZ,store_894919c1a7ad1b18
B07145HZXN,store_816b31b9e10c7ce3
B071468P77,store_7f0957e36e01f4d7
B071483NL6,store_08e1db01061b7cce
B07149XBS2,store_f25edbef0b2311e3
B0714FR8QG,store_add21beeb16d1fe2
B0716BLTN9,store_3cc3836b62834850
B0716D1ZXH,store_00fc10511100b411
B0716F1XMD,store_b7fed4d1d4d6d739
B0716HWMS9,store_f46c2d8a8dd7ae2c
B0716J9THY,store_77128df2ceb52e7b
B0716JDNDN,store_e23beccc0b35b0be
B0716JYX48,store_27c75ae2efdecb92
B0716MPLG7,store_2c85124c92d59698
B0716NHNFY,store_7d218df1f0cf3265
B0716X1J4B,store_600a8c3493051f28
B0716Z2PZ5,store_6423d5aba8a4796f
B07177PJVD,store_0018722d1fab9ac2
B0718VXDY1,store_182b0fb01fdd9261
B0718WZTJ9,store_1912e1d577e0b585
B0718X2S6Q,store_967f685221606354
B0718XXKF1,store_d65b2c63b3aacbb4
B0718Z1K15,store_3fa36ad1f65532c4
B07192PKFR,store_384ee5a482626322
B07197537Q,store_5c5e9c9a547e04d7
B071997YYL,store_f09e3ea59055d0f1
B0719B7F18,store_28696d1344aebeb1
B0719DX6DJ,store_6d2365aa590b3410
B0719FH5QT,store_8405fcfee02c2f3a
B0719PWR9D,store_5e5c3370ad8476dc
B0719SSFX7,store_0dbcbf3f476cf951
B071CNSYDL,store_1cd547ae9d721e20
B071CXTMFV,store_bd368af9d37eaaa4
B071D4P14X,store_662f154878479f0a
B071D5BMVF,store_052930d484da4986
B071D86YGD,store_b590caf1a3d0c6f7
B071D8QMTL,store_cc1392bb71325ea7
B071DFNMBX,store_fbcbd9554249111d
B071DGVDHQ,store_05b14c075d2fa3cb
B071DJ1M78,store_487a3f090e54af44
B071DRJRN8,store_4e3c29115ed9adb2
B071DTZ61D,store_77128df2ceb52e7b
B071DY8Z4B,store_99b26f4d6911dc0e
B071DY9QL9,store_b5ad7e42e9a959d1
B071F78NNF,store_ad113811481d4b58
B071FBNMN2,store_cfcad84f7f5271c1
B071FBYRFB,store_37893fe834f79da0
B071FFR2ZM,store_9a70c85352851b89
B071FHXR4B,store_8e5f239b7c36e8e5
B071FJGB4X,store_47156d05ed99f67f
B071FJZJRN,store_92c2e2322c01d399
B071FKZJBF,store_c693542a04646b78
B071FRS5XP,store_f122a49068d1786a
B071FSK9GY,store_02dc74e93dacc9d4
B071FT6RZ2,store_ebf33d6628058cd9
B071FVWWW6,store_d48aacd44725d8cc
B071G4NNH7,store_f8a224e84882c1a0
B071G52YV6,store_31e61cb03058b241
B071G7FLD1,store_32c8b0094a5eeb0b
B071GKCWNN,store_ad302f9f4d599ff6
B071GKCXH3,store_ad302f9f4d599ff6
B071GKVKGG,store_62f5d838cf290527
B071GNK97R,store_ad5fb354aafc561b
B071GQJXZX,store_0f6cf66519223003
B071GYJ68H,store_1874ae44c20fe143
B071GZBM9K,store_c0cf45990d31ff01
B071H573YT,store_68aa36a31d35f907
B071H6CW3N,store_fc6428a935f9c339
B071H7GX5Z,store_400ebbc9fce2b336
B071HC82J3,store_141a99b09ddb6052
B071HFJ77Y,store_77128df2ceb52e7b
B071HYBZM4,store_a31760f52271fd11
B071HYSJQC,store_3895da7ca48cef0b
B071J13DPY,store_2e40b3310df1d63e
B071J18SDF,store_62f5d838cf290527
B071J1MY3C,store_190d8e76f19b5382
B071J984BV,store_153e5322eb1f9ddf
B071JCV6FM,store_c5233118bea97a87
B071JF7K36,store_36795c4b79c47d66
B071JGBXXK,store_d710ca2b61a1d0c0
B071JQLCGM,store_a40790b29c4c0229
B071K245SL,store_2d191269df1bda14
B071K7V32W,store_f42da20e9b763457
B071K8J9QV,store_80514458614a986c
B071K8RHGP,store_ee80066cb5378558
B071KGPSMY,store_2dcb4045586d2dcb
B071KLPGPR,store_92e9986d00311cba
B071KWP11V,store_495657d84b2e04c2
B071L86QTW,store_79de5c803e3df101
B071LBN8PR,store_33505e9eceb7fb60
B071LBZN2T,store_2ed1ed8c5d1579b0
B071LC52QC,store_e0cd9f9e0720a06a
B071LF8SXF,store_737ec11fd756b62e
B071LFK993,store_a3b2ffa52d7c8855
B071LFXQ1W,store_9e756f92a91943de
B071LMLJG5,store_f42da20e9b763457
B071LN5GF3,store_7a3c247d919db6b7
B071NBFSLY,store_487a3f090e54af44
B071NG6WX5,store_fa49373d808fea02
B071NGTDXP,store_407c332503e6e415
B071NPLLLL,store_2020a8bd63d00f25
B071NRFQQF,store_ffc637267f6badb4
B071NSXH1H,store_500fddbcbc752b79
B071NVNCMS,store_09f15847464bc0d5
B071NW126W,store_b9ac9bb441889f7f
B071P229NB,store_fdd69185cb45208e
B071P6D1JR,store_a0773260a60602a6
B071P76ZGG,store_aed38d7e32149488
B071R2RMJ9,store_0dee66317136abf9
B071R45MNR,store_1cffe617c2485667
B071R5FX95,store_a736674f153b4b86
B071R9MNKT,store_a40790b29c4c0229
B071RBPKPC,store_f614819be614f6e1
B071RDQY4Z,store_b643049fb146d003
B071RM87RC,store_0a29cebff27d7335
B071RMLM8Z,store_213e86a3d68891cb
B071RVPHLV,store_955f8c43709aa8fa
B071RWL3SD,store_733b78db8ae01291
B071S3HSX1,store_53d3f4187df5a267
B071S5NZ8N,store_3a352b496a5ea3b5
B071S7Z4ZQ,store_a6011bfde2128c62
B071SHVTZC,store_7dfb7b85cb2ab245
B071SKPNK5,store_eb89c96cf6db0bbf
B071V3814G,store_593e3262135de7f9
B071V4ZV2F,store_b6bf27899bfc8beb
B071V5YX69,store_a13ee22e12354b1f
B071V65DMV,store_967f685221606354
B071V6T8Y7,store_fd98d5a6188926f3
B071V6XV67,store_eb33196153c7e411
B071VC4F3R,store_1c1cfc38e3562a21
B071VFZKJG,store_58064af268241262
B071VKKVS9,store_0f270b9e798e19e1
B071VP116Q,store_9d4b8e88ae62730a
B071VQYNYX,store_089cf650253b8389
B071VT2DFX,store_a40790b29c4c0229
B071VW3G77,store_be015ba64c0e3250
B071VWTQKQ,store_bed5e0f7bfc2f4c1
B071VXDS28,store_a567332c3850b817
B071VZ8YXR,store_a31760f52271fd11
B071VZVM7B,store_5a94b775ea12595c
B071W6MR78,store_54a8445e42535513
B071W8Q3C4,store_bed5e0f7bfc2f4c1
B071WBXXSR,store_a970b94e5ad8673d
B071WNLNBB,store_25842330835d0cc5
B071WR5HGB,store_de1655416d2efc8a
B071WSRW94,store_6d2365aa590b3410
B071WXSLPK,store_ed424a7c5f2230fa
B071WZR3VR,store_d0221efc9687a02a
B071X2PDVV,store_bfb939588bc1a878
B071X3WLKK,store_206e5e5efbf36cc7
B071X55XSM,store_8f0b9ae4da64d254
B071X5VYBC,store_eaf376d28161109a
B071X6GQVJ,store_007eb1c45a884023
B071X9KBB2,store_9e27f33d92fe4d2e
B071XGWS95,store_2698ff1ca7ce1b0a
B071XH4X7P,store_a101cba683911cc5
B071XQ355Y,store_98010b25a69ebfdd
B071XSL9NM,store_3f38a2085f5441f9
B071Y6TPT9,store_6cd807c9c4580fb0
B071YBQBJD,store_4bdacfd2c6b91d48
B071YCQKC3,store_977d147dc02d0f1e
B071YGQSLL,store_12215447179a7184
B071YH6757,store_54a8445e42535513
B071YJ58LR,store_f3d6582ef7db0fea
B071YMPTS5,store_cd153b4d7b786b5f
B071YTBK1R,store_4fdc73e74e345eb6
B071YV8QYL,store_f42da20e9b763457
B071YVXNVP,store_e14479231107d4cf
B071YWKG8S,store_0e29d3923801aa04
B071Z1SBC1,store_9dc07e2708ec8e5e
B071Z3FB7W,store_82dfb2f5301e8abd
B071Z4DVQ6,store_b2714c21a5e86b70
B071Z5CVM9,store_54a4c507c13359f7
B071ZBW8GG,store_03a14bb16d08b319
B071ZQY9QN,store_6e2664058bb45c22
B071ZR23YT,store_c98d23e391b1b290
B071ZRZTKG,store_fb10bcfcc862204f
B071ZZBK6H,store_fceae300d4e2df84
B07213F5SX,store_28d6f5ab78b4ca86
B07215G82L,store_3a2891aa124c550a
B07217SJHP,store_07a2e25662f8c794
B07218BYCC,store_d5ff63402113311a
B0721C4BQV,store_33b4b9d78d7f2e99
B0721JKCTJ,store_ad302f9f4d599ff6
B0721K7229,store_62f5d838cf290527
B0721MTBQH,store_a5639c331a8fe229
B0721PYT45,store_a5cd7d4274ad4f1c
B0721R1H5R,store_6423d5aba8a4796f
B0721R3XCQ,store_90a328def0b8d8e7
B0721TSX2Z,store_92e9986d00311cba
B0721V5ZVL,store_09d945b510e13406
B0721VT2Z3,store_12caee05041c7cc8
B072278GJN,store_3c9b094bc4d50b88
B0722HKRHH,store_dfbda462d866b6f5
B0722KDBPB,store_44844b8aa9d746a5
B0722L7Q3L,store_00a8426e4034c23d
B0722NDT69,store_e63bf22a6ddb31c8
B0722QKQHW,store_fc7cec1a1031a085
B0722Y2WF5,store_c9715636b0a3aaaa
B07232Z9G5,store_1489e512376aae79
B0723CFSWM,store_8e5f239b7c36e8e5
B07252HDXQ,store_795cc4a535f2f96f
B0725BGYF7,store_43cbf96323cde7ab
B0725JP3J3,store_cbdbe737340cde12
B0725P5SBZ,store_ca593a7e45f32adb
B0725QBV41,store_f32fb75adad3761f
B0725VBHVR,store_8e5889d5f2abe817
B0725VFXGW,store_3c2627a7bb32a290
B0725ZZ25K,store_ad302f9f4d599ff6
B0727N64LL,store_a736674f153b4b86
B0727QS6JC,store_9eef678f9a43ea87
B0727S4CYN,store_7719433c1b5240ed
B0728412GM,store_ad62be6b77506f94
B07289XRM5,store_41c97f917949a888
B0728DX44T,store_942ff9457828ce62
B0728H4NGJ,store_151cf6ae5f24a002
B0728L8R8L,store_f65315683ac15c68
B072BH34MS,store_807c38e17337cc21
B072BKHJ7Z,store_86e44d671ce841de
B072C2Q5VG,store_190d8e76f19b5382
B072C42W36,store_5bb33fc15610ec1a
B072C5S43V,store_08808065106e0f48
B072DV6YCR,store_eae99166b9569b23
B072DXKJYG,store_daf88cf63d0460d6
B072DYM874,store_384ee5a482626322
B072DYVKJZ,store_4b22f7c274b802aa
B072DYWCGR,store_128d52f883bbec78
B072F1WKSX,store_325573b9e55bace6
B072FCF21R,store_cd153b4d7b786b5f
B072FFDX6M,store_c693542a04646b78
B072FG5L3B,store_c693542a04646b78
B072FJK82W,store_22005f67ee0cc9f2
B072FR1M3P,store_625f20127d392d52
B072FTYFH4,store_096f30fb991762f7
B072HD7828,store_9037d7bd39027415
B072HQ89RN,store_733b78db8ae01291
B072HQM272,store_dcff83ff9001b0e2
B072J9V8KZ,store_524bb46bb4436d34
B072JG9WW8,store_c4596fa09c711a88
B072JGJR81,store_32c8b0094a5eeb0b
B072JHMRHH,store_342a38655c61bc10
B072JLTD3P,store_81d03fb92695ae52
B072JVRW7C,store_7955b936c48c9e75
B072JW8MJH,store_1306d61ff0362d5e
B072JX8LV5,store_0b1c336a0795a144
B072KH51NH,store_ad5fb354aafc561b
B072L25XTN,store_391502abfa795713
B072L3Q32H,store_9d444db7a892ec4a
B072L5DWDN,store_62e215c3784bf08f
B072L84514,store_43c4ed323bed37d7
B072LCL823,store_fe3502b3c3d67252
B072LFZR3C,store_b3a4ed125299df04
B072LRTKLL,store_2482d574c30bf291
B072LV1LZL,store_e0f0800830c8a316
B072LWP665,store_c2c2c6f581e9eb01
B072LX7M64,store_6990ca5f09f9bca2
B072M5TFJG,store_7e7bb32352d0d43b
B072MBPVVV,store_f509ec79f63de0c1
B072MCNJWC,store_58c99b71e19e238d
B072MCXTF5,store_eb572d1752c30415
B072MFWBPL,store_8dfb5f1308044943
B072MJS1J9,store_8c63e52d8fbf8590
B072MJV4XH,store_ee23fb4f3dbfcc32
B072MLQL6T,store_4687c9f051310287
B072MLS9Y9,store_5f04a8843e6c2de6
B072MMNNW2,store_7f1bfbc78d8c094c
B072MP7LHX,store_b3a37c82e350bed8
B072MQPN92,store_a75fcfa936fd0280
B072MQRT38,store_73b0f8d62262284a
B072MSZ4NS,store_823032e4379b81f3
B072MZFGJ2,store_4138307ea88dc338
B072N24RY9,store_f42da20e9b763457
B072N2JF9V,store_6fbc96d1d42cd2b8
B072N5YMN1,store_853be5842a6d58a4
B072N6C756,store_eda8fbd93f98f632
B072N7ZW3L,store_fbbbffdd9dfd5f3b
B072N95X6P,store_922cc777cae522a8
B072NGW7KX,store_8c63e52d8fbf8590
B072NYP88R,store_a736674f153b4b86
B072P1662N,store_fa49373d808fea02
B072P6FNGG,store_dbbe92b467bcad0a
B072PQYLXV,store_4b9055a9e51d0725
B072PRNRZ1,store_dfa0da1116d7c24b
B072PY19RB,store_5536cde8c1c10a03
B072Q3BPKP,store_656f0761cb8a8952
B072R1B3S5,store_12215447179a7184
B072R2BZYF,store_91bad3e72fef6a2b
B072R2K85Y,store_337bc5531baaad1c
B072TT9NGY,store_3d0269f30dce160a
B072TZDJXX,store_979d04245352e9a3
B072V1QW5Z,store_979d04245352e9a3
B072VG83N9,store_f77f272ebe26b158
B072VSLNZN,store_2856d960135f8009
B072WPC63J,store_80514458614a986c
B072WRK6T3,store_a522b9c5c4f16bfb
B072X62G5W,store_8aba0cba56d078c2
B072XG2DPK,store_2c54892c40a17516
B072XJ8QYQ,store_25f5c6e2eb86bac6
B072YG9G8R,store_07a2e25662f8c794
B072YJF9PV,store_7e7bb32352d0d43b
B072YJZJGR,store_07a2e25662f8c794
B072YSZ23V,store_e185c3401d1b0f4d
B072Z1S19Q,store_c7db87473920f7a2
B072Z588HS,store_6d72a153c347adeb
B072Z7MDD3,store_f614819be614f6e1
B072ZSMNNM,store_fe6a682643f23fb5
B07313V7H9,store_a5a75448d91e9488
B07314X6PQ,store_a4c376ac981a8da4
B0731CX62V,store_e4c90ab22592880d
B0731JTQQC,store_bc7a7a19e3480bcd
B0731VNNBX,store_fb2034b4c539f6d6
B0732MSWXD,store_33d1cdf8a7490e7e
B0732NW8PB,store_d3a1f1a34fe2a155
B0732PFQJP,store_33d1cdf8a7490e7e
B0732PRTN7,store_d4f23999ff629054
B0732S5YKK,store_32c8b0094a5eeb0b
B0732SB2L7,store_7c962edd507aa28c
B0732SGQ7M,store_c5b0c41fd51e36f4
B07334W8NK,store_e63bf22a6ddb31c8
B073356GZ7,store_e63bf22a6ddb31c8
B07336DG1F,store_b27395661d2dde22
B0733NLPSM,store_3d5999df12582c93
B0733NRX5R,store_21dcf9c7954b0c19
B0733V2ND5,store_6d18784a8da38b44
B0733YVTFK,store_bcf0565b38bd8a39
B07344GN7H,store_00d6217d0d2d056e
B0734559RS,store_00d6217d0d2d056e
B0734J9TKD,store_f11c33ee496e229e
B0734JLX5P,store_f11c33ee496e229e
B0734JTZXS,store_f11c33ee496e229e
B0734KBMR4,store_f11c33ee496e229e
B0734L1353,store_ad435308fd99ed73
B0734L1G1P,store_5233e374e500364a
B0734M5JQQ,store_8c0b7a04a9c1dbef
B0734PSBLZ,store_6d9b7495831c7028
B0734Q8CN1,store_fed3d54d94aa07f9
B0734WFK7T,store_d102c433b5040c8b
B0734Y6K5B,store_9a2e10dbc53b9b14
B0735DXS6P,store_00d6217d0d2d056e
B0735NZWXL,store_02e46e7c81277279
B0735T8B75,store_bf1ba8dd3d51e27d
B073646RZF,store_ab269b36d1a4d6c0
B0736F2LP8,store_bf1ba8dd3d51e27d
B0736KRKP5,store_e007861f167293ef
B0736MVS6F,store_24de2af5832c99de
B07375ZQF5,store_2dc3e1bac9eed0e4
B0737QRNQ7,store_1bd55c11e94b9aff
B0738HC483,store_a38c594c1193cfdb
B073B8SK8B,store_6b0d31c0d5632230
B073BVDQLP,store_1661095b2ce6e19f
B073C8LKT9,store_e285d06e84dbfdae
B073CWG45Y,store_bd76c6c33e381d51
B073D9FNV9,store_456b14a4f9cf71fd
B073DJKFQR,store_eb78c5894808673d
B073DJZVFQ,store_c94d2f9c5a23c124
B073DK5MSM,store_eb78c5894808673d
B073DQ45NK,store_78110085bb7d213c
B073DX4H46,store_f50bbc314692f189
B073F9K4RN,store_92c2e2322c01d399
B073FDF4VY,store_a4ca49351a56173a
B073FF6G39,store_a4ca49351a56173a
B073FYS4J1,store_7fe05cf206726d95
B073G2116F,store_da9e4dd058e0af9d
B073G6L3NF,store_8a29ab3b727cd1aa
B073GMCXQY,store_425926b26ad3d6cd
B073HKQD87,store_29a1f89983594de6
B073HPLM2N,store_79ac6d4638a101f0
B073JGD14B,store_adbb4d8ec530f9fc
B073L3VP61,store_aade61eb3c2186e8
B073LDLP12,store_c1658bde8b31e8b8
B073M1Z285,store_c2fd03159a31caf9
B073M6884B,store_c2fd03159a31caf9
B073P3C4G4,store_719c55dd896813d6
B073PG4XGZ,store_0e7ae82af2f452f3
B073PHJJD8,store_edf7780a4375f795
B073PL8712,store_e36891f008ba7752
B073PMJNHR,store_34cedafee56872f3
B073PMPW8G,store_85fd9164da3a0cc6
B073PPHLLT,store_cd153b4d7b786b5f
B073PW6BCL,store_b3fda5c60081089a
B073PWF834,store_b3fda5c60081089a
B073PY3CFG,store_8f30d5521f9e3f37
B073Q3NGF8,store_8cbe53c31c9feee3
B073QF1XVX,store_4d48f19e917ed1a9
B073QNFMTW,store_d5c5c4f100fe10ed
B073QQDVT8,store_5e90a167d25d7466
B073QR1BHH,store_39d87f372cdb24e9
B073QWHN8L,store_d05f2f6ec82e49d5
B073R3KVQF,store_d7a9593a8e8a3b5a
B073R45ZHS,store_d7a9593a8e8a3b5a
B073R4Z5DG,store_a49a78f944bf1f73
B073R5B6R8,store_e9ae970b656b908e
B073R6VV9H,store_ce79f8e7b2eb89ea
B073R7CKVD,store_d5c5c4f100fe10ed
B073R88YJM,store_cb720e694dfa1004
B073R89K81,store_de7ce1b7040a54d1
B073R8WSBP,store_de7ce1b7040a54d1
B073RBSXY9,store_38e0e40bc65adbbc
B073RF4BJF,store_62f5d838cf290527
B073RZSM6G,store_d3c81b537da642d1
B073S216NK,store_ea6807d1c201a124
B073S3LST4,store_7c74c8693b6ffcae
B073SH3KVC,store_785c859b00c0b78a
B073SZ5FLY,store_0bb27e330c7fbde0
B073TRPFCP,store_ebf33d6628058cd9
B073TSQLJG,store_f202884227c0b5aa
B073TVCC37,store_92cc7ec00ad95ac4
B073V79TF2,store_ea0744df9a84fb5c
B073V7X8BB,store_6c77e0291e6e1f43
B073VDFJ25,store_59851e905b720855
B073VDYFH7,store_d43ec2c7754f23b3
B073VHXQ91,store_59851e905b720855
B073VQ2TRM,store_3f05f944412d6bcf
B073VSXPQX,store_3f05f944412d6bcf
B073VTDYDR,store_ea0744df9a84fb5c
B073W1GW9W,store_2811b3f35fa8a773
B073W316HX,store_32ae2c0de508a67a
B073W9TMK4,store_0a47b896cbf3edb1
B073WCK5H7,store_6b2dd0865a217d04
B073WH76DV,store_524f26048cc9307e
B073WHSVCK,store_23c226917c8aba8f
B073WVW91B,store_9c4049aef6c786f5
B073X75CRY,store_cab50c4957164ae0
B073X7KMZG,store_f51ea9639abe0b82
B073XDWYR1,store_41b580d86d8d8e11
B073XDXL1P,store_b0f4665545070569
B073XM1Q4P,store_39452e2cb58fd3cb
B073XQ8R64,store_269d63ff909b9f91
B073XQN5PS,store_c7db87473920f7a2
B073XQNGYK,store_120b9e3de3455a34
B073XRBMWW,store_c7db87473920f7a2
B073XS2G9H,store_01fc329e7ca3bce0
B073XSRTXH,store_ea0744df9a84fb5c
B073XSZ2PX,store_ea0744df9a84fb5c
B073XT3PR8,store_b3de5d8bbe587bbf
B073XV7TCW,store_ea0744df9a84fb5c
B073XV8V2F,store_ea0744df9a84fb5c
B073XVC2SY,store_ea0744df9a84fb5c
B073XVMKVC,store_ea0744df9a84fb5c
B073Y7V8WR,store_414c4d4d8a0d12ce
B073YDTM8N,store_53743bb25c444178
B073YQPR3J,store_81b579b686921213
B073ZCY4S1,store_ebf33d6628058cd9
B073ZD7M63,store_9cb5928a18c44cd5
B073ZDHVT3,store_9cb5928a18c44cd5
B073ZJW267,store_ecff5f36f18e9eef
B073ZKD8CG,store_dfa0da1116d7c24b
B073ZPRVTF,store_4352a6950b6d3def
B074118QKV,store_a8530af946f8d30e
B07413WHFM,store_184a54ec5c6877fa
B07417T6NQ,store_17a99c915d1cce81
B0741BQH28,store_44844b8aa9d746a5
B0741FX68F,store_efdc254e902a1dc3
B0741GBYP8,store_3057f0bbd7a94521
B0741H3X4K,store_3057f0bbd7a94521
B0741HK33T,store_3057f0bbd7a94521
B0741STPRL,store_cf1a0c7ebc0cfbb5
B07423S3YD,store_7ab4b0a80acc6ac1
B0742JJTK2,store_c99e482766f79164
B0742MNCR9,store_1721b221bf9ba1af
B0742PRXKZ,store_1721b221bf9ba1af
B0743NNJL1,store_33a2b15321bb5d75
B0743TVPB5,store_d793712da5448361
B074488QZS,store_ca0545438c9b81af
B0744DMR2K,store_2aebb0ba09e798f0
B0744FPZ2K,store_b69f5d5f85e089eb
B0744GNH9K,store_9a3c88a97565669f
B0744HL4PK,store_733b78db8ae01291
B0744JPQPP,store_2698ff1ca7ce1b0a
B07453VRN8,store_2698ff1ca7ce1b0a
B07456G6K2,store_a40790b29c4c0229
B074585Z2S,store_ff963ddbf6014e2c
B07458G3SX,store_206e5e5efbf36cc7
B07458KK5Z,store_861a86beb916dbf7
B0745HS78Q,store_0e7ae82af2f452f3
B0745WF21T,store_5880c7b79cec23fb
B0745XM1HH,store_f00312f296ae4f65
B07467PGP6,store_8ef3786bc76e28ae
B07467W8DR,store_6cdd14a14739138f
B0746C299R,store_21a1872161e63b04
B0746F4Y94,store_33a2285c442ad6b0
B0746H22VK,store_0093b9f8df873bdf
B0746J8MY3,store_7e0d4a1bda8760a4
B0746JH1QS,store_7e0d4a1bda8760a4
B0746QQ1FF,store_f324f0c4ef9ba8d6
B0746QY9FM,store_d12d8113a3387936
B0746R6LLP,store_cac9f80b5b378a9e
B0747M1KCX,store_2ffe9aeaccadfd64
B0747M7FPB,store_bed5e0f7bfc2f4c1
B0747S72MB,store_fc44bf14f258b9bb
B0747SBKVR,store_ecee3b2b8a5c3ecb
B07482LHNT,store_f74677592ca092bc
B074885BKP,store_23e704a31876e12c
B0748D8L8P,store_a8530af946f8d30e
B0748FVDSN,store_daf3ef29366afaf6
B0748M4GV9,store_c68d012dac262206
B0748VGTLH,store_6423d5aba8a4796f
B0748Y9989,store_2a1b875b84fa7245
B0748Z4Q62,store_02b765223a64f04b
B074929HRJ,store_546ef9978169ab55
B0749D9NVG,store_6d616a794992afdb
B0749HHF8L,store_bed5e0f7bfc2f4c1
B0749LZPG6,store_861a86beb916dbf7
B0749P8DVY,store_d968fd86d2e9256e
B074B99TC8,store_f614819be614f6e1
B074BD63XT,store_57067423b8245b38
B074BHR66F,store_002b1a7c359565e9
B074C7JHWH,store_d3e4612cba55d72f
B074CNJQNK,store_f8776eddf22a9a16
B074CP7QGJ,store_08e1db01061b7cce
B074CQC2NG,store_c2003c93a6854837
B074CQG198,store_14307dcbe93c7f5e
B074CRJBWZ,store_0eaa513a0b3c2c6d
B074CT3R7N,store_55244a4d773f3592
B074CWQFCY,store_42dd2d435015eef6
B074CWT94K,store_62f5d838cf290527
B074CXBTFR,store_f92e4986145af1c8
B074CYBSLR,store_7421686183f65339
B074CYY2KQ,store_d48cb5c8f0734f12
B074D39JGY,store_9db7fea495537adb
B074D4M65X,store_2b23b9d079adeec5
B074DG2XS6,store_6280790476c31752
B074DK128L,store_f85e5f5fd54e47f0
B074DQZ993,store_db9fa2d337c920dd
B074DRDRW1,store_48071457e11b09b0
B074DTXJP9,store_bcb392dc40608f28
B074DZ9TPP,store_43cbf96323cde7ab
B074FST3SZ,store_66020966c75879a2
B074FVFXV5,store_51494e181349c1cc
B074FVZ7TN,store_86c3722ece1211c0
B074FW7R76,store_89e05689ad34b459
B074FW81N4,store_86c3722ece1211c0
B074FXQHCS,store_08fc2a974c14cb9a
B074FZ34MJ,store_37ee0b87a33fd6a4
B074G41XGX,store_552f78240e20d9b9
B074GH29F5,store_683f0d2c099973d3
B074HCTYWQ,store_a9a2eb057051da6c
B074HFPGVN,store_f746c29da6938a5f
B074HT272C,store_33a2285c442ad6b0
B074J3QG76,store_ad62be6b77506f94
B074J6FFTZ,store_40ebd4ca4ee08189
B074JFN775,store_2de0c909bce945aa
B074JLWL9M,store_07a2e25662f8c794
B074JXZQ81,store_ee2d83d8a1a6e1eb
B074K584DB,store_27c75ae2efdecb92
B074K7B2Z8,store_74afad13724df3dc
B074KL7LMT,store_1eb1f0dd144a987b
B074KLKJYR,store_5c6b836a37e2dde0
B074KY7V39,store_65116cec482bab1e
B074KZ98H7,store_d1374de9aa4a02d7
B074M22MNZ,store_82b462d6339fa792
B074M4X5KJ,store_754159999dd84d5f
B074M6XPXW,store_bc259565977e7fcf
B074MBD5X5,store_8a29ab3b727cd1aa
B074MG17XX,store_67baf5d93293b0cd
B074MLRDM1,store_808ecf04d9073be3
B074MQ88FQ,store_5440e24321f39220
B074MZJX3J,store_f1db17809844ddbc
B074MZZF89,store_878599e795f1c169
B074N1GNJG,store_65a74d3eb54aa9f2
B074N32WKZ,store_f1db17809844ddbc
B074NBZ1TQ,store_b63a9389c4cf7145
B074NG8FLT,store_2b088ae4c99d94e2
B074NVHYND,store_8fdb2a4fb3cb0ba9
B074NYS3BX,store_5b247d66dbe69de5
B074NYYDNK,store_8369dadab3c429e3
B074NZQF73,store_b8e21bd33a098280
B074P2261N,store_4dfa77c22f33e36f
B074P6P6BS,store_e9ae0baa632b627e
B074PCK78S,store_e258d4c33c5725b0
B074PCK923,store_0c1dc5680d33acb2
B074PDXFJF,store_54075302bc4236d7
B074PF6B9L,store_c727632c303d6665
B074PL7J3P,store_f4bb717210c80a00
B074PLV1NN,store_f4bb717210c80a00
B074PPM9QL,store_092e06b0739414af
B074PWBFML,store_11859b08f77302e8
B074PWN7GZ,store_11859b08f77302e8
B074PYFF9Q,store_c9715636b0a3aaaa
B074PZDL9X,store_c9715636b0a3aaaa
B074Q9TY4S,store_ebf33d6628058cd9
B074QG39KN,store_a40790b29c4c0229
B074R14J9F,store_ecef7f93123a9d84
B074RYZZHP,store_4f052c58526f6652
B074RZR3VV,store_dabf577fc075d8e0
B074S14776,store_f00312f296ae4f65
B074SB9R9B,store_c9370107fa0e30c7
B074SHN8YC,store_4048f2c5f9414e8b
B074SJLHLZ,store_63c6514d65991740
B074STT2KS,store_929ff138d738a197
B074T55QCR,store_667d710fc847245c
B074TBL2YV,store_2ed61dd47fb6a52b
B074TBR631,store_38830abd771e6661
B074TDM391,store_dac38da5f8a883c5
B074TVGC4W,store_a40790b29c4c0229
B074TYG7B7,store_31867ffa26211aac
B074V2YFS3,store_9e8a1653a4126380
B074VFC32F,store_19cf3f24c7df6981
B074VT1PD1,store_41a1115a277874f4
B074W28R87,store_a40790b29c4c0229
B074W2TWPT,store_be3c493ead7e1a08
B074W4SQPY,store_c4c74b071a520931
B074W77BTL,store_bed5e0f7bfc2f4c1
B074W8B37W,store_bed5e0f7bfc2f4c1
B074WG573J,store_1354249f0addcd55
B074WKKRGT,store_1e37c39b4551e649
B074WYMP35,store_59851e905b720855
B074X3DLJC,store_597b3b9d1982c481
B074XCKC7X,store_b4d91999ead0ad94
B074XCT682,store_4138307ea88dc338
B074XFKCVR,store_08e1db01061b7cce
B074XJQMTX,store_f299dd0b62e6eedb
B074XMTBLK,store_d4428d0165fb9ad1
B074Y794Z2,store_31e61cb03058b241
B074Y99RJY,store_1fc855e422a03ad1
B074Z33HPK,store_b27395661d2dde22
B074Z46TV2,store_9710b8f2c69a25b9
B074Z5W8HZ,store_2d1f20bc0143f4ce
B07513DJSD,store_03fe42c5be1554b9
B0751616GL,store_a6aa6c594f3f9048
B07519FBV8,store_9e04d3d0ed834261
B0751C2KYF,store_bc67d7b705a25640
B0751C59M6,store_b4297c247b6888ea
B0751F2P52,store_82f8ecdbafae7315
B0751JSPM4,store_c9d9cc01617eca80
B07529KM2C,store_14e55edc11390a9d
B0752CJWH1,store_061665e86c947561
B0752VQWTD,store_c9d9cc01617eca80
B07535B5L6,store_8d2c28015712d027
B0753K624K,store_2fd3402129116c18
B0753NDN3W,store_22c039e8bc7856a8
B0753XDV6L,store_2dc13481a04e0f2f
B0753Z53FX,store_c6295d91af2493c7
B0753ZNJVR,store_2fd3402129116c18
B07542RGBL,store_83492f6ee9105459
B07542ZFCM,store_19abec7d73cd0a14
B07544HDN4,store_414c4d4d8a0d12ce
B07546RDGN,store_733b78db8ae01291
B07547XFYX,store_733b78db8ae01291
B07547XQ5D,store_7bbc4329539af80e
B0754815D6,store_c81ccf6ce94a3c4e
B075483PG6,store_733b78db8ae01291
B0754HBCRK,store_495657d84b2e04c2
B0754HZ1YZ,store_33caa6332800c7a2
B0754LD123,store_65116cec482bab1e
B0754MLNDM,store_f3d6582ef7db0fea
B0754N9KVB,store_495657d84b2e04c2
B0754TT12Q,store_53743bb25c444178
B0755216S9,store_190416864fe1a966
B075527ZHX,store_b5921e1e2079bbf5
B07555TCR6,store_a40790b29c4c0229
B0755BJW4Y,store_b5921e1e2079bbf5
B07562LQRM,store_98dcb23af3546397
B07562QQ13,store_881913e46d1e30e6
B07569G3JY,store_e1d5cabb175be0f5
B07569N2L7,store_337bc5531baaad1c
B0756CZXWY,store_2171439387439933
B0756DBTBQ,store_99705e6c047e1759
B0756GJ7MT,store_d870d21d16018723
B0756SYRKL,store_3f38a2085f5441f9
B0756W2D6R,store_a2438b01991b05cc
B0756YLT43,store_6480f449f60c7dac
B07575HJG7,store_c7c7fb80aa1c680f
B0757C1GZD,store_8cbe53c31c9feee3
B0757CHWGD,store_2748c29dd066c76b
B0757LZ9R8,store_2c10af9133cce491
B0757MFTTQ,store_67fe14dd2bfe5427
B0757V4V32,store_e5b5b3c91403619c
B0757Z9V13,store_394a68bd9472e4f0
B07582CBLG,store_2345b0a89d1ac18c
B075831X9Q,store_17fe4c83f2046254
B075848ZQG,store_258b8e80b0a0f40d
B07585GQ3C,store_71727cb80d5cc0f9
B075887K2D,store_2345b0a89d1ac18c
B0758995TD,store_cc78c89287cbae10
B0758CGLTK,store_c0ed945ea272cf42
B0758J721Y,store_c0ed945ea272cf42
B0758NFBFW,store_7ca9f1e732c90382
B075933XKQ,store_c32863b0f62830fc
B07594C7X6,store_9344be7fa6048c02
B07596FLBX,store_02bf3924d0e3eba0
B07597C7CK,store_2e40b3310df1d63e
B0759DH5CP,store_9344be7fa6048c02
B0759FB41X,store_215515eaf937bbcf
B0759P9MH1,store_4d953435ff9c9ea0
B0759TB1MV,store_4dbdd02c6277fbcc
B075B34SN7,store_6061b3297ba26b1d
B075BS4SZ1,store_27897a9ab16a33f5
B075BXVC4Z,store_4600b78d54c43809
B075C1C7MM,store_8cbe53c31c9feee3
B075C621TG,store_c145a96dba0761a0
B075C775ZD,store_7c6d9e2d7ff11bfc
B075CZ65YD,store_a5cd1eaa575ed198
B075DCTJJW,store_e0deb532df65f714
B075DJLHNJ,store_8ac153da3f4c824a
B075DKWHKG,store_1992f4b76dfdaa3a
B075DZ5Q8T,store_a0af1489bead67f8
B075F1GQW3,store_5f04a8843e6c2de6
B075F1MYWF,store_7a05dfdf4e45d540
B075F71KG2,store_74e10024284bd4b1
B075F8KTLC,store_661d97477c07c017
B075FBRBZR,store_89b77aa2a0634233
B075FCYDVT,store_c9d9cc01617eca80
B075FDGLW9,store_ee7c7cc26f55e56c
B075FFB22F,store_86429e0c0976b179
B075FM6YBK,store_b39152942db8cb1b
B075FMD915,store_1b2f02530933a0b8
B075FN2HK3,store_1b2f02530933a0b8
B075FSZZNX,store_e2d9832b3cefa975
B075FXYM2M,store_598457429257412a
B075FZHCKD,store_f9e2acfdb32c0fc4
B075G6TL2J,store_8cbe53c31c9feee3
B075GG3CVN,store_bd368af9d37eaaa4
B075GTL994,store_dd0ad2312b076423
B075GV6WD2,store_34f7f706ca5675cb
B075H22DYC,store_311a44a65324ad88
B075H2PLZC,store_f74112a45a617693
B075H2WPXN,store_29cd6595226e3c63
B075H6TNSH,store_301a8ecf9070e079
B075J4B995,store_6918ad3366a18b99
B075J75C4M,store_e4bdbdfe225a90c8
B075JBBCPY,store_caa10d708ce522c9
B075JCH8HL,store_965407112af14473
B075JD5NMV,store_92b806b0f4bc04e0
B075JG1QN2,store_9f82eccfa69a959c
B075JKLWXK,store_72885e1df7896405
B075JM74MG,store_9638d8bc909ae52c
B075JZFMLP,store_58e0ce562885521f
B075K2C36C,store_19a1571d8303d75f
B075K33FS6,store_54a4baab6a3bcd18
B075K34QK8,store_0b84b5111e4323fc
B075K7WN93,store_40be871639d97dfc
B075K8VS7D,store_79fafb1d8eb73e19
B075KBRNQL,store_fa323c61a956fe44
B075KP9TN8,store_36e3d2e2fa589b56
B075KPSX8Q,store_a42d25721a5834a4
B075KQY1CC,store_198bd1f5551d6320
B075L8XFHN,store_66c88cc9d4efffbf
B075LKMC9V,store_63cf61d81168ee57
B075LLZF3L,store_43c4ed323bed37d7
B075LSP5PR,store_0c47c231b1c86842
B075M7KJWJ,store_8469a44406e259cf
B075MGNGB6,store_44759ca3224bf25f
B075MX76WL,store_1cbd628b62a76f69
B075NDJGD7,store_d216b3237aa118d3
B075NFBGG5,store_9e19248bce982e64
B075NFQFQ5,store_49efb33b1963f71f
B075NKJQF4,store_dbb118d0d590b27c
B075NR94MT,store_7fc336561d28ec1c
B075PPRS2Z,store_f7c9f26c77ad0f66
B075PTN7BC,store_da0530b6cc3406ac
B075PXLFSN,store_b76c4a923150485e
B075QBNP6D,store_e127fab6f9c49cb0
B075QDCCLY,store_1b37d57243f13de4
B075QDH8SC,store_1b37d57243f13de4
B075QNJTX5,store_a8db1349b44b2e3a
B075QP6S7H,store_9e10a2bd8ab8aa06
B075QY32RB,store_42d813625b8f776a
B075R2CB6Z,store_49dcb6eb7e715b64
B075R3B22J,store_781491c492c64aac
B075R4CQL5,store_3878df3118cc8026
B075R6WKJ1,store_7cc080556d15e586
B075RC378K,store_d7a9593a8e8a3b5a
B075RDT5HB,store_0f1771ebca89c046
B075RFK4BW,store_73b0f8d62262284a
B075RFXBKQ,store_0f1771ebca89c046
B075RG886G,store_3533e4c88e29878a
B075RKHZ6T,store_e48e43dbfefba3d4
B075RRDY5S,store_650f3a24180612f3
B075RSD648,store_12ae525e8d92ee0f
B075RV7Q6Z,store_9b2e6f1835f8f53d
B075RVY4R9,store_24bc0d75c99114d6
B075S27J6Z,store_d793712da5448361
B075SNLLNW,store_73bb131039846e27
B075SRQWZN,store_0b1d13a3447c1e93
B075SX6X3L,store_1003b7d6fd93cc44
B075SXLPCK,store_1d9cecc8970deecc
B075T6KQR9,store_74acf90980d7b1e1
B075TZ1RLT,store_671e47aed09ba323
B075VRLNBW,store_eedd371c3394f48d
B075W2JNTB,store_74e10024284bd4b1
B075W39H1L,store_900caa62fab4858a
B075W79STJ,store_d793712da5448361
B075WFHJWS,store_d793712da5448361
B075WGHVGS,store_a40790b29c4c0229
B075WNTFX3,store_ad7f2e29a30c89c3
B075WQN74Z,store_ad7f2e29a30c89c3
B075WR7CFM,store_ad7f2e29a30c89c3
B075WRRQD2,store_ad7f2e29a30c89c3
B075WRSHPJ,store_ad7f2e29a30c89c3
B075WSLFRQ,store_ad7f2e29a30c89c3
B075WSPZ9L,store_f7f09b52fab661b6
B075WTBRCG,store_ad7f2e29a30c89c3
B075WTX2PG,store_ad7f2e29a30c89c3
B075WVB4Q1,store_ad7f2e29a30c89c3
B075WVVY2P,store_ad7f2e29a30c89c3
B075WZFK66,store_bb42d7149823a408
B075XBFW3K,store_58e0ce562885521f
B075XG7Q1S,store_1054539d1c90a8ec
B075XGFHNN,store_41b580d86d8d8e11
B075XH2Y47,store_7faae07646ed8a82
B075XJTVSJ,store_bdcf520a7d6716a3
B075XLDBW5,store_2d713e85eb83b8f9
B075XSQM2C,store_d5795c6ea29daadf
B075XT55QL,store_d5795c6ea29daadf
B075Y411GQ,store_18c86bfeaef333eb
B075YG7SHZ,store_359d727c593f22cf
B075YQTLQ1,store_871979cd42dc26e1
B075YTTKXT,store_211f8973da470955
B075YZB74T,store_3ecf29e0dcabe93c
B075ZCL3X1,store_ebd147479b402601
B075ZMXQ4F,store_5ed885bb733064b7
B075ZQKLTY,store_42648df90648277e
B075ZXLPHM,store_665b3ff299b15abc
B076125G4M,store_88a4b8bd90f7fdc1
B07612G7HJ,store_ed210224d05b2476
B0761JVK27,store_eaad8ec2df5fe60c
B0761LN28C,store_2e68c2ee1a07065d
B0761XGV7S,store_0be3e3bcea4df7fb
B0762HV63C,store_9e8a1653a4126380
B0762LB32V,store_80d82a4e96b2dd76
B0762NHN63,store_65ed293f95be2cd5
B0763H9P6S,store_b1647b2cc245dc81
B0763SV7S6,store_2427ca2fcfad998d
B0763SXQ5M,store_8ad9004b0a98e9d0
B0764KBJBT,store_12e63f7ad869efe7
B0764KVKDS,store_d793712da5448361
B0764NJLF9,store_1ccbadceaecff270
B0764VV9C1,store_dfff1659bd3ca9dd
B0764YC1XG,store_c7db87473920f7a2
B07657C8B7,store_f2ab4056c00e0608
B0765CB5RK,store_c706098cee484c40
B0765M95MN,store_e9fe0aecf566b72e
B0765NZ9Z3,store_665de1f2775ca0b6
B0765YJ5JD,store_ae8d74ac7a51b8bc
B0765Z7XJC,store_0e017515d2f075c8
B07667NHNK,store_2acc75d63adc0fcc
B0767CB7Q2,store_0609e4dd8044b5b4
B07681NZT7,store_f63e8cc6a53671b0
B076834XKV,store_1be1a65519cf757b
B07686NHYJ,store_c7db87473920f7a2
B0768DM41G,store_cead9bfcee3bc8ab
B0768VPMTV,store_8a2c344a295011f1
B0769H7SPQ,store_755e014ec2bff1d0
B0769LQPTC,store_fc44bf14f258b9bb
B0769X2N19,store_96635a36429c0e23
B076B1S4BB,store_f49d2f163316527d
B076B51V6D,store_c4ed396b3f9561ad
B076BBG4TW,store_31ed7a9e3c67aac0
B076BSY22X,store_c876c98147757ca5
B076BTQLHP,store_22c039e8bc7856a8
B076BTW52T,store_c6d159c87bdbe2d8
B076BVWVBQ,store_1dcac1d3485ee1f2
B076BWZRLW,store_ada0a9b76b42755d
B076BZW364,store_c6d159c87bdbe2d8
B076C3GR4M,store_8cbe53c31c9feee3
B076C7WXDR,store_8cbe53c31c9feee3
B076CB8CFW,store_61009351e8379ef1
B076CGV8M2,store_af5e5957f19b631a
B076CHNMVM,store_8cbe53c31c9feee3
B076CKQ85C,store_bf0f345635b2081e
B076CP2FFB,store_61a11d25f4e06da8
B076CSCBQD,store_c9d9cc01617eca80
B076CVP5QX,store_6d8783536eba8e57
B076CWNJHD,store_6d8783536eba8e57
B076DCVD94,store_929ff138d738a197
B076DK17B6,store_d6f02c47383c4935
B076DVF7S5,store_4e35af63946fa922
B076DWVMCK,store_4e35af63946fa922
B076F5PTCV,store_7c9cbb6ac1d0f2c9
B076F949KS,store_57b2242c00a91002
B076FLFKJK,store_853e39fd1d6b87c9
B076FM4GMJ,store_55cd5261bb89a216
B076FP2WMQ,store_d793712da5448361
B076FWM8MB,store_81b579b686921213
B076FWP9HZ,store_22e6b51f701e35ce
B076FX2339,store_fd427525ca2e23b9
B076FXX8V8,store_f7e4ba374f1581ad
B076FZDGMG,store_f7e4ba374f1581ad
B076GRY2C1,store_356162fc8f16843e
B076H2QWLH,store_ff2d257f184ca03e
B076H3CQVP,store_a9eb78377673fcdd
B076H6CTZW,store_e4012e55f8b99d15
B076H8DTGN,store_170872876decf947
B076HS6H1W,store_2e40b3310df1d63e
B076HSL73F,store_27e700df18dca768
B076HTPNNQ,store_c9715636b0a3aaaa
B076HV69KM,store_35c0fd8b8d70bcb6
B076J368RC,store_e63bf22a6ddb31c8
B076J5QGF6,store_99ce7128a9816c9e
B076J9MKVT,store_d32952c0cfbb587a
B076JJPDZQ,store_d6bab65da9468eee
B076JNVWRW,store_5751290d2e61d038
B076K9J61R,store_19a1571d8303d75f
B076L7LBTN,store_33f042fc8bcb6a92
B076L8V4PV,store_925dc00155df415d
B076M2YLKB,store_d975aae812e077f6
B076M77SJC,store_eee54575335b5be3
B076MHQ594,store_504cc78613863189
B076MPLZP3,store_2b8d26f89ac73499
B076MR4CM6,store_a1a9dc7eb04b6adf
B076NTGHL5,store_54a8445e42535513
B076P57FSV,store_6b4cf27cfa85e839
B076P7ZXDV,store_75a88d9ce47896b4
B076P8JBYM,store_1bfdd9aa1ff43a09
B076PQ64YP,store_1a18bd7fd9bb3324
B076QFYNZJ,store_cff02758a4754884
B076QGT36Y,store_f6e4209bcc7e2b10
B076QJCXMD,store_837c4371f3382a83
B076QMVRS9,store_635277e2df0d27c5
B076QNN489,store_7cd442260ecf5cd4
B076QXCW18,store_2a698d6c0b7e7f68
B076QY8N23,store_a40790b29c4c0229
B076R9QRX6,store_1be1a65519cf757b
B076T4D7Z1,store_8e6448340d5eae88
B076T76WK9,store_8e6448340d5eae88
B076TBKKK4,store_308f2bfcd5c6c8ed
B076TF7VD1,store_a9253c8466371d25
B076TRZJ8R,store_03a028d9d726c0fd
B076V2KLX5,store_f4bb717210c80a00
B076VMFS4Z,store_28c6878a05f1f5f8
B076VSMW12,store_6a8e2d3d76785843
B076VX3GJ2,store_ad99dd333e55adb1
B076W4ZNHX,store_a40790b29c4c0229
B076W7D7S2,store_cff02758a4754884
B076WMZG1Z,store_d37f5e06cd46b8fd
B076WP4F1V,store_75cbd80d4a4bfe7c
B076WQZGPM,store_ec7466ff30fb6f9c
B076WX3J5K,store_a3b2ffa52d7c8855
B076WXG668,store_64aae6658afed9d4
B076WZT33R,store_01877854ca7a9d03
B076X9RLNQ,store_4bcf7ee7b1215a03
B076XRK443,store_de0f8c2cb8762963
B076Z3C1YK,store_67c23125a82e3fa7
B076Z5WBRV,store_995d5cee3e2448b1
B076Z7K7ML,store_fda8adc36096ba54
B076Z7XGNR,store_c4753072ed50ec7c
B076ZBQGWC,store_b27395661d2dde22
B076ZCHYT6,store_a3b2ffa52d7c8855
B076ZLC4SR,store_d2847ed17e5ff282
B076ZLT1FD,store_ebf33d6628058cd9
B076ZPTFSJ,store_7c41f858891b7998
B076ZRNKQS,store_d8f440957e0ec606
B076ZYN6GQ,store_927a032257c1fc42
B07712C8F6,store_8864d87983bede4e
B07712KXTH,store_d793712da5448361
B0771FD7LB,store_742ead46d66f0fc6
B0771FDTQN,store_bdcf520a7d6716a3
B0771GBLKN,store_4e35af63946fa922
B0771HWXH8,store_a3b2ffa52d7c8855
B0771KTPMD,store_4e35af63946fa922
B0771NT64F,store_f1af78069484b13b
B0771Q31R8,store_ad7f224fed9c2437
B0771QPZBN,store_461d33b990106c6d
B0771T5947,store_4587b211e48ea418
B0771Z4GPF,store_b444c7d7b819543c
B07728N4CB,store_525511f6426964a9
B0772SHLCB,store_037bcf7a4d4e793d
B0772W829L,store_f3a9a8cad23559e5
B07732YJ37,store_d1816960bf684126
B07734F9GX,store_d1816960bf684126
B0773BZBYD,store_e98350fc5a1cde50
B0773DYKJY,store_84f151fccc0ae2de
B0773J7CZS,store_60ffb7debd4e2f2d
B0773JSBX4,store_3dfc1fa92773fbe1
B0773L23NH,store_31ed7a9e3c67aac0
B0773M4D4K,store_d1892e07736cfeee
B0773NBLF9,store_d1892e07736cfeee
B0773QFDK1,store_e7a5427aaaddc5da
B0773VP9SL,store_a8cad4ef3e2cd597
B0773VWSZY,store_08f9c1cdf6cc8e98
B0773WGF3M,store_08f9c1cdf6cc8e98
B077412GLR,store_a1e0fb1b02f741c4
B07743NG95,store_53dade7d5583aaa8
B0774WDDDD,store_20b82f341c7bf983
B07755K54M,store_9bb9a2d7c8f59add
B0775RC6RD,store_5b3d2cc089e6e78c
B0775YN4SD,store_c7c7fb80aa1c680f
B07761FBSK,store_51494e181349c1cc
B07766DJBH,store_90dad821cbd62552
B07767S24J,store_5743a98274aec297
B0776JW3PM,store_2b7b4402658795fe
B0776SP63Q,store_3ea055fb61463a0e
B0776VGWX2,store_d8b66b9baff2c4f4
B0776W5P91,store_10933737202b713f
B0776ZD75X,store_fcd05fa385a6e4e0
B07771VBBS,store_8791ee3d124b62f8
B077728Y21,store_534187069c3956b1
B077795LTL,store_c4753072ed50ec7c
B0777QHNLR,store_826b425eac781bc3
B0777VB8RC,store_9fd6ab04959d6154
B0777W6C4X,store_42cccaec543410f9
B0778GV33Q,store_495bf5259278e8f1
B0778HXG5Z,store_b3cc3e14ea0cc112
B0778MNK8C,store_77bff82bae310974
B0778NWX2K,store_3c7688710766c64e
B0778TTGGG,store_57ad2faa97cb6d3d
B07794SVPC,store_344bcf775a3a820a
B077966TXY,store_9185a8dda46e1360
B07799Z4T4,store_2c10af9133cce491
B0779BX3WM,store_35f8a004a27013b4
B0779HHQJ8,store_593ed4c674cbe3e2
B0779JN578,store_02a29eae3525ec46
B0779K676L,store_d793712da5448361
B0779PFR1M,store_7daec688f98d3646
B0779R8BMT,store_c9d94c8649a7cf8c
B0779VXJ27,store_6f9130848a10b999
B077BKPWJM,store_d6ebd1572a750e7f
B077BMVM88,store_5c23592cd6acf957
B077C2T253,store_d9e615bb640c1e9e
B077C7TJR3,store_18c86bfeaef333eb
B077C8CQ1K,store_b39152942db8cb1b
B077D3NDLJ,store_a0d3d52381bfdbc3
B077D4921Z,store_23fdfdb97fb7ac37
B077D5VWJN,store_3b55b765725f874a
B077D5VXKX,store_ebf33d6628058cd9
B077D8QM6K,store_112d3a87d3b9586d
B077DWJ4H5,store_b0f4665545070569
B077FGBFQD,store_48de0fe63adfc8d3
B077FKWZGG,store_2b72facbd6d4645b
B077FX64K9,store_ec3e4a97717501cf
B077G8PYG6,store_cb9d01f459383086
B077GD1PT2,store_78410d2e403545f1
B077GJ247R,store_50d8b4a941c26b89
B077GLC36F,store_e2dcdb1fc7f6b8dc
B077GZGRNS,store_12ae525e8d92ee0f
B077HB2886,store_ba61590b93c939cb
B077HSD17S,store_dbcbf94b69e37e35
B077HT24D7,store_d95f32751ceae5cf
B077J8WDH8,store_fe3502b3c3d67252
B077JCPBF2,store_c0065605f12bdb2d
B077JKHSM2,store_a5d28c05eef8eeec
B077JPL7L1,store_c24e8874984df79f
B077JQM2N4,store_91ba381720422175
B077KHY7CW,store_d2ddbd1b87334d8b
B077KNWSHF,store_a26f88494fc6f4a0
B077KQRS49,store_fe74e7739e79a8ae
B077KQZ4BL,store_b92c2c80ea4957cd
B077LF636N,store_dbb3aa7391a388ca
B077LGD58Z,store_d793712da5448361
B077LW1JP2,store_5669459f6185fa89
B077LWVP38,store_05eebfad3340871e
B077M3PSXF,store_ad62be6b77506f94
B077M3S4KG,store_885ac313099d21c7
B077M4MJMQ,store_1e37498a424f1da5
B077MNDVD6,store_051a3331d3a3b847
B077MWYVLC,store_cab8bef258041263
B077N1W77M,store_bec733fe65a7fc20
B077N8V1CP,store_5440e24321f39220
B077NDRR44,store_7ee196072eab3770
B077NM498N,store_f465e0b033bbb99c
B077NQY71H,store_662f154878479f0a
B077NWTWG3,store_2149030b8bfe48ba
B077P17L4P,store_1cffe617c2485667
B077Q59MF6,store_67a9e13754a0b7cf
B077Q5F959,store_a024c50aa56aa89a
B077QPJCWH,store_0b84b5111e4323fc
B077QS36JP,store_f1e6a68fb1f6a18f
B077QZDXYT,store_a1a9dc7eb04b6adf
B077RMRQFH,store_618793af74f525e9
B077RPBK22,store_bfb7232f9dc5ef0f
B077RR2N9Y,store_bfb7232f9dc5ef0f
B077RRGHTB,store_80da4382573f9949
B077RTRRW8,store_e856b8333c9f20f9
B077RVN5B1,store_dc9b11f0877c66b6
B077RXFBRW,store_6db8d5f2493d552c
B077S3HRM6,store_1054539d1c90a8ec
B077SGZ29T,store_f67ebf87cc2c959f
B077SLY5CM,store_a3b2ffa52d7c8855
B077SMV24R,store_f9fab389c9bd5898
B077SRDVG9,store_e075f5d39c71c206
B077T2R78Z,store_24338f536366a2d7
B077T83ZZF,store_a40790b29c4c0229
B077T9YTZJ,store_9a7f5aad2b3d7d17
B077TBG9N3,store_a1a9dc7eb04b6adf
B077TJYB6S,store_9e169642fdd7c02e
B077TLCYBZ,store_a49a78f944bf1f73
B077TPQ1RC,store_a96cf44cab88da33
B077TQXVR8,store_213409aec715cbae
B077TSWZDN,store_6acbd80375c5dd1e
B077V6SZ7S,store_5a319866ae40c130
B077VDFTLS,store_a12644038402d57e
B077VPMDPC,store_4dfa77c22f33e36f
B077VTVJYT,store_d1cf608d3219af5a
B077W3DBT1,store_b9ba0d0bdad82bbe
B077W5YRNG,store_403be7685ab5876d
B077W8B48L,store_b643049fb146d003
B077WCVYQ8,store_789deb6bbf35eae9
B077X29MM2,store_17cbf148e07a9463
B077X4DSST,store_af801b6fcde4857c
B077X75ZBW,store_a3b2ffa52d7c8855
B077XLH536,store_c727632c303d6665
B077XP81B9,store_16c26a46c179ecfb
B077XV2CPY,store_7119c563d26e29d0
B077Y3STN4,store_12ae525e8d92ee0f
B077Y3X741,store_2048414090ff0ee6
B077Y5TTGK,store_6d3a88c993e70f45
B077YGTMP1,store_dc409dce4bb43ed4
B077YMT9F2,store_3633ff8b4eec439d
B077YNPLVP,store_d2330683b9bfc1ff
B077YSDLL1,store_62aa962fb984c297
B077YWKVPP,store_65d38e714ec73ff3
B077Z1CH6J,store_d5c5c4f100fe10ed
B077Z3HXQL,store_e63bf22a6ddb31c8
B077ZMX1PB,store_7176156f861048c1
B077ZRNTJK,store_2033a16e162a7a65
B077ZXKP1Q,store_23fdfdb97fb7ac37
B07811G7CX,store_d595b9b14c2a4cc6
B0781F53JJ,store_df9172d1f00d1560
B0781KG5FR,store_182ef9060ee87040
B078359WSX,store_12337fc3096059c4
B0783Q8YMD,store_29fbfc6f64e8b69d
B07849YT4K,store_22b4b91aded6a417
B0784MXJ15,store_12ad995ce3932e9d
B0784PV6YW,store_28756abc599b16fa
B0785GJRH5,store_af238ebdc1714b6b
B0785T2X3D,store_d7a9593a8e8a3b5a
B07864F6JS,store_dfff1659bd3ca9dd
B0786RZR6B,store_22df359bb3b96e01
B07871RLLG,store_824c62bb75997fae
B0787FHGNR,store_172d60d24a661d07
B0787HTJ19,store_4a064c1df5a25158
B0787SZHPF,store_dc409dce4bb43ed4
B0787VKNVN,store_f3ca688fe9cb1181
B0787XPBK4,store_bf4fb06c6265c02f
B07883HRL6,store_f171afb25eae81cd
B0788G7LYS,store_f7d5d6d1ba4d06be
B0788H52LG,store_9e00118ab5887f24
B0788HS5K4,store_662a41c6bba20f68
B0788QNPSG,store_04ef7e918cb346fc
B0788W2Y2W,store_0cf21e78b1870b50
B078943XFT,store_5d74b12a0ebccea6
B0789759NC,store_051fbe77e21ef4f3
B07897927F,store_ea6ab7aeb454aa6f
B07897NSJ3,store_3bd40685c9468c40
B078991F5Z,store_a79969316409e789
B0789HSGNK,store_206e5e5efbf36cc7
B0789RX7Q3,store_27b2026b9062c177
B078B8PCPN,store_427d460ac278d8ae
B078BXGW8L,store_ebf33d6628058cd9
B078D67LG5,store_0fabedd3151c4148
B078DFV6X1,store_9ae627e56ffb1658
B078FTGYB6,store_e28998298ff8ba9e
B078GJ9LWT,store_e63bf22a6ddb31c8
B078GZZ1LL,store_5880c7b79cec23fb
B078H1Y4V1,store_5a85f2e5dc97cd8a
B078H5VM3L,store_d74fcd742e193552
B078H73SHF,store_0bfbc688a086fa60
B078H884ZG,store_3406708933726dc2
B078HB1SMX,store_8148857f1ad77cc7
B078HFWGNJ,store_2e8cfb274fd6dcad
B078HGJ1P1,store_244e151a9a5c9f1f
B078HJ5RZ9,store_1edbae809f0687fe
B078HJVP8Y,store_3406708933726dc2
B078HL31Z5,store_e4c90ab22592880d
B078HPLYBY,store_53004c2ea82faaa3
B078HQGT3H,store_65a74d3eb54aa9f2
B078J18HQQ,store_be3abd59939b13ba
B078J33QM5,store_e03be2b524a26859
B078J4DY9F,store_7ba074b5f180e41e
B078J53MLJ,store_22c039e8bc7856a8
B078J6P9TM,store_9e101e1488b16b70
B078JFH7QV,store_07cb890da5311bc1
B078JFLHXM,store_a0f2c69a18eaea9d
B078JJW9GV,store_48bf0383a9d205b6
B078JM3H3V,store_006657b149197a19
B078JT1RWB,store_a5d28c05eef8eeec
B078JTBRKV,store_b0fb6f5f59b8bd75
B078JW9KKY,store_814e41cd598f0b9c
B078JWDCZ9,store_2003303aa6dddc4c
B078JWFNRB,store_bdcf520a7d6716a3
B078JWY9ST,store_e7138de5bafe302b
B078K1LQPG,store_c0f19cc093f50475
B078K4HSPB,store_b9b6a07f1a08e5d8
B078KCZJ2P,store_25e636b3eba68804
B078KLDSXV,store_cfb216a138999aa8
B078KTR1Y4,store_742ead46d66f0fc6
B078KVJ6ZY,store_182ef9060ee87040
B078LZP988,store_aa6ee422a3360926
B078M97GV6,store_a426416bc9515619
B078MCZM2Z,store_bed5e0f7bfc2f4c1
B078MDS92M,store_9056f833da38e444
B078MHPDVX,store_a548171889253da0
B078MTD7NR,store_3bc9103e9fec5eb0
B078MW6W48,store_8c06fd69eba457c2
B078N1DMS5,store_c5426213ce12d196
B078NHQJR9,store_a63a64af39ee9498
B078NTRQ8W,store_2dc9b32c4c5047ab
B078NY51DG,store_53743bb25c444178
B078P24F5P,store_cbf09fd772375803
B078P2T1MY,store_e70c19475f237cd7
B078P3SQSM,store_d7a96256e8e12f93
B078P3WSMZ,store_51b808f84924aec8
B078P3YM5L,store_1a80006a12fe4b52
B078PFGG73,store_0a9bc4ef1b3ece52
B078PJDX3L,store_110fc3f152022cd7
B078PPKQCH,store_be3c493ead7e1a08
B078PQ5SG5,store_ba51a142261abef4
B078PQMQS1,store_ed0119d919da6e70
B078Q6MV2G,store_2345b0a89d1ac18c
B078Q8MVMN,store_2345b0a89d1ac18c
B078QPW84X,store_c3d0bed30f4aaee0
B078R1YZ3P,store_2317b3ecb6f025f3
B078R3LGXN,store_2317b3ecb6f025f3
B078RJQJL4,store_264ba42752a2a73f
B078RL146C,store_6eed51eb71105a43
B078S1GK5P,store_d6116cfb00904707
B078S48DH6,store_6db8d5f2493d552c
B078SP328M,store_c01d0ce76f851e0c
B078SP5G49,store_4a729b1ca27e1434
B078SRRPVZ,store_a3b2ffa52d7c8855
B078SSN1CN,store_434dfde265a9af6d
B078SVYMJK,store_40cae548f8695282
B078SZF7NV,store_6ea24c1152e51b01
B078T2ZLVS,store_8e6c03605878e463
B078T47Y6R,store_49e547a993d682d0
B078T65BBK,store_5fb6807949717f71
B078T73M7T,store_b71438da8adfd0b2
B078T7883X,store_b71438da8adfd0b2
B078TB397L,store_9b382bb1fe19e416
B078TBPRBC,store_9b382bb1fe19e416
B078TH87CJ,store_0eff245694d0c710
B078TQMVWD,store_867ac55ae337ad25
B078VFS565,store_b5ac2788d6a402fd
B078VNNN2H,store_4df70852fcc9d631
B078W2X8PG,store_a54b9618d526d66e
B078W35Q61,store_65708e46d5d1e678
B078W62BDY,store_6e09f794ed4ba5ee
B078W62RK1,store_260c92e15d6205f9
B078W7HHWW,store_6e09f794ed4ba5ee
B078WCJWGL,store_0f96737d49f768b5
B078WNW11K,store_089087f4a113be4a
B078WPRX6M,store_add21beeb16d1fe2
B078WS11K1,store_0d01c80f2a31977e
B078WXJGPH,store_d7c3613d74fc8ac1
B078WZLPM5,store_0aa0302b214d33ec
B078X236BZ,store_47933f3ac29316d4
B078X34T1H,store_51f836aa96db69b4
B078X61TY6,store_e84acf6a8346efae
B078XHYC7Y,store_244e151a9a5c9f1f
B078XHZ8JH,store_244e151a9a5c9f1f
B078XJNK2Z,store_6538701b03e68f50
B078XJZ22G,store_51f836aa96db69b4
B078XL3MYH,store_51f836aa96db69b4
B078XNH983,store_51f836aa96db69b4
B078XZN79W,store_a1a9dc7eb04b6adf
B078YFVGSP,store_7955b936c48c9e75
B078YG72GS,store_7170e33a0ca09fc1
B078YGD9KR,store_f818a8fe1dec13ed
B078YJ5VBV,store_0baa1b9ad7ac5903
B078YL398Q,store_4e35af63946fa922
B078YLR5NG,store_1cffe617c2485667
B078YNMMJQ,store_ee756d660b92494a
B078YP7HWM,store_ee756d660b92494a
B078YPJYKH,store_6d9b7495831c7028
B078YQL1PC,store_55a8f27440624429
B078YX5GG3,store_225bfde683c2270c
B078Z1Y26B,store_ba70c713ad5495ae
B078Z212PD,store_d8a5646ed6f29381
B078Z6MGVW,store_69447ccbd008cdd4
B078Z6QD71,store_8bbf14002ac8caa7
B078Z8WR5K,store_3fb784b1e896b2d4
B078ZBDY3V,store_23c3567391f29bc4
B0791BH4WR,store_e567648416f9ac30
B0791L22ZM,store_d0f6611ba1c25feb
B0791X6SFT,store_3f13742d5830f1c9
B0791XC487,store_802750a4baf5f38e
B07924X1S9,store_27c51b8d289a86b6
B07927V3SQ,store_5859f8cd0a3cc541
B0792CKMQ9,store_d89488956e2cba4f
B0792RTZ94,store_826b425eac781bc3
B0792T4R1W,store_ba18c3c9c8886b3d
B0792YP8Q5,store_ea178061aab3dbe9
B07933X6TN,store_86762b154ba54264
B0793D6FG9,store_1c3d6755d662531b
B0793FRZH6,store_71ac500b35e08c4a
B0793KBKNQ,store_74ff7d0c1db89957
B0793L69G8,store_46d3925493904882
B0793PK7BN,store_8c547fa50d34a9dc
B0793ZV5T5,store_abf981c3678a48ab
B07949LRGY,store_4a47149c3c0fd25b
B0794BY6QX,store_be3c493ead7e1a08
B0794MXH1S,store_07c332d38014465b
B0794R47BM,store_3ae54a2721b4e3e6
B0794T2HF9,store_3ee41429dad9666f
B0794XC7F7,store_55244a4d773f3592
B0795GH78J,store_77741c52635ef23d
B0796573J6,store_d3e8b4a602e44611
B07968N5GC,store_13c7758375cfba3b
B0796GPDTX,store_26990cf9aa06ffff
B079788PBL,store_99832fece78a348f
B0797GF7QJ,store_6cee69e197edbc94
B0797K3P8Z,store_1ef49fdf6e41c3d0
B0797QLHND,store_124b56a6a705f6e9
B0798MCP8W,store_f0f702fc86ca553b
B0798NSL1G,store_3ee58991e421faff
B0798PTV19,store_8e50d79f2ba0d665
B0798SKZYR,store_fc44bf14f258b9bb
B0798Y4HBL,store_9e19248bce982e64
B07996L8MH,store_54a4baab6a3bcd18
B0799C4G4B,store_4c019c8ff7680121
B0799MRQFM,store_336b4b98573cad0d
B079BDZ5ZG,store_ab8e7e76de1a36d3
B079BF941H,store_a30c9c4b1b6f6f71
B079BJ4457,store_1192dfdb037cca45
B079BPCQN6,store_99c13d35c68be325
B079BQCWYX,store_53004c2ea82faaa3
B079C5M9CJ,store_bf66bd810f9e0e94
B079C62RV8,store_ae46589289e4d442
B079C6MQWW,store_bf66bd810f9e0e94
B079CVXS2D,store_534d31d30c0dfb9b
B079CYFM8Z,store_707b8d6dcba792b9
B079D7R8XR,store_d3e4612cba55d72f
B079D87KKM,store_c6dd87abd42d43af
B079D9K2ZY,store_d963afbcdaace150
B079DHH86F,store_ae2a69b415d211a7
B079DNRSG3,store_71e32b6f064e8906
B079DVTVW7,store_fb1d9b9f0429db00
B079F4KF53,store_c2b7e69b90ed506e
B079F5Z4YQ,store_225bfde683c2270c
B079F67V9B,store_49e547a993d682d0
B079FP1XL9,store_4b101a3be82e195c
B079G2C9PK,store_37e2ecf6d0a80570
B079G3BPLM,store_37e2ecf6d0a80570
B079GQXZ4F,store_53004c2ea82faaa3
B079GXPKDC,store_ad7f2e29a30c89c3
B079H1V4PR,store_6f616283e8f5dd6d
B079HBFKS7,store_51adad82944a4e17
B079HHBWCT,store_4506328ae9021281
B079HJWSFY,store_df6c2c4d0f1f2aff
B079HTT4NT,store_89ca756ec986feba
B079HV1G33,store_4f8264c83a489d44
B079J121M3,store_2bd5565814d1d0cd
B079J47LL2,store_20da5a4af9f2f733
B079J5NF1H,store_fbc7adb42e6c842e
B079J61BPL,store_aded63d9e65fa6ef
B079J7B3LQ,store_7cc2e07dff315648
B079JF8TX5,store_bcda2848de873a9b
B079JPHQ9Q,store_948c871617addf9a
B079JPNPF3,store_0e853f28fe51d082
B079JZ3Q5T,store_ad3e7eb1e9313bdb
B079JZHB4R,store_2033a16e162a7a65
B079K746J7,store_32d818267cd9794e
B079KJVV2B,store_312ca423d8f1542a
B079KK11Y8,store_c727632c303d6665
B079KQPCLX,store_74326c17d67a31c3
B079KZ3BR3,store_ad7f2e29a30c89c3
B079L3Q9BV,store_41b580d86d8d8e11
B079LVHSKZ,store_f7d5d6d1ba4d06be
B079LVW98L,store_e290959f4465d2ae
B079M2BW8R,store_f7d5d6d1ba4d06be
B079M39F4Q,store_eb85a4b3bf247b42
B079MC94WB,store_0e1bff25bc22f235
B079MH6223,store_5bf6753a1b30da5b
B079MJPSF6,store_9050f8a40dc21936
B079N68DQ7,store_b70ab5c108459fc6
B079N6W7QJ,store_05234905511d4df4
B079N89YMZ,store_c81ccf6ce94a3c4e
B079ND2S23,store_2477270236131b2c
B079NJ46M6,store_52a1b69f8f6cc982
B079NPTM3D,store_5bb88b8af009ee26
B079P68S67,store_2345b0a89d1ac18c
B079P8TMGN,store_a31760f52271fd11
B079PH1X65,store_a31760f52271fd11
B079PM5VZH,store_29bc406c8d180b32
B079PRSLCV,store_28756abc599b16fa
B079PS8GG3,store_4e199b4a1c40b497
B079PSG6FW,store_bd94cce5ee4ba9c1
B079PTG1C6,store_be3c493ead7e1a08
B079Q4P6K1,store_789deb6bbf35eae9
B079QBHKC8,store_3d64c6ed9deb0e42
B079QW8TSQ,store_de1d8914a30c38d5
B079R2VWNX,store_3a70b34623c10a81
B079R47NWB,store_165e7498e6e8f71b
B079R6DDPB,store_84643a99b5fdea7d
B079RN1Z3Q,store_e36891f008ba7752
B079RNCPWN,store_84643a99b5fdea7d
B079SD3GZW,store_f82c6718972cc84d
B079SJ7ZNW,store_7d40c91bc87595ac
B079SJL5C5,store_6996ca06a5b8c9ed
B079STNXP2,store_6ea45aa136124f3a
B079SY31WC,store_663085b40d815555
B079TP62LL,store_e1f715eb39f87c18
B079TYBL25,store_ecef7f93123a9d84
B079V1S1BS,store_28dc1ba74b23f8bd
B079V3649Y,store_a24da1635e76a44d
B079VDV2LH,store_e420b8088be64934
B079VVP246,store_7ecfd8f97b4729c6
B079VYY4LL,store_0e10923f01e4d8b9
B079W7N7WN,store_215a956168f77421
B079WBZRD8,store_a98c775789bd1e3c
B079WPYH6Q,store_c54e0d7960778cf6
B079WRHZ3V,store_6c84e5c624c38baa
B079X3CZ19,store_f614819be614f6e1
B079X3H1HG,store_12ae525e8d92ee0f
B079XW1XJF,store_1aabc161cde33324
B079XWC5YY,store_335ca3920aca3020
B079XXK1GN,store_1aabc161cde33324
B079Y3Y3ZV,store_b694f85f3dd96786
B079Y53VFK,store_f6a7003abedd9ed5
B079Y8G5YB,store_63cf61d81168ee57
B079YB9288,store_8fdc74a05772171d
B079YGNSHD,store_c727632c303d6665
B079YK47M7,store_f977440f154245fa
B079YMBGWR,store_4e35af63946fa922
B079YTHZ25,store_8dfb5f1308044943
B079YV527T,store_242848f83b22ed5f
B079YWJ155,store_add04e93ac801916
B079YYJ13L,store_082553f13fac9a12
B079Z5G3HX,store_16d5a6dd9815a410
B079ZC4BSW,store_73b0f8d62262284a
B079ZG8SB4,store_8ba968ab155db21e
B079ZM69XL,store_a30c9c4b1b6f6f71
B079ZN8KSJ,store_d692b3fe2561b179
B07B11HS8P,store_be3c493ead7e1a08
B07B1YTSCG,store_eacf647c636356e4
B07B2KH5SR,store_e78df43d755469e5
B07B2N36S5,store_a44cff5e7ad9bf84
B07B2P9JQF,store_1e3acad24c13bea8
B07B2Q53F2,store_1e3acad24c13bea8
B07B2SFKPY,store_6ea2ebd05274ae74
B07B39GX1V,store_fab60b3dd2bb3f58
B07B3M1P4J,store_0e769c85adfedec9
B07B3NHXBR,store_e0fa3cc6e2c49495
B07B3WWB8K,store_d2b37409a8fc6c13
B07B46H8G9,store_a31760f52271fd11
B07B4BQ8TN,store_280786784df66075
B07B4KLSCC,store_8598a189005b177b
B07B4L776F,store_57b4fcc0b1305404
B07B4LB6SF,store_3faff6182ca31b00
B07B4M1Q1T,store_5bfb4f8bfa9565ac
B07B4RW4MG,store_7564a5210b5f144c
B07B4W2R6W,store_91fd3e47f5d66103
B07B4W87QZ,store_90b677a3236c5ab7
B07B4Z6QRB,store_97a68713363e83d8
B07B4ZMQX2,store_5c60b56b1f443c9f
B07B53J57Y,store_efd36eeec68cc913
B07B5LPMSK,store_a2b5aa0b40adceb1
B07B64M42C,store_29c10e25ef8fa73b
B07B674K5H,store_4bcbc8020c32112f
B07B67G7PT,store_6a1e3a7701941898
B07B6CDXFH,store_c372ce4838232ca6
B07B6F7NJ5,store_8c0f43cd2d5143bf
B07B6K4N4C,store_00d78bf41eba7ecc
B07B6KN27X,store_1f3c2edc5804b084
B07B6KYCCW,store_1f3c2edc5804b084
B07B6MFTYH,store_595cce65b7ef79b2
B07B6QQJ3K,store_6a001e31543a67a4
B07B6S35X2,store_2dcb4045586d2dcb
B07B6SRR9X,store_b9ba0d0bdad82bbe
B07B6TD4DF,store_403be7685ab5876d
B07B6TNHTD,store_3361cbfbacabc9ac
B07B6VBRC5,store_403be7685ab5876d
B07B7C2QBJ,store_87081cb7cf33b6cd
B07B7F1CRF,store_d2b11b1b07b093e3
B07B7FXJFC,store_c8a50f632c3c4baf
B07B7GNKK5,store_82f8ecdbafae7315
B07B7H9WBJ,store_34b774f8f15f8afc
B07B7MHB1H,store_bafbb644b9bd1190
B07B7Q5NDD,store_b8fdc781f1e37695
B07B7XJM5N,store_0cf21e78b1870b50
B07B86YWQY,store_824c62bb75997fae
B07B8GCRVY,store_21923fbcda819fc1
B07B8JFCC2,store_0e3ce9658a6f3d2b
B07B8JZXQD,store_8be6e89335621220
B07B8LSZ48,store_8be6e89335621220
B07B8N2BNC,store_880f2c84ad690e08
B07B8Q9WHS,store_d793712da5448361
B07B8QZ65Y,store_62f5d838cf290527
B07B8RTLX1,store_c5df2ade0cf9c1c9
B07B8TLMYW,store_c5df2ade0cf9c1c9
B07B8W7P2M,store_e705b8c77d9f8bb8
B07B8Y1CB9,store_f7d5d6d1ba4d06be
B07B9LW8H5,store_50da8f40bc6d7e46
B07B9N9TB3,store_6c7fad4734ff4494
B07B9T5V8D,store_13ea2537b86b1619
B07B9TTBMK,store_a970b94e5ad8673d
B07B9V9V7F,store_a774d1229e813988
B07B9WH6PL,store_191055ad56b284d4
B07B9WW5YB,store_f69a757ac2b4f7d0
B07B9X2KNP,store_99769ecf3f20ce80
B07B9XTBPR,store_be25c587653570b8
B07BB1PHW7,store_0f907c5a1627048e
B07BB2LVXF,store_fe608f4e771c5639
B07BB2SCKM,store_ad4fab18d9e904fc
B07BB3Q3KD,store_6b57925d98365a82
B07BB3Q8Z2,store_f2285a55996e0430
B07BB5QCCQ,store_4b1e71326d9cc9bf
B07BB82KWT,store_edf78e94b455223b
B07BBHKV1K,store_4b8d6c33db7c0f41
B07BBK4Q66,store_26f1fcbe2822894f
B07BBKVTN1,store_03dab64bae7e4ccb
B07BBWDDGF,store_bed5e0f7bfc2f4c1
B07BBYRJKZ,store_db59e77ee9e1d91a
B07BC34QT5,store_051a3331d3a3b847
B07BC87HRQ,store_80bee453e54c72cd
B07BCWHDP2,store_576c3f39a271d84e
B07BD4MHMP,store_8864d87983bede4e
B07BD4QNJ5,store_be3c493ead7e1a08
B07BD6TVZ4,store_a85d97412abfd847
B07BDGSMB5,store_d6f02c47383c4935
B07BDNTXWN,store_772f81e5a9c5bfae
B07BDR6MDB,store_b78809cd2762d87c
B07BDRRDDW,store_84643a99b5fdea7d
B07BF4QCY5,store_8587be28b8ac8acb
B07BF6CPBJ,store_a3b2ffa52d7c8855
B07BF83RN9,store_6edba294f7d77c57
B07BF8511F,store_a3b2ffa52d7c8855
B07BF9D5NK,store_40cae548f8695282
B07BFB8R8M,store_44b3be69d3d0b783
B07BFFK8NH,store_c44dfc29b095f07f
B07BFNLKDC,store_01073784f9680b80
B07BFTLCDH,store_80f33eeef1467997
B07BFTWPH2,store_75b08d7b9ff0b12d
B07BGD4LLC,store_3057f0bbd7a94521
B07BGGZQKM,store_3057f0bbd7a94521
B07BGH1PL5,store_87081cb7cf33b6cd
B07BGH86ZF,store_0c2e2a00f5707864
B07BGQGTHS,store_0c2e2a00f5707864
B07BGTQ7J9,store_7a2d29cd6368b395
B07BGVH93G,store_82b7d0840a223958
B07BGW4G39,store_49793e038f03cc43
B07BGY2226,store_4ef7ee990f79d8ee
B07BGY2Z8Y,store_aeeebca34909db80
B07BHL8QYY,store_4ad877ff30ec542f
B07BHM7WM2,store_89ca756ec986feba
B07BHVHCR1,store_cae2f440fda5dcb2
B07BHVL1LD,store_17e2652a44498f0b
B07BHZLFS4,store_17cbf148e07a9463
B07BJ364TF,store_008392c3aabfdbea
B07BJ3RNWW,store_2e40b3310df1d63e
B07BJHPTPT,store_60833bc4f505eba3
B07BJLNQVH,store_e69867ca7d5a7b0a
B07BK1GF63,store_206e5e5efbf36cc7
B07BK46S1D,store_44b3be69d3d0b783
B07BK8FKHT,store_2dcb4045586d2dcb
B07BK9MS2N,store_0eaec38757b4cc89
B07BK9T8CM,store_0eaec38757b4cc89
B07BKQ14GZ,store_3533e4c88e29878a
B07BKTH19G,store_113b2242ecefad35
B07BKVZ3M7,store_769558b18f5331bf
B07BKX1WZN,store_d793712da5448361
B07BKZZ4MG,store_8023b7f4f34b5f00
B07BL5DFGM,store_7181e07eac9cb081
B07BLFWBTL,store_25909f98f128ae8d
B07BLK4W97,store_70cf996890c672e6
B07BLL6XKY,store_7daec688f98d3646
B07BLRMZ2R,store_da3b21de020742b6
B07BLVYV1K,store_6c2c45536d58b712
B07BLX85GW,store_5bb19f39c273482b
B07BMD3BCW,store_53c8bc81b80eaa67
B07BMG5FGB,store_fe3502b3c3d67252
B07BMMYWTD,store_c7171b0bd2b2b3f9
B07BMV9JSV,store_55244a4d773f3592
B07BN4B3B7,store_c418f5fba2225ad4
B07BN4TPKF,store_22c039e8bc7856a8
B07BN5HXBV,store_e7c3571d3e95b0ef
B07BN97J1X,store_6688ae27622a945f
B07BNC86QJ,store_165e7498e6e8f71b
B07BNF5KR6,store_59fda2561ee946ce
B07BNRVL6Z,store_dd77c2be87440bf5
B07BNW2DGS,store_c99491e3b489ecb2
B07BP1YYJR,store_4c787be996193588
B07BP7GX4G,store_5efaca390e4a6e06
B07BP833XW,store_8c63e52d8fbf8590
B07BPBYTGQ,store_9467077cc75f6a62
B07BPDSHBJ,store_1512f7caa4203fdf
B07BPNTPLD,store_050d859cf653c3bf
B07BQG45WM,store_820d075eff32ad68
B07BQH1NB5,store_ad81e8d36b0429c8
B07BQQ1N3L,store_bec733fe65a7fc20
B07BQQHF5S,store_506f0b22118ec9fd
B07BQZRMWL,store_5c000859402d9a97
B07BR12L6Y,store_33ac0d87df81bbb0
B07BR19ML2,store_ddec1265cf07ac62
B07BR79NVY,store_2e68919581fc10df
B07BR8ND14,store_2d163116ce188189
B07BR9CLZB,store_1f47e1b99e4f1374
B07BR9MNGB,store_33ac0d87df81bbb0
B07BRBTX54,store_cfb216a138999aa8
B07BRCTG52,store_cdf149a9a09dc70a
B07BRCZTLL,store_c418f5fba2225ad4
B07BRK85W8,store_31e61cb03058b241
B07BRMKS1J,store_f279859d85ec16a1
B07BRR288H,store_cead9bfcee3bc8ab
B07BRWWC6J,store_59851e905b720855
B07BS98LXY,store_16c26a46c179ecfb
B07BS9J7J9,store_446e9838deaeb979
B07BSBW1NJ,store_f2514348aafea6a0
B07BSCD37Q,store_a849b2856b374679
B07BSJNCFW,store_2e68c2ee1a07065d
B07BSLKM2T,store_8469a44406e259cf
B07BSMFXZN,store_4d5a65342d9f76a7
B07BSMR4PK,store_cbdbe737340cde12
B07BSXRDZK,store_3451ef5ad07eaa8b
B07BT1Q1FD,store_ab6845d852ac7512
B07BTMMXCZ,store_34dc5892047c941b
B07BTR3D5M,store_9c74803036b88b5e
B07BVDCXH9,store_d793712da5448361
B07BW5MBSK,store_a8c0410c8c946877
B07BW7L5L7,store_d793712da5448361
B07BW9CGXX,store_b0fa1ad31ee781cf
B07BWBHTQ5,store_d300b7d947deb41a
B07BWDJGT6,store_17a8d32c28115ef4
B07BWFC55T,store_affd33dec31b0844
B07BWFC6HN,store_5db373506be134ed
B07BWFNCKL,store_f5e8cb8b7c067b71
B07BWR7D1S,store_8d7bf2041120a75c
B07BXFNGH2,store_3b5741d1d32bf189
B07BXJ55TY,store_e926d4d1510971d2
B07BXK7W3P,store_b148d4bc63706458
B07BXY2P8S,store_237b5017397b4de0
B07BZHS1LL,store_17fe4c83f2046254
B07BZJCMHS,store_426c85bbc6310c95
B07BZLW8YZ,store_166e0477ea7f5c3f
B07C126GGS,store_733b78db8ae01291
B07C1JBJ5V,store_97fc335c0a83e0c4
B07C1LPC9S,store_92d95c4da6fe594d
B07C1M5KRZ,store_1b18e67719c8ed9c
B07C1NFSRZ,store_064791d16f974d72
B07C1YQTGN,store_0b22b645fa295c7e
B07C21MGBK,store_d18de8b5c38e2bb8
B07C21PW82,store_30e3c0abaa46da2e
B07C27CFCY,store_5ffedf42b8319e60
B07C2BX39R,store_69137ebb15436a24
B07C2KPFH1,store_72c854d100f2bbdf
B07C2L15MN,store_2e40b3310df1d63e
B07C2NSGKM,store_72c854d100f2bbdf
B07C2QZGG4,store_6f8cc70ccf0407de
B07C2W3D6D,store_522b276a356bdf39
B07C2XFK2R,store_7092ca5fe95b556d
B07C2YRT9P,store_7778eb537afdcd47
B07C3CDVZ8,store_8d63cf1f0189e655
B07C3JQFD6,store_020f1e434c1ecb5b
B07C3VZT9P,store_1a4c3cd5a0d4ac63
B07C4FV1P2,store_4b17286a2bb954e9
B07C4HHDPL,store_462213582884befb
B07C4J46JF,store_d5b3ab11bf30b2d2
B07C4M3XZY,store_c895dd909e1b0186
B07C4MD1LY,store_20dd40a47bb3dd45
B07C4NR6T8,store_28756abc599b16fa
B07C4PF625,store_89366f7b8d35e2ac
B07C4QL226,store_bcc4bd968a6c6ac8
B07C53CP1Q,store_6ba46138474f8ea2
B07C57LVQ4,store_6ba46138474f8ea2
B07C5W2PT2,store_85f15bc57d6c4e8a
B07C5W7ZHC,store_035ae23f3e02ab8f
B07C5ZB1FB,store_4965f78a2426bd02
B07C62WTPH,store_fb0eee3cc9197de4
B07C63RZTG,store_eb01d8f828a6c9a2
B07C6B6WW3,store_b78343a2a4444ca1
B07C6D1G5F,store_d1644ea1f7b0bf84
B07C6DXBJN,store_94861d5dd13aa887
B07C6KBV3T,store_6b99a3d8639f494b
B07C6PMY76,store_57ad2faa97cb6d3d
B07C6T48Z7,store_80514458614a986c
B07C6XVVYG,store_7a1fa7602d55fd0b
B07C7WH2P8,store_777bd32c023ba920
B07C851DK1,store_6702bd6f8dbd8039
B07C85JJJC,store_68b4572b64e53ff8
B07C8HFBDM,store_3ea5a64673d87398
B07C8R98V6,store_dc409dce4bb43ed4
B07C8RF1DV,store_5c655094a2d55ac3
B07C9BDBNR,store_98aa64a69d734f32
B07C9CRZYC,store_5da62540a3be7493
B07C9D1FD7,store_5e9f7fe94151df6f
B07C9F6CQ6,store_dc8a8b6798ecc3c4
B07C9R47XC,store_cc5c4b6a45efa318
B07C9YH7KY,store_f5e8cb8b7c067b71
B07CB4LRT6,store_aa64307e6b7959e8
B07CBJ9ZJZ,store_6dd34506bbd5e582
B07CBSHQZB,store_d6f02c47383c4935
B07CBZH93P,store_457ac0be0e6cd949
B07CC4W1RF,store_e4c079072eab7c62
B07CCFSJ47,store_46cbfe58a435c0ba
B07CCN9JPX,store_dad78e73a7d2d019
B07CCYJWL1,store_d66fcc742cc64048
B07CFKP873,store_7cc080556d15e586
B07CG52XL6,store_21992c1d2853fb9c
B07CG7KQ61,store_bed5e0f7bfc2f4c1
B07CGDXHD1,store_61048fca3e45fb50
B07CGGGSRW,store_f723c86b7b6eb301
B07CGSQJ83,store_369bda16a6a09365
B07CH2C29H,store_933c59e0471f31a5
B07CH3JRGR,store_2224e4a6e2e8e4e3
B07CH9W2CG,store_215a956168f77421
B07CHGDHX8,store_65928f2c8dbe4e37
B07CHGK869,store_4e56001859047af5
B07CHVNTKY,store_8ba968ab155db21e
B07CHY44TY,store_d2c4f813297d7581
B07CJ144K6,store_5d4c0de5d82857c9
B07CJ1H5SL,store_40be871639d97dfc
B07CJ6Y942,store_a3b2ffa52d7c8855
B07CJ7GXMX,store_d78fa7c35e683b7a
B07CJCXG47,store_72981a5d6bad29cf
B07CJFXD5C,store_a12644038402d57e
B07CJGS84S,store_8814fbe9888a487d
B07CJK76ZQ,store_818a80b737693e87
B07CJKXL8W,store_280786784df66075
B07CJQSG5M,store_49e547a993d682d0
B07CJRMBM8,store_18c86bfeaef333eb
B07CJV6HFZ,store_5efaca390e4a6e06
B07CJVBRRL,store_636f5dbc72c1a3d1
B07CJVD1XY,store_c6d159c87bdbe2d8
B07CJVZWC5,store_4b1bfa0e9cbe382c
B07CJWG8SP,store_0083e3d9cfe00aee
B07CJY41DP,store_0dd62cd904fe2df7
B07CJYFGS9,store_8ddc0da4f3176255
B07CJZB9L5,store_cee2f50162f00345
B07CK78YR6,store_ed800abbaaf33cbf
B07CKB174D,store_d1dc38e71193ff3e
B07CKDYS1B,store_29235d9cfb6efc2a
B07CKFQPX6,store_49e547a993d682d0
B07CKTWB2N,store_fd0561c009018ed0
B07CKW2YLG,store_b6eadc940ee501fb
B07CKY5KW3,store_16d993583262ee5e
B07CL316JK,store_bdcf520a7d6716a3
B07CL3QT1P,store_872bfe53f748cb1d
B07CL77JN6,store_75b7bd89c7576a4e
B07CL9NSQ8,store_296d98d335ecda39
B07CLBV68X,store_27dde639e6345fe7
B07CLFCQM5,store_8e419fcf1c64b39a
B07CLKH2BP,store_5ca1c2b2a9af1d92
B07CLMZ96L,store_c58e56c7f2f52cc0
B07CLZR3QF,store_96311b69e1e654d1
B07CMBRHHT,store_872bfe53f748cb1d
B07CMD7WLT,store_11e253a4d3af8dfb
B07CMDHSP4,store_610864a66d2cfaa0
B07CMFC97C,store_872bfe53f748cb1d
B07CMGG73S,store_42dd2d435015eef6
B07CMJKZLW,store_3a2891aa124c550a
B07CMLZDJZ,store_91039a3f9351c40a
B07CMSTGSV,store_ebf33d6628058cd9
B07CMWX44V,store_e5f6ecbcb8286148
B07CN2Q72W,store_d64c75746f381208
B07CN9M3VD,store_d5f2b95a80619ae0
B07CNCWM4P,store_5f0ec99657a4b857
B07CNDVKTS,store_ba2ea4bd207a94a5
B07CNG2TH2,store_e330d419495f8896
B07CNK9WF1,store_d8927693a786ddb5
B07CNLC45P,store_b27395661d2dde22
B07CNPHJTL,store_13178afcd4810da5
B07CNQ6ZBL,store_71e32b6f064e8906
B07CNRSWK3,store_a3b2ffa52d7c8855
B07CNYD5D7,store_2b9c1b32369a34b2
B07CP5KFJ7,store_77741c52635ef23d
B07CPKC7YL,store_ad62be6b77506f94
B07CPMBDWY,store_be669823e8f1dbcb
B07CPN3999,store_be669823e8f1dbcb
B07CPNXZHB,store_80bee453e54c72cd
B07CPPB2MR,store_795c46bd2c8ea346
B07CPS4G4F,store_eef3bce676b68c95
B07CQ3PBM2,store_2ee3222f552dafbb
B07CQ5M4D4,store_dfe6324de9678f42
B07CQ8BYCS,store_18c86bfeaef333eb
B07CQ91MHJ,store_8648a5bf9fe2521a
B07CQLN7B2,store_be669823e8f1dbcb
B07CQLQSSF,store_62f5d838cf290527
B07CQSRN4K,store_2e37bf53a48d9e99
B07CQT58TP,store_9638d8bc909ae52c
B07CQVFCZL,store_9f940a682e03bbfc
B07CQY882R,store_9f940a682e03bbfc
B07CQZDDR8,store_20856f07ab081862
B07CQZWVLG,store_5f2746e955a0d7b5
B07CR2WV2J,store_e849351cded0c153
B07CR3YDNY,store_50d8b4a941c26b89
B07CR62VQJ,store_e0a35f5fffaaccb1
B07CR7K3LQ,store_e849351cded0c153
B07CR7SLX7,store_627cce220024c668
B07CRB6P66,store_25eb4895379a320e
B07CRG3717,store_627cce220024c668
B07CRNPF2R,store_e3bd408509a07d30
B07CS221B1,store_7aba7fcb2cd329e1
B07CSKGJ2H,store_2a801efa92229334
B07CSR2WMT,store_3d6ed8915645ea75
B07CSR9H8C,store_7b647332b704c748
B07CT2Y257,store_2dd7fb1aed48836e
B07CT3VK2H,store_8d317e793e073e2b
B07CT6ZMW6,store_3b288f98e9b21526
B07CT89SKV,store_c36753cd850d7015
B07CTBTMGX,store_6ca6e52531099b77
B07CTBTMH4,store_6ca6e52531099b77
B07CTD7MJZ,store_19445b08de4b811a
B07CTH38TM,store_20d2eac3dc2dbdf3
B07CTQQLLJ,store_5053ba0fbd462357
B07CTW9JRM,store_8a85fee358186970
B07CTX62W7,store_be669823e8f1dbcb
B07CTXH55W,store_be669823e8f1dbcb
B07CTXNC3G,store_be669823e8f1dbcb
B07CV37YK6,store_b5ff61ead176f32a
B07CV988JX,store_8f77fe582ee3e039
B07CVBJL2W,store_8f77fe582ee3e039
B07CVJJST4,store_ae8aefeada626b71
B07CVK116F,store_e4cf8264766c41d5
B07CVK37PQ,store_ed2f7c8b9056636c
B07CVR5JYP,store_d3e839ceb6d765df
B07CVS9WH1,store_d793712da5448361
B07CVY6XHG,store_211eb1363ce55ae8
B07CW2KT5F,store_7513e4aa2a4cd342
B07CW2MMDV,store_4d2698f53c92a2e9
B07CWMW9L1,store_24b6c027e63c0d4a
B07CWN7KYL,store_24b6c027e63c0d4a
B07CWTHT9Q,store_2a4cb560d64d0ce8
B07CX6VHTP,store_559bf450873e5060
B07CXFGKZD,store_b6222ec88669dfa9
B07CXH659V,store_31e61cb03058b241
B07CXJG576,store_cfb216a138999aa8
B07CXN3D99,store_cfb216a138999aa8
B07CXNJNBT,store_4956a1dc425cad94
B07CYF4VDN,store_fe9c9b187b8ffb40
B07CYJDDHS,store_5bf65d08f96a9a87
B07CYNG4XM,store_37cbec04675aa4fe
B07CYNNMXX,store_38fc92fa31c727ac
B07CYRG186,store_ec561b2b286602d1
B07CYST6JF,store_5fa148c020903493
B07CYZHRK9,store_440da69674fb8c95
B07CZ28S12,store_2b5a5caeb2bb62bf
B07CZ2LPJH,store_f5aad1992eda8819
B07CZ3XPYD,store_c3d0bed30f4aaee0
B07CZ59TS6,store_ee593dd480b7a07c
B07CZ92WFT,store_c2f878e8e04964d3
B07CZD3LLB,store_353e115fa23877ca
B07CZD84ZN,store_5ca0da8d6447ad2e
B07CZH9S4J,store_cf7383e257de9780
B07CZP15T7,store_be669823e8f1dbcb
B07CZPC424,store_d793712da5448361
B07CZQL15S,store_524f26048cc9307e
B07CZRN15Y,store_9e19248bce982e64
B07CZRQVP7,store_a6fbecfa5283dbb6
B07CZS8FN4,store_b2f6c56ece9caf19
B07CZSBQ2S,store_9e19248bce982e64
B07CZSFHZM,store_b0f4665545070569
B07CZSLL9X,store_774d6c1f0236bc50
B07CZT3Q4G,store_9e19248bce982e64
B07CZVCNFW,store_c19ff2bdd22bd442
B07D11DT15,store_ccf123a885a683a5
B07D13GBR1,store_5c6f81de77af1781
B07D1F2T8P,store_e5d63ba929c5e415
B07D1K5YZ2,store_e519767ade88e6a6
B07D1MFWNL,store_ef682965739f1036
B07D1TH7T5,store_d74b9b65ce4756fe
B07D22ZT4J,store_e519767ade88e6a6
B07D23J2ZS,store_17b15ccb0006b949
B07D25FFBK,store_d4000d6f2a12c7ef
B07D26RCNV,store_a926b136b5a4c1dd
B07D275SR2,store_13818a5684a7ed4d
B07D293LTR,store_b0be555d07b7649b
B07D2BNNYR,store_9afb319c07ad761c
B07D2BQXKW,store_c7950f946ce2beb6
B07D2J9LHL,store_56afb83cefbdcae9
B07D324TZR,store_1a00dab5909f66e4
B07D33K512,store_ca8d6a45ff98eda5
B07D34CY1Z,store_4b17286a2bb954e9
B07D35N6C1,store_4b17286a2bb954e9
B07D37R8YZ,store_31baab41f150bdb1
B07D3BQKL8,store_400ebbc9fce2b336
B07D3DYPHC,store_3f77cb56dff8bfda
B07D3JFMLX,store_f7d5d6d1ba4d06be
B07D3JV9WT,store_05b14c075d2fa3cb
B07D3LS9TL,store_55244a4d773f3592
B07D3NZMYS,store_b42a373a57e5f884
B07D3P5G8S,store_6eed51eb71105a43
B07D3PCZHK,store_7d023009db23cecb
B07D3ZTRFP,store_347ead6348e93650
B07D3ZXDRF,store_67f4dc513377fbbc
B07D42XMCH,store_d32952c0cfbb587a
B07D47RCLN,store_17fe4c83f2046254
B07D4C6F5C,store_a7dc59e2bb20efcf
B07D4FVLVC,store_55244a4d773f3592
B07D4G3WDB,store_8369dadab3c429e3
B07D4P4MD1,store_662b54819670ffe7
B07D4PFTM8,store_a9af2d16ab061c11
B07D4PTQV1,store_84643a99b5fdea7d
B07D51ZFF1,store_7501bb0551bfba74
B07D538BTT,store_17fe4c83f2046254
B07D54G349,store_26d41d54ffd5b51f
B07D54K7QF,store_ad7f2e29a30c89c3
B07D56R933,store_a12644038402d57e
B07D59NVXH,store_b437425c9ee2e1cc
B07D5DXJNQ,store_3ae54a2721b4e3e6
B07D5GRY94,store_a64da436bc32bb3d
B07D5JYH5S,store_16271526300d4bc0
B07D5K8RDR,store_db27a072c81ac340
B07D5LZ25W,store_bd2aa29fd5f2806a
B07D5TYS8C,store_8e1a67ffae38c2e8
B07D5WV7SB,store_419e583555271710
B07D5ZYX6N,store_50d8b4a941c26b89
B07D61C6LM,store_95d8736f788e6a9e
B07D631H4G,store_1054539d1c90a8ec
B07D637ZZJ,store_1054539d1c90a8ec
B07D6D2LVF,store_c7c9028145b1b535
B07D6JWN8T,store_bfef8be7e00ae3e3
B07D6PHFQ4,store_e2345109fc5ee6fc
B07D6VJF3L,store_a31760f52271fd11
B07D6W4B6B,store_1e37c39b4551e649
B07D71XKK8,store_f661b0d4eb2955ff
B07D72GJZ5,store_9b2e6f1835f8f53d
B07D78STS5,store_cfd084e0207d48b5
B07D78X5QM,store_9d6ee2bb5dc9ef1f
B07D7B65Y2,store_9e169642fdd7c02e
B07D7DH968,store_1e37c39b4551e649
B07D7H8CJ8,store_1e37c39b4551e649
B07D7K73CG,store_ae8aefeada626b71
B07D7KNLWV,store_3178ab8c10ebd324
B07D7NKMHM,store_6f7be9bef7a3ca46
B07D7NPCCR,store_99b531212830e4f8
B07D7P67M5,store_00cca86c262b32ca
B07D7QC1DW,store_526c9c19481e4a0b
B07D7R6J6N,store_bfef8be7e00ae3e3
B07D8DPMBS,store_6c792edab77088ee
B07D8HVWJR,store_2b5b0394d7fc4bbb
B07D8RK1XP,store_c291355679cf9ac0
B07D96GNNQ,store_d5ed7864fef79541
B07D9HCGNV,store_a9eb78377673fcdd
B07D9HPDSL,store_df84cf19bbc06f3f
B07D9KPRPZ,store_ffcc7a84df363f11
B07D9WHCTW,store_04ffc99f7b23f951
B07DB1YX9N,store_a0f2c69a18eaea9d
B07DB9JBLN,store_a7e2242c0e8d1b85
B07DBM9886,store_28af7c5eb9bd76b1
B07DBQ2YD7,store_c8260d38098765d1
B07DBTJGJS,store_9221f4e91b03bd8f
B07DC4CRNG,store_82a75aca1cb6058b
B07DC61QF5,store_eada1a5d8543bb9e
B07DC9KYLT,store_acdb5dfc15747cc3
B07DCBPJKK,store_794277b67c6da818
B07DCDJMSB,store_d793712da5448361
B07DCDV88K,store_51f836aa96db69b4
B07DCJSKL5,store_1d93e91331030618
B07DCK59Q2,store_134bb17c1b3ae7f9
B07DCMBKJW,store_410de66ad077b929
B07DCYK1FX,store_b1467ac94d7df1e4
B07DD21SRJ,store_b6006eb2adc543e6
B07DD3YP3L,store_b1467ac94d7df1e4
B07DD52R9Z,store_47d11516251d269f
B07DD6QX8J,store_e856b8333c9f20f9
B07DDCGHXN,store_ccf123a885a683a5
B07DDCXWXM,store_ccf123a885a683a5
B07DDDV8DK,store_26f1fcbe2822894f
B07DDDX59F,store_ccf123a885a683a5
B07DF6KW9H,store_a1a9dc7eb04b6adf
B07DF8RHVG,store_5ea0ae0a2f11645f
B07DFCDNHN,store_1fedd49ca2f1c8a1
B07DFCRGJ3,store_6fc6c1768c5ee837
B07DFFWXYP,store_8ba011148337eefc
B07DFM7D4Y,store_213409aec715cbae
B07DFRNF9K,store_90f52af636ca6047
B07DFSN36Q,store_b435df0d00aa7a65
B07DFY38PG,store_8a177965bf8aa02f
B07DG37W6G,store_43007340bc9e3f91
B07DGG2LLT,store_06a0d55cec3054ba
B07DGJ97X7,store_ee593dd480b7a07c
B07DGKQWSB,store_320e23a1e190d6d7
B07DGL23H5,store_2b1971d376e88e3a
B07DGM5RZK,store_721153875cc9b985
B07DGMFPNM,store_037913193b99def6
B07DH2FTP2,store_4ce4dc4fad56d89b
B07DHLM8JF,store_280786784df66075
B07DHVHHQC,store_fc6428a935f9c339
B07DHWJS9G,store_fc6428a935f9c339
B07DJ1PZ8C,store_ba54c239bcc9871b
B07DJ25Q5S,store_f85e5f5fd54e47f0
B07DJ37NTQ,store_1a30bde28609a901
B07DJ8QN27,store_8f77fe582ee3e039
B07DJBBP6G,store_fe6aab7fead1d144
B07DJCS1FM,store_38bd665ba93e8cc5
B07DJLHS1Q,store_25eb4895379a320e
B07DJLS6MC,store_fc6428a935f9c339
B07DJPDGQP,store_fc6428a935f9c339
B07DJQ4MHQ,store_e7d8cb008e3a8c78
B07DK7TKSG,store_dc409dce4bb43ed4
B07DK8JQ11,store_affd33dec31b0844
B07DKCBQRF,store_dc409dce4bb43ed4
B07DKCM2XQ,store_c0bfc7fff2fc28a3
B07DKGTXZK,store_03b807793c7e56f9
B07DKJXNQ3,store_dc409dce4bb43ed4
B07DKP7DJW,store_205b7e886ce1337a
B07DKXKM5J,store_d5a80f21a9eccd9d
B07DKXYTWD,store_2171439387439933
B07DKZSJYG,store_4b101a3be82e195c
B07DKZWTQ5,store_4e0511f22cb011c6
B07DKZYV18,store_01f826cd19e88ca0
B07DL2G1HQ,store_807c38e17337cc21
B07DL2ZQBP,store_1e1a0748e85dbba3
B07DL5Z1XZ,store_56f926b1d02be2e2
B07DL7SQSN,store_d05cbf8f2ffebe0c
B07DL9MGYS,store_e0481a6b6819e49f
B07DLBCLNC,store_c7c9028145b1b535
B07DLGQBF5,store_29d26ecf7dc14afc
B07DLS3Z7Q,store_e2345109fc5ee6fc
B07DLT3DLB,store_8b3256c890e46ea0
B07DLZY5GR,store_e8b5a1002f77f385
B07DM64VNT,store_2124037ca66a33c1
B07DM6VSFQ,store_a2dbaaa72aa4db14
B07DM73FSF,store_96f2ddb92fe23b50
B07DMCMQDP,store_ec34568c6fab12a6
B07DMDDB2N,store_4b101a3be82e195c
B07DMGJVM5,store_a259c56bcc9958af
B07DMNW1TJ,store_bdcf520a7d6716a3
B07DMPHZ73,store_570a8cfabe49ca58
B07DMQF75D,store_4138307ea88dc338
B07DMQRTNP,store_b3de5d8bbe587bbf
B07DMSDHMQ,store_be0614f147e6fdbb
B07DMTQ6F3,store_3895da7ca48cef0b
B07DN1351Q,store_2c78a92f821c3222
B07DN23DDN,store_24e0f8b94e0449ef
B07DN49LZN,store_9499d99484050e5b
B07DN6VRP5,store_34eb670ad0acf092
B07DN7Y3XV,store_f3e2e9bb209c90c6
B07DN825S7,store_f3e2e9bb209c90c6
B07DN925X1,store_9c54e207bb02ddea
B07DNDJ4W2,store_9f852ce63909b921
B07DNHS6FW,store_e4023c7acac06a89
B07DNJ6LM9,store_d319f370e692e2a8
B07DNNF1YP,store_59851e905b720855
B07DNQGWM4,store_96311b69e1e654d1
B07DNQZVL2,store_fbf810954bd4b2d2
B07DNT51P3,store_eaf42f156859232d
B07DNXDWJB,store_2b72facbd6d4645b
B07DNZYXZ4,store_8ad4bebc15e40a96
B07DP6WT8R,store_1eafd6bd3e7db2ea
B07DPBZLJX,store_a604bd79cc54e077
B07DPFGL7T,store_d793712da5448361
B07DPKZPRH,store_10737cbf8a84119d
B07DPM9ZNF,store_1ed264bd624d49c9
B07DQ4QD6D,store_6ada7f9f2f288789
B07DQ6ZLLK,store_effc64959d237362
B07DQBC6YD,store_1c155a90193731b5
B07DQDR2B8,store_6ada7f9f2f288789
B07DQFQ69Z,store_14dc4aa4c0f2e945
B07DQGT2JH,store_60ffdbd7e89cabf1
B07DQJ1BNB,store_d9a1c362e00dc03d
B07DQQ2BZ8,store_73f7054413425c07
B07DQQZHJ8,store_e0e37257600f346e
B07DR7T81C,store_b845cfbfe72d22f5
B07DRB6QMD,store_a28a3fff2bfc9f14
B07DRBM62Z,store_00caba45c5b24193
B07DRFZDT4,store_24251c5a8bd3be2e
B07DRNM6WQ,store_4083261d9a6163bb
B07DRP4S5Y,store_e5ef785a9b0c4ddb
B07DRQKJ56,store_25874cb1bd48455b
B07DRZLZQQ,store_ff7562ba11569b97
B07DS4GPGX,store_eca387a74d2992c0
B07DS52DMW,store_cc5c4b6a45efa318
B07DSCJJT2,store_8ad4bebc15e40a96
B07DSCL69X,store_184a54ec5c6877fa
B07DSDTRSF,store_ec1fd6e0ee3795b5
B07DSW6YDS,store_cad7739bd3828ceb
B07DSZH5NG,store_8a12b99c1c0cd7c2
B07DT1RXKK,store_71ea58aa789b63d3
B07DTFG79Z,store_3c4036a09566875a
B07DTY73HN,store_559bf450873e5060
B07DV3LX11,store_da4dbffcb31d7ff9
B07DVBPQC7,store_634d8060fa3916e4
B07DVC65YJ,store_bc259565977e7fcf
B07DVCPPRM,store_743f3f61d5d711e4
B07DVDRL2M,store_92618305c9fb7f41
B07DVFQLH6,store_5d74b12a0ebccea6
B07DVFXGD8,store_9e169642fdd7c02e
B07DVG18X9,store_9e169642fdd7c02e
B07DVH5VXW,store_5669459f6185fa89
B07DVN1KWK,store_5c6f81de77af1781
B07DVV6CJ7,store_f3eb623b4121cf7e
B07DVYTQLC,store_6776c450dec90a10
B07DVZ3SFP,store_13165e25623c52c6
B07DVZXM36,store_4db1282db4ea9f81
B07DW3LGY7,store_459f22640ad1d3af
B07DW3RW8M,store_66e6142bf891050c
B07DW5RKFK,store_1ba5aa03c5e1426e
B07DW8MJTG,store_ad62be6b77506f94
B07DWKN6MQ,store_8375c820d9d6e75b
B07DWMKCFD,store_6cc0e2a54c147e72
B07DWP1ZR9,store_1a2c97cf9f3cd25b
B07DWSKTD8,store_5669459f6185fa89
B07DX59CSG,store_0e7ae82af2f452f3
B07DXBN1DQ,store_3c448aac4faf2d89
B07DXGKK34,store_bd9094eab00d24b0
B07DXKRRDC,store_9344be7fa6048c02
B07DXS76M6,store_9344be7fa6048c02
B07DY1RDQR,store_56b1074b94d45587
B07DY5H15G,store_60412ed63bdc36ed
B07DYJLJ7M,store_ea6807d1c201a124
B07DZ1Y5TN,store_f0ab624438349745
B07DZ4BPF4,store_11f2acb55e4791fd
B07DZ8SZTK,store_65116cec482bab1e
B07DZRYJTX,store_5a4a8b3fdd90d715
B07DZRZHQ3,store_b97e83a3cfdf327b
B07F1333Z6,store_b74ad10c7735b13d
B07F165RBX,store_74e1914d2411413f
B07F187D9V,store_6423d5aba8a4796f
B07F18W9BT,store_5585a4f07eee057f
B07F1CM512,store_e856b8333c9f20f9
B07F1FK99P,store_5aa86e0581a05566
B07F1GBQFT,store_bec1c7c5556cb344
B07F1JXLFM,store_5ca0da8d6447ad2e
B07F1MFCKX,store_733b78db8ae01291
B07F1YCZH9,store_4f052c58526f6652
B07F22VL5F,store_3fb784b1e896b2d4
B07F27DK7C,store_ee233004b4f04d73
B07F2BPF7T,store_f37e1e8ae7e14edb
B07F2F2F8P,store_f3026ad5d53f8452
B07F2ND1C1,store_75b8505178da0183
B07F2WD19S,store_27cab0f23afa7a2e
B07F2ZXM1B,store_52cf4d0e0137d0b9
B07F39RP3T,store_ca79926c79770461
B07F3DNLSV,store_6b2e2173e7edda1c
B07F3F69FN,store_2d17abf96e09196d
B07F3FDYT4,store_ad62be6b77506f94
B07F3GYV9Y,store_5a42fc4be5952158
B07F3K8D4D,store_9a99965726abf179
B07F3K9DL9,store_55244a4d773f3592
B07F3KN4WB,store_34a6bac798e10a30
B07F3LH6WP,store_47e5d87a6c92dbaf
B07F3MWMG5,store_4948894947454f9b
B07F3MX3W5,store_29d26ecf7dc14afc
B07F3NH844,store_cfafa5f9ecdf660e
B07F3WKMDH,store_10424883c36a7fde
B07F3WYY14,store_0b987d5b4d5455ed
B07F3X7GWN,store_107d7ad30c58bc4f
B07F3XYPSR,store_1ef1da2804041681
B07F3ZNDQL,store_687f6cfb9ec34359
B07F42WXFL,store_2526b09be0f9b0a4
B07F45D9MN,store_f292461030afd882
B07F45L9F6,store_11093a5c921d3b3e
B07F4F9K8J,store_7481daacb12bcbc2
B07F4HTWHK,store_a9253c8466371d25
B07F51PN1B,store_d1890508d3c73d8c
B07F5F9LNS,store_d45114728a7be33c
B07F5FQJF7,store_e2aa6d71ed8d0516
B07F5K5SHJ,store_a259c56bcc9958af
B07F5R5L4M,store_3a8a1de467dc01ac
B07F5R7ND6,store_d0a3a0f72016cfa4
B07F5S1W6N,store_aa2057c3c838cffa
B07F5TJZQ7,store_844b8f87e6d43492
B07F5V8CCK,store_cea5bdbfd9ca8760
B07F5V8W83,store_cea5bdbfd9ca8760
B07F5XGJRT,store_d0a3a0f72016cfa4
B07F65QW4N,store_191b6e167438487f
B07F68X868,store_e532bb09546235b8
B07F69LY3J,store_4e4909548ae6bc43
B07F6B15NR,store_b9f7793b24d4c564
B07F6DJ9DP,store_a36dbafe4843b8c9
B07F6DL8D7,store_a9253c8466371d25
B07F6TG5N4,store_e2b082231c14064c
B07F6W3BKM,store_ad302f9f4d599ff6
B07F72ZPP4,store_531e1faaa63f7ab0
B07F79BDC1,store_cea5bdbfd9ca8760
B07F7DHD7Z,store_3334e034efc61a9d
B07F7KMVJB,store_89820e31e9f7f693
B07F7N5T3R,store_cea5bdbfd9ca8760
B07F7QCQS8,store_80e9ca5e72d26cd7
B07F7WBNMB,store_673c96f99585a99a
B07F7WQDJZ,store_427d8b360123c91e
B07F7XYQ82,store_529856508534d6bd
B07F7Y3C88,store_986dcb5c31106ff4
B07F8398DG,store_261f84145e5e3191
B07F87RXH5,store_5da2e32dfc1881ca
B07F89SJXZ,store_a0773260a60602a6
B07F8JLNZW,store_0154f462de2a37cd
B07F8LKS6T,store_cb373330225cc008
B07F8M1KVR,store_558ffc32e9a2a3fa
B07F8PBWZ1,store_6298a74ea665b619
B07F8S7KDD,store_e49708d7359d2aeb
B07F8THQYM,store_619391a0fc82a489
B07F8XP9PD,store_a912678600fd96b2
B07F91GLPT,store_d2a9b0229f5cc167
B07F9GFWCP,store_b800e1a2ea8641b3
B07F9KJ9WM,store_52f677fe7ccbc173
B07F9LQ3GN,store_a40790b29c4c0229
B07F9PHRNV,store_68c43e100a0296e0
B07FB21B1S,store_0cf21e78b1870b50
B07FB52GSV,store_a9749fb050cf7f9b
B07FBDTHVK,store_fbcbd9554249111d
B07FBKKVMJ,store_0433b4dfb03d3f74
B07FBYY9LD,store_7273d1a337eb2d77
B07FC72YZN,store_b9f7793b24d4c564
B07FCC4ZKP,store_4fae7a80b5800bda
B07FCG47NL,store_b0acc22229cd7823
B07FCN7WNN,store_64c92173a4bbfa73
B07FCSBGCV,store_64c92173a4bbfa73
B07FCTNTZ8,store_9edd2cf07d752fab
B07FCVCN49,store_a1a9dc7eb04b6adf
B07FD1MR7S,store_64c92173a4bbfa73
B07FDCZC3B,store_cbc9778649d85bad
B07FDDPTH8,store_ccf123a885a683a5
B07FDNNJX5,store_8ad4bebc15e40a96
B07FDTF1HZ,store_dd63e58341d34c5e
B07FDZR11K,store_a1a9dc7eb04b6adf
B07FF8L7GG,store_3c2b86b13a2f7683
B07FFG6TGS,store_f5afece1ce3c6672
B07FFGTK4C,store_b5d9c9ce164240ce
B07FFK42YS,store_1cffe617c2485667
B07FFQDZN2,store_7ed401e226b02d24
B07FFW3NKZ,store_b08200dab13673cc
B07FGDKG6L,store_d32952c0cfbb587a
B07FGVKQG7,store_a76812386d3fcd93
B07FHLW15G,store_95d25595c18cd50d
B07FHYZSCP,store_cea5bdbfd9ca8760
B07FJLJD5R,store_e350a5a4d2be709e
B07FJLK8GD,store_a677d3d99fc1a0ed
B07FJTZ368,store_c81ccf6ce94a3c4e
B07FJV93G1,store_3d27c06df54efbbb
B07FK9C6TB,store_7372c88427292b62
B07FKDZTMB,store_2dd96f8924171746
B07FKNZJQC,store_850894df419caa81
B07FKQ4C8V,store_486b575ab9b42f83
B07FKQGQTP,store_5dd06991e493d87a
B07FKRJL8Q,store_b5d9c9ce164240ce
B07FKSBHHZ,store_87fd40c85d529b8c
B07FKT2Q2C,store_742ead46d66f0fc6
B07FKVGMYD,store_dfff1659bd3ca9dd
B07FKW9CL4,store_f4c975cbf19a2f6b
B07FKWLS68,store_ab9de7179f0bd852
B07FKY8GV4,store_3e308c380d1e2164
B07FL1JL17,store_a866e0354fdd5909
B07FL3WWBK,store_8c4886c60b82f5aa
B07FL5HTXF,store_fe1541eccc7861be
B07FL7PMNM,store_83c66fb4ee98edde
B07FLKZY7K,store_6d1e50f7e3e7a282
B07FLM71YN,store_25909f98f128ae8d
B07FLN8N5W,store_03a028d9d726c0fd
B07FLNWWC9,store_3bc9103e9fec5eb0
B07FLQD59B,store_25909f98f128ae8d
B07FLRYQWV,store_c31c10f293e4e6eb
B07FLS8DLD,store_b2d89ff6bde4727f
B07FLVQW2S,store_25909f98f128ae8d
B07FLW6D6W,store_f6d60d46c1206aee
B07FLW7DF4,store_49efb33b1963f71f
B07FLZKWTC,store_76907f33d4ed6cf6
B07FLZPW15,store_365841afc8c1de75
B07FM96R9Q,store_a3b2ffa52d7c8855
B07FMFVV2S,store_aa45516e7933e7b0
B07FMH13N6,store_016f36c8df824129
B07FMJS89W,store_713473da0ef38ba3
B07FMKN8X7,store_b5d9c9ce164240ce
B07FMKWTTB,store_82bf96e21a1d40b2
B07FML2JMT,store_a3b2ffa52d7c8855
B07FMMW7W5,store_418d300d976c012b
B07FMPQXFT,store_77747e93e26d7a0e
B07FMRC28Q,store_ddec1265cf07ac62
B07FMV6L1Y,store_89ca756ec986feba
B07FNFZ42J,store_71727cb80d5cc0f9
B07FNGKHZW,store_94af0677b942d397
B07FNH41W2,store_b579e13e6f494be1
B07FNJ4DF9,store_4f2b6f45dbd8c1e9
B07FNPZNTM,store_e0699c54b51819ec
B07FNQNG92,store_00caba45c5b24193
B07FNVSM2R,store_4ee82d1cc281c586
B07FP5GCST,store_c08f6443466294cd
B07FP5KQGH,store_2f35ad895d26705f
B07FP6CPBG,store_ee0957f591a7df41
B07FP88Z44,store_3de251d00bcfc16b
B07FPG7MXW,store_3b868ddf7c52ab84
B07FPS2VFK,store_ccab737c2abe6f9e
B07FPV45TN,store_39f6ab34390accca
B07FPVLFGS,store_b3944881d90da3e0
B07FPXFX6F,store_ccab737c2abe6f9e
B07FQ1L3FL,store_c559726c1198ca56
B07FQ6ZNBM,store_9221f4e91b03bd8f
B07FQCBM35,store_04cf3aebfb313ca6
B07FQG965K,store_8398e5171574c962
B07FQNKF5D,store_9bdd27bb65a4ea68
B07FQWJNCN,store_544f661f5565c453
B07FQZ9RBR,store_74678a4acb5a530a
B07FR4D2LM,store_8a94aae0dd9470a4
B07FR4ZQ99,store_e4c90ab22592880d
B07FR6TYF4,store_51622a4b323a26fa
B07FRC1SG1,store_506f0b22118ec9fd
B07FRC49R4,store_555e0d82ecb4e707
B07FRCH7QL,store_2dc2f33a112c0ba9
B07FRD4LVX,store_506f0b22118ec9fd
B07FS2QJJQ,store_735333d224d63402
B07FSB6129,store_6e9eebc940243123
B07FSH1KBN,store_c4ce04babe753d06
B07FSHBFTJ,store_054ac8fadaa8a73e
B07FSL9TG2,store_35b7a432248e204e
B07FSRRP9C,store_18c86bfeaef333eb
B07FSS62KM,store_054ac8fadaa8a73e
B07FT468GT,store_4dfeb545bda65036
B07FTB1X84,store_0581110c7252d2da
B07FTGHGTW,store_2c64a95aa1aaa53f
B07FTJJ8Q9,store_5787868d5a7e7d4e
B07FTV824C,store_b5d9c9ce164240ce
B07FVJBXHF,store_e2d0235ef214d033
B07FVRXDZW,store_897d437cad168b0a
B07FVTKDQ4,store_bfef8be7e00ae3e3
B07FVY4ZQQ,store_984852e7eb61853e
B07FVZVQKV,store_6a3daeb4e6076744
B07FW1HL3Q,store_fb2d4c7c26bbfdaf
B07FWCG4G4,store_9d4ae1774cd1e7fb
B07FWCNXQS,store_a0d73f624ffe9961
B07FWF6CYQ,store_c2f878e8e04964d3
B07FWSYP6C,store_0e7ae82af2f452f3
B07FWVX2CQ,store_79234f57cbfbd7bf
B07FX823ZQ,store_bb85f86e9c3fb7dc
B07FX9173F,store_49793e038f03cc43
B07FXLQ65C,store_ffbb52747e3aa106
B07FXPB2ZB,store_905b64ce1d1d56dd
B07FXPLJ4W,store_3832d8b57ab76a6b
B07FXPVP9G,store_092648d875cdde1a
B07FXQ1B5J,store_9891fc86b423c77f
B07FXSR5P8,store_b076be4b0c9c4573
B07FXVHF3W,store_ffbb52747e3aa106
B07FXZ7XNK,store_ca79926c79770461
B07FY1TC1T,store_d3e31046c7f523dc
B07FY7D365,store_7580e82bddcc4f91
B07FY7N1XX,store_a3b2ffa52d7c8855
B07FYDD1SD,store_735333d224d63402
B07FYG86VD,store_a3cc20848ebc1722
B07FYNKBFK,store_570d6ee5b91b9a91
B07FZ49GPJ,store_50d8b4a941c26b89
B07FZ76943,store_75532ea2d9c30b8e
B07FZ7JB4J,store_835400d2ebd22bd9
B07FZB77DB,store_a31760f52271fd11
B07FZJ57LQ,store_b8c45bf3eeae035e
B07FZN1THY,store_38013f2e6a286bc4
B07FZN9628,store_7304cd9a2cadb820
B07FZV384R,store_8be6e89335621220
B07G1WV2NY,store_879a41d77d1d94a7
B07G221MCQ,store_d793712da5448361
B07G26PRDS,store_c19791775b93c220
B07G2D1ZFY,store_5760ab373c5c89d3
B07G2P4K7D,store_d44586ba4e244f9a
B07G2P75W6,store_be8551107fa7eb6d
B07G2TXCYM,store_b5d9c9ce164240ce
B07G2VH8PF,store_c19791775b93c220
B07G2X1JFP,store_20592c7fa698ba0d
B07G2YPBM4,store_365841afc8c1de75
B07G2ZCRX3,store_be7eb92590f4bc16
B07G32QP3F,store_3443dc4de7c22019
B07G337HPJ,store_a29c174216205199
B07G33LWVM,store_28ede3fd8ffd4d1e
B07G375Q36,store_ccaab9ea3e44bbcb
B07G3C19Y9,store_0636f715e713b1d1
B07G3FCHGL,store_41f081ea0b49d711
B07G3HB3QN,store_99f4ddc8ba02b043
B07G3J2MQN,store_28756abc599b16fa
B07G3M5CRN,store_850ad8661cdfb6b3
B07G3Z7JV1,store_55244a4d773f3592
B07G3ZJ49B,store_7ad85cccee1020b0
B07G43WHQT,store_d644218531b30ad0
B07G441LX6,store_40a820a59a82afa0
B07G46YFT1,store_024c9038de206506
B07G47VR2T,store_40a820a59a82afa0
B07G4FBWPR,store_2d163116ce188189
B07G4NXHLD,store_2458dd35df41f0bd
B07G4QFFYY,store_f0baaf131e815bec
B07G4VFCKD,store_ac7c3755bc58d78c
B07G4YN54Y,store_22df359bb3b96e01
B07G52YCJH,store_c0b3655864e01e07
B07G5933WW,store_dc409dce4bb43ed4
B07G5C22KS,store_59851e905b720855
B07G5JGHZP,store_dbf1ba8e2ccfdfdb
B07G5KYR91,store_ec6e612a33efdd5a
B07G5Q4CMT,store_288fb2ad1ee6db7c
B07G5Q4P1F,store_1d8c35398891bccc
B07G5R2KK1,store_7be2b24ea3e6cad8
B07G5R9BKW,store_0165688353ca8107
B07G5RVT49,store_7be2b24ea3e6cad8
B07G5W1K6V,store_6ca974b5a390afbc
B07G5XP5Z9,store_de482c9fc9eba551
B07G5Y39CY,store_c0b6989bd99d80b1
B07G5Y9GVB,store_8b657ce332b7d124
B07G631936,store_a734df93de047e81
B07G67RJJ7,store_942d2859c717c699
B07G6FTK91,store_24622d27c777ded0
B07G6HYT6M,store_24622d27c777ded0
B07G6K514F,store_54c53b9e6dca291d
B07G74D951,store_3fb7dc9aae6bafda
B07G759CM6,store_6edba294f7d77c57
B07G7B5G5W,store_a79a249f292e624f
B07G7GFGYB,store_d690282bc9d9b477
B07G7HRZ16,store_be669823e8f1dbcb
B07G7NTQ3T,store_8c547fa50d34a9dc
B07G7P7RGD,store_fac19e17ff271b86
B07G81SXZC,store_a12644038402d57e
B07G847MB1,store_70da38f0f5425044
B07G849Q94,store_747c7f2c004853c1
B07G8B2LXN,store_6b72f7d559736b74
B07G8MHVXQ,store_b2f89bea631ec9c2
B07G8NH118,store_c028dda8758ed0c3
B07G8VQ2D4,store_ea6807d1c201a124
B07G8Z77WR,store_706011b98f97c34a
B07G919R8J,store_78928044d5f97109
B07G98QK5B,store_5da9c86f5b14c4da
B07G9C4NLR,store_4e716279fb46885e
B07G9GWFSM,store_c3738c9e6dbb764b
B07G9LFSFH,store_ef2f0537f9a128ba
B07G9MZ6VQ,store_a7d7a34bb47cd614
B07G9QLR68,store_d793712da5448361
B07G9X2P5D,store_78004abfe8ac473d
B07G9X7NLW,store_7eccbda26b5d0153
B07G9YBXJB,store_bfef8be7e00ae3e3
B07GB1JHF9,store_96760dcd002d3575
B07GB2WPLN,store_9344be7fa6048c02
B07GB48JXH,store_4cb80f8bc832c491
B07GBHHTJD,store_a33feae98ee32fb5
B07GBKCB25,store_d793712da5448361
B07GBMD87Y,store_a37aeef6a07a238c
B07GC2LR37,store_5402765ee9bafbd7
B07GC51TYL,store_6f93b581d4820b65
B07GCCHQTB,store_c7c2b535f50ed9f9
B07GCJJ4HT,store_affd33dec31b0844
B07GCJZBZB,store_9c4049aef6c786f5
B07GCLCRXX,store_9c4049aef6c786f5
B07GD6ZFMR,store_23d1c156e8e6578b
B07GD9C8D3,store_faff30a7b98cf40d
B07GDD8CXS,store_947fbd381e5ec656
B07GDGCCBF,store_5c6f81de77af1781
B07GDK7H84,store_f4877e9387f6418a
B07GDL58LN,store_3ee58991e421faff
B07GDLSXZ2,store_583555236b7b677d
B07GDLYJ61,store_583555236b7b677d
B07GDMGHCG,store_aa311f5d28e1ea00
B07GDSV3R7,store_294ecdc998b67768
B07GDVK49B,store_19ad2a052e722f4f
B07GF4NJSS,store_99832fece78a348f
B07GF6MS6J,store_fdea31c929ab3fa7
B07GFC55BN,store_f600dbf81abc6af9
B07GFDNV3K,store_1ff9573cd9d00fe2
B07GFJ291M,store_43049d3970fb1e08
B07GFZCCBN,store_ade8bfe6a398402a
B07GG479G3,store_be669823e8f1dbcb
B07GGC31QL,store_28756abc599b16fa
B07GGH4M6D,store_274b9fe6ff093702
B07GGM9XK3,store_afa999d179090f6a
B07GGPX94F,store_07d052eb65c29f32
B07GGS5PRT,store_ae715e52c8d89325
B07GGSPSC4,store_22b4b91aded6a417
B07GGW98QH,store_6e72558ee42368ab
B07GGYR3LJ,store_89ca756ec986feba
B07GH5RQXB,store_d793712da5448361
B07GHBML67,store_a259c56bcc9958af
B07GHDLQR3,store_ae715e52c8d89325
B07GHR3ZTV,store_f73f3d3ae5755d92
B07GJ2JKKQ,store_bb3bb70ebd194c65
B07GJ2SSQW,store_14f0b9e2efd20eea
B07GJ2T66Z,store_6bbc55df296acd2a
B07GJ34TL3,store_1a9b4d29e3872188
B07GJ7W9LR,store_4438eeebbaa17d69
B07GJ88YVK,store_ad7f2e29a30c89c3
B07GJF11QL,store_1ed264bd624d49c9
B07GJL4D47,store_b96f93a5a331e142
B07GJPLBS8,store_99b531212830e4f8
B07GJWVWBH,store_a8db1349b44b2e3a
B07GJX3RXZ,store_e77668c1fcec4cb5
B07GK4Y1DP,store_e38e74287cf86c61
B07GKDR351,store_24ae7d356b42b20c
B07GKPCRZB,store_f396781096779507
B07GKSN7P2,store_1c32f0f65024f3c3
B07GKVMJKZ,store_65777a3f8ea06db5
B07GKY6ZLV,store_2d2bbb065c980b8e
B07GL2JJZZ,store_aa311f5d28e1ea00
B07GL44NGS,store_f4e5160d9b803c93
B07GLCBSHS,store_ea6807d1c201a124
B07GLDYHDF,store_f2b09da9d27dc2e8
B07GLN1BK6,store_d960d4afb1c78e06
B07GLZ73TC,store_eaf14a01af23a275
B07GMTP68T,store_54fde4dff04ca67d
B07GNCNYFD,store_83185650226243ee
B07GND8DT5,store_8ba64088dfd556c2
B07GNF6B9G,store_42284367b679e0c4
B07GNJVL4T,store_c8c966b1d88b4d64
B07GNYY6SK,store_b89ec9b15e21daed
B07GNZ2P6X,store_9d1934d017bf50b7
B07GP3FMSZ,store_1aabc161cde33324
B07GP5777P,store_0cbadd826fa40137
B07GP7GSK7,store_298121d66811c3bf
B07GPBC2KG,store_2355468015830dcd
B07GPQCSTB,store_13c98cd964629538
B07GQ8W27R,store_bfef8be7e00ae3e3
B07GQC1BYK,store_ecdb6dfd69ff6978
B07GQKPRKR,store_b3429272bf99fb6e
B07GQKT62J,store_6f83e3c423657652
B07GQVQ1V5,store_53933da5bde37e37
B07GQXXDDP,store_244e151a9a5c9f1f
B07GQZF21N,store_c4f4bbd10483810f
B07GQZSLCR,store_c6f6a05f9b23e833
B07GR8S1SQ,store_89ca756ec986feba
B07GRB3HX4,store_a6fb9ad4d1a0d702
B07GRD9XYB,store_946d65c1b13e3c54
B07GRQGQPX,store_4e716279fb46885e
B07GRQRM2N,store_e4b3d1fe5fc69fa4
B07GRR2VVT,store_0a47b896cbf3edb1
B07GRS74FN,store_0a47b896cbf3edb1
B07GRSDKPL,store_7ddd38615bf2cc92
B07GS6ZN3J,store_c3795ee0bfa21dda
B07GS93SMP,store_3e21758a7af3d90a
B07GS93Z7C,store_a00b27378a09822d
B07GSCTQCN,store_64c92173a4bbfa73
B07GSDKJD5,store_fe3502b3c3d67252
B07GSF41R1,store_a24da1635e76a44d
B07GSG5RVR,store_932be24ea83f9d07
B07GSGSVYT,store_1a8668b1b0855f03
B07GSR2C18,store_38bb0444c1ac32d0
B07GSRDFKZ,store_e243b60eaaf0bdfc
B07GT3YQPR,store_f4145289c9a523e5
B07GT64HMP,store_67603fe748626df9
B07GTK9C8N,store_e29585ea6e98bd1f
B07GTN1VG8,store_f31d5f0f4123fdfd
B07GTQVVDJ,store_b8cb3e057772c5c7
B07GTZ6PBF,store_4ab84a917f3551c0
B07GV1ZKZ5,store_4ab84a917f3551c0
B07GV42CXZ,store_a40790b29c4c0229
B07GV6K2FB,store_6349ea63c2b2ffe5
B07GV6ZGNN,store_ee4aad42aeb6feb3
B07GV72DXM,store_33f2df2eef7c55f9
B07GVBGRD8,store_8b3256c890e46ea0
B07GVFYY2T,store_733b78db8ae01291
B07GVHZ89G,store_1b4bccbc195cd75d
B07GVKFYDN,store_510d8b132fc6df69
B07GVRDDDG,store_0edea469ba57d96b
B07GVT2NVH,store_894ce439ce6eec6c
B07GVTZ1CM,store_f5a00aff815bb263
B07GWF1NY2,store_85a45301bd4091cf
B07GWRFY1H,store_2e40b3310df1d63e
B07GX2MR8V,store_b6babbb12418e102
B07GX4PJ7S,store_bf034fa6f0243f45
B07GX63M9C,store_6ec30a07da66d8bb
B07GX9RZNZ,store_1a42f44f013b082c
B07GXBBQHZ,store_4ff8fab1273e5bb1
B07GXC9Z2J,store_98d44e2cc2b2ca85
B07GXD9X25,store_428c242d0adf13a1
B07GXK5B46,store_ef366aedf4c6dd1a
B07GXKHN8Q,store_ffe962c44898a5be
B07GXKNR9C,store_ffe962c44898a5be
B07GXX6S1Y,store_c8c7499ff73b21b5
B07GY1ZDFR,store_b65fecc1d2e6a290
B07GYKXG62,store_25b3123495429833
B07GYR9TRX,store_282d4c717424f7a5
B07GYS36DB,store_fc0a8d9a5a68ba91
B07GZ4JX7S,store_dfee2fb462bbb285
B07GZ7W6Y3,store_3c8495a809afe8ed
B07GZ9CLTC,store_b996c37e74a8c6d0
B07GZFHHM4,store_dc409dce4bb43ed4
B07GZJ7B7K,store_0d4aa955f94837c0
B07GZSZSCB,store_082553f13fac9a12
B07GZWJ7KQ,store_1bb90ade01a7c2ec
B07H164FQ6,store_9747dbb8067a164f
B07H17G17J,store_50797091d673c190
B07H17M8P3,store_e3b55aa032837e7c
B07H18FWC2,store_6723103c0e20132b
B07H18QTMN,store_3e7ca7c973fa97e1
B07H1CQRBC,store_2124037ca66a33c1
B07H1HM6X6,store_38725f84a104c3f9
B07H1HVM8Z,store_a5d7e7b6bab2e72a
B07H1J7PH7,store_acd4724e894c2bc9
B07H1VM5XX,store_b471886a88e83864
B07H1WGZY8,store_7e1187a273331931
B07H1YK9J7,store_df75f93c5ad46945
B07H21MQ2H,store_4698a6bb238b6a67
B07H24ZBWK,store_11bbc37bf11c0fe7
B07H272SXM,store_f746c29da6938a5f
B07H2D74PM,store_990997ab11541c8a
B07H2F1DND,store_36518c210e682dd6
B07H2MDXN1,store_b31b6807d99d7a50
B07H2P13S9,store_1540080d830e4513
B07H2TR8R3,store_8d2c28015712d027
B07H33DXMZ,store_2e261dc5454a7553
B07H36LHLC,store_2e40b3310df1d63e
B07H3BD7ZG,store_473885c383f5a335
B07H3BDVGK,store_18cc0b9d893b6de0
B07H3D9RCJ,store_335d34c9ca55d91a
B07H3GSN5W,store_8dd9c13dab6df01f
B07H3NL2JD,store_940cccca655fac2e
B07H3P59GV,store_ce2935eb7d38dc9d
B07H3P91LC,store_57bed93aec59a335
B07H3QCB3Z,store_752275d54e29e1aa
B07H42MXWT,store_4d4df9d6a700933b
B07H44DC49,store_f0bfb77414310f10
B07H44H9TH,store_9e19248bce982e64
B07H4C3TPN,store_9344be7fa6048c02
B07H4D35NF,store_9344be7fa6048c02
B07H4KM6Q3,store_dc409dce4bb43ed4
B07H4NLQL9,store_8b540306b3e7e0bb
B07H4SJ671,store_9f681880033dd9b8
B07H4W7CH3,store_7d961e2a4b3eb6c4
B07H516HD6,store_4178edd7276c1781
B07H52VHT8,store_f82a1cd0cf335bee
B07H53Q8HT,store_da9e4dd058e0af9d
B07H5673NB,store_0b2e636cdcb4996c
B07H5HC1RX,store_20212be87c0eb953
B07H5VPF9K,store_96f2ddb92fe23b50
B07H687JX6,store_9b5ca6aaf29e69c6
B07H695PF5,store_9107d264f4ef2446
B07H6CFZL5,store_cea5bdbfd9ca8760
B07H6GNCHD,store_cea5bdbfd9ca8760
B07H6LR488,store_f960a8e7099917b9
B07H6N2SWH,store_1e133a68070e3180
B07H6PN297,store_49e547a993d682d0
B07H6VGF6X,store_96f2ddb92fe23b50
B07H6Y9HZM,store_2780166c3a0f1e97
B07H78GH8D,store_1ba76648825cd54d
B07H7FRN3D,store_e5b790dedec042b4
B07H7HW5DD,store_1f1d9d1220be8ab4
B07H7MCYP6,store_a90e9b02609917f2
B07H7VQ8JW,store_9056f833da38e444
B07H7W42RC,store_400ebbc9fce2b336
B07H82GDLH,store_8016ded5916caba1
B07H88L8BZ,store_c0b6989bd99d80b1
B07H89HFGM,store_92e45ef52bb17ac1
B07H8J2JCT,store_46f1bbfc12033c6f
B07H8M2ZZR,store_175fbcb8a019444e
B07H8TLFKX,store_7be2b24ea3e6cad8
B07H8TQCJL,store_1b18e67719c8ed9c
B07H8V7QJH,store_7889ac872ad55006
B07H8VF1WT,store_da4dbffcb31d7ff9
B07H8Y5QT2,store_5077bc6b9c85c918
B07H8ZJDKG,store_c3795ee0bfa21dda
B07H924BCV,store_d773935e161f41d8
B07H94414M,store_3f75b0786558264f
B07H96RVMC,store_9185a8dda46e1360
B07H97T11T,store_1b01d75c14fc47af
B07H9B4S5Z,store_7ef8fea89e47ad81
B07H9BCPPC,store_a90e9b02609917f2
B07H9MJPLC,store_4726821459424268
B07H9N3V39,store_ee7febca9951efaf
B07H9NW9Q4,store_ebb9ddf6473da4b8
B07H9ZLQ95,store_18c02a2c9460424e
B07HB2Z1N8,store_a99bb5f9e67326d3
B07HB8J85S,store_6ba46138474f8ea2
B07HB9ZRQY,store_c3795ee0bfa21dda
B07HBBWJLJ,store_c98f5af7e38ed53f
B07HBDC97V,store_45e14d556e94d214
B07HBQCDLH,store_a28a3fff2bfc9f14
B07HBQZTNQ,store_843ac6335e8efcf0
B07HBV6JGH,store_c08f6443466294cd
B07HC7FV91,store_c2136c9f18ccf852
B07HC8T5PF,store_e61c00e47e6b0bee
B07HCB4MW4,store_3a3a0a273af8bb24
B07HCHKFJJ,store_bf0f345635b2081e
B07HD5GVH1,store_92618305c9fb7f41
B07HDFV5RP,store_4587b211e48ea418
B07HDM7ZLW,store_280786784df66075
B07HDWJWVC,store_6c5116703e89f994
B07HF487QT,store_a3ed2bda08f0266e
B07HF4N7M9,store_40a820a59a82afa0
B07HF697MF,store_b953e97a79c84b05
B07HFB5WFS,store_92f8ea6a70ab1c0c
B07HFCNM6X,store_d14eb3d1effe5bff
B07HFKQX8G,store_2e40b3310df1d63e
B07HG1JFFW,store_a3b2ffa52d7c8855
B07HG1SWB5,store_a3b2ffa52d7c8855
B07HG46D5S,store_d020f82f1fc7bfe5
B07HG57K77,store_2dc3e1bac9eed0e4
B07HGHYNQY,store_c4e7ac099dfd65af
B07HGZ3XHC,store_5d094725272c7b4e
B07HH18JK6,store_ea7251ff024b9e6e
B07HH2GS8T,store_cea5bdbfd9ca8760
B07HH2SFJ6,store_18c86bfeaef333eb
B07HH458B6,store_84273684212711ba
B07HHCHF7Y,store_e1db1d0fd65017e8
B07HHVVQZB,store_79de5c803e3df101
B07HHWP6YB,store_f171afb25eae81cd
B07HHYTP8L,store_47c77e4b1f41b803
B07HHZWPLW,store_0a47b896cbf3edb1
B07HJ13MSJ,store_9344be7fa6048c02
B07HJ5WKTL,store_16b3cd681116ee2d
B07HJ7FWGM,store_9e19248bce982e64
B07HJ8155K,store_32b1bdf519deb1ef
B07HJD1H2X,store_a7d14223d259ccc6
B07HJFVXV1,store_b28e609be9745d66
B07HJFZ12S,store_a0773260a60602a6
B07HJHZG87,store_180dac0b95af00d9
B07HJSP83Y,store_f179e8bd53b1aab4
B07HJXCN8Y,store_24ae7d356b42b20c
B07HK912DJ,store_f51615c8f260e8af
B07HK9DY4X,store_5787868d5a7e7d4e
B07HKGKXLB,store_5b62519056b82ee7
B07HKHPJNB,store_d32952c0cfbb587a
B07HKKFT7T,store_d36bb08f800a8cca
B07HKX1C8B,store_5ca1c2b2a9af1d92
B07HLC1JWM,store_1cddb93fe5526d87
B07HLJ4V9R,store_70cc953c55d32bf8
B07HLT11YM,store_082553f13fac9a12
B07HM897DD,store_a86b3dacd32fe022
B07HMBN23W,store_ad68fcd96e5cda05
B07HMHG67H,store_2a9d28e47fdb8aa8
B07HML88J1,store_a714bd5f4ef5f15e
B07HMLW4ZV,store_a3b2ffa52d7c8855
B07HMQQ97T,store_a1a9dc7eb04b6adf
B07HMZB935,store_c96b177e1b7cc95f
B07HNBWNSL,store_02b315d450f01bd4
B07HNDWQFL,store_d72682f5b6fe9c40
B07HNGM1FT,store_d81f710e8bfa2f85
B07HNJTNQH,store_54a6337a72ee8d30
B07HNN8RR2,store_de31afbce96f819f
B07HNSGDJ1,store_d9da169a330fa728
B07HNT2ZYG,store_6113aa4e7b1ddb96
B07HNTJ4VJ,store_f9f9bb8dd9ab3660
B07HNYN4T2,store_a93e721e60ef5185
B07HPC9TLX,store_be0adb294b295df8
B07HPG71RP,store_d347c9daada96d9e
B07HQ252R7,store_ed2f7c8b9056636c
B07HQ36XYS,store_3f5542b99d5552dd
B07HQ4YBSS,store_b2f89bea631ec9c2
B07HQ6WM8D,store_3f5542b99d5552dd
B07HQ7DMWJ,store_c559726c1198ca56
B07HQJDGXL,store_17e252f3307867fb
B07HQNVRRR,store_938bdaf77ccd8a37
B07HQVZ397,store_74443e0906118674
B07HQZQHXT,store_ecfad4194aedc826
B07HR15GMJ,store_82641a91181bbf18
B07HR6HZ6Q,store_f46c2d8a8dd7ae2c
B07HRFSGZQ,store_c3795ee0bfa21dda
B07HRY6DZT,store_957ee66bf0ba0dee
B07HSQ7N8V,store_7421686183f65339
B07HSVXPVW,store_65164f3ed3dae5a0
B07HT2SN5Y,store_3c92d854e7d3a708
B07HT698Y1,store_3832d8b57ab76a6b
B07HV42C4L,store_3ea055fb61463a0e
B07HVD1ZYV,store_1e33301252334894
B07HVPHJJK,store_54a8445e42535513
B07HVQKH1H,store_a40790b29c4c0229
B07HVRP37G,store_7e14b66a3b51f7e5
B07HVSQLPR,store_3406708933726dc2
B07HVTXCJC,store_396dc0504d2f514b
B07HVXMYHK,store_b0e19d691e008f70
B07HWJT68B,store_273f6a080ac652d1
B07HWPN9P8,store_17cbf148e07a9463
B07HWQ7YD7,store_d6403edabad39785
B07HWTDQ4W,store_ef087f6d14481588
B07HXN28YP,store_6d1cb8de260e4726
B07HXRFZQL,store_b1e2b869e8353e5d
B07HXWG5SP,store_d3e31046c7f523dc
B07HY2QWTF,store_c3795ee0bfa21dda
B07HY9QT12,store_ff99d8fa0712c332
B07HYC5RYC,store_347ead6348e93650
B07HYF5F78,store_d793712da5448361
B07HYHGWH4,store_379784e41c3d7dca
B07HYP9VK6,store_3d64c6ed9deb0e42
B07HZ2GTWC,store_c3795ee0bfa21dda
B07HZ4RWB6,store_555e0d82ecb4e707
B07HZ597BH,store_9ed4eefbdfd0c3f9
B07HZ7T1SZ,store_b219bb038b4b44f4
B07J1K69M4,store_b6d7d26e11ebbabc
B07J1X61F6,store_bedbe09496339f07
B07J1XZ27C,store_082553f13fac9a12
B07J21B7WK,store_3024389b08fddb73
B07J2DL99M,store_4516f74996899a72
B07J2F5V1Z,store_affd33dec31b0844
B07J2FSNT1,store_be7eb92590f4bc16
B07J2G3YB4,store_9731e0c7ff10f616
B07J2G5V5L,store_802750a4baf5f38e
B07J2G8D5W,store_802750a4baf5f38e
B07J2LDRZ3,store_802750a4baf5f38e
B07J2LP3B8,store_802750a4baf5f38e
B07J2RN4KG,store_ee4aad42aeb6feb3
B07J2S28B4,store_531ad0feba4811c6
B07J3H27BJ,store_c45420cabb708140
B07J3X532T,store_1e7152e1ea4a1a16
B07J49V3H1,store_04d8a00add12f286
B07J4DJHJW,store_c3738c9e6dbb764b
B07J4FMLYH,store_9821d8bbe19462d6
B07J4MLTFZ,store_12231a691945bde5
B07J4S16ND,store_1992f4b76dfdaa3a
B07J4VQVVY,store_d0028a5ed258e510
B07J4WF8SL,store_d7d4ce8b2d089754
B07J5DDR1M,store_f3e2e9bb209c90c6
B07J5N3GSL,store_0e0b6b32bbb54591
B07J5QPP6F,store_28756abc599b16fa
B07J5QSHXZ,store_0e0b6b32bbb54591
B07J5RGMT3,store_206e5e5efbf36cc7
B07J5VVXLF,store_0b2e636cdcb4996c
B07J5Y8H5Z,store_0e0b6b32bbb54591
B07J67BJD9,store_e0f905de915cb37d
B07J6N9DGX,store_89ca756ec986feba
B07J6NXBQN,store_8b06d376f404a8fa
B07J6QVDYR,store_35382a9a3ecbdf70
B07J6RXXD3,store_40d0c33149017ed3
B07J6S3WZC,store_d53334290286364d
B07J6S4F59,store_82641a91181bbf18
B07J6S4LBH,store_bd07492e3ecf21b5
B07J6SMBNQ,store_0e7ae82af2f452f3
B07J6TVP7H,store_0e0b6b32bbb54591
B07J9LDLTL,store_b858a87c07b04c45
B07J9RPVD6,store_c98d1d341c93cc21
B07J9RTRCR,store_598093f4a57058a9
B07J9YH7J4,store_74eb75c8c23be8eb
B07J9YV89W,store_ff640880e9328beb
B07JB553ZB,store_431c578c9922a3d4
B07JB7PB7S,store_40fc59f0c5510ef0
B07JB8KQF6,store_3f110ea2fe087c2c
B07JB91HQM,store_ab5e52944720efb1
B07JBP4P6N,store_182b0fb01fdd9261
B07JBQZDKB,store_a0773260a60602a6
B07JBXY1JX,store_f3e2e9bb209c90c6
B07JC3NQ6W,store_3a18d23cc61a334a
B07JCDP7KV,store_dbac1f7e53a485d8
B07JCJQ1Y8,store_8b749c24e641da3b
B07JCR7YF9,store_6b08c3411fedf4cf
B07JDBGBVN,store_e2345109fc5ee6fc
B07JDDWWBL,store_94b0b284720dbfcf
B07JDJCW4B,store_0c015f0691354761
B07JDKTKPW,store_9d955ca41c3723db
B07JDPKZTV,store_0c36c53e7079593b
B07JDTN3V8,store_bb104e4b01807eb9
B07JF4C4C2,store_0380dcd8bcc890ef
B07JF4FJLR,store_aa311f5d28e1ea00
B07JFGNBLF,store_9d9c93d8eb55db60
B07JFSLR2W,store_c32863b0f62830fc
B07JFW5YH8,store_52cc97afed413acd
B07JFYX2LN,store_9cd54f7828bd891a
B07JG4CTRG,store_d793712da5448361
B07JG4PXT3,store_22e2ce78cbc9b89e
B07JGBN63S,store_f853f029838dab65
B07JGD2T2J,store_19a0c7cf55cfb411
B07JGF25CP,store_4c31cdcca5450398
B07JGKJKQV,store_2e8fc50489898468
B07JGMHY4S,store_f5af849f4d8e5f18
B07JGP29PQ,store_ed2f7c8b9056636c
B07JGQMXZ8,store_f16f3a00ff3a8934
B07JGV7CV8,store_fc1fbd5e88a3a073
B07JH79FM5,store_fc4a4bca4e5dc986
B07JH7JPMJ,store_28756abc599b16fa
B07JHHJXMG,store_a31760f52271fd11
B07JHMBGGS,store_07cb6da14b83f2b0
B07JHVCJF8,store_56a4f78ee2705e90
B07JHVXC4Z,store_82b7d0840a223958
B07JJ9NFFH,store_667b16f18b539968
B07JJMYC9T,store_ed1e3a52503c97c0
B07JJP1BW3,store_4ab2565918c183a6
B07JJT5347,store_7092ca5fe95b556d
B07JJZ68N6,store_7092ca5fe95b556d
B07JJZ6H3Q,store_92b806b0f4bc04e0
B07JK2SZS1,store_2e7595c638d56695
B07JK3WQMM,store_f3e2e9bb209c90c6
B07JK5RHMV,store_f80e3c15acce6320
B07JK9DVLL,store_ef366aedf4c6dd1a
B07JKF8M15,store_a24da1635e76a44d
B07JKL5R67,store_9dd50d30e2a47feb
B07JKM4H2B,store_bb188f074ed7bb9b
B07JKTCWTX,store_48de0fe63adfc8d3
B07JKXCKWL,store_598093f4a57058a9
B07JKYKNQQ,store_0380dcd8bcc890ef
B07JKZ9W8G,store_038cc8c242011257
B07JL55SRY,store_dc7636aed30693ee
B07JLHXQ9M,store_96e4d5795026b8f5
B07JLKW6W7,store_c1ed6324f367572b
B07JLYNPCV,store_885289655a778aa2
B07JM9L5B9,store_d793712da5448361
B07JMJ27VP,store_206e5e5efbf36cc7
B07JMMGRB1,store_1eb7b329b83a088a
B07JMNTB3K,store_bfef8be7e00ae3e3
B07JMP486Q,store_81d03fb92695ae52
B07JMVZ9CM,store_23d1c156e8e6578b
B07JMWZGHR,store_51b808f84924aec8
B07JMXP5PH,store_f22c572e98a41848
B07JMZ9XZ6,store_49a1e7ecafe82fb9
B07JN3XW99,store_9295b11b81b0a29a
B07JN4LKJK,store_1c86c5eb7395e995
B07JN55KC8,store_2124037ca66a33c1
B07JN7C7YK,store_6fc468873b9617a4
B07JNFCM9M,store_2e68c2ee1a07065d
B07JNFJSGS,store_59a6e9f2278a3bfa
B07JNH4QWC,store_e739c697debedde6
B07JNN8F5W,store_2aa541ffbf852484
B07JNQMLPW,store_e053f8011e43085a
B07JNQNDR6,store_7e19b8811f3f2244
B07JNTGFF4,store_29519d785c6fed95
B07JNTHSBS,store_2ea6256801d232f3
B07JP6K2J5,store_34c8af6491179092
B07JP7TZYT,store_6eaf67e219642c29
B07JPB5R6D,store_7ebf0632f66c386b
B07JPZGPTV,store_bfadc4037ecde184
B07JQ136H9,store_139777b86b70b992
B07JQ1MKRG,store_d44586ba4e244f9a
B07JQ225ZM,store_8bcc2e551dc5377e
B07JQ6Y3S3,store_a14c04cfb4f118d6
B07JQ8KW3D,store_e9935daf7bedab4b
B07JQ9YGCK,store_7421686183f65339
B07JQGDBCF,store_a1a9dc7eb04b6adf
B07JRHQWLH,store_de0b709afc5341d4
B07JVMD169,store_789f6311adc6c447
B07JVMNPBD,store_cdbeaa3875b95d8d
B07JVNTL2C,store_4083510f76f7bc81
B07JVPF7YZ,store_4d52c56a68b3b491
B07JVV8K45,store_403be7685ab5876d
B07JVVRPJS,store_0e0b6b32bbb54591
B07JVW6ZTF,store_6b08c3411fedf4cf
B07JW6ZCXP,store_cb6824d933c3df84
B07JW8WR1P,store_88a57a96878d0407
B07JWGD7PR,store_b1d90a4699e00932
B07JWGGLYT,store_1be6e01b7664d230
B07JWHVS98,store_667b16f18b539968
B07JX82D6X,store_0433b4dfb03d3f74
B07JX9R5P4,store_72a805da32b497a3
B07JXYKD43,store_f00312f296ae4f65
B07JY88PR4,store_4e83a3f0db29a858
B07JYBX8SK,store_50899b2f115bc42c
B07JYF2DKD,store_0dd62cd904fe2df7
B07JYNQHZC,store_c5c8066d458ef32d
B07JYQMGL3,store_d8927693a786ddb5
B07JYS135T,store_390351d2fabb9535
B07JZ11Q8K,store_567b1ab2fd67b1d4
B07JZB5BYK,store_89b274de641edfe2
B07JZFPCRS,store_8f0b9ae4da64d254
B07JZVMLDM,store_3ede9a7854cca925
B07JZZFGM2,store_33b4b9d78d7f2e99
B07K16RT42,store_b8cce3899d9b5cbe
B07K1BK8Y5,store_5bdc9ee3cd719ed4
B07K1FGTLQ,store_f95294da59a94b9f
B07K1JC9HG,store_7d1f8f911da92c0e
B07K1LWBJH,store_effbf9e5fc93cb49
B07K1MJSS8,store_7835f490a199eec4
B07K1QLXVG,store_b27395661d2dde22
B07K1SHM18,store_0c0cd9414158e2cf
B07K1T9TQV,store_87219cc92e586f30
B07K1TG3FH,store_3c269db0863fc934
B07K1TWY42,store_b27395661d2dde22
B07K1ZVKJR,store_5eb8875251f6f052
B07K2C9J2T,store_9e19248bce982e64
B07K2GH126,store_51a426d6565f30ed
B07K2JQLRC,store_e226af26decb6868
B07K2PMRFG,store_55244a4d773f3592
B07K2QPNCR,store_a7a18a04d5014a01
B07K2SM4JP,store_427d8b360123c91e
B07K2T6CFX,store_f99e9bf31f2531f2
B07K2TNXVX,store_88cc4484560c02ec
B07K2VNYG5,store_625957958ef48f74
B07K2WZ69W,store_bc3c1768ace08fc0
B07K2Y4ZGB,store_3f75b0786558264f
B07K37J5M7,store_99832fece78a348f
B07K3MK4B5,store_49f768a17b29244a
B07K3NVZZ2,store_41af03ebb8159dad
B07K41QCQX,store_5cf687102cbb7e27
B07K43MGDV,store_2f8b75bc72494817
B07K45R9LR,store_c89a4c6ad642e464
B07K46154L,store_e6b9263d56838de3
B07K46DL83,store_c1442e799cc09ab2
B07K4GZQDY,store_fc4c850af5372781
B07K4XLFC5,store_a672dc8ba845dd3c
B07K54JG86,store_f8f6db1b45b1280d
B07K5559YF,store_11ce522cd6d72c70
B07K5KKQPZ,store_8db840be620ff8f8
B07K5ZC1ZR,store_769558b18f5331bf
B07K67XBNK,store_e12177d6583cde97
B07K6C1429,store_6faf8698c0f8a6a5
B07K6D3D8P,store_952d40025fe665da
B07K6DL9KW,store_125bc916087fdf58
B07K6DMX1T,store_125bc916087fdf58
B07K6FBWQ4,store_8b63a396e6a249ba
B07K6FKJPL,store_69e3e207b933cbcf
B07K6GHXYD,store_8b63a396e6a249ba
B07K6GKN19,store_8b63a396e6a249ba
B07K6HT1NK,store_7940428491fecfa7
B07K6JGZJB,store_7940428491fecfa7
B07K6LFQ3V,store_1f11c8bca6b58a87
B07K6NQBS3,store_d655c06c5d853d52
B07K6R7JH9,store_ddea2da44579c6a6
B07K723BZR,store_b30daa7a7138bf91
B07K78KXRK,store_eb5265303aaeba7e
B07K7CZJS3,store_0a9bc4ef1b3ece52
B07K7JKDPR,store_3ea5a64673d87398
B07K7T1XZ3,store_495657d84b2e04c2
B07K7YGRDX,store_b69a601bddd8285b
B07K7Z7HYB,store_43fa201022ff89bf
B07K84K45Q,store_d9976547975b3179
B07K85DQD7,store_74ca461f4d602c85
B07K87S4KH,store_7421686183f65339
B07K8C8LRL,store_77cf0937e0983de3
B07K8FMSQV,store_4d52c56a68b3b491
B07K8FVDXP,store_940cccca655fac2e
B07K8GWJCP,store_1882f024c95e9421
B07K8KVDYK,store_df73b3c3a25ab656
B07K8Q4QZX,store_6f3b2f146f24ce13
B07K8QD282,store_7b5e05441d10463f
B07K8WFJLH,store_61987063fc389eb2
B07K8WQQCL,store_9a65506e0e9d3381
B07K8WXL9V,store_bfadc4037ecde184
B07K8X5VS4,store_a0f1490a20d0211c
B07K8YV7HB,store_570d6ee5b91b9a91
B07K8Z8WYG,store_bfadc4037ecde184
B07K9K679N,store_ff640880e9328beb
B07K9KDWB3,store_ff640880e9328beb
B07K9LWDV2,store_7092ca5fe95b556d
B07K9TV3LT,store_5a80d97900a16322
B07KB47L5F,store_558e8744bf4641e2
B07KBG8CR5,store_62193fc89f63831f
B07KBZ41QM,store_dccec462fd0b5028
B07KC13VPL,store_76050be6cc14001f
B07KC7NS6W,store_f6aa5059d5126630
B07KC7ZZ3M,store_db6da1df5beef1ae
B07KCH7SHZ,store_26660df5479c25e6
B07KCJ2X81,store_c1d35fbe493f15bd
B07KCJ8RPC,store_18f62a0762b86797
B07KCL1N51,store_5a345cad6d8a9fb8
B07KCQPBXK,store_767bb4c975b7a991
B07KCRZ4WV,store_d9781c745672252d
B07KCX3GY5,store_93fb156451a715e5
B07KD6XFQZ,store_d111ea34f78463a5
B07KD7T3J1,store_064791d16f974d72
B07KD7WDT2,store_13818a5684a7ed4d
B07KDBGV4V,store_567e50bf680adb34
B07KDS56ZT,store_3fcef95eeb95dd85
B07KDSV1NY,store_94c9023b24ae79be
B07KDYT8XY,store_b128a0978bc1117b
B07KF1C88P,store_522da0a9250aac1c
B07KF6276H,store_60bad233d6b2b3d4
B07KF8B569,store_2cee0a92bbdf2e1c
B07KF8Q15D,store_cea5bdbfd9ca8760
B07KF9CM51,store_2b40558f9b5f5ef9
B07KFC9HDN,store_74ff7d0c1db89957
B07KFGWC8S,store_4f4b87c8d8690248
B07KFHBV4P,store_9e72558d7fee484c
B07KFNG3KZ,store_35b9ab7174544124
B07KFPH3S7,store_5e5c3370ad8476dc
B07KFRJYPJ,store_afec7d57a8fc4121
B07KFRL2Q1,store_6907551d61871abe
B07KFT2G9C,store_6907551d61871abe
B07KFV9GXF,store_9ad169bd5b169f01
B07KFZSRYG,store_abf05082ab5b961c
B07KG12715,store_f08a2d365bed8375
B07KG1TWP5,store_d8687f94cb22db7c
B07KG7J8N3,store_942ff9457828ce62
B07KGHL397,store_d3193b395fcb550f
B07KGHWJXB,store_e5733ad4424bd03d
B07KGK8BFG,store_5af00b1c4fcd6960
B07KGL3BTC,store_85f857aebbaa4c60
B07KGLKNB4,store_1be6e01b7664d230
B07KGMG12Q,store_960ed68e4da67b21
B07KGPH8QV,store_8864d87983bede4e
B07KGQ5ZSP,store_4539ff4d6af2c095
B07KGQ76M4,store_f9f9bb8dd9ab3660
B07KGR63N6,store_8864d87983bede4e
B07KHJPLLB,store_28756abc599b16fa
B07KHKMY27,store_9d2871c02c459430
B07KHPL1TH,store_a0a399a3139ab864
B07KJB2WS4,store_5aa09ccceea79666
B07KJCBTM9,store_192eca60abc597a4
B07KJY2VGR,store_32316ae4973981fc
B07KK139SJ,store_d8dee065cdf1535c
B07KK15XWP,store_cb7cb23150cd4ce5
B07KK8C9TB,store_be8551107fa7eb6d
B07KK9V4RD,store_60ffdbd7e89cabf1
B07KKD84SN,store_cea5bdbfd9ca8760
B07KKGLYLS,store_2e7595c638d56695
B07KKJZQTF,store_10e2fe2ba3f6f6e2
B07KKKCSCB,store_ce66b043ed6a61ce
B07KKMNLSZ,store_c05fc6a5ee6bae92
B07KKNPMQ2,store_207a8db40a17c420
B07KKNSH92,store_207a8db40a17c420
B07KKPG774,store_d793712da5448361
B07KKT242P,store_f133b1380acb5ada
B07KL5YNNS,store_dc391dbc6111e82c
B07KLMKTYW,store_dc391dbc6111e82c
B07KLR7WL1,store_ad35caaea5153ee2
B07KLX6RPG,store_cea5bdbfd9ca8760
B07KM2GWYV,store_bd9094eab00d24b0
B07KM31FV1,store_36fc559672b114b4
B07KM33WSV,store_6d1e50f7e3e7a282
B07KMC2S9L,store_a0773260a60602a6
B07KMDSTJW,store_22f09a0bcac97d77
B07KMFK7JW,store_5ef2783b40b0b29a
B07KN2HQDR,store_27b2026b9062c177
B07KN53HVT,store_997adc836efa6ea6
B07KN5T2PC,store_b77ad0c6c61a4184
B07KNCKPLM,store_8e7dd31f3be5033c
B07KNHXJN5,store_d33c14bf420dbd98
B07KNKCQ31,store_eb1a74f9f8d6509e
B07KP2KT13,store_d0ae272cca832fa8
B07KP3WTFF,store_45dcdf7edc338aaf
B07KPHRGFV,store_f0ab624438349745
B07KPQC216,store_a31760f52271fd11
B07KPQGCZW,store_e15d3acb85fb7b67
B07KPRSM6B,store_258ffaea87ee1d17
B07KPSNJNJ,store_555e0d82ecb4e707
B07KPWYB6C,store_d54d6343472c0150
B07KPYLS2P,store_2baa6b53c32c8e34
B07KQ1T9B8,store_5bcd6e2d9d7ed8d7
B07KQ2LCLQ,store_8717c24d0711347c
B07KQ4XNDV,store_37ddd3cedfbb8cf5
B07KQ6GD2B,store_0e3b28fdf588e4c5
B07KQGC8YV,store_3dded1e4b9225cb7
B07KQGN4J1,store_c508edf64f72c563
B07KQGSCJN,store_3dded1e4b9225cb7
B07KQLFXPM,store_096b20d99b209012
B07KQMYKJT,store_0761330c0681dcf7
B07KQSD5W1,store_be8551107fa7eb6d
B07KQWMJQW,store_b27395661d2dde22
B07KR6J4Z3,store_438f4f9fdb85b4bc
B07KR78KZ1,store_d33c14bf420dbd98
B07KR9MTFG,store_28a870dda90c08f1
B07KRDGDBK,store_db01d5caa04dc3d2
B07KRMVX4Y,store_403be7685ab5876d
B07KRN5PTB,store_6a240db5444f3290
B07KRQBDL1,store_86e44d671ce841de
B07KRQN1F3,store_64d1f63446261784
B07KRS235P,store_f6b01001c7d4f284
B07KRSN2J1,store_c5f3ed834c302ea8
B07KS4T1ML,store_b1a6d656f1a14ef3
B07KS6Y9B2,store_9e10a2bd8ab8aa06
B07KSP7LJC,store_335b3c3288ef0988
B07KSW7X5G,store_baa0000d5027f22e
B07KSX5XRW,store_a309ef2cbb39c2dc
B07KSYJ5X2,store_261f84145e5e3191
B07KSZKHR8,store_29f2ff95e7e5a519
B07KT86LQ2,store_4523374a1181c453
B07KTMJTJC,store_28756abc599b16fa
B07KV31WDS,store_110a7330c49ae0c5
B07KV5L538,store_f1d4a0f7d1d085a8
B07KV8L79S,store_3b71e2a18b2fee4d
B07KVG6QCV,store_76ca640f28e28432
B07KVKH4L7,store_f5abfd4e20f86902
B07KVNF31J,store_41569bcc73d086b3
B07KVRTM55,store_0f67e09af3d39e08
B07KW17R5B,store_55bcb83bf5620ecc
B07KWFWRRV,store_1d869a6cf7eef079
B07KWJB4NY,store_a40790b29c4c0229
B07KWK63PJ,store_789f6311adc6c447
B07KWKCGFG,store_35f3c0f0cef5e9dd
B07KWKVCMG,store_35f3c0f0cef5e9dd
B07KWKZT7K,store_a5cd1eaa575ed198
B07KWLBY9H,store_9ed83cf58e1b2dc3
B07KWSBT8Y,store_ca5053728c9693ea
B07KWTQG79,store_b1ee4910d16e969e
B07KWXWV78,store_6c99dbcd50724fbd
B07KX62HT1,store_f5abfd4e20f86902
B07KX7G6WT,store_1e9a7fb597e7e710
B07KX9TN5Y,store_bd8fcc379dc56c11
B07KXDTF6F,store_e739c697debedde6
B07KXHQRJL,store_62f5d838cf290527
B07KXQGRSL,store_0505f3b79f359657
B07KXQW679,store_9702b3775a822966
B07KXV8Y6W,store_b268286ce73d8036
B07KXVGHTV,store_1b3082c97bb68bb8
B07KXVLQK3,store_1b3082c97bb68bb8
B07KY3LM76,store_a75fcfa936fd0280
B07KY41SV6,store_55eef0177fb7af09
B07KY94R13,store_d96d7a5360564adf
B07KYGVHJ5,store_1e3acad24c13bea8
B07KYHBSM1,store_2aa541ffbf852484
B07KYK3RYL,store_42fffb86e3b8df51
B07KYLLX79,store_c3e5fa4b8032ac7f
B07KYLZCKB,store_4b2ddaaa9752d515
B07KYP5J1K,store_784c1f9eae49f16c
B07KYSTVFP,store_1a2ff67a07161267
B07KYWXBDZ,store_15159f0096a72366
B07KZHR2V1,store_7d05aac85c500f84
B07KZLM6JT,store_cb6258f40361751b
B07KZT15T8,store_67dffc2038157ba5
B07KZWH65L,store_3571c5067abe7591
B07L16WJDR,store_54a593121f95d070
B07L19P8Q9,store_4bcf7ee7b1215a03
B07L1BQ12Q,store_7768fd6d5ccb68c9
B07L1F994N,store_d319f370e692e2a8
B07L1SFMC4,store_4cc4775a4c611284
B07L1SX3KZ,store_9eee067366e469de
B07L2BWVQY,store_db769b52d601995f
B07L2K6624,store_313f07c33abee985
B07L2M5HTH,store_5a290aaef2bcb77f
B07L2ZC5GS,store_ceaef0970646031f
B07L3C3WJK,store_b83feb465744b34b
B07L3CY4TJ,store_295f729d6a804290
B07L3LGZ5B,store_e259101b4a944791
B07L3N6RPY,store_ef6edc70722b49c8
B07L3QLQZT,store_337bc5531baaad1c
B07L3R4LZC,store_5dd06991e493d87a
B07L3V199Z,store_1a42f44f013b082c
B07L42V9PK,store_a3b2ffa52d7c8855
B07L45QMLH,store_9a900f538965a426
B07L46W7J4,store_a866e0354fdd5909
B07L46XTP5,store_03ef51ddca0c14cb
B07L49PZ4C,store_5787868d5a7e7d4e
B07L4PB6VH,store_64c92173a4bbfa73
B07L4QCKXL,store_32b6a23e0c322cca
B07L4SGB1J,store_d3c81b537da642d1
B07L4Z79MQ,store_22c039e8bc7856a8
B07L516BRF,store_ae07ec57d5159120
B07L5DCNS5,store_7fa9ac40a4c3ded9
B07L5DM44W,store_c9d94c8649a7cf8c
B07L5FM88B,store_548b90096d12edac
B07L5KXD8X,store_6eaf67e219642c29
B07L5MQNVD,store_078df1deed84cda8
B07L5ZXV3G,store_567eaed0b2a81931
B07L6CZ8FH,store_51494e181349c1cc
B07L6KJM3Z,store_06dc913b8954c19c
B07L6MTDJK,store_d2e7d045dffe36b2
B07L6R84RJ,store_f860cbb63b2b5c50
B07L6V5H5V,store_ff051ed651fdb8ae
B07L6W5D7Z,store_598093f4a57058a9
B07L6WM2PB,store_598093f4a57058a9
B07L6XPQC5,store_a3b2ffa52d7c8855
B07L72FR8Q,store_522b276a356bdf39
B07L75GJLB,store_d99a5562adc6a615
B07L7B9KGR,store_f2941a4c110e8a60
B07L7DS2QQ,store_6a20eba48e366bc2
B07L7WLJNW,store_af8c39f8fe41ae37
B07L84DGT3,store_256c28b3e9239eb8
B07L85852G,store_2e40b3310df1d63e
B07L88DWW1,store_f9634107565d85ed
B07L88RMK9,store_3cffcf169bb5fb78
B07L89XL8M,store_88a57a96878d0407
B07L8BTG5Q,store_1a4efe6d6750163b
B07L8DLZGF,store_05edb197bf907019
B07L8HPHTZ,store_ef559e0934d562fa
B07L8M1RLR,store_d6f02c47383c4935
B07L8NFZPX,store_e36c3b214a9cd092
B07L8PWT1P,store_997adc836efa6ea6
B07L8TQDCY,store_c409e28daca4f0e0
B07L8V3WGN,store_a3b2ffa52d7c8855
B07L94K49H,store_be669823e8f1dbcb
B07L9F177Y,store_f5212024cde93b6f
B07L9H8SWW,store_3611ac014cd34944
B07L9JJH11,store_a291cbc466dd2d4e
B07L9L6Z98,store_21992c1d2853fb9c
B07L9LQ55V,store_c24c386867a6363b
B07L9LQD6K,store_c24c386867a6363b
B07L9S743L,store_1c882ecb4c9e6cf1
B07L9XCMZR,store_682e494217b49cdc
B07LB539M2,store_46a808cfd5beafa5
B07LB6NDSK,store_be669823e8f1dbcb
B07LB85LBK,store_195b7b9ab83d7374
B07LBBB7KB,store_7092ca5fe95b556d
B07LBD8RKW,store_f2576ae0e1ed2488
B07LBDZG63,store_5787868d5a7e7d4e
B07LBJXG5Y,store_5c08ec13c30daeb0
B07LBK2LNL,store_158f73af98c8f8d1
B07LBMMSWD,store_62d9104b9df3da10
B07LBSZWXK,store_1e21ae2d6104e748
B07LBT46Y7,store_2febecfe13238dd2
B07LBZBQD3,store_4e970e36d018d76a
B07LBZZSMR,store_296b32b23b078c14
B07LC4HJYT,store_a146c2447f567524
B07LC9L4K4,store_fc0a8d9a5a68ba91
B07LCBV7DT,store_18182f24191adc14
B07LCF4BK5,store_a166b5410e06c113
B07LCL2B5Q,store_a8cdcae7e6a4c79d
B07LCLLM2S,store_a8cdcae7e6a4c79d
B07LCNGSBJ,store_7b5e05441d10463f
B07LCXCYL7,store_22df359bb3b96e01
B07LCZ4S7T,store_d1ffb746c9d88921
B07LD2KZJK,store_03e131b6ce4bb7f7
B07LD3M88C,store_2e40b3310df1d63e
B07LD62HVC,store_3523060daad0f82f
B07LD6H31F,store_d33c14bf420dbd98
B07LDYSM1P,store_d1a516d275b6e5cc
B07LF4FKW2,store_0a69df900a7ecb7b
B07LF6Q3HC,store_246b1eafb7d5c126
B07LFFGM8M,store_04e608383cb701b1
B07LFHZ6TD,store_78bbaa5ec91f88b5
B07LFJL4M8,store_237b5017397b4de0
B07LFT7YNC,store_84c6606ff03a9215
B07LGCPSYS,store_49f768a17b29244a
B07LGHV9LN,store_0c2e2a00f5707864
B07LGJ9GGP,store_2a1b875b84fa7245
B07LGS1RVM,store_49793e038f03cc43
B07LGT6WSF,store_9e00118ab5887f24
B07LGY9HZS,store_36e4d2ab25f52254
B07LGZF4YV,store_351fca5d26a8bf9f
B07LH5FZPJ,store_9a2f6651fda22d95
B07LHCG4SV,store_a41c2c0d7c775a98
B07LHCVZDT,store_8fcddf701cc3024b
B07LHJJZN2,store_662b54819670ffe7
B07LHJK8D6,store_8fcddf701cc3024b
B07M5C12LS,store_861a86beb916dbf7
B07M5HB65T,store_9a324b5e0fe098cd
B07M5JL4FD,store_88001e4d4d80937c
B07M5SMWCQ,store_369937d6d1b20069
B07M5SXQ4Q,store_8a177965bf8aa02f
B07M5T3G25,store_affd33dec31b0844
B07M638P3Y,store_30648f23a654682c
B07M65SKFZ,store_caf32b96dfe697ac
B07M6J6BJ5,store_9e5a993af4f8148e
B07M6MNJFN,store_cb050c10a3a382a5
B07M6QNHT4,store_20e193bae94c2614
B07M6QPF4M,store_e5ded6277ec8a4f1
B07M6SGV4D,store_44bebe323cbc823b
B07M6Z185S,store_206215462156a103
B07M737CH7,store_ef44188d218ef25a
B07M74HQXD,store_7254a5e74e1a66e1
B07M75DH3L,store_f3d6582ef7db0fea
B07M7BR7WJ,store_d82a3b7d456d7f8f
B07M7DTDW3,store_6c8f5cfeeb15015d
B07M7H6S8K,store_c19ff2bdd22bd442
B07M7M2B8X,store_dfbda462d866b6f5
B07M7MVGF4,store_dc409dce4bb43ed4
B07M7S42TJ,store_b9ec872a60d9ee70
B07M7ZWSJ6,store_35b6848700d63b98
B07M81XYKL,store_3a323f615fa9e966
B07M8348GG,store_de71cbd211ad9ba5
B07M8V162P,store_862e65e782f08b92
B07M8VBCHS,store_f4f43151d877afe4
B07M8WN7W2,store_00afdea5b2e87615
B07M8YYP8D,store_843ac6335e8efcf0
B07M95NSKM,store_d2a52cdfd62025ca
B07M9679GJ,store_7430f11c94783f2d
B07M9CFRMF,store_e7838036bad1cac4
B07M9CGYGR,store_86e44d671ce841de
B07M9SM34B,store_ad113811481d4b58
B07M9ZQ3LQ,store_77d2ba9f171841a7
B07M9ZSMJW,store_f2801e2c1b8a6b59
B07MB1YYWK,store_55244a4d773f3592
B07MB33JQV,store_e27ff3924353a2b8
B07MB85BD7,store_b444c7d7b819543c
B07MBFTFGZ,store_28adbfbc54159786
B07MBHXMPL,store_f50bec451900505b
B07MBKP86B,store_540e181495e58ae3
B07MC2S3VR,store_0e9dcf4fbbfc2a5c
B07MC98JDG,store_42c42eae0b4314dc
B07MC9RLFX,store_78815fde5513d87f
B07MCMN6F8,store_f318770b4bb6cb38
B07MCNBL4W,store_6624f8475de51943
B07MCSDLGT,store_112aa61c9f0ac4ec
B07MCTBWX8,store_21acda96ce3e0056
B07MCWVMKR,store_3659a64ea63c384b
B07MCYSN6Z,store_b4aadfb55827d096
B07MCYVQF6,store_b9fdee0ae0aab2eb
B07MD5LRSZ,store_e3640c3ff3222b19
B07MD79GK8,store_5f53dcbd69359fcd
B07MDBVNJR,store_d43ec2c7754f23b3
B07MDBY65G,store_0d5b73dbf1e32c4a
B07MDHZTTX,store_c1065373dfd70e6c
B07MDP86Q4,store_a1a9dc7eb04b6adf
B07MDYV2DN,store_5f5ea3800d9a62bc
B07MF2Y244,store_8c06fd69eba457c2
B07MF438XF,store_a0a0a3e0af091e85
B07MF4CNYD,store_826b425eac781bc3
B07MF8NSG6,store_be669823e8f1dbcb
B07MF948LW,store_edc7f7e69c5bf76e
B07MF9P7PY,store_6cee3a242fb1ac55
B07MFKB23V,store_0e9dcf4fbbfc2a5c
B07MFQSV3W,store_bed5e0f7bfc2f4c1
B07MFQTQQZ,store_549dcd3af526cdc2
B07MFSPTMW,store_a3b2ffa52d7c8855
B07MFWCLWG,store_42c42eae0b4314dc
B07MFWCW5T,store_42c42eae0b4314dc
B07MFZNKY7,store_3057f0bbd7a94521
B07MG3Y5NQ,store_2af349d71405ad58
B07MGJBYMP,store_f5abfd4e20f86902
B07MGPBDBD,store_630077eb6326a618
B07MGTYY5W,store_20a6ba78c2023431
B07MGXSRB9,store_959e54590623f5a1
B07MGY11BH,store_d99d4cac86f03770
B07MH4Z7J7,store_eaf376d28161109a
B07MH99JVT,store_9c4049aef6c786f5
B07MHH5PQ9,store_009a5d07258c9f86
B07MHK2P15,store_16802092e44a70dd
B07MHLHLHY,store_7092ca5fe95b556d
B07MHPJX1W,store_dfa2fd1e5379b292
B07MHQ4VDT,store_4c787be996193588
B07MHWJ4DG,store_bee5ec6654085c7a
B07MHY36R9,store_31be9f98c543174b
B07MJ3N52V,store_c80c949170494b57
B07MJDJCTP,store_8678fb71ca9dfcd2
B07MJDY1Z6,store_a3b2ffa52d7c8855
B07MJGB9GW,store_ea6ab7aeb454aa6f
B07MJLYK53,store_564a3a76b5603f80
B07MJLZY5M,store_29d59a378eadf712
B07MK29MTV,store_a4963278c62052c8
B07MKM1XTS,store_b27395661d2dde22
B07MKMM9GC,store_25dc282b5a3dcba6
B07MKWGFJW,store_9c4049aef6c786f5
B07ML35VWX,store_1b18e67719c8ed9c
B07ML5333D,store_eb1a74f9f8d6509e
B07ML63WWZ,store_2bb9dd95490eed02
B07MLFQ8YF,store_1bcc1c5a7df73183
B07MLG7V8Z,store_243b2c0e21639d6a
B07MLKHTKS,store_3406708933726dc2
B07MLVPH9X,store_a9253c8466371d25
B07MM2W1X2,store_95aba9703b022fe5
B07MM2W67N,store_f7550877e7fb39ac
B07MM4MVR6,store_bcd24865c19d97a5
B07MM6MGXM,store_4048e8f13e7922e4
B07MMB6T1B,store_e8f16a85d4ce2ca4
B07MMLYYTL,store_4aedc0cc131a91f0
B07MMQPVSZ,store_cead9bfcee3bc8ab
B07MMSJH9Z,store_29f4dbc447dff225
B07MMWXPLJ,store_86e44d671ce841de
B07MN14PMD,store_27c51b8d289a86b6
B07MN1D6K3,store_9bdb6feb4d470296
B07MN1VM44,store_46a808cfd5beafa5
B07MNSH8MB,store_47c77e4b1f41b803
B07MNV3PF4,store_210f250edb468c78
B07MNXR7ZT,store_c63e8f4a34422642
B07MNZ81KY,store_8791ee3d124b62f8
B07MNZF3W4,store_9045541af833dc65
B07MP1ZJQS,store_637d1f5c6e6d1be2
B07MPCJQP9,store_3ad47344f018a731
B07MPCW95Y,store_6fcd30a0158f4723
B07MPF4CVL,store_55244a4d773f3592
B07MPFGSMJ,store_7ce659a787c2a00b
B07MPRVB76,store_3406708933726dc2
B07MPRXLF4,store_2aa541ffbf852484
B07MPS8Q17,store_5f4c0f8f9d8c14bc
B07MPVX78Y,store_af0f0c3cba7663bb
B07MPWXW6J,store_cf2af7f27f570e95
B07MQ37KDC,store_f2d9f469b882196c
B07MQ7C774,store_d6cfdff8cfa15c26
B07MQKB2Y7,store_f7550877e7fb39ac
B07MQQJP1H,store_cea5bdbfd9ca8760
B07MQR2PM1,store_7e811f49292562c9
B07MQSPHTQ,store_3871f4f335889550
B07MQV1C57,store_51494e181349c1cc
B07MQVKR53,store_13950659f09ad527
B07MQWPRPG,store_c36753cd850d7015
B07MQXB4PM,store_73c74e50450bbbf3
B07MR3PWVL,store_a38018c15e95538e
B07MR68V9D,store_ce7c8c9a1d936fd3
B07MRF19Z3,store_20c5f6aa4a9c1521
B07MSB8WPS,store_b0e0c3f5393d1ac1
B07MSG8FMZ,store_dc409dce4bb43ed4
B07MSGRM38,store_42c42eae0b4314dc
B07MSKYL6H,store_bf0f345635b2081e
B07MSS3BYH,store_791d8ea54d477c80
B07MT2D86K,store_cead9bfcee3bc8ab
B07MT4SMT3,store_4fc03409e80d5b1e
B07MT7NZZB,store_7bc43936bca6d3b3
B07MT7RMC4,store_73c74e50450bbbf3
B07MTB1X8G,store_33d1cdf8a7490e7e
B07MTDH6M8,store_14e9059e1eb8ed46
B07MTG74ZR,store_2171439387439933
B07MTHQGYX,store_82fcc3e70f295072
B07MTJZV88,store_5dd06991e493d87a
B07MTK9CD3,store_38612c8c63f3ea37
B07MTPBFCJ,store_639e7b0483305127
B07MTTG6QF,store_822f5a02aa0c4bbd
B07MTTHQQC,store_e5b5b3c91403619c
B07MTTRDFQ,store_52366423ea23a5f9
B07MTVL79M,store_822f5a02aa0c4bbd
B07MTVQH9K,store_822f5a02aa0c4bbd
B07MTYQZRR,store_3b71e2a18b2fee4d
B07MTYXRT9,store_0ea466beb8e3c8ba
B07MV3BMHG,store_eaee3a2f0e72d764
B07MV4X6X5,store_d300b7d947deb41a
B07MV4YDWJ,store_822f5a02aa0c4bbd
B07MV59LJM,store_1f66a6a72f577ef0
B07MV6H9J1,store_822f5a02aa0c4bbd
B07MVCMJ2L,store_2d163116ce188189
B07MVKTQ53,store_4032d6264010eec6
B07MVTT8LB,store_5e5c3370ad8476dc
B07MVVWPP4,store_880c226e00e9c01e
B07MVXJCLR,store_b8aca9aa3f05b743
B07MW1TBSN,store_7f579f1a94ae3a8d
B07MW3JNG8,store_eef12379ecadc1c7
B07MW3Y46Z,store_a7352f1cdc1a9cba
B07MWFSW38,store_6cd682dacfce34a7
B07MX4VCYD,store_789c9a50050946c6
B07MX8YSQH,store_a22bcf75f7b502fd
B07MXB97J6,store_2ce4f57b5786270d
B07MXH4SSZ,store_9c81014214949888
B07MXHQJMB,store_17bfd3dd1623aa50
B07MXPZQ14,store_1be1a65519cf757b
B07MXTKG7W,store_b5d9c9ce164240ce
B07MXWBY4M,store_23b65e667911711b
B07MXXKGKN,store_9e10a2bd8ab8aa06
B07MY9QBLL,store_08fcb904756d87a1
B07MYGZP8T,store_29f01edd4f022839
B07MYJW4SR,store_261f84145e5e3191
B07MYPNS83,store_a40790b29c4c0229
B07MYPR8J9,store_898e9cd1b7553ce0
B07MYS3JN7,store_aa2ebe16bf09c61d
B07MYWQ8L9,store_1bcc1c5a7df73183
B07MYY3J4L,store_4cfb06c34a8dd13f
B07MZ2WQ69,store_244e151a9a5c9f1f
B07MZ5N7X7,store_3c41a8209235b498
B07MZC7MFV,store_86e44d671ce841de
B07MZN7LZN,store_edef30344cde4329
B07MZTVNX7,store_a761e3510568162a
B07N12YD7F,store_58418b474acfe6b0
B07N133RCG,store_0f7d0d088b6ea936
B07N15C6ZP,store_7a78679de1f389f8
B07N17DBDP,store_4f8ef089b64b5690
B07N183T45,store_2171439387439933
B07N18TZWK,store_04e608383cb701b1
B07N1C4SF7,store_6950bae3d2ff8073
B07N1F5QCL,store_ab5677e26822d1b6
B07N1GBQ9M,store_8473b812b3a399a8
B07N1GD31X,store_bbdd1dc1e5efcb5c
B07N1J736K,store_2304ebb0c36c25ab
B07N1JB242,store_07a2e25662f8c794
B07N1JJ5DZ,store_2aa541ffbf852484
B07N1R7N2W,store_dc12c5d86f8b3eef
B07N1VKWFZ,store_4fb206b6eea21818
B07N1YRG4R,store_fa028f74f87a1260
B07N1YT3Y3,store_c814f3218399e59a
B07N2H3156,store_1e133a68070e3180
B07N2LRSZS,store_082553f13fac9a12
B07N2MJ2KR,store_42fffb86e3b8df51
B07N2PW2PT,store_eaee3a2f0e72d764
B07N317TFH,store_ffaf80a323326e2c
B07N36NMKJ,store_625957958ef48f74
B07N37HH27,store_1be1a65519cf757b
B07N3843TG,store_77450fbee715a7ba
B07N386QFD,store_625957958ef48f74
B07N38K4RW,store_b89884500a1cead9
B07N38Z4QD,store_9e8a1653a4126380
B07N396L37,store_e2beb1eeb3987d16
B07N3P1RWL,store_47c77e4b1f41b803
B07N3Q3RXN,store_acd4724e894c2bc9
B07N3V2583,store_091e123d343521bb
B07N49YQ93,store_2b6d087d8925f6c3
B07N4FNXT7,store_c5f3ed834c302ea8
B07N4G46JZ,store_b8978b4f746debf7
B07N4KCVXV,store_f4fb3661ac906419
B07N4KVZ7F,store_b4ecfc8fa820e0aa
B07N4L482N,store_f4fb3661ac906419
B07N4PR4N9,store_5512d9ae3e97f714
B07N57TY3C,store_02a29eae3525ec46
B07N5B5961,store_1506f4e96a40cd58
B07N5J639G,store_1506f4e96a40cd58
B07N5JYVQS,store_f5abfd4e20f86902
B07N63PZSR,store_47d11516251d269f
B07N67QGDM,store_ad3e7eb1e9313bdb
B07N6BSLZX,store_e01cc29a7e9fc5e7
B07N6GX596,store_dc409dce4bb43ed4
B07N6JN34N,store_2ac26866d1643d83
B07N6LCP6J,store_5a2ec9387b5c65f6
B07N6N7YRH,store_e01cc29a7e9fc5e7
B07N7DB68G,store_5fe27dfe5bbc7212
B07N7HLG4X,store_3d27c06df54efbbb
B07N7K6J6Q,store_94e3c088a53b470c
B07N7LLKHP,store_9d7062d15aee0249
B07N7SGN6C,store_ecdb6dfd69ff6978
B07N82H3LK,store_48bf0383a9d205b6
B07N88NDHX,store_3a8969899ba074a0
B07N8CM3SD,store_f6867478b01155df
B07N8FJQYJ,store_1f9cad7fd7428641
B07N8G187V,store_1f9cad7fd7428641
B07N8G668N,store_1f9cad7fd7428641
B07N8LCY87,store_0c9f1ec0d48b7daa
B07N9715WM,store_704b4fdab07399fc
B07NBLP4GJ,store_c4b94a63470264ac
B07NBPBP81,store_a31760f52271fd11
B07NBWHZJS,store_edf05c0ab9ce0fea
B07NBY3L1X,store_f29d0cfd99b0aee4
B07NBYM57S,store_edf05c0ab9ce0fea
B07NC3DP7T,store_6060c62b2a24d78b
B07NC4WPNQ,store_9e169642fdd7c02e
B07NC4XC3P,store_9e169642fdd7c02e
B07NCP4WV4,store_c2c2c6f581e9eb01
B07NCT2NKZ,store_80d853ba87c24ed5
B07ND4NK8G,store_e1db1d0fd65017e8
B07ND65Q5F,store_77128df2ceb52e7b
B07NDJ3GQ7,store_4632e6f011457583
B07NDJFR9W,store_29bf75de3f63cc95
B07NDL6NPT,store_22e2ce78cbc9b89e
B07NDLXGN2,store_22e2ce78cbc9b89e
B07NDPR8TV,store_e2daaca1882784a8
B07NDSMD8D,store_d622c720b0242849
B07NDSY5TP,store_d622c720b0242849
B07NDXCXZT,store_c4d596d0b892664b
B07NGCSZYY,store_d793712da5448361
B07NGFDN6G,store_13800272d7a85c03
B07NGLSSX7,store_6ddc7b5597e26441
B07NGPQQFK,store_39c0c1e7f22c7836
B07NGPYTHZ,store_8ee79f0ddba0c03f
B07NGQ78LK,store_997adc836efa6ea6
B07NHDDRVD,store_14c06474bec5e7de
B07NJ574SJ,store_2c0b6d82a395b61a
B07NJ736KN,store_2a412ae07b7993bf
B07NJ7VXBM,store_2c0b6d82a395b61a
B07NJB9YWW,store_dc409dce4bb43ed4
B07NJC78FP,store_94535f8ab8808ee8
B07NJM7PQ2,store_fdea31c929ab3fa7
B07NKKF7L1,store_94535f8ab8808ee8
B07NKKRSRW,store_0093b9f8df873bdf
B07NLGMPLR,store_e480ea7fcf58a252
B07NLL6R1K,store_2fd3402129116c18
B07NM66B1M,store_9f9589dd07f47c75
B07NMC7WVX,store_1ce8efda2e812a74
B07NMG6ZHQ,store_61cbd35efb06e37a
B07NNNCQT9,store_ebf33d6628058cd9
B07NNPBB3W,store_2d163116ce188189
B07NNXQXJX,store_2dc3e1bac9eed0e4
B07NP44V8W,store_2b4b81067b3e0a1f
B07NP935W1,store_94c9023b24ae79be
B07NPH6R9F,store_d8e9c2453970a0a3
B07NPLJ42V,store_0cb26e2242f1e2f5
B07NPLNNR1,store_347fe4f082d41454
B07NPPD6Y4,store_cf5f055612516edd
B07NPS21L3,store_2124037ca66a33c1
B07NPTQK2H,store_af91d57f1c99e48b
B07NPWK167,store_561c347a43cd1041
B07NPZM1VF,store_19ad2a052e722f4f
B07NQ6XG1V,store_21a6fa107125cdbe
B07NQ7DWV3,store_6d0c51bcb62de051
B07NQ9P3Y2,store_aabb2854f89a5d84
B07NQBSXYT,store_2d1f20bc0143f4ce
B07NQCG26W,store_cf335f8e2dbfffa0
B07NQJLLNH,store_ab08c8169c297325
B07NQMHWT2,store_3ea2757ef8d8a88a
B07NQPGKJ4,store_373ef07bc91d59a7
B07NQRCR6N,store_22c039e8bc7856a8
B07NR3VFSG,store_94535f8ab8808ee8
B07NRQR1DJ,store_55244a4d773f3592
B07NRVKKKV,store_28083f431f0bb688
B07NSP6TBW,store_55244a4d773f3592
B07NSPHL5V,store_55244a4d773f3592
B07NSR3CKR,store_4bb9e52246cbde92
B07NSTJG4Z,store_7092ca5fe95b556d
B07NSTKTQ7,store_7092ca5fe95b556d
B07NTBG6HC,store_9d4423159096715e
B07NTTMVTL,store_567df58f10d49b5a
B07NTYQ8C8,store_4dfa77c22f33e36f
B07NV7P27R,store_fb7e9f49c9ad3323
B07NV89BQM,store_fb7e9f49c9ad3323
B07NV8CJGG,store_fb7e9f49c9ad3323
B07NV8QLB3,store_120b9e3de3455a34
B07NVBFWYS,store_f7f3818c12b9ec18
B07NVDSJ9Q,store_370dcd28c035af33
B07NVFW87W,store_1268076991ddd29b
B07NVH11YY,store_52eeca0a3a8d6681
B07NVR4SYY,store_6cae1390cbf25dda
B07NVRD1SS,store_6cae1390cbf25dda
B07NVSKVPM,store_9860fb04ee0ede22
B07NVT9ZWM,store_55eef0177fb7af09
B07NVW2L62,store_3d6e7bbae14814e0
B07NVWC8K3,store_c0445a8d42fb5696
B07NVYRWPM,store_59d2ee7a6e767163
B07NW7NCSX,store_fe0efcbb01a587da
B07NW8CRCX,store_fe0efcbb01a587da
B07NW8F6C4,store_95942bcc5294974a
B07NWYWLG7,store_1f5aa0ab82555398
B07NX13WN4,store_43c9a708aec6f878
B07NX1CG34,store_610150ad0ff61a8d
B07NX1V4KF,store_56b1074b94d45587
B07NX293K3,store_3541436d3cecf26f
B07NXD1BVL,store_e6ec8966fd3b6fcc
B07NXPXLVY,store_5ca1c2b2a9af1d92
B07NXQYVMH,store_9a64254584d10074
B07NXS6YJ3,store_ea6ab7aeb454aa6f
B07NXS7818,store_ea6ab7aeb454aa6f
B07NXW5397,store_d9da169a330fa728
B07NXZS42X,store_f1d890ec434401d9
B07NY1NBQ3,store_22e6b51f701e35ce
B07NY1XQ12,store_7421686183f65339
B07NY2416W,store_538d0fe70da0b6ed
B07NY3V22Y,store_bee5ec6654085c7a
B07NY3V9KG,store_bee5ec6654085c7a
B07NY3VG7F,store_bee5ec6654085c7a
B07NY5WNWW,store_38802f23bdd6f0d2
B07NY6LS9C,store_7dd179a66b76530f
B07NY9YVZ1,store_bee5ec6654085c7a
B07NYBL47G,store_bee5ec6654085c7a
B07NYS5DNQ,store_50d8b4a941c26b89
B07NYXH11C,store_5b0894ba78c00468
B07NYYSWPF,store_538d0fe70da0b6ed
B07NZ2L89Y,store_bee5ec6654085c7a
B07NZ2LG26,store_bee5ec6654085c7a
B07NZ8PWWD,store_5536cde8c1c10a03
B07NZJRP4T,store_de05d29c355e211d
B07NZJVGJP,store_a31760f52271fd11
B07NZQ6XQX,store_ec89e685da37e0cf
B07NZVZ6G2,store_66c46436649b290b
B07P131GF6,store_69ed61d183b90379
B07P13NB9M,store_bee5ec6654085c7a
B07P1583X4,store_bee5ec6654085c7a
B07P15BQ8K,store_bee5ec6654085c7a
B07P15J84Y,store_bee5ec6654085c7a
B07P15X9CD,store_bee5ec6654085c7a
B07P195L78,store_bee5ec6654085c7a
B07P19BBPS,store_485c65cc608b51bd
B07P1DYJFX,store_bee5ec6654085c7a
B07P1FKZM4,store_139f305103081a6f
B07P1K3K2X,store_b9153d7f0b15e29d
B07P1L4319,store_bf263578ed340df4
B07P1RRG3L,store_b3cd16bf4d27f6df
B07P1TL934,store_99c88b3e1e455d20
B07P1WVF4D,store_cf5f055612516edd
B07P1XH26Z,store_5c360ddbd0aa2acf
B07P24H2K6,store_686bed3c69b39bc0
B07P25372S,store_495657d84b2e04c2
B07P25FF6M,store_59851e905b720855
B07P25XN36,store_9295b11b81b0a29a
B07P269KRD,store_66c91895b1366854
B07P26PZ7L,store_9e101e1488b16b70
B07P2JN97X,store_b395e112320cd6fe
B07P2MWWJB,store_975c86baaa3d3e28
B07P2Y63L5,store_b949117320117ccf
B07P31S3DV,store_e6ec8966fd3b6fcc
B07P37T41R,store_17b8ce4bbeaa4dd6
B07P38YTVL,store_9295b11b81b0a29a
B07P39JJWR,store_f30e5f63f60e9878
B07P3H39YQ,store_a25afc50d1d8bb6d
B07P41X3QL,store_edcab099c92b5c8f
B07P4CKNDS,store_d4efff3c653036c5
B07P4LLZS6,store_c050882cf8d063a0
B07P56BYX8,store_707241b01f628336
B07P56XY7V,store_67a4121083a310af
B07P5BQ8HZ,store_b5921e1e2079bbf5
B07P5FZ414,store_bee5ec6654085c7a
B07P5Q9LCB,store_6950bae3d2ff8073
B07P5QJFQ9,store_f614819be614f6e1
B07P62HQ2N,store_9d8cbc3761f2809e
B07P6467M3,store_ee79e24aa56040bf
B07P68V69Z,store_dfbda462d866b6f5
B07P6DT1KV,store_a8c380adf5027500
B07P6HTW2V,store_ddeeb2ee80388c15
B07P6LPN8T,store_25909f98f128ae8d
B07P6PB69X,store_33c6af687afadc15
B07P6RGTHL,store_93e672f9157a2b2a
B07P6T3HYW,store_982182c015020f54
B07P6VJ982,store_d793712da5448361
B07P6WYBRK,store_d16f11c156e4c56b
B07P6ZZYNC,store_6944bb327cbeb771
B07P72SMRH,store_6c9084e6c8384530
B07P74SQT4,store_a259c56bcc9958af
B07P77XP44,store_86681322cea3d0c8
B07P7FFHGY,store_ee097b102c1c9b2a
B07P7G1C19,store_8bf1b80a4fc6f0bd
B07P7JHBVD,store_2d163116ce188189
B07P7QJ1VY,store_b27395661d2dde22
B07P7QZHQ7,store_25909f98f128ae8d
B07P7SQNKF,store_55244a4d773f3592
B07P7TZSFS,store_507d32eaed2d3b92
B07P7ZH9J1,store_d793712da5448361
B07P848H4M,store_79ac6d4638a101f0
B07P86T77H,store_06458dcb90a4ca12
B07P8JVCP9,store_95e3e7b6161cf5b6
B07P8KQSFK,store_9ea0456759aea28b
B07P8N3FX9,store_f990fde2e7b073e3
B07P8PF1H4,store_94535f8ab8808ee8
B07P8QF4JN,store_3895da7ca48cef0b
B07P8VNG17,store_cb6fb2102acaa520
B07P8Y7BZB,store_25909f98f128ae8d
B07P95RFCS,store_570d6ee5b91b9a91
B07P9FR45R,store_92605aeb0bdef9ce
B07P9HKNCD,store_2dfad47b99536b36
B07P9SF5V1,store_00cb901a9aae9d4f
B07P9Z436W,store_95070108beeab622
B07PB3391H,store_5a1944427dbece94
B07PB8QHNF,store_6597659100cc2cc8
B07PB8SK4G,store_3ef359e1983492ec
B07PBLFR6Q,store_35b9ab7174544124
B07PBMDWBS,store_85fa18c42e84ad4c
B07PBXN62J,store_c279c30c3dc8f568
B07PBYYL85,store_952d40025fe665da
B07PBZNXM9,store_9d27c5aabde6b42d
B07PC2CNK7,store_714e5dae15243281
B07PCGSFGQ,store_daef90e26add82c1
B07PCQ916W,store_8c3c194b433ce507
B07PCTDJPM,store_56fdfbfe3bf7c193
B07PD29HFQ,store_cea5bdbfd9ca8760
B07PDC42DD,store_78004abfe8ac473d
B07PDNSLN1,store_5a42fc4be5952158
B07PDTBJ3C,store_c22e233d9bc7dead
B07PF35LNH,store_e8326f5d04ce1e03
B07PF3B3M4,store_e983e586ab81df76
B07PF93Y15,store_a7f8c5743f3e9567
B07PFDJNLV,store_d0446b36c5e2fe90
B07PFH92HN,store_a7daaad3e60c1944
B07PFJCF7S,store_98d44e2cc2b2ca85
B07PFJNVSY,store_6faf8698c0f8a6a5
B07PFP4WLL,store_19744625367eb574
B07PG2GF8D,store_239364f50833fc34
B07PG5Q3WM,store_34233b095c66d29c
B07PG6WKWL,store_3a7995cf6a3d7333
B07PG75KP5,store_9e04d3d0ed834261
B07PG81JZD,store_868dad45e6cabcd1
B07PG84Q36,store_67a4121083a310af
B07PGDYPCD,store_861a86beb916dbf7
B07PGFK63S,store_43cbf96323cde7ab
B07PGLQ6P2,store_05161e4fec77e423
B07PGM92LX,store_d302574956fb2f7c
B07PGMCBGY,store_712333a4d698f98f
B07PGNMJ8C,store_598093f4a57058a9
B07PGVTD65,store_628912ee5037df8c
B07PH6PVVP,store_cac89b4b11592fa4
B07PH7RN2X,store_662b54819670ffe7
B07PH8NHZN,store_a374ba20fe900e60
B07PHC19TL,store_955184977d631403
B07PHCDSQW,store_e6cb0c91d81190e6
B07PHCHM6C,store_3a7995cf6a3d7333
B07PHDPH64,store_868dad45e6cabcd1
B07PHGQDWX,store_a31760f52271fd11
B07PHJQ1TK,store_4fea5bb76d863e0c
B07PHN6G34,store_35f83dd7f19214ca
B07PHNCYW8,store_d302574956fb2f7c
B07PHQPFCT,store_fc0a8d9a5a68ba91
B07PHR5FVV,store_7b59557313e32cb5
B07PHSGN7X,store_598093f4a57058a9
B07PHY2TJT,store_6cae0fa72aba1221
B07PJ1Y85F,store_c1d35fbe493f15bd
B07PJ7B61P,store_80cb0c906de5a8f8
B07PJ7BKB4,store_873450b489524e03
B07PJFXQYL,store_34233b095c66d29c
B07PJG2PKZ,store_7dd179a66b76530f
B07PJKS5M5,store_4fb206b6eea21818
B07PJPKDT1,store_f46c2d8a8dd7ae2c
B07PJTDVX4,store_93615733555a34b8
B07PK2BZKL,store_9f9f19285eee2429
B07PK3PT1F,store_84fbe6abbd55e8bf
B07PKKMHWV,store_e6cb0c91d81190e6
B07PKMMRKS,store_6e332ad283b985d2
B07PL7NZNG,store_51445acc2a95e33e
B07PLBSYVD,store_b5a15682f88a13e4
B07PLC139W,store_868dad45e6cabcd1
B07PLD383X,store_29243f8f4e02b12f
B07PLFYBML,store_e6cb0c91d81190e6
B07PLHQJRL,store_5178f29654c8ed1f
B07PLP513J,store_761fe0c92927cdba
B07PLWPWHM,store_d33c14bf420dbd98
B07PM2Y5T9,store_6cae0fa72aba1221
B07PM5F8J5,store_ec54c3fdc446b08d
B07PM7LZPF,store_6d19ed2d98923840
B07PM92X22,store_c325e6229e6c0b7e
B07PMG864Z,store_dc409dce4bb43ed4
B07PML32QW,store_2124037ca66a33c1
B07PMP56SH,store_e01cc29a7e9fc5e7
B07PMS2W1X,store_d56d186e18ef0ab0
B07PMS7GBJ,store_e0077158b5cce7f0
B07PMTRBHX,store_4bcf7ee7b1215a03
B07PMXSLDB,store_3caabc3df9fadbd4
B07PNCS1T1,store_9afc8067aa1411ca
B07PNJJRJR,store_2e40b3310df1d63e
B07PNLZH21,store_d01a3ad19d26969b
B07PNNN9PV,store_e9bad27c113b17a3
B07PNR6HVJ,store_f1978cc016183466
B07PNRNKVT,store_24c55d65bfd30037
B07PP3HPQB,store_bd9094eab00d24b0
B07PP3L652,store_bd9094eab00d24b0
B07PP5SY9P,store_8eca84b70eb53153
B07PP96V9F,store_9e19248bce982e64
B07PPKRGXR,store_861a86beb916dbf7
B07PPLRNDL,store_6d24fd7c6f5ae75e
B07PPLWT1N,store_36027be70c580358
B07PPQKXP1,store_ed21d104cec87548
B07PPV5JFW,store_bcea88c241c8c7af
B07PQ6CP81,store_c0966497a0b18efa
B07PQ9YFTZ,store_789f6311adc6c447
B07PQD58G4,store_f1f45166b629135b
B07PQGBFKY,store_55244a4d773f3592
B07PQKHLDQ,store_9b07b17bc299b68a
B07PQTNHYP,store_33b4b9d78d7f2e99
B07PQW45FS,store_c32b50241ab98325
B07PQX1S3C,store_d87adad80b2800de
B07PQY1ZFP,store_bfadc4037ecde184
B07PQYK2M4,store_e0077158b5cce7f0
B07PR3Y5SS,store_44b8f884dd4f57ff
B07PR6728H,store_f61d238cc66d905f
B07PR77ZBS,store_3633ff8b4eec439d
B07PR83XKY,store_1a5974167e1b10d7
B07PRF17R1,store_1468d760c7858dbf
B07PRJMDMV,store_a3b2ffa52d7c8855
B07PRKKHRX,store_6a6c1218711301cd
B07PRXND8G,store_4c787be996193588
B07PS2RP4H,store_b9cf60c82fc9f48a
B07PS5MZMB,store_d3a4d89e4cdeefdf
B07PSJRRYS,store_bd9094eab00d24b0
B07PT84RFM,store_967e5de89f916b93
B07PT99GWY,store_19ad2a052e722f4f
B07PTRPMRT,store_364a7d4d7e82b2fe
B07PTY8YDH,store_8eca84b70eb53153
B07PV3R2Y4,store_71e581e3851f8032
B07PV66W81,store_b777cbd7a86fdb28
B07PV6WLYB,store_d89488956e2cba4f
B07PVB71P6,store_89d433c097d16768
B07PVF8XMR,store_54c53b9e6dca291d
B07PVGK338,store_b8dd0c5c6004d780
B07PVH25MT,store_1b18e67719c8ed9c
B07PVM3ZL7,store_d793712da5448361
B07PVMQFQB,store_c05fc6a5ee6bae92
B07PVPJGKF,store_662c5d8fe848309f
B07PVQ2NFF,store_ecfad4194aedc826
B07PVQT84S,store_9604526187d2508e
B07PVW8TMS,store_f603bf2acd360123
B07PW1BVY8,store_a30c9c4b1b6f6f71
B07PW3YJ69,store_3633ff8b4eec439d
B07PWBQMS4,store_13c174a543c94915
B07PWD5G9X,store_2af349d71405ad58
B07PWJQXCB,store_42994bbc8379c413
B07PWZKYCZ,store_0a9bc4ef1b3ece52
B07PX9GHHB,store_f591927a33f87467
B07PXFRS76,store_c978f899e3a228bd
B07PXGRHV7,store_ed75a75992b03165
B07PXJ5HP6,store_014cdb71333d9e9c
B07PXM1KPF,store_bfadc4037ecde184
B07PXSQPYP,store_eca1972a7557393f
B07PY68P5J,store_2b40558f9b5f5ef9
B07PY6KYSL,store_83c7e718f5e12caa
B07PYDRX18,store_ba866d6490f2af13
B07PYFGRPS,store_09f69b8ef7f77bfc
B07PYKGQW3,store_a9a2eb057051da6c
B07PYNT7Q1,store_014cdb71333d9e9c
B07PYP1MTW,store_2b6da2bcfc0c0144
B07PYQMFN6,store_4fea5bb76d863e0c
B07PYQX521,store_76b3faf962632cc5
B07PYX4NZT,store_a1a9dc7eb04b6adf
B07PZ7HK14,store_130d95185730fa96
B07PZ9T867,store_9702b3775a822966
B07PZF9LV7,store_41b31f938af59959
B07PZJS7X2,store_2bd538fa7397960c
B07PZSX8QJ,store_b27395661d2dde22
B07PZYLD32,store_d5149e6632511755
B07Q15G73M,store_6b07ae4cf8363f04
B07Q1KK7FH,store_3983ce0942a97967
B07Q1NFLTL,store_f4b044e3426d4e65
B07Q1W4Q4Q,store_125bc916087fdf58
B07Q1XCX5F,store_625957958ef48f74
B07Q1ZQM86,store_b199d95f77b6c241
B07Q216S59,store_2d2bbb065c980b8e
B07Q249M2F,store_49c0d9cfecfaa557
B07Q257KP4,store_7b7b837616d27b34
B07Q25VDSD,store_d80f2f86716e77c6
B07Q2G3FSY,store_2d598ed5bcd83bed
B07Q2G8WBV,store_e967cb2b7918e66d
B07Q2J5NYX,store_9a71c4a3d17bc96e
B07Q2PK2Q3,store_d80f2f86716e77c6
B07Q2TTDHZ,store_2eba07814e908735
B07Q2VDHZM,store_ca6267658a0c1a5c
B07Q2VF6GX,store_0b1d13a3447c1e93
B07Q33TK21,store_c4add708d2591dbc
B07Q36DG3K,store_6f5a9e9b39c8a6f9
B07Q39QNV9,store_54b654f6bfca17b9
B07Q3LRQPC,store_2e83071c5e9c6760
B07Q3NJZ5K,store_610150ad0ff61a8d
B07Q3Q4YCC,store_b27395661d2dde22
B07Q3TV77S,store_2ce4f57b5786270d
B07Q3XHQ89,store_c4aa6bf8d052585f
B07Q4BKCDG,store_563b4b3bafd9db69
B07Q4K4G7M,store_7d3c1c1a2580d93a
B07Q4VWYK8,store_ffbb52747e3aa106
B07Q4YCBWD,store_c9e11e72b7bab460
B07Q5CBFB2,store_9803d82c67cca440
B07Q656QTZ,store_a86ea0d73bfdd62e
B07Q69KHDK,store_eb14bf05591259a3
B07Q6HYVZQ,store_b8288a3a5c99ca76
B07Q6WC4XN,store_b88d5da5d8c5ea78
B07Q71PFS2,store_ae715e52c8d89325
B07Q7GXWRL,store_64c92173a4bbfa73
B07Q7MT81N,store_fac19e17ff271b86
B07Q7P6HJP,store_d1277a1f5bf9236d
B07Q7PSNV8,store_37c73573b87b1269
B07Q7QCR5Q,store_f739a49e91edd8f7
B07Q7R184Z,store_9ece013f148acc08
B07Q7WXG19,store_f2a0ea526e7a3fab
B07Q7ZGCT3,store_e5db9faeca27fe5b
B07Q81H1C7,store_cd89db604bc6ab13
B07Q86595M,store_ede0ebc47ea1b075
B07Q8F6HVV,store_5c6f81de77af1781
B07Q8YRNCB,store_b9778453e95883ec
B07Q98YCC4,store_16ca39bc221eddcd
B07Q9HSC6Z,store_625957958ef48f74
B07QB6WYZ1,store_360ac7d51c411a73
B07QB7J1HT,store_e9d295be3fa8136a
B07QB96HW1,store_3a13534a6849dffc
B07QBK9NJR,store_b643049fb146d003
B07QBMR3PF,store_a849b2856b374679
B07QBP1ZVV,store_c291355679cf9ac0
B07QBQSFVZ,store_cab8bef258041263
B07QBXWHDC,store_c36753cd850d7015
B07QC21M6S,store_aa660d634db0807c
B07QC72QSM,store_4e1580c12a0f8af5
B07QC9811V,store_44ec6638f928fd6d
B07QCRKVH1,store_6faf8698c0f8a6a5
B07QD36GMP,store_b81d7e378bc6d48f
B07QD4NS2H,store_897444251a640c57
B07QD5Q3LP,store_4392cfca337209fd
B07QDGGN8J,store_7e6f61520e433b3d
B07QDK7V8R,store_52b0f9232f37fdac
B07QDLX9TF,store_7dce1d1438e1d3ed
B07QF1TCLJ,store_119b7987758f5212
B07QF3J61F,store_d5ff63402113311a
B07QF63H2M,store_2dbf8c801113b3ea
B07QFC7CPX,store_ff824661cc3a7ffa
B07QFC8J7S,store_ff824661cc3a7ffa
B07QFDMBL9,store_19aba4e9dadeae77
B07QFJN2H6,store_7e6f61520e433b3d
B07QFS4T4H,store_be78568e970e6cf4
B07QFT2R84,store_7c868e5ecc530d22
B07QFTTBP2,store_7270f5fdb20abebc
B07QG3TM23,store_35c0fd8b8d70bcb6
B07QG494L5,store_41af03ebb8159dad
B07QG5QZPG,store_6111c8111b1504aa
B07QG9NDJ9,store_08c3427444df1f67
B07QGF3KWL,store_454d5255ec6a6cdf
B07QGKK12K,store_20cfc66322a79bf3
B07QGRX75W,store_0272b1b51139803f
B07QH5QYLG,store_09f69b8ef7f77bfc
B07QHHFVQ3,store_ace893fb2c9553a3
B07QHPDH8S,store_12ae525e8d92ee0f
B07QHRS7JC,store_63f3f0f43be4b26c
B07QHSPHCV,store_c24c386867a6363b
B07QJ4KVJZ,store_72981a5d6bad29cf
B07QJFVNF7,store_f46c2d8a8dd7ae2c
B07QJYWMM4,store_b3fc0b4cff104944
B07QK618FC,store_7dce1d1438e1d3ed
B07QKGZWXP,store_ad663c4447d5901b
B07QKHSGVW,store_cb39cebbe5718476
B07QKMDRTG,store_6d1e50f7e3e7a282
B07QKV7VB7,store_66c9ba175dde6f9d
B07QKVQV1Y,store_cb39cebbe5718476
B07QKYM8LR,store_421debb792ad9981
B07QKYX7QS,store_ae0d9e748f118d70
B07QL3KY5H,store_2e8d0568dd83d202
B07QL6BTST,store_ca6f6f67611cef65
B07QL8B4TQ,store_662c5d8fe848309f
B07QLDG9FL,store_959f71cacf830c4d
B07QLW14RP,store_d2044f50319b6b46
B07QM5JHTQ,store_f614819be614f6e1
B07QM7WDNY,store_662c5d8fe848309f
B07QM85V3Z,store_662c5d8fe848309f
B07QMBMVQ7,store_a5d7e7b6bab2e72a
B07QMCGTSS,store_59851e905b720855
B07QMCHCVF,store_88a57a96878d0407
B07QMCXT39,store_ccf123a885a683a5
B07QMGXM6H,store_028fd98a048520a0
B07QMK2863,store_a91dcbb4df49d8bf
B07QMKBPKN,store_b6a7828d287416af
B07QMSJRX4,store_3cffcf169bb5fb78
B07QMWGMCX,store_9d9882d53381b63e
B07QMXMR6G,store_d793712da5448361
B07QMYNMBR,store_a24da1635e76a44d
B07QMZB996,store_f614819be614f6e1
B07QN6VJZD,store_59851e905b720855
B07QN97MKJ,store_0a49a6f0423303a4
B07QNG585V,store_ab1f532e78e478d5
B07QNGTSYY,store_b9c0bfb634ad9e00
B07QNH7JTJ,store_a90afa2eee3e70ba
B07QNHS3ZQ,store_d4312608208d3f11
B07QNJ3BGH,store_b6279f3910e7a475
B07QNJQZRY,store_0be0cc25b37e9bf7
B07QNSGKCB,store_b3de5d8bbe587bbf
B07QNSS9XK,store_b3de5d8bbe587bbf
B07QNVPPH3,store_522b276a356bdf39
B07QNXT75B,store_bda11c65e3a7c4be
B07QP7YTFN,store_7fdb1508280bd8aa
B07QP9B6JL,store_20c5d8b0d3449afa
B07QPG3RWG,store_662c5d8fe848309f
B07QPLQY7V,store_0a51a3d3727fe14f
B07QPPVVWL,store_997adc836efa6ea6
B07QPS6DZT,store_a25936bcd3e500b6
B07QPW6QJM,store_8f3f790557f8a7da
B07QPW8BFW,store_e4a2cb28b6376492
B07QPY3MS3,store_d5ff63402113311a
B07QPYV57N,store_51494e181349c1cc
B07QPYYV11,store_2d163116ce188189
B07QQ9D61Q,store_7bc43936bca6d3b3
B07QQHPMCZ,store_5333f2639d398b7b
B07QQNQVRV,store_d4312608208d3f11
B07QQRNQCX,store_1e21ae2d6104e748
B07QQVG77M,store_c1ed6324f367572b
B07QR1Q2ZV,store_b0fa1ad31ee781cf
B07QR4ZVRD,store_62b53829af85def4
B07QR83GPT,store_9784d1096de38ee1
B07QR98ZB8,store_bfef8be7e00ae3e3
B07QRQ4KCV,store_59851e905b720855
B07QRQVXRD,store_1e21ae2d6104e748
B07QRR7JL2,store_1e21ae2d6104e748
B07QRX2R59,store_997adc836efa6ea6
B07QRXDD3S,store_ed07f2ab6f740de3
B07QS1Y8Y2,store_674195509d6943a7
B07QS4BG2B,store_3cffcf169bb5fb78
B07QS5PH4T,store_c3b4898904994c95
B07QS8JQTJ,store_73fbc0a8de67b009
B07QSBTFDD,store_d347c9daada96d9e
B07QSCT4YB,store_51b7b52be158309e
B07QSQ4TL6,store_9820241b3bada486
B07QT795F3,store_6288c28f56a9209b
B07QT8RRZ7,store_b4ec72ce26617f75
B07QT9VNZ3,store_d347c9daada96d9e
B07QTB2FMW,store_70cf996890c672e6
B07QTHXN1D,store_44b9427d56b7324d
B07QTJ3F61,store_2cde7055a48151c8
B07QTPVVNM,store_6d1e50f7e3e7a282
B07QTYVMVX,store_6cb0cb19bdfe26b7
B07QTZHJJT,store_251d0aa7f74484bf
B07QV1BW1D,store_ce1a4c7bf214789d
B07QV5FTNL,store_662c5d8fe848309f
B07QV67KBC,store_e4bbb88a45e8d9ff
B07QVH35SK,store_75c7121461c9bcb1
B07QVH7ZKQ,store_ad40a44006a9b528
B07QVNSJF7,store_8a2f396bbf395f0d
B07QVQHCP4,store_99832fece78a348f
B07QVWRV98,store_b21ace4c00094aaa
B07QVX41R9,store_bfef8be7e00ae3e3
B07QW4NJZ8,store_6f1d88f6a21149ef
B07QW8FHGF,store_7d62f43a7cc074fa
B07QWBJFGY,store_aa816703cb6167b4
B07QWBWKVW,store_d601100ce9899ce1
B07QWD6YLV,store_639b32a2c9406011
B07QWD851P,store_faa0d54835cea1f0
B07QWFT57T,store_8d060fc529aa922d
B07QWK1714,store_a3b2ffa52d7c8855
B07QWM5DTG,store_5af00b1c4fcd6960
B07QWNVLMB,store_4a1060b93962aee6
B07QWP2NMR,store_affd33dec31b0844
B07QWPYV1N,store_4a1060b93962aee6
B07QWQTQJ1,store_120b9e3de3455a34
B07QWR1V1L,store_43007340bc9e3f91
B07QWRBRZC,store_345f1e09cc8806bf
B07QWW8M5R,store_be8551107fa7eb6d
B07QX12JWH,store_65ce56efd737cd49
B07QX72R91,store_792b993d333ed18b
B07QX8L3J4,store_67aa0baba993e351
B07QX8RYBN,store_67aa0baba993e351
B07QXDPCTK,store_555e0d82ecb4e707
B07QXH1YP6,store_d5f128a78091571c
B07QXJVGZG,store_f9f9bb8dd9ab3660
B07QXNH4F2,store_a3b2ffa52d7c8855
B07QXP4WDK,store_120b9e3de3455a34
B07QXR32KR,store_2d713e85eb83b8f9
B07QXRHY92,store_55244a4d773f3592
B07QXZ2Z5N,store_59851e905b720855
B07QXZ51PN,store_965a7435731c3b1f
B07QY116H7,store_5e71bf41cfd0c1da
B07QY8V5XT,store_18d2292035734e23
B07QY9NHLC,store_12ae525e8d92ee0f
B07QYD1J5C,store_5a409fae660a3e27
B07QYM8CJ1,store_f9f9bb8dd9ab3660
B07QYR6G8V,store_10ae3b04dc6675f4
B07QYR99MB,store_393a9fb00ae5246f
B07QYVWDMN,store_79661f679e1574b2
B07QZ1JRZN,store_d78f6090918e9ede
B07QZ3WZ48,store_4c418f55f5e564f1
B07QZBL9BX,store_2d163116ce188189
B07QZD6MKD,store_19ad2a052e722f4f
B07QZG2PG9,store_4a94c82ceff6020a
B07QZR9TTY,store_2cde7055a48151c8
B07R12ZK6Y,store_306aa9d7700df97e
B07R151NNF,store_59851e905b720855
B07R1J65C2,store_44e91fd74dd7f564
B07R1J7HWS,store_c5f3ed834c302ea8
B07R1K1SBD,store_dc2388984c8158c5
B07R1N3H8K,store_01bf45e02f4192d7
B07R288M6V,store_1540080d830e4513
B07R2DN9BB,store_3b53037a58ea7197
B07R39TZRM,store_131d76cecb25aa04
B07R3BZG9R,store_d82f600fefac80f1
B07R3CL8PV,store_b6f363fae94985a3
B07R3D849Z,store_d793712da5448361
B07R3JLXZ3,store_71727cb80d5cc0f9
B07R3QRZ1S,store_92df6fab485bda25
B07R3R2N5W,store_11336dc592f6c99f
B07R3T3VVR,store_78b690dc8e4a5fcf
B07R3WGMLL,store_4e1580c12a0f8af5
B07R41MMVQ,store_b5a15682f88a13e4
B07R43THC2,store_a24da1635e76a44d
B07R4825XJ,store_1f9643f5d45bdf7a
B07R4DWNJ1,store_254969eb913079c2
B07R4KT9YP,store_f1860398d5b341ab
B07R4MNRBC,store_d3c81b537da642d1
B07R4PZV7Q,store_195b7b9ab83d7374
B07R4SMTHC,store_3cffcf169bb5fb78
B07R56JV2T,store_c30e0c381240f0bf
B07R593K9T,store_dc12c5d86f8b3eef
B07R5S9WGC,store_0a51a3d3727fe14f
B07R5YK4QV,store_9dc79b233d1eab00
B07R65FBPH,store_9362ebda4797f77f
B07R6DP8ZT,store_3e1a59a216953c57
B07R6MXJ7B,store_598093f4a57058a9
B07R6P4L4G,store_05bcd0e7ceed08a1
B07R6QB81J,store_e63bf22a6ddb31c8
B07R6Z9H5B,store_4488382b33c54fde
B07R7824HB,store_8f0349e96b3ac226
B07R7MG97R,store_4cb6abc757278f30
B07R7SK736,store_9627d89ac60c1059
B07R7YWQKW,store_55646d59b706507f
B07R81MF1N,store_80a22866a446c42e
B07R86BJSS,store_a24da1635e76a44d
B07R88MPS2,store_d44586ba4e244f9a
B07R8H9815,store_fc7366860ff60b2e
B07R8PYMHC,store_f5453cbb06da6b82
B07R8S77YV,store_fc0a8d9a5a68ba91
B07R8TGRVK,store_687656f6a192ef9c
B07R992JH7,store_88a4d2f9aff61c63
B07R9RNDV5,store_b30daa7a7138bf91
B07R9SNPHT,store_b30daa7a7138bf91
B07R9V8RWQ,store_555693c21b14723e
B07R9ZSV69,store_8281e03f2c35a2d1
B07R9ZTHJR,store_1f18c4f74c803f42
B07RB731BV,store_d7457f04efed5720
B07RB78H29,store_b7c8173af0959644
B07RBJT142,store_c303b2a1f9f849fc
B07RBP4Y75,store_2162c6ecc245c34e
B07RBQJN1F,store_e7e17406f947e2d6
B07RBWP6Y5,store_1f9643f5d45bdf7a
B07RC89L39,store_80a22866a446c42e
B07RCDWW9Q,store_67a4121083a310af
B07RCGZH2R,store_82201a0b698a6131
B07RCYSFYC,store_64a04c44c54d34ba
B07RCZQJP5,store_e672e3493ecd80d4
B07RDG66K3,store_e6cb0c91d81190e6
B07RDHSV39,store_7ffeb8131374e589
B07RDP9RR9,store_4410806eb6556149
B07RFB4YRW,store_0a51a3d3727fe14f
B07RFF6RNN,store_8a4f303721d3d25c
B07RFKJZ5M,store_7be2b24ea3e6cad8
B07RG332M3,store_67339dee0a2254bc
B07RG62P8H,store_f0bfb77414310f10
B07RG63DLW,store_bb9cad10a3e467c2
B07RG7624Y,store_8a2f396bbf395f0d
B07RG9VYF6,store_8e51f05373e8c316
B07RGB62RX,store_8f973bf34d398ca2
B07RGHMBNN,store_5b0894ba78c00468
B07RGTK9B4,store_5d98de531faf7ea1
B07RGXDVCV,store_ce15802a8c5e8e9d
B07RGYFP5C,store_bc16a4c0a7444a59
B07RHJ4MXV,store_6d510c42156096bc
B07RHMQBFJ,store_13818a5684a7ed4d
B07RHMY19T,store_abfd2a9f68b4808f
B07RHRPY8F,store_a327c2a26fcf03ee
B07RHS286G,store_eae957976b11e0b3
B07RHZY5CP,store_d72dc68e14e196dd
B07RJ2XK14,store_5a409fae660a3e27
B07RJ7VFBG,store_4c14d1d7e3ea6696
B07RJGX65C,store_4bcfe69f1abd9cdd
B07RJLLF6Q,store_b27395661d2dde22
B07RJN9G6T,store_e6cb0c91d81190e6
B07RJNJXBJ,store_bed5e0f7bfc2f4c1
B07RJT698Y,store_e430d9c7efc1efc7
B07RJTXTL6,store_4a59d21e6fa5f14a
B07RK4S182,store_19073fe11c0e38ef
B07RK77157,store_c5c17f9439b0d828
B07RK7PB14,store_085d8d0036086d0f
B07RK94D3J,store_d45114728a7be33c
B07RKJV8DP,store_329ffef4a7ea1b64
B07RKKKT3T,store_4e1580c12a0f8af5
B07RKN35L9,store_6d510c42156096bc
B07RKNP574,store_7394adc3ff954a29
B07RKRLF6C,store_2ce4f57b5786270d
B07RKSP89N,store_dd3b7bd7790ba29a
B07RL43C2H,store_1be1a65519cf757b
B07RLN4ZCC,store_e205888b17f2f470
B07RLQ4LV5,store_c3738c9e6dbb764b
B07RLR7RBQ,store_5145747890406d77
B07RLSLBK2,store_e4bbb88a45e8d9ff
B07RLW353S,store_d285fb065cfc39c1
B07RLYF64X,store_807c38e17337cc21
B07RLZTGGK,store_9a3c88a97565669f
B07RM1C9GK,store_fac9a0f5430f8dac
B07RM8YWSC,store_bcf0565b38bd8a39
B07RMCP3Q5,store_f77975a97e7cb3fe
B07RMH8RNQ,store_f71c44ef7d84d2eb
B07RMK5J45,store_93e1957119b7a69b
B07RMV55TD,store_6faf8698c0f8a6a5
B07RMXZ14Y,store_0d7dc87c29fcccd4
B07RN1GC6K,store_fcbec87cda917db2
B07RN6NTT8,store_4f987a7901c022c1
B07RN7MY65,store_8b18942796c86934
B07RN8TZ8R,store_d12d8113a3387936
B07RN8VZ4M,store_d12d8113a3387936
B07RN9J69Z,store_96eb6a46de6d02eb
B07RNKG6GJ,store_1968e36b5b9ba129
B07RNWQDCV,store_cea5bdbfd9ca8760
B07RP3SNXV,store_009ef1d86b718a1c
B07RP6Q43W,store_75a0900293cb8381
B07RPB2SM9,store_74e10024284bd4b1
B07RPDHQNN,store_e2345109fc5ee6fc
B07RPQS1JJ,store_9ac06d8d7b79996a
B07RPRFRP4,store_8741a502f50923aa
B07RPY5CP2,store_b7dc6b837aac367b
B07RQ5PVQ1,store_254c146740287cf4
B07RQ7LD6H,store_8a3e45c38275d055
B07RQ7TH9Z,store_7dfb7b85cb2ab245
B07RQGQPP5,store_3406708933726dc2
B07RQJHC7N,store_4dc2eb4fa8f50b16
B07RQLV6T9,store_5702ac92a9d85baa
B07RQQFGDT,store_f8af905bcb353f9c
B07RQQWJJC,store_08f775ac99cdb479
B07RQR2YGT,store_662c5d8fe848309f
B07RQX5ZJN,store_a25936bcd3e500b6
B07RQYT93N,store_f26aefa128aa6de7
B07RRDYCZR,store_46a808cfd5beafa5
B07RRNPJNR,store_662c5d8fe848309f
B07RRR8NMP,store_e1b26aeddbd1c944
B07RRS23K1,store_9f5c788e57324c46
B07RRVNQSV,store_6eab9c5d6084c5b3
B07RS2YZQQ,store_a1a9dc7eb04b6adf
B07RS3SP79,store_fac9a0f5430f8dac
B07RS4K97B,store_96f2ddb92fe23b50
B07RS4Y5CS,store_59d2ee7a6e767163
B07RSJXHVW,store_ab5e52944720efb1
B07RSPLLC2,store_09966546eaeb3b81
B07RSS8R9T,store_f5abfd4e20f86902
B07RT2DD8V,store_313860125dd8c1fd
B07RT42LP6,store_fd29a9d921caccbd
B07RT6LHKX,store_d92511ee63cd9ee0
B07RT875NZ,store_6d1e50f7e3e7a282
B07RT8VJ8W,store_c75599007f70e1bd
B07RT9BS8Y,store_aa5c82e773c8bac8
B07RTPH35L,store_34ada3c1f0f7c226
B07RTYJ8JN,store_f5abfd4e20f86902
B07RV1BMS7,store_d0028a5ed258e510
B07RV36JRW,store_b71438da8adfd0b2
B07RV76HH3,store_b3163e07998563ee
B07RV86B18,store_83d0dfc2400769c4
B07RV98JFZ,store_ff02812922b0bdef
B07RVB6WV7,store_3c9cea016ca9976b
B07RW3CRQZ,store_da75ad94f2528f54
B07RW5R4RQ,store_b845cfbfe72d22f5
B07RW78DS8,store_6b38bb14f43f8751
B07RW9NXVV,store_2e2974db3a95d542
B07RWHRH5S,store_969f3607e23fda48
B07RWMY614,store_b31b6807d99d7a50
B07RWNW9GV,store_96f2ddb92fe23b50
B07RWPS9MQ,store_96f2ddb92fe23b50
B07RWY7GLY,store_969f3607e23fda48
B07RX5C1K3,store_65eddcaf8ddaba7e
B07RX7FXB8,store_82093c4dee69a0e9
B07RXQQGBG,store_dbee4e2d8759e732
B07RXRN33M,store_54a4baab6a3bcd18
B07RXST47T,store_64c92173a4bbfa73
B07RXWG1RD,store_95e1687dc87375b3
B07RXZ2YBM,store_64c92173a4bbfa73
B07RY5MW2P,store_5562c0d191b129dd
B07RY6BQVZ,store_0aa0302b214d33ec
B07RY6CS54,store_d6f02c47383c4935
B07RYB359R,store_f172e484a3a68776
B07RYFH668,store_dcfcb0a378527bc3
B07RYM4J3R,store_411e2b300f75eb47
B07RYMN8YH,store_70fa3f087e47e703
B07RYN86RV,store_78159e7b836830d0
B07RYNWDDY,store_59851e905b720855
B07RYSDMZT,store_26e78be1eeec1289
B07RYW4PJD,store_da8a8bb442982f4e
B07RYWSQDN,store_fe17c16a2f5fcc9d
B07RZ4CGNZ,store_26c08db510542539
B07RZ4J45Y,store_969f3607e23fda48
B07RZ8Z53R,store_f172e484a3a68776
B07RZ97HGQ,store_a0caba95065dc420
B07RZ9QD39,store_fefb088cd36b68f2
B07RZF7G63,store_c6043790dee45310
B07RZGGFC1,store_ab1f532e78e478d5
B07RZGSMPP,store_ff18668057b68671
B07RZPFSB8,store_f0f299e06ccc0019
B07RZRRM1R,store_52f497f83e063b10
B07RZTHJ86,store_d9aba39b52b93120
B07RZVTZNG,store_a40790b29c4c0229
B07RZZLB84,store_515290b36d83fedb
B07S141T2R,store_22c039e8bc7856a8
B07S18GTXP,store_f172e484a3a68776
B07S1BTDCY,store_0fd1acb7cbd5502b
B07S1BTNB3,store_3f489858235c9270
B07S1CGR7P,store_fefb088cd36b68f2
B07S1CJMS8,store_f172e484a3a68776
B07S1D8YQN,store_fefb088cd36b68f2
B07S1F9W97,store_522b276a356bdf39
B07S1M2F9G,store_cb39cebbe5718476
B07S1NDL2X,store_662c5d8fe848309f
B07S1PP58R,store_78159e7b836830d0
B07S1VGKLT,store_be6932a8a3fd2474
B07S1XH21J,store_da8a8bb442982f4e
B07S1ZK345,store_37f9bc49e7ce8438
B07S21BZN4,store_a86512d4fe20683d
B07S2CZ4QB,store_23d1c156e8e6578b
B07S2F6V3B,store_fefb088cd36b68f2
B07S2GJQ9T,store_be6932a8a3fd2474
B07S2HKRVM,store_e37bbab3daf84c01
B07S2J6MS9,store_ad3e7eb1e9313bdb
B07S2KT3DL,store_101a4b7b6f547749
B07S2XBBCN,store_9fee7d9bacb11c44
B07S32LMX9,store_36c4d02619f5a849
B07S33MCBZ,store_fb7e9f49c9ad3323
B07S37LFN7,store_7ee196072eab3770
B07S38C2XQ,store_be184a86e9e61b90
B07S3SMF4P,store_9f50449a9f199805
B07S3VZQX1,store_87c11ba2ae5d674e
B07S3XPSN5,store_3b0ee849f1377d3b
B07S4298B7,store_1391d9f42fff3c7d
B07S46B1QW,store_a25936bcd3e500b6
B07S4GL3WV,store_cf2e7dab826a3502
B07S4MZC35,store_87c11ba2ae5d674e
B07S51GK3Z,store_2b088ae4c99d94e2
B07S536S6G,store_71dc0c6cf450c9b4
B07S5CB37Y,store_9ca28cca8c1f4ac8
B07S5H2Q4F,store_fc0a8d9a5a68ba91
B07S5HRR5R,store_fc4612cc2b0c1c08
B07S5KT452,store_26fac9701ff6f9c2
B07S5Q9LLX,store_a25936bcd3e500b6
B07S6N9B3L,store_3406708933726dc2
B07S6QJHVG,store_2571aae9329be79d
B07S7DD39G,store_ede05c43f5632361
B07S7GVL62,store_024376ee5b392e9c
B07S7LW4HV,store_d7457f04efed5720
B07S7RMVW2,store_4b249c2d884513b2
B07S7WDT1C,store_ad7f2e29a30c89c3
B07S81QMCV,store_9fa3405eaa3a3e04
B07S837WKC,store_0a7cef5b85565c44
B07S83MCHF,store_b7232821a165bc94
B07S88XC5S,store_c94b704ce85f886b
B07S8K2NWT,store_3d9028763e45ecfb
B07S8KQCBC,store_9fe19686995d32b8
B07S8ZT7J6,store_baf85db48cecfc2e
B07S94FGB7,store_cd4df24164c1088f
B07S96L7GX,store_946d65c1b13e3c54
B07S9J6K3S,store_4046bd39a5cdae68
B07S9M5JGB,store_92643be4c557de0b
B07S9P7HZB,store_fbde018b5a0af849
B07S9PNPBK,store_d3e2c5d3ff7cd81d
B07S9W3PPH,store_1c155a90193731b5
B07SB54CJZ,store_254969eb913079c2
B07SBD6WHJ,store_1c3a282f3a183801
B07SBDRNGD,store_48f116a32ab5cbde
B07SBJJD1K,store_d65b2c63b3aacbb4
B07SBL59QX,store_ffc0fdb01f29fa62
B07SBYDTSQ,store_9550f91aff6e5bbf
B07SC1MSX2,store_f2576ae0e1ed2488
B07SC5KD51,store_334415b61331c337
B07SC9R26L,store_598093f4a57058a9
B07SCLZPR3,store_7940428491fecfa7
B07SCP23GZ,store_62ecc1a4eef68449
B07SCZMFFY,store_3b0ee849f1377d3b
B07SD36NTP,store_80c42de09629fd3a
B07SDBK69Q,store_942ce9916abfca91
B07SDBYKCR,store_337bc5531baaad1c
B07SDGB6HY,store_47ceaf4c03e8f837
B07SDSSJ82,store_447496b90f466783
B07SFH8BM6,store_fe7d76dbf0986a9a
B07SFLZ92Q,store_932bb73f66d30ad1
B07SFVXNRL,store_47ceaf4c03e8f837
B07SFY6CKZ,store_b395e112320cd6fe
B07SG13JV3,store_bfadc4037ecde184
B07SG56X97,store_e376d9fb68b982de
B07SG7TM27,store_795581e281ab3cb1
B07SGBWSDD,store_bb0b6647e93b6fb3
B07SGDV2SV,store_2b4920020fef3d58
B07SGFRDKV,store_e1585694693badd3
B07SGGQWDJ,store_ecfad4194aedc826
B07SGJMMMN,store_e429bdf4c89c388f
B07SGNZ86V,store_b70b0999bccbcad2
B07SGPHLRX,store_f76d23001e868d69
B07SH1HJVN,store_3b5d1de3dcb360ef
B07SHR5JCT,store_abd49cf6b464e2bd
B07SHTYTZX,store_d2afb69fdc0be110
B07SHW6LB3,store_1f5aa0ab82555398
B07SHWKRVB,store_8b73b02b4a66b046
B07SHZ1MF2,store_86e44d671ce841de
B07SJ4RDJQ,store_96e4d5795026b8f5
B07SJCPZ3D,store_48e3b5a47763d730
B07SJRFX79,store_0ef4dfb180f3e4be
B07SJZR3HK,store_f697e0530317509c
B07SK1Y4NY,store_d3aaa0bc63783720
B07SKFD8HJ,store_3a35ceed678e64dc
B07SKJSD9S,store_4bfabd812865e54e
B07SKR4B78,store_1aabc161cde33324
B07SKVTTS3,store_07e56bcf26d490eb
B07SL3JN44,store_21acda96ce3e0056
B07SL8RNT4,store_a286fda8006996af
B07SL9M4PM,store_5c6f81de77af1781
B07SLHYGV3,store_2d163116ce188189
B07SLMCCV5,store_ecfad4194aedc826
B07SLRC3TQ,store_c7950f946ce2beb6
B07SLX8WKB,store_f03c0a59c59454ee
B07SM2V75Q,store_1f5aa0ab82555398
B07SM428Q8,store_659ec9ec038acd39
B07SMMDTG5,store_866f7a0d8a70da01
B07SN1RW1F,store_0e5ce51202881350
B07SN2L9MF,store_548b90096d12edac
B07SNPQMXB,store_e519767ade88e6a6
B07SNRLP91,store_f03c0a59c59454ee
B07SNSWS5Y,store_fbcbd9554249111d
B07SP8SQNG,store_1f5aa0ab82555398
B07SPBQG22,store_5da9c86f5b14c4da
B07SPFJ93H,store_4879099d57f42742
B07SPJK7JW,store_ff06f108d04b5699
B07SPJQWHT,store_e891b3f59d5ab0e5
B07SPL9WKQ,store_ee9820a8a341ce9d
B07SPRRL9C,store_2febe05b8b996219
B07SPRZCFV,store_3e27e9539b085dc7
B07SPVSKSD,store_7097a4cafd905e32
B07SPWQMSX,store_ff06f108d04b5699
B07SPZJKG9,store_59851e905b720855
B07SPZQPRS,store_1aabc161cde33324
B07SQ3YTNJ,store_28756abc599b16fa
B07SQ611Q4,store_8327e2aa942552ce
B07SQ7JCKY,store_3895da7ca48cef0b
B07SQ7TQYJ,store_978c9f3f747bbf4e
B07SQ81F6G,store_e519767ade88e6a6
B07SQB13BY,store_9ec1a9d7d472166b
B07SQH22VV,store_1c83787c66acc457
B07SQLJMXL,store_d4b9860bfbfb2615
B07SQRKKK8,store_06a821ca9818108c
B07SQW5715,store_8c7881109c07f2e2
B07SQWT8KK,store_51ff63f146e9f618
B07SQXRRZ3,store_e566b800bb19986d
B07SQXWW2W,store_51ff63f146e9f618
B07SR16J1N,store_4951294c1644d426
B07SR19WYH,store_47c77e4b1f41b803
B07SR1TF5F,store_5aabedeeee6d69c5
B07SR1XGFX,store_51ff63f146e9f618
B07SR2JJL7,store_e566b800bb19986d
B07SR2Q53X,store_ef61a43b2a460bdb
B07SR86KTN,store_52343dd7ac906ba4
B07SRD13CZ,store_812ecd580038ff9f
B07SRJMS1C,store_50625ff967aeb47d
B07SRMXSK5,store_b5bc690554161314
B07SRP86JB,store_dfbda462d866b6f5
B07SRZGGHQ,store_2b37e492d8fe6cf4
B07SS4G6B2,store_ab1f532e78e478d5
B07SSFL9T5,store_213409aec715cbae
B07SSJV5QG,store_804e5cbf776c6eed
B07SSKX9PL,store_0018722d1fab9ac2
B07SSVQ3BL,store_96f2ddb92fe23b50
B07SSVSYLZ,store_96f2ddb92fe23b50
B07SSWWR3N,store_87aefd4b4666c781
B07SSXW29J,store_7f12ad317c257bf9
B07SSYL9HD,store_fa49373d808fea02
B07STGLQCQ,store_ff7b5c6b3031ab0f
B07STKDGRK,store_27560d5685e017ba
B07STMMDPZ,store_0018722d1fab9ac2
B07STYP73C,store_62f5d838cf290527
B07STZ9GWV,store_b27395661d2dde22
B07SV1KNDY,store_0b1d13a3447c1e93
B07SV347V2,store_750bffdcaa1ae1b3
B07SV6MP41,store_747b60041a2ee789
B07SVDDXNM,store_3895da7ca48cef0b
B07SVDGK4M,store_96e161c787b60bf6
B07SVZ85SJ,store_8075defbad62e619
B07SW2QTTB,store_311f1fbb0cb2269c
B07SW3BDSR,store_5aa57f314f05203d
B07SW3C57W,store_62f5d838cf290527
B07SW672S8,store_abf981c3678a48ab
B07SW6Z5J6,store_87aefd4b4666c781
B07SW7D6ZR,store_95b4fb875b100a67
B07SWFFT6P,store_a507601c7ea37df2
B07SWZF3XQ,store_423f95f9bb37e213
B07SX3FLKM,store_b5921e1e2079bbf5
B07SX3JKQF,store_7e47c38f970f3514
B07SX4LCH1,store_5e5c3370ad8476dc
B07SXB2LDR,store_40bc268f88e6d1bb
B07SXJ5BM9,store_b30daa7a7138bf91
B07SY84DPP,store_5aa57f314f05203d
B07SYHZ3DM,store_7bea26faa95f3aef
B07SYXGW28,store_80e77117707cfb0b
B07SYXPBTR,store_9f6b7493987fa2b4
B07SYY1162,store_06b164a6b62c1247
B07SZ65JQR,store_c44d25e0aa4e432f
B07SZJ979W,store_635277e2df0d27c5
B07SZKFY89,store_b88d5da5d8c5ea78
B07SZLB9WQ,store_b89884500a1cead9
B07SZN65KC,store_9b22992345323ab8
B07T14J4F5,store_d7fdcd1810e2e574
B07T15LBGZ,store_191b97fa484a486a
B07T18DN8G,store_2566c10fa4eeb37d
B07T1SNVWW,store_b395e112320cd6fe
B07T1SXR1H,store_c94d2f9c5a23c124
B07T1TPW4P,store_9b22992345323ab8
B07T1VJWJ3,store_610150ad0ff61a8d
B07T1YFM2X,store_f9f7232290a000dd
B07T21RZRS,store_13818a5684a7ed4d
B07T23M5FQ,store_59851e905b720855
B07T24PZP1,store_fa59e45932ebe7ab
B07T251R3N,store_ad42a29105dc670b
B07T2FQ2L6,store_9b6c6ffc2e8e24e6
B07T2HTQY6,store_a3b2ffa52d7c8855
B07T2MFBCN,store_b89884500a1cead9
B07T2YY9X8,store_a6e73be511285c31
B07T33PMCC,store_9e169642fdd7c02e
B07T34S1NT,store_5c4df3312bb6a891
B07T36BKJ8,store_59851e905b720855
B07T3CDP9B,store_f7f37372b8df0638
B07T3P8XVL,store_69bca284fc8dc54d
B07T44YXRK,store_0b313bbccca6045c
B07T4HFZZJ,store_93653d61b3e80092
B07T4T9GV3,store_5888d8a0dc7137fe
B07T5458PD,store_a6e73be511285c31
B07T5JNJ58,store_861a86beb916dbf7
B07T5X557R,store_ee756d660b92494a
B07T5X8V5M,store_29f4dbc447dff225
B07T624K9V,store_6d161a6d50d81326
B07T62NWZX,store_c092289daeea632b
B07T6688GW,store_f2576ae0e1ed2488
B07T66QBBW,store_52e514083d6a6f7a
B07T6BCY83,store_c28fc34465f49889
B07T6CPG8X,store_d36bb08f800a8cca
B07T6H57PF,store_96c54654b2e24cf0
B07T6XS55H,store_fa9900e28dc9adb5
B07T7DJ1FV,store_0e3b28fdf588e4c5
B07T7LMNWT,store_f3d668550ae2243b
B07T7TYRX1,store_60ffb7debd4e2f2d
B07T81QM35,store_8f3f790557f8a7da
B07T82QSXQ,store_5cbc252ad5089191
B07T84Q6PZ,store_168a0a7dde299b2f
B07T85X537,store_2772663ddc3cedca
B07T89C6F6,store_355e13897e61b791
B07T8D25TS,store_485da9df6b7b87f9
B07T8DXHBN,store_e0f75e930bbb78c6
B07T8F28JZ,store_ea2f7bcdff370a2a
B07T8JRNLZ,store_29d59a378eadf712
B07T8LY2K5,store_3ff5418671159a36
B07T8RNCMV,store_31d9882dc5c5e4e3
B07T8TRQVH,store_3dfdae4fafff94bc
B07T8YMBZY,store_d36bb08f800a8cca
B07T93TKQM,store_8f3f790557f8a7da
B07T93XK29,store_8f3f790557f8a7da
B07T96XPCK,store_a327c2a26fcf03ee
B07T99P7SV,store_ecdb6dfd69ff6978
B07T9J17HC,store_421debb792ad9981
B07T9PBTX5,store_514793e52072cd2c
B07TB1JXBX,store_fc4612cc2b0c1c08
B07TB5ZR4R,store_af2b33a5fe932a4e
B07TB8D1RR,store_5cf7b6d062fd901c
B07TBGGNYT,store_5b3c0f5aa93da835
B07TBMD6GX,store_efd36eeec68cc913
B07TBP7471,store_b7a9e20b7760bacf
B07TC2WZ9V,store_627715c8619355cf
B07TC5123G,store_29da754a1355acc9
B07TC5HL5R,store_24ae7d356b42b20c
B07TCCX5RZ,store_0546306c6a777df4
B07TCQP5G7,store_514793e52072cd2c
B07TCSFLXL,store_bc0bd23930f42e73
B07TCX27TX,store_44b6f47ead86736c
B07TCYB8Y1,store_82201a0b698a6131
B07TD89Y2T,store_2d1f20bc0143f4ce
B07TD8R8BX,store_ebf97d940017fa1c
B07TDB2M5R,store_2772663ddc3cedca
B07TDFDGZ8,store_51a426d6565f30ed
B07TDHVJ5B,store_7c9d59fd5e8dbd64
B07TDKG9Q5,store_5c360ddbd0aa2acf
B07TDN9PCN,store_0512bf5b30da8a71
B07TDZ9RSM,store_82201a0b698a6131
B07TF9Q7SW,store_80b0c5df6ec583f9
B07TFCDDFV,store_094fe2ff857f0bab
B07TFCZFL9,store_6c5ca1d8d4b9c4f9
B07TFHNP5P,store_ceda380a335f76e7
B07TFHTBGW,store_7785cf7370d9986c
B07TFJPN8L,store_b33dd832c93bd340
B07TFLVKF9,store_a2786319c4367a44
B07TG9GQYY,store_3895da7ca48cef0b
B07TGB5TX7,store_c44d25e0aa4e432f
B07TGC2BK6,store_dcf24fd59f7345c2
B07TGC7BV7,store_f76bd5e157c09f1c
B07TGJDLLB,store_c81ccf6ce94a3c4e
B07TGSM5N1,store_f7f37372b8df0638
B07TGV5XZ2,store_f46c2d8a8dd7ae2c
B07THB17WH,store_29d59a378eadf712
B07THBZFXY,store_514793e52072cd2c
B07THFS93W,store_5ce0202155110b01
B07THGNYQS,store_6e1c239aaae5ff53
B07THHZRQZ,store_905068c40fe092f9
B07THNHB6Q,store_31d9882dc5c5e4e3
B07THSTNNC,store_6c5ca1d8d4b9c4f9
B07THTDH4B,store_711d1f0f5fb20fd8
B07THTWKKQ,store_1b18e67719c8ed9c
B07TJF9V79,store_728f0d3fe108bf70
B07TJGMX9T,store_7e47c38f970f3514
B07TJP9CNR,store_626cd710e1822568
B07TJQ6NN1,store_4e40d0cdcc9010a4
B07TJQZ7SD,store_598093f4a57058a9
B07TJX5BT5,store_fe6c701459c503aa
B07TJZLW1N,store_751216d4c8664d10
B07TK3MXVF,store_abd5cf4ffb5b7f09
B07TK4F86Y,store_c3795ee0bfa21dda
B07TK7QWYW,store_86cf5545a58e224f
B07TKD47FK,store_50d8b4a941c26b89
B07TKF3N2V,store_f6ca2ac046f996bf
B07TKGDB52,store_19ad2a052e722f4f
B07TKJ4BX8,store_8e8080ab3c3950e5
B07TKKLF3X,store_aaba3f3cda3945a7
B07TKL1JWL,store_aaba3f3cda3945a7
B07TKL9FFH,store_8b5e71bb89189d60
B07TKRK7MS,store_296a188a1f81a931
B07TKTMFHK,store_42935af1dbc99dcf
B07TKVL3SH,store_8b5c14f0df9694b9
B07TLBPVM5,store_8f973bf34d398ca2
B07TLD6JKT,store_d8771d2b0bfd2d61
B07TLJHX9P,store_9d49722d791b0113
B07TLM87KX,store_2db6665815c4236a
B07TLMQ2QH,store_8328e30d2f007a17
B07TLQ2HKL,store_26d03aabb080db60
B07TLSM2LM,store_750bffdcaa1ae1b3
B07TLVSR2P,store_942ff9457828ce62
B07TLWCVW1,store_3406708933726dc2
B07TM27HRD,store_ea999febd25f5d73
B07TMKCR6W,store_b2e42b5646f368eb
B07TMKXGNN,store_ec36fa84cd0d7b08
B07TMXZW5B,store_950e8e0591e2cdd9
B07TMYHPPS,store_fcdd578ec19a533d
B07TN8P1VS,store_4e0b96eac56e32f4
B07TNNXDW1,store_7d871a79c86c9644
B07TNR63YS,store_a022547135576828
B07TP53C8G,store_dc409dce4bb43ed4
B07TP56TNL,store_26df75c0d539791c
B07TP5X7FV,store_016a5906e37cd0fd
B07TP5ZKC2,store_30cdf1c69f147125
B07TP6RYVJ,store_df8c07b6e1e1fb10
B07TPM3YVK,store_e0f75e930bbb78c6
B07TPRV19F,store_e6eed0f05261332e
B07TQ2JZ43,store_c86cb832738f85b5
B07TQCMP2R,store_78169bf78feea2b2
B07TQF3LCV,store_602e83dd472d6ce9
B07TRDND6N,store_a25e490b03f7ab7e
B07TRL257F,store_24b6c027e63c0d4a
B07TRQ9VRN,store_25f5c6e2eb86bac6
B07TS3W9X4,store_96c54654b2e24cf0
B07TS5VYH7,store_dfbda462d866b6f5
B07TS7KV46,store_e4bbb88a45e8d9ff
B07TS7MLM5,store_dfbda462d866b6f5
B07TSB7L6N,store_a3b43124cfa60ba4
B07TSC36VB,store_6950bae3d2ff8073
B07TSC6F1D,store_cea5bdbfd9ca8760
B07TSD3GN1,store_4cabf574f84424cc
B07TSD8JBJ,store_180a7fafcbf9d835
B07TSDB8MN,store_66c4dcc4bb4944cb
B07TSGTK3C,store_1f7f216cf036430d
B07TSH4VF7,store_a3b2ffa52d7c8855
B07TSHBYNG,store_7e4ba31a5a1a2c21
B07TSM6M6X,store_625957958ef48f74
B07TSMMS1T,store_1c5c42e35a0338f2
B07TT1CRJM,store_3da20ce4e7bbd12e
B07TT417WR,store_5a21789993827085
B07TT4L5LC,store_3952c936fd1581f3
B07TT58BGL,store_cfb216a138999aa8
B07TT9C4B7,store_c8969601b8ba191b
B07TTB4NMH,store_ff80e31a21e9ff11
B07TTHB62B,store_3d1949f1207ca867
B07TTN7DHV,store_6faf8698c0f8a6a5
B07TTP8RSV,store_a410159fc7c9f2e9
B07TTQ92RS,store_e54064c6e8f0f892
B07TTRBQ8D,store_9eec352ec864ae60
B07TTRCVM4,store_016a5906e37cd0fd
B07TV1N2CG,store_9f31f3f6a85bf594
B07TV65QF1,store_55244a4d773f3592
B07TVBJSX5,store_064791d16f974d72
B07TVBV25P,store_edc7346acebd73bf
B07TVF35X9,store_e2dcd4811c55d1bf
B07TVFLGKV,store_86f7e437faa5a7fc
B07TVJ2JBC,store_2aa541ffbf852484
B07TVPDLQH,store_7aef04c876f7276f
B07TW8VZ48,store_53d90041e5cdf950
B07TWBVWNW,store_3b0ee849f1377d3b
B07TWD3Z7R,store_c8969601b8ba191b
B07TWFW6DV,store_2c0726ad1281c651
B07TWHDRDM,store_2158b124ddb09de1
B07TWL31VQ,store_376267c73a1603b9
B07TWM2CXD,store_ab5e52944720efb1
B07TWQ77N5,store_7e4ba31a5a1a2c21
B07TWT176G,store_bdf713c52379c734
B07TXB63WJ,store_dc409dce4bb43ed4
B07TXFKXG5,store_598093f4a57058a9
B07TXGF1TP,store_109b157f4059c88b
B07TXJTQXS,store_08e1db01061b7cce
B07TXLX7TP,store_e2dcd4811c55d1bf
B07TXM5P3D,store_f697736d45be162a
B07TXNGBXC,store_0b4c385004fb94a5
B07TXP37PJ,store_b89884500a1cead9
B07TXV49P8,store_dbac1f7e53a485d8
B07TY43V2F,store_9c4049aef6c786f5
B07TY84MG1,store_26966dd9ff2f5a88
B07TYB2CMQ,store_9e169642fdd7c02e
B07TYF6Z31,store_662c5d8fe848309f
B07TYLWXWY,store_fcdd578ec19a533d
B07TYMGLJF,store_b7a9e20b7760bacf
B07TYMQ3HN,store_4f7acc4a478d8957
B07TYQBVB4,store_fac25e5c0981a92a
B07TYV6KQS,store_7e4ba31a5a1a2c21
B07TYVLSN2,store_3f38a2085f5441f9
B07TYX4VL7,store_26df75c0d539791c
B07TYXFF1C,store_e7838036bad1cac4
B07TZ3JJG8,store_9295b11b81b0a29a
B07TZ4XDQV,store_2f6a66030409a52c
B07TZ6HG31,store_07815387c6496059
B07TZBG34L,store_ea999febd25f5d73
B07TZDCN35,store_1e8e2b01e4dbee76
B07TZKDG5K,store_e37ef80fdcd30418
B07TZM1HWZ,store_e519767ade88e6a6
B07TZRCZ5Q,store_2f6a66030409a52c
B07TZTF9GM,store_be8551107fa7eb6d
B07TZV16SS,store_6fea6c6c00d35925
B07TZZWF4W,store_3406708933726dc2
B07V1L2RNP,store_b04158379f97a092
B07V1NHQC5,store_151b5b0dfbd9d6cf
B07V1XZYTQ,store_cb6258f40361751b
B07V23HBVY,store_d7f7d8bdfbb6397f
B07V2B2M9J,store_aa75520f89ca1de1
B07V2BCSN8,store_2fd3402129116c18
B07V2D5SF4,store_9e169642fdd7c02e
B07V2XL1RT,store_4c71323b6e01a9f5
B07V2Z16BP,store_b65a38894ca580c0
B07V2Z25FL,store_b04158379f97a092
B07V343YTT,store_1bfdd9aa1ff43a09
B07V347MSD,store_5db7476e63e9f1ad
B07V35C7L5,store_ea2f7bcdff370a2a
B07V3CF7Q8,store_6c33762d4e9be5e9
B07V3D2417,store_b53ac7deedc086d6
B07V3HZ1HB,store_96cb08bcf44b9809
B07V3MNVQD,store_92df6fab485bda25
B07V3SYXLR,store_581fd184b97e6c41
B07V3VRSQM,store_bed5e0f7bfc2f4c1
B07V3VSB1B,store_bed5e0f7bfc2f4c1
B07V3YDKMJ,store_7430f11c94783f2d
B07V489X2M,store_b3f4cd5813a980b8
B07V4DPHP1,store_8ca2ccb8eed5cab6
B07V4H9R4P,store_ee3ddc344bc3b866
B07V4K97Q5,store_a956f25cf63bb4f5
B07V4RD7YL,store_b8288a3a5c99ca76
B07V4VFZ5B,store_d138f9f37b262e53
B07V54QQPT,store_ce5e5b3c9df96859
B07V57KH5K,store_59851e905b720855
B07V5JHY3Y,store_5df846345f879dd2
B07V5KKRNB,store_6f5b01580ce43822
B07V5L9GCJ,store_e080d12034a5ffb6
B07V5LN5PM,store_a118b5d8616b3189
B07V5WXSFC,store_c1b68bf821acf58f
B07V5XRB14,store_ec36fa84cd0d7b08
B07V69NDQB,store_e0f75e930bbb78c6
B07V6CMRPR,store_a3b2ffa52d7c8855
B07V6MRFYL,store_56cd3cf5d6a7d619
B07V6RQGRR,store_7a37fadf2ff453ef
B07V6SGYD2,store_efd36eeec68cc913
B07V6TGV43,store_7502f1a277835265
B07V6TQZ5Q,store_7e01a9a1b85f9df8
B07V6VGNDS,store_637f2492db30a3a9
B07V6VZ8RR,store_7502f1a277835265
B07V711TWW,store_f02144d57d7270ed
B07V73CSK3,store_e948f89631b3f958
B07V7DBBK4,store_55244a4d773f3592
B07V7DX7HF,store_32a5a96ccd46f3c1
B07V7NQNQ9,store_922cc777cae522a8
B07V7T6N64,store_6224e8144d0f5fa2
B07V7YDDVJ,store_942ff9457828ce62
B07V7YZNFN,store_630fa605f6b083db
B07V8GH8D7,store_2f6a66030409a52c
B07V8LQCZL,store_2fd3402129116c18
B07V9CQVY7,store_662c5d8fe848309f
B07V9FVH7Z,store_d68d60feed542374
B07V9JQJ93,store_ec89e685da37e0cf
B07V9KBWF5,store_2fd3402129116c18
B07V9ND6SX,store_ee3411d00a23181f
B07V9NWY3K,store_c1ed6324f367572b
B07V9RJD22,store_aa5b6884ce5baf0d
B07V9XYGKL,store_ec89e685da37e0cf
B07V9YH4KB,store_2fd3402129116c18
B07V9Z8RDB,store_38612c8c63f3ea37
B07VB383MX,store_fe6c701459c503aa
B07VB45WQ6,store_d73c161e0bf679ff
B07VB4K9VD,store_aca549d6b3c02f9e
B07VBCDDVK,store_21a4983b383eaab8
B07VBDKBXP,store_75b08d7b9ff0b12d
B07VBFDQNL,store_6cae0fa72aba1221
B07VBWKM2C,store_51b808f84924aec8
B07VBZJFW2,store_2fd3402129116c18
B07VC1F7M5,store_64963dbd1979751c
B07VC627LZ,store_07e56bcf26d490eb
B07VC8HBZ4,store_2aa541ffbf852484
B07VCBDSWX,store_5ea0ae0a2f11645f
B07VCJMN55,store_97cf346615c77170
B07VCWY43T,store_c508edf64f72c563
B07VCXV1VT,store_ee3411d00a23181f
B07VD45TNF,store_694c93fa88105f60
B07VD583K7,store_8c3e385c94cdd31a
B07VD8F9HD,store_d9aba39b52b93120
B07VD97XFX,store_a60135d72e596666
B07VDBPY5C,store_0b980375d900ebd9
B07VDD1L5C,store_60f0976d26613267
B07VDD7S48,store_a05bd890c4868ea1
B07VDDLGR7,store_e0fee2cbcb9963d7
B07VDGPQ7F,store_22c039e8bc7856a8
B07VDJG55C,store_b27395661d2dde22
B07VDMZ1PW,store_0f37ecbb843cb4d6
B07VDSCQD2,store_329e369d8f37fbc5
B07VDZ2SSN,store_39b6058b7fb161e1
B07VDZL9FS,store_6c0f6ed573ec9f64
B07VDZMN83,store_4fea5bb76d863e0c
B07VF3ZRTG,store_b6222ec88669dfa9
B07VFBD2F4,store_51999c13a732b1ea
B07VFCLYGH,store_662c5d8fe848309f
B07VFF79DT,store_1d4daae77833ec89
B07VFNBP8G,store_8bf1b80a4fc6f0bd
B07VFNRS7Y,store_04394cc5c62b3e74
B07VFTBV8W,store_946c2fd75e82f0b2
B07VFXC7QW,store_150f8eb84ff85f38
B07VG7DVBP,store_2b07cc74aa82a795
B07VGFPZLN,store_884d1688214c8e18
B07VGFQX9H,store_662c5d8fe848309f
B07VGKDLKH,store_1b37d57243f13de4
B07VGPQ8C3,store_3b0ee849f1377d3b
B07VGS56Z7,store_6cae0fa72aba1221
B07VGTFVVY,store_a768df71175dcbcd
B07VGTN3NS,store_f3c62de455962fbd
B07VH275R3,store_6f73cc1352c5a7e8
B07VH3CG49,store_b89884500a1cead9
B07VH6RN29,store_6c0f6ed573ec9f64
B07VHDZRC2,store_6ea45aa136124f3a
B07VHGT6N9,store_e9b7ffe65624e4b7
B07VHHPJ33,store_a3b2ffa52d7c8855
B07VHKWXD4,store_9f91620773d32735
B07VHLHYV9,store_86681322cea3d0c8
B07VHM1HYL,store_431627b968c5ada7
B07VHXFXQQ,store_73ca57cc8c66bbd0
B07VJH9L81,store_9f91620773d32735
B07VJKD32L,store_a40790b29c4c0229
B07VJMKSMM,store_53743bb25c444178
B07VK2QDGX,store_50d8b4a941c26b89
B07VKF4VNV,store_9a797da9faebb1f9
B07VKK6WK8,store_89567bf8a8d0f704
B07VKKLHS6,store_570d6ee5b91b9a91
B07VKL2RX8,store_e849351cded0c153
B07VKL628X,store_68be328a30c24804
B07VKR9Q5D,store_090593be35473ff7
B07VKT1WRY,store_85675c1fcaad30c9
B07VL2LHS7,store_ae70c64eccd8f313
B07VL78WSN,store_0b1d13a3447c1e93
B07VL7KQM7,store_3652566e44f5adfd
B07VL8CR1D,store_880c226e00e9c01e
B07VL94RJG,store_70146299c8db5916
B07VLCCM8S,store_dd3946e8f4c0d726
B07VLCCMSL,store_96f2ddb92fe23b50
B07VLF8MD2,store_7fb06a34ca0a4b7a
B07VLJPMWV,store_daf3ef29366afaf6
B07VLPTVFZ,store_d4b2bf85fe1c31ba
B07VMD7BNH,store_b395e112320cd6fe
B07VMGV3SK,store_d692b3fe2561b179
B07VMJR4F8,store_87522438381a086f
B07VML23WK,store_322702d4d85e6886
B07VMM6S3J,store_c2fd03159a31caf9
B07VMZTS1K,store_47a8dafaf7f69fe6
B07VN6483K,store_8e5f239b7c36e8e5
B07VN92WV4,store_60489c295881f0cd
B07VNCRQ63,store_b8288a3a5c99ca76
B07VNJMPBQ,store_20f9cd31ce88a45d
B07VNL5YM7,store_c3738c9e6dbb764b
B07VNQMXD1,store_3051ada0890374e0
B07VNSNBMG,store_f8aaa67116ace680
B07VPH13XR,store_f8aaa67116ace680
B07VPLD6SV,store_96f2ddb92fe23b50
B07VPQTKJV,store_5333f2639d398b7b
B07VPSBN8Z,store_ab5e52944720efb1
B07VPYXQ41,store_7e4ba31a5a1a2c21
B07VQGPGQQ,store_a8f85647d2b85726
B07VQVV2QN,store_5333f2639d398b7b
B07VR4BH4N,store_d64c75746f381208
B07VR7H8D8,store_cfb216a138999aa8
B07VRBN6FJ,store_f12a6ba35433eaf5
B07VRD5BQK,store_b05e184fc456389c
B07VRMVSFD,store_dc409dce4bb43ed4
B07VS3Y7HH,store_6fea6c6c00d35925
B07VT1T9KL,store_32dd03fbac6db3d9
B07VT3JKBX,store_39b6058b7fb161e1
B07VTLFWCW,store_9e169642fdd7c02e
B07VTRZXF1,store_c8fd0c8c0a74ac13
B07VTT7ZLW,store_5c60b56b1f443c9f
B07VV3JSY5,store_dc409dce4bb43ed4
B07VV6P9P1,store_c50aa6dbf47c19c6
B07VV7FZ68,store_08d8a106ba3a3476
B07VV988QG,store_20f70d5d95b6b4e4
B07VV9LNRD,store_8453b6ad933a7003
B07VVGZVN4,store_8c63e52d8fbf8590
B07VVLJF9Q,store_b7232821a165bc94
B07VVPDZ9V,store_1783ed0de827895f
B07VVQHJSV,store_5cf0dc0d2f7e9ebd
B07VVW484N,store_59851e905b720855
B07VW6G8BC,store_ca6f6f67611cef65
B07VW7XBBC,store_d2f6e6c9bfe9fe2d
B07VWCX681,store_726847999650b5c3
B07VWFLKB7,store_522b276a356bdf39
B07VWGYFLM,store_dad89e77f70dd919
B07VWK5T4V,store_215a956168f77421
B07VWL6Q56,store_851efe02e1167926
B07VWLSNYN,store_9dac470d28a60d83
B07VWRKX93,store_28f6f80c939ac896
B07VWZC1KH,store_9c66753bbe09e94c
B07VX7ZWQR,store_6c5ca1d8d4b9c4f9
B07VX8ZNT6,store_bd07492e3ecf21b5
B07VXB6Q98,store_11e11b8d8bdbd413
B07VXCYQNP,store_5519fb9edd8b2cc8
B07VXFLLQJ,store_6faf8698c0f8a6a5
B07VXKV2CJ,store_35c0fd8b8d70bcb6
B07VXTP6G5,store_337bc5531baaad1c
B07VXTXV3W,store_9e169642fdd7c02e
B07VXYG8BG,store_99832fece78a348f
B07VXZ1MMG,store_d3e31046c7f523dc
B07VYM83V7,store_76908ab700c54ec9
B07VYRKTWC,store_c27b9bed14cc60e6
B07VYW3JC5,store_489b1dfc73f9f11a
B07VYWTZYM,store_b643049fb146d003
B07VYYKBBW,store_4fc2bc2b1f3bba70
B07VZLXHYJ,store_0de81aacac23ca7d
B07W122B2X,store_861a86beb916dbf7
B07W12LFYL,store_6faf8698c0f8a6a5
B07W13NWVR,store_07cb6da14b83f2b0
B07W1G7RG7,store_e091ec93d5460559
B07W1HCNV7,store_be3c493ead7e1a08
B07W1J96ZY,store_3f13742d5830f1c9
B07W1JYP4D,store_4ff8fab1273e5bb1
B07W1VXKT7,store_c08f6443466294cd
B07W1WNDL6,store_861a86beb916dbf7
B07W1X3C6X,store_2e40b3310df1d63e
B07W1YKG1H,store_2a113e26375fa4b0
B07W2VSBHJ,store_ab08c8169c297325
B07W397QG4,store_97e430a1759d1706
B07W39SF2Z,store_9540b938d66c8c56
B07W3FLT7P,store_a654996ac496a7fb
B07W3S62JJ,store_adab7b2bef745745
B07W3SKB1H,store_08567999885118fa
B07W41WCHJ,store_65261e1f3c986472
B07W46MJBW,store_b27395661d2dde22
B07W48ML7M,store_6d68f744b3b89c24
B07W48WCPZ,store_094a6b2837d8d837
B07W4C1P7N,store_39f0ac1890324088
B07W4DHYLK,store_d596f5c451814138
B07W4J5RV3,store_19a553b2bc221a0c
B07W4M45TL,store_0b88636c11286d03
B07W4N3M55,store_89b77aa2a0634233
B07W4RFHWD,store_a8dc1ef9c218d942
B07W4VVX84,store_98518d63e4b9ff8d
B07W4X2PHS,store_054ac8fadaa8a73e
B07W4XMJZ8,store_ca01ac6bcdc8a0e0
B07W51VQM6,store_fe6c701459c503aa
B07W52915W,store_59851e905b720855
B07W55BCGZ,store_71727cb80d5cc0f9
B07W5DH64X,store_548b90096d12edac
B07W5L9P27,store_da75ad94f2528f54
B07W5S82Y5,store_89b77aa2a0634233
B07W5ZLXTY,store_03828552683f8826
B07W63PJL8,store_a1bf543afa0654f5
B07W66GN9K,store_1f4571ddff11bcad
B07W67VK1R,store_25753e6af2767068
B07W6B2RPM,store_ee17f560a1f77440
B07W6CWCSV,store_991cdadc5570a92c
B07W6CYKBR,store_7b4b2ca8df54f2e9
B07W6FNF4H,store_cb39cebbe5718476
B07W6GP3GQ,store_d596f5c451814138
B07W6MQTPP,store_46b3699557a84240
B07W6RZP24,store_4c787be996193588
B07W6XN2TV,store_00cb901a9aae9d4f
B07W6ZLCCH,store_80e77117707cfb0b
B07W7CVRRY,store_e5ad03ce3572aca3
B07W7HBZJF,store_f661b0d4eb2955ff
B07W7RC3JK,store_337bc5531baaad1c
B07W7TM11X,store_ee4540c409275204
B07W7W2KQM,store_a7352f1cdc1a9cba
B07W7YJ379,store_643dfd9d7b2ef590
B07W8MYS86,store_fe6c701459c503aa
B07W8NCDYR,store_991cdadc5570a92c
B07W8XVPMT,store_e81b20e78a258277
B07W9157SG,store_51ba9b164e67c277
B07W925TKS,store_04e608383cb701b1
B07W93SXDX,store_b0f9db68c30b4bcb
B07W95JDDR,store_1b03f95310400419
B07W96Y7PF,store_fe0efcbb01a587da
B07WBXRW8Z,store_eaf376d28161109a
B07WC1HL5Q,store_e625ba0616bc0297
B07WC326QR,store_fe6c701459c503aa
B07WC9YR9Z,store_589c7bc45190035b
B07WCNF9FF,store_9d9f45060a0b4fe8
B07WCS5Q59,store_87aefd4b4666c781
B07WCS6Q51,store_dbee4e2d8759e732
B07WCT92KY,store_528d7399c1b9b6d1
B07WDCY23G,store_b3de5d8bbe587bbf
B07WDHSFHD,store_6eab9c5d6084c5b3
B07WDQ87TH,store_ca6f6f67611cef65
B07WDTJ2MV,store_95942bcc5294974a
B07WDTKGFN,store_d222ff9b3023c6a6
B07WDTWVN9,store_7940428491fecfa7
B07WF4VS9C,store_4fd73f149fc35c0b
B07WF61GM3,store_6950bae3d2ff8073
B07WF7MHTL,store_ee17f560a1f77440
B07WFC2FJ4,store_1bfdd9aa1ff43a09
B07WFHJ3W9,store_3dd0023fbe01b433
B07WFJRRHB,store_46c874a8560eddcf
B07WFLN93P,store_fcdd578ec19a533d
B07WFRZ61R,store_f171afb25eae81cd
B07WFSQXL5,store_13a0c41aae740150
B07WFWNC4J,store_635e93e68aec6c27
B07WFXB13H,store_c27b9bed14cc60e6
B07WFY9CSC,store_95942bcc5294974a
B07WG1P564,store_7940428491fecfa7
B07WGD5T2M,store_d44ae69c163bd0c0
B07WGJRZGB,store_2abe8f66d2c7abe8
B07WGKT7DL,store_93566031597b37e4
B07WGNDVPD,store_20f9cd31ce88a45d
B07WGWM66W,store_40bc268f88e6d1bb
B07WGX4HBL,store_2e68c2ee1a07065d
B07WGZNGKB,store_d99a5562adc6a615
B07WH1DDMP,store_486574a4f476442d
B07WH6RDYV,store_c745b40d0d07309a
B07WHFDV2G,store_047569d88894f2c3
B07WHGY75L,store_45a67bd0cbdc05a5
B07WHHKJ7Y,store_9ca28cca8c1f4ac8
B07WHJ92KP,store_d313ab6c43d055c4
B07WHLZX6D,store_2224e4a6e2e8e4e3
B07WHTLH35,store_495657d84b2e04c2
B07WHXHYGG,store_a857aed74c0a9cfd
B07WHXZHSQ,store_2d64b0bc180c40ca
B07WJ1NGCC,store_4c2318d1f182207d
B07WJ6SWH4,store_91534316df31dd30
B07WJ9S78S,store_c745b40d0d07309a
B07WJBMJL4,store_4f16c5a8dfa713b8
B07WJJ6SCC,store_260d1802e3a554f0
B07WJJ9KJM,store_c1a9adf73f3711ed
B07WJKQQ9M,store_9d4ae1774cd1e7fb
B07WJRVJNT,store_b21ace4c00094aaa
B07WJRWYQ4,store_b071d6a321acad78
B07WK8ZKXF,store_4dd6849aa3ee3c3b
B07WKFBYYP,store_d29ac8eb51f5bd05
B07WKH235H,store_8be21f2deeb495d6
B07WLCF6GG,store_f98e39f4e70eb2db
B07WLKF6H7,store_25698752152d3fc0
B07WLKMPHQ,store_a21f301354e83276
B07WLSHLX7,store_d793712da5448361
B07WN1XHNV,store_625957958ef48f74
B07WN5J56Q,store_20aadcdbfc8dc7b8
B07WN8KH6H,store_39b6058b7fb161e1
B07WN9CWXH,store_b8eaf2ca51138ae8
B07WND7PTD,store_9f8f78768c2995d3
B07WNFSK5C,store_2e38ce300949d118
B07WNGQMY6,store_f91d63e95c73eb1f
B07WNGWQL4,store_1e21ae2d6104e748
B07WP1PMXB,store_afdf08dfbad1e6ff
B07WP33F8B,store_4fea5bb76d863e0c
B07WP3CBHK,store_ecfad4194aedc826
B07WP3W1H2,store_aacc001d1acbf5d8
B07WP4RQW6,store_bcbcdd0361120d16
B07WP71WNC,store_38612c8c63f3ea37
B07WPBGN6M,store_b9435643e6296dc8
B07WPBNBQF,store_2ce4f57b5786270d
B07WPRSMHG,store_3cfa5f95ec29936f
B07WPTNNQH,store_206e5e5efbf36cc7
B07WPWFVBV,store_b337cfc755f276e2
B07WQSXTGT,store_4fea5bb76d863e0c
B07WQTLFMN,store_120b9e3de3455a34
B07WQV747T,store_9fb8d14e3b71cf06
B07WQW6BM8,store_3da20ce4e7bbd12e
B07WQWHBKC,store_2e38ce300949d118
B07WR16XM3,store_1b2f02530933a0b8
B07WR2SX55,store_7aef04c876f7276f
B07WR6F1VN,store_5f9ed1e5276d79b3
B07WRNTTCD,store_dc409dce4bb43ed4
B07WRX9445,store_2067773fc1533dc2
B07WRYB6MT,store_d085a9079a9b1355
B07WRYSHHR,store_27c51b8d289a86b6
B07WRZB5RN,store_c3dfdb36f30ae234
B07WS2KQ6J,store_5dbec3a87538d72e
B07WS32T6Q,store_6b5f61f809d40c85
B07WSN1RN6,store_f94b68280bf2954b
B07WSP7N5K,store_da75ad94f2528f54
B07WSSX89L,store_1f8ca757a5c72c4b
B07WSSXN18,store_322702d4d85e6886
B07WSV6WQR,store_c3dfdb36f30ae234
B07WSVKZNQ,store_3a055a1768e388a9
B07WT2MKRK,store_75b08d7b9ff0b12d
B07WT352P6,store_206e5e5efbf36cc7
B07WTPTJHT,store_6ec942d1f1fa2b0f
B07WTTGX8C,store_fe6c701459c503aa
B07WTZMSRD,store_be146563eafd68b4
B07WVBDLG9,store_98d44e2cc2b2ca85
B07WVC9GBT,store_36146bffd2f6b271
B07WVWLZPW,store_6e48921758060f39
B07WVYK2VS,store_6e48921758060f39
B07WW2HC25,store_ef9cd8ee1af60f28
B07WW544V4,store_6775a845fc7f8b1f
B07WW9G56P,store_6b5f61f809d40c85
B07WWBYP61,store_a13aca3dfadcb9bf
B07WWCFQJM,store_67fe14dd2bfe5427
B07WWVTDYS,store_fbfd0960f0bd045f
B07WWVXDZM,store_2aa541ffbf852484
B07WWW4W6S,store_be8551107fa7eb6d
B07WWYBS46,store_1bbc9e256fdd9759
B07WWYTKMK,store_1b33eba9cc34d15d
B07WX1VL6F,store_3edd8dbed1932da7
B07WXGVY9W,store_942ce9916abfca91
B07WXKQBCP,store_d6f02c47383c4935
B07WXPMB38,store_55244a4d773f3592
B07WY3T3PW,store_b96685a2dadd0463
B07WYL9XKL,store_fa2679818628f739
B07WZJZK56,store_12301324a68ba591
B07WZKX3VY,store_ee17f560a1f77440
B07WZP927R,store_247dd2e0f06287e6
B07WZQ5YL9,store_43b9aa6b731ac590
B07X112DDF,store_0b296412269b9790
B07X13G3YV,store_866f7a0d8a70da01
B07X1MWSSK,store_f83f2c65eaddd092
B07X1NG7TG,store_4704241e575367fb
B07X1PL4NQ,store_c8bbd5c37d166226
B07X1QCCS7,store_0aaa96cba4883054
B07X1T1TPZ,store_247dd2e0f06287e6
B07X1T1XR2,store_247dd2e0f06287e6
B07X1TK3VS,store_843a3a78a445f974
B07X1W6D4D,store_3406708933726dc2
B07X24CSCP,store_0b1d13a3447c1e93
B07X27H88Q,store_430aec798e4b5ca3
B07X2D9T6V,store_8ef456e29e95f03e
B07X2JR1W1,store_aae13c7a40ba2284
B07X2K4D5V,store_7806fe0b83616f79
B07X2LJG2C,store_b0e19d691e008f70
B07X2MLF78,store_598093f4a57058a9
B07X2W14L3,store_cb27e011e4297ef3
B07X2X8WBW,store_d64c75746f381208
B07X2Z26NH,store_215a956168f77421
B07X3GC54Y,store_dc409dce4bb43ed4
B07X3LYMBB,store_b0e19d691e008f70
B07X3MRNYM,store_6ec942d1f1fa2b0f
B07X3QMQS6,store_ee17f560a1f77440
B07X3R8Q87,store_12301324a68ba591
B07X41WSG5,store_2d920edde38d9fae
B07X43JQXD,store_7e7bb32352d0d43b
B07X483BWL,store_a2bb3ca4c7a62d88
B07X48TVTX,store_b1c1bdc585abe0af
B07X4DZ6RS,store_34ca8fcf748cc766
B07X4VD9Q8,store_0fe677e2e8e6c728
B07X4VHDGJ,store_b89884500a1cead9
B07X4VLHBD,store_13062cf0556f7aae
B07X4VTHFT,store_dc409dce4bb43ed4
B07X4ZSMXF,store_3066c1ce0421310e
B07X5CXZHS,store_b1c1bdc585abe0af
B07X5FQQJN,store_9ca18590c7f3a131
B07X5V6QLB,store_388e4a7a1a4bdc97
B07X5VW159,store_a9804551061216b4
B07X62CLQ8,store_4ff6c875cb8e4f15
B07X6315YW,store_c8969601b8ba191b
B07X64WFLV,store_8ba011148337eefc
B07X65LZP7,store_0e30623acde92249
B07X6K52F8,store_81ca19d747371760
B07X7HLPXG,store_bb9cad10a3e467c2
B07X7KRSR4,store_a0fedc8f1405753d
B07X7KSRSC,store_e21ae60775f8bb6d
B07X7PMP4K,store_8c63e52d8fbf8590
B07X83LPMX,store_d70e5f6672862162
B07X85XJTY,store_bb2157f220d79a5f
B07X8HB2G5,store_acb920adc67732e0
B07X8LKR2B,store_f3e2e9bb209c90c6
B07X8PVDF9,store_e2345109fc5ee6fc
B07X8RM3MQ,store_cbf5a758a0a81e0c
B07X8SQT89,store_44dccc98e168e15f
B07X8SRZGT,store_8a70a5438d85e386
B07X8Z9W22,store_667e2508880eb21f
B07X95BY4T,store_bb2157f220d79a5f
B07X985GP9,store_bb2157f220d79a5f
B07X9C5P9G,store_c8ed81532fdc32b2
B07X9D894K,store_fa028f74f87a1260
B07X9FS1P3,store_34fc8978d88a0841
B07X9L2XZT,store_d3dd895d44dd3529
B07X9M1F9T,store_acb920adc67732e0
B07X9M2241,store_acb920adc67732e0
B07X9M87B9,store_ee17f560a1f77440
B07X9R7WTL,store_b73159c3836bca8c
B07X9VP8B8,store_c3ed64ffccc5aa70
B07X9WH8XM,store_39047f6e80019071
B07X9ZJ6J6,store_20a802f483f58356
B07XB34H5N,store_215a956168f77421
B07XB559VK,store_4d5ca56a375d0358
B07XBKGQKR,store_6defadf4547b009a
B07XBKQG22,store_6d161a6d50d81326
B07XBLRHQ5,store_ee17f560a1f77440
B07XBLRW21,store_ee17f560a1f77440
B07XBRM2PG,store_69e3e207b933cbcf
B07XBS3Z1T,store_563b4b3bafd9db69
B07XBYZ921,store_63c50d389c99118e
B07XC626X6,store_df8c07b6e1e1fb10
B07XC66Y13,store_3807f33f2bd5c533
B07XC6HGSH,store_99763171b1fcbd59
B07XC9FR64,store_74ce8685907a93ea
B07XCK5X1P,store_254c146740287cf4
B07XCM285N,store_63a8171bd931c5dd
B07XCMY8Q7,store_7b61f648251ae48a
B07XCP3C88,store_8b63a396e6a249ba
B07XCVBQ7G,store_b6eadc940ee501fb
B07XCYW1L6,store_1b18e67719c8ed9c
B07XD21LSW,store_78410d2e403545f1
B07XD5HRRY,store_da4dbffcb31d7ff9
B07XD6C3M1,store_6d6d03a41bf1bc96
B07XD8CFJN,store_a6b8c82118bdc496
B07XDCCFF9,store_c5c8066d458ef32d
B07XDH4GN9,store_f03c0a59c59454ee
B07XDHKQF8,store_3406708933726dc2
B07XDJ4CXN,store_f81e8a280a628505
B07XDL4X8P,store_086d1223272441ad
B07XDWHDQR,store_df8c07b6e1e1fb10
B07XDX6QQR,store_df8c07b6e1e1fb10
B07XF4FVF9,store_687595e1824919e9
B07XFB6WTR,store_b89884500a1cead9
B07XFKZ874,store_bb9d5c166abb85d9
B07XFMSC6M,store_b21ace4c00094aaa
B07XFS5N8N,store_78410d2e403545f1
B07XG33227,store_01b325de0d824c38
B07XG534JT,store_a118b5d8616b3189
B07XG5JB77,store_50899b2f115bc42c
B07XG5RM98,store_8ef456e29e95f03e
B07XGCJ1KD,store_a3f0bcde5153b5a6
B07XGGT2D7,store_f336c85b685ed09e
B07XGPKK7P,store_9a3c88a97565669f
B07XGQWCHG,store_d64c75746f381208
B07XH2W9HX,store_a3f0bcde5153b5a6
B07XH6VT35,store_72d7bdea98abaeb5
B07XH7VWFS,store_d6f02c47383c4935
B07XJ839BJ,store_8141f08a7c897233
B07XJ8N7LH,store_e49f4c8bbf6d87cb
B07XJ8NV3K,store_555e0d82ecb4e707
B07XJPSHYK,store_be350991bbed393c
B07XJQB7L9,store_877d5093e20c465b
B07XJSTYM1,store_337bc5531baaad1c
B07XJW8Y8G,store_53d90041e5cdf950
B07XJXT1RN,store_6faf8698c0f8a6a5
B07XJY9TYZ,store_71727cb80d5cc0f9
B07XJZ86J7,store_54dff4cd25b9f7cd
B07XKCGCR3,store_e5579a0b86b2d922
B07XKD8HHJ,store_a781e71f8972ea12
B07XKSCNJN,store_9b1e87107e6877d8
B07XKWJRWQ,store_f95a6b9a7811e17f
B07XKYMZC4,store_0edac239f4c336a1
B07XLF51GD,store_b395e112320cd6fe
B07XLHDG5P,store_e0d3b0dd5b94b0c6
B07XLJ847V,store_01468478a1e0a08c
B07XLJZSF7,store_f171afb25eae81cd
B07XLTRSZQ,store_c3795ee0bfa21dda
B07XMCXZD7,store_8141f08a7c897233
B07XMHHG6M,store_dba7895c8c041cf5
B07XMJ13BN,store_04e608383cb701b1
B07XMKGDHC,store_b88d5da5d8c5ea78
B07XMN2VSK,store_0b296412269b9790
B07XN27GG9,store_af656375e674dcd6
B07XNGPZNM,store_d793712da5448361
B07XNHXFRC,store_da4dbffcb31d7ff9
B07XNS942N,store_6105171674b9b74f
B07XNV7LBS,store_f2801e2c1b8a6b59
B07XNZ2DH5,store_bed5e0f7bfc2f4c1
B07XP2DW7C,store_a970b94e5ad8673d
B07XPG4JB4,store_54dff4cd25b9f7cd
B07XPN5NTT,store_59851e905b720855
B07XPW1K1Q,store_bdb7ceaabb71d240
B07XQ3X28Z,store_598093f4a57058a9
B07XQ7BHLF,store_880c226e00e9c01e
B07XQ9R4JN,store_fb469a8e04e02ccc
B07XQCCXF8,store_dc409dce4bb43ed4
B07XQHBJP7,store_54dff4cd25b9f7cd
B07XQJ8MDT,store_60a222e1f22039df
B07XQL8DCG,store_36cdfc04f4206868
B07XQZ3HWL,store_596ff8b9d66b5544
B07XQZ4JSK,store_dc532439e65be8d6
B07XR899Y1,store_95f1118416989a27
B07XRFD8LG,store_333f4ea44dbac1bc
B07XRJ9S8G,store_d300b7d947deb41a
B07XRNTWN1,store_9fcc9d2019317ede
B07XRTBW19,store_2e83071c5e9c6760
B07XRWDM1Y,store_5cc829067d276fae
B07XRXQN9Z,store_3794bfd2755317a3
B07XSGR3LG,store_5582f861353aafbb
B07XSJ7HY8,store_c3c7029c2a42e045
B07XSMHV2M,store_c2b7e69b90ed506e
B07XSNRWZD,store_598093f4a57058a9
B07XT1CF8V,store_2ce4f57b5786270d
B07XTJWHM1,store_6a4b98bc2475a71c
B07XTK84S9,store_e6ef8382b7b0fe06
B07XTN6YV2,store_9603070cfae3d681
B07XV2VJ8S,store_67356886a3fc97d4
B07XVCGG5K,store_30a5ab6f778266ed
B07XVFKTDR,store_62b7fc1e882e6814
B07XVP3QZY,store_c3795ee0bfa21dda
B07XVQBRXD,store_ef185139384b38e5
B07XWW5W71,store_b395e112320cd6fe
B07XX2GMHJ,store_3a76db1c5bca97ee
B07XX55537,store_818a80b737693e87
B07XX662TV,store_d4362077965ab4fc
B07XXCY2WC,store_3405392803e742c3
B07XXNBK7G,store_74ca461f4d602c85
B07XXSQ8LW,store_750bffdcaa1ae1b3
B07XYCRYCW,store_108b21b79cb1335f
B07XYFH5DZ,store_3a2891aa124c550a
B07XYJ24QK,store_8ed809e45e8cfcbd
B07XYK12YR,store_93cbc7154d2b65ba
B07XYT1H1Z,store_dce69742b506bd24
B07XYT4CFN,store_197259e4426e4c77
B07XYVPQQK,store_24de2af5832c99de
B07XYZBQFL,store_942ff9457828ce62
B07XZ1Q72C,store_b1e2b869e8353e5d
B07XZ81SKL,store_0ba5b1b299371f28
B07XZ8T32C,store_5d43bd0fe66bdfd9
B07XZF5JRY,store_5bce377dd9b366c2
B07XZJHTCQ,store_b28ad663cef6595d
B07XZMRVP5,store_ca01ac6bcdc8a0e0
B07Y179M1N,store_4fa32f33034acdba
B07Y18V4BW,store_2d163116ce188189
B07Y18V991,store_9eaad0cd05ebd1ac
B07Y1CNMV1,store_80e77117707cfb0b
B07Y1FJ4SR,store_ca6f6f67611cef65
B07Y1KD6RR,store_53c9f78a3d8b63d8
B07Y1QNHMT,store_0b296412269b9790
B07Y1QWZZ1,store_598093f4a57058a9
B07Y1ZPJCP,store_5b9d8dc55e5fddd1
B07Y24D292,store_5c52c000588cb4fc
B07Y28YKQ2,store_9d52e8e83ac23c9d
B07Y29DNFJ,store_69b9d0ab40b52b48
B07Y2BTSS2,store_a1e0fb1b02f741c4
B07Y2Q7TDL,store_3abe83944994c029
B07Y2R83BK,store_3675cbbc437ebcf7
B07Y2WSDQ1,store_1539155dde9bb0c0
B07Y2ZT5M3,store_45a79b1124eba27f
B07Y32G4XJ,store_a1a9dc7eb04b6adf
B07Y3WCZSX,store_6c5ca1d8d4b9c4f9
B07Y3XLRNS,store_364a7d4d7e82b2fe
B07Y41X3W3,store_fa5e8e8e682da0c3
B07Y44V6JB,store_90a386696467005d
B07Y45VB1G,store_5d80928e9f71c8c0
B07Y4KTK2R,store_3dc9008e02b2e538
B07Y4P17JZ,store_b02fe8108efac1bb
B07Y4SYK78,store_fd98412740617ccb
B07Y4W4L35,store_8be6e89335621220
B07Y53BQMZ,store_a3ebfcbaea5ff4a9
B07Y55Q71X,store_7b61f648251ae48a
B07Y568QMP,store_9c8d90b27daa9e72
B07Y56F217,store_b89884500a1cead9
B07Y56L7Q2,store_b89884500a1cead9
B07Y56NLN2,store_033c38dd0aa089d8
B07Y56X5WR,store_c393fa84836a408c
B07Y5DVDZ8,store_a21f301354e83276
B07Y5G5JYL,store_d6f02c47383c4935
B07Y5GPFS1,store_a40790b29c4c0229
B07Y5NWDBD,store_8c136b571c66fef9
B07Y5PJ729,store_322bc1cc0ca3abd8
B07Y5QW8Y5,store_bc23afb548c9f25b
B07Y5VPGGN,store_6d161a6d50d81326
B07Y5XGWKF,store_6702bd6f8dbd8039
B07Y63PY1M,store_5e4858ee70fb85c3
B07Y64Y89D,store_2d3c73d21e3b0852
B07Y6KMZ2R,store_c37c3f683c98997e
B07Y6Z2ZLQ,store_8f5fcbeadcb2a2e1
B07Y7DZK3M,store_946c2fd75e82f0b2
B07Y7PD6R8,store_59851e905b720855
B07Y7T6FQN,store_cfb5d824e34398a5
B07Y7TC1TL,store_37511e64789fda1d
B07Y828JJB,store_20a802f483f58356
B07Y84GYB1,store_522b276a356bdf39
B07Y8531H7,store_746d867d1ac92b42
B07Y868NHF,store_1c997e2cce3a17e5
B07Y874HTH,store_7c9d59fd5e8dbd64
B07Y8HDC1F,store_7495e368b3173697
B07Y8MJ4WM,store_d4250d2f5677bfd8
B07Y8R5VY8,store_4ce3783ea4b14249
B07Y8SFC1L,store_bfadc4037ecde184
B07Y8TLKMX,store_96f2ddb92fe23b50
B07Y8TLYPT,store_96f2ddb92fe23b50
B07Y8V9QN8,store_96f2ddb92fe23b50
B07Y8VNS9Y,store_96f2ddb92fe23b50
B07Y8VSKKX,store_96f2ddb92fe23b50
B07Y8VTXP1,store_96f2ddb92fe23b50
B07Y994LG3,store_7a30c7e484dca514
B07Y9CMDQG,store_6de55dcdfdd075e4
B07Y9G7GNQ,store_1cffe617c2485667
B07Y9GC7PF,store_1da98c4a4617cb09
B07Y9H2L23,store_dc409dce4bb43ed4
B07Y9HCJG6,store_01468478a1e0a08c
B07Y9JG82G,store_c66d45b386423baa
B07Y9JZ7PT,store_eb61e8eb5773ec88
B07Y9L68R9,store_ee17f560a1f77440
B07Y9LMD6D,store_dc409dce4bb43ed4
B07Y9MFNPZ,store_4ff8fab1273e5bb1
B07Y9R3RMV,store_ee17f560a1f77440
B07Y9RL6P3,store_88bcbc6b94513fd7
B07Y9RR68R,store_ee17f560a1f77440
B07Y9SJTGD,store_0cf8c17db100c505
B07Y9W555P,store_3c936d98c12f0805
B07Y9X35CH,store_70b5f539627392c7
B07YB19L23,store_9fcc9d2019317ede
B07YB5BYM3,store_4ff8fab1273e5bb1
B07YBHMMTB,store_755e014ec2bff1d0
B07YBHN4QY,store_755e014ec2bff1d0
B07YBK2W39,store_755e014ec2bff1d0
B07YBLFFW5,store_36e3d2e2fa589b56
B07YBQH45R,store_910587163d5eb796
B07YBRBVCB,store_2931b0a229fdf0b3
B07YBRXJCH,store_2931b0a229fdf0b3
B07YC5BCZB,store_d2f6e6c9bfe9fe2d
B07YC5XHVN,store_563b4b3bafd9db69
B07YC9GNKS,store_d7923fbf0cc7040a
B07YCTCXPX,store_c42d8a895c25456d
B07YCTQ4G2,store_a7352f1cdc1a9cba
B07YCWNJJF,store_e4c90ab22592880d
B07YD6BLJX,store_37c73573b87b1269
B07YD6FTD3,store_1869cce6aa36ea7f
B07YD9HWQS,store_942ce9916abfca91
B07YDCFXPV,store_7500a2723344cc55
B07YDD94GQ,store_87762fc57b6495e8
B07YDDR7Y7,store_1cc813308e6a9cc7
B07YDKZFJZ,store_80e77117707cfb0b
B07YDLYYP3,store_8fe4a336d8956b22
B07YFJ4FK4,store_e6a3a530f98f6cd4
B07YFM5YLC,store_11f13e747af6597b
B07YFRD9ZH,store_51b060962e776cd9
B07YFT3VHS,store_dd2259f8f68021f8
B07YFV4TYG,store_9970928601f9ba9a
B07YFVXJ1Z,store_9970928601f9ba9a
B07YG2Z4C3,store_dd2259f8f68021f8
B07YG4PRTN,store_697e9459ecc41cc8
B07YGLJWZC,store_ef6edc70722b49c8
B07YHB1VL8,store_dd2259f8f68021f8
B07YHFCRYG,store_d85b7624a50f10ed
B07YHKTF2B,store_7ffd11df0dcb135f
B07YHSXJP5,store_e0c047fa2f8bfc61
B07YHXR12V,store_6a6bb4b862c76fe5
B07YHZQG2P,store_19744625367eb574
B07YJ7CTVV,store_6ec942d1f1fa2b0f
B07YJCW4J6,store_ca5c7c26f83261ee
B07YJGYBXX,store_8c0b7a04a9c1dbef
B07YJHYK58,store_d2adb3f97f8df318
B07YJTW6LH,store_c66d45b386423baa
B07YJVFWDB,store_0b296412269b9790
B07YJVXN76,store_aacc001d1acbf5d8
B07YJZS36B,store_9663e5f117aab221
B07YK71561,store_7e7bb32352d0d43b
B07YK8MNN8,store_2aa3326a6674f6bd
B07YKBY536,store_c19ff2bdd22bd442
B07YKDG7VN,store_ea2f7bcdff370a2a
B07YKFLX29,store_230a15197a4effce
B07YKFWGVG,store_2811bb8383c08e40
B07YL4L81W,store_4b2ddaaa9752d515
B07YL9XG1S,store_c3795ee0bfa21dda
B07YM4J1MC,store_351429ca27f6e4bf
B07YM54GLC,store_97306ddef1059748
B07YMW28BV,store_5ffedf42b8319e60
B07YN2X8HN,store_a31760f52271fd11
B07YNFFN7J,store_46a808cfd5beafa5
B07YNFGRCK,store_598093f4a57058a9
B07YNR6G5C,store_3caf47a77e9878e6
B07YNXZKB9,store_61e04f6ce7d28eb6
B07YP2K4LF,store_9fee7d9bacb11c44
B07YP7QJG9,store_f4729c60c11324e1
B07YPN6NS3,store_59851e905b720855
B07YPW9VFB,store_87d22d9b4f2ba36e
B07YQ8DWGR,store_c23c861934edefa4
B07YQBN41R,store_18c86bfeaef333eb
B07YQBSXRD,store_9262cfed15374d61
B07YQCN4BV,store_18c86bfeaef333eb
B07YQG1Y2Z,store_65116cec482bab1e
B07YQJVCF7,store_dc409dce4bb43ed4
B07YQQPV9Q,store_3406708933726dc2
B07YQRNF9R,store_312459169029a0af
B07YQV4PH1,store_0ba5b1b299371f28
B07YQWV37N,store_7af46676f8bb48e1
B07YQXH9M6,store_4c668662eb39cb0b
B07YQYXVPH,store_3547baf0f1212fe8
B07YRC7JZG,store_7c74c8693b6ffcae
B07YRG9L93,store_6f9d50150be73214
B07YRKGQQM,store_e621802993438776
B07YRN53DK,store_c1658bde8b31e8b8
B07YRPB99Z,store_91cc2e927b3bfb1d
B07YS23TCN,store_598093f4a57058a9
B07YS4FSDG,store_b04158379f97a092
B07YS581P3,store_598093f4a57058a9
B07YS5GPFB,store_b04158379f97a092
B07YS6NGS3,store_c8819f0d1bbdf763
B07YSBG6FQ,store_111290e47f59a9e1
B07YSC7V2R,store_ca1ede05f6d3e229
B07YSVTQK3,store_ae448585bd1858c7
B07YSZVQZD,store_6c5ca1d8d4b9c4f9
B07YTPD82Y,store_7f8636eaac7fc9c6
B07YTXD8JB,store_8be6e89335621220
B07YTYPL6R,store_c645debd9f4e7d50
B07YV3D72L,store_59851e905b720855
B07YV3W37J,store_b21ace4c00094aaa
B07YV8NMLL,store_337bc5531baaad1c
B07YV9SPZZ,store_bb2157f220d79a5f
B07YW91WD7,store_701ff461d659c49e
B07YWQZF2V,store_dad340c48cd958a5
B07YX3DZLX,store_ce2882d2a5a2dbad
B07YX8Q9H8,store_769558b18f5331bf
B07YXB7TJ4,store_e34e2104aeae5f74
B07YXDPQDF,store_3b53037a58ea7197
B07YXKNLDT,store_60d4e537eb2cc591
B07YXNDBKY,store_1c3996bc9139c26e
B07YXY78NT,store_ff80e31a21e9ff11
B07YY34SVQ,store_6b06535057e3c179
B07YY36MGZ,store_4c7f3f36363fe6ac
B07YY4LXW7,store_6b06535057e3c179
B07YY97FSG,store_ede0ebc47ea1b075
B07YYBD5F5,store_598093f4a57058a9
B07YYGL9BJ,store_ee6d8497484dfd14
B07YYKZPPX,store_79ac6d4638a101f0
B07YYLHT4N,store_e4d2e5cf80885e31
B07YYVJ26G,store_f9f7232290a000dd
B07YZ1H6W1,store_ad68fcd96e5cda05
B07YZ4PQ1V,store_f2c73672721ddf62
B07YZK6787,store_2124037ca66a33c1
B07Z1PB9HF,store_41c7820766e71eb7
B07Z1RZWJJ,store_ffbb52747e3aa106
B07Z1XMHTB,store_7ba8815e711591da
B07Z24ZH7Y,store_e6172a54e532531d
B07Z29R2P7,store_e258d4c33c5725b0
B07Z2B1BXV,store_88e30e0f36fafe37
B07Z2JLTPK,store_d55f6e7ead9709bf
B07Z2TJH47,store_0f3cd9251652e97d
B07Z354JTV,store_407b7acdb1811aba
B07Z362XXK,store_2d05f2f6984cc191
B07Z36732X,store_e753fc606594bbec
B07Z3675KP,store_b2e5da294a7daa02
B07Z368LNW,store_018c8ed6c2abd0bb
B07Z36FF7X,store_ee7150ae8e6facf6
B07Z36G8L7,store_4ee2edc1e7e70a01
B07Z3C2JV1,store_e6eed0f05261332e
B07Z3DVGLN,store_3406708933726dc2
B07Z3HYNW6,store_4608ede1c2a3d96a
B07Z3KGHJJ,store_4608ede1c2a3d96a
B07Z3LMY6Z,store_4608ede1c2a3d96a
B07Z3RHS87,store_48f28b398daf33b8
B07Z3SC7KT,store_d64c75746f381208
B07Z3SMDZN,store_c03c0b77cfed306d
B07Z3SYNPH,store_c0a55351002ea814
B07Z3XTDQL,store_b21ace4c00094aaa
B07Z3YZ65X,store_4ce32fa70e8a49ee
B07Z45P1G9,store_5bfb4f8bfa9565ac
B07Z48888M,store_3406708933726dc2
B07Z4CVTRP,store_18c4b7d5e3dcb00d
B07Z4F77RN,store_a5d40991eacb0f9a
B07Z4H6PPP,store_598093f4a57058a9
B07Z4NZ3M6,store_750bffdcaa1ae1b3
B07Z4QNT9Z,store_fe6c701459c503aa
B07Z4WNQRG,store_470c46d3897d2be9
B07Z4XV2GB,store_4079f35515c7ceff
B07Z5HHXCT,store_6e28dbc8bbdfe47c
B07Z5HRYSY,store_f79fcdf685322922
B07Z5LHFQP,store_fee01298376ac81a
B07Z5M64HF,store_08567999885118fa
B07Z5MSKPW,store_27560d5685e017ba
B07Z5N4ZGQ,store_8e0544040db158f1
B07Z5P2PG5,store_69447ccbd008cdd4
B07Z5QSM7F,store_750bffdcaa1ae1b3
B07Z5X8YY6,store_f71427cd26716b63
B07Z5ZCJK8,store_39b6058b7fb161e1
B07Z68JTSB,store_09f69b8ef7f77bfc
B07Z6JL3BS,store_4ce2db2d201c3083
B07Z6L8DNC,store_0de07183ad3908e4
B07Z6RVZL3,store_38612c8c63f3ea37
B07Z72Y13S,store_d64c75746f381208
B07Z7J5WCV,store_05bcd0e7ceed08a1
B07Z7PVFFX,store_7502f1a277835265
B07Z7YPJQ2,store_6cb0cb19bdfe26b7
B07Z811YRG,store_53d90041e5cdf950
B07Z818MLY,store_113910f990045ee2
B07Z82BJNP,store_77fbc7e7f16fa9cc
B07Z8H2V87,store_c7db87473920f7a2
B07Z8J3TGD,store_a31760f52271fd11
B07Z8PV1KQ,store_17e252f3307867fb
B07Z9M8D97,store_561c347a43cd1041
B07Z9MQKS3,store_f591927a33f87467
B07ZB6VJGY,store_f824fa3e751a095a
B07ZBBMSVM,store_13d89d383cde0856
B07ZBJD759,store_d2f5bf657184aca5
B07ZBVMJV2,store_6b8e30294b4a0474
B07ZC5MT2K,store_a20c188d522bb3c6
B07ZCDSFDB,store_7c37e96039f819b7
B07ZCH8931,store_a67acd6e68f872b8
B07ZCHM9SL,store_952d40025fe665da
B07ZCHXRBJ,store_952d40025fe665da
B07ZCJL6NQ,store_598093f4a57058a9
B07ZCP3LHB,store_04a6578976f09736
B07ZCPJ43B,store_8188237d4e0a7c6f
B07ZCPSDFN,store_b6eadc940ee501fb
B07ZCQX1VS,store_e028aa3e6e65480f
B07ZCRQV2R,store_d64c75746f381208
B07ZCSXLK1,store_563b4b3bafd9db69
B07ZCT8Q73,store_b6eadc940ee501fb
B07ZCTZ673,store_9fcbc8e099b209f2
B07ZD648WC,store_a2bb3ca4c7a62d88
B07ZDFP33C,store_d526542077d0cfdd
B07ZDLDMMS,store_856c5388bec324b8
B07ZDP58JQ,store_0e5ce51202881350
B07ZF6MPDN,store_e61c00e47e6b0bee
B07ZF8Z12B,store_df0a02dff2a505a7
B07ZFJTM34,store_3ef359e1983492ec
B07ZFZR2N4,store_7483ae246927d0c4
B07ZG4MF77,store_09df457870b3a434
B07ZG4THYZ,store_9e8b7d1521c2db14
B07ZG73QXR,store_dd394b95958a5d6c
B07ZGHPZNB,store_747b60041a2ee789
B07ZGJ42XT,store_66bb5dcddb39af3e
B07ZH13LYL,store_9ba1252179498e4a
B07ZH2J8TM,store_b5ed3e6d0b247b08
B07ZH353VT,store_f3e2e9bb209c90c6
B07ZH3KDJC,store_1268076991ddd29b
B07ZH5T6KY,store_1268076991ddd29b
B07ZH8SVDY,store_9dddf0002054531e
B07ZH9C2G2,store_b3fda5c60081089a
B07ZH9G36W,store_f11c33ee496e229e
B07ZHBHCSX,store_81141f89b85ff4fe
B07ZHGNPZM,store_cf512eeb0c46f950
B07ZHK71QC,store_853feda09249572d
B07ZHN8SDJ,store_5e6487ea91368830
B07ZHP2WJX,store_b3de5d8bbe587bbf
B07ZHRBQCY,store_ccf123a885a683a5
B07ZHYYJDW,store_28f0818f43026f84
B07ZJ335DQ,store_1abf19d28ac2299d
B07ZJ48HT7,store_1463e903d3d3966f
B07ZJ59FZ4,store_9a3c88a97565669f
B07ZJFC1GY,store_1a42f44f013b082c
B07ZJFL1HJ,store_30cdf1c69f147125
B07ZJTB6XB,store_01fc329e7ca3bce0
B07ZJW55Z5,store_7785db84585b09fc
B07ZK5T97C,store_9e169642fdd7c02e
B07ZK6MQHY,store_fe6c701459c503aa
B07ZK8J7Y3,store_175ae954624e949e
B07ZKB5MTV,store_9627d89ac60c1059
B07ZKDHFBW,store_ea2f136955f75c92
B07ZKDRWP6,store_2940433fb93ed887
B07ZKGZ9W6,store_d4362077965ab4fc
B07ZKN2VJJ,store_2cee0a92bbdf2e1c
B07ZKZ8KPW,store_ef6246346658f862
B07ZL3VD28,store_d61e0032f0926688
B07ZLW8PM8,store_4e1a5476eefdb475
B07ZM15J8Q,store_c9d94c8649a7cf8c
B07ZMGMN14,store_21b4b82c5e211b48
B07ZNGPZBD,store_e6eed0f05261332e
B07ZNM5PZ8,store_8f3753128d34fd33
B07ZNS2TQP,store_35ee5f5560fc150b
B07ZNW4BMB,store_4d67cf5bb8d0958b
B07ZP1TTBB,store_2d163116ce188189
B07ZP7L2G4,store_62193fc89f63831f
B07ZPBQ2G5,store_04394cc5c62b3e74
B07ZPK3HSD,store_8a6433b0f0319578
B07ZPPMG9G,store_7780cd377c270309
B07ZPQ6V62,store_9c6e02dc97e8ef46
B07ZPQTH2M,store_bf1edb9a0628bd52
B07ZQ1QXK7,store_55aa9e66ed5840a8
B07ZQ3RMV4,store_861a86beb916dbf7
B07ZQ54GHZ,store_a259c56bcc9958af
B07ZQJJK7H,store_bdcf520a7d6716a3
B07ZQNRP8C,store_8083332a8c56c211
B07ZQRX7FX,store_b9fdee0ae0aab2eb
B07ZQSHBVR,store_add21beeb16d1fe2
B07ZQT14WM,store_3a2891aa124c550a
B07ZRBM5G5,store_dad89e77f70dd919
B07ZRC1477,store_07cdbe3ec42e5d86
B07ZRC2P3S,store_09f69b8ef7f77bfc
B07ZRCTX4C,store_722a5ef181fc34a0
B07ZRGQDW7,store_623e3f8ab6f456a8
B07ZRJJR62,store_2931b0a229fdf0b3
B07ZS3DKL5,store_b9fdee0ae0aab2eb
B07ZS9M85V,store_98520977c9ef02b6
B07ZTYQS49,store_b614c68764eb3811
B07ZV3G6K3,store_91028b8ce825afbb
B07ZV42RT9,store_694c93fa88105f60
B07ZV6265R,store_dd6cbe5b66232b31
B07ZVG1PQ4,store_59851e905b720855
B07ZVNLQYJ,store_fd90d3b09c3b889b
B07ZVNVKSH,store_d138f9f37b262e53
B07ZVQF8Q2,store_d138f9f37b262e53
B07ZVSHZ9L,store_d6f02c47383c4935
B07ZVXLZCY,store_14bf9a0bb644f331
B07ZWC6231,store_7858c712fdae1b18
B07ZWTYC96,store_c9d7b353a8f7f28d
B07ZX4R33J,store_ab5e52944720efb1
B07ZX5J8ZD,store_32ffb5a01bbf64fe
B07ZXHCMWD,store_70feb3ec6fbc0f1d
B07ZXQL636,store_a823529ffc41f48d
B07ZY7GP8Y,store_5a831ca6c3789b5d
B07ZYHC19R,store_f5e8cb8b7c067b71
B07ZYMLPRV,store_ad68fcd96e5cda05
B07ZYPL2RD,store_edca6adadc1660ae
B07ZYY4QSX,store_7fa9ac40a4c3ded9
B07ZZ3S7RD,store_b1879a4889f12fed
B07ZZ8641H,store_e566b800bb19986d
B07ZZGW4YP,store_30c8cef300515fdb
B08111CKNR,store_f0eab641c2006dfd
B08112SV31,store_ee17f560a1f77440
B08113C7QV,store_43fa7213c162f825
B0811522SH,store_2345b0a89d1ac18c
B08119KSDN,store_ab4476c2dd8924c9
B0811DTMW9,store_ab4476c2dd8924c9
B0811FN1QZ,store_ab4476c2dd8924c9
B0811JMGY7,store_8469a44406e259cf
B0811LRDHV,store_625090fb483fd21d
B0811RTG8V,store_afa999d179090f6a
B08123DTJF,store_9c8d90b27daa9e72
B08125NHPL,store_871cf921a4a31ae7
B0812FYBCG,store_3bc9103e9fec5eb0
B0812ZFVNM,store_697e9459ecc41cc8
B08136479P,store_05c77e49f6a349a5
B081378C8M,store_db764be2788349fd
B0813F6K6X,store_f6f837de8bbe0621
B0813R9HC9,store_1fbdcd012b89e4d8
B0813XDYQ5,store_b69a601bddd8285b
B0813XZYZ1,store_a63420add8ba19fc
B0814TK2WW,store_11336dc592f6c99f
B0814YYV4X,store_443231124599ba0c
B0815WQK6H,store_23b13e136ea45b5f
B0815YHKGG,store_f5e19d2426776085
B081625C98,store_dc8baac7c54a5817
B08166YGL3,store_715337b3f4b63bb8
B0816CZ7XS,store_744ab3fd26a06a6d
B0816H7C48,store_004e8fe794d5db53
B0816RH7JN,store_17dd261829c70eda
B0816XW4CT,store_a36a463ba607090b
B08172PRXF,store_e92b37989440e677
B08172YQL6,store_1427b83b4b854c8d
B081739S2H,store_c94d2f9c5a23c124
B08176G997,store_7fd46a795cc90936
B08177RCYQ,store_5af9f9c0c9a45919
B0817B4DRC,store_6423d5aba8a4796f
B0817B6ZHX,store_99832fece78a348f
B0817DZTH2,store_43c8cdab72eb6045
B0817GLDH7,store_530048d648b49174
B0817H99D1,store_59851e905b720855
B0817HYMTL,store_81c60cb33a2aacd0
B0817J6DVG,store_fe1541eccc7861be
B0817JQ29G,store_71457c3571af544d
B0817LV5W4,store_4e1a5476eefdb475
B0817MS86G,store_427d8b360123c91e
B0817QYDMK,store_a43e4ef0f603cbac
B0817SC7LR,store_e8e30fd21ceb4c07
B0817TSY5Y,store_c484f07c36332fde
B081824CXY,store_e989ac6169797f86
B0818PMM4K,store_39c07d4c2fdd0701
B0818X6RDP,store_55cfddd11b1b0920
B08192SXNN,store_3dbfb476b1842d96
B0819317WP,store_3dbfb476b1842d96
B08193XFCW,store_3dbfb476b1842d96
B08194ZSFM,store_a0773260a60602a6
B081958WZ7,store_9ef6b3012dd64a19
B081977NR3,store_2ce4f57b5786270d
B08197RXTQ,store_f30e5f63f60e9878
B0819L8DQR,store_459f22640ad1d3af
B0819MGST9,store_3bf15a9d07983176
B0819MZTCB,store_181fbb28bee4ecde
B0819N65ZW,store_d64c75746f381208
B0819SMRQG,store_f0ebdc308191d7ea
B081B7M2GR,store_e849351cded0c153
B081BCHMLV,store_c0d262ab25345fa0
B081CB8WBC,store_ddea2da44579c6a6
B081CBNHBY,store_fe86fb49bc6d48f2
B081CFN79W,store_742061b126ca3b36
B081CK97GD,store_4f052c58526f6652
B081CKZ2L8,store_6d3a14e431c9546e
B081CT13NN,store_d64c75746f381208
B081CXY3CY,store_b0f9db68c30b4bcb
B081D69G2Z,store_436774acfa22c764
B081D6TYYX,store_54f725daec9b94c2
B081D87QCJ,store_b521a37f8400a3a0
B081D94RZN,store_3406708933726dc2
B081DBV79P,store_7289de5d51ef27ad
B081DFMBW8,store_b27395661d2dde22
B081DG438V,store_a2b590e476f49565
B081DHHD9G,store_10424883c36a7fde
B081DHXCP1,store_59851e905b720855
B081DJB4YZ,store_7a71f0f19b4b4ff2
B081DJNW3F,store_ca1ede05f6d3e229
B081DKWMG5,store_09f65cb044dbbe56
B081DMLK83,store_b2b340ddb0f0508f
B081F3C68P,store_98d53699e7beed92
B081F7687G,store_0b296412269b9790
B081FD1BM7,store_ad68fcd96e5cda05
B081FKT7CB,store_8d062c80d0ed3779
B081G6KYKK,store_f5510be70342ffd6
B081G8BMCV,store_edca6adadc1660ae
B081GD56ZD,store_4d7b421c08529865
B081GHH8JJ,store_da1d99a3a485f2cc
B081GPK6QR,store_3406708933726dc2
B081GPTY2Y,store_aede4f077dbd1ab1
B081GWGSHT,store_13c98cd964629538
B081GWRF84,store_06bc2a911c03ca0d
B081HD68FV,store_68b4572b64e53ff8
B081HDDRR8,store_68b4572b64e53ff8
B081HWZKS5,store_d44586ba4e244f9a
B081HX8GT4,store_74e10024284bd4b1
B081HYHY6J,store_1f5aa0ab82555398
B081HYKV8X,store_96eb6a46de6d02eb
B081HZ1GHX,store_ff06f108d04b5699
B081HZ1GSR,store_1ceed3d7b8cb85e9
B081HZL666,store_41e212c0ccf3be97
B081HZXYRX,store_34c581d14189847a
B081J4WD6R,store_34c581d14189847a
B081J8D1YP,store_1e37c39b4551e649
B081JJQ9L1,store_3a76db1c5bca97ee
B081JMMSB2,store_6cdf6d64c320a813
B081JRF9CR,store_1703a557922c901b
B081JT7FW5,store_fb7e9f49c9ad3323
B081JYS7QJ,store_92df6fab485bda25
B081K5NZRX,store_0354bb40ff336e08
B081K7P7DF,store_29cd6595226e3c63
B081K9B1WN,store_d6f02c47383c4935
B081K9M7VC,store_6c7fad4734ff4494
B081L8J1D8,store_fa741a3ab223dbec
B081LMS6V8,store_07a2e25662f8c794
B081M3SZ5P,store_df8c07b6e1e1fb10
B081MSMHZ3,store_b30daa7a7138bf91
B081MT6GBY,store_ee17f560a1f77440
B081MTLWD8,store_d1fd73e6dd7a04c2
B081N2VVMP,store_427b84af477ba5b2
B081N7TZ9M,store_d2f6e6c9bfe9fe2d
B081NGYJJ2,store_d4a68882614e91be
B081NH5KNB,store_d4a68882614e91be
B081NJ9G4Z,store_75cbe2175620db20
B081NKP3JL,store_80514458614a986c
B081PH86BH,store_d23a40b83c3b5627
B081PKVWNP,store_9e169642fdd7c02e
B081PS98JF,store_9f384ff3d1ce5b11
B081Q1R963,store_51dbecbc09412be5
B081Q3TPH8,store_c61f7bf9872fdb6f
B081Q8WLFG,store_0b296412269b9790
B081QMZ6HJ,store_997adc836efa6ea6
B081QT38P8,store_b860391f75ffc63c
B081QTDCYV,store_38612c8c63f3ea37
B081QVZ8CV,store_a1709e262d5edca7
B081QWH8JJ,store_c2d254eaa8666eb2
B081R3PWV4,store_08705eca35ce55eb
B081RCHWMS,store_f5abfd4e20f86902
B081RWMHPS,store_ea3a4bf4e1818da9
B081S686WV,store_c05edf535002a696
B081S72QK6,store_b9637f3e29ed1791
B081S85MK3,store_b9637f3e29ed1791
B081S8CL2X,store_308f2bfcd5c6c8ed
B081S9VW4G,store_662c5d8fe848309f
B081SRQ2J1,store_8c5cee81c9ee95d2
B081T1BLLW,store_a8f85647d2b85726
B081THSGTR,store_4e29b44f06a8561e
B081TQMZTL,store_8ad3f140dbbc1647
B081TSLFTT,store_8ad3f140dbbc1647
B081TSM4R3,store_66bf8308de2b120e
B081TTCP3Q,store_00f24eede26bc48f
B081TTPDHY,store_cbc22d955c0b80e7
B081TWZZJJ,store_625957958ef48f74
B081TXW6QY,store_2e991ee6fdff2bae
B081V4JG57,store_07a2e25662f8c794
B081V68J9W,store_13818a5684a7ed4d
B081VSM7L8,store_76f5ad8a618260e7
B081VYPWCF,store_a38cefb963e89301
B081W5XFX1,store_a4b86598fc837683
B081W75PZK,store_5737fd587eba4492
B081X2JRYR,store_a4b86598fc837683
B081XD2HRD,store_74e10024284bd4b1
B081XVR2T5,store_9750244fe905b16e
B081XWS7S4,store_87da30ff4356db30
B081XZ8192,store_0dbadb142cb7bd17
B081XZF94H,store_0dbadb142cb7bd17
B081XZK2QB,store_0dbadb142cb7bd17
B081XZWNV1,store_0dbadb142cb7bd17
B081Y4Q7KL,store_e6218abb85086424
B081YM3GS5,store_4e0511f22cb011c6
B081YNXZVN,store_1c3996bc9139c26e
B081YQ5DVB,store_d64c75746f381208
B081YRVJNS,store_81ad4946bc78c5bb
B081YZ2KMJ,store_049736e2374cf45d
B081ZCHSZJ,store_150c8451b1739a8f
B081ZLQ4TB,store_ef6edc70722b49c8
B081ZN3TD5,store_d7923fbf0cc7040a
B081ZV4LQ2,store_a20c188d522bb3c6
B082149YDD,store_257978dae85805cb
B0821P6QSG,store_14e9059e1eb8ed46
B0821WX5VW,store_610d222013bb551b
B08221DMH2,store_dc409dce4bb43ed4
B08222H5N9,store_dc409dce4bb43ed4
B082245PK2,store_f0b7715ea9980444
B08227QCNL,store_8593f1e1af126ba1
B08228F339,store_2520427d1aca54bb
B08229K7VC,store_0ceda6e43b39f6be
B08229NCRY,store_d2f6e6c9bfe9fe2d
B0822GW9ZZ,store_08fede549738a2f2
B0822N4VFS,store_d021e1b4ee0a14e1
B08233HP1P,store_22c039e8bc7856a8
B08234GR4T,store_4de59f3bb24d70fd
B0823BFHRC,store_662c5d8fe848309f
B0823DKFXH,store_1a42f44f013b082c
B0823J1Y29,store_594f56f54a555a1a
B0823TKZTJ,store_a3b2ffa52d7c8855
B0823WPN5Q,store_3e8c3e4dcbff1701
B0823Y7BS8,store_85dc72e0653c1f13
B0824KCQ3S,store_bed5e0f7bfc2f4c1
B0824N5XFC,store_18f5c0160dc783e9
B0824NWLM3,store_f6f837de8bbe0621
B0824RZR17,store_a327c2a26fcf03ee
B0824VPH69,store_090593be35473ff7
B0824VW3WQ,store_090593be35473ff7
B08256Y999,store_268eb213aa577e8e
B0825969HJ,store_e06681b88db352d8
B0825KC4SN,store_598093f4a57058a9
B0825MKY1F,store_10933737202b713f
B0825Q5X3G,store_ccf123a885a683a5
B0825RZQ82,store_08e1db01061b7cce
B0825V5RGK,store_76287a0fbe13fef2
B0825X1R3Z,store_c3f408981bb990e6
B0826BMY47,store_dba892997598a756
B0826Q68CD,store_195c16fca0261b40
B082715N8K,store_5944fc6375575c35
B08277G2GY,store_59851e905b720855
B0827LWXPB,store_9644823b7ee47d3b
B082825MJH,store_cfe7e493b1f5bfc3
B0828B2WRZ,store_f99cb4592f89270d
B0828GPT3F,store_1968e36b5b9ba129
B0828KJHNX,store_1e21ae2d6104e748
B0828QPX25,store_26c429bab53adace
B0828RW55R,store_3ce7380dd7ce6475
B0828V3LH2,store_39b6058b7fb161e1
B0828W1FTR,store_4b9d1ce3a61a809e
B0828W2HXQ,store_0d5b73dbf1e32c4a
B0828Y9FM1,store_6534e1d94d784d6f
B08292SVVM,store_f5abfd4e20f86902
B082939ZV3,store_f5abfd4e20f86902
B082971F71,store_767de68b8500b642
B082998FMT,store_e1c818f216e3acb2
B0829DBVNM,store_b3747e9e6868c041
B0829F9GX3,store_8a6433b0f0319578
B0829HBB7T,store_a5be0f0a93a483ae
B0829L38PY,store_d2adb3f97f8df318
B0829T85ZC,store_f895e6982c1ce189
B0829V3N9L,store_5af00b1c4fcd6960
B0829XFPLQ,store_172451c56b36f0ee
B082B14HFS,store_0a604eab5e36852c
B082B17X8H,store_879e9ad7bf511440
B082B9KD5H,store_32c004e7cf341cf0
B082BDPQPC,store_5b3c0f5aa93da835
B082BFL4K9,store_b444c7d7b819543c
B082BJYV38,store_347ead6348e93650
B082CFMZ88,store_e205888b17f2f470
B082CGQYRZ,store_23b13e136ea45b5f
B082CGWPVF,store_e205888b17f2f470
B082CHH56C,store_a31760f52271fd11
B082CJN8BN,store_e205888b17f2f470
B082CS6LTP,store_81c7cb61cdc9aafd
B082D4T8PM,store_f723c86b7b6eb301
B082D9TR1D,store_0b296412269b9790
B082D9Z3LT,store_80514458614a986c
B082DBJXQ5,store_2a113e26375fa4b0
B082DC89J2,store_ad68fcd96e5cda05
B082DHT83C,store_3bc9103e9fec5eb0
B082DJD9B5,store_aca24ea068ddfaec
B082DPZN9J,store_b50ac1ab96c3bf56
B082DR24C8,store_5ddc2b08b8a900fd
B082DYJWN7,store_80514458614a986c
B082F1C5LQ,store_74e10024284bd4b1
B082F2XTMW,store_083d1dabb26217fa
B082FBCPLX,store_bd2c300f9ff02be1
B082FBHVZR,store_df8c07b6e1e1fb10
B082FQP5ND,store_ce37ebf95bfa95dc
B082FTL2X3,store_7092ca5fe95b556d
B082FTLS9Q,store_09e024b4ce5f7339
B082FTR1FC,store_f0eab641c2006dfd
B082FVJXPJ,store_e6172a54e532531d
B082FVWS2H,store_6d161a6d50d81326
B082FXHHZ6,store_48642c9c811495b6
B082G1MMRV,store_1a70efacef9af57b
B082GHZFB6,store_abd5cf4ffb5b7f09
B082GVTVVD,store_a93e721e60ef5185
B082H3FJN5,store_54fde4dff04ca67d
B082H4WX2L,store_48e3b5a47763d730
B082H6QD4C,store_27f36dce86937c9b
B082HB5TH6,store_257978dae85805cb
B082HBNFLN,store_ee81eddade86374d
B082HFB7LL,store_64bbcd7d677d4530
B082HFSDPD,store_7e47c38f970f3514
B082J44X3J,store_b87b6489df751723
B082K3KKNJ,store_28800d1039118cf6
B082K86V48,store_431627b968c5ada7
B082KCFJC9,store_d2f6e6c9bfe9fe2d
B082KFJS9H,store_a1a9dc7eb04b6adf
B082KJHN4Z,store_21a5831f4f5d1f93
B082KKPX39,store_3f3348621a2fe391
B082KMJQ3X,store_b13e499883fdd104
B082KYQM2V,store_a24da1635e76a44d
B082L3D8Z5,store_8ec2dc6dfc62ad83
B082M8F8Z3,store_da9c0cfb863d6ab1
B082M8TSFD,store_c43a162e85098723
B082MB7B12,store_af7c34023a3cdc76
B082MC34Q2,store_6c0f6ed573ec9f64
B082MSMY5V,store_9c8a7ccb72127ab2
B082MV6JPD,store_bed5e0f7bfc2f4c1
B082N21QDX,store_5fe27dfe5bbc7212
B082NJKPTH,store_ae16d7c4c63797d2
B082NMCNQP,store_ae16d7c4c63797d2
B082NPNPTS,store_16eeba8844d1e644
B082NRPZ9G,store_6fb8de775cc22227
B082NTN6MX,store_6b6a0969e94dd230
B082P6QVCV,store_be184a86e9e61b90
B082PCR96K,store_21a5831f4f5d1f93
B082PM5HQP,store_14ca1fcd236aa43a
B082PMZXH7,store_14ca1fcd236aa43a
B082PVST51,store_f0998217077d92e9
B082PW9YTT,store_78fbecb34c51b814
B082Q129VY,store_fcdd578ec19a533d
B082QQBPFB,store_1ec1e366509d9a83
B082QSRTJZ,store_6acce2d5f90fc44c
B082QYF1K8,store_23e704a31876e12c
B082QZDR7R,store_07a2e25662f8c794
B082R6QQP8,store_b66f6bd16eab21bc
B082RKQ8DN,store_c0dc05483d41e7c1
B082S1T4KP,store_8334976c30c22bd3
B082S1T9T2,store_42a0ab9fc3525743
B082S4MLP8,store_08e1db01061b7cce
B082S82NTM,store_6fb8de775cc22227
B082S8WW5G,store_21a5831f4f5d1f93
B082SC7XMQ,store_5268d98d2e290401
B082SGYXMK,store_8ab642e300d0aa9c
B082SKCFP5,store_078fc88bf598a55c
B082SL5BJB,store_53d90041e5cdf950
B082SZBH3V,store_a6aec8558560a4db
B082SZSXR7,store_2d95db3f8dc21434
B082TW3YFH,store_b2f89bea631ec9c2
B082TW71JL,store_1859cda54f132860
B082TYJX2R,store_8d9d39d971306dd4
B082V7WKRR,store_55943cd30cc80001
B082V9GSMD,store_f982df3985c2500a
B082VGQMJV,store_d526542077d0cfdd
B082VKP6BG,store_07815387c6496059
B082VNJDXG,store_4a2139bf7d03c882
B082VQQMKB,store_be8551107fa7eb6d
B082VWBP67,store_a71334aad9b17e70
B082W1JY4M,store_1c3996bc9139c26e
B082W2TR37,store_0237852bda59b40b
B082WC7DSW,store_13dc9a061a711f11
B082WGKWWF,store_0962b08a2acf3df2
B082WSXXND,store_77fbc7e7f16fa9cc
B082WWDXR8,store_4d9897db8089d072
B082WXKC5K,store_64fc4c10286d4a7d
B082WYQWGF,store_5fd59528177877f5
B082X1K7WB,store_23b13e136ea45b5f
B082X27FPS,store_b34f0bcd037f9e54
B082X4K8JR,store_59851e905b720855
B082X4LN9K,store_59851e905b720855
B082X4M756,store_c0d6db6b6f0631d9
B082XCYLXN,store_1468d760c7858dbf
B082XHLYZ5,store_b2d08e2546924051
B082XHP1FH,store_5787868d5a7e7d4e
B082XN76J4,store_59851e905b720855
B082XQWMCG,store_b64c2a0408c0cc4d
B082XRJTWP,store_aa5c82e773c8bac8
B082Y1RGHM,store_7092ca5fe95b556d
B082Y3Y7YK,store_edb245d46c3b4b23
B082Y4K56C,store_e0c047fa2f8bfc61
B082YF5CXZ,store_eed5f3b9bf6b2970
B082YLTYGJ,store_a43e4ef0f603cbac
B082YM79LS,store_607f8f3f766022a9
B082YNV551,store_f9f7232290a000dd
B082YV7M1C,store_03da020ad8488678
B082YW3TGT,store_e2d508b365f14ee5
B082YYQJ37,store_f46c2d8a8dd7ae2c
B082ZBXQ3P,store_d9ceb224e54ecf0d
B082ZPSCC2,store_c319b4303e1b5813
B082ZQ28MY,store_cd936e63d2805e03
B082ZQD3JN,store_8fdb7e2fa84f4faf
B082ZW6PM8,store_ad68fcd96e5cda05
B082ZW9QM2,store_ad68fcd96e5cda05
B082ZXRRWP,store_d4362077965ab4fc
B082ZZM9Z8,store_c6040f3b5912c42c
B082ZZZZ9W,store_12bcb46dcbb04459
B083122WRC,store_3ef359e1983492ec
B08312P53K,store_23b13e136ea45b5f
B08314WBRN,store_3926558358cc6cc8
B08319ZVQV,store_b71438da8adfd0b2
B0831GZJ3J,store_96294c7312649bb7
B0831K9HHT,store_979d1a82fd26fc5c
B0832FBXNR,store_d91926db056317eb
B0832G9V9W,store_b72cae4d315be95e
B0832GQSH1,store_126b49c2f32a8ae0
B0832J1F8V,store_1cffe617c2485667
B0832NCGFL,store_861a86beb916dbf7
B0832QL6WT,store_cbb06874cf0ce17f
B0832RV1LX,store_2aa39f9856b8d3ee
B08333SX2X,store_01581c07a6c3f3ae
B08339WQLR,store_78110085bb7d213c
B0833K4L2G,store_86e6dabf6814e157
B0833MFKV6,store_bd13f0d549c98b93
B0833PPXWR,store_d4362077965ab4fc
B0833PWPVC,store_255a4b0195d31a47
B0833QMQRF,store_d9aba39b52b93120
B0833WV6VB,store_50899b2f115bc42c
B08342YK4F,store_fac19e17ff271b86
B08343FS9P,store_6ae5b13e5f9fddcb
B0834LN8W3,store_6d3a14e431c9546e
B0834MPJQ2,store_61a7508ed1b04e9a
B0834RSN2V,store_abf1aa4a5e1ac3fe
B0834ZH4MW,store_61009351e8379ef1
B083511LPW,store_c29f01d699150032
B083518G2F,store_196e1e030e886599
B0836GP8G5,store_1cffe617c2485667
B0836M4JN8,store_1d8d9845e06fc724
B0836MR16W,store_86e6dabf6814e157
B0836RMRZ2,store_1a30bde28609a901
B0836X3MLZ,store_0bd5283fde267914
B0836Z4XPH,store_37d4ec9ca2d9c9df
B08378WVBJ,store_c33acdae56d366b8
B0837MYWSB,store_979d04245352e9a3
B0837PLYQ1,store_9110eff165a2e0b0
B08383FHW2,store_5f04a8843e6c2de6
B08385XRLH,store_f9f229bdb7b2861a
B0838X8DWM,store_598093f4a57058a9
B083968Z75,store_2d41cc0e55b3beca
B08396YP2Z,store_4ff8fab1273e5bb1
B0839B1BXK,store_f2df562de752752f
B0839CCQS5,store_03b1d7ed63aebd57
B0839KCL9X,store_db5b26af964d7d1c
B083B75P8V,store_3554e476c70ea70f
B083B8TXYK,store_6fb8de775cc22227
B083B9PXHT,store_d2adb3f97f8df318
B083BHNL7L,store_f8576c4d25ec19db
B083BLZJ9M,store_1eefb1aac09d72bc
B083BR4F1K,store_731ba8f2bd85bb99
B083C12NKM,store_e1db1d0fd65017e8
B083C5D4Q9,store_14cddb992f79f446
B083D2CMKJ,store_2d9537ed5b990237
B083DFCQ3M,store_e0c047fa2f8bfc61
B083DJWHWC,store_dc409dce4bb43ed4
B083DMKQRX,store_13818a5684a7ed4d
B083DQRX59,store_fe6c701459c503aa
B083DS2W92,store_bcc9fe1db916b8c6
B083DZHCLG,store_f2a0a0aa6300b30f
B083FLKJ29,store_598093f4a57058a9
B083FS2K4V,store_50d8b4a941c26b89
B083FVFVL2,store_dc409dce4bb43ed4
B083FWRPCJ,store_04c0f15b1ed56d95
B083G3QJMC,store_40a820a59a82afa0
B083GH1FMJ,store_dc409dce4bb43ed4
B083GHXGBK,store_bed5e0f7bfc2f4c1
B083GLRQX7,store_2e9d07f7fdce8937
B083H1KN22,store_225bfde683c2270c
B083HKXBCP,store_72438c63e0a4e6f8
B083HMRW5X,store_225bfde683c2270c
B083HZ1NDD,store_9cd54f7828bd891a
B083HZSWBM,store_ec6f56e6c9a76652
B083J1C4T1,store_b94d4872fe2e9b5f
B083J1CWX9,store_baff2bde767ec6af
B083J1DQ2N,store_b94d4872fe2e9b5f
B083J458WQ,store_b5a15682f88a13e4
B083J4SKWS,store_db5b26af964d7d1c
B083J6ZYT1,store_fe6c701459c503aa
B083JJ49NH,store_3afb1ea1dedc38f4
B083JQ642R,store_d00fb6c2a34305f7
B083JVWS29,store_fe6c701459c503aa
B083JW57BT,store_58faa15fbf9ed2d7
B083JWFK8P,store_3406708933726dc2
B083JZ8W9W,store_181fbb28bee4ecde
B083K1VRMT,store_2ccfa4f467e94740
B083K3VNNY,store_2c0726ad1281c651
B083K5M31Q,store_ca6f6f67611cef65
B083K96CXM,store_d252991c8b932d00
B083KL4VTC,store_514c2545ed2b858a
B083L4HRBP,store_8bc0f0d1655248da
B083LBP9Q9,store_286491cfd76148f4
B083LBYMHM,store_5bf0a56791d45e4e
B083LCDKFM,store_3c877228a6f4884b
B083LCZ8TV,store_286491cfd76148f4
B083LV8PXP,store_9c398d2c6919269c
B083LW6P4Z,store_32479ab28c11fca7
B083LWSGHY,store_e251e4c298e9a370
B083LXRWPJ,store_d64c75746f381208
B083MVD1MW,store_ee17f560a1f77440
B083MWXZN9,store_59851e905b720855
B083N798QM,store_04394cc5c62b3e74
B083N9W4LJ,store_54a855cb5104c15c
B083NBXMD3,store_ee17f560a1f77440
B083NDJFTL,store_4237d2fd2be4c034
B083NDZXB3,store_ef9cd8ee1af60f28
B083NKNDXY,store_c7a8878b512b314d
B083NN9DQ3,store_a40790b29c4c0229
B083NNB81S,store_54a855cb5104c15c
B083NNHR35,store_4bb007dac810ec5e
B083NVC5RB,store_f9f9bb8dd9ab3660
B083NWDZKH,store_59851e905b720855
B083NXF32H,store_868dad45e6cabcd1
B083NXJQ8W,store_0e6674f7482f8999
B083NYSBH8,store_92df6fab485bda25
B083NZ7ZYM,store_8e706ba4bfcf40c4
B083P22K5F,store_8d392297f7fcb67b
B083PQ2J34,store_4fea5bb76d863e0c
B083PTGLMF,store_8f2e7cd784967d6a
B083PV1NRN,store_6d161a6d50d81326
B083PVBPMJ,store_f669ba4513e9467d
B083PW2YS1,store_3f38a2085f5441f9
B083Q449XM,store_bb518a8bb7f43f14
B083Q4SQ4P,store_c5861b95d0cb00ae
B083Q4W82N,store_bb518a8bb7f43f14
B083Q8Y5FM,store_c2c414e297e866af
B083QFZZ9J,store_2d41cc0e55b3beca
B083QNXWLH,store_364a7d4d7e82b2fe
B083QXVMKK,store_3e251997c0f696e0
B083R4W6J9,store_23f9f47ef8ccc917
B083R58F9H,store_f6ca2ac046f996bf
B083R7JHWV,store_5a941270ea2f9be2
B083RLBYSW,store_fd0c743eea4cc800
B083RVXQCB,store_43d4277499f257d4
B083RXJ6T4,store_65f7f19b1160faa6
B083S7KR3R,store_7114788a4ea6fc2b
B083SBH4HJ,store_4fea5bb76d863e0c
B083SGNFTH,store_a0f8ca836bf28ea9
B083SJ8W14,store_d64c75746f381208
B083SL4BTW,store_f6be83a3177e407d
B083SNZBY9,store_a248fe7b1629aa89
B083TDZ79C,store_6f9d50150be73214
B083THCBH2,store_3611ac014cd34944
B083TJN6TF,store_36c4d02619f5a849
B083TK1VVJ,store_43cbf96323cde7ab
B083TLNBJJ,store_8755f0ebb814ea7c
B083TNJ4HX,store_0275e57e8281c039
B083TPC3HN,store_0275e57e8281c039
B083TQ29WP,store_0275e57e8281c039
B083TQNRX4,store_dcf709f9b60736a8
B083TR4KK5,store_1d392fd0a25b5044
B083V2K5VK,store_4d8e679ecf0cebd3
B083V8WSRN,store_94dc96e852974049
B083W1LVBF,store_9d06d702b9408555
B083WFDQGC,store_894027257cf93fcc
B083WMQYP7,store_81aabc60f7cc339c
B083WNLBZG,store_107d7ad30c58bc4f
B083X5Q44Z,store_b5be99689cd3c9e6
B083XFK8MR,store_ee2d83d8a1a6e1eb
B083XKSBLQ,store_1d392fd0a25b5044
B083XXD38X,store_88bcbc6b94513fd7
B083XZ82WK,store_42b94e8656d365a4
B083YTD2JR,store_ad7f2e29a30c89c3
B083Z3YWYN,store_af8517112b95a2a8
B083Z4WVZL,store_d793712da5448361
B083ZFD8GT,store_c61f7bf9872fdb6f
B083ZKM3YB,store_3ddd2f7b3bcc9278
B083ZLCDY9,store_92e9986d00311cba
B083ZMP89W,store_3cb8cedb561d1b7f
B083ZMRJMZ,store_92e9986d00311cba
B083ZTPPWV,store_76a04055e43a4c8f
B0841RR4JF,store_ad68fcd96e5cda05
B0841SGFWB,store_c2c414e297e866af
B0841SWMQ2,store_e0f75e930bbb78c6
B0841VJBGJ,store_d64c75746f381208
B08421JG6R,store_55b97345a20c257a
B08421L6TH,store_c617d980ad81c573
B08424XHT3,store_3160c419ead4e6c6
B0842BMMQB,store_2162c6ecc245c34e
B0842CSNZ7,store_f0bfb77414310f10
B0842DPS5Z,store_3bc9103e9fec5eb0
B0842JPZHV,store_f0ab2602daada9f2
B0842P1HT8,store_e5bdf8d145a7ef98
B0842W4TMB,store_54531bed4ecdc202
B0842XJLVZ,store_2e40b3310df1d63e
B084327QK2,store_e849351cded0c153
B0843GNY8V,store_54877ba262124ec4
B0843QKHGF,store_1d6968aa3e107e22
B0844QZ1KY,store_588113018c929976
B0844SHSQF,store_ebf449a0ba42a8f0
B0845LNDJK,store_6105171674b9b74f
B0845MBD2X,store_9e19248bce982e64
B0845NP8L7,store_555e0d82ecb4e707
B0845PVDMK,store_9532ce9a1dc355c6
B0845Q95R8,store_8f1acedd05a0e4cb
B0845SWT19,store_1604ac6879413070
B08462PB75,store_a6b8c82118bdc496
B08469K824,store_a363d8dc3c62f1fd
B0846S1P6C,store_b394b2c15d09268e
B0846YD4G4,store_638e59ab9be3046d
B0847DHW1B,store_ee6d8497484dfd14
B0847FCWJP,store_ad68fcd96e5cda05
B0848PHFBH,store_cde462e54bc9dc6c
B0848SNDGZ,store_bce7ba77d351a796
B0849RZK7Y,store_405f109be584783a
B0849S2YSY,store_26bb1f17eb5013ec
B084BQHV6G,store_6775a845fc7f8b1f
B084BRSS9J,store_bbafae2f5a467866
B084BS87N4,store_02a6f1b128eb06a6
B084C2C1C1,store_36bfe5c1d2b5efa4
B084C32BGD,store_d12d8113a3387936
B084C3HZDV,store_912fb66062f3e8a3
B084C5TMT3,store_033cddc38a8571cf
B084CTFH2F,store_2345b0a89d1ac18c
B084CYD45C,store_170ce2b26f916867
B084D433NB,store_fe3502b3c3d67252
B084D7CYFN,store_77128df2ceb52e7b
B084D86YL8,store_482a1db730be2221
B084F1R1FD,store_d2e06db95a389a8c
B084F255Q6,store_64409903e2f26e8b
B084FLK26T,store_20a7ad30949f50f1
B084FPGPHJ,store_ad68fcd96e5cda05
B084GFD9VC,store_ffaf80a323326e2c
B084GFGPJ8,store_a921ab5c1b60bc01
B084GG9VYC,store_749e577c8850d6b3
B084GGP5SQ,store_0ed59fd6074fb346
B084GMF29C,store_46ac71dd3a1547d9
B084HMY7D1,store_c9df7c8605d8a566
B084JDMGTK,store_3594513fe7857bfb
B084JLBN7C,store_9cfabdf16dc2a8f8
B084JMX5MQ,store_aeb82148a56edbd9
B084JP7W8G,store_50d8b4a941c26b89
B084JT7MR6,store_2a815576c30b39d4
B084KHRW84,store_56f26657cec46ddb
B084KJ99RF,store_5efaca390e4a6e06
B084KJCQR8,store_c7c01c3fd5beceb5
B084KK54V3,store_a55fdbfddb37c94c
B084KNBFBY,store_4a47149c3c0fd25b
B084KVYFPP,store_ef827f98a1942afc
B084L3DNH5,store_00cb901a9aae9d4f
B084LPLQ41,store_28a603093e0e4233
B084M3RPYL,store_6d6d03a41bf1bc96
B084MBQ45S,store_1a38fbe627c86833
B084NPCCF7,store_94e384e39e94b85b
B084P1JPPN,store_1463d7e8b83d3620
B084P718RS,store_437fbcac28220664
B084P9HCB4,store_7483a1206c3e11cf
B084Q921D4,store_213515116ce1e5b0
B084QB5Q5G,store_e8a9c534f0e87dfb
B084QP946R,store_19aba4e9dadeae77
B084RDHF5V,store_290879db01030cd9
B084RDLXV8,store_760b6810fec55f10
B084RJSW96,store_598093f4a57058a9
B084RJYF6Z,store_979d1a82fd26fc5c
B084S46K3L,store_ad68fcd96e5cda05
B084SRGVC7,store_1658a6bb4653bb6f
B084T46WH6,store_ef199bc147e47dbd
B084TG5M2H,store_2a113e26375fa4b0
B084TRXL4N,store_5b50dd94c4b014ed
B084TRZPB1,store_c4b6ab4698753997
B084TS346N,store_5b50dd94c4b014ed
B084TSDFFL,store_5b50dd94c4b014ed
B084TSMPCD,store_5b50dd94c4b014ed
B084TTWPGV,store_65a74d3eb54aa9f2
B084V3GCGN,store_b32260f376753f5b
B084V422KM,store_b32260f376753f5b
B084V8XPH8,store_4f9f52e8f2b11e67
B084VH7M49,store_b30daa7a7138bf91
B084VHZPQJ,store_85dc72e0653c1f13
B084VKC9KL,store_b89884500a1cead9
B084VLRKWZ,store_598093f4a57058a9
B084VVTP51,store_e3e3c03943393af8
B084WN3DXY,store_c45017559dad8864
B084WNY8VS,store_40900a4028173af6
B084WPRJZ9,store_ad68fcd96e5cda05
B084WQ51V4,store_0e7af52a2a25ac21
B084XB553K,store_02a6f1b128eb06a6
B084XBT2R3,store_be3cd0675aa4accb
B084YDM8ZK,store_02a6f1b128eb06a6
B084YPN3XB,store_978976759f6191d3
B084YSKC7F,store_37b77f8e76cf9411
B084YT14SS,store_e739c697debedde6
B084YVBBH6,store_3690c8cbd8c1f0e3
B084YYCPDM,store_fa062b12e9db5673
B084Z6VB6R,store_31a2308136ee8a16
B084Z7FK11,store_d6ebd1572a750e7f
B084ZDBDNT,store_61a7508ed1b04e9a
B084ZFMG2X,store_129b8e707ccfaed0
B084ZGW4XN,store_fb2b788373776f8a
B084ZQPKYB,store_bb2157f220d79a5f
B084ZX6CXJ,store_9735684e2f2420f3
B0851G2XPF,store_d32952c0cfbb587a
B0851Q6SSM,store_81a9d61bfb86170a
B0851SG8WD,store_cfd5c0d4c2827fb2
B0851V7B9S,store_b7f621d0d5fec620
B0851X5VLT,store_979d1a82fd26fc5c
B0851ZSHW6,store_598093f4a57058a9
B08521GL3S,store_7495e368b3173697
B0852BDKVX,store_610150ad0ff61a8d
B0852Q4P32,store_6b1850ed612bbe29
B0852VHM8Q,store_5697b90dbaaa7797
B0852ZYWJ4,store_2304ebb0c36c25ab
B0853ZXMXY,store_638e59ab9be3046d
B08542NHH1,store_747b60041a2ee789
B08543WQLC,store_9dd50d30e2a47feb
B08548FG2M,store_d300b7d947deb41a
B08549F7PF,store_747b60041a2ee789
B0854BZHB2,store_e849351cded0c153
B0854JLM3J,store_be3cd0675aa4accb
B0854Q5VQP,store_70fed7b7b4a3b0b1
B0855FMYCM,store_8c63e52d8fbf8590
B0855M2CPH,store_0b296412269b9790
B0855MKBFD,store_abc7a90846df9492
B0855NF4QV,store_2af349d71405ad58
B0855QQYFW,store_ef920db265e1e43a
B0855RHD4G,store_1783ed0de827895f
B0855VWTJQ,store_1ff128e1fe8ad28e
B0856QKVXF,store_42b94e8656d365a4
B0856T5PYW,store_379210e7faa38852
B0856YHMMN,store_ced03fe7ca54a9d5
B08571KK58,store_2e9d07f7fdce8937
B08575Y9V3,store_79ee8e04af60d876
B0858447B6,store_40bc268f88e6d1bb
B08586T8FS,store_81a9d61bfb86170a
B085878963,store_dd3027b0b171b836
B0858J1ZW1,store_40bc268f88e6d1bb
B0858JCS76,store_40bc268f88e6d1bb
B08595C6WY,store_a0f8ca836bf28ea9
B08598PYMJ,store_8d392297f7fcb67b
B08598TX7H,store_868fbf4cc742e48f
B08599GFYD,store_10933737202b713f
B0859H1PRL,store_9a2f6651fda22d95
B0859JFMPJ,store_662b54819670ffe7
B0859K6QZ1,store_662b54819670ffe7
B0859L4DKL,store_81a9d61bfb86170a
B0859M38PN,store_70fed7b7b4a3b0b1
B0859RDF44,store_dc409dce4bb43ed4
B0859SK38F,store_5ebb35e096ea3931
B085B624GT,store_bd5ac0edb819bd57
B085BGYWJF,store_019dc1d2d086360f
B085BHN8Q7,store_a38cefb963e89301
B085BQH965,store_c2db451a76d980af
B085BW6S6X,store_90a1cbeca05e9fc0
B085C16NY7,store_e947c77439ecb417
B085C6CQWH,store_879e9ad7bf511440
B085C6RN9R,store_9861dcc387b182fc
B085C7HG1K,store_2cee0a92bbdf2e1c
B085CB2363,store_5d6ab3d35fe17ac7
B085CBH122,store_53f9ebf41c316525
B085CG8X9T,store_008b3ca6eaeb28da
B085CL42L2,store_2cabe9a2549a45ea
B085D7WV4J,store_200dcb7139b837b0
B085DCP3YB,store_dc409dce4bb43ed4
B085DDDQLW,store_df8c07b6e1e1fb10
B085DQ97KC,store_d73f503ca9c4826b
B085DSR2ZK,store_fe86fb49bc6d48f2
B085F37QL6,store_6d8783536eba8e57
B085FSLSSZ,store_8eb2e1376a7a8464
B085FWS1FP,store_b71438da8adfd0b2
B085FXK1GK,store_e566b800bb19986d
B085G25B97,store_d4900a7cc727fa77
B085G7M1PC,store_2394eeac9fc3db56
B085G85GJF,store_fc4612cc2b0c1c08
B085GGJJ5K,store_f573504dc9c7e9e9
B085GLQSPJ,store_d84d6e5891ce3318
B085H8DHGK,store_f490aaacb135159a
B085H9MQDQ,store_df8c07b6e1e1fb10
B085H9Z2BS,store_df8c07b6e1e1fb10
B085HBB4DD,store_c2c414e297e866af
B085HBQ4ZS,store_15a0730a27c69f62
B085HDJYX4,store_b1e2b869e8353e5d
B085HH3K7S,store_b6eadc940ee501fb
B085HH6FRY,store_0dc220b4c46b416b
B085HN7GHL,store_df8c07b6e1e1fb10
B085HS86KX,store_d33c14bf420dbd98
B085J215D1,store_c81ccf6ce94a3c4e
B085JYC2C4,store_d50407f7f4ee42bc
B085KXT428,store_9226fa3fe1f436f4
B085KY4KR6,store_9e169642fdd7c02e
B085L313F1,store_04394cc5c62b3e74
B085L3HFQ2,store_dc409dce4bb43ed4
B085L4T9JH,store_861a86beb916dbf7
B085L51Z1T,store_a921ab5c1b60bc01
B085L59ST1,store_05596106fce4b834
B085L74DSY,store_a921ab5c1b60bc01
B085L7VQ2J,store_3da20ce4e7bbd12e
B085LBWFVS,store_73aba7cb090dc4e4
B085LCMVYS,store_9e169642fdd7c02e
B085LFGGTL,store_03c2c13f34af31e9
B085M95TX2,store_6b99a3d8639f494b
B085MCFCPL,store_d33c14bf420dbd98
B085MCMZLX,store_d33c14bf420dbd98
B085MGY36V,store_a04262fc73710e30
B085MV4PFZ,store_06822f3ce0122346
B085MX1X1Q,store_4ecb52384cac1cd9
B085NDJ9GS,store_2fd1c2a6b2f14e16
B085NKBS5L,store_b3d5042ed57617f5
B085NLHH39,store_c978f899e3a228bd
B085NQH5NC,store_973ec5857bf0bf59
B085NR79NV,store_abda253a872d6758
B085P2KP7V,store_bca990ab6b3433fd
B085PVXMGB,store_702de41edc451218
B085PZBPVC,store_2e40b3310df1d63e
B085Q6GX6X,store_5ebb35e096ea3931
B085Q6RNHF,store_979d1a82fd26fc5c
B085QLJR5R,store_65ce610277170c59
B085RCRSTF,store_3406708933726dc2
B085RGFYP1,store_23b13e136ea45b5f
B085RH56DY,store_3406708933726dc2
B085RNPN5B,store_7c1de6a85ffafdba
B085RQKWNF,store_04b99445b7d118d7
B085RS991J,store_113eafb5ebaaed91
B085RV2558,store_7c1de6a85ffafdba
B085RZGRR6,store_e3760ccf8b12e92f
B085S19GQG,store_35b6848700d63b98
B085S29QP6,store_e75557afee7f9e86
B085S2BY6F,store_ca8c01a8233fdfec
B085S4T66X,store_5007aa8fdeb4350c
B085S8GN59,store_4ecb52384cac1cd9
B085SV3DQW,store_465e13582b0ccaf2
B085SW9WZ5,store_fac19e17ff271b86
B085SZHSDQ,store_6cee3a242fb1ac55
B085T34BZC,store_50d8b4a941c26b89
B085T3CB2N,store_0e8e0b97e9bfe0fe
B085T7YDDH,store_c97a7de82eca7a95
B085TBRTD4,store_348a39b135bbcc6c
B085TBXF1Z,store_e1787677c2137592
B085TF6CGJ,store_2d02a8f51cd38317
B085TNLQM9,store_f16cc80837008036
B085TPKMHG,store_3dcea1c71a794c88
B085TPPJZS,store_3dcea1c71a794c88
B085VD5FWM,store_dc409dce4bb43ed4
B085VFGGFY,store_a1a9dc7eb04b6adf
B085VFTLNN,store_a1a9dc7eb04b6adf
B085VG72VW,store_9c37fdea8b65fcb8
B085VH99Y6,store_4e199b4a1c40b497
B085VJJ43P,store_05596106fce4b834
B085VNJF45,store_4e199b4a1c40b497
B085VNVYR2,store_87522438381a086f
B085VSKGYH,store_f669ba4513e9467d
B085VW51G2,store_dc409dce4bb43ed4
B085VY3M9B,store_fba8b4a5cfc3422f
B085W34ZN3,store_26d03aabb080db60
B085W3J9BQ,store_677b3344f88489b3
B085W7TMX8,store_755e014ec2bff1d0
B085W82ZZD,store_4025f17b5ae7cc8a
B085WKHZ53,store_42801898731c5984
B085WLQRN7,store_a37f5b45f3c6ee98
B085WM34YM,store_d52282bec948f088
B085WTH63F,store_4d67cf5bb8d0958b
B085WWD24L,store_dad89e77f70dd919
B085WXQJ36,store_04829914d12104ac
B085WZG8WS,store_bcff90d885e5d95d
B085WZXHCG,store_b33dd832c93bd340
B085XCLJPS,store_11c81360e3e25b4a
B085XMJZ9V,store_ee6d8497484dfd14
B085XMPBWJ,store_8aeb7014952155d8
B085XPSMDW,store_ee17f560a1f77440
B085XRD1QL,store_07cb6da14b83f2b0
B085XWBD18,store_2327a250d9ef73dc
B085XXXJT2,store_662c5d8fe848309f
B085XYCJY3,store_8d062c80d0ed3779
B085XYGP2L,store_fe6a682643f23fb5
B085XZ428Q,store_c2c414e297e866af
B085Y2VPN8,store_98518d63e4b9ff8d
B085Y32D4F,store_c2c414e297e866af
B085Y57C8G,store_74ff7d0c1db89957
B085Y7MHB1,store_670cff3052a1cbd6
B085YDY9WM,store_07815387c6496059
B085Z796S6,store_08e1db01061b7cce
B085Z7WRGZ,store_5180698a0ef4812b
B085ZBQZX2,store_ad32bfe87e1c76b0
B085ZLKR35,store_dc5db2e485a50c0e
B085ZTB1GM,store_3ff5418671159a36
B08619QGFH,store_f4729c60c11324e1
B0861DB8M7,store_37f985de9ad28a10
B0861R3JH8,store_73bdcda237e602dd
B08624HQ49,store_d64c75746f381208
B08625TTJL,store_8647434391d4eca5
B0862832XB,store_5f4c0f8f9d8c14bc
B0862BZYQP,store_e849351cded0c153
B08633XD3G,store_deabd181787c5a76
B0863CRCMT,store_0e0b6b32bbb54591
B0863D4N9L,store_ddd114c40c839f54
B0863FZFPV,store_8eca84b70eb53153
B0863GWS59,store_05596106fce4b834
B0863MSN47,store_8c48b1041ac081f5
B0864181TB,store_b66f6bd16eab21bc
B08641G6CS,store_ad4633d3a35e6190
B08643W68Q,store_1258807e14da3486
B0865B18CL,store_96a2072a8a031ae7
B0865Q58ZS,store_1c3a282f3a183801
B0865RQZRJ,store_862e65e782f08b92
B0865TTSM6,store_037c71ac2b261c2f
B0865V1LG4,store_1c76a3ae98f88068
B0865W7QNY,store_ad1432bbd45eae4c
B0865XN118,store_49108c5081e9b523
B0865YGYRF,store_662c5d8fe848309f
B0865ZVQ43,store_3f789dd44e487c52
B086622JT6,store_bed5e0f7bfc2f4c1
B08662BMF9,store_ad1432bbd45eae4c
B08662GJTS,store_ee563783961ad6f3
B08663WY79,store_49108c5081e9b523
B08665V1RQ,store_ef6edc70722b49c8
B08669CF3B,store_ad7da146e90db585
B0866WKTYF,store_5ebb35e096ea3931
B0866WL9NT,store_ea0aa22730c63c16
B0867FF3TT,store_ca4753ea19a21a3d
B0867LXPSM,store_6faf8698c0f8a6a5
B0867THWB3,store_1a8f41d918117614
B0867YW9X6,store_057c17a722d618c4
B0868DV1QX,store_9dd20d9a7ca7e284
B0868N73Q5,store_ca48fb11561fa486
B0869127K2,store_1fe24e7fe2343f2f
B08693F5FN,store_63c50d389c99118e
B0869H3PPY,store_9e8c6ce200197fd0
B086BMB4C1,store_b88d5da5d8c5ea78
B086BNJ3YK,store_7871d90d61292452
B086BP6RY2,store_879e9ad7bf511440
B086BT685W,store_90e75163123d5d03
B086BW1B2K,store_6faf8698c0f8a6a5
B086BW6XQ2,store_63c50d389c99118e
B086BX71TD,store_e849351cded0c153
B086BYXTP3,store_9e169642fdd7c02e
B086C2F9S9,store_9c780dda79fabc8b
B086C5QML9,store_4a1060b93962aee6
B086DJ3732,store_0b296412269b9790
B086DJ6QKT,store_0b296412269b9790
B086DP2TNJ,store_2c0726ad1281c651
B086G6X92L,store_e4c90ab22592880d
B086GL3TD7,store_0b296412269b9790
B086GS47W1,store_9ef960535ed6f512
B086GSJ7DX,store_6faf8698c0f8a6a5
B086GST51S,store_3f10e3f98c9cba38
B086GVWJK8,store_05596106fce4b834
B086H1SDW2,store_11e11b8d8bdbd413
B086H1VGC9,store_11e11b8d8bdbd413
B086H4C8QB,store_2d29247e0512cbab
B086H6YYVM,store_99294fce917fa399
B086H7369H,store_b0e377222f4b222e
B086HB1QRN,store_3cbd6ba69ac2270f
B086HFGCVX,store_5029bb8ef8f4e400
B086HLV1KS,store_c847a6c2835889c7
B086HNMK6X,store_ca6f6f67611cef65
B086HP3D5Y,store_0566ae3f260e1a78
B086HRN773,store_2d17abf96e09196d
B086HSS7VC,store_9c780dda79fabc8b
B086J2G1MX,store_25736a22a89aeab5
B086J2ZV2T,store_f09ed90db36ae1b8
B086JDDTKR,store_d8170426a5880754
B086JJBF6L,store_f8576c4d25ec19db
B086JJVGG1,store_9ddde1b69e80dc73
B086JQPY2P,store_5697b90dbaaa7797
B086JSNMP6,store_f6d60d46c1206aee
B086KTMXCV,store_9e10a2bd8ab8aa06
B086KVG3CH,store_9c398d2c6919269c
B086L1RNNH,store_8498dc53a391e75f
B086L32587,store_a75fcfa936fd0280
B086L3S8TX,store_0566ae3f260e1a78
B086L7GY7Q,store_03b50ba7f68e94d5
B086LD7F2Z,store_7495e368b3173697
B086LJJ53J,store_7f90efecc9a1e72d
B086LKGHZG,store_994d1e3d468ff557
B086LKKF8N,store_7f90efecc9a1e72d
B086LKR3BZ,store_26e11b7262d55095
B086MDSG5Q,store_ff06f108d04b5699
B086MJ9N7B,store_3406708933726dc2
B086MN9Y2S,store_1fc7eadef9e5b1e1
B086MYJ57F,store_c961420926d82314
B086N181M1,store_0b296412269b9790
B086N3KP81,store_32b1bdf519deb1ef
B086P7JVR9,store_fe6c701459c503aa
B086P9HY2K,store_cbc22d955c0b80e7
B086P9JQKL,store_dae0010a82f243c8
B086PDVDLL,store_e11115094aa82253
B086PHJR4D,store_608dd2678f7c12f8
B086PJLWQ4,store_6d161a6d50d81326
B086Q2PT5X,store_35f3c0f0cef5e9dd
B086Q8R3B2,store_8a95ca8120eb026f
B086QFKYP8,store_6faf8698c0f8a6a5
B086QKC6JR,store_10933737202b713f
B086QLX8W5,store_426f80fde3fff76e
B086QR3SC8,store_f8007b5700085881
B086QW86VL,store_fe6c701459c503aa
B086R1GRBL,store_107d7ad30c58bc4f
B086RCLSZQ,store_e947c77439ecb417
B086S724MM,store_84a9b590a2792e19
B086SBKZ5D,store_92079580c1aef609
B086SDHD88,store_90e75163123d5d03
B086SK1MYS,store_a7382c864cd6f92c
B086SK8KF1,store_3406708933726dc2
B086SKSNZL,store_93d6d0adff1783d1
B086SL8Z3P,store_514793e52072cd2c
B086SZHKFK,store_33a14062f404ce88
B086T29Q9W,store_93475b459bb5204f
B086TWHPHN,store_12b8b7450b2bf440
B086TZBMWJ,store_4646c926e61d33e9
B086V16PX2,store_747b60041a2ee789
B086V56JDH,store_887e09b75cbd6452
B086V5TXN5,store_2d163116ce188189
B086V8QHCM,store_1bd0e984b0ffc366
B086V9P4WR,store_887e09b75cbd6452
B086VHFW8W,store_7b04f9527889e627
B086W2Y4VK,store_974f58cda22ff727
B086W68NFN,store_1e8c02eb2bd7ae79
B086W69PGS,store_c29f01d699150032
B086W6GQTK,store_71cc52379e73f5db
B086W8BTSZ,store_b7232821a165bc94
B086W9FRGZ,store_81b9a3182beacb65
B086WBJBHZ,store_eb4981db07b67c69
B086WGH5J6,store_d64c75746f381208
B086WMWDW1,store_9b31687ebc43afc1
B086WP8594,store_aa8e845d5f1f6014
B086WQ16HQ,store_4d250fa43cf9ee71
B086WTMG11,store_bcbd1535186843ec
B086X453ZF,store_5d35f20ea0bff8d8
B086X8RD5Z,store_7940428491fecfa7
B086XGVRDR,store_696e6c40f2652b3d
B086Y789HL,store_a3b2ffa52d7c8855
B086Y93JJC,store_02249aa7c1794ffc
B086YFPLPJ,store_c1030ce4c4d1d1e6
B086YHH2YD,store_6faf8698c0f8a6a5
B086YK6SN4,store_8a6f838682dd9217
B086YL2SPT,store_d64c75746f381208
B086YMNYF6,store_9bdb6feb4d470296
B086YNWRYG,store_e205888b17f2f470
B086YPYH1N,store_51494e181349c1cc
B086YQ672J,store_6daab44e6c8be1f3
B086YQJQ4C,store_fe6c701459c503aa
B086YRPT61,store_0b296412269b9790
B086ZQG91H,store_3adbcbc048e3d834
B086ZQYV7D,store_b802cfe4b1f50599
B0871PQ7T3,store_90e75163123d5d03
B0871VHYSV,store_dc409dce4bb43ed4
B0871W8XBZ,store_c2b9408414f47b59
B0871XM3PV,store_e4ceeb8af2ec5bd1
B0871Z2X47,store_a4b9d27f12f94b3a
B0871ZTZSW,store_6faf8698c0f8a6a5
B08722DMPC,store_2d163116ce188189
B0872598GW,store_2d2bbb065c980b8e
B0872B8BFV,store_5485f9bedc5dd555
B0872DFZXT,store_b54754363fa6d723
B0872QP2FY,store_3ef359e1983492ec
B0872RBCJ5,store_9129537dd0a182d2
B0872SF6GZ,store_7e41c6480852a4a9
B0872TCPWB,store_b5ef617005a936c1
B0872TFQVT,store_fcdd578ec19a533d
B0872V5XD8,store_a548b2b9c68e6a48
B0872WBD8S,store_6e48921758060f39
B0872YNFFL,store_07dfcc11281e9f67
B08732TR1J,store_f2c73672721ddf62
B0873WRZX6,store_0b296412269b9790
B087441N1Z,store_f83ebbf776c1fc1a
B08744HBFP,store_8864d87983bede4e
B08744SK15,store_2af52053897be448
B087462P4V,store_1a389e291dd0d333
B08747T6J6,store_6fae18d743b9a4e7
B087496541,store_7cc080556d15e586
B0874BDNQL,store_6fae18d743b9a4e7
B0874GJ4NL,store_271ef49c7800b01d
B0874R2JBB,store_1c309dd08299eb55
B0874SR962,store_1f7f216cf036430d
B0875J68SB,store_a1219c4b3317f01d
B0875QFBJW,store_80e77117707cfb0b
B0875QY9LZ,store_6faf8698c0f8a6a5
B0875SR59W,store_9bfc8ee486878377
B0875VQYPK,store_0e7ae82af2f452f3
B0875X94DC,store_fceae300d4e2df84
B0875ZBLWG,store_e75869d826efa96d
B0876GVL7B,store_99832fece78a348f
B0876MQ61X,store_c3586567ad5cd8fd
B0876NPZCD,store_a6157233ae2bc58c
B0876QJFQ1,store_fe6c701459c503aa
B0876R1DP4,store_327f1a0ea2573457
B0876WWWB2,store_0b296412269b9790
B0876YR9LL,store_d64c75746f381208
B0876YYL2H,store_1ca51bef48baaf93
B0876ZVLPQ,store_878f1f2db690bf4b
B08771W4J2,store_d64c75746f381208
B087839TDJ,store_85e70a81f06fe15b
B0878KSP61,store_ee17f560a1f77440
B0878QQGHF,store_3406708933726dc2
B0878QRWCQ,store_8a177965bf8aa02f
B0878RLD7D,store_59851e905b720855
B0878S5NK7,store_ee17f560a1f77440
B0878S9D58,store_3406708933726dc2
B0878V2Z4F,store_3949aa92e093e131
B0878WPX5F,store_ee17f560a1f77440
B0878XH5KS,store_ee17f560a1f77440
B0878YG3T3,store_c61f7bf9872fdb6f
B0878YLHRC,store_a27cd50b38822bdc
B0878Z6S1N,store_5961e44543ea547a
B08792G63Z,store_e205888b17f2f470
B087931W67,store_ee17f560a1f77440
B08793JJSZ,store_ee17f560a1f77440
B08794RX88,store_ee17f560a1f77440
B087954P3N,store_3406708933726dc2
B08798375W,store_1bd0e984b0ffc366
B0879F26LM,store_c6c8286ae5ed496f
B0879HQ553,store_8eca84b70eb53153
B0879Y4XLC,store_b7e3e2c94294ae7b
B087B31DNH,store_d4f360c12f4f7786
B087B54K7H,store_52f677fe7ccbc173
B087B5RJ2P,store_51c164803a33293a
B087B86KCC,store_3f38a2085f5441f9
B087BC1TRW,store_09f15847464bc0d5
B087BL2XJ5,store_e7fb41a6a0544d8a
B087BPHWC1,store_d64c75746f381208
B087BPYPV5,store_58905ee8989ec0d3
B087BQ7MS8,store_8864d87983bede4e
B087BTQZ2T,store_8812ad898535ab16
B087BVMSJJ,store_1723f4eef8ec5cd7
B087BWPQ2C,store_e205888b17f2f470
B087C2DYGZ,store_3e6fbf4d350456dc
B087C61XB2,store_166bff9cca95925c
B087C62M5M,store_4ecb52384cac1cd9
B087CFV1CM,store_a6157233ae2bc58c
B087CG6WQY,store_1185cd48271c75ee
B087CGSPJS,store_0eea62b438331ad8
B087CJYZYN,store_7ac1960a8d637b0f
B087CK2GB4,store_d0b73ce727bbeb2c
B087CLH16V,store_244e151a9a5c9f1f
B087CPY8R2,store_03c2c13f34af31e9
B087CQDL37,store_35b6848700d63b98
B087CRZRBN,store_14f211737068a89c
B087CSTC9S,store_9e169642fdd7c02e
B087CWJ13R,store_50d8b4a941c26b89
B087CXG979,store_50d8b4a941c26b89
B087D11WSQ,store_9110eff165a2e0b0
B087D5QFYT,store_a0f3c4f8d4c1bfd7
B087D6YZDG,store_44afb5155c25e170
B087D876RV,store_83da293016b8933d
B087D9PW1D,store_ef6246346658f862
B087DYJQMS,store_ee17f560a1f77440
B087DZFTNF,store_72b97ddb1d786e84
B087DZXLXT,store_f5495edad21fddd6
B087F416ZH,store_0e8e0b97e9bfe0fe
B087F49G1Y,store_e849351cded0c153
B087F93FPV,store_5f68b5ac2679ade8
B087F9FBCW,store_c6d86c84577741b6
B087FSGNV9,store_fe1541eccc7861be
B087FW5M24,store_80e77117707cfb0b
B087FYQJWD,store_24c4c03cdb078736
B087FZ5BMK,store_bdaaae7834324a8d
B087FZK5MQ,store_d968fd86d2e9256e
B087G1RTFG,store_57ef7719ccee0635
B087G4FRBD,store_a26b42a9251ffe65
B087G8S2K3,store_ae5e173455f45731
B087GB8ZRF,store_0609e4dd8044b5b4
B087GBD8B2,store_f43dbd947fd6b3e8
B087GBV7KH,store_3d1fb1c921a766d4
B087GHDL3M,store_86f0ad79b5498da9
B087GLHKT6,store_0c122d00a1b566e8
B087J6PP9X,store_ad113811481d4b58
B087JBNLP1,store_08d15fc03324ecd4
B087JCTCYX,store_6e48921758060f39
B087JDDCGR,store_fe6c701459c503aa
B087JDG3JB,store_50d8b4a941c26b89
B087JG7C91,store_0b296412269b9790
B087JGQXXW,store_4ecb52384cac1cd9
B087JH8913,store_990fa1d495badc05
B087JJX81H,store_dba47c9657c51c7d
B087JNWY8B,store_56efc05cfff8b3b0
B087JPY3JR,store_b521a37f8400a3a0
B087JQ6KG5,store_2ce4f57b5786270d
B087JQN3WB,store_49793e038f03cc43
B087JQQZK1,store_c29f01d699150032
B087JR5FFN,store_b2b340ddb0f0508f
B087JRBFFG,store_1c699b9e643622fc
B087JY398G,store_fbf63c6adba57ff2
B087LNG4ZH,store_40fc59f0c5510ef0
B087LNHTRL,store_6f6ec75b2e75e845
B087LPNRB1,store_bc3c1768ace08fc0
B087LSBJ7Y,store_d74fcd742e193552
B087LVMFD2,store_c29f01d699150032
B087LXMQMY,store_70eef1f5019d7f3e
B087M13V1J,store_ee17f560a1f77440
B087M2BCDV,store_f020de02dac41ff1
B087M355N4,store_d099916d553b31fd
B087M5R9GY,store_e3929cc1035b6641
B087M5W6C4,store_ff9e549cd862aa12
B087M6NMWP,store_d64c75746f381208
B087M8BT8N,store_b2b340ddb0f0508f
B087M8L3Q8,store_ca6f6f67611cef65
B087M8WSGB,store_064791d16f974d72
B087M94FPF,store_4a94c82ceff6020a
B087MBBMYS,store_3c5cef45c71b95b1
B087MW9D1Z,store_d252991c8b932d00
B087MY1C59,store_01ef980d16e24879
B087N16VZ3,store_01ef980d16e24879
B087N18XSG,store_357dd3b04d919ca7
B087N2TD86,store_8f77fe582ee3e039
B087N6D5F4,store_890778c879591bff
B087N7PF33,store_bbafae2f5a467866
B087N9DSKZ,store_dac38da5f8a883c5
B087N9VPXR,store_af6ccc1e3fcc0551
B087NBV2MX,store_25842ec25e019fb1
B087NCW92Q,store_e3929cc1035b6641
B087NHCTZB,store_e9e2bd94d776920e
B087NHL8DD,store_8ecb193060835055
B087NKM8N2,store_6f54610d1407922e
B087NLKW7N,store_4d5ca56a375d0358
B087NMGGRV,store_58f227bfce873a7c
B087NNKRX8,store_3438a6b6a60865c6
B087NQCB49,store_f5510be70342ffd6
B087NRM4N8,store_50d790c256d09858
B087P1752B,store_76287a0fbe13fef2
B087P7QDQ5,store_878f1f2db690bf4b
B087P7SM1H,store_6f54610d1407922e
B087P8XDHH,store_878f1f2db690bf4b
B087P95B4V,store_ed5ec013af187769
B087P9JXBG,store_0b296412269b9790
B087PHZ431,store_928dc9dd60d9468f
B087PJSWZX,store_f6ce28d86a86d7cd
B087PRPQKF,store_7502f1a277835265
B087PTB3J3,store_90176107b1a47d08
B087PXGW32,store_82b2b795769e099b
B087Q3VFZG,store_9910a0903d2cfb57
B087Q4WSZ3,store_e4c485d029295e14
B087Q5Y6NR,store_4d693c45e20793d4
B087Q6NPPD,store_8bf44509008afc75
B087Q711SP,store_fee01298376ac81a
B087Q78BMF,store_1fd013569af4dadd
B087QCWCDH,store_64c92173a4bbfa73
B087QFYVM1,store_fe6c701459c503aa
B087QGZXLP,store_6365939780da871b
B087QHKY8Q,store_f924569c24be2db5
B087QMJHFY,store_c5b5cbe5aa34d0f1
B087QMMV8M,store_568366415b1f313f
B087QS1CNP,store_364a7d4d7e82b2fe
B087QSJDGZ,store_364a7d4d7e82b2fe
B087QTLV79,store_f490c2f5e87d80b4
B087QV8PCB,store_ccab737c2abe6f9e
B087QW46RX,store_c44d25e0aa4e432f
B087QYN5LN,store_f0f299e06ccc0019
B087R1GTQY,store_b2b340ddb0f0508f
B087R1PR5B,store_98abeb62be538182
B087R3J79Z,store_b2b340ddb0f0508f
B087R638B9,store_3438a6b6a60865c6
B087R6RGGL,store_dc12c5d86f8b3eef
B087R8YHD6,store_ec9bf5982fb83699
B087R8ZCNR,store_ec9bf5982fb83699
B087R96PLX,store_ec9bf5982fb83699
B087R9JXY5,store_ec9bf5982fb83699
B087R9KB6R,store_ec9bf5982fb83699
B087R9VM6L,store_f52b41e9faedc801
B087RB67XK,store_d20df3a8101de3ce
B087RBNRXS,store_357dd3b04d919ca7
B087RBQRB6,store_3438a6b6a60865c6
B087RBVTTX,store_d20df3a8101de3ce
B087RFX5P1,store_8498dc53a391e75f
B087RJ472S,store_d64c75746f381208
B087RM142Z,store_da3ebe0c242b1dfe
B087RNKQ7J,store_9ae1e603ee940f48
B087RQ48VM,store_b30daa7a7138bf91
B087RQFQPP,store_b30daa7a7138bf91
B087RT6YJ8,store_9b404a38d56b9a51
B087SL73K2,store_88545e8dbb505401
B087T6X5NJ,store_357dd3b04d919ca7
B087T8H4RG,store_d5149e6632511755
B087TCWPQJ,store_f6ce28d86a86d7cd
B087TJGS9S,store_abd7cdbca71fbb3d
B087TJRK94,store_04394cc5c62b3e74
B087TJVJL3,store_4fea5bb76d863e0c
B087TLFQ7W,store_f6ce28d86a86d7cd
B087TLH1SH,store_0b296412269b9790
B087TNLPCP,store_f26ca4528d671c94
B087TT3GKH,store_ed580901c58f51a9
B087TV4L62,store_ee17f560a1f77440
B087TX32XZ,store_e849351cded0c153
B087V29PWV,store_73f7054413425c07
B087V2CSLQ,store_73f7054413425c07
B087V34KRN,store_73f7054413425c07
B087V4L3G3,store_8ac5a5f7481389c2
B087V4L5YK,store_b30daa7a7138bf91
B087V5F58S,store_77e0269bbf7dc4ca
B087WSFRHW,store_01ef980d16e24879
B087WSP6FM,store_01ef980d16e24879
B087WVMSV5,store_f0eab641c2006dfd
B087WXB38R,store_861a86beb916dbf7
B087X4B475,store_8b129b0f79ddab8c
B087X51XPW,store_43fa7213c162f825
B087X8C4XZ,store_80e77117707cfb0b
B087XBDNRL,store_90e75163123d5d03
B087YV51LT,store_afd50fdcdd48203f
B087YW7L2J,store_fe6c701459c503aa
B087Z146Z6,store_2a9fc3df6239d79f
B087Z1FGFD,store_90f9afcc64d63d4b
B087Z1RYW1,store_50d8b4a941c26b89
B087Z21LBF,store_90f9afcc64d63d4b
B087ZGFB1L,store_12a9b6a96847eb3d
B087ZNKSB6,store_5c60b56b1f443c9f
B087ZQK2G8,store_af24c2a6dc1b5ae5
B087ZR1YPX,store_af24c2a6dc1b5ae5
B08811D5RC,store_402f7d4a61a7b84a
B08812TF66,store_4ecb52384cac1cd9
B088145XD3,store_4ecb52384cac1cd9
B088161WKH,store_1cdac89ce47570bf
B0881BQHTL,store_31a6d80444b93ff0
B0881CC6XF,store_1cdac89ce47570bf
B0881DCXTV,store_90176107b1a47d08
B0881F3T2F,store_80ecb400321c82ad
B0881HJ65D,store_2231c33c47e49491
B0881HNW8B,store_afa55bfba3e5e735
B0881LCDYJ,store_c44d25e0aa4e432f
B0881MBQQF,store_2e3aafb626a27321
B0881X3FND,store_57c23ca2cbdf334c
B0881XHZ99,store_6f31b1fb038371d6
B0882NM25L,store_f03c0a59c59454ee
B0882RN4N7,store_dc409dce4bb43ed4
B0882RTN3Z,store_50aa1e87c80e13eb
B0882S9F5H,store_e2b49a094f0db29b
B0882ST8NN,store_c44d25e0aa4e432f
B0882VCX27,store_dc409dce4bb43ed4
B0882WSXT7,store_71cc52379e73f5db
B0882YDL1N,store_9910a0903d2cfb57
B0882YMDG8,store_f03c0a59c59454ee
B0882YSG4D,store_ef2cd213ee0dbbaa
B08834NSNL,store_69447ccbd008cdd4
B08839P7FB,store_4ecb52384cac1cd9
B08855SL72,store_2bfa561e4ffc76d2
B0885TKLP8,store_bb7353ad3d703aa4
B08861F2X6,store_92616f00d6e587db
B0886211T9,store_f83ebbf776c1fc1a
B088633Q1B,store_66bb5dcddb39af3e
B088648C88,store_b6a7828d287416af
B08864FN8F,store_0b296412269b9790
B088685TMR,store_386e7f848200c2c5
B088689TSM,store_ee17f560a1f77440
B0886H3T5Y,store_5802653d4b2d6e58
B0886H7CBY,store_d4362077965ab4fc
B0887SMJXP,store_48aba0b62ed76e9e
B0887T5H2Y,store_2ccced1a1bcbc09c
B0887TP8DP,store_3ddd2f7b3bcc9278
B0887VDDGQ,store_4a33e39bd2af2e7a
B0887WSTJ4,store_2ccced1a1bcbc09c
B0887X4LPT,store_a301ea88f3c195e5
B0887XL9Y7,store_c2c414e297e866af
B0887YFYQV,store_9344be7fa6048c02
B0887ZJP8W,store_2ccced1a1bcbc09c
B0887ZYWQ7,store_2ccced1a1bcbc09c
B0888145DD,store_2ccced1a1bcbc09c
B08881TFNV,store_2ccced1a1bcbc09c
B088822YD7,store_f2c73672721ddf62
B08883PHCZ,store_2ccced1a1bcbc09c
B08884FVSG,store_7eac64a8aba1f1ae
B08884HTZ5,store_3ddd2f7b3bcc9278
B08884MFB7,store_6340de17b5dd9b3a
B08885DQ5M,store_2ccced1a1bcbc09c
B088882DK9,store_0b296412269b9790
B08888VSW3,store_976e8755b5d15542
B08889SB8Y,store_2d306d552e19d78b
B0888CX245,store_644858033206b3a6
B0888FRYYC,store_c36753cd850d7015
B0888J4X5K,store_861031bcbdc75ef2
B0888K3R7B,store_e6eed0f05261332e
B0888LLZBW,store_861031bcbdc75ef2
B0888N5MHT,store_007df7b2d39bf9de
B0888TNR5S,store_0b296412269b9790
B0888TZ9W6,store_ae4ad6073154d2ed
B0889KQ173,store_71864cfa1b3dcaea
B088B4KSW8,store_57e5095d85216860
B088B5R2HL,store_48aba0b62ed76e9e
B088B5ZQY9,store_71864cfa1b3dcaea
B088B7V8JS,store_da1ee9ca9a632fb2
B088B89XN5,store_1799296195846afe
B088B9F3TD,store_48aba0b62ed76e9e
B088BB6H25,store_48aba0b62ed76e9e
B088BBVS9D,store_06b198622c7002b7
B088BBY21M,store_09d99c1dd82580a5
B088BCCTN6,store_c87e38f762ee857f
B088BCF77J,store_48aba0b62ed76e9e
B088BDR3B7,store_48aba0b62ed76e9e
B088BFLMFT,store_48aba0b62ed76e9e
B088BFYPJZ,store_dad89e77f70dd919
B088BHF6M7,store_0acd529d565d5bb0
B088BJ4FH3,store_64c92173a4bbfa73
B088BJXTPM,store_93ed3df9940d3779
B088BK685T,store_48aba0b62ed76e9e
B088BKKQNR,store_48aba0b62ed76e9e
B088BM38BZ,store_48aba0b62ed76e9e
B088BM8TXF,store_48aba0b62ed76e9e
B088BNFPM1,store_65116cec482bab1e
B088BP4XL6,store_62b1d9680c540e72
B088BP86S8,store_0acd529d565d5bb0
B088BRFG4W,store_0b296412269b9790
B088BTXM33,store_056eafe7cf52220d
B088BWGKBJ,store_1f7f216cf036430d
B088C3TZTZ,store_f0552f748fcbd796
B088CR7Q5D,store_36bef0ee0d44f005
B088CRHVTX,store_48aba0b62ed76e9e
B088CSM7BD,store_3ef359e1983492ec
B088CT1KLD,store_8d835969c38ed761
B088CXNPHS,store_48aba0b62ed76e9e
B088D29XYP,store_53d90041e5cdf950
B088D4ZH5D,store_0cb03269dc7c2b2f
B088D5JRHY,store_6faf8698c0f8a6a5
B088D7BQJM,store_48aba0b62ed76e9e
B088D7GCFL,store_80e77117707cfb0b
B088D8G9JF,store_3b0ee849f1377d3b
B088DDS28R,store_7780cd377c270309
B088DJML9S,store_867c00d7497290c0
B088DK6ZS6,store_b5832a3ff3a1d486
B088DK9SXF,store_63c0d75696da3085
B088DLTVQ9,store_43317956357698df
B088DPK86T,store_a5610092ea07daeb
B088DZKKSF,store_855484c7c7e7b0e5
B088DZX7ZD,store_b0346c52fe77c9aa
B088F852H3,store_7eccbda26b5d0153
B088F9FQLX,store_ff641617af6513e5
B088FDH9WW,store_a26b42a9251ffe65
B088FG8XWH,store_2ce4f57b5786270d
B088FGNW25,store_f13602872394e774
B088FKY3VD,store_6b99a3d8639f494b
B088FLBYWT,store_ca6f6f67611cef65
B088FMNM89,store_2ae7dee039606b07
B088FP5M5Q,store_5a94da9263b14e16
B088FR5VRF,store_ca6f6f67611cef65
B088FRJF91,store_ca6f6f67611cef65
B088FRSXZ5,store_4d67cf5bb8d0958b
B088FRXK3X,store_ca6f6f67611cef65
B088FRXV2M,store_ca6f6f67611cef65
B088FSBBXP,store_ca6f6f67611cef65
B088FSC5SL,store_ca6f6f67611cef65
B088FT9RXN,store_9bdb6feb4d470296
B088FTMTWX,store_90d316eed0988d54
B088FXWCTF,store_10e498240dcb1b70
B088G1ZJHP,store_0295ed7c0a8e5d4a
B088GMVYQX,store_ba4b73df1696ad78
B088GNYLLD,store_48aba0b62ed76e9e
B088GP4R4H,store_80e77117707cfb0b
B088GT3Q7Z,store_585b9ddcb2793894
B088GVRV21,store_37511e64789fda1d
B088GW1CHP,store_6268f0acfd210c4a
B088GWCVVJ,store_c050882cf8d063a0
B088GZ7V6H,store_48aba0b62ed76e9e
B088H17TVF,store_e893c5ae518174d5
B088H3RLJB,store_48aba0b62ed76e9e
B088H4N7SM,store_662c5d8fe848309f
B088H58GX7,store_814e41cd598f0b9c
B088H7DCCG,store_3825a83b35aa6ce0
B088H95SXF,store_02249aa7c1794ffc
B088HJ2QZR,store_5c6b78003d2384cf
B088JPW67H,store_e07d14bbb6bc0f58
B088JQXNNG,store_d14ca0e035abf4a8
B088JTNHZ7,store_5765b7ce309b05e8
B088JWX1QF,store_b89884500a1cead9
B088JX34F2,store_d9b3fe76272fc424
B088K216Y8,store_91eb5a707604443d
B088K6MV47,store_32dd03fbac6db3d9
B088KDK939,store_6a867075ab8ff739
B088KHBSVN,store_eaae2fec6f170878
B088KHMZ3J,store_698cc00d3c5c5bb7
B088KL7C6X,store_eaae2fec6f170878
B088LJ5MX9,store_c2ba3bb668271272
B088LNGY1G,store_a38cefb963e89301
B088LPKXNH,store_f1c718a85043ea9e
B088LRTNSS,store_a0f8ca836bf28ea9
B088LRTWVC,store_1532a37763caf9e9
B088LTKF7K,store_bb4fbd64e824a73c
B088LX6R4L,store_764d4f2e3e35f723
B088LZKD24,store_fed67a1c53418f22
B088M4Q7Y9,store_eaae2fec6f170878
B088M4ZMG3,store_eaae2fec6f170878
B088M5P8FN,store_63c50d389c99118e
B088MDYPWT,store_15f56eb09e2480c7
B088MF5VWW,store_166a92bd1f8d70e1
B088MG4JDK,store_166a92bd1f8d70e1
B088N6XQC5,store_b8cb3e057772c5c7
B088N7NR5K,store_6604694f2b71a80e
B088ND4V2R,store_244ee9354d95eb4c
B088NDSRXZ,store_64c92173a4bbfa73
B088NJKZZW,store_fe6c701459c503aa
B088NKP77W,store_edb245d46c3b4b23
B088NMRTJ2,store_32c004e7cf341cf0
B088NPWS7K,store_16fed5bdd53936f8
B088NW51D8,store_0fcc87dac651297d
B088P1QPGM,store_e92b37989440e677
B088P2RY2X,store_92d1e46c987e2e98
B088P8V9G7,store_5f53dcbd69359fcd
B088PBXLVP,store_53d90041e5cdf950
B088PCC6RG,store_b6a7828d287416af
B088PHPF5B,store_7816e57b4e1fdb0b
B088PJ8WQ2,store_d5cea110d447a8fc
B088PL29MT,store_fe6c701459c503aa
B088PM2SGD,store_706011b98f97c34a
B088PNB5QH,store_17310251e34a6571
B088PNXC9W,store_0b296412269b9790
B088PPBRN9,store_17310251e34a6571
B088PPT4X2,store_d5149e6632511755
B088PR9VMN,store_92616f00d6e587db
B088PRVQJL,store_f43dbd947fd6b3e8
B088PSK86N,store_f43dbd947fd6b3e8
B088PT3VTQ,store_b5330b5b06710f47
B088PYN4VM,store_f6daeb50d1c89f14
B088Q5Z6N7,store_2f019d9b3a159a26
B088QFFCJ8,store_697e9459ecc41cc8
B088QW1K91,store_2fa222ebaacd0b5c
B088QWMZX1,store_3406708933726dc2
B088R374B1,store_698cc00d3c5c5bb7
B088R5YRMJ,store_34dd0879b2a7c2e1
B088R74CJZ,store_0b296412269b9790
B088S9S9BD,store_e423ff1d4aed310a
B088SZVXRB,store_0b296412269b9790
B088T94C5D,store_da23614e02469a0d
B088T9JLWG,store_0c17ddceb3071d32
B088T9VK3D,store_7cf0c3c927ed7e18
B088TBQMDS,store_dc409dce4bb43ed4
B088TCP65S,store_dbdf18709cb6900a
B088TD236L,store_3552ac2419262405
B088TGJFV8,store_dc409dce4bb43ed4
B088TGQG2F,store_abd7cdbca71fbb3d
B088TNMKXW,store_4e970e36d018d76a
B088TNNW8N,store_9ec886951e048ab0
B088TTJ847,store_d52c361205cce493
B088VXQMRL,store_caf0cdd2f927e86f
B088W7M7T6,store_6778aec634b04682
B088W9QDXY,store_ae5e173455f45731
B088WH68DH,store_1bd0e984b0ffc366
B088WHYQFV,store_53d90041e5cdf950
B088WJND7B,store_24ac90f3ef7ab9d8
B088WK82Y8,store_ad68fcd96e5cda05
B088WM6FXX,store_3f69856486f5041f
B088WNJC2L,store_ba2a4b47f8dcd266
B088WNY2Q6,store_5dc437262e093f0e
B088WP7KYN,store_59851e905b720855
B088WS815S,store_563b4b3bafd9db69
B088WSDG52,store_6778aec634b04682
B088WV7SQH,store_476deef4668e541b
B088WW1MFS,store_1907abc4fb150834
B088WWBHJL,store_058ce4d08fb52050
B088WWH6B1,store_cf68198f4a10e6af
B088WXH81B,store_0b296412269b9790
B088WYMS73,store_80e77117707cfb0b
B088X58ZV3,store_2c8b7148245908bd
B088X67C26,store_216c7ebe08ed6ef7
B088YKPMWT,store_2ccced1a1bcbc09c
B088YNV96G,store_dad89e77f70dd919
B088Z1FZGR,store_3e0be893344190a0
B088ZB4DTH,store_82a95ba69a4e4362
B088ZDJ4VB,store_85e70a81f06fe15b
B088ZDWNWS,store_edbb4a05d28cbd47
B088ZHF5TW,store_0b296412269b9790
B088ZN7P6R,store_2af349d71405ad58
B088ZNKBHC,store_1bd0e984b0ffc366
B088ZPLPN8,store_2af349d71405ad58
B088ZQDY4K,store_32479ab28c11fca7
B088ZT7RN7,store_54898cc479303021
B08911G32C,store_120b9e3de3455a34
B08914K3HB,store_d66fcc742cc64048
B0891V65QZ,store_2d163116ce188189
B0891VSZH4,store_6e09f794ed4ba5ee
B0891VW823,store_6e09f794ed4ba5ee
B08924WXRQ,store_4340a552b284b452
B08925W6DP,store_86e4eae120d4ae95
B089264C23,store_5ecfa5aee6fbe368
B089269PQG,store_a16f55fe12f122b7
B08928WBJJ,store_1406489004514a41
B0892B7JML,store_4d0be31db8795426
B0892CLCHS,store_2d163116ce188189
B0892DYDD9,store_676d7c244a19e63e
B0892F5JZG,store_84f4a71cfebce910
B0892F88TJ,store_e2b87a735feb379b
B0892G8R8Q,store_d8cf8c333371ec70
B0892GP12S,store_80e77117707cfb0b
B0892HJDKP,store_7bc43936bca6d3b3
B0892LX4LX,store_016a6221ccd90d96
B0892NLZF2,store_eaa1ccd893c6364b
B0892NWM6D,store_7e6ba931bb2bcd76
B0892P4FJY,store_eaa1ccd893c6364b
B0892QXKXK,store_016a6221ccd90d96
B0892X1C7X,store_c6193cf0f5e06a99
B0892XT7J1,store_0b36c3460aa8ba43
B0892ZFFFK,store_4feec119daf428de
B0892ZZZTF,store_c5f3ed834c302ea8
B08933TQXK,store_b4ecfc8fa820e0aa
B08937Q8SH,store_111290e47f59a9e1
B0893F4GGH,store_48e3b5a47763d730
B0893J6BP8,store_c47e68f1d9e264fb
B0893RNX7G,store_df8c07b6e1e1fb10
B0893T27Q9,store_b33dd832c93bd340
B0893Y6XKT,store_1cfd2c7676e6a6a7
B0893Y71H7,store_1cfd2c7676e6a6a7
B08941L3JN,store_e96ca26574f7b17a
B089494HTK,store_f6d60d46c1206aee
B08949HMF1,store_6feb8458eadaf94d
B08949RFGH,store_23c3567391f29bc4
B0894D6S6P,store_04394cc5c62b3e74
B0894DMHDF,store_386e7f848200c2c5
B0894JBJ71,store_3b2197590fd8e2ec
B0894KSBZW,store_286e52cef6df8ae2
B0894LPRN2,store_b39cb231f70d2381
B0894M16PN,store_cfe5a9feb593afdd
B0894N26G9,store_a101cba683911cc5
B0894N8CXV,store_b76dd767e7afdeb0
B0894NF8F9,store_d64c75746f381208
B0894QQDFH,store_3438a6b6a60865c6
B0894RLDHQ,store_fe6c701459c503aa
B0894Z81Y7,store_1fecb32234b21ce7
B0895CMRBP,store_e20801b51acbe359
B0895CTMZJ,store_e20801b51acbe359
B0895DP1BJ,store_1eff91fbb3cf1524
B0895GKGWY,store_425926b26ad3d6cd
B0895HJ3JP,store_126d319ac2230e53
B0895LWLT3,store_f8007b5700085881
B0895NG63H,store_c89a4c6ad642e464
B0895NYYJ5,store_df1795382a745e30
B0895Q1J78,store_107d7ad30c58bc4f
B0895SS9HX,store_f52b41e9faedc801
B0895WC6BX,store_37768bbb3d198028
B0895XRT9S,store_7503ec12c6a7ca2b
B08965Q4GG,store_01081beba7014a79
B0896XBLVL,store_965e4384a024a3f1
B08972PX2X,store_5a75c38a427ce5f3
B0897K8TN8,store_b7c2d3f4a2d2c384
B0897NHTH5,store_f5136d85ecca862e
B0897V7QF1,store_562b77e8d63d6f02
B0897VV65F,store_13e90c3dc07ec287
B0897W8X61,store_cfcee45ebddd81cc
B0897WXSBF,store_05596106fce4b834
B08999QT5N,store_dc409dce4bb43ed4
B0899CQXL7,store_c8cbb5aa44e0190c
B0899DRZHL,store_b816d680b4152b0d
B0899QNWYJ,store_fa03049d17089e09
B0899QRZPF,store_0c96e508d57403e1
B0899R49G9,store_6faf8698c0f8a6a5
B0899WJG8J,store_53d90041e5cdf950
B0899WZ34R,store_1e21ae2d6104e748
B0899XTY6D,store_6faf8698c0f8a6a5
B0899YG299,store_fe6c701459c503aa
B089B7ZB7D,store_f5c37da12297572e
B089CJL4L7,store_728f0d3fe108bf70
B089CL475V,store_3406708933726dc2
B089CQWW8S,store_c7213dec414d6fb2
B089CSF11Y,store_7e41c6480852a4a9
B089CTG6MJ,store_e266f496c9f7c5fa
B089CXW14F,store_cfb216a138999aa8
B089D16BWJ,store_826b425eac781bc3
B089D16BYC,store_728f0d3fe108bf70
B089D757DP,store_c19ff2bdd22bd442
B089D7RD1R,store_6faf8698c0f8a6a5
B089DQM7HG,store_c8765e99e9a6c0d1
B089DW2K4M,store_ad68fcd96e5cda05
B089F1BSJ5,store_064791d16f974d72
B089FCG4HK,store_c222db91c9e2c743
B089FQDTPS,store_07815387c6496059
B089FQW84F,store_d526542077d0cfdd
B089FSCPQG,store_1f5406effad42e44
B089GD98RX,store_d287ffee1649b7f6
B089GFB571,store_a0f8ca836bf28ea9
B089GK1KHW,store_2f3326be0f3873f4
B089GVBJTK,store_eaae2fec6f170878
B089GX9GXY,store_fe6c701459c503aa
B089JJBKDY,store_b816d680b4152b0d
B089JXZGH3,store_90b2ec84e363cabe
B089K1VB4G,store_779e31d1482ac000
B089K2G83P,store_d0ae272cca832fa8
B089K3923P,store_b9cf60c82fc9f48a
B089K3Z3GD,store_d7e4fd57e69f348a
B089K4H1VK,store_49274fbe1b5cdb85
B089K4HWNZ,store_c658c15562e082a2
B089K7W6NX,store_64fe51f09cb8db53
B089K8CK7C,store_d6aff2e0ac24f17b
B089K914F4,store_99cf323511b624e5
B089K97RQ6,store_c658c15562e082a2
B089KBMST6,store_4e7d3a9e064272a7
B089KCQ64D,store_e3929cc1035b6641
B089KCZJ4Y,store_4e7d3a9e064272a7
B089KDCQLW,store_3438a6b6a60865c6
B089KGM15K,store_202def695cc85032
B089KHWPLP,store_ed5ec013af187769
B089KJ59TW,store_a16f55fe12f122b7
B089KRVGFZ,store_c8765e99e9a6c0d1
B089KVHTKS,store_62148f69e89d5417
B089LLQP6B,store_d4ed1714157959b8
B089LNLFW3,store_74cf6ee69061b0f9
B089LR2Y1S,store_0a9bc4ef1b3ece52
B089LW8X8N,store_e893c5ae518174d5
B089LYNCY6,store_278eb56488bf191a
B089LZ3VBX,store_c2c414e297e866af
B089M23MKM,store_ef650464de2722b1
B089M6BTVR,store_98599987e6fcce8e
B089MDGS6P,store_d2f6e6c9bfe9fe2d
B089MZNN5B,store_1859cda54f132860
B089N8K858,store_1192dfdb037cca45
B089NDD8V8,store_2526b09be0f9b0a4
B089NL7HMY,store_2706dc27e94d4ba7
B089NM94DX,store_d64c75746f381208
B089NNRKKM,store_d1033d3ec993c53a
B089NQ4RCJ,store_80e77117707cfb0b
B089NQ8L69,store_a334e5f81c1a36d7
B089NQKX4G,store_3547c44def80c8ad
B089NRBJ4Z,store_1192dfdb037cca45
B089P3R4FD,store_2cbb80607fad5775
B089PTD9Q5,store_c2c414e297e866af
B089PTZ2PQ,store_2737e729664656a5
B089PW9SS2,store_bf8ec65fcfca521b
B089PWG8TM,store_e61c00e47e6b0bee
B089PXFWK2,store_59851e905b720855
B089PXGS9J,store_4ce3783ea4b14249
B089Q1BDLK,store_e0f75e930bbb78c6
B089Q25ZLL,store_96cb08bcf44b9809
B089Q3GF7L,store_b7e8161c537ab935
B089Q569F8,store_ba7028e234e82d5e
B089Q6J6XP,store_59851e905b720855
B089Q6KLHS,store_dbef5fa6df3d4c49
B089Q7HGYZ,store_861bcf2277fa496f
B089Q7R7DP,store_1ab1a5027680d865
B089Q8D9XH,store_e205888b17f2f470
B089QB9ZF9,store_fe6c701459c503aa
B089QFMFW6,store_37ee0b87a33fd6a4
B089QHJDT6,store_4607d36bc3a047b3
B089QJWRHL,store_0b296412269b9790
B089R2JK27,store_4d693c45e20793d4
B089R4W2HG,store_4f46d843e864a1be
B089R5LQP4,store_eda62a7d3eae3ac6
B089R7S73D,store_c2977c55d3e116f9
B089RH1RLM,store_e08117e90bc094b8
B089RQ79QW,store_b23d8fadc3f0bfc1
B089RRNP38,store_25e73aa7da75671b
B089RXC716,store_adb343be916e8917
B089RZXRVZ,store_b75f6b708c5056bb
B089S7MBW4,store_200a91eb0e5cc472
B089S8SRG4,store_b33dd832c93bd340
B089S9LWK5,store_07815387c6496059
B089SHC91S,store_d099916d553b31fd
B089SHSCFT,store_3ade4d75a07decfe
B089SHTYKF,store_d099916d553b31fd
B089SJWDNS,store_f67422266d807850
B089SNHYBB,store_cd0f74aa040fbc64
B089SQMGMB,store_13f98a05e99f18aa
B089SQTVDW,store_e61c00e47e6b0bee
B089SR22D9,store_eaae2fec6f170878
B089SRHQ15,store_13f98a05e99f18aa
B089SSWP25,store_df8c07b6e1e1fb10
B089STDWCS,store_bfff37c3d58882cd
B089SW68R5,store_69447ccbd008cdd4
B089T6PMP6,store_b69a601bddd8285b
B089TZVX9H,store_e6365a3f537948b4
B089VNZ21Z,store_7bc43936bca6d3b3
B089VRNLMZ,store_d09f4293a4c2e728
B089VT36C8,store_68a658b44bbaefab
B089VWZ6YY,store_313e452d859bc3da
B089W1Y3S6,store_dd6cbe5b66232b31
B089W3N5WT,store_fd0c6d088a7eb2cd
B089W5BPPX,store_f0f702fc86ca553b
B089W77F9P,store_59851e905b720855
B089W8M9XZ,store_fe6c701459c503aa
B089XN9276,store_46a808cfd5beafa5
B089XZ25FQ,store_9e00118ab5887f24
B089Y2MWWQ,store_e0f75e930bbb78c6
B089Y3TWKR,store_ea0744df9a84fb5c
B089Y5X16P,store_6faf8698c0f8a6a5
B089Y65MDD,store_48e079ec746c0aa1
B089YBW4Z2,store_1bd0e984b0ffc366
B089YD5KQH,store_98518d63e4b9ff8d
B089YF2ZV7,store_df8c07b6e1e1fb10
B089ZNHRTT,store_1d392fd0a25b5044
B089ZP8C1X,store_861bcf2277fa496f
B089ZPT48V,store_d65a9639ce425bdc
B089ZYL3J8,store_1bd0e984b0ffc366
B089ZZ1F85,store_cf624c68d2ec4c5d
B089ZZGRVF,store_0b296412269b9790
B08B1177HM,store_e07d14bbb6bc0f58
B08B12F7VC,store_5ecfa5aee6fbe368
B08B12W146,store_3f789dd44e487c52
B08B13CY5H,store_5266be0f340680a4
B08B14WCHR,store_986dcb5c31106ff4
B08B182XCL,store_70638f0a3ae11134
B08B1CGDYC,store_3895da7ca48cef0b
B08B1F8T4M,store_361f35dbf37c0a83
B08B1FNMMQ,store_017429490e683068
B08B1L8B2K,store_c31491928cfdd518
B08B1MNZWW,store_5d69bc1827893e91
B08B1S336B,store_a933296d1b730b24
B08B2GRNBT,store_7cfc2d5e14e4aba4
B08B2J8H5V,store_0295ed7c0a8e5d4a
B08B2Q6BJ7,store_c3795ee0bfa21dda
B08B36R5KJ,store_96cb08bcf44b9809
B08B3BK3D6,store_665de1f2775ca0b6
B08B3D2PXW,store_842575d9a3e81657
B08B3DQ6B1,store_f7f37372b8df0638
B08B3G9ML7,store_1078cf414b2625a2
B08B3GL1GL,store_07cb6da14b83f2b0
B08B3LJP69,store_32546213d3d3a560
B08B3MSVQC,store_5fdf7a2577815241
B08B3NG16S,store_fe6c701459c503aa
B08B3QXBYM,store_08eec3bfc93641a8
B08B3R252P,store_551a5b917e418398
B08B3SG4LT,store_df8c07b6e1e1fb10
B08B3TCMSQ,store_462e5c76d78f6f0c
B08B3W3TKG,store_5d69bc1827893e91
B08B3XM7SG,store_5d69bc1827893e91
B08B41JW2F,store_6e831d7467760e93
B08B432CC4,store_df8c07b6e1e1fb10
B08B44R8DJ,store_e4a2cb28b6376492
B08B45XDT7,store_fa2b5ef64e987bc5
B08B466J2C,store_254a78340bbda0fe
B08B46HDN9,store_b69a601bddd8285b
B08B4CVJPP,store_d5795c6ea29daadf
B08B4HM1KD,store_861a86beb916dbf7
B08B4LDKPL,store_7092ca5fe95b556d
B08B4N5BXZ,store_6faf8698c0f8a6a5
B08B4P69LK,store_4a13acbb9a7a6b72
B08B4PDJMW,store_b66f6bd16eab21bc
B08B4QVTZD,store_46a808cfd5beafa5
B08B4RK2Y7,store_eb742eeee15b2011
B08B4RN9WN,store_7c290d6a5bf8e65c
B08B59J88D,store_87522438381a086f
B08B5BZPRL,store_879e9ad7bf511440
B08B5C8G2R,store_2d6b88efd6b777fb
B08B5DJS5H,store_72b8ca86cf208928
B08B5DQ1F8,store_72b8ca86cf208928
B08B5GCLCS,store_f2801e2c1b8a6b59
B08B5J5NMF,store_d05354c97de71bb7
B08B5MY5K5,store_8d7ae863d9c10823
B08B5NXXBS,store_72b8ca86cf208928
B08B5PMBYV,store_6eaf67e219642c29
B08B5SFTN2,store_978976759f6191d3
B08B5XTVLW,store_a101cba683911cc5
B08B5ZZ9J7,store_d64c75746f381208
B08B5ZZNLB,store_44b3bce647e01027
B08B61S5PL,store_a1219c4b3317f01d
B08B62377X,store_5d8ef36262ce38f2
B08B64YH5R,store_820c4cf2c6a9fc7b
B08B6BPPS1,store_12ecc60e09bc901c
B08B6BYKWR,store_997adc836efa6ea6
B08B6DG6G8,store_0e49e9dc4b999823
B08B7S5GQP,store_0731fcd592779672
B08B7VWGZW,store_9344be7fa6048c02
B08B7WH5SG,store_cc829c7dd771b9e5
B08B82CPBX,store_3406708933726dc2
B08B833VX9,store_cc829c7dd771b9e5
B08B83GH77,store_f171afb25eae81cd
B08B84SM7B,store_9298d661abf318cb
B08B85L6CL,store_9344be7fa6048c02
B08B868CFX,store_68e77f2300e5c779
B08B86NLSQ,store_7bc43936bca6d3b3
B08B86SL5D,store_54898cc479303021
B08B86YJBV,store_79fafb1d8eb73e19
B08B87ND13,store_80e77117707cfb0b
B08B87PGWQ,store_67c2edd5b5c99de1
B08B8815RZ,store_c222db91c9e2c743
B08B8B1HVG,store_0eb9193f88011a25
B08B8DBGVV,store_b83ae9402159c9c5
B08B8GLQ4M,store_861bcf2277fa496f
B08B8HYM7B,store_6d161a6d50d81326
B08B8KVYM3,store_91c56f7f57862293
B08B8NQN5L,store_d099916d553b31fd
B08B8PHVQH,store_ecbd8af733a17803
B08B8QS7JB,store_72b8ca86cf208928
B08B8RNDGL,store_72b8ca86cf208928
B08B8VZ826,store_3a178bd57b36acf5
B08B8X92QQ,store_1e5c5a4e24d3f187
B08BB3P4VQ,store_f211f1813d203838
B08BBQ29N5,store_bca021336678a31a
B08BBWYDRZ,store_acb920adc67732e0
B08BC536JK,store_4a13acbb9a7a6b72
B08BC5MMT1,store_95e77d0e126dcb06
B08BC6PXHC,store_fe6c701459c503aa
B08BCBGV4Z,store_2e40b3310df1d63e
B08BCDNBV2,store_ab5cddf1defce0c3
B08BCGGK9M,store_6fb8de775cc22227
B08BCHJZQV,store_5b47297c89d98ea1
B08BCRBWT1,store_17d058c791d8dd80
B08BCTCN25,store_78f242f3a42f9daa
B08BDBYY6J,store_98e43498c85b0acb
B08BF4BKKM,store_e44469f2f96e49b6
B08BF5DZPR,store_5333f2639d398b7b
B08BF9KS7J,store_71d54e1fa5ddfe25
B08BFC3J9F,store_aa5c82e773c8bac8
B08BFLDZXX,store_e8b28afdaa5092fd
B08BFPN1PY,store_e44469f2f96e49b6
B08BFQ61LS,store_6dae5d4f808a6fb5
B08BFW8TFM,store_1783ed0de827895f
B08BFWY3LQ,store_42b94e8656d365a4
B08BFX8QBT,store_e18b724b77c4e04f
B08BG1D1PB,store_f4aca312d4ef5857
B08BG3ZJPP,store_30667808923c2132
B08BG5W5DW,store_1bde249ce64fd8f6
B08BG6J5H3,store_72b8ca86cf208928
B08BH8FMXT,store_8cc1f12eb1c3818c
B08BHJNRJC,store_9344be7fa6048c02
B08BHLF31Y,store_a7257ef242a85630
B08BHPRVLQ,store_a186f970db158ce4
B08BHRZ9DM,store_d13c8903feb164f4
B08BHSTLCJ,store_5ecfa5aee6fbe368
B08BHVNB9J,store_d13c8903feb164f4
B08BHWLMB1,store_bde9cf1c2079bc00
B08BHZCGJB,store_c222db91c9e2c743
B08BJBYCYP,store_b33dd832c93bd340
B08BJC3K8C,store_fbc8fae6b1390136
B08BJJP372,store_8c63e52d8fbf8590
B08BJLCCWV,store_c9c8bfea2e57d43c
B08BJM6X9L,store_7eabc78622dc934f
B08BJNFHS4,store_1e69d69df66c214f
B08BJV6QV2,store_eaae2fec6f170878
B08BK58ZTX,store_cf8dc7c08725b14a
B08BK88QWP,store_d2e6cc157d115833
B08BKN4GTQ,store_ecae3fe692f7dd20
B08BL19YNN,store_d3e2c5d3ff7cd81d
B08BL3T8D1,store_0eb9193f88011a25
B08BL4VDPD,store_34885ef037f2989f
B08BL88Q3X,store_961949da3e21b4e1
B08BL8X74Z,store_f52b41e9faedc801
B08BLCV1BQ,store_6d1dd7b7e1feba92
B08BLGL5VW,store_f52b41e9faedc801
B08BLL5NKV,store_c8765e99e9a6c0d1
B08BLLPV2Q,store_a286fda8006996af
B08BLLQRB2,store_662c5d8fe848309f
B08BLR1L54,store_534e343f234640aa
B08BLT11MR,store_832f72bf55d308cf
B08BLVZKMV,store_077d7b65e093b36a
B08BMY3XGG,store_026ad877e94f2edf
B08BN8NBRW,store_6cb0cb19bdfe26b7
B08BNC9T5S,store_b5ef617005a936c1
B08BND2TSQ,store_f0f299e06ccc0019
B08BNDX6WH,store_f0f299e06ccc0019
B08BNGVW81,store_80e77117707cfb0b
B08BNJSF6B,store_6cb0cb19bdfe26b7
B08BNKYZBT,store_1c9d2d94a983f12c
B08BNN688T,store_90b2ec84e363cabe
B08BNP7HXM,store_674195509d6943a7
B08BNPLPHH,store_c0bf57276e7686ab
B08BNVWMSW,store_7adeaf704aaad492
B08BNYRT7S,store_644be3cfe686e8ec
B08BPC9PCH,store_1ada07867c491c48
B08BPJZBRN,store_417a2b05c6f00d38
B08BQVJWZ9,store_134a8b162f0c63e6
B08BQXHM7V,store_3c645594f6c45ffe
B08BQY7GSP,store_0b296412269b9790
B08BQYJBH8,store_65a74d3eb54aa9f2
B08BQYN2GB,store_2de5c493791b472c
B08BR7FPVG,store_c222db91c9e2c743
B08BR9GYZ2,store_bd13f0d549c98b93
B08BR9Y7W5,store_1ba0eedc43c51edd
B08BRDJLX1,store_fe6c701459c503aa
B08BRKQNC3,store_3406708933726dc2
B08BRXGFLD,store_6faf8698c0f8a6a5
B08BS38139,store_5c68c5f90a784cd2
B08BS3WDPJ,store_484e837279524a51
B08BS4MD39,store_b0610230abfb4c1b
B08BT9DFK2,store_f992a8e7fd759745
B08BTMG9XV,store_1859cda54f132860
B08BTP7ZG4,store_f992a8e7fd759745
B08BTS7HS6,store_06790dd40e44f0c6
B08BTVMKRJ,store_89a344e4e667e3e3
B08BTXRNVB,store_06790dd40e44f0c6
B08BV6F6BC,store_5cf4094360465cc9
B08BWY8XXL,store_fe86fb49bc6d48f2
B08BWZHKCD,store_f52647ba95fcd1dd
B08BXCYXYL,store_22df359bb3b96e01
B08BXDX7D1,store_c658c15562e082a2
B08BXJW6JQ,store_ee17f560a1f77440
B08BXLF7QX,store_6778aec634b04682
B08BXMK1Y1,store_3e91bbbe2557abda
B08BXN485G,store_674195509d6943a7
B08BXPRW8X,store_3e91bbbe2557abda
B08BXQRFNV,store_aee3628b6da147c8
B08BXRGPKC,store_9dd50d30e2a47feb
B08BXS8XGZ,store_9dd50d30e2a47feb
B08BXTZ2RN,store_5a5da04b30130db7
B08BXVGX6F,store_2c8b7148245908bd
B08BXVJMRY,store_2c8b7148245908bd
B08BY6DGFF,store_311407498213877c
B08BYCHPJ1,store_aa8e0170e8e41a49
B08BYD5T8R,store_a0f8ca836bf28ea9
B08BYDTYTD,store_aa8e0170e8e41a49
B08BYFDVC1,store_85daad39dcb5d483
B08BYJ9QK6,store_fe6c701459c503aa
B08BYK1JP1,store_054dd50b5a7104ec
B08BYMP77C,store_20f9349786aed70c
B08BYNH7MB,store_20f9349786aed70c
B08BYVLDVN,store_1473e27cd5a2d99f
B08BZ4SV5Q,store_6faf8698c0f8a6a5
B08BZ5TDSS,store_eaae2fec6f170878
B08BZ6DG8N,store_eaae2fec6f170878
B08BZ6K5CR,store_eaae2fec6f170878
B08BZ7NN5V,store_cead9bfcee3bc8ab
B08BZHYDHC,store_f632dfd1352af285
B08BZJW62K,store_fe6c701459c503aa
B08BZMDFJ4,store_69447ccbd008cdd4
B08BZNK7HC,store_e2345109fc5ee6fc
B08C24Q6LB,store_82c734466c6593fd
B08C251K1R,store_22a83892ebb4c630
B08C266W95,store_1ce712fece521f95
B08C26W2Q1,store_be72e56085b7691c
B08C29811V,store_5218c8a321a5e5e8
B08C2CVD2Y,store_dffded9b8c719848
B08C2DGGN8,store_ced67278421ea9ef
B08C2FXY3T,store_6faf8698c0f8a6a5
B08C2GDFYG,store_f2d0eb9f0b8b4687
B08C2H9YQ2,store_be72e56085b7691c
B08C2HVJ78,store_6faf8698c0f8a6a5
B08C2JK6JJ,store_fe6c701459c503aa
B08C2JSQ2M,store_6faf8698c0f8a6a5
B08C2LKTVW,store_868fbf4cc742e48f
B08C2MKH7C,store_5d16b1e54f8ff9c7
B08C2PVPRS,store_c31491928cfdd518
B08C2PXJB9,store_0fc67a86d8c93476
B08C2QBYZF,store_201686a1ff67bf19
B08C2R8WK5,store_f22383ad3e4e92f0
B08C2TGQ4M,store_fe6c701459c503aa
B08C2TGVFR,store_61009351e8379ef1
B08C2W9YVB,store_bd51ac0cbeb52c77
B08C373QKN,store_5c60b56b1f443c9f
B08C37W1BV,store_b9d30cdad0d1964b
B08C47JB9R,store_4a4b13fb65765b44
B08C4M8HMQ,store_c33be61903acf83d
B08C4PZFFN,store_b724fe9e193cd047
B08C4SY3JJ,store_c33be61903acf83d
B08C4TVL3C,store_42e91cb23107b6f9
B08C4W9QFH,store_eaae2fec6f170878
B08C51DZR6,store_75ddebe9e9b0b07c
B08C526V56,store_329ffef4a7ea1b64
B08C52LHT4,store_0b296412269b9790
B08C537VZB,store_a259f6c94da55751
B08C567LB8,store_4d64e4d850878f85
B08C56HRSQ,store_7062574a07b43895
B08C5767JM,store_3808937284840995
B08C58QNCL,store_6f7b0cd65bb66cf7
B08C5BH4QQ,store_a6f27766b7bf9856
B08C5LDCMP,store_d994c40664c1582f
B08C6XWLDK,store_90b2ec84e363cabe
B08C6Y3DK1,store_572c7f1301bbebc8
B08C72C56Z,store_807c38e17337cc21
B08C737JT8,store_9dc79b233d1eab00
B08C75BRPJ,store_7bc43936bca6d3b3
B08C78FLF9,store_da75ad94f2528f54
B08C7BCB6P,store_b5ef617005a936c1
B08C7BP588,store_8182be85b9751a6b
B08C7CGQLQ,store_46ed923962c59174
B08C7D4KXG,store_4d250fa43cf9ee71
B08C7GKQCY,store_efa0ee3d1ff258f1
B08C7KBGRT,store_b15aa3e43d0f4b22
B08C7LDTGH,store_fd29a9d921caccbd
B08C7M19CD,store_c222db91c9e2c743
B08C7MKJTM,store_b8bc7a922aadeabf
B08C7N2QG8,store_6b38af60eb4e1327
B08C7ND4LZ,store_b78343a2a4444ca1
B08C7QHDWM,store_c30e0c381240f0bf
B08C7TV6H9,store_23e7e34d874c3a47
B08C7VLW4B,store_23e7e34d874c3a47
B08C7WDDYV,store_2b8d26f89ac73499
B08C82H8QW,store_dc22538fff939b0a
B08C8QJ2MR,store_69bfb093ae3b622f
B08C9F2VDL,store_1aa3ef3af002998f
B08C9HNMVY,store_fe6c701459c503aa
B08C9HW7YD,store_1aa3ef3af002998f
B08C9K6CDZ,store_a3b2ffa52d7c8855
B08C9LMQYY,store_add3b5f637dbae26
B08C9LPW7F,store_5e0b2d383d11b3f8
B08C9N2JSX,store_d295a4cd0affd717
B08C9NRRFG,store_e9c2e524f86af074
B08C9PJ14R,store_04853ba96f995720
B08C9Q315F,store_57ef7719ccee0635
B08C9R7SL1,store_92e4fe3d79c6562d
B08C9TBSZT,store_db5b0eecf993a2d9
B08C9ZQBN1,store_219d9773178b8cbf
B08CB1RVFC,store_677b3344f88489b3
B08CB7G61Z,store_674860224bcd69ab
B08CB8YBLY,store_59851e905b720855
B08CBDZ3PS,store_d793712da5448361
B08CBF2KN7,store_2d710babdec83fc8
B08CBFB2BY,store_b7c2d3f4a2d2c384
B08CBSJ8QL,store_129a8b5684b4fc59
B08CBTSTBJ,store_14c55225ae38df24
B08CBVSF67,store_b6eadc940ee501fb
B08CBWQSCP,store_5787868d5a7e7d4e
B08CBYBK84,store_0ac8816d29dc1fa2
B08CC39G63,store_bb27e4c600049b05
B08CC5F15H,store_a774d1229e813988
B08CCBGXJJ,store_e6d74b4e2965e501
B08CCN6F19,store_130aadb33a29984b
B08CCQ5NYJ,store_bab2a28d3bcebafc
B08CCS6ZLM,store_8a60890a86105104
B08CCTSYW6,store_f4aca312d4ef5857
B08CD7WH38,store_855484c7c7e7b0e5
B08CDKF339,store_d853b4ef72af9b7f
B08CDKLLR5,store_0990a88421b9caa4
B08CDPZ7W7,store_bb4fbd64e824a73c
B08CDQ4ZZP,store_fe6c701459c503aa
B08CDR991M,store_fe6c701459c503aa
B08CDRC5CB,store_386e7f848200c2c5
B08CDY5RPW,store_b4a87316f7d7c4c9
B08CF3RZ5T,store_5969665c2c8fd565
B08CF41PBG,store_812755220858b6c0
B08CGCKZND,store_fe6c701459c503aa
B08CGGR248,store_2f6c802bc649f3f3
B08CGRCZQB,store_ce25d9c808f61068
B08CGTCGS5,store_20b241e1578fc10b
B08CGV3RR9,store_da75ad94f2528f54
B08CGWHCNN,store_f81e7eacc863ba16
B08CH19GHQ,store_fe6c701459c503aa
B08CH2J8XJ,store_694c93fa88105f60
B08CH2QJ5B,store_ab5c5290e2342833
B08CH5358C,store_ab5c5290e2342833
B08CH8W4PK,store_ee17f560a1f77440
B08CHCCC4T,store_206e5e5efbf36cc7
B08CHH8774,store_206e5e5efbf36cc7
B08CK3BY9N,store_a37e2e8bae5fa8cb
B08CK47LWN,store_80779835da361e26
B08CK5BPH3,store_80779835da361e26
B08CK5CBCN,store_80779835da361e26
B08CK8CQKS,store_40a820a59a82afa0
B08CK9JQFV,store_5787868d5a7e7d4e
B08CKCV9HD,store_f168888b910bd52f
B08CKD7YM2,store_04e608383cb701b1
B08CKFF7VT,store_fadf19274e13e627
B08CKGFT32,store_133aa7bee4c196ff
B08CKRX4RW,store_d64c75746f381208
B08CMGC82Z,store_b710d478cf410338
B08CMT8BD7,store_4b8d6c33db7c0f41
B08CMV7XW1,store_825ba443e16b8260
B08CMW33TW,store_4ea279c941474784
B08CMXBHMX,store_08fa10ade3bd50a6
B08CMY7XSF,store_99a070980650bc61
B08CN3ZY9Z,store_d9aba39b52b93120
B08CN5JHLD,store_085a1db0d32e9bba
B08CNHR5VY,store_8e6c03605878e463
B08CNM25YS,store_9ae627e56ffb1658
B08CPFC9BD,store_9c3814ec7166b328
B08CR44YMJ,store_b5ef617005a936c1
B08CR5DS6T,store_fe6c701459c503aa
B08CR746CF,store_fe6c701459c503aa
B08CR7KLV9,store_c222db91c9e2c743
B08CRGYKWW,store_c5698fad9f762096
B08CRHMX31,store_816746311aba8975
B08CRL6H24,store_52f2c88a88bc7ace
B08CRP78R8,store_fe6c701459c503aa
B08CRWPRNZ,store_534444f69f9c2fa7
B08CS51NP7,store_563b4b3bafd9db69
B08CS74HTR,store_ca6f6f67611cef65
B08CS762PT,store_2c5b6c45ad4132ee
B08CS7P672,store_0ba5b1b299371f28
B08CS8YX4W,store_87522438381a086f
B08CSHLLLG,store_0b296412269b9790
B08CSJGSXC,store_3792e4d33d996b63
B08CSJTZ8F,store_6faf8698c0f8a6a5
B08CSSWYBZ,store_adfb033bbe71ceb7
B08CSWMGQN,store_08f111532feee4f6
B08CSZGBVD,store_da4462aa253545af
B08CTBH9BY,store_bed72b8a393a7d12
B08CTMZTTW,store_59214ce839197631
B08CTN4QZK,store_fab5f62863cdedc5
B08CV1Y56Q,store_b7e3e2c94294ae7b
B08CV2LYTG,store_16a6a13ba6324ca4
B08CV2R2L1,store_ce470fd99506dcca
B08CV39JCV,store_b8dd0c5c6004d780
B08CV3Y4WN,store_b6a7828d287416af
B08CV625ZZ,store_77c26f328796a59e
B08CV8GHSD,store_aae13c7a40ba2284
B08CVGMFRB,store_fc44bf14f258b9bb
B08CVH5B93,store_fe6c701459c503aa
B08CVK8N5Y,store_b89884500a1cead9
B08CVMY4LF,store_b89884500a1cead9
B08CVN6R3L,store_abfd2a9f68b4808f
B08CVPNQSQ,store_b7fbb5bedbeb8ec3
B08CVPVQ67,store_bcb27753b66c3f15
B08CVQXZD9,store_12ecc60e09bc901c
B08CVRHZ6F,store_bafdc1d823d1298a
B08CWX8XPB,store_b23d8fadc3f0bfc1
B08CX44526,store_2937d511e9cd0a0e
B08CX7BZXY,store_d2238dd101f70099
B08CXB2Z69,store_db5d5964a0779632
B08CXBSTTF,store_3b1729d97c8d7958
B08CXFBD6Y,store_00bf1bd2f4b3dd84
B08CXFDDV8,store_2fd3402129116c18
B08CXKCCZD,store_49fc230db0c458f6
B08CXKJ7TQ,store_3891689aa5cf060d
B08CXLV7SX,store_9c811a9a7a0940ac
B08CXN37JY,store_24ae7d356b42b20c
B08CXQFJK8,store_80f33eeef1467997
B08CXR85RQ,store_d2238dd101f70099
B08CXTP1FW,store_2a5ef30212fbe2f0
B08CXWTK1G,store_d6174a8c38881a2c
B08CXYS3SJ,store_534444f69f9c2fa7
B08CXYXWN3,store_af5fce7faa3ae06b
B08CY71LFY,store_e29a9bc454a93cd5
B08CZ18HCV,store_c2c414e297e866af
B08CZ2CCRZ,store_af7edd35745f6663
B08CZ4Y415,store_cc829c7dd771b9e5
B08CZ5HJBN,store_f168888b910bd52f
B08CZ6CQJX,store_d13c8903feb164f4
B08CZ6KMVM,store_40ba8d9d471e634d
B08CZ7MNPC,store_371112a6ec3eee3f
B08CZ9XHWW,store_ee756d660b92494a
B08CZBS396,store_24ac90f3ef7ab9d8
B08CZCJJ22,store_24ac90f3ef7ab9d8
B08CZCWZB4,store_ddf398655180610a
B08CZKN7PM,store_244e151a9a5c9f1f
B08CZLT49X,store_d13c8903feb164f4
B08CZMP3B5,store_acb920adc67732e0
B08CZQVVFK,store_ee756d660b92494a
B08CZS4PJ7,store_92110ac74470cabd
B08CZY18F4,store_670e2a06f5cf90c5
B08D11GT46,store_dddef767264237da
B08D2Z9JM5,store_08023032482c50e3
B08D34P39V,store_8c5bf138a4452d5f
B08D34WBJ3,store_fbed532326cd4698
B08D3711NW,store_2bf3417912f00abb
B08D37XQW2,store_0768fa2caa866acc
B08D3B6JCP,store_c98fc4de340bd2c7
B08D3B9CJ2,store_bd7005c2c1c2115e
B08D3FTCB3,store_30cdf1c69f147125
B08D3FTMRH,store_5d8ef36262ce38f2
B08D3GLMZH,store_30cdf1c69f147125
B08D3H5DV4,store_3097df6124200195
B08D3HPXMC,store_60b8cd8ced1537c7
B08D3PP86F,store_2d163116ce188189
B08D3QZC6J,store_434dfde265a9af6d
B08D4S6MJD,store_1859cda54f132860
B08D4ZC1LK,store_8aaef9192039ee94
B08D5TP4WY,store_5180698a0ef4812b
B08D619LWK,store_49793e038f03cc43
B08D645TT7,store_9463724400e7e89c
B08D648B57,store_0caa2bf59901b623
B08D65SYX2,store_130bb3f8fc799c34
B08D67H8SF,store_49793e038f03cc43
B08D687JWV,store_bdcf520a7d6716a3
B08D69697G,store_49793e038f03cc43
B08D69VHVH,store_7a63822786c28bbc
B08D6DHV74,store_ba58c9cc972451fd
B08D6GD4XY,store_4aff6b9f09bb5914
B08D6GLYVW,store_ba58c9cc972451fd
B08D6JM69V,store_409ca657441a02bd
B08D6W125J,store_73014ae21be9ce1a
B08D6YDVVW,store_96d808a6ebd8c6c2
B08D72YQ8S,store_40a820a59a82afa0
B08D73P577,store_ee1463c4a613162f
B08D74S6SN,store_f0552f748fcbd796
B08D75FFZM,store_cb6258f40361751b
B08D76XN7B,store_ed10a9f972b8d7bf
B08D7BX9S3,store_c9d598a7725089e7
B08D7C1YXW,store_00a481eb08af6b97
B08D7CFTTR,store_c9d598a7725089e7
B08D7KTVXY,store_f2801e2c1b8a6b59
B08D7KYGCB,store_e2345109fc5ee6fc
B08D7L3RNG,store_8162871eeb07d6c9
B08D7Q5J6Y,store_098dfceddd84475f
B08D82F4NC,store_fc3c425dcd318305
B08D884BPX,store_1fecb32234b21ce7
B08D8GBC63,store_ecb5a472865ae99d
B08D8QKWRF,store_e14c50a1322a5b84
B08D8S46MK,store_24ac90f3ef7ab9d8
B08D8TC6QM,store_e893c5ae518174d5
B08D8V54H3,store_da75ad94f2528f54
B08D8WDRBV,store_ba2a4b47f8dcd266
B08D94RYP9,store_f336c85b685ed09e
B08D94TLDL,store_7eabc78622dc934f
B08D95GJMC,store_8e4a5d133bc1f614
B08D96CK3P,store_3bf15a9d07983176
B08D9888J3,store_855484c7c7e7b0e5
B08D9C13H9,store_d53dad80c3d7fcac
B08D9C2ZZQ,store_d53dad80c3d7fcac
B08D9DLRQZ,store_c222db91c9e2c743
B08D9FYDLJ,store_2394eeac9fc3db56
B08D9H22JG,store_344ecee7056f3d06
B08D9HLNB4,store_c222db91c9e2c743
B08D9JGZXF,store_ad302f9f4d599ff6
B08D9KDKZQ,store_65375241eb5d15ee
B08D9KQYDC,store_0b296412269b9790
B08D9KZVXZ,store_e9a3a81ff4df9714
B08D9L413Q,store_1c9f1cb11b930235
B08D9LV1JK,store_1c9f1cb11b930235
B08D9M2W9P,store_e9a3a81ff4df9714
B08D9NCH69,store_6b1680eede50d5b6
B08DBNLWVG,store_9535ddd7d086316e
B08DBPTW9Z,store_f44b1ab37665bff0
B08DBWJXQY,store_83b996ac02b20aed
B08DCFTZHW,store_e893c5ae518174d5
B08DCHKT3M,store_c2c414e297e866af
B08DCKP814,store_6b38af60eb4e1327
B08DCP88S7,store_b98b190271f396d5
B08DCPL4BH,store_81446c58796fa78b
B08DCWKBPQ,store_f7409d4ddf5cca4b
B08DCY6PYY,store_80e77117707cfb0b
B08DCYQ5HL,store_0ba5b1b299371f28
B08DD3BR87,store_564ddeefafb73d12
B08DDBTZC8,store_69bfb093ae3b622f
B08DF7F72N,store_f5df2fd1612cca9b
B08DF9G8M4,store_fe6c701459c503aa
B08DFJYG3P,store_fe6c701459c503aa
B08DFNMWLN,store_b34f0bcd037f9e54
B08DFWL65J,store_12c6062890ef52fd
B08DFYPHPB,store_c222db91c9e2c743
B08DG2G65F,store_c222db91c9e2c743
B08DG3MG8R,store_dc480662b8999551
B08DG3QJWW,store_0253703953235e4b
B08DG6H5K4,store_3c0a2227aa409a4f
B08DHF5GLZ,store_1bfdd9aa1ff43a09
B08DHGCJJW,store_7ed401e226b02d24
B08DHGD14W,store_e38bd0a28b214491
B08DHMPTJR,store_1bfdd9aa1ff43a09
B08DHQ26ZN,store_fe6c701459c503aa
B08DHQT8PC,store_1b51a05b4332d1ee
B08DHSY75L,store_4dcd5fee4a470591
B08DHT15JP,store_40d8c25a02c396ad
B08DHYXBBH,store_0b296412269b9790
B08DJ5384G,store_286e84972650a751
B08DJ78122,store_0a9bc4ef1b3ece52
B08DJB4CF3,store_38830abd771e6661
B08DJCT73X,store_90f53e6b1ef6292d
B08DJXYGLN,store_cb9aed7e97a82282
B08DJZRM1M,store_874cae17069638d1
B08DK4B5QV,store_d6b2bc82c6a108e3
B08DK4KDRY,store_ca1233a3a1c3825d
B08DK84J18,store_9e00118ab5887f24
B08DK85TBT,store_6687b3ed8ab97bb5
B08DKBK1C1,store_ca1233a3a1c3825d
B08DKBNDB5,store_69bfb093ae3b622f
B08DKFV9SR,store_548b90096d12edac
B08DKGPY5B,store_53d90041e5cdf950
B08DKK7KXV,store_06da8f83a1d39e14
B08DKLPQXP,store_ade0196d1be2346e
B08DKTMW9Z,store_5e801045992bae15
B08DL1798S,store_0b296412269b9790
B08DL367RV,store_42bf544109f3dbe5
B08DL7MJM5,store_61a11d25f4e06da8
B08DL9ZG48,store_ba2eaf0e2d1da407
B08DLF7J1M,store_81d03fb92695ae52
B08DLFSSRP,store_fe6c701459c503aa
B08DLL86H4,store_80e77117707cfb0b
B08DLQCD8Q,store_a584d9526980c6fa
B08DLTJTKF,store_6a2a90d012ddbc3a
B08DLTTC1J,store_130bb3f8fc799c34
B08DLWTQR5,store_e61c00e47e6b0bee
B08DM5WVCR,store_7e01a9a1b85f9df8
B08DM6RH88,store_3fb784b1e896b2d4
B08DM8YHT3,store_81ac06546112a696
B08DMNPFZ3,store_190034c91dae072d
B08DN9C62T,store_6e67290d543c3c50
B08DNCL5H6,store_22a83892ebb4c630
B08DNLJ7PQ,store_393248b0bf4f9aac
B08DNML1FR,store_035679b4b6bad7f2
B08DNP39N3,store_3406708933726dc2
B08DNP7XCH,store_690e3fcf9584bc02
B08DNQKMS3,store_7cad80ce4779f974
B08DNQTTQK,store_b6a7828d287416af
B08DNRC58N,store_ed580901c58f51a9
B08DNS3BC5,store_96e161c787b60bf6
B08DNTVXB9,store_10933737202b713f
B08DNV9J7F,store_d4ed1714157959b8
B08DNXKP44,store_d4ed1714157959b8
B08DNZ7G7Q,store_0b296412269b9790
B08DP1R6B9,store_46a808cfd5beafa5
B08DP29CZ2,store_55e1ee2de0a3bb3c
B08DP5757V,store_f3d13b41fc331dad
B08DQHWRJ5,store_fd7d4f024deb7d49
B08DQN9D2B,store_355fabaf355716f0
B08DQPRVJW,store_50d8b4a941c26b89
B08DQYRN21,store_c222db91c9e2c743
B08DQYRWP3,store_fd7d4f024deb7d49
B08DR1P44T,store_36162c8b9f7c09f2
B08DR3VH5W,store_878f1f2db690bf4b
B08DR7GFBL,store_e1ae8b83cea204de
B08DRB66W3,store_fa90532258ec94c7
B08DRJXSY1,store_b89884500a1cead9
B08DRKFV9N,store_b89884500a1cead9
B08DRMFT36,store_15676302c12369a4
B08DRX8MZ7,store_67356886a3fc97d4
B08DT1DXT1,store_6a992aeeb0500996
B08DTK49H3,store_5d8ef36262ce38f2
B08DTKSLWG,store_12a9b6a96847eb3d
B08DTNLT5V,store_f13602872394e774
B08DTP23Z6,store_1aa3ef3af002998f
B08DTQDQHZ,store_151c31b24d45fd8d
B08DTW2M99,store_f1d0cadd062b73d0
B08DTXW5P2,store_fe86fb49bc6d48f2
B08DV19R48,store_c60fc3c6c51a0892
B08DV1Y8FQ,store_24ac90f3ef7ab9d8
B08DV31FF5,store_257978dae85805cb
B08DV3L4X8,store_3e64a045a15e612f
B08DV54FYF,store_49fc230db0c458f6
B08DV5DK81,store_500215bef9101146
B08DV6T69H,store_605d197935fdb192
B08DWC1LLW,store_430aec798e4b5ca3
B08DWVL7FK,store_a38cefb963e89301
B08DWW7BY8,store_f937ce9a3768c83e
B08DX5GRL3,store_07cb890da5311bc1
B08DX6B4QN,store_10c8cba468709441
B08DX7H39X,store_f844bbdd55f90e2b
B08DX9P6V1,store_10c8cba468709441
B08DXCV8GX,store_05288647a3fc9c86
B08DXH7XGD,store_7c5ff0289062284b
B08DXL9VR4,store_0a53137a2c25d081
B08DXPSXRR,store_49793e038f03cc43
B08DXR1NW8,store_b453eee8230bd9be
B08DXS2BK5,store_5292c3e2e6684a25
B08DXW5BQH,store_c605f956f27bb5bb
B08DXYMT45,store_1703a557922c901b
B08DY2N7LF,store_43fa7213c162f825
B08DY3558Q,store_078fc88bf598a55c
B08DY6SXXZ,store_dad89e77f70dd919
B08DYD16VL,store_b0e377222f4b222e
B08DYGZJVZ,store_f0552f748fcbd796
B08DZ4DKN2,store_d963afbcdaace150
B08DZBPMQB,store_d963afbcdaace150
B08F1V8779,store_0b296412269b9790
B08F1X9365,store_bca021336678a31a
B08F1Z14L1,store_6de082579148fa23
B08F1Z5KQS,store_fe86fb49bc6d48f2
B08F1ZPS71,store_f5e7fdb454de0575
B08F22M415,store_567e50bf680adb34
B08F27TZS2,store_cea5bdbfd9ca8760
B08F2FLCQK,store_cea5bdbfd9ca8760
B08F2MBYVL,store_41de761f534ddaa0
B08F31LKVW,store_fa2b5ef64e987bc5
B08F322V79,store_cf5ead2ba94637cb
B08F36KDQC,store_6778aec634b04682
B08F38B71S,store_f9573a596de90b99
B08F3DGS3Y,store_da75ad94f2528f54
B08F3DMHSZ,store_da75ad94f2528f54
B08F3FMBL6,store_da75ad94f2528f54
B08F3M668L,store_a42ffa8bcc0d0668
B08F3PFFMZ,store_d793712da5448361
B08F3VZK96,store_6d6d03a41bf1bc96
B08F3W12LQ,store_dcfd9d126236ebe5
B08F432H9X,store_f3c9c9b841124888
B08F45PW8Z,store_c69be4ad9fab3996
B08F4NK1X3,store_0b296412269b9790
B08F4Q7K9T,store_f34820a1651299cb
B08F4Q8ZBR,store_ee17f560a1f77440
B08F4S4TF6,store_c6a48af45022f95e
B08F4S53FR,store_e3597803073c2620
B08F4WH8LY,store_842575d9a3e81657
B08F4XZ8CM,store_d407befbf4039e43
B08F4ZWZ98,store_1fc7eadef9e5b1e1
B08F51J6RT,store_1fc7eadef9e5b1e1
B08F546J7D,store_c222db91c9e2c743
B08F56PF98,store_29b5c641a165c351
B08F56RFLL,store_bdcf520a7d6716a3
B08F574VSP,store_05330f0c45183e68
B08F57BW63,store_24cb283759f991e6
B08F59D9K4,store_07e21e45e35a8b5a
B08F5BMBG3,store_047ef1fbc0bd4953
B08F5CML9D,store_9bff351607928b18
B08F6SR5P4,store_c2c414e297e866af
B08F6W8LGY,store_e893c5ae518174d5
B08F75ZSQ3,store_dc38121503ee5803
B08F79Z1Q5,store_5485f9bedc5dd555
B08F7FX3RJ,store_3b6264f6d206435c
B08F7K1JWZ,store_1ef3070d2df44ee6
B08F7KXD84,store_c22247c1e118c30d
B08F7L1XQY,store_da87ee69196de6fd
B08F7LYJDC,store_0e30623acde92249
B08F7NV1C6,store_4171e7a8332ece79
B08F7S5852,store_cc829c7dd771b9e5
B08F7TT8TJ,store_bb90e50a6a16d7fb
B08F7WFLCT,store_3c04ed132a83256b
B08F91C96P,store_d525eba67686c519
B08F9BKZJV,store_bbb286479461a1d5
B08F9CP5JH,store_79c1fab3add8f064
B08F9F7SXN,store_b6a7828d287416af
B08F9FSXDV,store_bc3c1768ace08fc0
B08F9FWG8L,store_b4a87316f7d7c4c9
B08F9KWDLS,store_be688bc1c650a221
B08F9R6XRM,store_e61c00e47e6b0bee
B08F9RGZKG,store_c69be4ad9fab3996
B08F9SCJ99,store_e61c00e47e6b0bee
B08F9TQC4Q,store_c4d16e07ad45c6db
B08F9W392G,store_1185cd48271c75ee
B08F9XLRCK,store_c1658bde8b31e8b8
B08F9Y77QQ,store_c1658bde8b31e8b8
B08F9ZYK22,store_a5d1b05359bca694
B08FB2T685,store_4ea279c941474784
B08FB3RXBC,store_ad68fcd96e5cda05
B08FB48Q39,store_4ea279c941474784
B08FB4T6TB,store_ad68fcd96e5cda05
B08FB6S5CR,store_c1658bde8b31e8b8
B08FBF45NF,store_c6ba45f1b6cc5ef0
B08FBGRRPK,store_b30daa7a7138bf91
B08FBJ269X,store_7dbcaba8f605bcd5
B08FBJT3YZ,store_7dbcaba8f605bcd5
B08FBPPKV5,store_edb245d46c3b4b23
B08FBTH74K,store_26df75c0d539791c
B08FBY7VF4,store_4d57a6f7e07ae871
B08FC2GCDL,store_e61c00e47e6b0bee
B08FC4K8PM,store_53295341a77cd274
B08FC6K2LX,store_1fa6ed3816f61d8e
B08FCB5HFZ,store_2727c10717001372
B08FCBXJFB,store_42bf544109f3dbe5
B08FCD7LQT,store_b6a7828d287416af
B08FCJF688,store_2cee0a92bbdf2e1c
B08FCL1QGB,store_409e733ee0a74fa9
B08FCLFHJK,store_409e733ee0a74fa9
B08FCLKX9V,store_b23d8fadc3f0bfc1
B08FCQ7BL9,store_da4dbffcb31d7ff9
B08FCV18Q4,store_9a1c2a67fcd87d98
B08FD36X79,store_8ad3f140dbbc1647
B08FD5CGXG,store_08c6a9fd591aee8e
B08FDBN7R4,store_c4eded7e91cb23ce
B08FDCZVJS,store_c4eded7e91cb23ce
B08FDFR2YK,store_fe6c701459c503aa
B08FDMRRF7,store_ce470fd99506dcca
B08FDS8WDX,store_5227c92bb84b7c7b
B08FDW93SZ,store_c5aba0a3cf11f398
B08FDZQ4KW,store_d793712da5448361
B08FF3BFYV,store_a4dc14df9da4ae93
B08FF46CR9,store_74e10024284bd4b1
B08FF898YR,store_9dbc1b9452891e65
B08FF8FDCY,store_9dbc1b9452891e65
B08FFH47TZ,store_9d682b5b709e690d
B08FFJW792,store_e8e30fd21ceb4c07
B08FFK3RYQ,store_b50b8d64bdda7654
B08FFLTZVJ,store_7940428491fecfa7
B08FFRHLQN,store_c222db91c9e2c743
B08FFVT6F8,store_22a83892ebb4c630
B08FFYJN26,store_ce470fd99506dcca
B08FFYPNZP,store_b5366a2d2ac98dae
B08FG1T95N,store_1912344af13f9d62
B08FG3BP6C,store_b6a7828d287416af
B08FG8Q1CJ,store_a40790b29c4c0229
B08FHBLKKQ,store_08e1db01061b7cce
B08FHKQQ3T,store_da1d86097c6b8ce1
B08FHRWGHZ,store_1cbb80ca9e2ebecb
B08FHSC7BV,store_5d88d3000635da38
B08FHSRBBH,store_19c224b4ab5d66f2
B08FHT2RB9,store_a186cc43331c0ff0
B08FHVTJ5Q,store_55f442026631a1cf
B08FHXF4YV,store_b6a7828d287416af
B08FJ2H8F9,store_0d1aefb2d363b089
B08FJ3BL9C,store_fe6c701459c503aa
B08FJ5HPD5,store_130bb3f8fc799c34
B08FJ61MZX,store_80e77117707cfb0b
B08FJ69VV5,store_d70e5f6672862162
B08FJ6GC4K,store_1cbb80ca9e2ebecb
B08FJ812DY,store_fe6c701459c503aa
B08FJFVBG3,store_d31bb2b50dcd7447
B08FJGBS5T,store_b50b8d64bdda7654
B08FJHPJX3,store_b50b8d64bdda7654
B08FKPLJFS,store_e7b464f4d8971d25
B08FKWQMZ2,store_ca6f6f67611cef65
B08FLHJRCF,store_a14c04cfb4f118d6
B08FLM5STB,store_aad586b1b6db8dd8
B08FLWXKWZ,store_ca6f6f67611cef65
B08FLXJFY6,store_047d1a69cf8ef8ed
B08FM5FHYZ,store_eaae2fec6f170878
B08FM65TK3,store_655d56c922a44303
B08FM7MM96,store_6eaf67e219642c29
B08FM7X161,store_1bd0e984b0ffc366
B08FMGWGYW,store_aaf5b5cb29d04826
B08FMMSRQ9,store_867a2823134113cd
B08FMNB5M5,store_4f491634266592dd
B08FMST5ND,store_4fd69f33b396c604
B08FQMVY55,store_da87ee69196de6fd
B08FQNPGVK,store_afdf08dfbad1e6ff
B08FQQJB7T,store_a490270744267e0f
B08FQXGGHC,store_43b2e2efb5a40d6a
B08FR3QXYY,store_0285e01645a08707
B08FR5BZM6,store_da87ee69196de6fd
B08FR71K72,store_62f5d838cf290527
B08FRF776S,store_7b52212063ab9e6c
B08FRJZYZ6,store_370504c68ff8bb04
B08FRK5GNY,store_04de33807be70e5f
B08FRQGYDF,store_4285505b3309ccda
B08FSH2RY1,store_3da20ce4e7bbd12e
B08FSR5KQQ,store_861a86beb916dbf7
B08FSRG24Y,store_e99dfdf3c48096e9
B08FSVT7TP,store_14f211737068a89c
B08FSVXHP9,store_76c9f0d690e4c4d1
B08FSW3X4X,store_90176107b1a47d08
B08FSWY7FT,store_4a13acbb9a7a6b72
B08FSXDGF6,store_855484c7c7e7b0e5
B08FSXMG3F,store_2832f61285eda018
B08FSXY5YV,store_6702bd6f8dbd8039
B08FSZX4L9,store_d55a338523ef13b3
B08FT4R6YV,store_b6a7828d287416af
B08FT5KZ4M,store_76c9f0d690e4c4d1
B08FT662Z4,store_80e77117707cfb0b
B08FT79KCC,store_99cf323511b624e5
B08FT7ZMGP,store_92d73d15f3bd501f
B08FT9XCY7,store_c222db91c9e2c743
B08FTC49Q1,store_2deb7c5f1e8ee1a3
B08FTC8QX1,store_2deb7c5f1e8ee1a3
B08FTD39CF,store_9b08032bc0c149b3
B08FTG1565,store_a1a236a477f29af3
B08FTHZZ19,store_fb6610d0de95bb47
B08FTJ93W5,store_36c3eaa0e1e290f4
B08FTLH7QK,store_9e60112fb3445cb1
B08FVZGZCH,store_d793712da5448361
B08FW1K4KB,store_83da293016b8933d
B08FWJPDD7,store_685d1e2a042862fb
B08FWKMBCY,store_5ecae81be6524672
B08FWN86MV,store_a0f8ca836bf28ea9
B08FWRK5JB,store_936073ed8b299ed5
B08FWXC726,store_0b01301aa63c6cdd
B08FWZJY16,store_3bc50fe9ad77252f
B08FWZP7R4,store_639553943d91a407
B08FX5L5W4,store_0c9ebc3281782482
B08FXPD8WV,store_c20614c9936da1d8
B08FXV6T7Z,store_c59e879f61be5e4f
B08FY3D8T9,store_4ea279c941474784
B08FY3WDDJ,store_59851e905b720855
B08FY41CX5,store_1dac6224f6749830
B08FYBCJYT,store_30cdf1c69f147125
B08FYG7926,store_198cc5639a119c8d
B08FYZ9VJY,store_e0441a5af0fdf9ac
B08FZ47MWN,store_f519be2526b435b2
B08FZ7B16S,store_75ae25a9f0885ae1
B08FZB43ZK,store_9d2c33fac937aa7f
B08FZMKK8X,store_c67f9f417fea8652
B08FZXPWDL,store_288fb2ad1ee6db7c
B08FZZ1TWD,store_657e27d5da444b90
B08G12NQSG,store_e849351cded0c153
B08G14L1YX,store_c30e0c381240f0bf
B08G172NT5,store_a3f0bcde5153b5a6
B08G1C624S,store_b6a7828d287416af
B08G1GSV3N,store_1e222f93f0afd072
B08G1J2J61,store_32c4a832e3e4633d
B08G1JDK52,store_8ad3f140dbbc1647
B08G1K36F1,store_85c5571d44aab376
B08G1XFT3Z,store_f8e356f71526798c
B08G39421M,store_b23d8fadc3f0bfc1
B08G3GZF1V,store_547c73fb66de2110
B08G437D9L,store_0e3b28fdf588e4c5
B08G4BJ6TY,store_69cbeba0c80ad22c
B08G4CHZR5,store_e48f19d7d89d8c77
B08G4F2T86,store_53336dfc0c56c45e
B08G4JX8BR,store_2d163116ce188189
B08G4K18VX,store_2d163116ce188189
B08G4M51CC,store_ee5edd2c6ed7ca61
B08G4MTQBX,store_f22a270f25fdd043
B08G4MYFJR,store_054dd50b5a7104ec
B08G4N78RM,store_2d163116ce188189
B08G4R81X2,store_dc409dce4bb43ed4
B08G4VHYPK,store_6b0c1eba6854948b
B08G4VV646,store_4bc003595ef84f4c
B08G4VVFLP,store_054dd50b5a7104ec
B08G4ZK42V,store_6766347472cbd03f
B08G59BZ98,store_07815387c6496059
B08G5CNRJM,store_61781264fcda39fb
B08G5CZ4S4,store_e1b46baa2bcb9cf4
B08G6NFGNM,store_977d147dc02d0f1e
B08G74HGKZ,store_70d3bbcc35eae300
B08G789MR3,store_d453f47f2c3d0190
B08G7WCRYQ,store_08622eb79e2bdb06
B08G7WN5BM,store_409e733ee0a74fa9
B08G81DGQL,store_b6a7828d287416af
B08G85G8FC,store_369c3f01f5744c5d
B08G86Z5QN,store_1b51a05b4332d1ee
B08G89V97X,store_1bd0e984b0ffc366
B08G8BQQZS,store_409e733ee0a74fa9
B08G8DQKCT,store_3ecbd6fcdc98919b
B08G8FYSZF,store_5d88d3000635da38
B08G8JRG6Z,store_eb6d6e6df8cce62d
B08G8KQ689,store_a6157233ae2bc58c
B08G8L4RY3,store_e66125aa66797f02
B08G8RZ5HZ,store_b23d8fadc3f0bfc1
B08G9TPVNZ,store_5775be40b215c2af
B08GB17RFF,store_dfe2c19d2b935e1a
B08GB1VQZM,store_481446f9f639ecc6
B08GB2SQPG,store_dfe2c19d2b935e1a
B08GBTMB53,store_c5426213ce12d196
B08GBY836B,store_5d8ef36262ce38f2
B08GBYZR3R,store_d4362077965ab4fc
B08GC18YRV,store_5d8ef36262ce38f2
B08GC5MH1K,store_fe6c701459c503aa
B08GC67NV7,store_625db7193e22409f
B08GC6BVFK,store_8b2801a30f93b56e
B08GC778RJ,store_c2cf6a412aad4bbd
B08GC7HDHZ,store_24309ef5a4403a9e
B08GC7RZ6S,store_c60fc3c6c51a0892
B08GC9KJVQ,store_c2cf6a412aad4bbd
B08GCB8ZH5,store_b6d27956fbbc7f6b
B08GCCZ7Z8,store_c2cf6a412aad4bbd
B08GCDZX6W,store_62d2095f98dd1929
B08GCFP86J,store_c2cf6a412aad4bbd
B08GCJTQXW,store_c77b4af6b4adad0f
B08GCKVMG5,store_5d8ef36262ce38f2
B08GCN3D23,store_65d33ea010df3faa
B08GCTHMPV,store_5e607f1450288a7c
B08GCVN3D2,store_584b043be6633b3a
B08GF5K7WJ,store_10e195c8bd5a8618
B08GF9LFLB,store_01cc601d6903bbbf
B08GFDZHBT,store_81b579b686921213
B08GFG3B5H,store_1406489004514a41
B08GFHJPXP,store_844927c87dafeeef
B08GFQ1QRH,store_c433859f4ec4bad3
B08GFSNVH7,store_4e8213445cf50d56
B08GFXY69V,store_662c5d8fe848309f
B08GFZB4DT,store_80e77117707cfb0b
B08GGC5B6Y,store_68ae709cf412fa4a
B08GH2HNYW,store_8eca84b70eb53153
B08GH51QP5,store_96cb08bcf44b9809
B08GH5G5WY,store_bfff37c3d58882cd
B08GH5N7CH,store_bfff37c3d58882cd
B08GH6RYTR,store_103f3c56822d5db5
B08GHBDNW8,store_e1d97566cad400a7
B08GHCVCC8,store_c29f01d699150032
B08GHS3TZL,store_24664a845d0c571c
B08GHXWP47,store_597d72b832daa77d
B08GHYQZQ8,store_62f5d838cf290527
B08GHZ2NHM,store_2c0e5b7f60d7a0f8
B08GJ8KRNM,store_e8a9c534f0e87dfb
B08GJ8R4RZ,store_e8a9c534f0e87dfb
B08GJGYRW6,store_6cb0cb19bdfe26b7
B08GJP2PZ2,store_461e70497705bbb0
B08GJRTTBQ,store_baa9299b388c9588
B08GK5FR4K,store_22a83892ebb4c630
B08GK5G5Y1,store_e893c5ae518174d5
B08GK84Z3H,store_7062574a07b43895
B08GK8FDHC,store_6d9093cbe31feebb
B08GK8LYX8,store_6cb0cb19bdfe26b7
B08GK8YCGK,store_4bc91fbfa4996923
B08GKCCC3G,store_1b14b161bdf386c0
B08GKCJHTC,store_397de27b9d695321
B08GKFRK1V,store_5c19700d0ce49907
B08GKHF97N,store_dd5fb1133fe2f04f
B08GKHNQKJ,store_5ac6b3d69a8145b8
B08GKHT8TJ,store_8321857e7c00b1ee
B08GKK5JWS,store_4410ab89d79a0617
B08GKKTPBQ,store_4410ab89d79a0617
B08GKKV144,store_4410ab89d79a0617
B08GKL32C9,store_4410ab89d79a0617
B08GKN7C3D,store_b43878f13c304494
B08GKN8WLW,store_9ef5877decf12077
B08GKNDPGC,store_272b0f9f72fc0352
B08GKNS6T8,store_0acd529d565d5bb0
B08GKV2WY6,store_eb4fd3b5aeb1ee4d
B08GLB6GYN,store_b42ae87835cc9284
B08GLCRQ85,store_b3c014a73488e2c3
B08GLD42D4,store_04853ba96f995720
B08GLD788G,store_b3c014a73488e2c3
B08GLF16PV,store_532375fc61cf6fa1
B08GLFJFZV,store_b3c014a73488e2c3
B08GLPX4SS,store_6f5c44d6361cb848
B08GLQRYP8,store_ca6f6f67611cef65
B08GLRM6HT,store_23ccc89299cca118
B08GLTMDRZ,store_288e2665f969f431
B08GLVPSSS,store_f2302b53765eced5
B08GLWLXG1,store_b710d478cf410338
B08GM1W15P,store_cefd1aaae0b93395
B08GM2J8VL,store_39db1bfa29cf5e63
B08GP3Q7B5,store_6cb0cb19bdfe26b7
B08GP6Z9CX,store_dc8a8b6798ecc3c4
B08GP8FND9,store_43007340bc9e3f91
B08GP8RFSX,store_2079b88b8185790c
B08GP9X2ZY,store_f04bd30ffa3fd2fb
B08GP9Y8SR,store_ec323013264ecc02
B08GPBTNG4,store_576cfd178ce41688
B08GPDDLMW,store_42bf544109f3dbe5
B08GPDF49N,store_4f28554def41cf24
B08GPF53QV,store_4f28554def41cf24
B08GPJRKTN,store_98877f25d2dbf68d
B08GPK75T8,store_37511e64789fda1d
B08GPKSYF7,store_598093f4a57058a9
B08GPKVV9V,store_81d03fb92695ae52
B08GPL71GQ,store_b0fa1ad31ee781cf
B08GPN7GPS,store_ef3f432aa3c29b15
B08GPS5Z2V,store_1ea89a2111f81e65
B08GPTKVG4,store_1b18e67719c8ed9c
B08GQ17JXD,store_0b296412269b9790
B08GQ23Q39,store_c222db91c9e2c743
B08GQ6VP4G,store_e464acd48b67a7f4
B08GQ8WYT1,store_21e17f4967007047
B08GQ9P4PV,store_d31bb2b50dcd7447
B08GQJM95B,store_df735aced8468845
B08GQV1HZ6,store_bbff53b99be634a0
B08GQZYCWT,store_0b6a5b97e9b213df
B08GR16QS7,store_56652837cbd5735c
B08GRNDVVS,store_683439f989e92a14
B08GRYYHD2,store_43b5e0087589d527
B08GS2D5NN,store_76287a0fbe13fef2
B08GS4QXWQ,store_e19bc44629e009c8
B08GS97MR1,store_35cf992dd053870d
B08GSB113J,store_45e7e24971ce35ed
B08GSKKXHM,store_fe693a868e01ef59
B08GSKRQKD,store_30de2dbdd9e4f41b
B08GSMB5SZ,store_7c423fc788433931
B08GSMKFGF,store_096b20d99b209012
B08GSNBQLW,store_5333f2639d398b7b
B08GSRPBW5,store_ea9aed79fba0ee7b
B08GSRVDYD,store_c1320ba021aa83e0
B08GST17RP,store_cd0ccc9debe8f14b
B08GSTN2RS,store_423b50ad4e476fb9
B08GV7T4KG,store_0344b31d9a441ce1
B08GW49BFS,store_8f301842c12027e7
B08GWPSJ5M,store_7572c632e5fcdc75
B08GWS2ZQS,store_dc409dce4bb43ed4
B08GWXVR1W,store_9f324dd0408eadef
B08GX2MVFX,store_20f1f571970826d9
B08GX512TZ,store_ed545e1904ce62a7
B08GX6DLMQ,store_431bbcef31501fd3
B08GX6GJCF,store_c222db91c9e2c743
B08GX6JW68,store_482eb9fcbff61e68
B08GX8W948,store_c0c06aa06f60d472
B08GXV3C5Y,store_86383940960d04d4
B08GY5ZY27,store_a5f58322b0749014
B08GY96F87,store_07cd51120e060861
B08GYBH5CB,store_fe693a868e01ef59
B08GYF5DMC,store_c360e48117e17246
B08GYGLF3M,store_4899994e4cc5f237
B08GYJ3GMB,store_f67039aeaa9b9d99
B08GYK4KFN,store_156369efd4f62e4a
B08GYRFWFT,store_56ca5b8fdb28a4ee
B08GZ1HFFD,store_206d155da3040f22
B08GZ5WX31,store_6d9093cbe31feebb
B08GZGC7PG,store_ee7c068098e335d7
B08GZHCJK8,store_f288802e11496f42
B08GZHSDTW,store_ee7c068098e335d7
B08GZVSS2M,store_1291fb8a1fd0a6ce
B08GZWJVR4,store_04de33807be70e5f
B08H12DZTS,store_ee7073dd343138f6
B08H1625GB,store_b5ef617005a936c1
B08H17LKDT,store_d6cfdff8cfa15c26
B08H1H5SNS,store_b2440ed6029a4bb3
B08H1LFBTQ,store_5df846345f879dd2
B08H1QRHFG,store_ee17f560a1f77440
B08H1TZ2W8,store_1b8f764155ef877c
B08H1W2SYF,store_1a6dee2729fd8c56
B08H1WRCWN,store_df094166cd0f420f
B08H1Y3VPL,store_c222db91c9e2c743
B08H1Y6QS6,store_df094166cd0f420f
B08H1Y78MC,store_c222db91c9e2c743
B08H2255N7,store_979d1a82fd26fc5c
B08H226ZQJ,store_91643fbd389c8b54
B08H237L2Q,store_6517179f5573c8e6
B08H24DPCD,store_a77c053fb788ca8e
B08H25MVWF,store_ca6f6f67611cef65
B08H25RK1C,store_4e1580c12a0f8af5
B08H2BP656,store_c528b055ade5d653
B08H2GD28H,store_c528b055ade5d653
B08H3P2F7Q,store_44f9cabe31ff1867
B08H4BWR7D,store_dc409dce4bb43ed4
B08H4JL18Q,store_40d32f7811a4869a
B08H4KMJ2N,store_9875857134f2b3b0
B08H4QJ1M6,store_78d9dde0425d6afc
B08H4T3CMQ,store_f52b41e9faedc801
B08H4VRFJC,store_6cb0cb19bdfe26b7
B08H5194NZ,store_78c0b0da063ecb40
B08H52FGZX,store_df094166cd0f420f
B08H52YH2R,store_78c07d931fe41c61
B08H5D5THF,store_da75ad94f2528f54
B08H5GHRB2,store_0ad4fff25776a12c
B08H5HYM2P,store_fe6c701459c503aa
B08H5MR96Y,store_47cc68142f57cf4a
B08H5PV2HM,store_4bc66c3e87238a6e
B08H5RL69R,store_1512f7caa4203fdf
B08H5T3SMV,store_5a42fc4be5952158
B08H5TB2VH,store_7379952ae8eb264c
B08H7KBWXZ,store_a5f58322b0749014
B08H7VTZCX,store_1c9f1cb11b930235
B08H7YPS1Z,store_ba6c7628cc16123a
B08H81CG3W,store_ba6c7628cc16123a
B08H847KYM,store_5cf97fc86ee39deb
B08H88VHF5,store_f7f37372b8df0638
B08H88WJ4Y,store_6346818297420771
B08H8H87X7,store_fd536d67732cdb4a
B08H8LK491,store_6346818297420771
B08H8LN6NH,store_219d9773178b8cbf
B08H8RWPT1,store_412895471ba74717
B08H8TNFVS,store_096b20d99b209012
B08H9PP5TJ,store_8064f8013513a4a3
B08H9Q1729,store_5a6bf69f604dd98d
B08HC8G5T8,store_c6036af5aa442d63
B08HCBJDWP,store_de8ef8b7b0b52852
B08HCFS3J4,store_fe6c701459c503aa
B08HCKD45N,store_f669ba4513e9467d
B08HCKVN4G,store_d084e8bc540bc8b8
B08HCLCWSM,store_92110ac74470cabd
B08HCLS91S,store_313626c8dd051d22
B08HCQ6N49,store_92110ac74470cabd
B08HCSBGTJ,store_0be1d724463e0dd5
B08HCSPSLD,store_d793712da5448361
B08HCYWK6J,store_cc389b8d8f7bab37
B08HCZ5KGZ,store_92110ac74470cabd
B08HD23ND2,store_ef99225fee98e382
B08HD6NNXL,store_0ecba52b55cceee2
B08HDB6SNY,store_5007aa8fdeb4350c
B08HDFYXY1,store_6441b2a6e239ea5d
B08HG825DC,store_b07c120d591ab0d0
B08HG9ZYS5,store_6b38af60eb4e1327
B08HGKYCPZ,store_812755220858b6c0
B08HGNB6WC,store_2ce4f57b5786270d
B08HGQT46C,store_1c1647e64763b633
B08HGRSGM7,store_a6cc2ac85a940ded
B08HGXSGFL,store_15f56eb09e2480c7
B08HGYCVZH,store_258e2bd57d557b53
B08HH1L9W4,store_3c11b381a86bbfd9
B08HH9BBB2,store_d216b3237aa118d3
B08HHCNSYK,store_fa741a3ab223dbec
B08HHQMNY1,store_c8765e99e9a6c0d1
B08HHQW3FQ,store_ec693558c838e7d6
B08HJ3FRDK,store_6bbbc9148868c0b7
B08HJ46Z4M,store_555e0d82ecb4e707
B08HJ4HDP4,store_46a808cfd5beafa5
B08HJ6VVCK,store_b0c1d0cda0431c5a
B08HJPFYVY,store_9a37db8d7ebb70f7
B08HJR4CM4,store_d5ff63402113311a
B08HJTWBGQ,store_c0c06aa06f60d472
B08HJV5NSG,store_c0c06aa06f60d472
B08HJV7TVR,store_4b89910c3b7dab94
B08HJWLRLW,store_c0c06aa06f60d472
B08HJYBFZV,store_f5ac27d86f78ef1a
B08HJYF3WW,store_5dc936b79d3dcd26
B08HK1FJX6,store_f14cecc363365286
B08HK52V9L,store_fcf507be2ded9db6
B08HK5WX81,store_3d79dc4ea75c795c
B08HK6FYHJ,store_72077749f794f21a
B08HK6QBWQ,store_72077749f794f21a
B08HK74JWH,store_c1262aa63d0e7f0b
B08HKDYKSJ,store_4578ce6a44946a66
B08HKGVJRZ,store_26a105606ce0f18a
B08HL11QBP,store_8395726d2687fce9
B08HLB3YDM,store_ace604d4b698ca22
B08HLF8Q8T,store_8b6a853a7f5c980a
B08HLFTQ7P,store_c3738c9e6dbb764b
B08HLFV3WM,store_fb35396813b2d723
B08HLGQGJ3,store_22a83892ebb4c630
B08HLH71ZJ,store_22a83892ebb4c630
B08HLHVTTH,store_22a83892ebb4c630
B08HLKZQ8K,store_62c0452cb7521a6d
B08HLQTT4B,store_28a4f59880fea79e
B08HLRNT89,store_c81ccf6ce94a3c4e
B08HLSD26N,store_b846f201fa32ecc6
B08HLSKRL3,store_2ce4f57b5786270d
B08HLW69C2,store_c2cf6a412aad4bbd
B08HLY7CX9,store_d53e52c6b8e9272b
B08HLYD5ZG,store_afa55bfba3e5e735
B08HLYM3L1,store_7ba9132fd9528ca2
B08HLZD1NQ,store_15676302c12369a4
B08HMBD7HQ,store_555e0d82ecb4e707
B08HMDHJZK,store_46a808cfd5beafa5
B08HMFTSBV,store_38802f23bdd6f0d2
B08HMGH4JP,store_bae2c8c5948261fa
B08HMJY91D,store_bd723da8acc710af
B08HMLXW65,store_ca3b3115fecd3aec
B08HMPGNVW,store_ff6c1be230092492
B08HMPXG6H,store_5ac7f3a982d3679b
B08HMTH6Y6,store_baf85db48cecfc2e
B08HMXC13B,store_84c95d6c32d048b0
B08HMXS2RD,store_84c95d6c32d048b0
B08HN147NV,store_ad302f9f4d599ff6
B08HN5L5PM,store_6b7a541040e2241b
B08HN6MLMG,store_5333f2639d398b7b
B08HN7HRTJ,store_fe6c701459c503aa
B08HN822SN,store_da87ee69196de6fd
B08HPG66Y1,store_6d161a6d50d81326
B08HPK7GJ8,store_b816d680b4152b0d
B08HPWM4QZ,store_04394cc5c62b3e74
B08HQ6VZPQ,store_5aa57f314f05203d
B08HQCT1GP,store_e86ba2aa4326bc22
B08HQFXTRC,store_5aa57f314f05203d
B08HQLG8PV,store_564f8f28a6e36019
B08HQNTL7J,store_de5307d1d1ba3f9b
B08HQQS8L4,store_8348bf44a87c9989
B08HQWBDF5,store_598093f4a57058a9
B08HQYDQTJ,store_de5307d1d1ba3f9b
B08HR34NLV,store_e464acd48b67a7f4
B08HR51GN2,store_5e45d3b76b6af4ac
B08HR5PDN6,store_e4c90ab22592880d
B08HR9BJNZ,store_c6ba45f1b6cc5ef0
B08HRHCZV2,store_dcff6bc883cba49e
B08HRJ7H18,store_ae46edbec27b4d43
B08HRJXVXF,store_88df3f9d90c5af3d
B08HRL8XLZ,store_40aba07dd328c891
B08HRS4F8M,store_bca021336678a31a
B08HRZHPTK,store_d06ed28c3b241c66
B08HS11TKY,store_fd5299bd0d205cac
B08HS25WTG,store_cf8f4e2be8feeafe
B08HS2SDR8,store_fe6c701459c503aa
B08HS9VT5X,store_842575d9a3e81657
B08HSCS1RQ,store_3bcf51081b9ced8d
B08HSH5VSW,store_910ad386e6f1ed68
B08HSK1T4Y,store_cacdd24498068c45
B08HSK5M7P,store_3bcf51081b9ced8d
B08HSSPX1W,store_04fa7cc44d5dd931
B08HSTDJP7,store_3e62213bf665c4bb
B08HSVZ9X5,store_81d03fb92695ae52
B08HSXQWKF,store_6778aec634b04682
B08HSZQHRY,store_fc4612cc2b0c1c08
B08HTYXYTM,store_ee17f560a1f77440
B08HTZCKFK,store_af5fce7faa3ae06b
B08HTZKMJ5,store_9e00118ab5887f24
B08HV2DXZH,store_5b6904695b531dcb
B08HV4F726,store_13104a9a287746cc
B08HV4HMN6,store_5b6904695b531dcb
B08HV8LC4N,store_fe6c701459c503aa
B08HVB6517,store_efa0b37df88e75f9
B08HVBNMJ2,store_ad68fcd96e5cda05
B08HVCRC6D,store_fe6c701459c503aa
B08HVDGKRQ,store_dbee4e2d8759e732
B08HVKSX5R,store_a546cf7c144d2934
B08HVNGL1H,store_502e5ad6b94cc6b7
B08HVP4673,store_cc1615a1d4153ea4
B08HVRP54L,store_a956f25cf63bb4f5
B08HVSNLTS,store_6db33c7ca382a2ff
B08HVYYG2H,store_598093f4a57058a9
B08HVZPCF6,store_26990cf9aa06ffff
B08HWCX93W,store_0eb9193f88011a25
B08HWD7JHJ,store_24ac90f3ef7ab9d8
B08HWFCBCD,store_1783ed0de827895f
B08HWFWP5X,store_0fcc5066066a4239
B08HWH55LX,store_85db14d5b1ec7168
B08HWJ4DBY,store_0fcc5066066a4239
B08HWQWRZH,store_0509f265094af98a
B08HWTXYNW,store_e99078e26dc0803c
B08HX21YB1,store_b1e02b10f93eb25c
B08HX3S1VC,store_efa0b37df88e75f9
B08HX5J4P5,store_c03649a9f1b79b85
B08HXPFZPL,store_3a18342a61f24353
B08HXQD8HC,store_72028772a955ba13
B08HXR8Y61,store_07a2e25662f8c794
B08HXVR9FT,store_c003037a7ff3583b
B08HY15HV8,store_f4c9a8eb904e47cb
B08HYDJTQG,store_cc829c7dd771b9e5
B08HYGLL6K,store_c2cf6a412aad4bbd
B08HYHD678,store_fbed532326cd4698
B08HYKMMPJ,store_96758e5f07a1f1c2
B08HYKZ5V5,store_b9801c36c734044c
B08HYPR25V,store_c5d7052523895ad7
B08HZ5BFHD,store_fe6c701459c503aa
B08HZ5Y8RY,store_7b04f9527889e627
B08HZ8DYLQ,store_1d0f040f836b6f04
B08HZ9CHGS,store_39047f6e80019071
B08HZ9JNHC,store_15676302c12369a4
B08HZB5Q7D,store_b54400e194eced09
B08HZGTM8C,store_a984a099a53cfae7
B08J2692VD,store_1cbb80ca9e2ebecb
B08J2GS1DN,store_1cbb80ca9e2ebecb
B08J2K2Z9X,store_c2cf6a412aad4bbd
B08J2KXMLS,store_b5921e1e2079bbf5
B08J2LY93D,store_06fe8422d4a78e44
B08J3NC4P9,store_84582742a213b724
B08J3NH4S4,store_0ae95db7d18fce3c
B08J3QLHXG,store_b8dd0c5c6004d780
B08J3R7T7D,store_a65d1e7e8c1e980d
B08J3RNCJ1,store_598dd0d523f69b81
B08J3TVNHM,store_66dc4a6aa5acc079
B08J3TXYT8,store_5a200483b1f46d0a
B08J3VX89W,store_ef827f98a1942afc
B08J3WHMTK,store_46ed923962c59174
B08J3YTQT7,store_dfee87b739e7ca9a
B08J42B7NS,store_c528b055ade5d653
B08J43HHFK,store_c222db91c9e2c743
B08J4427TW,store_c528b055ade5d653
B08J44JFNW,store_84582742a213b724
B08J45S4NP,store_5a200483b1f46d0a
B08J46Q857,store_0d64b738a211773e
B08J491J17,store_db6535df7fe9df8b
B08J49TCX6,store_bf1701f34b3d08a5
B08J4BQDNZ,store_10d82bc8594a9f91
B08J4CQ2RR,store_264dfc9576082285
B08J4CSV3W,store_4578ce6a44946a66
B08J4CZQKB,store_10d82bc8594a9f91
B08J4H7GRF,store_f7c9f26c77ad0f66
B08J6C6GX9,store_1cb69938b6c6eaea
B08J6DNQBK,store_ffcb6b0527c0c9a2
B08J6SKN1B,store_ffcb6b0527c0c9a2
B08J6T87QC,store_40acf6b8be804c96
B08J7G4VDK,store_40acf6b8be804c96
B08J7GH9LV,store_1ab1a5027680d865
B08J7R5HHX,store_f171afb25eae81cd
B08J7TTP5L,store_5ac1fe2302f11542
B08J83P878,store_a03ee74725689c57
B08J8F9Y2R,store_462213582884befb
B08JB4STFS,store_3406708933726dc2
B08JB5PMHJ,store_f171afb25eae81cd
B08JBRRRH2,store_cc829c7dd771b9e5
B08JCCTSRK,store_b54368a47e8452f0
B08JCDMKDJ,store_f9fdfff753011ead
B08JCFC119,store_b6e18728ea436f19
B08JCKGMFW,store_18a75ca0dd7e4c16
B08JCMFWBK,store_563b4b3bafd9db69
B08JCP9WTG,store_976e8755b5d15542
B08JCQ1FXK,store_0389b827a3b96261
B08JCS99LW,store_7ef6cc0d14e3cddc
B08JCV2S2F,store_aaf5b5cb29d04826
B08JCX3DL7,store_4ab7d522ceedcc72
B08JCZBHX2,store_52f2c88a88bc7ace
B08JCZH7XW,store_c528b055ade5d653
B08JCZNL2P,store_52d144cc70ddffed
B08JD1WYGJ,store_95e77d0e126dcb06
B08JF8RD2M,store_d24f2661b18f4020
B08JFBWGXX,store_412895471ba74717
B08JFBZYMM,store_412895471ba74717
B08JFF4PLP,store_52d144cc70ddffed
B08JFWX9MR,store_822f5a02aa0c4bbd
B08JG79241,store_7379952ae8eb264c
B08JG7CGLC,store_e7e5fc69b8d56a92
B08JG828SL,store_1bfdd9aa1ff43a09
B08JG9LP3J,store_1d4ebb499d394651
B08JGLSVJ5,store_cd7e6019e70fe417
B08JGLTRHB,store_1a8f41d918117614
B08JGMD3CD,store_3e91bbbe2557abda
B08JGZG78L,store_d24f2661b18f4020
B08JH3SFRQ,store_8e706ba4bfcf40c4
B08JH916RK,store_b3de5d8bbe587bbf
B08JHNV58J,store_0429ee62d737a535
B08JHR7XWX,store_677b3344f88489b3
B08JHWGVM3,store_5fa74a3d3e782f59
B08JHXF2DR,store_e0e5ace82ea2431c
B08JHY1JR3,store_f490182845868124
B08JJ5PJ9Q,store_5d8ef36262ce38f2
B08JJTZJQ2,store_6b8209d39a48fa19
B08JK1S897,store_f848f1a6ed048844
B08JL4NQ3Q,store_84ff388677e5b163
B08JLRYR52,store_eda62a7d3eae3ac6
B08JLSWNSS,store_aeff6cb1713eea2d
B08JLVX69P,store_9dddf0002054531e
B08JLXKCJG,store_80779835da361e26
B08JLXLJGS,store_80779835da361e26
B08JM2VVTK,store_0a9bc4ef1b3ece52
B08JM2Y43T,store_855484c7c7e7b0e5
B08JP4NFTD,store_a654996ac496a7fb
B08JP7VTMW,store_eeaeaaa327273016
B08JP8NKQT,store_4ce2db2d201c3083
B08JPF6T2M,store_1783ed0de827895f
B08JPK6MKD,store_6f31b1fb038371d6
B08JPLLBDC,store_47aadd01eb27483a
B08JPNF6ZS,store_63c50d389c99118e
B08JPPKZXF,store_63d5986078ac6823
B08JPRV9BF,store_528226ff8064e652
B08JQ35VZF,store_035679b4b6bad7f2
B08JQ4J6D5,store_c508edf64f72c563
B08JQ66Y29,store_b30daa7a7138bf91
B08JQ7M3Q7,store_b30daa7a7138bf91
B08JQN33CD,store_33c6af687afadc15
B08JQN3QXS,store_0b747975554d4dcc
B08JQS9FVP,store_c7c7fb80aa1c680f
B08JS431S6,store_828842335f44dd40
B08JS7QFG6,store_d6cf7edd54dfd4fe
B08JS84FFT,store_7858c712fdae1b18
B08JSF4TGZ,store_beffe3e45a27e3e3
B08JSSP7J2,store_c13fbd1ea7f6c4c8
B08JSVX3Y8,store_89d2952202cf614f
B08JT1SSXY,store_71d36d1f266bd74f
B08JT4WGB8,store_c222db91c9e2c743
B08JTGR8GJ,store_41d9117acbd29647
B08JTH7FVD,store_80779835da361e26
B08JTLQQJH,store_1b2f02530933a0b8
B08JTNQFZY,store_f91c4d3daf26090f
B08JTPMLC5,store_9295b11b81b0a29a
B08JTR976X,store_fe6c701459c503aa
B08JTTL8WR,store_60cc8978caf00290
B08JV1CW8Z,store_fe6c701459c503aa
B08JV767TK,store_c13fbd1ea7f6c4c8
B08JVGGGZ7,store_dddef767264237da
B08JVK6CXK,store_386c25f7a843bc30
B08JVK8B58,store_227870401fd0f9de
B08JVK9R59,store_386c25f7a843bc30
B08JVKLQKS,store_bafdc1d823d1298a
B08JVLS8KL,store_aa6f7f6120e6166b
B08JX7XL4J,store_b6d27956fbbc7f6b
B08JYCT3C7,store_d1374de9aa4a02d7
B08JYGKL81,store_a2eac55762f8461a
B08JYJ46TH,store_1e288703a2728113
B08JYJVNYL,store_47cc68142f57cf4a
B08JYLTC1Z,store_6a867075ab8ff739
B08JYMJR2G,store_70e908f108fb72c1
B08JYPQJ14,store_10f1bcb4f6f8f1cc
B08JYRGMBG,store_17cf091127acba88
B08JYVXC6T,store_74259a2710f63935
B08JZ11R8L,store_c222db91c9e2c743
B08K2FXZFF,store_cc9e431346494be7
B08K2G26VF,store_c04b6ca61805da92
B08K2KG8YC,store_14ca1fcd236aa43a
B08K2PB6WX,store_87d3535c358fa661
B08K2QFDZD,store_0b01301aa63c6cdd
B08K2RMTD5,store_22a83892ebb4c630
B08K2RQBDC,store_0fcc5066066a4239
B08K2TW5L9,store_92d73d15f3bd501f
B08K2V6T4Y,store_d0f3399a5d14c46c
B08K2VZ23H,store_95c90c669677ccb6
B08K2XZ61B,store_a63f505435c3a202
B08K2ZRF29,store_c5f3ed834c302ea8
B08K31F519,store_695b93299573bc20
B08K31YWT5,store_b16a441ed8e67e8c
B08K33YMND,store_c7199ee7c557da5d
B08K36BV31,store_b5ef617005a936c1
B08K3BHPWY,store_55eba8f8ee0606f6
B08K3D1FPW,store_642aa5f6750cc4b9
B08K3XQDGD,store_695b93299573bc20
B08K41B227,store_72332ee9cecd4655
B08K435GRK,store_697e9459ecc41cc8
B08K48M53X,store_f5ac27d86f78ef1a
B08K4K93TV,store_3fd40dbef84cfa7e
B08K5JMSY2,store_6a20d919ef6203f8
B08K5NZTH9,store_531db370fa386936
B08K72B26Y,store_3afdb02a242a5b92
B08K77K977,store_a654996ac496a7fb
B08K77PJXR,store_8a30361f333e07ea
B08K77X4KV,store_fe6c701459c503aa
B08K794HLZ,store_208bb5870ce810c1
B08K79K1HP,store_6c87eb43ae3727fe
B08K7B7PVJ,store_b5ef617005a936c1
B08K7C8G4M,store_208bb5870ce810c1
B08K7DYCGZ,store_52343dd7ac906ba4
B08K7GD1P3,store_73b8a4c33814f47f
B08K7HF5GY,store_f2e14b77e279457e
B08K7HXW9V,store_961a410f7608d1d1
B08K7J1HLB,store_6c87eb43ae3727fe
B08K7K3YHQ,store_fe6c701459c503aa
B08K7LMPS6,store_577759710900f3f0
B08K7LXVXL,store_e82f91c878eaeb29
B08K7MKKT2,store_dd63e58341d34c5e
B08K7MR6HV,store_bca021336678a31a
B08K7PDH18,store_f2801e2c1b8a6b59
B08K8G8XRF,store_2d81b99d85728c3a
B08K8NV5F1,store_fe6c701459c503aa
B08K8P7LN6,store_55eba8f8ee0606f6
B08K8PCZD1,store_89e169f26a8db118
B08K8T4M29,store_3c9cea016ca9976b
B08K93F4R4,store_37c73573b87b1269
B08K97DCYR,store_2b5968f3676e52fe
B08K97J97L,store_e4d87c35aac2ada7
B08K9B8B4X,store_3b55b765725f874a
B08KCQFZG5,store_fe6c701459c503aa
B08KD19GVL,store_c756d3d18dd000ef
B08KD5T55B,store_dc409dce4bb43ed4
B08KD7DTVX,store_a9eb78377673fcdd
B08KD8MTL8,store_da75ad94f2528f54
B08KDDWQL9,store_b94d8afe545faa7a
B08KDHBCXG,store_4ced6bd1632d0947
B08KDK84NH,store_6c1741b4a1d4cf85
B08KDPWV7S,store_dc409dce4bb43ed4
B08KDRMQPV,store_6ed97c2d37411b8e
B08KDST5T2,store_86e4eae120d4ae95
B08KFHVBWP,store_b032c83f442f6da5
B08KFM3FWG,store_242359c0794887f6
B08KFPNFK7,store_72981a5d6bad29cf
B08KFT1WYX,store_0ad4fff25776a12c
B08KFTWJQR,store_c6f866053a52d37b
B08KFWQ6ZZ,store_333f4ea44dbac1bc
B08KG526HJ,store_6500c1c37b4704b1
B08KGVMDZD,store_a7da07783815071e
B08KH1TL7T,store_c6f866053a52d37b
B08KH6P6C3,store_c6f866053a52d37b
B08KHCMCFW,store_ccaab9ea3e44bbcb
B08KHDWCN3,store_1f94caddcd7495cd
B08KHQ5PDX,store_e34fb5d8886e3e5c
B08KHTGBTR,store_331bac16e0d42fb8
B08KJF6Y6C,store_12ecc60e09bc901c
B08KLD4SVT,store_80e0d5d2f91e4395
B08KP6QT48,store_8814fbe9888a487d
B08KPGHRHJ,store_f95dcd6545b8befa
B08KPJ9N7H,store_89cf85901039ded8
B08KPKB7H8,store_f95dcd6545b8befa
B08KPXLNLH,store_9693a48258316cf2
B08KQ8BGHX,store_0704cb58e56b2896
B08KQDP2X3,store_78fb3be3dbaf7c10
B08KR37RV9,store_f04bd30ffa3fd2fb
B08KR7G4Y5,store_f697e0530317509c
B08KRGD645,store_88bcbc6b94513fd7
B08KRQMDKM,store_6db33c7ca382a2ff
B08KRRSRJJ,store_c652dc9299ed2930
B08KRT47KY,store_68c968ee83c839b5
B08KRTSBCX,store_0ecd771c19b04c43
B08KRZJV7J,store_c89843b5331c26e9
B08KSJ74H7,store_400ebbc9fce2b336
B08KSN8CF1,store_5f5e18c9b43d5e5e
B08KSQTD7Z,store_6cb17a800162b823
B08KSTDMLV,store_393729559df0f603
B08KT22DRG,store_b7b03aee4053a662
B08KT3TR5T,store_fd29a9d921caccbd
B08KT4K2NH,store_fd29a9d921caccbd
B08KT5GGK5,store_fd29a9d921caccbd
B08KTCH8PL,store_b2d6b51ee3d21140
B08KTCQ3D5,store_7dce4972d7dfc4d9
B08KTQ8KFZ,store_1b5415e0acb2ed12
B08KTWVJCT,store_df9fd617995bad07
B08KTX7ND7,store_bb9cad10a3e467c2
B08KTZCKNX,store_df9fd617995bad07
B08KVQLX1R,store_aa5cfaa63cd52727
B08KVY5RF7,store_2083765c6d527943
B08KVYL6N9,store_f2801e2c1b8a6b59
B08KVZ3PSB,store_d3fa64734f45390f
B08KW15N2L,store_54605cf38df512df
B08KWFLP1Y,store_e86ba2aa4326bc22
B08KXKWRMD,store_2ae8ac92581185c5
B08KXP3L98,store_2ce4f57b5786270d
B08KXRVQDT,store_5e350d18221c20e8
B08KXTCGRY,store_fda38912429385cc
B08KY1V9NP,store_5204c6071e756dc3
B08KY36DSN,store_506cee8f5ec8b3e5
B08KY5B2LB,store_2cc87ce8146bda2d
B08KY5CR8G,store_fd0202792829e926
B08KZLLK81,store_b05756928fe25cc4
B08KZQKD4G,store_cbb06874cf0ce17f
B08KZQMR2J,store_55eba8f8ee0606f6
B08KZRXV5S,store_b05756928fe25cc4
B08KZYKW62,store_cce7519383f1f568
B08L17FV58,store_efd36eeec68cc913
B08L1LB1VT,store_14ca1fcd236aa43a
B08L1R3NLG,store_e7de953f2eb7124e
B08L1RHGPS,store_812d40a116c914dd
B08L1TXZ8L,store_ffcb6b0527c0c9a2
B08L23PP6T,store_3747969933ed3459
B08L314HQW,store_9c357f9d6dc9d7b1
B08L32GGQW,store_cbc22d955c0b80e7
B08L34ZSXM,store_a37e2e8bae5fa8cb
B08L364N13,store_4fc2bc2b1f3bba70
B08L3BTSDG,store_3ce1f460ae3de94d
B08L3QBHGQ,store_8045f0f3001d7482
B08L3Z9W8M,store_8e74819d832437c9
B08L446JZN,store_cb6258f40361751b
B08L45SKQL,store_b860391f75ffc63c
B08L49CB8Q,store_961949da3e21b4e1
B08L4BDNZ3,store_0cbee8165ee9ba10
B08L4D9FRL,store_c2cf6a412aad4bbd
B08L4HWK63,store_40d32f7811a4869a
B08L4K9C2L,store_3e1de13575a224e6
B08L4M1Q96,store_234ddb2859079a3b
B08L4MCFHJ,store_bd0fe814abc2ae62
B08L4NF3JG,store_04a6578976f09736
B08L4RQ3MV,store_c0c06aa06f60d472
B08L4XFMD1,store_ba6c5fac0cc1e5ca
B08L4XNCCQ,store_e61c00e47e6b0bee
B08L4ZZCDX,store_4b2186f83c356067
B08L539MBH,store_0243a3d20fafd037
B08L5MZD4R,store_46e50ca1cb3c3ab8
B08L5T7WQR,store_14f211737068a89c
B08L5W1RZ5,store_b94895e43f5237a3
B08L5XMLFZ,store_b6d27956fbbc7f6b
B08L5Y58KQ,store_b6d27956fbbc7f6b
B08L62C7LW,store_16473d1155c75a8f
B08L635CHN,store_7ffeb8131374e589
B08L65PH3B,store_f5ac27d86f78ef1a
B08L6BSC16,store_6f324ebad91f7256
B08L6H9B1H,store_79b062a4078e18f8
B08L6T3QDB,store_922cc777cae522a8
B08L79TKJS,store_5267c25347f94f1c
B08L7MQ7G8,store_0383ea018bc338da
B08L7NWCVX,store_7392abe8dffb3755
B08L7WJYQ5,store_de5307d1d1ba3f9b
B08L8KRGHD,store_961949da3e21b4e1
B08L8N78F2,store_cc9e431346494be7
B08L8QPKR8,store_436ec769a77cd303
B08L8QXB8Q,store_436ec769a77cd303
B08L8R9JW3,store_436ec769a77cd303
B08L8RCW5V,store_436ec769a77cd303
B08L8RS81J,store_436ec769a77cd303
B08L8THDHW,store_a8c3a482a5901dd5
B08L8X6Q5J,store_646ac300b116b4cd
B08L92M1GC,store_a34995d5b7f1dc49
B08L943R8F,store_598093f4a57058a9
B08L94VJ8Z,store_6cb0cb19bdfe26b7
B08L95DX2H,store_6cb0cb19bdfe26b7
B08L978R8B,store_eb7df63276251fbc
B08L99168S,store_59ddcce75143f9e7
B08L99MFL8,store_c81ccf6ce94a3c4e
B08L9BTJFM,store_3d480d960abece5f
B08L9CPQKH,store_011a6725eb4875df
B08L9DXV3C,store_011a6725eb4875df
B08L9HDTPV,store_1988ef0572ed5292
B08L9KC69C,store_1988ef0572ed5292
B08L9ZNBKT,store_c222db91c9e2c743
B08L9ZYWQ6,store_e5f683c62c7e9da6
B08LB57L5S,store_9f02939c6bcc50a2
B08LB8V2W4,store_24ac90f3ef7ab9d8
B08LCC6TFC,store_d6bc0ffba03961de
B08LCWH97Y,store_2304ebb0c36c25ab
B08LD4PWDF,store_aa64307e6b7959e8
B08LD4TPMW,store_577759710900f3f0
B08LD5HDHH,store_8c5bf138a4452d5f
B08LD5LGV6,store_3fd40dbef84cfa7e
B08LD7BPCH,store_a654996ac496a7fb
B08LD822B3,store_7ffeb8131374e589
B08LD8WZ7C,store_7ffeb8131374e589
B08LDNTCNH,store_70638f0a3ae11134
B08LDQB35C,store_1ab1a5027680d865
B08LDV5K5X,store_ea78cefe60d9663b
B08LDYS439,store_312ca423d8f1542a
B08LG88SWS,store_7b248a7d9b4091ba
B08LGC7JVS,store_6a08d7a4b4e3853a
B08LGFCN2W,store_44d9bb71bb8c462f
B08LGFGZ4M,store_2937d511e9cd0a0e
B08LGHPNY3,store_fd29a9d921caccbd
B08LGKQBWP,store_c5b457635b1736ca
B08LGKS8Y3,store_c5f3ed834c302ea8
B08LGVNGHK,store_f7f37372b8df0638
B08LGXMXB8,store_2f2eb4ffe042be6b
B08LH247SK,store_15ead165ece3df55
B08LK4N2MZ,store_6cb0cb19bdfe26b7
B08LK7P1YD,store_4baa8f2d3250f0a0
B08LKD9B8G,store_b6a7828d287416af
B08LKDQQ3B,store_b1b1d714f4e5c1d5
B08LKDXV94,store_35ab696f9ca4b24c
B08LKGWTC9,store_0cbee8165ee9ba10
B08LKK4PJ2,store_4dcd5fee4a470591
B08LKL1NYT,store_a8b623c6a8a297cc
B08LKNQHXZ,store_de5307d1d1ba3f9b
B08LKR5QVH,store_a8b623c6a8a297cc
B08LKRM911,store_e66125aa66797f02
B08LKSGMNF,store_12d90d7846184740
B08LL1S5KJ,store_40900a4028173af6
B08LLCBZNT,store_f8a8d094af1ee330
B08LMDRH8M,store_ae85e205eda4a7d1
B08LMFDN1H,store_34ca8fcf748cc766
B08LMN9V82,store_867a2823134113cd
B08LMNV3VV,store_1fc7eadef9e5b1e1
B08LMWJLSD,store_ed7ee1db94a24e06
B08LMXLMGF,store_10135042c4062372
B08LMXS4MK,store_0acd529d565d5bb0
B08LMYL8HZ,store_c167bd4557c01082
B08LN3G273,store_1d392fd0a25b5044
B08LN923HL,store_a31760f52271fd11
B08LND2825,store_6a1784a31651058e
B08LNGMVW4,store_3747969933ed3459
B08LPDDQJQ,store_2ce4f57b5786270d
B08LPDQXLC,store_ebad597db490677b
B08LPMHWN7,store_fe4e59db40c54d7d
B08LPMLDVJ,store_60133c81431359c7
B08LPXXJVS,store_ad71aeb897c3bd96
B08LQ1TT4H,store_a0fd83afc0245c05
B08LQZSNBN,store_c839ffdb3f34bd2b
B08LR99XXD,store_e595f3cb52e8f716
B08LS5ZMSL,store_f612e1d17d65ff0a
B08LSCRTFS,store_6ab80a9ac59b4da2
B08LSMFSYN,store_d7ee2455540388b0
B08LSSWYMS,store_c29f01d699150032
B08LT11NLP,store_ce1a840a71133735
B08LTX6S6S,store_92043a99a5f981e8
B08LTXTPRH,store_2b5968f3676e52fe
B08LV4NRTG,store_e3658bbbb0930e9c
B08LV5PRMJ,store_27d26fa5f10eff03
B08LV68T1N,store_f661b0d4eb2955ff
B08LV9GPSF,store_59851e905b720855
B08LVBRDC8,store_f661b0d4eb2955ff
B08LVCLTLL,store_a3b2ffa52d7c8855
B08LVGC9ZQ,store_0ca5e4f82d722dd1
B08LVGKKVJ,store_c5eefa032dd012f3
B08LVHB5W4,store_434b85f27a375237
B08LVJ6RB9,store_df16f800ac670969
B08LVLJH9R,store_a7967b871c8cfc03
B08LVSPBHJ,store_15aa19c07bd791ec
B08LW4Z57J,store_cdaa8f516b8e61fc
B08LW5ZM7X,store_34b2a624a33d6a70
B08LXJYHSN,store_ec08a7bdbac85b98
B08LYFLYR1,store_5e350d18221c20e8
B08LYHHDGH,store_6e386a67fcaad42b
B08LYKDS95,store_b6a7828d287416af
B08LYMYZMC,store_fac19e17ff271b86
B08LYQZRVJ,store_b4dd123543e022e4
B08LYSTWCW,store_ffbb52747e3aa106
B08LYT4Q2X,store_098c3ea93dbc9db7
B08LYWPH8W,store_90d316eed0988d54
B08LYZY994,store_5e350d18221c20e8
B08LZ76QML,store_5e350d18221c20e8
B08LZ8HGZQ,store_5e350d18221c20e8
B08LZCDV94,store_64c92173a4bbfa73
B08LZD4CNL,store_6831eb7645beef7c
B08LZQ841J,store_5a6bf69f604dd98d
B08LZS2LYF,store_8608d3d1cb326e80
B08M11YNV1,store_dfe2c19d2b935e1a
B08M12XM5J,store_2daa565213fa29c6
B08M178XLY,store_46ed923962c59174
B08M1MDVG7,store_9cedd06b12137edf
B08M256NMN,store_74fcc40f49549131
B08M25N9MG,store_f00312f296ae4f65
B08M2FC7JW,store_9a5bb6f9b1d4f6b8
B08M2YY5HX,store_71d22fa52d5893b2
B08M35PHBF,store_53d90041e5cdf950
B08M38WF6Q,store_bb518a8bb7f43f14
B08M3P65B1,store_18a75ca0dd7e4c16
B08M3W87XM,store_7ff42fcdcf5bac51
B08M3ZQWRG,store_f661b0d4eb2955ff
B08M43R4K8,store_e13d0f9e2b89ee0e
B08M43V2HH,store_c344a4872fc5a46f
B08M46CSDN,store_1f5ef56f60a37228
B08M47VSH7,store_fa028f74f87a1260
B08M4BYV4G,store_518653a7b7e0023a
B08M4C9FXM,store_09ca645b7454112f
B08M4DQVR8,store_09ca645b7454112f
B08M4DWPQX,store_e7411abe2816fd57
B08M4F6FCT,store_eaffb8e78cd8372d
B08M4F8QNB,store_ab43d20d36892ada
B08M4FGXHQ,store_298907b17a1285b1
B08M5C1LWL,store_c2cf6a412aad4bbd
B08M5C42GS,store_c222db91c9e2c743
B08M5DXZDJ,store_d4efff3c653036c5
B08M5FBJGH,store_19afb01a393c946c
B08M5JJ1G4,store_a40790b29c4c0229
B08M5LZP6V,store_2a3d1205df6aedcb
B08M5ND1J7,store_7621a1fbaa0752ec
B08M5NM667,store_43e4123a0f3c428e
B08M5Q12FW,store_2ab567eb39619a5f
B08M5STTLV,store_6a64de86b4cab64b
B08M5VHFYF,store_7621a1fbaa0752ec
B08M5W9LG2,store_92f30caee75f2d12
B08M5XB4G5,store_fd48d4897502cb48
B08M5YQBHC,store_2a3d1205df6aedcb
B08M66PDBY,store_5ffd5ca90a3e2ff5
B08M6BSR5Z,store_38717fdb156d8068
B08M8SQ26J,store_8088c2e61141e878
B08M8YNCD5,store_b6a7828d287416af
B08M94976X,store_7af25d1b3a778296
B08M977TLR,store_d7dd74c1c03c879e
B08M98KQ9G,store_be72e56085b7691c
B08M9FWW4Y,store_be1df9932095aa24
B08M9GH9J8,store_dc409dce4bb43ed4
B08M9LB931,store_d5c5da2db894693c
B08M9M3NV6,store_99144a2e957e5d15
B08M9QSGFL,store_fe93546d9d6c66aa
B08M9TYVD1,store_f5ac27d86f78ef1a
B08M9VF9LM,store_c3498a2832bf1e64
B08M9X51Y8,store_0f3d747c71f2cbfe
B08M9YGRT1,store_7af25d1b3a778296
B08MB8N4RJ,store_ce56afb885fc2a47
B08MB9M91S,store_82dfb2f5301e8abd
B08MB9X1XS,store_cbc4319a5b2bcde8
B08MBB449Q,store_cbc4319a5b2bcde8
B08MBBJR9G,store_ce56afb885fc2a47
B08MBC424Z,store_c319b4303e1b5813
B08MBCM9MN,store_d29db9570ad6d524
B08MBCWTXZ,store_27560d5685e017ba
B08MBGPGMN,store_d6f02c47383c4935
B08MBQGVJJ,store_40ab205030862591
B08MBV4TZ2,store_50d3a2d36ca3bc2d
B08MBX2FXG,store_6298a74ea665b619
B08MCLM9V7,store_555e0d82ecb4e707
B08MCT8C27,store_ccd3c1b10cfee1b4
B08MCWLRF7,store_fc0a33e615820346
B08MD1JKWN,store_b8557684cbc6e840
B08MD2W7F6,store_b8557684cbc6e840
B08MD5ZHBF,store_8f5a58a3ab02079d
B08MD69CRV,store_afa55bfba3e5e735
B08MDQJNR7,store_c06b3e38eac2ea40
B08MDQNC6D,store_c06b3e38eac2ea40
B08MDT541Y,store_6bda9333870dfd20
B08MF11767,store_46a808cfd5beafa5
B08MF2MLQK,store_0418e43efd3915bd
B08MF3W9DZ,store_c886eb1b74c63cf6
B08MFDJDKL,store_b89884500a1cead9
B08MFG3MDR,store_045e9e3f9b86aef1
B08MFQ17GG,store_39dc8318a6ba151f
B08MFRSCTK,store_8c45a76c1b8bd7f1
B08MHTVY3Q,store_b9eb21d0de8fb9ec
B08MJ6RC5D,store_d02aeb0c8aedd261
B08MJV7QGD,store_80e0aa0f73c9255e
B08MJXQGMD,store_d02aeb0c8aedd261
B08MKNY3HK,store_01bf45e02f4192d7
B08MKRTB18,store_f2c73672721ddf62
B08MKTVK81,store_b6a7828d287416af
B08MKWRMR6,store_a3d69c403d0ee04c
B08ML2TRPK,store_a381562afa0e16c5
B08ML3YT4M,store_6b1850ed612bbe29
B08ML9ZM3H,store_da75ad94f2528f54
B08MLDQZX4,store_18f68bc681a23bc3
B08MLFJBRV,store_563b4b3bafd9db69
B08MLJB1YQ,store_8b93aececd7ee72f
B08MMYXYFJ,store_8d17d6c8201c24c5
B08MND74KW,store_15f6a2e2a969fc12
B08MPF3G9D,store_9c21fe52ade8b104
B08MPR7FY2,store_653f37ca7ed965c4
B08MPW5VY2,store_653f37ca7ed965c4
B08MPXM9L1,store_855484c7c7e7b0e5
B08MQ71PBV,store_3b0ee849f1377d3b
B08MQBDXT9,store_a5f58322b0749014
B08MQCWRD6,store_1d556cbb186d6be2
B08MQFYRTN,store_3c8837c43b11502a
B08MQPHZNR,store_df16f800ac670969
B08MQSMDQ8,store_194e5ce582e3c1ad
B08MRRNL18,store_ad113811481d4b58
B08MSYQ46L,store_078fc88bf598a55c
B08MT17W3P,store_6f6ec75b2e75e845
B08MTG4ZK9,store_cc829c7dd771b9e5
B08MTNPDLH,store_986dcb5c31106ff4
B08MTSHVGS,store_2af349d71405ad58
B08MTXV6CJ,store_e4d3614f95cf234f
B08MVC5GXV,store_c6ba45f1b6cc5ef0
B08MVFKSQ8,store_f00312f296ae4f65
B08MVHTZ84,store_9b971102d342d53a
B08MVKQ8QW,store_9b2ce90e8bdb5877
B08MVYXNYS,store_436ec769a77cd303
B08MVZHD6W,store_6441b2a6e239ea5d
B08MW11V49,store_333f4ea44dbac1bc
B08MW22P84,store_f2801e2c1b8a6b59
B08MW25XP9,store_9f586b9c9daee69c
B08MW9TP36,store_5113349585ffc3b8
B08MWNX2G7,store_fa1c29ed3b9f26e5
B08MWRBFHM,store_f11232fc98413df0
B08MWRYNP2,store_29d26ecf7dc14afc
B08MX3DQKL,store_6b975008273ac5f9
B08MXJJJDM,store_3f789dd44e487c52
B08MXJW85L,store_c71093b7b8642e54
B08MYGN62J,store_d3369072be6ca4d3
B08MYT9ZT5,store_016a6221ccd90d96
B08MYXNWLK,store_49f021b8ac62e8f6
B08MZ55M3F,store_8c7af66cfbafb370
B08MZCT5NG,store_e28395e91c4e758b
B08MZKBZX7,store_ee3411d00a23181f
B08MZQ4H4N,store_7114788a4ea6fc2b
B08MZS4V3X,store_792226efecd7d091
B08MZZ9HCB,store_f0eab641c2006dfd
B08N17HDWY,store_1c09fbc7cf4778aa
B08N187R5T,store_24ac90f3ef7ab9d8
B08N19WK3Y,store_9ee6bbc0df8d90d1
B08N1BNTT6,store_01ef980d16e24879
B08N1D75GR,store_01ef980d16e24879
B08N1F33DY,store_3891689aa5cf060d
B08N34JZJ2,store_07a2e25662f8c794
B08N3VX7Z7,store_f5ac27d86f78ef1a
B08N3XB89N,store_296a25b6d3961419
B08N3XFRG7,store_1ab1a5027680d865
B08N44NQSP,store_3a3ca47bd9a7fa91
B08N4GTJ7J,store_224795f8e49ed0f8
B08N4HP4RW,store_a35785a7dd690e89
B08N4LLKD8,store_1536c0634ddaa685
B08N4MXD99,store_9344be7fa6048c02
B08N4NPLJT,store_1ab1a5027680d865
B08N5582MZ,store_f9e2acfdb32c0fc4
B08N59FCXP,store_6f655ababb788921
B08N59PWV6,store_a46141e1faae5956
B08N5FNVJ1,store_6298a3ca23f8782a
B08N5JSR1X,store_6298a3ca23f8782a
B08N5KMKH4,store_2fd3402129116c18
B08N5NDVGH,store_14cddb992f79f446
B08N5W9VHS,store_5333f2639d398b7b
B08N5WYMHB,store_3f38a2085f5441f9
B08N61TCR9,store_6778aec634b04682
B08N6426GW,store_ee17f560a1f77440
B08N69G3XX,store_4dc023e0f2cf45aa
B08N69TKWN,store_a1a46469c0f7423c
B08N6CLJ6P,store_4f6c501c7691110e
B08N6NXZ3B,store_85f15bc57d6c4e8a
B08N6Y564F,store_1c197c29a8ac301c
B08N9D8JFF,store_f5ac27d86f78ef1a
B08N9S8G9T,store_6b8a058216284fd6
B08N9VK1X2,store_67c97137a6cc0648
B08NB5K1N8,store_4b19698b0be0d747
B08NC1H7RP,store_d407befbf4039e43
B08NC4378M,store_bb9cad10a3e467c2
B08NCFSX17,store_6794d21b82ccbc26
B08NCHTZ1C,store_ddbdab0320ac0528
B08ND3YJRP,store_7ab81380e123f6c4
B08ND48KP6,store_71d0ac7bbf7fba05
B08ND5ND2Q,store_6b05ea318b472649
B08ND5V19M,store_71d0ac7bbf7fba05
B08ND6WZHD,store_e2630501965cc2e1
B08ND729SK,store_71d0ac7bbf7fba05
B08ND9SL4Q,store_7047a95be7c4ef28
B08NDGPPMB,store_921559a053ef04b9
B08NDN9HTJ,store_eb7029795761d8cd
B08NDVSQN7,store_af819ce741316ccc
B08NF3N544,store_5ebd88c53f74ea3c
B08NF9XDYF,store_2162c6ecc245c34e
B08NFC3G2Q,store_22188b322e07d1f4
B08NFJ1Y5C,store_07a2e25662f8c794
B08NFVWZNJ,store_0fc67a86d8c93476
B08NFY391S,store_71f4b933c8e97ac3
B08NFZ1KLW,store_ffbb52747e3aa106
B08NG3BDZT,store_fe6c701459c503aa
B08NGKHVYK,store_54877ba262124ec4
B08NGP9QF5,store_8bb5a0ca4dd11af7
B08NHBF2X9,store_b860391f75ffc63c
B08NHBMWSX,store_6f6ec75b2e75e845
B08NHHZT4X,store_cf6e1875ba5da4df
B08NHQ8RM2,store_c393ec6487f60bbc
B08NHTHD2G,store_8232418d122ee130
B08NJL4BWB,store_2937d511e9cd0a0e
B08NJLT3R9,store_a6b04528bf92a88a
B08NJMFXDS,store_4dd431700217b965
B08NJQ9WZV,store_5333f2639d398b7b
B08NJR6N42,store_fb917a8578b537d9
B08NJRXN25,store_d53e52c6b8e9272b
B08NJVGZFW,store_d9aba39b52b93120
B08NK3VVFS,store_439ba88643db8f33
B08NK8K37Z,store_e33a14c70b7ff6ee
B08NNRQD3Y,store_96c220dd69daea9f
B08NP2CBPX,store_0c1a0cda5a1d438d
B08NP9CL15,store_fd29a9d921caccbd
B08NPCV2SP,store_2940acbb32930d68
B08NPDH536,store_f171afb25eae81cd
B08NPJJ9QY,store_13e280dc513ddb60
B08NPJLYG1,store_0f6bc95baef5917a
B08NPP82X9,store_84ff388677e5b163
B08NPVHB4F,store_13e280dc513ddb60
B08NPYNTL4,store_f171afb25eae81cd
B08NSHH7NF,store_eb884dc6029fa5ac
B08NSJH2WW,store_90513039b54b4499
B08NSSH585,store_2171439387439933
B08NSVY6GG,store_a6995ae9dc7e4dee
B08NSW6HCK,store_a5f5c780c613b7a0
B08NT2HKR6,store_598093f4a57058a9
B08NT2TY61,store_201fde39e4af6ff0
B08NT53ZDG,store_a5f5c780c613b7a0
B08NTJKY3F,store_1d0c1e4a1c2f4dc0
B08NTJW8KY,store_d866498c9b4d6b07
B08NTLB7KM,store_d866498c9b4d6b07
B08NTLD6FH,store_d866498c9b4d6b07
B08NTPW8VS,store_53857694f6dbd49f
B08NTTSZ2T,store_c5646cc4564de6e3
B08NTXHBFJ,store_ad32bfe87e1c76b0
B08NV96VTD,store_da3b21de020742b6
B08NVLNKDF,store_ad00249d9de4e4a4
B08NVQS2NT,store_6b05ea318b472649
B08NVYP52F,store_b6d27956fbbc7f6b
B08NVYYJYL,store_b6d27956fbbc7f6b
B08NW62LPC,store_6f31b1fb038371d6
B08NW67Z2T,store_8b6a853a7f5c980a
B08NW7CJLG,store_6794d21b82ccbc26
B08NWQQGNH,store_b6d27956fbbc7f6b
B08NWTN1XF,store_7cc080556d15e586
B08NWZ8DQ9,store_5ecfa5aee6fbe368
B08NWZJ3J8,store_5ecfa5aee6fbe368
B08NX1FQFR,store_9781e3afc6cdb26e
B08NXF1LLZ,store_a3210a48a6d43448
B08NXGDN2L,store_78abed539e94df13
B08NXHSC32,store_b6a7828d287416af
B08NXP1DCV,store_04de33807be70e5f
B08NXTMN78,store_8d3fdf00bb07116c
B08NXYJL2Q,store_faf0fa2b2ca36f97
B08NY44V58,store_9b81ea4816f54a6e
B08NY4VFR2,store_5ed6860681285984
B08NY5M5R6,store_65777a3f8ea06db5
B08NY6Y9W2,store_df094166cd0f420f
B08NY6YFQ2,store_b6d27956fbbc7f6b
B08NY9RH57,store_8dff16b81c238085
B08NYBK3R4,store_86f0ad79b5498da9
B08NYFFM13,store_6778aec634b04682
B08NYFVJZM,store_714e29d729a9cf8d
B08NYKVZS8,store_714e29d729a9cf8d
B08NZCDCNR,store_77cb879405763d20
B08NZQ47WR,store_cac60bafbc282b7d
B08P141G4G,store_eb7029795761d8cd
B08P15FFNQ,store_e77d813de3a3e42d
B08P16PY4D,store_80e77117707cfb0b
B08P17T9PL,store_a5f58322b0749014
B08P19Q85C,store_bb0ab317b36ba8f1
B08P1BYZYQ,store_4525c7ca84a6481e
B08P1CHJBZ,store_4525c7ca84a6481e
B08P1FYH2X,store_46a808cfd5beafa5
B08P1HLH6B,store_dc409dce4bb43ed4
B08P1HM8JL,store_3cd7ef8006bc36d4
B08P1KVZ29,store_b6e18728ea436f19
B08P1PJMYT,store_b6a7828d287416af
B08P1T3H78,store_3f38a2085f5441f9
B08P1X94FX,store_2deb7c5f1e8ee1a3
B08P26Y9TX,store_800eb0aab9973df0
B08P27TL7P,store_00655b16af1cd76d
B08P2BSLNX,store_60cf7c1ce0bf6d46
B08P2JB862,store_cabcfde5cb284741
B08P2JRY4R,store_2e528c22ec5c2d0d
B08P2PQM5B,store_84c95d6c32d048b0
B08P2VX4WB,store_f63d70e5c73c732f
B08P2VX78Y,store_dc409dce4bb43ed4
B08P2WD9MM,store_dc409dce4bb43ed4
B08P2ZX2LR,store_3771b1e9e6280d1c
B08P33T36F,store_b3ee86cf8805f06e
B08P364QKC,store_f63d70e5c73c732f
B08P38W5K2,store_7242c38a058c5aab
B08P3NV5Q6,store_f47dbf14cc97247a
B08P3PMM88,store_ecca8034d3fd5be9
B08P3SKL34,store_d7ca6c75249b16b5
B08P44WYZT,store_515a66c03110649e
B08P44Y6KT,store_c2abcc8463ba567a
B08P46MD3P,store_cd8af7655519f79b
B08P47GF31,store_4e1a5476eefdb475
B08P491WZ6,store_6aaa7c4ba9cc0df8
B08P49YLB5,store_b25cd282a8211401
B08P4BT1J6,store_a8c3a482a5901dd5
B08P4GDXYR,store_733b78db8ae01291
B08P4R1BV9,store_826a491a3efb96f9
B08P4R6H4P,store_a5811f57de9bfafe
B08P4RCLH5,store_503448ebb95c474a
B08P53H9BV,store_2c5b6c45ad4132ee
B08P544XKX,store_a06bf14bc2af6789
B08P545LHF,store_7dfb7b85cb2ab245
B08P5735ZP,store_30cdf1c69f147125
B08P5BNZL1,store_b6d27956fbbc7f6b
B08P5F12JV,store_62bbcde9e10dfb1b
B08P5G1FBK,store_a4115dee80aec711
B08P5GY1RD,store_a4115dee80aec711
B08P5JTVBD,store_9490743ab3192789
B08P5Z7FP5,store_57cba41ca44bd8d1
B08P63HX93,store_4025f17b5ae7cc8a
B08P6YZND5,store_49a95d00d4d4239e
B08P782B6X,store_1d392fd0a25b5044
B08P79TD4Q,store_fcdd578ec19a533d
B08P7CD3HK,store_6807863200ed03e8
B08P7JT22C,store_a2c5e2085b0a27d1
B08P7K767L,store_a2c5e2085b0a27d1
B08P7K8D72,store_261f84145e5e3191
B08P7LXKP7,store_4e1580c12a0f8af5
B08P7N3JPJ,store_6c7d705c0708285c
B08P7QWN1N,store_6c7d705c0708285c
B08P7T2S42,store_e87f69083dc7c1ac
B08P84JSB1,store_dec35b5866734b9d
B08P88TGKT,store_dec35b5866734b9d
B08P8DM5V5,store_c222db91c9e2c743
B08P8GH2TZ,store_442fa197d198eb1a
B08P9F3MK4,store_1c3a282f3a183801
B08P9MP7L8,store_ed49716f52df6a16
B08P9QCF71,store_9a1e4eaab3565c4e
B08P9XGMHW,store_977d147dc02d0f1e
B08PB5JWT3,store_4e27b104ea3015d0
B08PB7M76V,store_adf00c20c083dac9
B08PBJHP56,store_c78e38f1715cd615
B08PBJPQ83,store_c027ae822923e863
B08PBLJ9DY,store_7bc43936bca6d3b3
B08PBLQV6S,store_b6a7828d287416af
B08PBW3M7K,store_924f79454ebdc077
B08PC5V6BY,store_3bc1d1c79908543d
B08PCCGXTX,store_bb9cad10a3e467c2
B08PCQXLZF,store_6d161a6d50d81326
B08PCS17ZR,store_6806ef6adb56a5c2
B08PCT1GK2,store_b5bfca1846e7336b
B08PCW3HH1,store_d33c14bf420dbd98
B08PD42FHX,store_502fdc23c92d147e
B08PDB9JCX,store_e13d0f9e2b89ee0e
B08PDD6CX1,store_fe6c701459c503aa
B08PDRLNDV,store_07a2e25662f8c794
B08PDT3DYJ,store_112d3a87d3b9586d
B08PDZ78YS,store_d793712da5448361
B08PDZGDDF,store_787e4e521a461d85
B08PF617KP,store_2fcd6073920c28b3
B08PFH491V,store_5cbc252ad5089191
B08PFWQRRG,store_fd57473d40f048eb
B08PHS33D9,store_da1d86097c6b8ce1
B08PHXV1QY,store_a9406e70b4ec33ec
B08PJZ82LD,store_5f5e18c9b43d5e5e
B08PKFX6V4,store_a774eaf3da56507e
B08PKG41BW,store_cfb216a138999aa8
B08PKKMYRF,store_fe6c701459c503aa
B08PKRH9JV,store_290892a0d46d6a8a
B08PKSZBZJ,store_c8765e99e9a6c0d1
B08PKY8Y4R,store_d708c0a4a0f31849
B08PL3PG1R,store_14ca1fcd236aa43a
B08PLFZB89,store_ba51a142261abef4
B08PMPHMJK,store_08176093ab396815
B08PNMC4XT,store_2dfa99ed01fc475a
B08PNNX9BT,store_55395dcf0312016a
B08PNT65CD,store_b88d1c3324217b32
B08PNTL9XQ,store_728f0d3fe108bf70
B08PNVPB82,store_a409bb412c0bb671
B08PNXDY6F,store_868dad45e6cabcd1
B08PNXY486,store_f736b570bdf06a43
B08PNZGV2P,store_88ba56c6fb219734
B08PP3NWXS,store_0b01301aa63c6cdd
B08PPB3W6H,store_f2801e2c1b8a6b59
B08PPDLHWN,store_c474f027443b32a1
B08PPFKHTC,store_0383ea018bc338da
B08PPJGB8L,store_108dc08283f90827
B08PPP211B,store_ac53b3388a1823bc
B08PPQ6KR6,store_7940428491fecfa7
B08PQC8LQ2,store_aa5cfaa63cd52727
B08PQS6FN9,store_910d0a3a4782c0a8
B08PSKWT96,store_451f8330d9086f08
B08PSS11NS,store_9ca28cca8c1f4ac8
B08PTC19VY,store_0215e968b0fc194e
B08PTJNY7V,store_4f2b6f45dbd8c1e9
B08PTT8WF6,store_7f403f0e5c15df67
B08PTWKF1C,store_53d90041e5cdf950
B08PTWWMW9,store_bb518a8bb7f43f14
B08PTZL95G,store_f2801e2c1b8a6b59
B08PV67KQR,store_031c19c150fc68d8
B08PV7GDWQ,store_9bb8d19321a505cc
B08PVBHKR3,store_812755220858b6c0
B08PW1Z96B,store_4025f17b5ae7cc8a
B08PW3BT9F,store_4025f17b5ae7cc8a
B08PW58RX8,store_a68509b0ea7956a2
B08PXNBBRN,store_07815387c6496059
B08PXY2ZN7,store_313626c8dd051d22
B08PYFNZ22,store_6cb0cb19bdfe26b7
B08PYGTW7N,store_816810fb5e6e120d
B08PYMT7BM,store_151c31b24d45fd8d
B08PYN4HRY,store_f5ac27d86f78ef1a
B08PYSJ1RR,store_46a808cfd5beafa5
B08PZ279YN,store_c222db91c9e2c743
B08PZ4K7HF,store_e7d64a81d534039c
B08PZ5BBSZ,store_cf8e863e2a400a74
B08PZ6JJTL,store_f761b57d336d79ac
B08PZCCMBD,store_1e288703a2728113
B08Q2RJ3JP,store_af0c1b6878d7bc58
B08Q2TGWNZ,store_f11a7a7d7e17b9d6
B08Q2WZMXX,store_04e608383cb701b1
B08Q2YLP63,store_f2801e2c1b8a6b59
B08Q33XVN5,store_4a33e39bd2af2e7a
B08Q363R7M,store_044024e0ab1707bf
B08Q39G4MT,store_68f7872829b05a00
B08Q3B7YSX,store_1025341a19d15486
B08Q3BBH6G,store_f90c329ee4dc9f22
B08Q3F3L7S,store_52e3c2ab163122fc
B08Q3HY49Y,store_055977e91bb95c61
B08Q3ZWQSY,store_abfd2a9f68b4808f
B08Q6T7PNK,store_0383ea018bc338da
B08Q7NBBSC,store_580c9d5ceb582b10
B08Q7PYHWC,store_b89884500a1cead9
B08Q7QWYJH,store_be3c493ead7e1a08
B08Q7RZZ94,store_43fa7213c162f825
B08Q7SSH3T,store_24dc4e8f73925325
B08Q7T1N8G,store_c45ce3efbacd8148
B08Q834SM4,store_288e2665f969f431
B08Q86CPGQ,store_774da3e8573e4072
B08QCHXJCZ,store_0a0ce409df523b46
B08QCWK4RB,store_e893c5ae518174d5
B08QCZVPQ6,store_28e85397be94c552
B08QD2RNJT,store_3771b1e9e6280d1c
B08QD4DT72,store_792b993d333ed18b
B08QD6BVBR,store_5ca961564aa29566
B08QDZSMFL,store_fb2c902d42edf80f
B08QF1SZL5,store_fb2c902d42edf80f
B08QHGB9Z2,store_04394cc5c62b3e74
B08QHYYW82,store_d6aeb05b60fe6f46
B08QJ2X6F4,store_da421843dc656e23
B08QJ9GZV2,store_c222db91c9e2c743
B08QM6LTX1,store_8ad31e2d8d70a689
B08QM98BH2,store_1b65969cbf6efb8b
B08QMGQ6MG,store_2020a8bd63d00f25
B08QMGXNQM,store_055977e91bb95c61
B08QMMY4VF,store_2f671afe213c9ef3
B08QMWPNFD,store_910d0a3a4782c0a8
B08QN49C8N,store_9b11140652f22837
B08QN66S5Q,store_22c039e8bc7856a8
B08QN7X4GQ,store_46db60468333c011
B08QQZPP67,store_36c1c2682990d94c
B08QR3RR7G,store_ad03d72e0b632b15
B08QR3S6JQ,store_b6a7828d287416af
B08QR5NXZ7,store_14ca1fcd236aa43a
B08QR5Q45Z,store_97d37cab236a27e4
B08QR8CJ14,store_9eb649a2a216a0eb
B08QRCK8ZF,store_b6a7828d287416af
B08QRFDWG5,store_aa5cfaa63cd52727
B08QRG7LYJ,store_ad03d72e0b632b15
B08QRL7ZFP,store_733b78db8ae01291
B08QRMFKFY,store_ad03d72e0b632b15
B08QRPGCLT,store_6a037b3cd31a2536
B08QRQ7WPD,store_8473b812b3a399a8
B08QS4D976,store_5ca1c2b2a9af1d92
B08QSCRL3S,store_bb3460d482ab5c87
B08QTT5RKJ,store_db5b26af964d7d1c
B08QTW3RWM,store_0d73694e519057b7
B08QTY2SB7,store_5d231e0f55845d64
B08QV1Q7M3,store_5562c0d191b129dd
B08QV1YTY2,store_f83f5181c90ae048
B08QV28D81,store_3248c7e13efc073a
B08QV39MG5,store_01ef980d16e24879
B08QV3YML1,store_55244a4d773f3592
B08QVJ4NVD,store_3af9dc0b1c5ac350
B08QVL18BC,store_1b1da210ed8f82b1
B08QVLR6Z4,store_81d03fb92695ae52
B08QVQKQNM,store_e26f180c5ffe9bb4
B08QWK8TDF,store_0db3aee131892622
B08QYV6R92,store_ba6c5fac0cc1e5ca
B08QYXZ1X1,store_a70a670e1724941f
B08QYY3BB4,store_5b06bae14d6537b9
B08QZ25KRK,store_94fb9d2210ff8758
B08QZ2VPZR,store_25653a4fc02ff3f1
B08QZ5HPN6,store_b1b419e085a90f9b
B08QZ5YSRV,store_94fb9d2210ff8758
B08QZ7HSKB,store_72332ee9cecd4655
B08QZFW639,store_fc4d945befdd1c0d
B08QZGK7C2,store_a1e0ec73583cdc30
B08QZN1ZQF,store_1b9f6e66c30c5b28
B08QZXPK8R,store_3895da7ca48cef0b
B08R197MCZ,store_ffbb52747e3aa106
B08R19C7X3,store_c49a09c2c62d43bc
B08R1BKYCF,store_ffbb52747e3aa106
B08R1MS9Y8,store_0b42ec4479f5608d
B08R2FS146,store_ee6d8497484dfd14
B08R37DS96,store_01d9cee466c40267
B08R37JV6Y,store_64c92173a4bbfa73
B08R3CGT6J,store_9e169642fdd7c02e
B08R3GSHMW,store_9c8d90b27daa9e72
B08R3J23M7,store_4410efce0171fef1
B08R3KHG94,store_61245c8ad0f6e134
B08R3L1FSZ,store_1268076991ddd29b
B08R3LSWYZ,store_7858b9d14f7454da
B08R3SL7HF,store_0b296412269b9790
B08R3XP7D8,store_df16f800ac670969
B08R3ZHGL6,store_b36a228b94497e68
B08R582TRR,store_130d95185730fa96
B08R5DJGZQ,store_ff356b656dd80cd6
B08R5FM17G,store_9e169642fdd7c02e
B08R5GTGVN,store_dc409dce4bb43ed4
B08R5LQ18G,store_aca30fd951024556
B08R5N7HJ3,store_3a90ec166204c235
B08R5NZ5TS,store_db5b26af964d7d1c
B08R5TQZCZ,store_017429490e683068
B08R5Z9JXX,store_cc829c7dd771b9e5
B08R6514YG,store_055977e91bb95c61
B08R66ZN2Z,store_8b077a2453fd4788
B08R69KX2T,store_e2345109fc5ee6fc
B08R6R1LNP,store_24de2af5832c99de
B08R6TV3S7,store_91eb5a707604443d
B08R6TZ6PN,store_9627d89ac60c1059
B08R6WZ3YS,store_b15aa3e43d0f4b22
B08R78T1NG,store_3da20ce4e7bbd12e
B08R7CV9NV,store_ee605badd11ec39b
B08R84PH5R,store_f90c329ee4dc9f22
B08R87GSCL,store_25c55b7923a8ce53
B08R87V48F,store_c1442e799cc09ab2
B08R89BG4G,store_6441b2a6e239ea5d
B08R89VPHJ,store_3f38a2085f5441f9
B08R8HX3VQ,store_0b296412269b9790
B08R8JSNL8,store_81c7c94785f78199
B08R8PMFCT,store_eefdcdfbbdd67872
B08R8RKVWG,store_bab2a28d3bcebafc
B08R8STGXN,store_b6a7828d287416af
B08R8X6SHL,store_003895b849f6d625
B08R9543VM,store_4e29c1af880a04b5
B08R9CDPPN,store_4cac5dce1709120b
B08R9GXHFV,store_79025e4f14ed954d
B08R9J8S7L,store_a1bcab553e013c23
B08R9RQPG7,store_cc7dfb5afd1dd8d4
B08R9TQVVZ,store_47f76c7106538bd4
B08RB3JLPY,store_3697fe06f668318f
B08RB41J6T,store_d7df777ea7281837
B08RBDB6ZT,store_b31b6807d99d7a50
B08RBT76ZP,store_d67bdaefb1c19c9a
B08RBTCJC4,store_1d556cbb186d6be2
B08RCDCX1Z,store_04d891bebf6e27df
B08RCDDVGY,store_84582742a213b724
B08RCHRV4X,store_84582742a213b724
B08RCK4BKK,store_5cc829067d276fae
B08RCL1XZH,store_84582742a213b724
B08RD4SL4C,store_4b62aa9e2846d976
B08RD5HNTF,store_ad03d72e0b632b15
B08RD81HXF,store_fb7e9f49c9ad3323
B08RDDH6XL,store_aa3d1a7d23f054eb
B08RDF7XZT,store_683439f989e92a14
B08RDH4SYX,store_d05cbf8f2ffebe0c
B08RDLPD7X,store_1192dfdb037cca45
B08RDNDJW5,store_46a808cfd5beafa5
B08RDP2VD9,store_af819ce741316ccc
B08RDS5G49,store_fe6c701459c503aa
B08RDS67KF,store_cc9e431346494be7
B08RDSK37B,store_cc9e431346494be7
B08RDWX5LJ,store_5699e2bf2be6cd27
B08RHDD9J2,store_555e0d82ecb4e707
B08RHF76L5,store_b6a7828d287416af
B08RHSKM2V,store_111290e47f59a9e1
B08RHWSPVK,store_608f618bade778d8
B08RHYN2PS,store_bbfde7273799f57f
B08RJ53LN1,store_52739b996b9a7dd4
B08RJ6G48S,store_598093f4a57058a9
B08RJF1SCN,store_dc409dce4bb43ed4
B08RJFJ1ST,store_5cd04f2f86e545f7
B08RJJ44WP,store_2eb1f74718222b9c
B08RJSF13W,store_ecd26d86412edfab
B08RJX9TJQ,store_fe6c701459c503aa
B08RMN95FZ,store_a1a9dc7eb04b6adf
B08RMRQ7YC,store_fe86fb49bc6d48f2
B08RMVPC6H,store_8c18ec1f89a15e36
B08RMYKSP6,store_aafed9e22995a9fd
B08RN6WDVG,store_78abed539e94df13
B08RN6XNDJ,store_24309ef5a4403a9e
B08RNF813G,store_1d49be227a7de218
B08RNGM8MV,store_f16f3a00ff3a8934
B08RNHDJX1,store_cc9e431346494be7
B08RNNLCDH,store_1c309dd08299eb55
B08RNQNFW1,store_2081d0a4e8e2f0ea
B08RNSZD3N,store_26df75c0d539791c
B08RPF7RWL,store_5817d496c8a7dcaf
B08RRVV2NB,store_b74ad10c7735b13d
B08RRX478D,store_20f9cd31ce88a45d
B08RRY2LTM,store_b74ad10c7735b13d
B08RSJ4B3G,store_96e4d5795026b8f5
B08RSJDSSB,store_92d73d15f3bd501f
B08RWW79Z3,store_3ce1f460ae3de94d
B08RXV9MTD,store_51c674c2efd00be4
B08RY4MQF8,store_c4b20b445a3d4ba7
B08RY6ZN3V,store_c127cfe3659a25e8
B08RYGVFC5,store_cfb14a49e79c503f
B08RYHRB7S,store_f1f1068d7b4ed109
B08RYPZM9X,store_304d8fc77e6bd675
B08RYRZB43,store_f04bd30ffa3fd2fb
B08RZ17WG8,store_fd29a9d921caccbd
B08RZ1D65B,store_fd29a9d921caccbd
B08RZ5YWNF,store_d4a2f00904c9da6a
B08S2RW6D1,store_27c51b8d289a86b6
B08S2X6W4D,store_59851e905b720855
B08S2YRTFM,store_efa0ee3d1ff258f1
B08S319GF7,store_3da20ce4e7bbd12e
B08S38Q9YV,store_b89884500a1cead9
B08S3CSQXQ,store_9e169642fdd7c02e
B08S3DFHW6,store_60768206f89968dd
B08S3FW1GD,store_a3b2ffa52d7c8855
B08S3G2KM9,store_d793712da5448361
B08S3Q8HKH,store_83bf36bfde1e0a0d
B08S3V9DF5,store_552b3bceb610fe78
B08S3X5WLJ,store_9822de6f849f5893
B08S3ZFZ8Z,store_b89884500a1cead9
B08S42DVFC,store_1a42f44f013b082c
B08S45QTXT,store_fdb8c568b1979630
B08S6Q5QM1,store_75831c84451e380b
B08S6V35SF,store_df16f800ac670969
B08S6YZL6X,store_760ad005ec358f39
B08S73LFVF,store_761fe0c92927cdba
B08S76N23Q,store_08cab9f194698504
B08S77TBV3,store_c8765e99e9a6c0d1
B08S7BFHH6,store_d02aeb0c8aedd261
B08S7GH6DY,store_4dcd5fee4a470591
B08S7HBBV7,store_313626c8dd051d22
B08SB7J4D5,store_b3140e7d9a0a4b4b
B08SBJFL6Q,store_e68a2f68c91f0d72
B08SBKL8ST,store_e31a08e4f8c76d93
B08SBR3ZFL,store_b1cf4a8b62ebbdae
B08SC2B14Z,store_9bcd484cef03200c
B08SC5RKX8,store_88a9d6b2d081415a
B08SC7H9VY,store_2e40b3310df1d63e
B08SC9NTBR,store_0cbadd826fa40137
B08SCBJQYM,store_231ac6db15187fef
B08SCJ2B6P,store_5024ebf9db92cf73
B08SG2LRTK,store_07815387c6496059
B08SG2MBRY,store_5a42fc4be5952158
B08SG8DTGR,store_9fb5fddc17c29b58
B08SGB9MF8,store_478f5cbde98e93b3
B08SGNVBBY,store_65777a3f8ea06db5
B08SGXFM81,store_855484c7c7e7b0e5
B08SHLM5C1,store_9f1d4deb47e8bdd1
B08SHQFTB3,store_07815387c6496059
B08SHXX358,store_1874ae44c20fe143
B08SHYYY1N,store_36f0efb77d5be14f
B08SJ5D32H,store_3b0ee849f1377d3b
B08SJF5GTC,store_c4d700479c503556
B08SJFWN9W,store_70638f0a3ae11134
B08SJH5TWB,store_ed1a5c11d5c24b8e
B08SJXYRTM,store_54ac44aa8d042534
B08SJY9R25,store_4e1580c12a0f8af5
B08SK2GTDL,store_d30fed0e663a2f21
B08SK31GWL,store_cc829c7dd771b9e5
B08SKX1HY3,store_fa03049d17089e09
B08SL8NPHR,store_d65a9639ce425bdc
B08SL8YPTQ,store_d65a9639ce425bdc
B08SLB6JBX,store_d793712da5448361
B08SLFY8RZ,store_42b55647f2b98f8a
B08SLFYG6K,store_2aa463ef2be29165
B08SLL9MVV,store_ef44188d218ef25a
B08SLM87WF,store_b36f7237ed401950
B08SLQ6TND,store_41a3b79e114f7e58
B08SLVT3TF,store_24309ef5a4403a9e
B08SLXFLPS,store_592841210225b8f6
B08SLZD81B,store_04d891bebf6e27df
B08SM17PKH,store_9e6c8adb2e405172
B08SM32MN7,store_e4a045cafe082673
B08SMCGNFG,store_6b6a0969e94dd230
B08SMGK496,store_73f7054413425c07
B08SMHBPJS,store_73f7054413425c07
B08SMNN8ZH,store_32ffb5a01bbf64fe
B08SNWF58P,store_c8765e99e9a6c0d1
B08SNYVD81,store_13287afc22c50f44
B08SPSKY8G,store_eeb7d6f614c9aca0
B08SPX8551,store_6cae1390cbf25dda
B08SPXF6XD,store_c942c0e97f30ba34
B08SQ31H8P,store_5b4427bcf23c4a53
B08SQ6VQ84,store_2e68c2ee1a07065d
B08SQ9ZRKL,store_8c18ec1f89a15e36
B08SQC3SJ2,store_dc409dce4bb43ed4
B08SQDW3DJ,store_527109c234d9bd27
B08SQGVL2G,store_83bf36bfde1e0a0d
B08SQGXBR6,store_696be13e0cb7e3bf
B08SQHKYMW,store_b6a7828d287416af
B08SQKBBP8,store_06264e5c21fb8da1
B08SQKL3YN,store_ee17f560a1f77440
B08SQLK73W,store_f4294078f6bf4d5d
B08SQMV3M8,store_df1abe32b70fc38e
B08SQP2HFG,store_397c143c4cdee0ae
B08SQPZSRS,store_8c5bf138a4452d5f
B08SQS8SKZ,store_b880eb02baa5d7eb
B08SQTJG6R,store_84ea0a6ff7face9c
B08SQV8X5S,store_b6e18728ea436f19
B08SQYCTPP,store_d01113f0b49091b0
B08SR2MPT1,store_7791fecf2f0f530a
B08SR8C9BX,store_1445bd7b2ce6a849
B08SSXQSVX,store_e23b7231e7b68d57
B08SVV2STX,store_9cc912c6400b8a6f
B08SVX6JQF,store_1c309dd08299eb55
B08SVY7FWZ,store_7982aaf3471e0136
B08SVZMCNT,store_b20484317c0cc787
B08SW2ZZ9J,store_b9d30cdad0d1964b
B08SW5PCSM,store_4e1580c12a0f8af5
B08SWBHZVM,store_7982aaf3471e0136
B08SWCKGNP,store_53d90041e5cdf950
B08SWD7FWB,store_32426f667f9fe22d
B08SWGSSNX,store_5ac7f3a982d3679b
B08SWJ31BR,store_fa08cd2276f604f3
B08SZ7DRHY,store_d793712da5448361
B08T17MCXX,store_da9205182c712544
B08T19W9YZ,store_c1750521024e7d7b
B08T1B233W,store_a3b2ffa52d7c8855
B08T1F96CQ,store_3f53f17ff4ec5e29
B08T1J95HY,store_32a6ca934c724063
B08T1JD9MR,store_2940acbb32930d68
B08T1P98HD,store_6695e37d0b8db1d1
B08T1VKHRY,store_1d49be227a7de218
B08T1XVWTX,store_359cfdeeeabaf0b4
B08T1YJZSK,store_3ee80706e3d5562a
B08T22YYH2,store_be688bc1c650a221
B08T5M3BQ7,store_7ffeb8131374e589
B08T5PXGNG,store_5ac1fe2302f11542
B08T5SMFMN,store_6cb12f01ff99a899
B08T5WRNCC,store_4e1580c12a0f8af5
B08T5YWBV8,store_15ead165ece3df55
B08T5ZS7G3,store_65928f2c8dbe4e37
B08T65GQH4,store_97e066fc037f6201
B08T67M2DX,store_d65830bac75bd6c8
B08T68V6JJ,store_1e288703a2728113
B08T6928Y4,store_563b4b3bafd9db69
B08T69V2LH,store_304479123cc58bd6
B08T6L8FSP,store_3865873f586dd043
B08T6LL33F,store_9989c8f2477258fd
B08T6WH3ZM,store_a3b2ffa52d7c8855
B08T6WP5P6,store_5ac1fe2302f11542
B08T7GQCBY,store_bb605a71d729c1f1
B08T7J4Z84,store_d7e479d25ed86c50
B08T838VR5,store_5e5eca71eb2bc5b0
B08T8D68R7,store_26e68af59abe780a
B08T8JT2KZ,store_c1cc8c5825d901ba
B08T8QQKX7,store_955dbd31308c6a36
B08T8SKWQZ,store_955dbd31308c6a36
B08T8TNCDB,store_9c21c5787d3651b1
B08T8V45JP,store_426e784079c78d7a
B08T9SNJMW,store_1b6d421d7102ab1e
B08TBFFHFM,store_9a2f6651fda22d95
B08TBFJSZB,store_de8cefb39fb77f88
B08TBFRT1H,store_9a2f6651fda22d95
B08TBHQ4DK,store_c2c414e297e866af
B08TBJ8F1N,store_9e169642fdd7c02e
B08TBKQWLZ,store_dac38da5f8a883c5
B08TBMYCXK,store_4e1580c12a0f8af5
B08TBNFX1X,store_6f324ebad91f7256
B08TBQXWSZ,store_6f324ebad91f7256
B08TBSF17H,store_fb8e9c0f9d915c7a
B08TBVTM73,store_fb8e9c0f9d915c7a
B08TBW7QBX,store_adb1d63b6023e8c2
B08TC27376,store_5de6e685a7fd6df4
B08TC9KXYC,store_b6a7828d287416af
B08TC9ZPW2,store_af1f2ffc9715697c
B08TCBCZ4Y,store_b6a7828d287416af
B08TGCK4T1,store_386f24c001e5959d
B08TGPBVD1,store_e5ba51c2cc0b7a30
B08TGRRHPB,store_1968e36b5b9ba129
B08TGSLYXF,store_9627d89ac60c1059
B08TGZHTP4,store_c222db91c9e2c743
B08TH62D44,store_2937d511e9cd0a0e
B08THK35BV,store_d33c14bf420dbd98
B08TJ4JDVB,store_25d41aca9e8b9efd
B08TKXJW67,store_7254a5e74e1a66e1
B08TLK35Y1,store_477a457e8836d158
B08TLXSZCH,store_e0cbc48ab91f7f12
B08TM1R8B5,store_d054ee9dc086aea0
B08TM348RX,store_72077749f794f21a
B08TM6VSFZ,store_c8969601b8ba191b
B08TMCBXR5,store_304d8fc77e6bd675
B08TMGWDKY,store_cc9e431346494be7
B08TMKLQMS,store_0a9bc4ef1b3ece52
B08TMMPC49,store_2b37e492d8fe6cf4
B08TPSXYFX,store_07815387c6496059
B08TQ69LBN,store_34e8f3b0fbf33bba
B08TQBGR9N,store_f0baaf131e815bec
B08TQGNMZV,store_0f340496a716ed8f
B08TQHDQN5,store_7419d14a1bfe7de0
B08TQQJ4F2,store_580c9d5ceb582b10
B08TQQL7M2,store_7acf15fe3b362932
B08TQVBNWD,store_8321857e7c00b1ee
B08TR7CXQ7,store_a0f9839f2497e4b5
B08TRFG2M4,store_7ffeb8131374e589
B08TRPL3FP,store_30543842f17f01a3
B08TRS8RBS,store_1a80006a12fe4b52
B08TTG13XZ,store_2ccced1a1bcbc09c
B08TTP42Q1,store_f16882866a823036
B08TV67NGC,store_df0a11167ed775af
B08TVG4KW7,store_7d72878c2a31d450
B08TW9NG6V,store_8c18ec1f89a15e36
B08TWJPV2D,store_28594b66b80a1308
B08TWN9T9M,store_add21beeb16d1fe2
B08TWRLB5M,store_abd7cdbca71fbb3d
B08TWST33L,store_3ff5418671159a36
B08TWWKJ37,store_2ab567eb39619a5f
B08TWX7763,store_fcdd578ec19a533d
B08TY8G5SM,store_d44586ba4e244f9a
B08TZXNNLZ,store_1ad8351159d3ac39
B08TZYZ9H7,store_8332f28be0e82393
B08TZZQZJP,store_b0d9169973d8d5dd
B08V11L8TF,store_dd539f3b220da6f4
B08V1257KB,store_cfd0b997d966de14
B08V131NBS,store_8a2f9d553a9c9931
B08V16DGX3,store_4e1580c12a0f8af5
B08V16NT9W,store_8332f28be0e82393
B08V16R94D,store_6cb0cb19bdfe26b7
B08V17J67W,store_a0fd83afc0245c05
B08V1B1VKQ,store_1211168be9a096e0
B08V1B3NBP,store_e0f75e930bbb78c6
B08V1BGQ8C,store_cfd0b997d966de14
B08V1JJ82J,store_1539155dde9bb0c0
B08V1L67V3,store_b78343a2a4444ca1
B08V1ZW8JX,store_8d93a6c1b1b0511d
B08V213KPX,store_8d93a6c1b1b0511d
B08V4DW48W,store_580c9d5ceb582b10
B08V4L6HGJ,store_0991a89c7e63535e
B08V4PYYYB,store_580c9d5ceb582b10
B08V4Q1Z62,store_fd29a9d921caccbd
B08V4RY7RJ,store_dce9688ccac2b4b7
B08V4SM18C,store_c068002bde448270
B08V4SPCLQ,store_0fc7c4c253d05b0c
B08V4VZR28,store_6cb0cb19bdfe26b7
B08V55CC7T,store_6806ef6adb56a5c2
B08V58Z474,store_50bd606c4d6fd4c3
B08V59BGT7,store_213409aec715cbae
B08V5B1KWV,store_0baaaf470e9c43d6
B08V5CZQGL,store_fc01606b25288a69
B08V5DYF6R,store_b0c1d0cda0431c5a
B08V5RXK9D,store_c222db91c9e2c743
B08V8DVZZJ,store_2594925f69482af1
B08V8GH9J3,store_e9b7ffe65624e4b7
B08V8GX3Z8,store_29b91d3fd63728fc
B08V8JDTLM,store_7fb1b2d9b70e2d57
B08V8SNGFH,store_c321294265ec85dc
B08V8SPQKZ,store_8dc8c202927506c3
B08V91GWFB,store_0a0ce409df523b46
B08VC284G9,store_173ba7893e09f998
B08VD29BGV,store_96a38b9d141e4d87
B08VDBM45Y,store_f63d70e5c73c732f
B08VDJRRDZ,store_2b5968f3676e52fe
B08VDJZV7S,store_59851e905b720855
B08VDM9N9T,store_0f495bdebdb21010
B08VDMRP4X,store_fc45eeeb5f3c0f53
B08VDS79DD,store_209e696d904d20cd
B08VDTW6V6,store_4a172a5b3d2eba59
B08VF14B75,store_4a172a5b3d2eba59
B08VF373NX,store_493b26e86c921889
B08VFLFMFB,store_d0b05057fae5c128
B08VG22M7G,store_7ef1c405e5ceb42f
B08VGRLZLS,store_c1cc8c5825d901ba
B08VGYCWQ7,store_f9c79f32e728c7b7
B08VHGTHYH,store_0b296412269b9790
B08VHSHDD2,store_8b6a853a7f5c980a
B08VHTCCB5,store_55714c5841e898bb
B08VHTZKTY,store_6778aec634b04682
B08VHY2P3W,store_47230fba0e366782
B08VHYLZ1J,store_a410159fc7c9f2e9
B08VHZ1BZ2,store_660b207415c7fef7
B08VJ2HCM8,store_0649b90764b18996
B08VJ2T61V,store_0acd529d565d5bb0
B08VJ5H1RB,store_5e0f5b6bbd078768
B08VJ751BV,store_9e6c1ebe2945f956
B08VJDP6JK,store_0ac41b6ca97e9b77
B08VJGZLDZ,store_26e68af59abe780a
B08VJH97GB,store_24b6b9fe6ce061b3
B08VJHPXTY,store_24b6b9fe6ce061b3
B08VJLYD5K,store_77d2ba9f171841a7
B08VKYPGWF,store_2ec79626c5b6be44
B08VMTL6X7,store_49793e038f03cc43
B08VN62DHZ,store_022abe04a5f74a26
B08VN9TXQ4,store_ef827f98a1942afc
B08VNBVXDY,store_4bc8d57fd10151bf
B08VNCJ747,store_5f7a0d8bcea15cf6
B08VNDVNZS,store_24ac90f3ef7ab9d8
B08VNGFYHD,store_0c4082ed4a2ab771
B08VNHQY71,store_ca6f6f67611cef65
B08VNKMVKF,store_19afb01a393c946c
B08VNQFY83,store_986dcb5c31106ff4
B08VNQND9L,store_d300b7d947deb41a
B08VNTNHGB,store_19afb01a393c946c
B08VNTR4SZ,store_24b6b9fe6ce061b3
B08VRDD9QV,store_65116cec482bab1e
B08VRNFR8W,store_2ce4f57b5786270d
B08VS2YLTM,store_a53415e49127247a
B08VS62BKK,store_c222db91c9e2c743
B08VS87CDR,store_ae1b8ed3284acc00
B08VS89P2H,store_9cc912c6400b8a6f
B08VSJQWMC,store_7ffeb8131374e589
B08VVYQW5M,store_3b0ee849f1377d3b
B08VW912VF,store_b20484317c0cc787
B08VWBFFR3,store_d64c75746f381208
B08VWJGNPR,store_6778aec634b04682
B08VWRX1MJ,store_9cc912c6400b8a6f
B08VWTXZJC,store_86477c319a038564
B08VWV7ZL6,store_31a19b55fc2c916a
B08VWXKQKL,store_055977e91bb95c61
B08VX2D7SK,store_400ebbc9fce2b336
B08VZMDB2F,store_c36753cd850d7015
B08W1X343Z,store_4e1580c12a0f8af5
B08W1YZ2NK,store_4c75f3e1eecf26bc
B08W22N185,store_e4d2bd7afab1d297
B08W256VYJ,store_d793712da5448361
B08W282S12,store_5bf65d08f96a9a87
B08W2ZFZBT,store_fac19e17ff271b86
B08W38J9FB,store_19359d08fa49a9a1
B08W3PW2HF,store_31a6d80444b93ff0
B08W3R1LFJ,store_218a4d071b8dddf9
B08W3V6H22,store_1249734e0552b62b
B08W3WLN3M,store_a3b2ffa52d7c8855
B08W3WQPV2,store_76424bf9fbe3461f
B08W4PD1NB,store_564e6f1947637e98
B08W8QM3LG,store_ba7e346edde74aa3
B08W8RBL8G,store_ee4aad42aeb6feb3
B08W8Y5TZ9,store_b4ecfc8fa820e0aa
B08WCG4JCC,store_85dd344344db4c4c
B08WF29DM9,store_26d41d54ffd5b51f
B08WHBSK6R,store_1133402227eaa232
B08WHQ8SB5,store_c6252b4121d43ed6
B08WHYM4K8,store_46a808cfd5beafa5
B08WJPY2SP,store_15676302c12369a4
B08WKQ2KZ3,store_555e0d82ecb4e707
B08WL67Y7W,store_68f99e4999e5d6e0
B08WN6D77J,store_ef0ee8c19faa217f
B08WPS3QBL,store_366ed6f55823e410
B08WPXGXWH,store_6e391f044e00055f
B08WTSSJDL,store_e4b9b0e0412b50c2
B08WTXVSJT,store_d793712da5448361
B08WWMC8D3,store_2f6c802bc649f3f3
B08WWPJLPL,store_7cb009a2eba792eb
B08WX14LDW,store_19afb01a393c946c
B08WX159BW,store_22d73afaa3caf04f
B08WX6R12X,store_c0760bd3af68fcda
B08WY9Q5B3,store_130eab97bff29788
B08WYLMXX3,store_86477c319a038564
B08WYWN38S,store_b743aedc513fae04
B08WZ53VT6,store_b743aedc513fae04
B08WZ9C2K5,store_b743aedc513fae04
B08WZDLHHJ,store_6695e37d0b8db1d1
B08X1DW195,store_07815387c6496059
B08X1G635W,store_07815387c6496059
B08X1GCK5G,store_19afb01a393c946c
B08X1MCPRN,store_28e85397be94c552
B08X1MTB11,store_2ce4f57b5786270d
B08X1NY8T3,store_d5cbf89e5f799af5
B08X21JLT6,store_313626c8dd051d22
B08X27QXKV,store_4898ea05fc5700f4
B08X2H53H5,store_53d90041e5cdf950
B08X2KDBJT,store_53d90041e5cdf950
B08X2MYLLY,store_53d90041e5cdf950
B08X2RMBCZ,store_b6a7828d287416af
B08X2YTD32,store_8a0080e4763b6e45
B08X34FXFL,store_4ea6fdc961208b93
B08X3FRLVZ,store_805860a3c3bca14b
B08X3QHDYP,store_69a970abe93eee8f
B08X423NJ9,store_55244a4d773f3592
B08X42QVGR,store_3895da7ca48cef0b
B08X46Z2PC,store_42dc68da01bf3709
B08X6JVGGG,store_96294c7312649bb7
B08X6TGWJG,store_c81ccf6ce94a3c4e
B08X721P37,store_c8765e99e9a6c0d1
B08X73XGWF,store_2aa541ffbf852484
B08X73XL2T,store_1abf8a715ed0726c
B08X75R4JL,store_d2033cb4e5c166f7
B08X7G9K5T,store_b1580d97bbce182c
B08X7JHQG5,store_1563b47aaad9c3d2
B08X7JT8HG,store_e69867ca7d5a7b0a
B08X8SN5SV,store_a96f87fd87b4ee38
B08X9YTMYS,store_c4b6ab4698753997
B08XB1PSV5,store_fcdd578ec19a533d
B08XB3QWB1,store_a1a236a477f29af3
B08XB5Q7QR,store_2015eebb9a46fa36
B08XB99KTD,store_c222db91c9e2c743
B08XBBZPN6,store_28f836cd8ab73bf5
B08XBR7Y6W,store_a19da4e76f67f1d6
B08XC6MCC4,store_f05e1b38abeba0f4
B08XH8P2F5,store_ee17f560a1f77440
B08XHTWLR6,store_de5307d1d1ba3f9b
B08XJ448F1,store_af0c1b6878d7bc58
B08XJ48PRL,store_32a6ca934c724063
B08XJKW7M5,store_fa3d5d24a16121cf
B08XJSHGXN,store_1fc7eadef9e5b1e1
B08XJV4TWM,store_59851e905b720855
B08XK3ST2Y,store_4fa447d9641a00f2
B08XK4GJ9T,store_10874d08e5e7bc08
B08XK59CXM,store_e6cf572a301ba753
B08XK663BW,store_59851e905b720855
B08XKD8B62,store_970562ba886d2165
B08XLR84VC,store_59851e905b720855
B08XMB8SGF,store_6996c45af4c33424
B08XMBHL8C,store_29cd6595226e3c63
B08XMHSM5B,store_2a8f2f88b170a1e3
B08XMNGZH9,store_6996c45af4c33424
B08XMYMFKG,store_322b6da3e6c3a71c
B08XMZXZHZ,store_490ea3e78b0721b3
B08XN28VQY,store_5174e3282ac099af
B08XNGMT2B,store_fda4463f2fb35dc6
B08XNGR2XF,store_2d713e85eb83b8f9
B08XP5GZY3,store_aee3628b6da147c8
B08XPND3MQ,store_0ac360268becf4e8
B08XQ3MNM4,store_55244a4d773f3592
B08XQ6SKWW,store_5e5eca71eb2bc5b0
B08XQ71GSN,store_7eabc78622dc934f
B08XQ76HYH,store_55714c5841e898bb
B08XQJLS9Y,store_2bb17572b69de77c
B08XQNVBHQ,store_1d556cbb186d6be2
B08XQWTDYS,store_9a910f6a3a237d0d
B08XT7C7F5,store_3db15d4a53e93ed9
B08XTK4GN6,store_4ed0b4bd164d55cb
B08XTP92WG,store_6cb0cb19bdfe26b7
B08XV31MQB,store_f661b0d4eb2955ff
B08XW1H6YQ,store_b15aa3e43d0f4b22
B08XW4K7GZ,store_8c166ad8cb37eb20
B08XW9MH3S,store_28594b66b80a1308
B08XWB6HDH,store_e4d287a47028b242
B08XWH5PV7,store_f29d0cfd99b0aee4
B08XWHQLG5,store_f025a1f5d097224d
B08XWS5MRQ,store_3b0ee849f1377d3b
B08XWSQHVB,store_6e96270a7db91274
B08XX7LJ86,store_c3a80b3bbac465d6
B08XX7X1TJ,store_5cdfb9552a48882e
B08XX9QHQK,store_22b4b91aded6a417
B08XXBVLWS,store_22b4b91aded6a417
B08XXQFF1Y,store_c0343eaa7ad7f9f8
B08XXTJFPK,store_6c87eb43ae3727fe
B08XYC3PKF,store_25d03fb887e58336
B08XYJ7PVM,store_0eb9193f88011a25
B08XYJBCG3,store_e61c00e47e6b0bee
B08XYK8CBV,store_333f4ea44dbac1bc
B08XYN2KGN,store_7d6473296b9f4d53
B08XYQR2X7,store_6e83b6fb9025f82d
B08XYSRJ3Q,store_3b2197590fd8e2ec
B08XZ7P35Y,store_029568b90e7a7178
B08XZ97HFY,store_c8e2ca34727864da
B08XZHNHZ6,store_fe6c701459c503aa
B08XZQVK57,store_555e0d82ecb4e707
B08Y1117CT,store_0245bd381c9e334f
B08Y13HMLC,store_c99a16fd9f61c14f
B08Y17JTQ8,store_64c92173a4bbfa73
B08Y19T44C,store_9966d147739873f0
B08Y1DT67J,store_4bc8d57fd10151bf
B08Y2Y3B9S,store_b6a7828d287416af
B08Y544GSL,store_58df2f35c39719ef
B08Y55TNF2,store_fe6c701459c503aa
B08Y5J14HY,store_7a959912784baec4
B08Y5NT665,store_4bc8d57fd10151bf
B08Y5XDCPF,store_01986d6f2c98ccdb
B08Y66XSRG,store_0f281e9e722525bb
B08Y6B91TF,store_cc829c7dd771b9e5
B08Y6CZV7J,store_df16f800ac670969
B08Y6D5VSY,store_6565c7ee0f420680
B08Y6DQ1JW,store_411d2f858a6a6852
B08Y6LLP16,store_0532db2192fabce6
B08Y74P56D,store_1d8e87dfdfb1dc62
B08Y7NWR1J,store_3807776e9680e3df
B08Y7RKP5Z,store_434b85f27a375237
B08Y87WY7F,store_df16f800ac670969
B08Y88WNZ2,store_1beb474e21bf332b
B08Y89FRDT,store_459f22640ad1d3af
B08Y8JLJJ9,store_4e1580c12a0f8af5
B08Y8JXKBG,store_59851e905b720855
B08Y8PK2DW,store_f5ac27d86f78ef1a
B08YD7R3GT,store_94385dd5648da437
B08YD857XG,store_2d30d158ced09dee
B08YD9ZT2W,store_59851e905b720855
B08YDDL568,store_bc66381a14233672
B08YDJHHVT,store_15a0730a27c69f62
B08YDK7JHM,store_b47499ed07d6bce8
B08YDNJTGF,store_8ef81caa802edc00
B08YDPQ24D,store_5071d2d05d997231
B08YDRM6WC,store_15a0730a27c69f62
B08YDT6XJW,store_ef3f432aa3c29b15
B08YDVSCPV,store_36146bffd2f6b271
B08YDYT3B5,store_1c16bae54157aba0
B08YF3P61V,store_598093f4a57058a9
B08YJ65SQX,store_6d90344956ee4c1a
B08YJ6H14H,store_23e704a31876e12c
B08YJ741H4,store_639481e53a3f41f3
B08YJKBV45,store_f7d246071bb3fcf4
B08YJKN527,store_fd60434ec42aaba5
B08YJM9J63,store_79025e4f14ed954d
B08YJTL1GT,store_8a177965bf8aa02f
B08YJY4CR7,store_fd29a9d921caccbd
B08YK3T822,store_d63ab75d36075412
B08YK41WML,store_c2c3ad44cb15da05
B08YK8B89C,store_6b99a3d8639f494b
B08YMYRJ65,store_c034a67ff4fcf7d0
B08YMZ2MSV,store_ee17f560a1f77440
B08YN3YD6L,store_795455dea6165f3d
B08YN4JBM7,store_1265d61da8c795ef
B08YN59SQG,store_d708c0a4a0f31849
B08YNB5SHG,store_7a674a665eb385ce
B08YNHBHRW,store_c068002bde448270
B08YNKB1PL,store_b6a7828d287416af
B08YNLB22C,store_0649b90764b18996
B08YNM5CC4,store_da494ca3a63ac86d
B08YNMN8JH,store_aaab4e7caa372d05
B08YNPN8BY,store_7d67ea483da51c6c
B08YP8S5K5,store_b401d32b31493674
B08YQH6ZX8,store_32abbff3ff5cdb5c
B08YQWN7GY,store_f5abfd4e20f86902
B08YQYRF3B,store_1c9f1cb11b930235
B08YRBM8VD,store_1f8f0dbbbd5d55ae
B08YRDWVVM,store_c01e2df997a75515
B08YRFY2HV,store_ab6c7576ad598a34
B08YRGBKN1,store_5f7a0d8bcea15cf6
B08YRLQYB6,store_e297b66548a99f9a
B08YRQR8SJ,store_a22fcee13d9a95b6
B08YRX1R1S,store_107d7ad30c58bc4f
B08YRYT16H,store_433f0712c49d0c39
B08YS47RX6,store_c3a80b3bbac465d6
B08YTC3KLG,store_5003406df43a6c73
B08YTFXJZW,store_ca6f6f67611cef65
B08YTT3ZKL,store_d06ed28c3b241c66
B08YV22F4T,store_2db8c44b826bef20
B08YV88WYY,store_0c4082ed4a2ab771
B08YVLKCG8,store_333f4ea44dbac1bc
B08YWHZX5Q,store_3eed42eff874037d
B08YWJ5R3C,store_c4ad40f09785f317
B08YWLZ8MW,store_d0241f62d13720c2
B08YWMH5Y1,store_f9cc04c419f49e55
B08YWQ2D9K,store_e7ce5701052f077d
B08YWXGRP8,store_2f5a6e758981437a
B08YWYNN1G,store_bfdc830020fdce5a
B08YXDCYX9,store_a5026f0eb7b70aaf
B08YY4LM37,store_a3a4ddc4fbd32e89
B08YY4M1V4,store_71c39a613657a5d5
B08YY8GL7J,store_064791d16f974d72
B08YYHVCXH,store_2e2877f74356ac30
B08YYJYHC8,store_637d1f5c6e6d1be2
B08YYKC4RW,store_4e1580c12a0f8af5
B08YYKTT3K,store_637d1f5c6e6d1be2
B08YYNHSSK,store_a410159fc7c9f2e9
B08YYPHSN3,store_5f7a0d8bcea15cf6
B08YYQNTQF,store_747b60041a2ee789
B08YYTTQ8S,store_b29c9919cc8f0c98
B08YZ1147W,store_313626c8dd051d22
B08YZ3854D,store_69b22f729aa8b823
B08YZ65HTV,store_f8b417b9aa7c932f
B08Z32BGFV,store_cfd0b997d966de14
B08Z34W825,store_bae2c8c5948261fa
B08Z35TSW3,store_0601c6cc97f1c6a1
B08Z36ZWVP,store_76b6bda8bcd81e24
B08Z39FZNY,store_6778aec634b04682
B08Z3DWDDC,store_acbc301f45bc859c
B08Z3HRL9X,store_29b91d3fd63728fc
B08Z3HVJNQ,store_08c39931270f4eb1
B08Z3NVZFW,store_8b6a853a7f5c980a
B08Z3RV497,store_cfb216a138999aa8
B08Z4F1SK8,store_921842a456ade54d
B08Z7376F1,store_f075d347ef29636b
B08Z7KDFRV,store_9f50449a9f199805
B08Z7NXKPC,store_e469a84b2bd5af20
B08Z7PLNYM,store_0c4082ed4a2ab771
B08Z7RBP9S,store_0c4082ed4a2ab771
B08Z7WMZ7G,store_4c070164eefab5d7
B08Z82J51L,store_76938042ea80a3c4
B08Z874S3M,store_8fb46388c5677f4a
B08ZBCGXSS,store_55149531a633ec4a
B08ZC8M6K6,store_58df2f35c39719ef
B08ZCDYSC2,store_fe86fb49bc6d48f2
B08ZCGKGHR,store_76938042ea80a3c4
B08ZCP8J63,store_b6a7828d287416af
B08ZCPVWDT,store_3cb676212b035059
B08ZCQD15F,store_58df2f35c39719ef
B08ZCRRHBF,store_6ef750b735fcece0
B08ZCWHGCL,store_58df2f35c39719ef
B08ZCZ1VPM,store_0ea466beb8e3c8ba
B08ZD17ZHM,store_170872876decf947
B08ZD1D2PH,store_c8e2ca34727864da
B08ZDTWL1B,store_cdaa8f516b8e61fc
B08ZH6GZ4H,store_b9d9db4d0fb0ed6d
B08ZH7CTSH,store_efac2d6c229a784c
B08ZHHRF45,store_fe6c701459c503aa
B08ZHKCWN7,store_a3b2ffa52d7c8855
B08ZHKP5GX,store_c60fc3c6c51a0892
B08ZHNDYKK,store_edd593b090302d3b
B08ZHRB859,store_5e050784f9bc0414
B08ZHXLKD7,store_81af6f314d722185
B08ZHXS9SK,store_d9d17b0c2745bbcb
B08ZJNHRYB,store_73eeaca24166403d
B08ZJRD9LD,store_89b71652967a46bb
B08ZJVD2WJ,store_e479918c3289bd0b
B08ZK6V1GR,store_9493eb09345e3719
B08ZL3RBGK,store_09f15847464bc0d5
B08ZLS81N6,store_5b621e0c309aeb5b
B08ZMB2Z1P,store_5b57f834ef1b4866
B08ZMNNQS1,store_4dcd5fee4a470591
B08ZMR22ST,store_ee17f560a1f77440
B08ZMVBYTV,store_cc829c7dd771b9e5
B08ZMXHPRL,store_80ecb400321c82ad
B08ZMZ63PD,store_de5307d1d1ba3f9b
B08ZMZJ9XZ,store_9122661816e7c48a
B08ZN51T1L,store_0c4082ed4a2ab771
B08ZN6ZSZV,store_9bd151bcf850db29
B08ZNK7FX1,store_59851e905b720855
B08ZNKVTKQ,store_13aa39180375eafb
B08ZQS6KPC,store_072488f6de69f293
B08ZRQND9P,store_3cbd6ba69ac2270f
B08ZRTC82N,store_24309ef5a4403a9e
B08ZRTSR2S,store_6d90344956ee4c1a
B08ZRWFS9N,store_b6a7828d287416af
B08ZRY3F14,store_81af6f314d722185
B08ZS7X3CL,store_8b6a853a7f5c980a
B08ZSJY3VW,store_563b4b3bafd9db69
B08ZSL19VK,store_6d90344956ee4c1a
B08ZSNVQVB,store_16ecd296208ed87d
B08ZSRTZNS,store_16ecd296208ed87d
B08ZSVYFMM,store_62bbcde9e10dfb1b
B08ZT264RT,store_a760d5c0283d159a
B08ZT3R81J,store_c7d69e5c899006a7
B08ZV4VVMP,store_dc78a2b052c304ba
B08ZXPNDVH,store_dfb2633e34955489
B08ZXVP257,store_942ce9916abfca91
B08ZXYDK61,store_b20484317c0cc787
B08ZY25DHT,store_93aaec10aee425ae
B08ZYDK11Z,store_1d49be227a7de218
B08ZYGMSZV,store_e621802993438776
B08ZYJYB9K,store_19ef43e2705cce0e
B08ZYMTX18,store_4c2318d1f182207d
B08ZYXV85F,store_e83947488117cf0e
B09125RKX1,store_111290e47f59a9e1
B09127JBZN,store_5b033b4cc61c108d
B0912DXF6M,store_6806ef6adb56a5c2
B0912FKMHL,store_a8017776e76046b8
B0912FRLSQ,store_9ba1252179498e4a
B0912KBNQN,store_3f006ed8c5cb6b0f
B0912VCZSN,store_c5d55b60b5973308
B091315DRL,store_90d316eed0988d54
B09134Y98Z,store_79cc5a9e53aeb54d
B09137RFQ1,store_babd6b77deec1db1
B0913KGH94,store_d86d6d8c517133b7
B0913MM3J3,store_d5d718ae84a2f615
B0914YPT4X,store_1265d61da8c795ef
B09159JM3F,store_c81ccf6ce94a3c4e
B0915D25TL,store_af69795cd61fad75
B0915GZB9W,store_40c34993edbbc65a
B0915HRTVD,store_853feda09249572d
B0915PMSM9,store_68c968ee83c839b5
B0915PWMCJ,store_3cbd6ba69ac2270f
B0915SPML7,store_36c1c2682990d94c
B0915XFZX1,store_434b85f27a375237
B091637GX9,store_fe13ac54155e9e88
B0916KK3ZL,store_2a290d7277a872e9
B0916KQ739,store_8309e6fca55c3d8c
B0916SCJQY,store_bca021336678a31a
B09173CDZW,store_5a2c7b663caa1519
B091748MM2,store_91eb5a707604443d
B0917BC2LK,store_7c7ffbb3ac82c2f2
B091834S9J,store_b45b9976bec637a5
B0918KK45T,store_55d1da79500dc236
B09193T31N,store_9344be7fa6048c02
B09193X3KJ,store_017429490e683068
B09196D1H3,store_ff785811dd3d8ed3
B0919JDHX4,store_bd31a0da633a10f4
B0919R1CYT,store_75730c37e0c7af21
B0919SX5DN,store_bd680370af5474b5
B091B62624,store_5ac1fe2302f11542
B091B63YMJ,store_a4d3e30a234b9b16
B091BB8N19,store_257f9c816a8a8f00
B091BDGRX2,store_5007aa8fdeb4350c
B091BMC9YK,store_ee9e6f7ff9f44a6b
B091BP9XRP,store_ee17f560a1f77440
B091BR2F6Z,store_f3f391111e451a58
B091BWCCZ4,store_c3498a2832bf1e64
B091C4KLYY,store_8b6a853a7f5c980a
B091C5CBS6,store_bed5e0f7bfc2f4c1
B091C8X44H,store_37c8a4e78b1497b4
B091CYS6LZ,store_c76ee8464f0ad1c1
B091D7WX3J,store_295f07b447804550
B091DF3MPN,store_cbe44e704a08463b
B091DJ6ZXR,store_e9b7ffe65624e4b7
B091DNNDSX,store_7cb009a2eba792eb
B091DP2DD1,store_8278c7ae50373db6
B091DY58SZ,store_ed318523bd8e8211
B091F5H1CQ,store_cfd0b997d966de14
B091FF88WZ,store_c222db91c9e2c743
B091FG7C73,store_699f000a86994fd1
B091FK8PKW,store_9551a92b76f3a732
B091FL3R5L,store_d7027a7d58b82dc3
B091FN8G4X,store_0ea466beb8e3c8ba
B091G89W6P,store_04853ba96f995720
B091G9Q482,store_e61c00e47e6b0bee
B091GZV31W,store_24309ef5a4403a9e
B091HFYNGW,store_9551a92b76f3a732
B091HL4HHV,store_93c5d83f60abe5f8
B091HXW9RK,store_d9d17b0c2745bbcb
B091J9PK3C,store_96eb6a46de6d02eb
B091JQZC1S,store_2d7b49cc57d5e07a
B091KM1TV9,store_95c36c377f32fb35
B091KRGHP8,store_666e7e2f32c53984
B091KRZXQK,store_02d3818a5fcc9ef4
B091KVDNHM,store_c5698fad9f762096
B091MDV5LV,store_cdd83dd6ddd33664
B091MG27GL,store_282c220ce7a27630
B091MR7RTW,store_400ebbc9fce2b336
B091MSY4SP,store_4a494881941d6c96
B091MVZW95,store_6dd424bb810c75e9
B091MWMXYD,store_a6db9a4968d05e2a
B091PBDV66,store_31f2f535d6f0c142
B091PCDH7L,store_28ecc2c9dd89b4c7
B091PQTD3K,store_058e6b94f75a5e31
B091PRFC97,store_c5f3ed834c302ea8
B091PTTBKN,store_8d392297f7fcb67b
B091PV7Z57,store_d360695887566e52
B091PYJ8S2,store_2d3c6e4d04a4f601
B091PZDT56,store_6d97b634ade33be7
B091SRVJLG,store_398ec4c48f025d42
B091T621BJ,store_41f09e03e39af09f
B091T7892N,store_2da2e5e77fcfc7bc
B091T98MS7,store_f4aca312d4ef5857
B091TC3178,store_dc409dce4bb43ed4
B091TCKYM6,store_aa48e021a66038b3
B091TN4312,store_ffa80c63b650c939
B091TNB3PZ,store_7f6c220947d46371
B091TNQTKB,store_8dc8c202927506c3
B091TVFJPX,store_89ca756ec986feba
B091TX1RT3,store_f30e5f63f60e9878
B091TY71M5,store_92dbacd9a5a064d2
B091V55X91,store_81454396f1a16cd2
B091XRL99D,store_df16f800ac670969
B091XVKC9K,store_b20484317c0cc787
B091XXK8HR,store_5de7151c832034fa
B091YCDWQS,store_f5ac27d86f78ef1a
B091YQ7YXH,store_9d5c858b265b39db
B091YQMF3W,store_6cb0cb19bdfe26b7
B091YVY9H3,store_40ab6d482ac7f6be
B091YWB71G,store_d300b7d947deb41a
B091Z242K7,store_f30e5f63f60e9878
B091Z7LTC1,store_ff785811dd3d8ed3
B091ZCF4TM,store_ff785811dd3d8ed3
B091ZXXV87,store_6b6a837a6129b71e
B0921CNWSZ,store_a169955ab3e35bc6
B0921M5D2L,store_11e253a4d3af8dfb
B0921PR9B3,store_d0ae272cca832fa8
B0921SG7ZP,store_46a808cfd5beafa5
B0921VLH5N,store_7b1b28271e8deb2e
B09226BGML,store_ba45909b7cdcc63f
B09229SYGS,store_ee17f560a1f77440
B09229VSS8,store_df4e221b68c41d4d
B0922B7GSB,store_444f2b749fb70f33
B0922B96N8,store_e2626e9d86e125ba
B0922C9132,store_df4e221b68c41d4d
B0922L9348,store_7234f8fe1e75e5dd
B0922LYVR1,store_4ec1274fbb5a68a4
B0922MK9Y3,store_c8765e99e9a6c0d1
B0922RVB14,store_5ed6860681285984
B0922SBNKZ,store_26df75c0d539791c
B0922Y1VNM,store_26df75c0d539791c
B092396HPQ,store_00d6217d0d2d056e
B0923L2M8V,store_662a41c6bba20f68
B0923Y9SW4,store_c8765e99e9a6c0d1
B092432K9Z,store_fcd03d2ee3ef9ffe
B09247GYW9,store_9cc912c6400b8a6f
B0924896KW,store_a80f7d04528a48eb
B0924GT395,store_72f885ffeb30d452
B0924LZPSM,store_e61c00e47e6b0bee
B0924QK1GB,store_6cb0cb19bdfe26b7
B0924XN82L,store_f22383ad3e4e92f0
B092587FLZ,store_9c21c5787d3651b1
B09258TP6J,store_73bdcda237e602dd
B09259MQ2T,store_aa48e021a66038b3
B0925H1Z5Z,store_d66fcc742cc64048
B0925NXRPH,store_0c4082ed4a2ab771
B0925PR18P,store_2a9fc3df6239d79f
B0925SRMBP,store_443ddb8fecd847a6
B0925V6K96,store_c29f01d699150032
B0926V2N5J,store_7047902e78941b3a
B09275MKYC,store_400ebbc9fce2b336
B0927P17FR,store_d054ee9dc086aea0
B0928665V4,store_37fabff3f0af1daa
B0928JPNSY,store_c2536df43ba32d99
B0928PP6J6,store_696be13e0cb7e3bf
B0928Q84FJ,store_637d1f5c6e6d1be2
B0928YFDYY,store_309ea506af0259fe
B0928ZBKFD,store_2f7bb07cae2a86ab
B0929CD3GJ,store_23434256f4126d8f
B0929CGNRV,store_c6a65239b7567efd
B0929FX2GJ,store_c6a65239b7567efd
B092C849DG,store_3cc60ace062fb54e
B092CKJZQJ,store_af9239952a66aceb
B092CRL1BR,store_1b609b98496dc589
B092CWMLMC,store_49793e038f03cc43
B092CZF3HW,store_88bd55ff535c7ad2
B092D3D358,store_82bdb6faab9f68ee
B092DJ1YTJ,store_1192dfdb037cca45
B092DNM89Q,store_67732e0acc04e5be
B092HBVC98,store_46ed923962c59174
B092HKL4PZ,store_0649b90764b18996
B092HQQ8XD,store_4f2b6f45dbd8c1e9
B092HVKQVN,store_aee3628b6da147c8
B092HY9H9L,store_9738c8ec04cb14dc
B092J438XZ,store_7ab5f0ebf16517eb
B092J63PW4,store_94b83c394bc26f04
B092J79VFR,store_e112b344a56a7b49
B092JHXJB9,store_bb3460d482ab5c87
B092JTM4NK,store_e89ad0aa5645a6a1
B092K6B4K6,store_e89ad0aa5645a6a1
B092L9LG84,store_a0fd83afc0245c05
B092LCPJ8W,store_bcb392dc40608f28
B092LCRCY5,store_10cc070c5ca67579
B092LFLBCR,store_b6a7828d287416af
B092LHL8W9,store_f41cf2326f26bb20
B092LJ3B3F,store_4c2318d1f182207d
B092LRX9KY,store_e89ad0aa5645a6a1
B092LYG5WW,store_88b3debb0c7df9ea
B092LZ2JRL,store_ebb377dca2fa132a
B092M29BFN,store_4cf8a11715e2c6d9
B092M4XYL7,store_244e151a9a5c9f1f
B092MBF587,store_55714c5841e898bb
B092MBKPQ2,store_b4e758d2c1ca9746
B092MDVK4T,store_2931b0a229fdf0b3
B092MDX84M,store_7ba4ad5e1c2aab18
B092MFT3RJ,store_0da60aa49341b64f
B092MFV59J,store_54ac44aa8d042534
B092MGWX7C,store_42fffb86e3b8df51
B092MJSLLG,store_d33c14bf420dbd98
B092MKFYJ3,store_544cf5d93513a606
B092MQ12RW,store_6cfc1ad0fff9d266
B092P8X833,store_40d30a0bae662ae5
B092PH1STY,store_a5dea109ac1dc043
B092PHBMDV,store_9c21c5787d3651b1
B092PQQVHD,store_9e3908f3c4d75b18
B092PS3PYX,store_9f61808b4dfeb769
B092PSDZVQ,store_6268f4ff1619ff45
B092Q4KCZF,store_763dbdbe2ad2b576
B092Q8VYG2,store_46a808cfd5beafa5
B092QD7V6P,store_c31c10f293e4e6eb
B092QGMHCC,store_b5dd464905cfa6c1
B092QJJ65F,store_594f56f54a555a1a
B092QJRD5T,store_58114baf69417de6
B092QLD121,store_58114baf69417de6
B092QVB5W8,store_ef18ea81f31829e9
B092R35PL9,store_8eca84b70eb53153
B092RDFCNY,store_2b58295575e16c41
B092RGDXQZ,store_ec32be6ca42b1043
B092RPCR8P,store_381b280bed072b95
B092S8KWDH,store_c8e2ca34727864da
B092SBVYVS,store_df14fe6b0f5e0b1c
B092SD2JST,store_b3140e7d9a0a4b4b
B092SDBRBX,store_46c6baf5b5fd1c20
B092SM44G1,store_656bedf90f3d18ec
B092TDYNBY,store_e1e13aecb645b83e
B092TGBYD4,store_e1e13aecb645b83e
B092TVC5N8,store_46a808cfd5beafa5
B092TZDKD3,store_54ac44aa8d042534
B092TZLT8W,store_6807863200ed03e8
B092V4KDRG,store_cca87abf0dc5f4fb
B092V7ZQ9H,store_c5dd0401db5acc45
B092VDMLDP,store_aa6f7f6120e6166b
B092VN2MCJ,store_1a8f41d918117614
B092VX6MRK,store_5f341c0cc803f052
B092W64742,store_ab4c8369367a472e
B092WWJHSW,store_bb9cad10a3e467c2
B092YTVVNG,store_dc28a349127c21c6
B092YVHLGD,store_9ba1252179498e4a
B092YZVK5B,store_8dff16b81c238085
B092Z1GF6L,store_0bfc5ee43e589f08
B092Z2VLXK,store_71b6ab88a8f4dc7f
B092Z5V3SH,store_111290e47f59a9e1
B092Z6B3GR,store_6d90344956ee4c1a
B092Z9X6QK,store_38916d37da4c21c0
B092ZCP67F,store_df16f800ac670969
B092ZKN4BK,store_c122951fc61c23d7
B09315SN88,store_71b6ab88a8f4dc7f
B0931XBYNW,store_8aeb7014952155d8
B0932146Y3,store_1aca68f983da1c63
B09323KPHH,store_92297d5fa97105f0
B09326WZY4,store_6268f4ff1619ff45
B0932BGMGJ,store_3b0ee849f1377d3b
B0932FP9NJ,store_d054ee9dc086aea0
B0932K5SG3,store_3d480d960abece5f
B0932T9VTL,store_e1c9a34478e68cae
B0932Y49L4,store_770c27475a73aaca
B09333Z2DP,store_6224e8144d0f5fa2
B0933616FG,store_e491a282afcb46ee
B09337LJ2F,store_cc829c7dd771b9e5
B093392TT1,store_ebcfb27e3bd9e863
B0933HJVBG,store_ed071b59b0d04ad3
B0933NGX56,store_2efa0a68d2dd2c8c
B0934TCPS4,store_d3e839ceb6d765df
B09365C2BR,store_5dcddf97aa93b956
B0936DGZG5,store_8bf58500cbacfaad
B0936HBM7H,store_aa64307e6b7959e8
B0936JFGPR,store_e89ad0aa5645a6a1
B0936K4LJN,store_afa55bfba3e5e735
B0936VQV8H,store_4753857dfad346de
B0936WP911,store_6d43de4e47d15322
B093724Y1Z,store_822657a2323eea6b
B093734FLC,store_46f4313d1b9c69e2
B09374H3PZ,store_1783ed0de827895f
B09374J6DC,store_3d480d960abece5f
B09379JR5L,store_85185462b9bd0b48
B0938J5BYV,store_59f0fd4a7fb26f33
B0939T8MCG,store_07815387c6496059
B0939VNNXN,store_6d161a6d50d81326
B093B29881,store_393b935f6638ed18
B093BFFS46,store_fe20150475eb405d
B093BJ5Q1Q,store_dbc6eaa50d4c15fb
B093BNBS6J,store_cb050c10a3a382a5
B093BTV689,store_d5855eeb91df6fae
B093C57GFJ,store_027d0c8c01b28445
B093CDVFPP,store_731e9af6263a4304
B093CDW2D5,store_731e9af6263a4304
B093CZFWYG,store_ce4e61051318de6e
B093D5MSVT,store_c2d4a4ada51998be
B093D6SPBH,store_e6cf572a301ba753
B093D71JF7,store_8c1a363ff81efce6
B093D7ZQQT,store_c953e50c0135377e
B093D8P3LN,store_8c1a363ff81efce6
B093D9RJCZ,store_3bc50fe9ad77252f
B093DBFX3D,store_8321857e7c00b1ee
B093DBZM31,store_c157cd5c3d23f4dd
B093F5BWSH,store_fc7866852061730b
B093F68MG4,store_2f131d0f7f18199e
B093FD4GWG,store_1ac8d637c541b00f
B093FJQ8YV,store_c8521be5d51f0630
B093G9HJM9,store_b51aca9c3bdb224c
B093GFB5WK,store_dc2c10f910383912
B093GKF6C1,store_598093f4a57058a9
B093GKPX83,store_598093f4a57058a9
B093GLSSLF,store_c222db91c9e2c743
B093GNBTNZ,store_aa64307e6b7959e8
B093GQJ8TL,store_1f3ab1aa20142a06
B093GR3N8W,store_a689abe6f4b1f265
B093GRLKB9,store_ccd99f6e0946ba14
B093GSTGB8,store_40ab6d482ac7f6be
B093GZ6VY8,store_58df2f35c39719ef
B093GZF13Y,store_cac1cdf724f0b751
B093H62246,store_b89884500a1cead9
B093H7S5CL,store_3d480d960abece5f
B093H8ZWM9,store_c6a4a2465e2928f9
B093K6KPJC,store_6d161a6d50d81326
B093K85ZYD,store_40b833ec3b5fecbc
B093KF1GB2,store_49793e038f03cc43
B093KF72F2,store_49793e038f03cc43
B093KJ4S49,store_28e85397be94c552
B093KZHW2G,store_c8765e99e9a6c0d1
B093L49676,store_3df4cfd0982ac861
B093L5M2TF,store_19afb01a393c946c
B093L5VCHT,store_ad7da146e90db585
B093LT656W,store_81a24499e4ca6a45
B093P1415Z,store_d5d25da2b761e3ba
B093P3H7R6,store_c222db91c9e2c743
B093PKMBQZ,store_90ce794983d70aaf
B093PWFBVR,store_4a13acbb9a7a6b72
B093PY86MQ,store_fbe5f92b87595fa0
B093Q5B8DB,store_64e724c13d140b3a
B093QLF6ZQ,store_30dc9399ce60a16e
B093RDP7C7,store_1bde249ce64fd8f6
B093RSYVN1,store_1783ed0de827895f
B093RXH89Z,store_d4fca48101b38e7e
B093SDJJ4C,store_8b3df5a2484fdaf9
B093SL6KJ9,store_7db30f5869e07108
B093SLFJ3J,store_7db30f5869e07108
B093SSG9MD,store_fe6c701459c503aa
B093TGBZ1T,store_88c00c9581506d43
B093V1C6Y4,store_787e4e521a461d85
B093V1G5LP,store_77918cf147e13df4
B093V6K45M,store_d6b7aaf5e3dc7dc2
B093W24GN1,store_856c5388bec324b8
B093W9QC8S,store_b6a7828d287416af
B093WBG34F,store_af90f597b33bf4b7
B093WGFFQ7,store_bb9e0153153ce8d6
B093WPZZ4L,store_ad2b5dfbe5aff988
B093WWPXPL,store_856c5388bec324b8
B093XJL6BW,store_b320092521473be3
B093XW9K1T,store_ad32bfe87e1c76b0
B093XXMVS8,store_db5b26af964d7d1c
B093Y5FQH5,store_db5b26af964d7d1c
B093YZLLC5,store_a540023122bf09a2
B093Z7BCWS,store_73a1188d023bd2af
B093ZK26FX,store_0c0341e6be8fabca
B093ZM5F6S,store_36b2f43c3c1f3440
B0941RLQK2,store_ac97420b16ebe716
B0941YDPSW,store_1ceed3d7b8cb85e9
B09424JWGY,store_eb399034c6e11eab
B0942QTZF1,store_c745e97d0005a546
B0942XQRXN,store_1e69d69df66c214f
B0943TKSQ9,store_9aa3ce90db1c09a9
B0943Y3Z8N,store_76983bcd3e5bc17f
B09441G5NG,store_dc409dce4bb43ed4
B09444WCR1,store_e9a121523cba3f75
B0944SV8KL,store_65f7f19b1160faa6
B0945ZXR6S,store_0e7ae82af2f452f3
B094616DBT,store_295fd76809efaf67
B09462QVYK,store_b97153db3025a88b
B09464V8BK,store_04533f0be19cdb26
B09466575C,store_23e704a31876e12c
B0946HH6X4,store_56f7fba423214b64
B0946RW68T,store_ffa8ae6e8e90a58d
B0946WB5SS,store_9c87636ec95e68fb
B09473GPV6,store_95804af692121d46
B0947RH5B2,store_0e7ae82af2f452f3
B0947RNMRB,store_694c93fa88105f60
B0947S2B36,store_598093f4a57058a9
B0947VQB5B,store_016f09b6ba917bb2
B0948F5FB1,store_6cb0cb19bdfe26b7
B0948MDQZK,store_18cd25c980a62125
B0948PLBTF,store_26990cf9aa06ffff
B0948WJ7DX,store_222e28aa40259caa
B0948YPFKS,store_5d6afc8174b96a6e
B09497LWS2,store_75cbe2175620db20
B0949MF7TL,store_46a808cfd5beafa5
B0949RDSJ9,store_3226c59f763f4153
B094B6TMRH,store_30e36b6dcfb1b4e7
B094BYVMWT,store_0b84b5111e4323fc
B094CBH5JN,store_58d6f4e11dacb1d3
B094CFH9PN,store_19afb01a393c946c
B094CWDZMK,store_6d01e5f31bb157c7
B094CWK6ZR,store_49f250d86dd2d35f
B094D2XRZG,store_b6a7828d287416af
B094DB2PDJ,store_4e1580c12a0f8af5
B094DRWXRW,store_312ca423d8f1542a
B094DT397W,store_856c5388bec324b8
B094DVP9F9,store_e4fafab946b7cea6
B094F8XJS8,store_08cab9f194698504
B094FB1FTZ,store_942ce9916abfca91
B094FCC5MF,store_55714c5841e898bb
B094FHBW4S,store_040e27ce3a97372b
B094FHTN8T,store_82131e8c4823dac9
B094FKK2YQ,store_257978dae85805cb
B094FQQJS6,store_4e1580c12a0f8af5
B094FR93SN,store_522b276a356bdf39
B094FRGDTJ,store_1265d61da8c795ef
B094FTRJXF,store_473530143a7bb353
B094G3MXRZ,store_90ce794983d70aaf
B094GTZP2R,store_bfdd01c6aa879318
B094GZW7KD,store_d793712da5448361
B094HDGS6X,store_8a5eda53ce27759a
B094HRQY6Q,store_fcfb30048726a6a5
B094HS2RC9,store_b15aa3e43d0f4b22
B094HSN9TL,store_34a72b4da0a39772
B094HST2BT,store_34a72b4da0a39772
B094HV8G8D,store_34a72b4da0a39772
B094HYL5GP,store_cc9e431346494be7
B094JFY5CK,store_80e0aa0f73c9255e
B094JJJFHG,store_9ec75862b80d0b3e
B094JJKVTJ,store_80e0aa0f73c9255e
B094JKK2FD,store_7ab761882be85a10
B094JLJLPD,store_e6cf572a301ba753
B094JN6S6Y,store_a4b86598fc837683
B094JN93GV,store_d5855eeb91df6fae
B094JNTPJY,store_855484c7c7e7b0e5
B094KXD5MF,store_bb9cad10a3e467c2
B094MQSRDL,store_a356e8d363faf266
B094MRW92B,store_70638f0a3ae11134
B094N33FVC,store_df16f800ac670969
B094N3PWCS,store_df16f800ac670969
B094N511QB,store_e475afdad55c82a7
B094N58XS3,store_b6a7828d287416af
B094N5T2Q4,store_eb7029795761d8cd
B094N5XPWB,store_2033a16e162a7a65
B094N5YWLS,store_b6a7828d287416af
B094N6P643,store_0aaf96cb51ea50e1
B094N78PD6,store_8e8a38a8cd120e2f
B094N8FGDW,store_878f1f2db690bf4b
B094NV5V8W,store_07a2e25662f8c794
B094NVY7X2,store_6768c575a1032d80
B094NW9PRS,store_2f0544afeadcd071
B094PFN5S2,store_313626c8dd051d22
B094PVL22Y,store_07a2e25662f8c794
B094QK5NSZ,store_6b50d252aa970a1f
B094QL9YRK,store_96b8d2c1183a8879
B094QPWTHD,store_96cb08bcf44b9809
B094QV3NVP,store_c1d30bb604cb452e
B094QVRC5Z,store_c1d30bb604cb452e
B094QY4GHG,store_19afb01a393c946c
B094TB1PFK,store_dc14aa375d0ed4c6
B094V4NXGZ,store_eb0ab3f6557a4d03
B094V7YHQ1,store_c61a8886ee8a7c2a
B094V9WQ9F,store_95e6deb49155cc28
B094VKBFK1,store_9627d89ac60c1059
B094VLQRZG,store_483238e9f439fe42
B094VN67GG,store_483238e9f439fe42
B094VTJQT8,store_76287a0fbe13fef2
B094XL1LJQ,store_5659332e490d8ae2
B094XMHDKL,store_fe6c701459c503aa
B094XTTRWS,store_2fbff08da2df9185
B094XX4BTX,store_c60fc3c6c51a0892
B094XZ31JX,store_8a7090bd829c4f52
B094Y2H6VC,store_4bd4be6646ac2d47
B094Y3HKD1,store_3b0b92997e2de76c
B094Y72MR6,store_c0f9b7f2635e90ca
B094YBXCFQ,store_c3c7029c2a42e045
B094YDPMC3,store_c222db91c9e2c743
B094YXGR54,store_dfe2c19d2b935e1a
B094Z3W2G6,store_b80f961b5b614253
B094Z6NJLX,store_81d03fb92695ae52
B0951LJ616,store_81b5c223ba36a28b
B0951XGR89,store_123bde7c8a0750dd
B095243B2S,store_a1cc1a5aab1da6ba
B0952JFGC9,store_d2a9209a26ecdc75
B0952L4BKQ,store_dfa72f8b68bccc87
B09532QRJX,store_1e69d69df66c214f
B09533Q4T9,store_0019da44426ac13a
B09537BN3K,store_77cb879405763d20
B095398RFJ,store_001b50d722af70f6
B09539WWZT,store_a9c112bdcc633782
B0953BP47D,store_6c87eb43ae3727fe
B0953F4NR3,store_433f0712c49d0c39
B0953L91LV,store_88bcbc6b94513fd7
B0953Q4D9W,store_b1b1d714f4e5c1d5
B0953X6LQ2,store_b3af6ea500fcc9c5
B0953XRVXX,store_8c093755a134487e
B09563M2QR,store_f9f229bdb7b2861a
B0956NZFHH,store_c222db91c9e2c743
B0956T4PQL,store_6b2830b186cd2ca4
B0956V8ZYX,store_eaa75490fa578520
B09572XV2N,store_c2cf6a412aad4bbd
B095754MNK,store_5e1f3ee2b36ae749
B09575Z451,store_2fd3402129116c18
B09577FHTS,store_1bfdd9aa1ff43a09
B0957B87W1,store_b6a7828d287416af
B0957G93NC,store_5d8ef36262ce38f2
B0957H4VSV,store_a090af6d89683678
B0957L666N,store_f03d9080885812d9
B0957SGX7P,store_6e9c2d3d6a34bb40
B0957TPWQJ,store_7e01a9a1b85f9df8
B0957VJ38P,store_de4ce735fd4cde85
B09581GQXQ,store_81d19fe0203c17ca
B095BG623N,store_c2cf6a412aad4bbd
B095BQKYP3,store_6cff77412c929e9b
B095BSYVZ3,store_3d8a310be1781276
B095BWYYBM,store_856c5388bec324b8
B095BY37Q8,store_c2cf6a412aad4bbd
B095BYS2S5,store_b6e18728ea436f19
B095BZD8J4,store_1e69d69df66c214f
B095C1N87V,store_19afb01a393c946c
B095C2SJNJ,store_26cae1d9b999d72b
B095C2T7R5,store_d4362077965ab4fc
B095CCTCSN,store_769b19f52dff8195
B095CG99D8,store_130bb3f8fc799c34
B095CSRX9X,store_87a53c80365b76de
B095FSG75W,store_295af649c293cb12
B095GJN7YX,store_5ac1fe2302f11542
B095GNFHRK,store_d5cbf89e5f799af5
B095GS6SWK,store_2fd3402129116c18
B095GZSVWJ,store_2937d511e9cd0a0e
B095HM21HF,store_fcc674bcdccdec9e
B095HN3R9W,store_4dcd5fee4a470591
B095HP5QKJ,store_d769401af29d683c
B095HXSTMN,store_e80b2d2608711cbb
B095J1ZWHY,store_7ee196072eab3770
B095JPBW5S,store_f1db17809844ddbc
B095JZKMYN,store_6a867075ab8ff739
B095K2DSNT,store_4bd4be6646ac2d47
B095K36RWD,store_12acf875c2882431
B095K6X721,store_ac3a820d5b4efd04
B095K8ZLMX,store_180d556043951f6c
B095KFXNV7,store_0e6c046bdfae0c9b
B095KGTD1R,store_169ff0c169cd2096
B095KHGTJ9,store_ff785811dd3d8ed3
B095KM466Y,store_fe6c701459c503aa
B095KPC9QZ,store_ae448585bd1858c7
B095L8WCNN,store_5a59cc7b5efbe0db
B095LCPL8F,store_605d63d07b393dcb
B095LFZ6XV,store_ba9d4958a9776b6c
B095LM4DPJ,store_da9205182c712544
B095LMH8N3,store_6b5ea28c5fb732dd
B095LS53ZM,store_0f67e09af3d39e08
B095MXPHV1,store_393fa976d3a134da
B095N2KRBY,store_24ac481c45bfae80
B095NB5MF2,store_4adb457875c42b5b
B095NKR9YL,store_8b63a396e6a249ba
B095NN4PVH,store_22b4b91aded6a417
B095NP6WCB,store_2c26aa43878620de
B095NYJL6C,store_a7cf7063961e9366
B095P5523C,store_ca6267658a0c1a5c
B095P6Z9QK,store_26b93b3cf7d39236
B095P8B93H,store_32d4f06452ed591b
B095PB68Y1,store_c222db91c9e2c743
B095PB9TT2,store_ca6267658a0c1a5c
B095PBQC7Y,store_6224e8144d0f5fa2
B095PPKZ4C,store_9967a3f3a701b490
B095PRS34M,store_f0f472e396d88c19
B095RVQV9L,store_8be6e89335621220
B095S1CZ3P,store_1783ed0de827895f
B095SC4J8T,store_4ff8fab1273e5bb1
B095SCKQV7,store_af54cf6250177fb2
B095SCTCHC,store_6e9a7c297a470791
B095SDVCSG,store_ca3fd761f9e7210f
B095SJFWFG,store_afb203eee7ab4991
B095SW6C8H,store_223cc15413c8820c
B095T1J5P4,store_ee56d1e3e1390f2a
B095VMFKLM,store_4c5ed6c15e6029a6
B095VY6RD4,store_39b30b381987f9ca
B095WPDG8H,store_c30e0c381240f0bf
B095XCL9GH,store_dd8fdb1515e208e4
B095XCZ9TW,store_a115ee6721ac1f81
B095XWHJTZ,store_4bd4be6646ac2d47
B095XZG346,store_7f44a144ffa4e6ce
B095Y173P3,store_b55a9fb219fddbfb
B095Y17SQG,store_921559a053ef04b9
B095YDFRYN,store_a92bfaceac61b3ee
B095YF6HYP,store_af90f597b33bf4b7
B095YJ1T62,store_0fe0cb314d42e2c7
B095YJMPS3,store_aa36b96a6e63e32e
B095YK98D9,store_12b8ce37f04d47ce
B095YKWJ5G,store_e999b4e49b569711
B0961W77XJ,store_1463d7e8b83d3620
B0962D47DX,store_b15e2bfc9876b2ed
B0962TSPCD,store_731e9af6263a4304
B09634J2DV,store_77918cf147e13df4
B09634VHRN,store_731e9af6263a4304
B096389LWZ,store_e876956067150a4c
B0963D5Q1K,store_c24c386867a6363b
B0963FNQK9,store_d4b2bf85fe1c31ba
B0963LT3V4,store_800d62d84bcde98b
B0963NVFZW,store_a0f0c3ae2d1e9fcf
B0963T2MSF,store_24ac90f3ef7ab9d8
B0964M973G,store_a7cf7063961e9366
B0964NJ9F2,store_a22bca2de3eee11f
B0964NXSK3,store_a22bca2de3eee11f
B0964Q2MN4,store_4de2fa195d83b9d2
B0964ZCKDG,store_d8f440957e0ec606
B0964ZJZ1Y,store_c2d4a4ada51998be
B096545RTM,store_ff356b656dd80cd6
B09654WTW6,store_ff356b656dd80cd6
B09656B13N,store_d8cf8c333371ec70
B0965C3Y2F,store_6cb0cb19bdfe26b7
B0965NHMWQ,store_b4e1fa207c2a52cf
B0965PLMTG,store_1c379620b92ac672
B096661RMC,store_63cfcfdbf8ccb021
B0966F9JZ1,store_1ea0bf0d53a0e115
B0966WY4BF,store_ce91885b9efa0175
B09672F7QB,store_3272016731eb9b3f
B0967898DF,store_f9573a596de90b99
B0967GQB27,store_4fd69f33b396c604
B0967HWQ15,store_3b2197590fd8e2ec
B0967JD2LV,store_2fcd6073920c28b3
B0967JV476,store_93df960b09c0345f
B0967MK1DT,store_1bde249ce64fd8f6
B0968GG9BB,store_a7cf7063961e9366
B0968LF1VW,store_b32db73095efd434
B0968Q17SL,store_3e20aa538c8bf39f
B0969B3R1N,store_8eca84b70eb53153
B0969JBRRW,store_c4ad40f09785f317
B0969V3Y7Z,store_4186ef6e90c06a76
B0969YN595,store_df14fe6b0f5e0b1c
B096BJNC36,store_5769b2a77412d56a
B096DD11W7,store_47f76c7106538bd4
B096DGCQST,store_20bad22259b579ac
B096DM63T9,store_b4ac2887372e56e0
B096DVPRSF,store_67732e0acc04e5be
B096DWBL6C,store_4a1afdd40ea32a8f
B096F2PG5X,store_3813d2609b00e978
B096F4D3GK,store_c7e3560d89b28a25
B096F76V6B,store_24309ef5a4403a9e
B096FDFV22,store_92f1761773e658f2
B096FFN2BZ,store_4ff8fab1273e5bb1
B096FLQKFV,store_bd723da8acc710af
B096G74NTH,store_997adc836efa6ea6
B096JZDL9X,store_d7bb3bdf5a170460
B096K8FP8L,store_448122a6921510c6
B096K9P8GM,store_fbbf04e27bf73abf
B096K9TNWJ,store_5c6c445e579f02fd
B096KDKMX5,store_a1230a42c70ff955
B096KHWMYX,store_a847f82e0d48fdf8
B096KP25GY,store_72077749f794f21a
B096L2D5WJ,store_21cda917dd1535fe
B096LDHLNM,store_a8376ced1ebe8319
B096LH8DDQ,store_9c4049aef6c786f5
B096LHKJ8X,store_7fd261a5e9937681
B096LLPK8S,store_6211b856f0517607
B096LQ1THD,store_787e4e521a461d85
B096LVYQHW,store_3406708933726dc2
B096M4HFFR,store_3da20ce4e7bbd12e
B096M64Q72,store_a8201aa25b7eb03a
B096MDRY16,store_0b9f4b953423e9fb
B096MDTG2Z,store_6778aec634b04682
B096MFSN9N,store_c5f3ed834c302ea8
B096MFXYGD,store_ca9f9dcef19fd713
B096NK7DN4,store_72bac154c1f2a947
B096PFTMPH,store_f6ca2ac046f996bf
B096Q7WZDX,store_0b84b5111e4323fc
B096QNFS2D,store_8b6a853a7f5c980a
B096RRLDJ1,store_24b6b9fe6ce061b3
B096RZNN79,store_dc409dce4bb43ed4
B096S15HSG,store_dc409dce4bb43ed4
B096S2JQ6L,store_968bccdc4396570e
B096SJZZ61,store_c98fc4de340bd2c7
B096TFKTJZ,store_6c68c581b1cc1b40
B096TKRXN6,store_459f22640ad1d3af
B096TLFYGC,store_9a3c88a97565669f
B096TRNWS6,store_98361aee5631321a
B096TT9Z7Y,store_cc9e431346494be7
B096V3FT99,store_c41e1d02c8f90b7d
B096VG4TZB,store_1e236fcebb8c98b2
B096VGPG9F,store_cad8d37ceebfebfd
B096VHRV5H,store_b6a7828d287416af
B096VJ4QSP,store_1e236fcebb8c98b2
B096VJMD3Q,store_1ab1a5027680d865
B096VKFCG1,store_1e236fcebb8c98b2
B096W1P94W,store_16b21e4fa33261d3
B096W2XH6K,store_c0b8a16eda207eed
B096W8457T,store_e4fafab946b7cea6
B096WBB796,store_6623582a18448256
B096WZDBYM,store_6cbb9f1cb640392a
B096X3L62X,store_fe74e7739e79a8ae
B096X68252,store_731e9af6263a4304
B096XBWVD9,store_b6a7828d287416af
B096XG5F4Z,store_ccf123a885a683a5
B096XGWLMY,store_c8765e99e9a6c0d1
B096XTF5T1,store_d17414aa60c0d873
B096XZ9RM5,store_4a1afdd40ea32a8f
B096Y146JC,store_4a1afdd40ea32a8f
B096Z1PFXR,store_de5307d1d1ba3f9b
B096Z1X754,store_7572c632e5fcdc75
B096ZFBLXQ,store_cc9e431346494be7
B096ZJYMW7,store_95d33fea218e82c4
B09712WZJJ,store_f171afb25eae81cd
B09715497P,store_f171afb25eae81cd
B097159K3F,store_abaaab1694a47b03
B09719JJGL,store_6187d13c4fc23a25
B0971SNM5P,store_3c9558372356ead5
B0971Z28DS,store_bb30930b7173640c
B09723G53Y,store_550cbeca4c633602
B09727X156,store_8910bdc257b8fe05
B09729GQXF,store_a6b8c82118bdc496
B0972NF555,store_020fe6bddfe8e256
B0972QJKQQ,store_bca021336678a31a
B0973HBNJM,store_345fbe210685786c
B09747TST8,store_de5bdee7316451cc
B0974GWS7Z,store_afcd5a7eccc54a01
B0974GXCFD,store_bdcf520a7d6716a3
B0974JC1W8,store_1cfd0482bd43db71
B09753SQ8C,store_5811f5e73d6cbc2c
B097545V9C,store_3057f0bbd7a94521
B09758QG59,store_6b21afef3c62ffef
B0975PTRW7,store_3d7d2cd63b1d4ebc
B09761TJQL,store_05eab369e1f5b916
B09774XK6P,store_ff1851556b23af85
B09784YCMZ,store_343da803c09540af
B0978NWY6R,store_2cbbc6a98d6c8151
B0978Y7LQL,store_b3c13818fa0a1f9c
B09796CWYQ,store_8d960e7003952b24
B0979B1574,store_46a808cfd5beafa5
B0979HZQM5,store_0e6330681e4751a8
B0979ZFCDL,store_da9205182c712544
B097B17K38,store_8dff16b81c238085
B097B41JKR,store_2171439387439933
B097B9MP3X,store_1e2d803991a00032
B097BJV8KT,store_f61beb6877af5b8e
B097BN5VXR,store_d4f23999ff629054
B097BZY3BF,store_3cb676212b035059
B097C641SG,store_9c8ac29674d3c3b8
B097C7PVV3,store_90e75163123d5d03
B097D1V288,store_c90a069166d7e348
B097DQPPQ4,store_3cfda87baf38cc23
B097DRYGTD,store_9a22411bbc8d57cc
B097G4JTGM,store_de73307db7232db3
B097G5V76Z,store_e0f57183faea06f8
B097GLWZJ1,store_6ef750b735fcece0
B097GMX4FF,store_de73307db7232db3
B097GPJTV1,store_bdcf520a7d6716a3
B097GW5VY6,store_9e101e1488b16b70
B097H5BTP5,store_2a1df8bf810f1859
B097H5RGCD,store_2a1df8bf810f1859
B097H99PGX,store_6a68bbd6fa318f67
B097HDVDSR,store_f661b0d4eb2955ff
B097HF57V6,store_d64c75746f381208
B097HHSC8V,store_922bc17793e9d3f6
B097JC74Q7,store_2b3f35c9371760fd
B097L6THFC,store_a276902a6951c71d
B097L88MZD,store_c16014741ed1e01c
B097LPF9LV,store_cf4f734f16ba6613
B097LYWRVG,store_66d10f09db8b755b
B097M68K46,store_f6dc1435750735ab
B097M8LXTC,store_dd06edfd21474736
B097M9GLRJ,store_34e8f3b0fbf33bba
B097M9LMH1,store_dd06edfd21474736
B097MFPP38,store_d963afbcdaace150
B097MLD2QS,store_3a3269e162b3631a
B097MV8KWZ,store_598093f4a57058a9
B097MX3NBS,store_a6852c8981b13747
B097N2CDPY,store_4c2318d1f182207d
B097N4BB5X,store_4e1580c12a0f8af5
B097N7XNH8,store_73f7054413425c07
B097NB9YF4,store_0791009f3ec4d96b
B097NW3RKB,store_22b4b91aded6a417
B097P8DFH7,store_89c39413a2ddd8a1
B097PC1395,store_b27395661d2dde22
B097PDQ964,store_fc5f3030801e4936
B097PHKLNQ,store_826a491a3efb96f9
B097PHLRH7,store_ba254c4def9443df
B097QDS928,store_d793712da5448361
B097QVTQST,store_832c640b2c6a020a
B097QXQKJQ,store_832c640b2c6a020a
B097R3LJG3,store_5826fa9385d8576e
B097R46CSY,store_3f3a7be383e1b91c
B097R7S1WR,store_4f2b6f45dbd8c1e9
B097RGTN1D,store_ab9dadf88d129320
B097S2NRWP,store_2fd3402129116c18
B097SPPSNZ,store_dc409dce4bb43ed4
B097SWTLQB,store_4898ea05fc5700f4
B097T1CVZ9,store_e5d8d04e82ab5fa7
B097T2F9HM,store_960f942a098e0397
B097T3DVH3,store_7727352f094e72fb
B097XZB4LT,store_9532dceb30d7fc62
B097XZRQB8,store_c484855dc593d439
B097Y8HSXD,store_9036bec44acffd2f
B097YLJL1W,store_30e36b6dcfb1b4e7
B097YXY5W2,store_d6f02c47383c4935
B097Z4BCT8,store_3ddd2f7b3bcc9278
B097ZBFNCK,store_89c39413a2ddd8a1
B09821SVNW,store_a470a08a10c5a782
B0982NZSCB,store_b52075f4bd482406
B0982WJNQ7,store_9671771b93db8346
B0982WTMVN,store_9671771b93db8346
B0982XCVTH,store_9671771b93db8346
B0982Z2GGM,store_8b99c3c5d207e77b
B098344QWX,store_c4d700479c503556
B0983JYPX4,store_f90c329ee4dc9f22
B09869D25S,store_22b4b91aded6a417
B0986P2GSR,store_9a88ff92339994fe
B0986RYWQM,store_4bd4be6646ac2d47
B0986W973K,store_d2ff54c38275c8e6
B0986WBVB1,store_254969eb913079c2
B0987FBPHV,store_d9d17b0c2745bbcb
B098981YRS,store_03cf919a9446d5d4
B0989DTGRK,store_b1056aaef8e75220
B0989H7ZT1,store_e4d775a8b4d4c143
B0989S457N,store_f2d81d10352290c4
B0989YSM8H,store_c222db91c9e2c743
B098BFSQ6P,store_b781135baf63c0e3
B098CG8NVN,store_5a85f2e5dc97cd8a
B098CZRG2Z,store_c1899a2f611203ba
B098D4L46X,store_1a4655fd211c1f9a
B098D86BF5,store_4bd4be6646ac2d47
B098DC5NVF,store_4bd4be6646ac2d47
B098DCHBV4,store_867a2823134113cd
B098DMKY6G,store_9122661816e7c48a
B098DNQLQ5,store_867a2823134113cd
B098DQLZG9,store_f5250b50f8831d3d
B098DSGPR3,store_d67bdaefb1c19c9a
B098DTZPQB,store_9122661816e7c48a
B098DW27KX,store_f61128dd802faa6f
B098DWSF1V,store_6b903d97c34826a4
B098F3314C,store_6778aec634b04682
B098F7JTS3,store_1e236fcebb8c98b2
B098FBNSJN,store_ca87d5ceb2e723fb
B098GDR55Q,store_d793712da5448361
B098GMKW8D,store_b337cfc755f276e2
B098J66138,store_04e608383cb701b1
B098J6KJL2,store_41bb2ac81343f5ae
B098J95G2Q,store_65e005e14c81a5c3
B098JBBW45,store_d41942208e77ab08
B098JJ7KYM,store_20b241e1578fc10b
B098JPD7K8,store_f9fbf5e4beb3ece2
B098JX1V49,store_625a9f2125db115d
B098KBMWX2,store_738ceac1a6b6ae94
B098KCD857,store_0c99ced377d1a27b
B098KLQNFG,store_cb940ac9cb93b226
B098M8MZ9T,store_35c56dee78abed9b
B098N9YWVV,store_bc66381a14233672
B098NSH4VC,store_3a534f268c326369
B098NT3ZCZ,store_fd39e50c5e75c6ed
B098NYSLBH,store_59851e905b720855
B098PRJLNM,store_92f1761773e658f2
B098PVHCSJ,store_b89884500a1cead9
B098PY23L2,store_eebde49e4a9f70e6
B098Q2T9T5,store_f83ebbf776c1fc1a
B098Q4SS34,store_ee6586995cd4dc39
B098QD1SS4,store_34c0684c1514a661
B098QKWX9K,store_87dfbd93472afda8
B098SSJDD4,store_42fffb86e3b8df51
B098SXZKJ5,store_0d7ba8e302773545
B098T2YQYS,store_dc37c59d353bddd3
B098T3PNGD,store_59851e905b720855
B098T9W72C,store_f6d60d46c1206aee
B098TF7F6D,store_aaab4e7caa372d05
B098VWQHWL,store_1060fbd3ea5759b6
B098W1G4WK,store_d432e34db73c81e4
B098W794X6,store_3edd8dbed1932da7
B098W9ZS8H,store_9bdb6feb4d470296
B098WX65J5,store_8c1f6bfcc3c04876
B098WZBJQQ,store_0ba11a20cf7144d1
B098WZSS97,store_6e23ecfe17b17ba1
B0991F6TCD,store_141c6b81377e5845
B0991NS9KR,store_8933d96a4cbb541e
B0991XZKL8,store_bbefaf6bbf290365
B09921SYTZ,store_1783ed0de827895f
B09924J8QD,store_765f6272380f10c2
B09926PSVG,store_4121c29b06fabf2c
B09928Z8T6,store_2295179bcba7fdda
B0992KLF9B,store_bc66381a14233672
B09932DH19,store_b427b0a78dd12564
B0993769V7,store_a0fd83afc0245c05
B09937PX5F,store_731e9af6263a4304
B0993FGVL9,store_8ac9825dd1bbb02d
B0993XGQR3,store_46a808cfd5beafa5
B0994THJWN,store_3e5a2f29468f856d
B0994THZFX,store_fc5f0a7ff91362f5
B099579FRS,store_098f871344333306
B0995JQFVH,store_362c6eb19770595d
B0995SGNV5,store_32a6ca934c724063
B0995WLKZL,store_7c8f44158d31ba76
B0995ZK4HY,store_0c2f4b8fa47ed5ab
B0998CMTQZ,store_569f4d86b64b7815
B0998L3D8G,store_af90f597b33bf4b7
B099937247,store_543e564ac4ec58c7
B09997QNSK,store_337bc5531baaad1c
B09999NFJM,store_db5cbe37b3fe06f8
B099BLC99J,store_29ad0d77bf56a455
B099BMWSMK,store_3e4f5989940b56d6
B099DL86SF,store_a6cc2ac85a940ded
B099DP56V1,store_12aad644604c90de
B099F1WF4L,store_501d13230802db23
B099F97414,store_597728e9579dab4d
B099GH1JGR,store_70fa51c6e47b32a4
B099GZ4P4Z,store_b4712671a44552ea
B099H4XFCV,store_85db14d5b1ec7168
B099K5ZNSS,store_f739b730a7b1b200
B099K7YMYH,store_6806ef6adb56a5c2
B099K8XJ9L,store_dbb07a699b670fae
B099KD4RCN,store_b59b0a0b2a2f38b0
B099KHN4ZK,store_b23e28d3d7ded45a
B099KKM9NG,store_edd6468e5aead7e4
B099KLQZJY,store_6fbfab836b49213a
B099KRH966,store_a40790b29c4c0229
B099M85C6R,store_7a5c9f28381673c0
B099MSF9NB,store_ed6f4bf98d17dce0
B099N5NZMM,store_d31272014ba71845
B099N7TTPN,store_731e9af6263a4304
B099NPCXFK,store_6e2f679bd14458d0
B099NRLXCK,store_70b8923f9ead7788
B099NV6BSF,store_378b391b0d66ae13
B099P2T5LZ,store_30dc9399ce60a16e
B099P56CN3,store_88a085d2bd65d96e
B099PBJCZB,store_88b3debb0c7df9ea
B099PG4DLS,store_6b5f541087cdc212
B099PKNG7D,store_658f3a36904ef67e
B099PLWWQY,store_6aafb81336dc6908
B099PMBHGG,store_865c92c9edb5fa37
B099PTXS7R,store_7d60208d9c86c531
B099R6J7Z9,store_34e8f3b0fbf33bba
B099RNDSP3,store_de73307db7232db3
B099RPBYT3,store_a0336a2e3c02f9bf
B099RRLL72,store_6b5f541087cdc212
B099RY9FQ1,store_dc409dce4bb43ed4
B099RYN6VW,store_7cc716fd16b4c024
B099RZZHYV,store_8f6f819b52171f9d
B099S4QWZK,store_a3eafa8164a7f52c
B099TPM7BN,store_1ac9c8a0da81fe01
B099WBYJ67,store_94ebb9006a8ac83b
B099WK7N3Z,store_f3d4c25450bffb02
B099WMKMFJ,store_7d951f3dd9aaf513
B099X7YWPX,store_a2c237ce9985d5fc
B099YXG6D6,store_df4aac95066b766b
B099YZNH3B,store_34a0c5c8496eddd5
B099Z53Y4Y,store_47f76c7106538bd4
B099ZBLX3Z,store_01ba8d723c15546e
B099ZJ8T5Y,store_47f76c7106538bd4
B099ZP5S2Q,store_b16a441ed8e67e8c
B099ZR9FPW,store_711d1f0f5fb20fd8
B099ZS9XVW,store_7bc43936bca6d3b3
B09B1LBFC2,store_e0195770807aa8c8
B09B1RGBYF,store_4df8c8e6ae9bc9af
B09B1RNVW6,store_2735764c51d32033
B09B1YMM7Y,store_f6d60d46c1206aee
B09B22DLX6,store_c48fd5ce0a6fb651
B09B2KH4J4,store_366ed6f55823e410
B09B2MX7WF,store_5ea0ae0a2f11645f
B09B2RNHHH,store_d44586ba4e244f9a
B09B3GXY8F,store_6e28dbc8bbdfe47c
B09B3JVP4D,store_bfed301a9fa01f5e
B09B47FBLB,store_4ef1d3a916c8604f
B09B47QQ1Y,store_8b6a853a7f5c980a
B09B4XJ74G,store_98b7014393a4c572
B09B4Z3F57,store_29ab96509ca1eabf
B09B593RM5,store_70638f0a3ae11134
B09B5ZLNY1,store_827e9c8a35c3bc42
B09B6VGH2N,store_0e8b709a667bb9fa
B09B77K3MG,store_de73307db7232db3
B09B7K8PQQ,store_d8f440957e0ec606
B09B82KQNY,store_62691d0c57a3819f
B09B8JHZBZ,store_2cc8d1a209565aaf
B09B98VTFL,store_fe6c701459c503aa
B09B9NFFSM,store_d7f38c3e6f01341d
B09B9TVXR2,store_21a5831f4f5d1f93
B09B9VR2RK,store_a8a7baf70201997f
B09BB1ZJ5L,store_4bc8d57fd10151bf
B09BB2QR55,store_4bc8d57fd10151bf
B09BC3SHHT,store_d0d079a9a4da98e1
B09BCPV2GV,store_28594b66b80a1308
B09BCXPTDC,store_7bc43936bca6d3b3
B09BDDXCBX,store_9ff5c914f38c26a3
B09BDFS3KK,store_d902ae992a022942
B09BF1R2QG,store_c107c2cfdd438c7d
B09BF41KSN,store_e6dee76dab2c68ba
B09BF816JP,store_83ed8975d2e0ac74
B09BFHR5XT,store_970217cc49a9439d
B09BH5X2HC,store_dfe2c19d2b935e1a
B09BHFSPFG,store_ad32bfe87e1c76b0
B09BHNWDFB,store_711d1f0f5fb20fd8
B09BHNYYPW,store_9627d89ac60c1059
B09BHR3TYZ,store_4de2fa195d83b9d2
B09BHX3L14,store_4de2fa195d83b9d2
B09BJ34DMN,store_6cb0cb19bdfe26b7
B09BJBK7T1,store_83db277ebea82550
B09BJHRLFG,store_e4bbb88a45e8d9ff
B09BJK8WKP,store_6ac31fc3ad2aa410
B09BJRMQ2H,store_c4ad40f09785f317
B09BJY3N9J,store_4129b3206f1199e8
B09BKJM4Y3,store_45c665cfc40cdeeb
B09BKLT7LY,store_46a808cfd5beafa5
B09BKVG62R,store_6fd79f4bdf5dc9ed
B09BLKD7FC,store_4b6f6f8033f513e3
B09BLLC12R,store_0b84b5111e4323fc
B09BLLQ4X2,store_4b6f6f8033f513e3
B09BMVRDL6,store_33579ee38734a04c
B09BMWCYRF,store_d81e6778555f4ebb
B09BMYXP2V,store_206215462156a103
B09BN25Q6F,store_5f7a0d8bcea15cf6
B09BN3ZQLM,store_83ed8975d2e0ac74
B09BN471Q6,store_6f85f77b68c4f9b1
B09BN5TYK5,store_9be3b420f0d570db
B09BN6ZLK2,store_b232e634284d806d
B09BNCMCQW,store_dc5ce236def73838
B09BNDHBHF,store_711d1f0f5fb20fd8
B09BNFYSNK,store_711d1f0f5fb20fd8
B09BNNK3N3,store_11c66461c5fbc98f
B09BPZW3TN,store_e70b99089cc891ec
B09BQJJT9L,store_c24c386867a6363b
B09BQR2499,store_fc643dacd493965b
B09BQZNKND,store_42825b817aa303ed
B09BRFYXDB,store_76ec59fa045acccd
B09BTV1S45,store_5c82177bad8ae309
B09BTZYQ5Y,store_0cf21e78b1870b50
B09BVBPVVB,store_448122a6921510c6
B09BVY6SN2,store_464c04977821729d
B09BY2RQQS,store_dc2388984c8158c5
B09BYVWW6R,store_dc409dce4bb43ed4
B09BZ1LT9L,store_d81e6778555f4ebb
B09BZ895CW,store_fca557e5d32c9a18
B09BZWKBF4,store_46a808cfd5beafa5
B09BZXFZD4,store_46a808cfd5beafa5
B09C18HXXJ,store_f83ebbf776c1fc1a
B09C1FZHDY,store_868dad45e6cabcd1
B09C1HFW59,store_c222db91c9e2c743
B09C1JHTNH,store_868dad45e6cabcd1
B09C1QTC8P,store_f4035a6aeb628816
B09C1RMC6Y,store_d66fcc742cc64048
B09C1RT865,store_d66fcc742cc64048
B09C1S1XP7,store_91eb5a707604443d
B09C1T3WYK,store_07b6c891a7ccaded
B09C21SWNT,store_805e919d8b0c9d59
B09C288B34,store_3db02b931eec9ceb
B09C2ZW2GL,store_da4dbffcb31d7ff9
B09C31LCL2,store_4996e34c7a571032
B09C322LC5,store_a19da4e76f67f1d6
B09C3CYDH2,store_50ab6086296e88d1
B09C3K39L1,store_932193f285edd859
B09C4JV3XD,store_726076e2d6ed1ba5
B09C5NFL4N,store_922bc17793e9d3f6
B09C5NQSC5,store_9e00118ab5887f24
B09C5RP32L,store_1cfd0482bd43db71
B09C5SDQS4,store_482f65c1d2d1b02d
B09C5VCDPW,store_aa6f7f6120e6166b
B09C5WQ7G7,store_aa6f7f6120e6166b
B09C7SR8R6,store_6d72a153c347adeb
B09C7ZG546,store_1d556cbb186d6be2
B09C87M3NQ,store_da1a5342bdd35e39
B09C87ZC4N,store_da1a5342bdd35e39
B09C89TCMH,store_19afb01a393c946c
B09C8HQ3HN,store_899c00ced94ed560
B09CB17RKT,store_f95294da59a94b9f
B09CD3N31K,store_0758cbcbdd461f48
B09CD8C9MR,store_468fb498f1c46655
B09CDC111F,store_54d66c2d7605500e
B09CDC1758,store_609b6548fb884c91
B09CDFNLFR,store_62287f8aa12ca046
B09CFRBBVK,store_575c43e90916033d
B09CFZ9DZV,store_1f8d69d206644f5e
B09CG824DC,store_a0fd83afc0245c05
B09CGGM1PK,store_d7f38c3e6f01341d
B09CGGZX7Q,store_5368d87e87a83c8f
B09CGJBSRL,store_569f4d86b64b7815
B09CGKP8ZK,store_233c1bb0a1829efe
B09CGNXJ6B,store_550cbeca4c633602
B09CGX662L,store_43abc7b77fa26a67
B09CGXR1VS,store_b6c331c638f10cd1
B09CH39P18,store_3d019399e0ee0121
B09CHC299W,store_f8007b5700085881
B09CK1TH4N,store_8b6a853a7f5c980a
B09CKT5P8C,store_bdcf520a7d6716a3
B09CKY1C1S,store_c0cdbba99ddd2a98
B09CL2H2HJ,store_0758cbcbdd461f48
B09CL38Z9T,store_0758cbcbdd461f48
B09CL6KWLK,store_befb79a1c3566d96
B09CL861WD,store_5cf97fc86ee39deb
B09CLBHXLL,store_f4f17f55befdf36d
B09CMD6M2F,store_a1dc848d09946f9e
B09CN248HH,store_cb609c362acbf052
B09CN9BCN6,store_7fff55078fc09c0b
B09CNL34TP,store_8b6a853a7f5c980a
B09CPCNQTT,store_58ce47f1e9c66a1e
B09CPMJKBS,store_b23e28d3d7ded45a
B09CPSZW8P,store_ea13563d02464a9c
B09CPT4H52,store_ee17f560a1f77440
B09CPTC55K,store_10424883c36a7fde
B09CQ3Y97B,store_b3f6e47dfb820cec
B09CS252MS,store_98b623d3a28e8b27
B09CT5S7J1,store_d793712da5448361
B09CTB3279,store_b1b6b331f41d1bcc
B09CTPYW59,store_96e4d5795026b8f5
B09CTS7Z8Q,store_464554abf0ac4a3b
B09CTTMDM9,store_464554abf0ac4a3b
B09CTYLD84,store_158bd7a8af93ae89
B09CY4BKF1,store_716e9b9aa122a06d
B09CY8P2D5,store_f4c7af49487c7f41
B09CYG872X,store_d91926db056317eb
B09CYT7W58,store_3b764e899e621b7e
B09CZ73M2G,store_bea5d53c591cfc58
B09CZG7JQH,store_61bdf6f16f018766
B09D28NVV4,store_46a808cfd5beafa5
B09D2VRNMM,store_87073a383cfb2938
B09D35VWH9,store_84ed13328fec78ab
B09D36NSPC,store_87073a383cfb2938
B09D3GHW4D,store_1bd0e984b0ffc366
B09D3PW6C1,store_7984d7c856208b54
B09D6P13WC,store_47f76c7106538bd4
B09D748HFR,store_92d73d15f3bd501f
B09D78JJDX,store_07b6c891a7ccaded
B09D7H3G2N,store_febcd042b459436b
B09D7K8L7C,store_7b90ce14e3f3b884
B09D7LW2GL,store_14d42e726ffd5552
B09D7N6G8X,store_0cbf72970fd8184a
B09D8D6KWQ,store_542c5e265de55713
B09D8MXWY4,store_f2b81f5fcdb6dd8a
B09D99QV16,store_13818a5684a7ed4d
B09D9P2DB2,store_4467bdcc73352ae5
B09D9XTKRG,store_64d8a24813203688
B09DBH33GR,store_8f8cebce338ef872
B09DCPJMRG,store_70b8923f9ead7788
B09DD15ZDC,store_6c5d11bcb8047a1b
B09DD5TV6V,store_8e6c0c810a1a64e3
B09DFFR4L4,store_76f84abe2b2b909d
B09DHMW2ZR,store_dbe202caf5806c03
B09DKFT8HY,store_bdcf520a7d6716a3
B09DKJKLMN,store_75b780ffe7d7f576
B09DKT8YC2,store_b044e97d8a329b02
B09DKX5BB6,store_d3ece63f104982c6
B09DLCTR8V,store_de73307db7232db3
B09DLG6G38,store_7d60208d9c86c531
B09DLGHYJR,store_de73307db7232db3
B09DP71VK3,store_29d59a378eadf712
B09DP99W3Z,store_bed5e0f7bfc2f4c1
B09DPBRJ1C,store_871a8ed1bf60052b
B09DPLJT1N,store_6947e9d09c80fce9
B09DPM8HBF,store_6fd4a22c9a7c49dc
B09DPPTLTC,store_d7c651ac44f54cf8
B09DS8XBX2,store_bf1701f34b3d08a5
B09DSHWTHW,store_9f0c017f4d36f908
B09DSJ9KZ8,store_50002215971db727
B09DSPTNN6,store_c9a0ad83e921148b
B09DSQ524Q,store_cb6fb2102acaa520
B09DSRR438,store_1e9899867c993940
B09DSSCXZB,store_c9a0ad83e921148b
B09DSXW9TH,store_1f3ab1aa20142a06
B09DTB2945,store_bdcf520a7d6716a3
B09DTBP3H1,store_bdcf520a7d6716a3
B09DV1Z24J,store_f03d9080885812d9
B09DVW8T9Y,store_04f3b93661e66121
B09DX75K4J,store_e9a121523cba3f75
B09DXBSBQP,store_d09108b85a8a43e3
B09DXG2TGX,store_6af11d1fc4f420ac
B09DXK7BB3,store_38fa2a48ce35ddc3
B09DY24FRK,store_844927c87dafeeef
B09DY6BTQP,store_7ffeb8131374e589
B09DYMHJHZ,store_e205888b17f2f470
B09DYP474F,store_e205888b17f2f470
B09F1SDZD2,store_d793712da5448361
B09F2NN8DH,store_86cc233670e53a81
B09F39VMW6,store_c8765e99e9a6c0d1
B09F3LF24J,store_9ba1412dc28fb057
B09F5JSDXQ,store_db5b26af964d7d1c
B09F5Z4WJ5,store_f6ca2ac046f996bf
B09F671Q9M,store_e5ac440786036c25
B09F6B5G9D,store_3234808cb693e473
B09F92KSNG,store_1e69d69df66c214f
B09F9PFBH6,store_86cc233670e53a81
B09F9Q8RBX,store_98e7fb436771e90d
B09F9ZRF8V,store_370dcd28c035af33
B09FBQMPR9,store_5811f5e73d6cbc2c
B09FD6S7WS,store_085f363cc857e4a6
B09FDD2K93,store_085f363cc857e4a6
B09FDTDK3G,store_3edd00c7c6b6f376
B09FDWVYR7,store_141c6b81377e5845
B09FF2T81C,store_16b21e4fa33261d3
B09FF97RHL,store_15af9d94f3dafbec
B09FFQT1KK,store_cfd364882e7737f3
B09FFS291Y,store_cfd364882e7737f3
B09FGD3SPR,store_456c100945b0acdb
B09FGHN41H,store_d6f02c47383c4935
B09FGXMT44,store_3293446d697ecf2a
B09FH4Y45F,store_0cf21e78b1870b50
B09FJ9JTJN,store_a95a365041ab3bae
B09FJMSF9B,store_e7e04c41909e347e
B09FJN8QJZ,store_fcd03d2ee3ef9ffe
B09FJNTC51,store_f6d60d46c1206aee
B09FJPYB18,store_59851e905b720855
B09FJQ9NXK,store_e7e04c41909e347e
B09FJQZF34,store_542c5e265de55713
B09FK4WRFD,store_2ada212674dc6849
B09FLFFKWG,store_d96f78705265ed59
B09FM1N4D7,store_3eebb1bde354b3e5
B09FNTZFZZ,store_64ff7ea9a66a66a7
B09FP75NRG,store_ad3154a6db6f6ddb
B09FPFGLFF,store_9f1ff58b3c415772
B09FPLWLC2,store_db8a1ffc54bd5fcf
B09FPPPQX9,store_b38e6e8feef62a8f
B09FPTW3JT,store_b956ef1a7b196e3a
B09FQ77FTT,store_9cfa9c7b5deaf00f
B09FQC3MD2,store_ca350e1f1bffbf98
B09FR54XLC,store_bfe2dae00ead6bea
B09FS1913B,store_d793712da5448361
B09FSWZ668,store_4ef6f9a19769e55f
B09FTHVW2H,store_e1b6cfa63f374d00
B09FW4M7G8,store_d793712da5448361
B09FW5NVBD,store_1483c25c359f9487
B09FWCYD43,store_d793712da5448361
B09FWHZ44M,store_d793712da5448361
B09FWQJ51X,store_9671771b93db8346
B09FZ4G22X,store_7d60208d9c86c531
B09FZDVC47,store_da9205182c712544
B09FZR2QJW,store_02888dac0b160b9e
B09FZZZDQ8,store_78d70ef3697675b0
B09G2PFF1K,store_6e6dfaee8eacc141
B09G2PRR5B,store_58df2f35c39719ef
B09G31V2G5,store_365841afc8c1de75
B09G333HGN,store_3eadc7072c471621
B09G6RDR4J,store_929c0d133feb5d0b
B09G6S1F31,store_18883d4ed97ef2a8
B09G6ZR8HJ,store_e89a6ef0f9238c9e
B09G95ZZR5,store_1b0b700c8c2be668
B09G99J6GF,store_b8e0e82d87481266
B09G9RZ56B,store_76287a0fbe13fef2
B09G9VRGS1,store_dd98a5e9c673c5d3
B09G9Y2WG1,store_161222125db13716
B09G9Z111M,store_71212215ba635f88
B09GBF17CW,store_b492f55f6658e2c5
B09GF2H8VY,store_88328f0a11bf5d5c
B09GFM3CPS,store_5ecfa5aee6fbe368
B09GFSSDQR,store_bc66381a14233672
B09GG54NNX,store_5947c5626c3eb99d
B09GG6YGLN,store_8f6f819b52171f9d
B09GG6ZC85,store_1ed989f6685dc785
B09GG7PS2Y,store_5947c5626c3eb99d
B09GG8RPQF,store_5947c5626c3eb99d
B09GGC6696,store_b6b4e6b5b742a304
B09GGF4FND,store_9bf27a01da88204d
B09GGJJJF1,store_5947c5626c3eb99d
B09GHF983M,store_dc6f48bbb7351b22
B09GKYL77M,store_2fd3402129116c18
B09GKZ9VY4,store_796f547017242bf2
B09GLGT4B9,store_103f6ff2045ea3d7
B09GLKZR8P,store_9b2ce90e8bdb5877
B09GLVB1CF,store_a707e7a76c542128
B09GNWC26L,store_fb855f083deb6306
B09GNXK3N1,store_0d64605eaa2cc1c2
B09GP8KK8Z,store_8b4a11eb75137e60
B09GPH1TPH,store_9d94cf517b0e7661
B09GPW3CFL,store_2180c68eb66efa63
B09GS985R2,store_3846f5ebf9f55c27
B09GTV6WL6,store_aff8e00d0f2f43c2
B09GVBDY22,store_2ad435fd54ec3a51
B09GVKL2K6,store_7dbfe62922104786
B09GVTDNFZ,store_6b05ea318b472649
B09GWFDCMN,store_755e014ec2bff1d0
B09GXMKV5H,store_c727ed4b61bbd328
B09GXN66HZ,store_22b4b91aded6a417
B09GXP1898,store_6c8a31e65b3fa1d3
B09GXPXW56,store_2f873e313b8d1808
B09GXTWSC2,store_34c0684c1514a661
B09GXWB5NH,store_4eb5128b765e4cbb
B09GY791PK,store_004aa09800177180
B09GYJ13MV,store_a0ff56a6b8838f99
B09GYKCNBZ,store_a6995ae9dc7e4dee
B09GYLHWSN,store_63e788a99e3c1837
B09H23ZGCH,store_a4b923172b4e6809
B09H2CSKWH,store_7975f810ebfc2ae8
B09H2XN16G,store_1ae577357556932d
B09H3KC5RZ,store_f465e0b033bbb99c
B09H3NHJ8Z,store_46a808cfd5beafa5
B09H4HJSZM,store_60df0b0f337810bf
B09H518NMG,store_c50230e513133b13
B09H5MXF4L,store_e1c9bd4c50ce7a83
B09H61PN51,store_7777b3a56865db89
B09H76PY5D,store_20f76b6ddd365a22
B09H777SDP,store_ca6f6f67611cef65
B09H7DFM7X,store_6b205604e93f7df3
B09HBHMMT7,store_4089a975e9ce3103
B09HBJNKGX,store_13f8d4e38b67bb76
B09HBT2RF6,store_4089a975e9ce3103
B09HBT4SMH,store_d9d17b0c2745bbcb
B09HBTGH1M,store_d4362077965ab4fc
B09HC3R8B7,store_6c7660aa5ef8daaa
B09HGGBTV4,store_30cdf1c69f147125
B09HGHZQJM,store_c1442e799cc09ab2
B09HGP6L1N,store_320a0191dc8064aa
B09HGV3BSG,store_c1442e799cc09ab2
B09HGV9SBH,store_1bde249ce64fd8f6
B09HGYS67R,store_49c1f3c368f9cf0f
B09HH5CZ8D,store_3b426bb6703606a5
B09HHJZTQK,store_05b44a53343dc82f
B09HK1FV2B,store_72332ee9cecd4655
B09HMXY36F,store_bfef8be7e00ae3e3
B09HN6ZYNB,store_5f04a8843e6c2de6
B09HN7MNHL,store_c3f0c54b2664d086
B09HNDNTYH,store_fc298d46085bfc2e
B09HQ2P7ZX,store_7254a5e74e1a66e1
B09HQQ2PW4,store_89d88c79ec1cfee0
B09HR5NMTQ,store_d75572279dce815b
B09HR61SY7,store_d75572279dce815b
B09HR6T1YK,store_e8a9c534f0e87dfb
B09HRJ6GXY,store_46a808cfd5beafa5
B09HS7V8XC,store_088879ce1eb99fe7
B09HT52PFJ,store_0fee662985c3de08
B09HT6WRQC,store_0fee662985c3de08
B09HTFVQSM,store_aa6f7f6120e6166b
B09HTGG6CX,store_2c1349b4fd148531
B09HV4RQRB,store_19eb0c0cacef66f2
B09HVC4VZK,store_46a808cfd5beafa5
B09HX2ZSVW,store_1e1dcac5fefdb70a
B09HX6MFP4,store_86cc233670e53a81
B09HXDQB9K,store_0ed6505464e97bf5
B09HY39DHD,store_024d100f992b63f3
B09HY4THNK,store_ecd24c01bcb5f2a1
B09HYQXRDM,store_46a808cfd5beafa5
B09J154XYX,store_d300b7d947deb41a
B09J187NS4,store_abc8f5981a11f0f6
B09J1ZSJQ9,store_427f1115bb0b6d6d
B09J23HN55,store_792226efecd7d091
B09J24DQ95,store_0bb49ae6d31571dd
B09J2DHW8R,store_f11d8d47164d1b8f
B09J2LTWLL,store_4ef5b645ccddbd21
B09J3F1CQJ,store_d28959c5a0b55e02
B09J4PLF62,store_7ab5f0ebf16517eb
B09J4W9HXT,store_cc829c7dd771b9e5
B09J5DX6VW,store_320a0191dc8064aa
B09J6J3KMP,store_30f9c91f2b090616
B09J7XS8DX,store_af90f597b33bf4b7
B09J7Z4XWX,store_374425cd9190c0ff
B09J889KKD,store_05dcb464121b62c8
B09J8P7868,store_706814ab5ea6a78d
B09J8Q35DD,store_706814ab5ea6a78d
B09JB765BC,store_6702bd6f8dbd8039
B09JBJML38,store_04e608383cb701b1
B09JBLQP5Y,store_6e6dfaee8eacc141
B09JBR5KFH,store_fa58b8ee291dd6c4
B09JC2GTVD,store_93b8de37f0cfcc4a
B09JC7F3SJ,store_c595a3a623c42741
B09JC8KTFS,store_c595a3a623c42741
B09JDH3FJ7,store_0e995eabc6cfd15e
B09JFNN7VF,store_7212a9e01329ea93
B09JGPSF3X,store_6845d32ca5ee6b94
B09JJYHRGS,store_24309ef5a4403a9e
B09JK47PY2,store_df16f800ac670969
B09JK8VKTR,store_0609e4dd8044b5b4
B09JKB5Z4F,store_366bd60fd92da1c3
B09JKW2WCB,store_d530fd758465b366
B09JLHLCGX,store_878f1f2db690bf4b
B09JLMG2JR,store_2d163116ce188189
B09JMPXGC2,store_7d5f271e5b186c18
B09JNM1W22,store_ca8bbf71e71a1459
B09JNP2PW3,store_a7037134fdbb2be7
B09JS12J9L,store_3d75ddbb42d98e28
B09JSH2TXR,store_b6e18728ea436f19
B09JSN2C5S,store_b89884500a1cead9
B09JYKTL7H,store_f283d138538358aa
B09JZXY4YR,store_67fe14dd2bfe5427
B09K36D44X,store_8c28942522f0bce9
B09K36STVZ,store_33d127011adc4c58
B09K3874T8,store_5a4e90110fb47dd5
B09K3PG6V9,store_da75ad94f2528f54
B09K3Q9LDB,store_97a8b791448ee105
B09K3TR68Q,store_6030949b9f279513
B09K3X9MBH,store_21acda96ce3e0056
B09K3Y9L4D,store_7b5527cbd9c5b0f4
B09K3YMW8H,store_4c2318d1f182207d
B09K3Z86WR,store_7d60208d9c86c531
B09K3ZF9CJ,store_7d60208d9c86c531
B09K4FGRHF,store_57167296133bde78
B09K74XDFC,store_827fdf02f8701339
B09K79JJ12,store_8f8cebce338ef872
B09K7FYW2H,store_368ec96796ea3b84
B09K7JD445,store_5f7a0d8bcea15cf6
B09K7JKV4C,store_368ec96796ea3b84
B09K7WC7TX,store_f60457cb9141238d
B09K96Y5B6,store_c63c8ec7f6e23088
B09K9JHDNX,store_e2096309b93fbd1e
B09KBWGDNZ,store_731e9af6263a4304
B09KH49XP8,store_9e4c182751f19344
B09KK7VZ3W,store_42c42eae0b4314dc
B09KKHGC44,store_ee4aad42aeb6feb3
B09KKXB1SZ,store_efec82d837adddea
B09KKY1KHQ,store_1ecb046311f3b5ee
B09KLJ2PSS,store_f4035a6aeb628816
B09KLSYL8F,store_280e5d55afc8bb6d
B09KMC2HP7,store_c110fe6304bd39af
B09KMTQVWD,store_5aca0d7de015e41a
B09KNP8Y1Q,store_dc409dce4bb43ed4
B09KNPXDRD,store_ca8bbf71e71a1459
B09KNY8SFX,store_07a2e25662f8c794
B09KQTJ33L,store_77bd49f87eca326d
B09KR69XZQ,store_6d161a6d50d81326
B09KRJN5QV,store_c2ebdbddc104a17f
B09KS6GWZ4,store_dcd17ba7a0599eb8
B09KT4RJG6,store_8e8652ed85eb5255
B09KTGB26N,store_051819094b954504
B09KTJP834,store_cdc7fb309828229f
B09KTZHRXC,store_fa21a5c0b5099105
B09KVK5RH3,store_997adc836efa6ea6
B09KX5N1DR,store_8c0f43cd2d5143bf
B09KX9PRYZ,store_502fdc23c92d147e
B09KXBLNX1,store_4eb25e4ca18f0d76
B09KXF52L1,store_c24c386867a6363b
B09KXLC8WQ,store_2bef1b6e6ca05a2e
B09KXWS7T4,store_71b6ab88a8f4dc7f
B09KY9YWR4,store_0c656bd71bdebcf8
B09KYJJ3D5,store_8c0f43cd2d5143bf
B09KZ7ZPBF,store_072d842b0c934fb8
B09KZN8TMQ,store_272a3273090b6064
B09KZPBLKS,store_a6e16047b81917c0
B09KZRXC2W,store_6f5b01580ce43822
B09KZYTNK9,store_942ce9916abfca91
B09L14SGKQ,store_7761cffab57dcf2e
B09L172469,store_7761cffab57dcf2e
B09L33VJCL,store_d68d2687cf050feb
B09L3KLLVN,store_7ee196072eab3770
B09L47JBQ1,store_64a231259d28d4f9
B09L5JSQHJ,store_63a73dbb4368f7bb
B09L5Q3P7G,store_25eb2139fc92687f
B09L6XXSHB,store_ac9a1574f8855235
B09L7DLBR5,store_2fd3402129116c18
B09L7F3Y2K,store_add3b5f637dbae26
B09L7JBNV9,store_68ddb352908a3b34
B09L7KB9FG,store_f8b417b9aa7c932f
B09L7QJ16J,store_bd723da8acc710af
B09L86Z9B8,store_7ef1c405e5ceb42f
B09L8DFV7H,store_1783ed0de827895f
B09LCJ1157,store_170f2cf482c9bbbb
B09LCPQR5D,store_49793e038f03cc43
B09LDJDSL3,store_53b0a1b2fadf4e04
B09LF6YQKW,store_b337cfc755f276e2
B09LGT3L6Z,store_f41cf2326f26bb20
B09LGVQ116,store_3a564dc36c845e6f
B09LH1J352,store_4b8d6c33db7c0f41
B09LH2S518,store_65116cec482bab1e
B09LH5JSSX,store_f41cf2326f26bb20
B09LHS6RGF,store_7f25ace49682141a
B09LKBK3T7,store_1a25cdaac4c7fd31
B09LKDWV16,store_5f53dcbd69359fcd
B09LLKBZ3S,store_879e9ad7bf511440
B09LM4P9NL,store_c87a55b192ca2ace
B09LPL8TT7,store_7ee196072eab3770
B09LRFBGKM,store_b6b4e6b5b742a304
B09LRWP6DL,store_7fdfaea3e62ceaae
B09LTC6P2J,store_84de886a1c634802
B09LTS9N3Q,store_a117303201472a01
B09LTTV41L,store_5d4dd8e7c006806b
B09LV224SD,store_71e32b6f064e8906
B09LYFD7DJ,store_f4035a6aeb628816
B09LYGBBGC,store_71eccb3c35eb0dad
B09LYJG25B,store_ab10902041adfef7
B09LYK4GSB,store_ab10902041adfef7
B09LYXN1DF,store_0739ba3ce529780a
B09LZ17LYY,store_34f311cc6e88caa8
B09LZ2GXCM,store_641bc7576c7da907
B09M2LHB2R,store_add3b5f637dbae26
B09M3Y179K,store_02d67c8b7bde0996
B09M6RM7C1,store_b119921bcf9428e9
B09M7WQ55T,store_a1a9dc7eb04b6adf
B09M84MXRL,store_a47adec4d12f8b4c
B09M8S3MQL,store_e58c42ad76026de7
B09M94KB4T,store_596b3ccb453bfe2c
B09M9DT9GM,store_706814ab5ea6a78d
B09M9MFXZ5,store_c0a55351002ea814
B09MBKKT8M,store_b02dc1fc8f6d9499
B09MCHFHQP,store_a8c40b25173645f5
B09MCRXPGK,store_f4f17f55befdf36d
B09MCTBQ24,store_58f2bc3505c3da88
B09MCW375W,store_ca9f9dcef19fd713
B09MD5YTR9,store_4c791d692a99191b
B09MF1YYTT,store_aeee0ae2eb0bfa9f
B09MF7XKPR,store_0a9bc4ef1b3ece52
B09MFNCXGY,store_9d6ee2bb5dc9ef1f
B09MFR3RNP,store_f4035a6aeb628816
B09MFSBJ79,store_f4035a6aeb628816
B09MG2941G,store_dc444625eef759c4
B09MHJ9XRZ,store_b89884500a1cead9
B09MHXMH8X,store_65928f2c8dbe4e37
B09MJ1HPL7,store_cf44cf1b272ef690
B09MK28YFK,store_b3af6ea500fcc9c5
B09MKLLL5J,store_12c19cb0881a1fb3
B09MKM81F1,store_d8cf8c333371ec70
B09MKPGC82,store_3949aa92e093e131
B09MLC4RWF,store_46a808cfd5beafa5
B09MLFPPT4,store_edfb9b7060cc8013
B09MLRZWQ3,store_8b6a853a7f5c980a
B09MLXVYBL,store_3e18c36a74564281
B09MMMTR5J,store_49f768a17b29244a
B09MMXRKSZ,store_039e13a6e7694c64
B09MN1S1DC,store_a3b2ffa52d7c8855
B09MP27L18,store_004eeac9759fc830
B09MP2PQM1,store_004eeac9759fc830
B09MP4HBTN,store_004eeac9759fc830
B09MQ3MHBW,store_43ff93afa78ed485
B09MR3Y89W,store_79ef743dc452fb79
B09MS3D6B2,store_f5ac27d86f78ef1a
B09MS8N42F,store_de4ce735fd4cde85
B09MSYLCKQ,store_3fd2b67174149b4f
B09MTJDHMN,store_507fa781bd20d882
B09MTSC1TV,store_6609604454eca2a3
B09MVJLVHD,store_23c9064fd9443535
B09MW17ZQT,store_45408dfd7f8262b1
B09MZ11SRP,store_96106a72257d6aa0
B09MZ2VCX6,store_b5a15682f88a13e4
B09MZQ9ZQJ,store_8183615185a02a6c
B09N12LNDZ,store_407c332503e6e415
B09N1BKDXD,store_9bdb6feb4d470296
B09N1D3HLY,store_8b6a853a7f5c980a
B09N1MD863,store_5c7a3d7d46229159
B09N1P4RGC,store_309ea506af0259fe
B09N2RSPMX,store_7631da2c9a4d50e0
B09N3FZN6G,store_55b3069f4c63a008
B09N3MR1D4,store_7e4ba31a5a1a2c21
B09N6Y95PL,store_e5db5ed05d783c37
B09N8T42ZY,store_a2332862c2bf222f
B09N8Y99Y8,store_f14f14b2888b0ec8
B09N95CHVG,store_aa6f7f6120e6166b
B09N9JV4TZ,store_3ce1f460ae3de94d
B09N9M9156,store_ea2e5c70a4e40500
B09N9R2SYZ,store_8ba5c1126d110aa9
B09NBLXVJJ,store_637d1f5c6e6d1be2
B09NC88WTH,store_1ae577357556932d
B09NCJHDX3,store_07f9bb0766335c79
B09NDFHDDZ,store_7e4ba31a5a1a2c21
B09NDHDB4H,store_8c28942522f0bce9
B09NDK3QHB,store_0461d5ebb998e56b
B09NF4816L,store_4b44fbb3a02073f5
B09NFLH72P,store_aeee0ae2eb0bfa9f
B09NFQTM73,store_05adf3e963f65e61
B09NGX1259,store_d793712da5448361
B09NKC8TW7,store_98361aee5631321a
B09NKQXJHN,store_c5f3ed834c302ea8
B09NL18PBH,store_dc409dce4bb43ed4
B09NLDJXL5,store_3e18c36a74564281
B09NLGKCV3,store_3e18c36a74564281
B09NLHWKZH,store_f77f913b9d0cdf87
B09NLLKFM7,store_9e169642fdd7c02e
B09NLN9KPP,store_ff785811dd3d8ed3
B09NLX7H9R,store_29df9f4ebd0e1102
B09NMYLQLQ,store_73318eca87fed70b
B09NN3MPS2,store_0ed6505464e97bf5
B09NN699FT,store_f0f299e06ccc0019
B09NNCXG6V,store_637d1f5c6e6d1be2
B09NNDZ92B,store_bcfe33f728ed3eec
B09NNFC9WT,store_79fafb1d8eb73e19
B09NP32ZNQ,store_894e14ae2fd4eacf
B09NPJJ3GF,store_9344be7fa6048c02
B09NPLZ9MT,store_0fcc5066066a4239
B09NPMQY88,store_32a6ca934c724063
B09NPT1R6X,store_e99ae1eba85609f6
B09NQ3KQ6S,store_662a41c6bba20f68
B09NQFXL4K,store_e63647f423a4a9a3
B09NR73LWC,store_61ad1e5ae3adf6c2
B09NRL1XHT,store_0ed6505464e97bf5
B09NRT2C72,store_e2c14caee437b33e
B09NRXG6X9,store_d793712da5448361
B09NSCCZZY,store_7ef1c405e5ceb42f
B09NSG8VRM,store_7de74a4cf7396da6
B09NSK1NQH,store_dbadce9426c6302c
B09NSM6654,store_681e10e6c1d7b404
B09NTLNB63,store_aa6f7f6120e6166b
B09NTWK61L,store_1c79fcf11290c244
B09NTWW52Y,store_0e7a58c9383617dd
B09NVN6WTC,store_46a808cfd5beafa5
B09NVQTGX6,store_4c33e54c3b6a9860
B09NW89781,store_3f789dd44e487c52
B09NXNDMCJ,store_20e82c28a6cae0e0
B09NXNZBPN,store_1bfdd9aa1ff43a09
B09NXZJV2J,store_9155a67a4da965f1
B09NY4GKTR,store_32a2e1950feb3fca
B09NY569JG,store_52e73100b14266ea
B09NYH844B,store_2eb6c504e800206a
B09NZQHHCZ,store_fe86fb49bc6d48f2
B09P12DNQ6,store_74ca461f4d602c85
B09P1374LX,store_a174924555d78816
B09P13NRH4,store_a2b8b78f9ba024fd
B09P13VXSH,store_46a808cfd5beafa5
B09P1CFYHM,store_c33d5bb90e4c2c6e
B09P2RYVH4,store_fc2741454cd7de64
B09P2Z8P95,store_12a9a4af95addf47
B09P3QNL5B,store_920ef62471caf80c
B09P3ZMV55,store_e4c90ab22592880d
B09P4GSWTQ,store_07815387c6496059
B09P4NZ13X,store_131d30f4683543e7
B09P4W3N3S,store_39a276591265fbfb
B09P4YRKHB,store_d65b2c63b3aacbb4
B09P53MXF1,store_e0195770807aa8c8
B09P55KXSM,store_538d0fe70da0b6ed
B09P582X6Q,store_877d5093e20c465b
B09P59K9GG,store_f5ac27d86f78ef1a
B09P5FV741,store_85e4a31988cf62b5
B09P621G8J,store_5dd37521e6e21279
B09P6TC59D,store_d793712da5448361
B09P748D6T,store_0c3b3604031de8bd
B09P87Q9RL,store_9ac00d1182b921c0
B09P8JZ4H6,store_e68c686e0fb3588c
B09PB2JZ1C,store_30dc9399ce60a16e
B09PDHRM5C,store_0205a06c5089fd59
B09PDW8CB5,store_72f7d02530ba0995
B09PF8CM6L,store_edec1d401d44b834
B09PF8XDQ4,store_6379e20f849d7943
B09PFMFQ18,store_4fd69f33b396c604
B09PFNS1GH,store_559a8482ef61a331
B09PFZ6QVL,store_459f22640ad1d3af
B09PG3BH9L,store_61126948b4c027de
B09PG763HT,store_c9e3ad7104874164
B09PGKP5YB,store_5bdfea671693e0f7
B09PGSGDJ6,store_d793712da5448361
B09PGSLCQZ,store_d793712da5448361
B09PH88MYB,store_d685497330662144
B09PH9H2Y7,store_5a38e9e5447585f4
B09PJMMN4T,store_d793712da5448361
B09PL6LQC3,store_a44814b524101c90
B09PMQMJP5,store_5751290d2e61d038
B09PMTS7R4,store_8a65a4957768e37c
B09PNRY7WP,store_6379e20f849d7943
B09PQSP1NL,store_a44814b524101c90
B09PRCYP6F,store_4c791d692a99191b
B09PRJ872Z,store_32a6ca934c724063
B09PRJTSCP,store_3949aa92e093e131
B09PVNW774,store_46a808cfd5beafa5
B09PXFGSWY,store_400ebbc9fce2b336
B09PYGP4C9,store_2a412ae07b7993bf
B09PZVN1CX,store_dc409dce4bb43ed4
B09Q356MPW,store_ae1bf81b6bf50006
B09Q3X5YWR,store_109b157f4059c88b
B09Q8GF24M,store_d793712da5448361
B09Q8RXBVN,store_ef44188d218ef25a
B09QC8GTN1,store_68cfdb1a062980e2
B09QGMPXCM,store_4fd69f33b396c604
B09QGZG9MV,store_6beddc076cd38df0
B09QJ2KCM3,store_7d60208d9c86c531
B09QKXYTC7,store_4cd3f7ce869b03b6
B09QLL99W7,store_47d35b9b31863244
B09QLQLDFY,store_46a808cfd5beafa5
B09QMLWXDC,store_a01889876880ba62
B09QPH3J2N,store_af5c0f934e25ca42
B09QPH7Z57,store_5f7a0d8bcea15cf6
B09QQR236N,store_62c01f6a1537ff53
B09QRWMVV6,store_7ffeb8131374e589
B09QRXFKG7,store_58df2f35c39719ef
B09QV6D983,store_4963f4bdd72377dd
B09QW7BPMJ,store_43fa7213c162f825
B09QXCW4ZG,store_cfb216a138999aa8
B09QXNRPFH,store_78815fde5513d87f
B09QXP4ZLN,store_7ab6bdfa89f04d53
B09QYDGPG7,store_542bd8b235491bc3
B09QYZXNZS,store_a7037134fdbb2be7
B09R1R1S6S,store_9532dceb30d7fc62
B09R1VB1YH,store_e6cf572a301ba753
B09R826BXF,store_a33feae98ee32fb5
B09R98HFY7,store_694c93fa88105f60
B09RB9YJ34,store_731e9af6263a4304
B09RGGRR3H,store_c24c386867a6363b
B09RKMJDBG,store_d2ed7b250f79ac2f
B09RMTF2ZY,store_0b84b5111e4323fc
B09RQC8J7T,store_cf7dacb22ce0dbd5
B09RZNKZSJ,store_b6e18728ea436f19
B09RZVDK6B,store_409e8dcdb4e5f0f3
B09S1FN9F4,store_3e5ec2789955f323
B09S2F8Z46,store_29ab96509ca1eabf
B09S2YVZTH,store_79fafb1d8eb73e19
B09S31NFF9,store_79fafb1d8eb73e19
B09S3FD1WC,store_79fafb1d8eb73e19
B09S41344Y,store_6f74fd98e43cd32c
B09S4RNKQ8,store_e4c90ab22592880d
B09S7JWG9F,store_d793712da5448361
B09S8KYFS4,store_878f1f2db690bf4b
B09S9396WL,store_ad62be6b77506f94
B09SBV8FRT,store_7ee196072eab3770
B09SCKDCQM,store_130d95185730fa96
B09SCTY1YL,store_6cd67b29c1e04c10
B09SCVNWBN,store_718b7d590bf1b2db
B09SDG4H6X,store_6cd67b29c1e04c10
B09SDKHCYS,store_247731c75f3b2775
B09SFMNNCB,store_d45114728a7be33c
B09SG1HSG4,store_65116cec482bab1e
B09SGYN1Z4,store_0ed6505464e97bf5
B09SH2TY3Y,store_32a6ca934c724063
B09SJ2ZRG9,store_417a2b05c6f00d38
B09SLSYB1M,store_ee0dcffd874258cf
B09SM4M22V,store_266fcdff3346b16d
B09SPCF7JZ,store_4652012a0bd2963b
B09SPKTPLK,store_81114bda3275cae1
B09SPRG4KC,store_5b244f2e72dd9de3
B09SQ2GH17,store_0a14fdf49ae0c6a2
B09SQ7XGMQ,store_764d4f2e3e35f723
B09SSX1TRY,store_1ae577357556932d
B09SSYW5T9,store_7ffeb8131374e589
B09SWLX6S3,store_92e3b5715f75805a
B09SYQHYXJ,store_6fd79f4bdf5dc9ed
B09T381H9X,store_795a8c687b11938c
B09T3L32T7,store_ee17f560a1f77440
B09T5L3GF2,store_8814fbe9888a487d
B09T6LSRH9,store_579900cd8a95f51e
B09T6RDG1C,store_94a926604c5dffd2
B09T95646M,store_cc9e431346494be7
B09T9DMW3D,store_0fcc5066066a4239
B09TF2ZDMT,store_ea2e5c70a4e40500
B09TGD9ZB9,store_4b8d6c33db7c0f41
B09THF7DXG,store_8ba5c1126d110aa9
B09TK7PZYT,store_d793712da5448361
B09TKKPDYJ,store_3949aa92e093e131
B09TKPB3YN,store_ee128b906c503d39
B09TKSZCJB,store_d4641d22ffa2d979
B09TKTSWGN,store_c170b923e736d9f9
B09TL2MF3Q,store_3e3b9c3d291cf0fa
B09TQ3KVNN,store_b0af72c3c7fc8e1f
B09TQK8GRH,store_1b2369b4f5d85fef
B09TQMDSD1,store_4ab3dca7dc76e0b8
B09TQNJWV2,store_4ab3dca7dc76e0b8
B09TQYLSBB,store_45b7ed1f69498340
B09TQYZTDV,store_9155a67a4da965f1
B09TQZ9FKG,store_bae2c8c5948261fa
B09TR7YBZ1,store_2014e3e71aa8d553
B09TRWVDXT,store_d793712da5448361
B09TS1H16G,store_098c3ea93dbc9db7
B09TSTRCRK,store_5a6fb80429e992f6
B09TSWRPYG,store_22a83892ebb4c630
B09TSZ3F3V,store_f70032326109ec3b
B09TT3Z9SS,store_7ef1c405e5ceb42f
B09TT81T6S,store_ecf364594df57337
B09TT8ZVPN,store_74e10024284bd4b1
B09TT9K2JM,store_1f8d69d206644f5e
B09TVP3N3P,store_3da1425e810f689d
B09TVQ1FGY,store_dce5f2929e2bea12
B09TVRY3DY,store_b0f4665545070569
B09TW3HF9Q,store_b72cae4d315be95e
B09TW4LM3X,store_b72cae4d315be95e
B09TXPWS4N,store_87fb7f6d1a58590f
B09TZPZC5H,store_d1e7e3d61dda476f
B09V17VGWR,store_2020a8bd63d00f25
B09V1VJ3TZ,store_ba698c868c977f47
B09V24W7P1,store_a90332ea8f301d15
B09V3J1WPV,store_f3b81ed27cb7598a
B09V4GV7BW,store_a117303201472a01
B09V4VC7BN,store_879e9ad7bf511440
B09V4VD81Q,store_6268f4ff1619ff45
B09V4W3DZH,store_c2a30b2cc625e99b
B09V4X71D9,store_e6cf572a301ba753
B09V53HN1R,store_6f2c7124cb934022
B09V56QPG6,store_dfee87b739e7ca9a
B09V5MD3S1,store_19eb0c0cacef66f2
B09V6Z76G3,store_5e444900752f522f
B09V7GSMF7,store_7de74a4cf7396da6
B09V7L5GGV,store_3d37fc3a97203f06
B09V8H6NYS,store_46a808cfd5beafa5
B09VFK14KR,store_113e317a44aca2af
B09VGD31RY,store_913b163722c9bf70
B09VH7M73X,store_ea7251ff024b9e6e
B09VM61MG8,store_07815387c6496059
B09VPC8TWM,store_65116cec482bab1e
B09VTMNJRD,store_400ebbc9fce2b336
B09W156JVC,store_158bd7a8af93ae89
B09W15H84K,store_08a89861c35b14db
B09W22KF4Z,store_aa6f7f6120e6166b
B09W233T6H,store_aa6f7f6120e6166b
B09W4DR9FH,store_427f1115bb0b6d6d
B09W5D1MPH,store_30e1d7336a0a2fa9
B09W5NSHPF,store_4fd69f33b396c604
B09W66MSPX,store_b92ad435b721d9df
B09W7B688Q,store_8d5cf1bb61167411
B09W7X5FJB,store_d793712da5448361
B09W8912H4,store_2304f9167764aaf3
B09W8FGN3R,store_af90f597b33bf4b7
B09W8VPNDZ,store_56d109d2e7202311
B09WB3WK57,store_5f53dcbd69359fcd
B09WCRM6G4,store_a2c67ab6be6dff32
B09WCSCJF8,store_5f7a0d8bcea15cf6
B09WD7RCFM,store_7901dcdbffbe89f0
B09WDVKDTL,store_cdb04a1fc231e51d
B09WDW8RWW,store_cdb04a1fc231e51d
B09WF92LF5,store_514c83db49f98413
B09WHNW2HS,store_379ca2c480fb3e09
B09WMG8S8L,store_942ce9916abfca91
B09WMWQRMG,store_7d60208d9c86c531
B09WMYLPW8,store_1b2369b4f5d85fef
B09WPCFFZW,store_6eb31b3941daa67f
B09WR2JPTG,store_dee4fd84fcd5a537
B09WRRCST5,store_4b4e85b947c2aed7
B09WTYWVL8,store_6d90344956ee4c1a
B09WYBP9JK,store_773ba242ef17f857
B09WYCXJS6,store_07a2e25662f8c794
B09WYPCG6H,store_595b364810b9df3f
B09WZ7TL69,store_23b463a6c1fdba59
B09WZPXQF8,store_033deaaed657fdbd
B09X15Q65Z,store_c7f251470b4f1460
B09X17NSB6,store_46adf393fa7a4fde
B09X1D2Z31,store_6d90344956ee4c1a
B09X2JC361,store_d5855eeb91df6fae
B09X62HYQ3,store_85db14d5b1ec7168
B09X75BDQT,store_e054a0aa4915fa43
B09X7G11G8,store_225bfde683c2270c
B09X8SWWTY,store_94b0b284720dbfcf
B09X9BG4FC,store_8ad0be4d1a94ed69
B09XBMRQVV,store_06a0d55cec3054ba
B09XDK1M4Q,store_8110ec6918bf9af2
B09XDK71WN,store_3fed898521349e19
B09XF2RL1S,store_1d49be227a7de218
B09XH7WHV7,store_3d37fc3a97203f06
B09XHSYCRQ,store_22a83892ebb4c630
B09XK9JBR7,store_b72cae4d315be95e
B09XMTCK2Y,store_f6d60d46c1206aee
B09XQ731PP,store_96e4d5795026b8f5
B09XQB1S2F,store_548a906b2f6d9120
B09XQTZD36,store_89c39413a2ddd8a1
B09XT13187,store_a1bc8c357cf5ca3c
B09XTJ491D,store_c81ccf6ce94a3c4e
B09XTZQXGK,store_6ac52d99ef539674
B09XVBW2DY,store_1a8f41d918117614
B09XWH1QNK,store_aa3d1a7d23f054eb
B09XZ8L3TL,store_b31b6807d99d7a50
B09Y1B18VH,store_633d50768cf9177c
B09Y1BWYCR,store_3b0b23f7372a75a0
B09Y1S3W4W,store_879e9ad7bf511440
B09Y35D2R6,store_164ef1161b769d3f
B09Y3Y4HB8,store_967f62ee422d20c5
B09Y422C3W,store_c2bf3f6b232ad3e0
B09Y5T21XX,store_010d6656d1d10330
B09Y5TKD5Q,store_54ac44aa8d042534
B09Y5W9Q2H,store_0cbbdd68be91607a
B09Y92GKZ2,store_7ef1c405e5ceb42f
B09Y9CNQ8N,store_23b463a6c1fdba59
B09YDBRQKR,store_aac949999913e03e
B09YGD9JW2,store_064a3dcc1ee8950f
B09YH8L8CN,store_3a5a968a7845e7f6
B09YKB7L66,store_47180221583970fa
B09YNZNLX3,store_0245bd381c9e334f
B09YPSCQKW,store_74eb3ec9454926db
B09YPV5K4B,store_8396c82705240e57
B09YQ66DTD,store_ef44188d218ef25a
B09YQXTLS1,store_c23ab4566e22a9a6
B09YRBWQLC,store_24309ef5a4403a9e
B09YRCVDXB,store_ca6f6f67611cef65
B09YRQBY12,store_5a24bfc1fa086154
B09YRRJD83,store_2aa541ffbf852484
B09YTSPV9Q,store_94b339407d25f177
B09YV9T7ZQ,store_60aa10d449e68bc8
B09YVG9J81,store_920ef62471caf80c
B09YXTRKY5,store_32e48ff6691ec544
B09YY9HP8T,store_4e1a5476eefdb475
B09Z1TJLF3,store_35a852f1fa2ba443
B09Z2SL9NJ,store_1ef601f0b6a70a1a
B09Z354HDV,store_39b30b381987f9ca
B09Z4GR3SY,store_e62c27af7c9cbf5a
B09Z6DVMV1,store_768156cbc8774956
B09Z6GT8WL,store_7ef1c405e5ceb42f
B09Z6P6Y7Q,store_7ed401e226b02d24
B09Z6SMPQP,store_8fab0d92ddcdd8d5
B09ZDY5X5P,store_16b21e4fa33261d3
B09ZJWHSN2,store_ed41527dc0e0bf53
B09ZLR3VYM,store_1b46d91f97336e0e
B09ZLT8RD5,store_0a649bc6ff43cc57
B09ZMH67LD,store_f5abfd4e20f86902
B09ZMJXYM4,store_f5abfd4e20f86902
B09ZNP3TSC,store_6268f4ff1619ff45
B09ZQR64R6,store_b539d20782ca3e4a
B09ZXCBC42,store_aa6f7f6120e6166b
B09ZY5M157,store_0b79ec0a770fa7e9
B09ZYR83S5,store_4e317a689a81a347
B0B137LPYC,store_2a290d7277a872e9
B0B13BK8QD,store_2cd3b5530bb5dc38
B0B17B5C6Y,store_d4312608208d3f11
B0B187RXDM,store_f3d4c25450bffb02
B0B18HPSFC,store_522b276a356bdf39
B0B18Q79VR,store_6beddc076cd38df0
B0B19JLJSL,store_3d2d053cdd761a6d
B0B1BR564M,store_6beddc076cd38df0
B0B1CS4PYB,store_c92aa732c7adc355
B0B1H4YBLN,store_847b75706fdaa331
B0B1H78PNW,store_8d9ba0d40d8b95ff
B0B1HTB4Z8,store_861a86beb916dbf7
B0B1HTDZF5,store_9ac00d1182b921c0
B0B1J7MVY5,store_7ef1c405e5ceb42f
B0B1LRSGM6,store_ea6ab7aeb454aa6f
B0B1VPL8WV,store_680a354f3226767a
B0B1ZSLFYQ,store_6d90344956ee4c1a
B0B1ZW9TDL,store_6d90344956ee4c1a
B0B1ZWXJNW,store_6d90344956ee4c1a
B0B2113364,store_e0d3b0dd5b94b0c6
B0B211BFRT,store_e61c00e47e6b0bee
B0B212ZSWM,store_d3adf1392821b88d
B0B213FPK4,store_d3adf1392821b88d
B0B21HFTQC,store_7c85929b356f0508
B0B21MJBYT,store_9422b87e9b5c4af3
B0B21VR3LZ,store_57c9e8200179bdac
B0B23GCJ6J,store_697e9459ecc41cc8
B0B23TGQWC,store_e1187e9d0eba4533
B0B25662MQ,store_409e8dcdb4e5f0f3
B0B25VPQR4,store_304d8fc77e6bd675
B0B27CJ2KJ,store_55eef0177fb7af09
B0B27QZM59,store_b69a601bddd8285b
B0B28HCH4C,store_8d9ba0d40d8b95ff
B0B28RQYSG,store_3cd05adc9e29911e
B0B29HNY8F,store_1427b83b4b854c8d
B0B2GF9GKL,store_b199d95f77b6c241
B0B2JJST7L,store_131c2b11c27b5894
B0B2JQ1NH8,store_aa6f7f6120e6166b
B0B2KSJPKP,store_dc480662b8999551
B0B2L51YYB,store_c8b1c8353e6efdd3
B0B2LFCR9D,store_e0ca2ae4896e8fc8
B0B2M2NFVD,store_cbd091f0d057e2a0
B0B2MJSV1R,store_6beddc076cd38df0
B0B2P2LJ7Q,store_79ac98303c5e7f28
B0B2P2SS2V,store_b656c4b33193651e
B0B2PDW7FN,store_414c4d4d8a0d12ce
B0B2PSBFLB,store_f575d975d7020667
B0B2Q89N93,store_03f9cf3ab4b5d29e
B0B2QDXQ7T,store_543b17dfc6333ea1
B0B2RZ4KLG,store_efa422ec92db7944
B0B2V1DZS1,store_6845d32ca5ee6b94
B0B2VCC4SD,store_21d8827900764247
B0B2ZLTGGX,store_c01e2df997a75515
B0B2ZQKHCH,store_b2cdb38a6b30f542
B0B31STTMR,store_7c47b854c88034a4
B0B3218FNJ,store_9fdd9005b931380c
B0B33ZVQ5Y,store_e819311fda1e03c4
B0B354J9G5,store_d793712da5448361
B0B35M65HD,store_6beddc076cd38df0
B0B37BKFV6,store_c92aa732c7adc355
B0B38C21MS,store_1ae577357556932d
B0B3CCHWZQ,store_b72cae4d315be95e
B0B3DD5T8X,store_24309ef5a4403a9e
B0B3HFV5Y2,store_46a808cfd5beafa5
B0B3J8ZXJJ,store_787e4e521a461d85
B0B3MGGVHY,store_af8f25215187bb44
B0B3MYXT6L,store_85b65d90c788ec02
B0B3MZ4T9F,store_9cc01f498580311b
B0B3NCHJ12,store_b29c9919cc8f0c98
B0B3RMRLR4,store_b49f3b54928cc3cc
B0B3WTNQMP,store_d5a17ab1c4a35602
B0B4164FZP,store_a40790b29c4c0229
B0B41Z7ZVL,store_55244a4d773f3592
B0B45W6MVC,store_3da20ce4e7bbd12e
B0B45YFNGN,store_e61c00e47e6b0bee
B0B49CYRVM,store_5e3627b58e4cd0d4
B0B49K3FDQ,store_5e3627b58e4cd0d4
B0B4FGXMKG,store_ebad597db490677b
B0B4FJ3BDS,store_eb431cbaac1e883f
B0B4H5KL2T,store_113e317a44aca2af
B0B4J36P7F,store_a117303201472a01
B0B4JPGX8P,store_53a17606f35b9ffa
B0B4M3W3XF,store_6cab24e8b3e5467a
B0B4MR9BXN,store_5e9f96e6173d86e2
B0B4N6PVW8,store_48ef74bde9918214
B0B4S73435,store_fa157c9e4a389369
B0B4SFB7C7,store_35a852f1fa2ba443
B0B4VXRG24,store_aa6f7f6120e6166b
B0B4WMQL8X,store_026ad877e94f2edf
B0B4WRMKTY,store_ca8f773a0e0a6eb9
B0B4X4GTGD,store_90ce794983d70aaf
B0B4ZW767B,store_078fc88bf598a55c
B0B53TMKHQ,store_59f35fc5a835e3c5
B0B5697FTN,store_ee3411d00a23181f
B0B56WP9F2,store_3949aa92e093e131
B0B5817S8X,store_70e21878d268fa8f
B0B587M4NS,store_731e9af6263a4304
B0B587X39N,store_ee595ba5f6876946
B0B587ZX6K,store_731e9af6263a4304
B0B58RNDLB,store_c33d5bb90e4c2c6e
B0B593L7B8,store_21cb5acfbd9dcb4e
B0B59MDVCN,store_b2224bfcea4a83eb
B0B5BZ3GQH,store_df16f800ac670969
B0B5GKLDK7,store_e13d0f9e2b89ee0e
B0B5K32JZ9,store_2931b0a229fdf0b3
B0B5KYFJ6S,store_23e7e34d874c3a47
B0B5L22RPL,store_46a808cfd5beafa5
B0B5MZ1LWC,store_3d2d053cdd761a6d
B0B5N4QWH6,store_ba9c9178af5a12df
B0B5QDHHSB,store_17ad735e7a3f6b3d
B0B5QXVYNM,store_a629c2641d5b6080
B0B5RCKJHX,store_21cb5acfbd9dcb4e
B0B5RXXPM6,store_a6b8c82118bdc496
B0B5T8S7BH,store_b119921bcf9428e9
B0B5W219Y6,store_13165e25623c52c6
B0B5X48DZR,store_6b0d9f26090a8d23
B0B5XFVSXY,store_0deaefcbdb1bc9f7
B0B5YNHX2R,store_7dc831e9915411c1
B0B5YW1MZN,store_18bd9d2170f95c36
B0B62GY2RX,store_2f85b996d5458588
B0B62VQ719,store_e13d0f9e2b89ee0e
B0B63HVTBW,store_0739ba3ce529780a
B0B658SCDC,store_f6fbab6afc920318
B0B67JVZ5Z,store_5267c25347f94f1c
B0B67P9KDF,store_7df667aaa0336e0b
B0B681G7GK,store_33fd050c67c64b9e
B0B689HFGX,store_48ef74bde9918214
B0B68HRJ3V,store_b55a9fb219fddbfb
B0B6BL8ZHX,store_c0a55351002ea814
B0B6C3VFBF,store_8c166ad8cb37eb20
B0B6G5L6T6,store_3d2d053cdd761a6d
B0B6H9C78Y,store_b23e28d3d7ded45a
B0B6J9YTFF,store_3949aa92e093e131
B0B6JLCWH8,store_46560f6ab6fa98f0
B0B6RFD7RC,store_2d9cd254124f23a7
B0B6ZM9XJN,store_a24da1635e76a44d
B0B6ZPFFZN,store_a24da1635e76a44d
B0B713MRFD,store_46a808cfd5beafa5
B0B7257SBC,store_19ae3672dc5a7931
B0B73CHSRX,store_4a13acbb9a7a6b72
B0B76DHV4J,store_2e40b3310df1d63e
B0B76JW868,store_42a7ba143aac093a
B0B76MDD3C,store_4c787be996193588
B0B77LDV4B,store_16b21e4fa33261d3
B0B7B8PGQ3,store_6beddc076cd38df0
B0B7JB92B9,store_af5c0f934e25ca42
B0B7MCJ618,store_c5c17f9439b0d828
B0B7QZL8K9,store_d4c7fddb68c84bfa
B0B7R6DY6L,store_d3adf1392821b88d
B0B7RLVB42,store_4db4c0c258da4907
B0B7S5LK1F,store_0739ba3ce529780a
B0B7W4P7P1,store_fa5e59665ff6337e
B0B7WHWMC1,store_ec81a3720724abe0
B0B7X7XPF5,store_ff785811dd3d8ed3
B0B7ZVHJZL,store_22c039e8bc7856a8
B0B82ZRQ9W,store_0b79ec0a770fa7e9
B0B84PQ5BV,store_ff5b6084537433be
B0B8535PR3,store_db77076bafd8b6ec
B0B87SH493,store_95ef0eb15276f794
B0B89FFWQH,store_6c5ca1d8d4b9c4f9
B0B8BKK3CY,store_b8cb3e057772c5c7
B0B8CT9MZQ,store_abe09d5496551f10
B0B8CW5FDJ,store_2b9325524a9fa2ce
B0B8CX62R5,store_879e9ad7bf511440
B0B8D137G7,store_6282fe31908c8c4d
B0B8F6MWFJ,store_bb2a2eebaa8ba9d5
B0B8FZQ6MV,store_8974c2c31c9b84cb
B0B8G6RRPS,store_b86fb56f36f4f840
B0B8HJLX1K,store_aa6f7f6120e6166b
B0B8HPCSQH,store_736f9bad172b62f6
B0B8MHM2T4,store_d742f8128863d99f
B0B8RDMK5F,store_aa6f7f6120e6166b
B0B8SFDJN9,store_3090564fd3208ed1
B0B8Y9DGZS,store_a11b3fc0b8d614a5
B0B8YDGBXY,store_d300b7d947deb41a
B0B8YGPQ47,store_948804395e17c893
B0B8YZ4M7L,store_a8bfc3099fab0b5e
B0B8Z5H3T7,store_8598055edb24f0b7
B0B917RX76,store_33f83fef18a77ee9
B0B9192QZ4,store_238e461ab3e707ce
B0B927953G,store_5224cafdee52062c
B0B94FXGK4,store_6282fe31908c8c4d
B0B94K35XS,store_38e1c8dc07213e51
B0B95YQ9HW,store_24409e7be2be8a81
B0B96J78F8,store_7de74a4cf7396da6
B0B9777NNK,store_787e4e521a461d85
B0B97JLBDJ,store_abd995490bfc7958
B0B9FRZ9DP,store_e4c90ab22592880d
B0B9JVXKLT,store_45074f4de7ffe147
B0B9MYZY51,store_9671771b93db8346
B0B9R8W7RR,store_799861ecfc8612ef
B0B9RT88HR,store_fed67a1c53418f22
B0B9SB6SZK,store_c07054cc1e353477
B0B9WH5V5H,store_44a40efa35f8f6f8
B0B9WJ8S2T,store_56d109d2e7202311
B0BB6ZZYMY,store_48ef74bde9918214
B0BB8JLJLS,store_b10751cb1e99645f
B0BBG2JM6F,store_19daf4af614812fe
B0BBMF565F,store_5f7a0d8bcea15cf6
B0BBQWLX9P,store_464554abf0ac4a3b
B0BBXY8X1W,store_679f453166975c17
B0BC1RS4HN,store_4e1a5476eefdb475
B0BC2QR9SZ,store_ba698c868c977f47
B0BC2XLWML,store_d4b2bf85fe1c31ba
B0BC3MQD29,store_2e40b3310df1d63e
B0BC3T32C7,store_48ef74bde9918214
B0BC6PB1GW,store_57c70227cb3cc628
B0BC7WBCY5,store_b89884500a1cead9
B0BC87LQ7Q,store_f158071c26deb9c8
B0BCFQJ9N7,store_963f51e48035806a
B0BCFSS4P6,store_c0a55351002ea814
B0BCFSZ9FM,store_963f51e48035806a
B0BCH9YBWS,store_00d03527c406a159
B0BCVCF84G,store_8f8e40bc0b065559
B0BCVPQFKY,store_00835bb7e0c5ef21
B0BCWP916G,store_598093f4a57058a9
B0BD255N47,store_994184ff773d9f85
B0BD2CMPGP,store_0b79ec0a770fa7e9
B0BD2PLNK1,store_0b79ec0a770fa7e9
B0BD53NGNJ,store_8b2b1f47e5e00a03
B0BD7MRZ2Z,store_96a4ebeeb4c087dd
B0BDDWBLKK,store_3cccb412eaa16c8e
B0BDFSZV54,store_58df2f35c39719ef
B0BDKCSBZL,store_6cab24e8b3e5467a
B0BDLD8VJR,store_8c660712ec2f2b63
B0BDS43R77,store_237b5017397b4de0
B0BDYXW42R,store_5c70b5932a80cf4f
B0BF4NX34R,store_f4e33ea6dc3f6c95
B0BF4SXB5H,store_ddfd4e63328dff97
B0BF5FP1DL,store_464a5fba75d9c3d2
B0BF95SMGZ,store_555e0d82ecb4e707
B0BFBQCZ4K,store_46a808cfd5beafa5
B0BFGL32MG,store_58df2f35c39719ef
B0BFGRJV4H,store_35f8a004a27013b4
B0BFGRMH7W,store_21cb5acfbd9dcb4e
B0BFHBVJHN,store_fe3502b3c3d67252
B0BFJ6KLH8,store_8ba5c1126d110aa9
B0BFJXY7K8,store_eccf52e13670ac69
B0BFLNDCGH,store_05c7982ac4aa431b
B0BFPZMMC2,store_80960726faeb4a01
B0BFR6SZ45,store_5508be413f5de8cc
B0BFRRZQ8Y,store_38e1c8dc07213e51
B0BFWZMKWB,store_fa157c9e4a389369
B0BG2S1XLD,store_3cd05adc9e29911e
B0BG7XK34B,store_d96d7a5360564adf
B0BG8Q2939,store_6f55a6a9e81b0798
B0BG9MJ9CC,store_4fd69f33b396c604
B0BGGJYCG3,store_736f9bad172b62f6
B0BGHK75XD,store_e20e657e2723ee75
B0BGHKK3NK,store_bc14a2b66ad5dcac
B0BGK4F2N7,store_116217ece57dfbea
B0BGLG13YN,store_da75ad94f2528f54
B0BGN39TF7,store_f81d21e236095a4b
B0BGN62HJN,store_d0b2d50cdad1b2f5
B0BGP26FMX,store_34a6c9d79f4e9992
B0BGQQKWWY,store_d4428d0165fb9ad1
B0BGS9F2FM,store_a50f625153a062ba
B0BGT17QQG,store_64ce6baca87a8d84
B0BGXH92JS,store_c98ef8ccea8eeb30
B0BGY8PL52,store_1e640893f45f16e1
B0BH1BSR6W,store_16b21e4fa33261d3
B0BH1MQYDV,store_46a808cfd5beafa5
B0BHFHN1BN,store_6cab24e8b3e5467a
B0BHJ9767Z,store_8f1217c47b60ef4d
B0BHKV6QNZ,store_918ddf905c74795e
B0BHL8C7MT,store_bdcf520a7d6716a3
B0BHLF1RC9,store_5af00b1c4fcd6960
B0BHLKF2JB,store_b0d698668538e20b
B0BHMF7WLF,store_5af00b1c4fcd6960
B0BHMSKR4N,store_5e833c64c067443a
B0BHN7QY6N,store_5ca0da8d6447ad2e
B0BHNXPL2Q,store_58df2f35c39719ef
B0BHQHW3QY,store_98265514d0cec7cc
B0BHT1YRYB,store_bb4fbd64e824a73c
B0BHVQNT6M,store_58df2f35c39719ef
B0BHW7CPBL,store_8080ff5feaeab857
B0BHXZRJLC,store_0c4082ed4a2ab771
B0BJ6FS9WQ,store_b90e52a64d9f717c
B0BJ6J83XR,store_61f6141976f4882d
B0BJ7SFPPQ,store_656d248c822c08dd
B0BJ995627,store_f566fcfa9bf1156d
B0BJDVJ55N,store_c50230e513133b13
B0BJJRVM3X,store_5b288a4864da6177
B0BJNSH1VK,store_cb65e45825ef7ba9
B0BJQDS6MR,store_9e3e4a2b902e49cd
B0BJTWMSQD,store_ef44188d218ef25a
B0BJTZMVNQ,store_ef44188d218ef25a
B0BJZ61KGH,store_1606ec0e549ea18d
B0BK54CDH1,store_aa6f7f6120e6166b
B0BKGM8XVS,store_93224df6d726f1a2
B0BKJJXDM4,store_ccd99f6e0946ba14
B0BKLCF1CL,store_2f953129f196006a
B0BKS9DWJ8,store_96ee650ca9bec555
B0BKSYYCXS,store_84c1ebaf3853750c
B0BL2Q5PYZ,store_087c7621a0d45b75
B0BL72NKCF,store_de83bc7bd61259a9
B0BLCBTKR3,store_b532b1a2d0086d34
B0BLFBCDDP,store_f0ab624438349745
B0BLGS62FB,store_aa6f7f6120e6166b
B0BLHC27K9,store_004eeac9759fc830
B0BLHL19ML,store_dbcdec4e56400af9
B0BLP2JW35,store_4fb2b1ad67bb6561
B0BLTPVXJP,store_1606ec0e549ea18d
B0BLTY8TJL,store_be3c493ead7e1a08
B0BLW7Q35M,store_2be8513f6430d9d0
B0BLY8LGGD,store_eff74144008399a6
B0BLZ2LL8T,store_1ae577357556932d
B0BM35X1LF,store_36f0f4f244cca9af
B0BM5KW5HF,store_c4681caa62cb7474
B0BM9L6JD9,store_e1d9e60dd12026c5
B0BMFB4YTC,store_f266b2c8fb2df6da
B0BMGRL3V9,store_48cd2dbd3986eac9
B0BMQV2W2X,store_6238206df0b86ce3
B0BMT51ZGQ,store_22213fc1bb74e18a
B0BMV9DRY6,store_46a808cfd5beafa5
B0BN12F234,store_a796fd41ccec9799
B0BN14T4WQ,store_7421686183f65339
B0BN57K19C,store_9a46c07a958448a4
B0BN5X4N5Y,store_796f547017242bf2
B0BN5ZF4FV,store_796f547017242bf2
B0BNHCS34J,store_6845d32ca5ee6b94
B0BNJVGXFS,store_05bcd0e7ceed08a1
B0BNKHNWDW,store_f16f3a00ff3a8934
B0BNPJMDFV,store_c3795ee0bfa21dda
B0BNPLT1KF,store_6a84d85c6f9a97f0
B0BNQ5D7J2,store_eb884dc6029fa5ac
B0BNWP5NC5,store_eea33b46c6ba1098
B0BNWSR278,store_caf0cdd2f927e86f
B0BNWT2MSC,store_d3e240107f1f8dc5
B0BP2VSDN5,store_78eb2206760eb73f
B0BP7MYK2H,store_6806ef6adb56a5c2
B0BP7PQWT8,store_ab9ccfe9ae41d941
B0BP8DXTD6,store_74e10024284bd4b1
B0BP9KK48V,store_067b01c8c3a00c91
B0BPLX1SWF,store_f5e50cb06daa1878
B0BPM26ZFH,store_6e7e5c1fc7df0624
B0BPSFWMC8,store_a00bf70c4eb5ae47
B0BQJWFWYB,store_89ea245ee492e47a
B0BQQ5L942,store_f20944273a745b8a
B0BQWTXV2Q,store_8a3c97b9cf19f660
B0BR379JSC,store_7cca5f6efe4fbe1a
B0BR38LJLD,store_7ef1c405e5ceb42f
B0BR4GL7Q6,store_a7f5d5cb6f3a71e2
B0BR5HN8C2,store_e56f75cd2cde118c
B0BR8B5BK5,store_df735aced8468845
B0BR96M4Y8,store_42254904d19e45df
B0BRF7WLXF,store_50760c7276c9133c
B0BRPMZZJ3,store_485b8e778540330c
B0BRQD5FH5,store_b6a15f20e791dc6b
B0BRQXY4Y4,store_46a808cfd5beafa5
B0BRT436XR,store_ef44188d218ef25a
B0BRT6CYBM,store_46a808cfd5beafa5
B0BS1R47M7,store_ae4a439d17cecab6
B0BTDT734J,store_f67fd384a0dcb50d
B0BTLKDVRN,store_42b750d9c71e0145
B0BTLTVR1X,store_f110c01183bde4d9
B0BTM57FFG,store_49ab356defacf363
B0BTV2K819,store_7df667aaa0336e0b
B0BV1KNVV4,store_46a808cfd5beafa5
B0BV36JZPN,store_a3b17845b93d48dd
B0BVH4KJ2J,store_bae2c8c5948261fa
B0BVQQ58G8,store_ef94d07e7a08f602
B0BVVX9Y6R,store_95a4c4f68de5941d
B0BWH5TSJ3,store_b02dc1fc8f6d9499
B0BX53H8XD,store_d5d3d83b405fa85b
B0BXHDQ2LZ,store_eb0b997656224dff
B0BXNQZW5C,store_e20e33d0f1a1fcdd
B0BXT9PKCD,store_c29de24d3b682d3f
B0BXV3NHH3,store_8ed689419493e7dc
B0BXXD1FZ4,store_026581da49a0be03
B0BY3TFXWB,store_57d429056286fbc6
B0BY6BT7PH,store_1c34f77b06d6dd89
B0BYB7XYL1,store_9ff5c914f38c26a3
B0BYBJWZWZ,store_18f99ef790b7f998
B0BYDRR4ZR,store_684dfd994c6968ee
B0BYJ8GH5M,store_0704538aa9c7c58b
B0BYRMZ2H7,store_e502bcc56c4fc2ef
B0BYX8SX6S,store_5d5ed5c9eba01c1e
B0BYYPTLHX,store_46a808cfd5beafa5
B0BYZR3DMC,store_7c85929b356f0508
B0BZDJFZWF,store_d30609f554226062
B0BZGLDGM9,store_1b58975ade865e65
B0BZRQP3V6,store_c19771621e705d1f
B0C11XZMGR,store_66c0c9aeb82d0fe7
B0C15M7T9R,store_925c6a8b8b9dd2ae
B0C1T6Y8YM,store_8298aa13d556c9ff
B0C3GHPQ6R,store_70638f0a3ae11134
B0C3LVTX2V,store_7421686183f65339
B0C4LR3NZT,store_39d8de92e86f6941
B0C52PWCV2,store_fe3502b3c3d67252
B0C58XKGCS,store_4e1580c12a0f8af5
B0C5QT6HJC,store_caf0cdd2f927e86f
B0C5V83YMB,store_89dddf16ddb4b3ac
B0C619KBLQ,store_37f985de9ad28a10
B0C66529KC,store_81f8aebca0882795
